state_idx,cos_sim,mean_A,mean_safe_delta,mean_sigma_i,mean_alpha_i,v_unbiased_norm,v_intentional_norm
0,0.9657731361312394,-0.0037616805467925807,-0.16867427114550207,54608.483967773434,1.5248667351000053e-06,28.1826114654541,3.8774920540163293e-05
1,0.9802654554266022,0.00890246991133635,0.3991879706451375,66262.909609375,1.3785210595111758e-06,63.93245315551758,7.932174776215106e-05
2,0.9303476673349247,-0.011381099373982623,-0.5103300553732272,54861.41272363281,1.5259050257962955e-06,34.96342849731445,4.612734119291417e-05
3,0.8928562352422336,0.013266792171415269,0.5948847787886635,57725.103032226565,1.4730251373511322e-06,45.44966506958008,6.374597433023155e-05
4,0.5053331254001812,-0.021252804338859826,-0.9529786586242012,46450.31887548828,1.648794317211253e-06,14.682963371276855,2.80059775832342e-05
5,0.7624621614679696,-0.029857729887547035,-1.338824699278476,40870.0929453125,1.7679116552947027e-06,23.373756408691406,5.616567432298325e-05
6,0.823656453141095,0.03775525708469648,1.6929509009217267,50803.255235839846,1.5767347455005645e-06,41.848106384277344,6.29788773949258e-05
7,0.5799701684782113,0.019202211439687172,0.8610297920520498,39144.763375488285,1.7955846648508347e-06,3.9779114723205566,1.8488994101062417e-05
8,0.5862734224303034,0.03773570802666829,1.6920743184811209,44266.54883154297,1.7155419975066933e-06,14.808676719665527,4.013975558336824e-05
9,0.5951017075455045,-0.0720880390037902,-3.2324375464685917,33652.170173828126,1.9556300259955648e-06,21.56426239013672,0.00011398243077564985
10,0.025335490310461176,-0.034285221289597476,-1.5373540204034721,36918.021784179684,1.8471240520499068e-06,17.006879806518555,4.0560604247730225e-05
11,0.9682269015024222,0.00415405515860145,0.1862684025023745,38756.408342285155,1.8242986136285802e-06,13.018234252929688,2.2306512619252317e-05
12,0.9187520161406834,-0.008157838295427757,-0.3657985869580051,33737.313387695314,1.9524084773282323e-06,11.478157997131348,2.1322586690075696e-05
13,0.9829180249656188,0.006070803561009259,0.27221566350015153,38575.38673193359,1.8193238823007027e-06,28.79206657409668,4.086796616320498e-05
14,0.8843835976234248,-0.007527213917597963,-0.3375213034476541,36759.28455566406,1.8296271966653035e-06,8.078667640686035,1.3721879440709017e-05
15,0.35583890979944516,-0.027187702156438245,-1.219100289967042,30713.141042480467,1.9987776607508986e-06,10.51758861541748,3.687079151859507e-05
16,0.4159612455173091,-0.0274837838878438,-1.2323766353725318,26233.597737304688,2.1950947851668333e-06,8.668122291564941,3.22132145811338e-05
17,0.6560669307666483,0.031179858779105202,1.3981091399346965,29703.42798388672,2.071492383474487e-06,12.071916580200195,3.958628440159373e-05
18,0.8534019199540146,-0.010888715393799474,-0.48825149023511905,27418.05128515625,2.1452646587331353e-06,10.064652442932129,2.015632162510883e-05
19,0.7689147306989441,-0.04772566843068894,-2.140025511826706,55920.04528857422,1.5090822975418562e-06,38.145687103271484,7.346437632804736e-05
20,-0.020935047780992148,0.061640502819780736,2.7639685924510493,37455.53848876953,1.8388691803285983e-06,17.39781379699707,7.504438690375537e-05
21,0.9357948491170553,0.002669929672351956,0.11972001234334151,57691.413186035155,1.4908541276065215e-06,5.639606475830078,7.947871381475125e-06
22,0.8791470238691826,-0.010696419939561354,-0.4796289357186638,49036.34440820313,1.6334254406569175e-06,13.711313247680664,2.40581593971001e-05
23,0.5103766729203285,0.0390382661033818,1.7504812011181043,35947.11545361328,1.8990856179612183e-06,25.441364288330078,5.498186874319799e-05
24,0.9548820946131648,0.010183866262979312,0.4566459586303676,33246.27731152344,1.963334321077124e-06,32.7376823425293,6.245716940611601e-05
25,0.7432859788704137,-0.01690264964630016,-0.7579171261494856,45521.93415527344,1.6856253999713117e-06,17.744346618652344,2.8695665605482645e-05
26,0.5654831498588818,0.014239251763706669,0.6384900001539027,32790.158119628904,1.9691011395292795e-06,6.285888195037842,1.7325583030469716e-05
27,0.6822086607648626,0.013451384807485301,0.6031619378830178,21952.750732421875,2.394163369960855e-06,4.140032768249512,1.552695539430715e-05
28,0.9828322505391435,-0.0022905050719220755,-0.10270656127111988,19646.599163330076,2.5430625818907834e-06,5.062772274017334,1.0760072655102704e-05
29,0.9982036727690313,-0.0004400850852005629,-0.019733475521068546,20039.694708496092,2.529209389120159e-06,7.62135648727417,1.5772977349115536e-05
30,0.9941797289583091,-0.000850189076366437,-0.03812259467759737,26757.961241210938,2.1795442524024847e-06,5.381760597229004,1.0150944035558496e-05
31,0.7256570461358479,0.004518183639097369,0.20259597346087543,27808.34190185547,2.164108054038499e-06,3.0451817512512207,7.056417416606564e-06
32,0.9982657120803033,0.0005036876297362069,0.02258542233289883,33308.72957763672,1.969973696820189e-06,5.831562519073486,1.0339050277252682e-05
33,0.3936801585508943,-0.08935812633607448,-4.006830628804098,34196.427903808595,1.9634196758289158e-06,35.056480407714844,0.00012889670324511826
34,0.9628648158756433,0.008235764014595066,0.36929278688288764,40128.36355126953,1.808611574831702e-06,15.0247220993042,2.40062454395229e-05
35,0.9757258095967941,0.0077038097951654195,0.34543988679503296,40722.68185620117,1.8003229513967997e-06,13.493812561035156,2.1520856535062194e-05
36,0.6155661379710086,-0.03577697482427109,-1.6042444532990416,32822.51794287109,1.9633110328562716e-06,11.036764144897461,3.381804344826378e-05
37,0.6020681534802012,-0.05401787749951758,-2.4221690286345705,41053.506498046874,1.7660340424054376e-06,20.98172378540039,8.220280142268166e-05
38,0.9107482792662073,0.0116540979800869,0.5225713502773465,33677.94305859375,1.956714572447941e-06,10.621576309204102,2.351512921450194e-05
39,0.6534486046863633,0.03518274172799661,1.5775989598399824,28878.025131591796,2.1161828078965096e-06,10.548866271972656,3.4637552744243294e-05
40,0.9400798565647642,-0.010280077113346397,-0.46096006634368586,23976.577141845704,2.3083245802102313e-06,11.125699043273926,2.194391709053889e-05
41,0.9501902755331985,-0.011005254361682044,-0.4934771135232004,29857.887425292967,2.0591213908470005e-06,12.420088768005371,2.3837621483835392e-05
42,0.985798289490907,-0.004519843058296726,-0.20267038204514898,37602.58504296875,1.8489262409944655e-06,12.411779403686523,2.733965084189549e-05
43,0.5474352097567524,-0.015964250749565433,-0.715839191040021,34278.782087402345,1.921590341386142e-06,5.644400596618652,1.4869457118038554e-05
44,0.7854972107599241,-0.006558800161468596,-0.294097497930283,30964.705212646484,2.0732776426264975e-06,4.890615940093994,1.0113953067047987e-05
45,0.44707187222067635,0.03800407099593989,1.7041077507944853,37351.666555664066,1.85427697205426e-06,11.26942253112793,3.846150866593234e-05
46,0.4561371283542677,-0.0590707821663938,-2.6487419662487883,22688.094518554688,2.36155800714996e-06,13.395941734313965,7.98582041170448e-05
47,0.18530204283131982,0.06603047853990132,2.9608157052578936,30914.86275830078,2.0473047253349973e-06,25.7231502532959,8.136230462696403e-05
48,0.6764102720235694,0.03333379379294935,1.4946918810887055,41260.55013574219,1.7563447727209148e-06,4.653957366943359,3.545602157828398e-05
49,0.9337728332733986,0.005977969781139982,0.2680529840906829,22358.844899169922,2.4029810371172372e-06,5.441773414611816,1.3851859876012895e-05
50,0.8603971406481128,0.007185344904197374,0.32219185004371087,20191.304184692384,2.5021608819313244e-06,2.3918797969818115,8.604048161942046e-06
51,0.9839470201411672,-0.0012720436533371592,-0.05703861171168662,19583.31802319336,2.527571541616262e-06,1.9445511102676392,4.234953848936129e-06
52,0.990604378935152,-0.0021036965431471704,-0.09433004124425645,23778.018649658203,2.3365905757448516e-06,4.708805084228516,8.956326382758562e-06
53,0.38083828730555636,-0.03373257641855398,-1.512573348662209,27346.36463769531,2.1582723800512378e-06,5.953218460083008,2.901172592828516e-05
54,0.987189191927402,0.0019885662432770146,0.08916758282286821,31391.17046484375,2.031615615679632e-06,6.935746192932129,1.2273471838852856e-05
55,0.4092964164457586,0.025375596887976398,1.1378452414336557,41472.02955566406,1.7843983957179197e-06,6.424848556518555,2.0488176232902333e-05
56,0.8982481236557033,0.02228156726771195,0.9991085293155341,35057.36871972656,1.926117111501697e-06,21.192689895629883,5.46413502888754e-05
57,0.8526387576563279,0.022855838679556695,1.0248589381096045,23757.712786865235,2.2914941900663793e-06,12.058394432067871,4.6887060307199135e-05
58,0.9029812279601002,0.021906680048770947,0.9822985350509881,21826.309377441405,2.3953014210774037e-06,10.127113342285156,4.8442958359373733e-05
59,0.867803015934696,-0.008330411955894542,-0.3735368135394638,42338.828556152344,1.7439788507301103e-06,12.378026008605957,1.9877097656717524e-05
60,0.9579158708129745,-0.006634682150293653,-0.2975000567065861,33612.04761572266,1.933499392140692e-06,8.943370819091797,1.5300769518944435e-05
61,0.9293314006507547,0.010556586445575562,0.4733587826882866,24811.161313964843,2.2429878265382806e-06,8.989323616027832,2.0032948668813333e-05
62,0.9056591305832891,0.011746831081772113,0.5267295152632467,24031.846747558593,2.2941556075220196e-06,8.542301177978516,1.902376243378967e-05
63,0.7351962269934066,-0.015477173206974133,-0.693998567290622,26775.810174316408,2.1730802178766153e-06,7.180136680603027,1.7131516869994812e-05
64,0.6830859483592271,0.020771658103476292,0.9314039955027092,27561.644547607422,2.1556952095384985e-06,8.523005485534668,2.37670901697129e-05
65,0.7050485681631083,0.01084724418125059,0.48639191538202114,44222.34745166016,1.7144962096132309e-06,3.86683988571167,1.1144432392029557e-05
66,0.8195840235423989,0.028685285294835418,1.2862521230923512,31105.703082519532,2.0409397465148632e-06,7.344327449798584,4.0305159927811474e-05
67,0.9415196867126551,-0.00783062132857051,-0.35112613332869613,29200.498849121093,2.08618774396576e-06,13.619677543640137,2.7249110644333996e-05
68,0.9484623347596248,-0.017460571877629567,-0.7829344354490754,26235.906765625,2.1875321163900488e-06,38.75897216796875,7.4103067163378e-05
69,0.9698690136689924,0.0036308978307068806,0.16280995623630706,44709.697873046876,1.6861458789855527e-06,10.930526733398438,1.630081533221528e-05
70,0.6307436551677632,0.04401007835564385,1.9734179437497004,21604.501763671877,2.399348945593556e-06,13.659977912902832,6.413324445020407e-05
71,0.9945026377548263,0.002261881487983697,0.10142307584530544,28218.443559082032,2.1318354339339853e-06,19.126567840576172,3.567405656212941e-05
72,0.7177018166963863,-0.01375450693175085,-0.616753975469028,29755.412835693358,2.0716073478144153e-06,7.631617069244385,1.710102333163377e-05
73,0.7867872861132261,0.011800742253758592,0.5291468996020557,30492.88512915039,2.0758962336647575e-06,4.987863540649414,1.5549283489235677e-05
74,0.9803041061068305,0.0019127147551538952,0.08576639170221925,31112.457669921874,2.035940067255794e-06,4.194908618927002,7.9186183938873e-06
75,0.6670459786066577,0.009097294177563041,0.40792391743765927,30428.519198730468,2.0537400915657725e-06,3.4144937992095947,9.717530701891519e-06
76,0.5331534462780223,-0.060776177037141436,-2.7252121059271577,38125.714126464845,1.87119022782046e-06,31.048877716064453,7.14396737748757e-05
77,0.7088122640695339,0.016769988572668645,0.7519685854305628,31358.512971679687,1.999947027372425e-06,24.6915283203125,3.385348463780247e-05
78,0.9404892218285652,0.009340405716835044,0.4188250721698789,31011.754658691407,2.054842586846994e-06,15.450592994689941,2.7410804250393994e-05
79,0.710580276125956,-0.019437411810554153,-0.8715762089089958,27840.024796875,2.1528949685182437e-06,10.563831329345703,3.14405515382532e-05
80,0.9314258415204121,-0.013150683534372834,-0.5896784515944182,35908.91985839844,1.8960851797868973e-06,26.93217658996582,4.5288346882443875e-05
81,0.933171652792498,-0.007473430730896258,-0.3351096579865508,35124.31466650391,1.9025270520468103e-06,10.851531982421875,1.7263679183088243e-05
82,0.9732982009764717,-0.00833634699089017,-0.3738029413218891,28491.406160644532,2.116098089858333e-06,14.217367172241211,2.688430504349526e-05
83,0.9678928773328964,0.003413518423786107,0.15306263384454608,23718.911470947267,2.301195125893854e-06,4.916639804840088,1.0669771654647775e-05
84,0.6556906625419675,0.008478349687003187,0.38017036167287627,31894.41614746094,2.0206083909253296e-06,4.802418231964111,9.607132597011514e-06
85,0.9419124137470641,0.005123437672782204,0.22973564726350945,31112.508739257813,2.0167780794787135e-06,8.529485702514648,1.5894931493676268e-05
86,0.7813568759802271,0.00913788145961463,0.4097438567261419,23945.61466748047,2.3111464529970875e-06,8.310009002685547,2.239654895674903e-05
87,-0.12743090645235947,-0.046725753895717766,-2.0951892070698164,30021.443234375,2.083784277314738e-06,13.156317710876465,7.020310295047238e-05
88,0.9169591500125459,0.0403255362332381,1.8082025701232487,33707.32990283203,1.9593273523479977e-06,18.823284149169922,9.106885408982635e-05
89,0.8328656473971742,0.015274100187365256,0.6848927452661949,36297.354137695314,1.8911405528422473e-06,8.902958869934082,2.007044167839922e-05
90,0.8368600000421441,0.004879210574193049,0.21878447069865428,33992.69773388672,1.9544236610138846e-06,4.252070903778076,8.07226388133131e-06
91,0.8293096416327359,-0.012402214150019198,-0.5561169818443571,22429.750446777343,2.35684337454417e-06,8.808097839355469,1.7432530512451194e-05
92,0.8333846005237836,0.02518478045011394,1.129289006214141,16300.946669189452,2.7647126186361126e-06,8.59508228302002,3.496799399727024e-05
93,0.9324465433737507,0.009822039625244515,0.4404216026166751,19154.25086303711,2.5665554960998326e-06,6.199721336364746,2.0140294509474188e-05
94,0.8340267333634455,0.008103821272190259,0.36337645623459663,26793.851290039063,2.1650506348796828e-06,2.739731550216675,1.1710505532391835e-05
95,0.9729676469036971,-0.0036956990926611012,-0.1657156537014352,28152.230080566405,2.158684703912419e-06,9.535317420959473,1.7999363990384154e-05
96,0.8957541772340096,-0.01764465727132256,-0.7911888497257403,28200.577337402345,2.143957693590453e-06,18.68009376525879,4.051099676871672e-05
97,0.9570733507225814,0.007095129952028762,0.31814659922717314,28979.042790527343,2.119986309668892e-06,20.65984344482422,3.2739859307184815e-05
98,0.14783202492183137,-0.04066571273305966,-1.8234561309863992,39386.484958007815,1.8108748647715703e-06,22.813268661499023,4.151886241743341e-05
99,0.9946130893870854,0.007397562395632832,0.33170771143782213,39187.150416015626,1.828698094173408e-06,33.059688568115234,4.827544034924358e-05
100,0.9890054862889816,0.0036178793256951666,0.16222620468777985,30223.60239501953,2.0802187027609997e-06,22.162294387817383,3.9003582060104236e-05
101,0.8859696443403882,0.018065108835977627,0.8100419554953544,38111.200287597654,1.8679634489912879e-06,13.681645393371582,3.053420368814841e-05
102,-0.01889804499075773,-0.017045910367240513,-0.7643409565061056,35078.46735644531,1.9262990551770512e-06,3.9253268241882324,1.26070408441592e-05
103,0.9961293602060964,0.0009056493267521089,0.04060943990408174,23306.00796508789,2.3547251872000405e-06,5.549659729003906,1.1786106369982008e-05
104,0.9859863554809462,0.0029689343912036254,0.13312742490642432,19633.890249267577,2.539053985038102e-06,5.95073938369751,1.4108189134276472e-05
105,0.739909955980355,0.01690273360853654,0.7579208910276694,27646.42973828125,2.131448880807453e-06,4.626355171203613,1.9177814465365373e-05
106,0.9244165725656006,0.007785532740716732,0.3491043548712721,27667.7501640625,2.140725908278997e-06,12.72514820098877,2.2537496988661587e-05
107,0.9825926561522436,-0.005974472849745064,-0.2678961812077836,34857.59994287109,1.9095337689836528e-06,19.000381469726562,3.288192237960175e-05
108,0.5787724343031905,0.016338986795008014,0.7326424066641841,34307.41547607422,1.9260948295040204e-06,12.052790641784668,2.8052905690856278e-05
109,0.5141638104483506,-0.029080549927805507,-1.3039758433940847,46516.98676660156,1.711596010733892e-06,10.112569808959961,2.7790672902483493e-05
110,0.9957205165645462,0.0037222244169899626,0.16690505287885435,37941.014343505856,1.8617847543088838e-06,40.56895065307617,5.6476168538210914e-05
111,0.8620592936166962,0.022452602731971992,1.006777782968318,41962.45421069336,1.7653427112670982e-06,29.18506622314453,4.250416895956732e-05
112,0.8115497955121764,-0.032200826317494415,-1.4438894642495443,32951.172062988284,1.9740663720488406e-06,22.360769271850586,3.983108399552293e-05
113,0.9819096118179981,-0.008180475451836693,-0.3668136401531361,30119.63398364258,2.0670682822492958e-06,24.788162231445312,4.158158117206767e-05
114,0.7651854155469333,0.029433952924185484,1.3198224821752156,26901.25808911133,2.192310910770634e-06,16.826900482177734,4.436214658198878e-05
115,0.8678446359832216,0.007673683559066318,0.3440890222404375,29009.649793457033,2.095920133077827e-06,5.861161231994629,1.3719159142056014e-05
116,0.9877357982867645,0.002902536500349993,0.1301501343826757,29162.412600585936,2.059447775899302e-06,9.522363662719727,1.7161468349513598e-05
117,0.9739771334117355,-0.007487102515864738,-0.33572270269785215,32824.303931152346,1.990226843370794e-06,16.118358612060547,3.0877945391694084e-05
118,0.5568231141277847,0.039211345371772864,1.7582420992281669,46388.963211425784,1.6708374558823061e-06,9.762660026550293,4.9337777454638854e-05
119,0.6834989376749709,-0.08074101125614801,-3.620438007898839,30757.55184277344,2.071912147961565e-06,17.82085418701172,0.0001139924133894965
120,0.9864065020516,-0.015890635524635884,-0.7125382742673856,34529.97843847656,1.9292158433822876e-06,42.545143127441406,6.804386794101447e-05
121,0.9883455160432304,-0.003415559936638157,-0.1531541755605611,34838.92821337891,1.917333684868486e-06,10.804444313049316,1.6723202861612663e-05
122,0.7998018715010825,0.021581286254426978,0.9677078327269862,31529.418856933593,1.9946272156306157e-06,12.862824440002441,2.7744319595512934e-05
123,0.9204591286079493,0.02106243274722273,0.9444423703703846,17284.64435986328,2.6885044660562007e-06,21.070934295654297,4.7451467253267765e-05
124,0.9903184342368042,0.0026603993566295184,0.11929267168049884,22030.185936279297,2.3837776589337725e-06,6.640135765075684,1.4655508493888192e-05
125,0.9611001929051388,-0.023346657008585146,-1.0468672992354096,23715.141049316408,2.309416035582058e-06,26.70836067199707,5.1948194595752284e-05
126,0.40095163918604654,-0.05850437175835241,-2.623344045942379,23275.330148925783,2.3261826081833033e-06,7.834872722625732,5.544992018258199e-05
127,0.5937329932030209,0.01226992306299698,0.5501850313756909,27494.771193359375,2.130005139793647e-06,2.3895463943481445,1.1534229997778311e-05
128,0.9290225735225252,-0.004318574354971205,-0.19364546581009565,29193.21540966797,2.119367642540919e-06,6.35960054397583,1.0705572094593663e-05
129,0.815896497498079,0.011069954390036116,0.4963782716598267,44428.29506591797,1.7089462738890133e-06,7.96453332901001,1.4810342690907419e-05
130,0.7534276351184032,-0.027849852909410448,-1.2487912204585383,40271.28207470703,1.8086520316010257e-06,22.326005935668945,3.390682104509324e-05
131,0.9970579787385485,0.0018346845119992787,0.08226750490742386,38702.16766796875,1.7965618470623364e-06,11.911358833312988,1.7573649529367685e-05
132,0.8516928727061502,-0.01093415953779623,-0.4902892118787126,39304.00929541016,1.7942580984359718e-06,9.756120681762695,1.562105717312079e-05
133,0.9552230959556408,-0.10374647953108374,-4.65200635756756,42309.166985839845,1.7368085481444506e-06,293.5838623046875,0.00040010586963035166
134,0.9097986214616457,-0.022387072770746932,-1.003839410528039,21985.602803222657,2.394387705925583e-06,22.185707092285156,5.273777787806466e-05
135,-0.26960323577515355,0.2694166525812137,12.080679617344167,18685.058360595704,2.5943901148994956e-06,47.17270278930664,0.00020503878477029502
136,0.9728003944363056,0.004325083189749329,0.19393732285339052,14346.697508544921,2.956734970700121e-06,5.740207672119141,1.5563355191261508e-05
137,0.716690690839563,0.01070317980894048,0.47993204918786453,20152.12537109375,2.503083191582891e-06,2.739070177078247,1.2430860806489363e-05
138,0.7717128542973747,0.009847706475093152,0.4415725076807724,22174.21576611328,2.412142586344146e-06,3.008629560470581,1.3608195331471507e-05
139,0.14832403470693747,0.024601825374995293,1.103149220769029,24091.078611572266,2.29537532964719e-06,5.901199817657471,2.239002424175851e-05
140,0.44049215410918335,0.018156809864003507,0.8141538421569549,29376.92325024414,2.1161339986491765e-06,8.081801414489746,1.998062180064153e-05
141,0.9055343738840209,-0.00897046824331514,-0.4022370251682313,28730.786933105468,2.119347528020779e-06,11.405625343322754,1.90693317563273e-05
142,0.8368384233488945,0.008042357256894143,0.36062040136688905,32216.05470361328,2.023149786579555e-06,4.891497611999512,1.161102863989072e-05
143,0.9015114596155768,-0.01813782640882964,-0.8133026214258362,39993.557517822264,1.8264018302809658e-06,21.830196380615234,3.5001776268472895e-05
144,0.996230943723236,-0.003841226182746473,-0.17224110836105683,24772.80990136719,2.3033593099257836e-06,26.790184020996094,5.066656376584433e-05
145,0.76638638152831,-0.04822289163796218,-2.1623210685706074,27263.379526855468,2.177630401451492e-06,46.80146789550781,8.241821342380717e-05
146,0.5920682660439194,0.030736908505662443,1.378247188980258,38115.366395507815,1.8570773208920022e-06,11.457497596740723,3.737362567335367e-05
147,0.8485366581633024,0.013864553174255062,0.6216884640615071,24034.631139404297,2.322239590075434e-06,10.368300437927246,2.3651551600778475e-05
148,0.6116671152448914,-0.022225504010130265,-0.9965946451637563,19563.23697143555,2.526597284551635e-06,6.0091166496276855,2.2172071112436242e-05
149,0.8469906619539508,-0.013244504527334593,-0.593885397774222,19043.478336914064,2.58497974806554e-06,9.072502136230469,1.7827231204137206e-05
150,0.9165766304150982,-0.006748207361876883,-0.30259054274925856,26476.675295166016,2.214520725877252e-06,8.024432182312012,1.4023844414623454e-05
151,-0.05020608728474127,0.02184805207641849,0.9796696487374702,28877.6531875,2.086428014160473e-06,4.054194927215576,1.7052780094672926e-05
152,0.3810943441537318,-0.03329526097107845,-1.492964064076228,28147.18074658203,2.1223286308634513e-06,8.922499656677246,2.7786709324573167e-05
153,0.8846902289767661,0.04238987569963276,1.9007678346531967,29641.592147949217,2.0851187169059795e-06,22.122968673706055,8.642834291094914e-05
154,0.30867041870412887,-0.07375471143593146,-3.3071713666940834,32284.253888183594,2.014823899787414e-06,29.724151611328125,8.101500134216622e-05
155,0.9977010867682268,0.0006083092067681801,0.027276668182312558,39869.97474804687,1.8012032984299686e-06,11.96772289276123,1.9293196601211093e-05
156,0.8792077976736599,0.008920239479140755,0.3999847605002819,32419.842841796875,1.977770464568413e-06,6.355762481689453,1.3243155080999713e-05
157,0.9944023888493388,-0.007932101438264411,-0.35567651535222516,44663.619088867184,1.699009526485941e-06,68.3394546508789,9.787059389054775e-05
158,0.3293949240642942,-0.06663183832749126,-2.98778076053204,29370.148903076173,2.0816420161548593e-06,21.424623489379883,5.9021487686550245e-05
159,0.4987961636619293,0.0520783101767453,2.3351985641209914,21381.46258569336,2.434508064512791e-06,9.897541999816895,6.083708649384789e-05
160,0.8326614950394571,-0.02094865028192785,-0.9393403490360325,18020.61346826172,2.6126580533840606e-06,7.812328338623047,2.7918895284528844e-05
161,0.4139828859531819,-0.035588256938121274,-1.5957823174258663,21547.885145019533,2.4458726550686314e-06,7.192736625671387,3.4535176382632926e-05
162,0.37554593711546186,-0.02908978176384514,-1.3043898001870524,25304.25164550781,2.2478078508489144e-06,7.900628089904785,2.8272783310967498e-05
163,0.938347227988857,0.008042687712640302,0.36063521904782603,29191.02708544922,2.099048645995444e-06,9.855301856994629,1.8903170712292194e-05
164,0.9107002876055875,-0.016045964621719727,-0.7195032522638946,37609.35882910156,1.8538583728685488e-06,18.750633239746094,2.7997635697829537e-05
165,0.8933288779728424,0.01208010053469116,0.5416733631968815,40744.70712646484,1.8097409532249711e-06,10.778364181518555,1.9012468328583054e-05
166,0.8893244230945925,-0.020346175217425863,-0.9123252845923332,43882.89442871094,1.7239827609939253e-06,16.00208282470703,2.5135825126199052e-05
167,0.5623643015797292,0.03605081656989091,1.6165235546945655,41546.418091308595,1.760685129974229e-06,13.953836441040039,2.583208515716251e-05
168,0.8118393374610254,0.03243508073804948,1.4543934645648897,37705.14524267578,1.8428663571164859e-06,23.18126678466797,4.25838770752307e-05
169,0.5093208212493711,-0.08834222024995318,-3.9612772607024658,40427.37781494141,1.765006316138664e-06,28.248510360717773,0.00010058082261821255
170,0.8831945149770395,-0.05740992856194142,-2.5742690630541643,39834.5771171875,1.7775386413864806e-06,49.829994201660156,0.00014403076784219593
171,0.816238105677003,0.014741902676688269,0.6610289359654735,41598.368073242185,1.7930423593202969e-06,4.242304801940918,1.6811460227472708e-05
172,0.7305260120555461,-0.006842076100300163,-0.30679962984209924,25205.989427978515,2.2572763583588607e-06,4.076711654663086,8.60495856613852e-06
173,0.782455267251454,0.020506850140196677,0.9195299701451338,25076.580916625975,2.2639902370648195e-06,7.425972938537598,2.6495948986848816e-05
174,0.9436578878277319,-0.012778566465590967,-0.572992671242575,29020.349298339843,2.0844317603596565e-06,19.652971267700195,3.720049426192418e-05
175,0.8786514959700313,0.018002417076254617,0.8072308483993187,48194.76018408203,1.6086208008539303e-06,17.20783233642578,3.581806959118694e-05
176,0.9942386064903127,0.00212507296464147,0.09528856291306866,59508.829239257815,1.4776010919482713e-06,29.74111557006836,3.764119901461527e-05
177,0.8118464630912867,0.016449178453354703,0.7375834157229648,37694.436116210934,1.8578257122792976e-06,20.673816680908203,3.629736602306366e-05
178,-0.5911074963462043,-0.10798944337698155,-4.842261437790616,21927.047599609374,2.396777517370702e-06,11.835772514343262,0.00014085926522966474
179,0.6102161444693281,0.0314863147776588,1.4118506689005919,42849.84917724609,1.730702989975293e-06,11.596756935119629,3.0597966542700306e-05
180,0.38750745067433107,-0.04568681268168032,-2.0486029406761395,45334.73832226563,1.6781941630555812e-06,15.899234771728516,4.9388600018573925e-05
181,0.6290982603448958,0.034571839783848715,1.5502060329583054,33658.27349365234,1.938896659085383e-06,11.809684753417969,2.8742990252794698e-05
182,0.9673755351762833,-0.015488223676647254,-0.6944940718649057,21780.89307836914,2.389117077141932e-06,18.183027267456055,3.963778726756573e-05
183,0.9876257586101852,-0.0024682951081874227,-0.11067869085813645,28968.27932055664,2.1084152877616953e-06,8.209867477416992,1.538750802865252e-05
184,0.9608994784633286,0.008239857235841239,0.3694763274844213,35808.59945532226,1.8857308667840215e-06,13.140192985534668,2.2801039449404925e-05
185,0.15271345726931057,-0.08845347441411694,-3.9662659126676694,33579.278943847654,1.9690093804621783e-06,19.945392608642578,7.388913218164816e-05
186,0.9952935435884781,-0.0019944191280854185,-0.08943002697964221,35671.1671015625,1.9184524197477745e-06,13.197183609008789,2.1420599296106957e-05
187,0.6800204874158101,0.029539985151409372,1.3245769817725228,44651.63704931641,1.7383684993958989e-06,8.560038566589355,3.589611515053548e-05
188,0.8915545870065287,-0.0071029040977751996,-0.3184951929876606,29641.287057128906,2.072248408007794e-06,10.547904014587402,1.6713631339371204e-05
189,0.4034220808844379,0.04675642857412857,2.096564663852816,27773.29788647461,2.1445049763410907e-06,11.222237586975098,6.06804242124781e-05
190,0.46009369683327545,-0.024285567222531945,-1.0889681618787244,47854.495250976564,1.6266328925772363e-06,9.264110565185547,2.6027855710708536e-05
191,0.992666936545752,0.0021432450092662755,0.09610339988398743,32990.07816503906,1.9604283340395513e-06,8.296026229858398,1.4796934920013882e-05
192,0.7740887277319112,0.022361271035874365,1.0026824572009865,23495.021109375,2.3237978322983698e-06,6.717568874359131,2.6625964892446063e-05
193,0.9025308736689371,0.005431008240867001,0.24352715367990263,23067.822634765624,2.370347788508002e-06,4.021630764007568,9.296895768784452e-06
194,0.753099197312928,0.006968517213288034,0.31246926667349906,25686.08897558594,2.2050955732341667e-06,2.892146110534668,7.68552581575932e-06
195,0.994669435775713,0.0007655850414532246,0.03432893815960235,32877.19892529297,1.9873255061834525e-06,4.290106773376465,7.119334895833163e-06
196,0.5261165394440652,-0.013995495439474957,-0.627559933175741,35060.9591586914,1.9483365553029504e-06,7.468897819519043,1.4056130567041691e-05
197,0.9687258823993309,-0.009200234067673283,-0.41253975621507705,43412.62740039062,1.76261166492982e-06,24.784828186035156,3.2835905585670844e-05
198,0.6089650504828834,-0.043549302389502074,-1.952756686292153,32447.50642236328,1.968566662765979e-06,13.498394012451172,5.300490010995418e-05
199,0.5037039403393007,0.02189882282929514,0.9819462162530928,27527.119131835938,2.164642069929882e-06,7.912027835845947,2.5769961212063208e-05
200,0.9936786916962933,0.0016737308830167192,0.07505032212990033,29876.96178515625,2.066722641174206e-06,10.52285099029541,1.8473967429599725e-05
201,0.9329777119119298,-0.012151710825631445,-0.5448843784547212,37162.28123095703,1.8478385311932745e-06,25.721481323242188,3.85344355890993e-05
202,0.4021417754160105,-0.06318365486004106,-2.8331637413797752,24925.772123779298,2.2430333078715865e-06,35.23491668701172,7.261127029778436e-05
203,0.8898356073840112,0.007117458701050291,0.3191478233927946,24375.691205566407,2.287733077317955e-06,6.786096096038818,1.4539184121531434e-05
204,0.9892999957697306,0.0019056702887854508,0.08545051686502195,22826.01645654297,2.3697834260412365e-06,6.809131145477295,1.4065540199226234e-05
205,0.9883979654351611,-0.005525912589522345,-0.24778267767744888,24438.292784179688,2.2926928946666335e-06,13.504598617553711,2.6846617402043194e-05
206,0.8062372690598909,-0.009903474888508115,-0.44407317097971477,30624.426489257814,2.03802663840655e-06,7.690507888793945,1.6750665963627398e-05
207,0.6191962127050877,-0.03565164175556339,-1.5986245013249896,40718.445904785156,1.7933108642885768e-06,12.492461204528809,3.6325127439340577e-05
208,0.5892812698939205,0.030984186970282126,1.3893351892160222,28439.783887939455,2.1434842282217675e-06,13.29216480255127,4.0629114664625376e-05
209,0.7566706210245433,-0.022801362858063487,-1.0224162348095451,33567.54312158203,1.971664878999756e-06,15.80891227722168,3.0962168239057064e-05
210,0.8470143593746333,-0.017512941899668122,-0.7852827144130504,46507.060130859376,1.6837714518110912e-06,12.495782852172852,2.932245479314588e-05
211,0.7208858117869971,-0.037971667720305476,-1.702654783475126,46649.358747558595,1.6946267467053384e-06,25.31284523010254,6.0661157476715744e-05
212,0.5392919061397862,0.03606283773062698,1.617062585189116,34155.78532861328,1.9135616536706077e-06,11.498762130737305,4.07548614020925e-05
213,0.5862845798289511,-0.017126947886651395,-0.7679746899802904,31118.046106445312,2.036502380887832e-06,8.879926681518555,2.0939341993653215e-05
214,0.3429544671423934,0.07018297981636624,3.147014431472352,21116.796852050782,2.424371023275413e-06,16.053735733032227,6.399794801836833e-05
215,0.9077879626250714,-0.0060028022171336294,-0.26916647392319065,20361.26821777344,2.4754647084669614e-06,5.306015968322754,1.1941056982323062e-05
216,0.4091614719727811,-0.017343310903210372,-0.7776764372889622,22906.107361816405,2.358952862204575e-06,4.766353130340576,1.2518609764811117e-05
217,0.7100236785769695,0.020865337144522343,0.9356045765391626,21790.981036376954,2.373457168001439e-06,7.844560146331787,2.104641498590354e-05
218,0.9722555178924874,0.005945235269397865,0.2665851640988675,30946.736625,2.0168426720745233e-06,10.424654960632324,2.0557698007905856e-05
219,0.9133772453374163,-0.005959010107221864,-0.2672028297143306,36672.409634521486,1.8857691456878225e-06,7.486902236938477,1.0897245374508202e-05
220,0.9861860483076734,0.004622350275042104,0.20726681968960114,31090.705997558594,2.052517218093206e-06,13.523979187011719,2.5704364816192538e-05
221,0.7202508156044678,0.02714970878313458,1.217396661902235,43357.484162597655,1.7256919352575723e-06,15.530935287475586,3.3691881981212646e-05
222,0.4318780139487922,-0.04549671213100563,-2.0400788059362154,34829.52589404297,1.9331615155651745e-06,24.09998893737793,4.155902934144251e-05
223,0.9221002322147949,-0.015496759880435494,-0.6948768364124053,37358.921759765624,1.8542733927912846e-06,15.500855445861816,2.3994365619728342e-05
224,0.9948897272748951,0.003770343278463116,0.16906270922058067,32123.236157958985,1.9667041028835824e-06,34.1403923034668,5.394828622229397e-05
225,0.7389212019410135,-0.04913414742497013,-2.2031819029207607,34154.20130078125,1.926732266502035e-06,29.96686363220215,6.560997280757874e-05
226,0.7533231032364762,0.05292804802797451,2.3733009258016082,21177.24205957031,2.419529837015448e-06,35.47275924682617,7.901973003754392e-05
227,0.8920913601503622,0.010202600690102844,0.4574860129095873,16856.68225,2.737456023063723e-06,7.291471004486084,1.9332312149344943e-05
228,0.9227093460346505,-0.008815953978599148,-0.39530858436674554,18002.770880615233,2.624801322387413e-06,7.044987678527832,1.4942525012884289e-05
229,0.766792392521644,-0.01173017421797536,-0.5259826192082687,21978.46910058594,2.4051298655728732e-06,5.382309436798096,1.5873873053351417e-05
230,0.9981816167009572,-0.0006235464348237456,-0.02795990757613662,21411.590951416016,2.429919655023112e-06,5.0345587730407715,1.0324677532480564e-05
231,0.8648450053514913,-0.006653929418748847,-0.2983631068613872,24076.888833251953,2.2763430369603634e-06,4.891557216644287,9.829602277022786e-06
232,0.5072934476646532,0.03745279860487034,1.6793886212433127,24554.9825625,2.2994561006487368e-06,12.80154800415039,4.5004217099631205e-05
233,0.7614826535253588,-0.00676315541138184,-0.3032608153372499,27163.563576171877,2.170843795671768e-06,4.6333441734313965,7.747313247818965e-06
234,0.9274050879590857,-0.005434157301490771,-0.24366835798975828,32290.659591064454,2.0150690756826367e-06,7.000550270080566,8.572400474804454e-06
235,0.6564710363351985,0.04814586092326,2.1588670007685744,37667.14952001953,1.8387431320616319e-06,16.742197036743164,6.64804974803701e-05
236,0.9486457402987939,0.013857457269627787,0.6213702827257359,30638.229400390625,2.040740948516534e-06,23.053573608398438,4.255906242178753e-05
237,0.458999726562749,-0.04534313224839302,-2.033192262956275,31869.319588867187,2.0002706303991818e-06,36.92273712158203,5.9438112657517195e-05
238,0.19515215616707157,-0.02667953910024859,-1.1963141888987452,36101.24344824219,1.8901474729138926e-06,12.478423118591309,2.5795105102588423e-05
239,0.6529702945150994,-0.0055191131880031104,-0.24747779158166908,23361.81498461914,2.3544764363307453e-06,3.2015819549560547,4.9723003030521795e-06
240,0.6217847583185085,-0.05195801668977512,-2.3298045876825753,18759.55535913086,2.5955953341732335e-06,10.287013053894043,5.9149268054170534e-05
241,0.8625017280106997,0.01528313495862306,0.6852978656473436,21704.437393798828,2.385013562903806e-06,7.283245086669922,1.819249700929504e-05
242,0.8509428515399843,-0.024218086138710234,-1.0859423008338676,27500.44778491211,2.1812517425645147e-06,15.545549392700195,3.157680475851521e-05
243,0.997096495154059,-0.007088685893195505,-0.3178576467461217,34467.94911962891,1.9037863558945765e-06,41.30768585205078,7.054829620756209e-05
244,0.7769472795593423,0.03022711982247106,1.3553881945744604,26195.59675073242,2.2044234766637368e-06,10.407334327697754,3.947958248318173e-05
245,0.9502347979430026,0.007005245658426593,0.3141161751860617,24786.871030517577,2.2548469726913937e-06,6.831408500671387,1.6455433069495484e-05
246,0.9361308538656593,0.006363469840411045,0.28533885956980554,28750.07807080078,2.118554498797441e-06,6.87282133102417,1.5842544598854147e-05
247,0.9130258178527283,-0.027722466363796463,-1.24307919029864,30591.458624511717,2.042092526228713e-06,34.54951477050781,4.942910891259089e-05
248,0.8837673646591239,-0.01648699187936715,-0.7392789749265773,27951.692319335936,2.1474622068108097e-06,19.30548667907715,3.162860593874939e-05
249,0.7312940420110199,0.009671907562587425,0.4336896603559619,28091.00816064453,2.14944356657693e-06,7.536816120147705,1.9768780475715175e-05
250,0.7738696567166423,-0.0364660358799388,-1.6351420454506673,22962.72802001953,2.3448394549089876e-06,37.43345260620117,8.221582538681105e-05
251,0.7875172850189136,0.011590289452072274,0.5197101671380948,41112.26884228516,1.7610339615798976e-06,9.26513385772705,1.9000637621502392e-05
252,0.7951236258673484,-0.008935207255247744,-0.40065591763181146,32375.122976074217,1.965587247783614e-06,7.111231803894043,1.3297478290041909e-05
253,0.9186656622535566,0.008788494043034127,0.3940772770934361,30166.948892333985,2.05091711836575e-06,8.1639986038208,1.6758391211624257e-05
254,0.999217112377054,0.0006923958934043513,0.031047126732677725,28114.39608325195,2.1363237373812044e-06,14.652023315429688,2.7569016310735606e-05
255,0.9960309361527123,-0.0024082233385609247,-0.1079850644770208,30481.858438476564,2.05320430699506e-06,10.890484809875488,1.931535553012509e-05
256,0.8905150708005128,0.008294601680495992,0.37193107588385116,33756.184818359376,1.955455620747012e-06,9.385575294494629,1.6818328731460497e-05
257,0.9905400467938833,-0.0029228906827180197,-0.13106281870899814,34236.82967382813,1.921469042017397e-06,10.874074935913086,1.8253735106554814e-05
258,0.6631823583862991,0.02721107280099148,1.2201482328710664,38361.57799023438,1.8465295265262776e-06,11.754545211791992,3.577048846636899e-05
259,0.523019677104121,-0.013228229387699355,-0.5931556182829503,32159.39391503906,2.0168068589748316e-06,6.452188968658447,1.8590451873023994e-05
260,0.9081250496206256,-0.02010145531580452,-0.9013520106719907,29676.603149902345,2.08533620749689e-06,23.758312225341797,5.747337854700163e-05
261,0.7884208341379736,-0.013461738069325943,-0.6036261795625613,40257.574672363284,1.7899949970845171e-06,10.958585739135742,2.0060480892425403e-05
262,0.9941958638031506,0.0014067343810607218,0.06307816239820108,47511.65355126953,1.6288856392286899e-06,10.844034194946289,1.467960282752756e-05
263,0.8915206806934033,0.011947566275429023,0.5357305088516577,29575.666686767578,2.08509959553201e-06,13.129948616027832,2.791366568999365e-05
264,0.634772123435883,-0.04451790427356545,-1.9961889274918627,29000.041230224608,2.103748370235174e-06,16.462114334106445,4.6013858082005754e-05
265,0.5340595374685492,-0.11148925705293186,-4.999193562566423,43510.54245654297,1.7056335724429991e-06,29.539081573486328,0.00010063150693895295
266,0.9634199940901249,-0.006370658422802405,-0.2856611965892172,25214.44507495117,2.230182313670253e-06,8.356178283691406,1.5930138033581898e-05
267,0.9414018378603446,-0.010537489671410312,-0.4725024807180674,30767.149107177735,2.0392661816418597e-06,12.929948806762695,2.315369238203857e-05
268,0.967281651816831,0.02451106589625043,1.0990795533062008,36092.21198925781,1.908990863104747e-06,64.49850463867188,0.00010541907977312803
269,0.11277146079779721,0.11053817838684599,4.956547064861863,28756.700392822266,2.1405915680536475e-06,17.797603607177734,9.753950871527195e-05
270,0.5847432677297597,0.019685647966616072,0.8827071521602528,48879.51315332031,1.6446902016652642e-06,15.068852424621582,2.7048688934883103e-05
271,0.6910653550718572,-0.03071534998957334,-1.3772805021648646,37886.97644091797,1.8671827494967002e-06,24.738567352294922,5.8325735153630376e-05
272,0.851471870433251,0.028603185129946234,1.282570740449315,32620.79185546875,1.9633597534752297e-06,22.88389778137207,5.830511508975178e-05
273,0.617275989750282,0.020985028997519615,0.9409715756277969,45047.794081054686,1.6788196883341945e-06,8.554056167602539,2.4064240278676152e-05
274,0.820160018246858,0.020638288471627284,0.925423682936227,27977.097350341795,2.1259078667187708e-06,11.967962265014648,3.318528615636751e-05
275,0.9791789315427608,0.005998148100900656,0.2689577827135949,28364.808534179687,2.117089333636116e-06,12.489140510559082,2.217950896010734e-05
276,0.8926436597489248,0.011885540058372314,0.5329492447799721,24843.40860498047,2.252381942530584e-06,10.321022987365723,2.2511256247526035e-05
277,0.497285590890785,-0.030565931295341454,-1.3705805474420838,30573.714634765623,2.0489882086013927e-06,10.274962425231934,2.6193796657025814e-05
278,0.9392095652055379,-0.008237624873955381,-0.3693762280715801,38433.51085986328,1.8308491982442405e-06,11.47989273071289,1.7296071746386588e-05
279,0.8234768768435309,0.017366920505601315,0.7787350950951714,40442.20054296875,1.7783361884875915e-06,17.281415939331055,2.934049734903965e-05
280,0.2806480414508106,-0.028013808212779573,-1.2561429987268464,37426.25034765625,1.8672995040145184e-06,16.89334487915039,2.552035584812984e-05
281,0.99882106643063,-0.0001911471628124697,-0.00857106497158961,42330.06817382813,1.7823736732472483e-06,3.001546621322632,4.9145519369631074e-06
282,0.47110087052666644,0.018979216021006926,0.8510306469234853,35724.260083007815,1.909013334141418e-06,5.14354944229126,2.495690387149807e-05
283,0.012728068907374556,-0.03977099048862253,-1.7833366629505554,26957.68055957031,2.175087497944332e-06,12.65616226196289,3.8970047171460465e-05
284,0.4516084266891686,0.06906043725203813,3.096679469076544,43189.69439599609,1.6968207399239905e-06,13.956476211547852,8.736470044823363e-05
285,0.9770901034211842,0.0044317524151723815,0.19872038553723007,37037.87077441406,1.8533818689161616e-06,9.787245750427246,1.6870508261490613e-05
286,0.541493655365449,-0.02825749615521963,-1.2670699994561003,27757.728449707032,2.1457352954160044e-06,14.283452987670898,2.6914713089354336e-05
287,0.5131586283667702,-0.023187241175507002,-1.0397190714369495,26436.756720947265,2.1885503878425515e-06,8.222235679626465,2.1570140233961865e-05
288,0.9962402209662213,0.0004553434558552842,0.020417662951935717,26251.101224121092,2.198286776271662e-06,7.767876148223877,1.5059624274726957e-05
289,0.7729029472622148,-0.009895472038368514,-0.4437143220829007,27769.036068359375,2.1368547176440464e-06,6.700275421142578,1.4452903997153044e-05
290,0.7937429398591537,-0.016997508245824577,-0.7621705987497326,31307.23430859375,2.0111267481653486e-06,9.492634773254395,2.2245574655244127e-05
291,0.9524643100127584,0.007720355804182889,0.34618181210651866,33298.67267871094,1.9633527280310604e-06,10.162339210510254,1.9250397599535063e-05
292,0.8999897535976649,-0.00983551147788906,-0.44102568233517636,37436.72520800781,1.8830315818151145e-06,10.111777305603027,1.5656860341550782e-05
293,0.7638350171272162,-0.056979736896110536,-2.554979209813233,33894.421786132814,1.9733668702175192e-06,32.22797393798828,6.728405423928052e-05
294,0.879929464201646,-0.023884994638329375,-1.0710064323164283,34769.18295605469,1.925528023112206e-06,31.288000106811523,4.911547512165271e-05
295,0.477530953146943,0.02471656646343183,1.1082942268964033,39356.170869140624,1.808421641485536e-06,8.917549133300781,2.9745982828899287e-05
296,0.9916064346884318,0.002124866361956043,0.0952792988203453,53068.97236865234,1.5544502195004413e-06,13.65866470336914,1.764012085914146e-05
297,0.9232412665531823,0.012315047599137463,0.5522084217592165,29559.124330322265,2.0659504477303767e-06,12.301996231079102,2.434766065562144e-05
298,0.8240799236112064,-0.02759020728439539,-1.2371486750560912,26272.416692871095,2.209393869373515e-06,14.86911392211914,3.699126318679191e-05
299,0.9804176115598585,0.003986510800055256,0.17875569050815254,33717.22168945312,1.9297275149924477e-06,9.23310375213623,1.5567668015137315e-05
300,0.9889356092113478,-0.016041570906271316,-0.7193062374611588,32629.680109863282,1.9918635262520914e-06,55.00684356689453,9.75090661086142e-05
301,-0.09084361495548358,-0.056707283568496365,-2.5427623652713245,36600.77963427734,1.8902964599864968e-06,19.72953224182129,5.688246528734453e-05
302,0.3737115364049039,0.03931329107928063,1.762813358721466,40755.10328027344,1.8106306408131638e-06,9.201610565185547,3.334027132950723e-05
303,0.9956130556669566,-0.0020287575327673484,-0.0909697657506451,31625.310400878905,2.0282118609944617e-06,9.910168647766113,1.8074031686410308e-05
304,0.9055837305979074,0.014371853308025812,0.644435871570302,30308.83464013672,2.067409033437796e-06,18.37947654724121,4.013040233985521e-05
305,0.6917802099450273,0.029927922064691616,1.3419721261194058,37068.803672851565,1.849067810559784e-06,15.337724685668945,4.733440437121317e-05
306,0.3469591105026813,-0.04069262790983091,-1.824663011200753,37298.891578125,1.8624183686359476e-06,13.734471321105957,3.633008600445464e-05
307,0.837039651215698,-0.01114042166964466,-0.49953803413293524,24384.146752441407,2.2691185802435915e-06,9.637430191040039,1.9038938262383454e-05
308,0.5475803271862989,-0.015126242569455106,-0.6782627894195801,19371.40201269531,2.5488178150026546e-06,3.462782621383667,1.6927500837482512e-05
309,0.8711547685146827,-0.009903038720706801,-0.44405361315574,20350.681426025392,2.4969977932678804e-06,7.476988792419434,1.7395410395693034e-05
310,0.6805254764456558,-0.009899611009185691,-0.4438999141014666,24677.04739501953,2.2519330739313297e-06,5.704815864562988,1.111021174438065e-05
311,0.9980064277638742,0.0005316762445519983,0.02384043565625271,25388.485326171874,2.2307010059442438e-06,6.011159420013428,1.1786592040152755e-05
312,0.30765636689414133,-0.09816421540372763,-4.40169686921233,26365.466926513673,2.2106941340963305e-06,28.376068115234375,8.8561384472996e-05
313,0.5120619541822655,0.0577568194846376,2.589823699559026,41553.27895263672,1.766037311949879e-06,20.20510482788086,6.37279445072636e-05
314,0.6956789468120965,-0.02779261407917663,-1.246224623467961,32725.799383544923,1.9827012984988727e-06,15.367539405822754,3.154492878820747e-05
315,0.7321238837001098,0.02524095794109829,1.1318080126073464,42682.23762158203,1.7202535037468502e-06,11.953963279724121,2.1820458641741425e-05
316,0.9494406471827396,0.008026899151516467,0.3599272578036768,37370.03114208984,1.8364883065783836e-06,11.363799095153809,1.774518023012206e-05
317,0.9443649016301459,0.010500270327465743,0.4708335602357801,35211.80097753906,1.9015376506889164e-06,20.581052780151367,3.338557144161314e-05
318,0.859032110695259,0.024120999757043484,1.0815889341771066,33429.88868359375,1.953558078276806e-06,28.35038948059082,5.960671842331067e-05
319,0.6688401424141172,-0.055613979249973966,-2.493738449823683,19358.25535522461,2.5335540736624208e-06,19.342342376708984,7.108036516001448e-05
320,0.4520751021619237,0.10836115554820369,4.858929062480401,20682.455818847655,2.422988185181501e-06,38.05088424682617,0.00013584626140072942
321,0.942242856484595,0.006330868821843147,0.28387702543021337,20594.993986816407,2.4801855801580527e-06,6.38131856918335,1.4841956726741046e-05
322,0.9515796924725995,-0.005012090255807075,-0.22474281382946668,25187.078909179687,2.250939710395029e-06,7.011729717254639,1.3773320461041294e-05
323,0.9935990858018439,-0.0011504158317883876,-0.05158480352793565,27157.480900390627,2.160592691577339e-06,6.215408802032471,1.0819830094987992e-05
324,0.5968686354731263,0.021897151461582855,0.9818712718958623,31472.371533935548,2.014586149063729e-06,9.650474548339844,2.7357238650438376e-05
325,0.5532599277071315,-0.06363900456767757,-2.853581684662438,36452.07889160156,1.896921850711719e-06,25.30718994140625,5.40013425052166e-05
326,0.6671656182977196,0.026646149051122385,1.1948169745208055,41324.50212890625,1.7723046529926672e-06,17.138275146484375,3.3731223084032536e-05
327,0.8990975756757683,0.02383714865415393,1.0688610118301207,29753.642687011717,2.0750605665899395e-06,24.520889282226562,4.387545777717605e-05
328,0.9129844589709654,0.017597155306177826,0.789058855099908,29988.32578076172,2.0419632677235325e-06,25.910139083862305,4.8029483878053725e-05
329,0.6197829492026778,-0.05094082749643331,-2.284193684877364,34515.939669433596,1.9099424790975606e-06,21.9183292388916,7.000530604273081e-05
330,0.6771220868499117,-0.03223886895760727,-1.445595301444826,19031.355747070313,2.5610321564030508e-06,16.082735061645508,4.0759197872830555e-05
331,0.9936176972923578,-0.005508545658299884,-0.24700394210180826,18672.765653564453,2.6115733949708856e-06,19.863765716552734,4.610194082488306e-05
332,0.983283853174828,0.00627798968366133,0.28150591762861504,23624.38723071289,2.345555305850139e-06,12.783065795898438,2.565565773693379e-05
333,0.9972389009895246,0.0007709124293581344,0.034567818963219824,27592.04798803711,2.1358661104091206e-06,8.43021011352539,1.5541876564384438e-05
334,0.7689206906176373,0.01822165028223764,0.8170612953950394,26999.728171875,2.155059748498375e-06,7.859585762023926,2.311650496267248e-05
335,0.346097492489629,-0.0628182363636804,-2.8167783259331403,27235.609689453126,2.154436438727445e-06,11.503857612609863,5.2468181820586324e-05
336,0.3916384163188521,-0.020033863573171794,-0.8983211876708853,25260.29793359375,2.2409046177557653e-06,5.638802528381348,2.1864743757760152e-05
337,0.87358259076907,-0.00963570918052234,-0.4320665199442434,31402.868406738282,2.0209297966210383e-06,9.855289459228516,1.6388325093430467e-05
338,0.6373472540638607,0.055269112558897854,2.4782745801420263,34160.511646484374,1.9625406102468847e-06,45.31231689453125,8.410840382566676e-05
339,-0.36390132851625084,-0.11470471961780425,-5.1433753445595665,25190.50080566406,2.252061043176977e-06,32.74497985839844,0.00015485374024137855
340,0.5531225060374083,0.04647447220350811,2.0839217015603935,39545.07825048828,1.8121527107693176e-06,29.04833221435547,7.576667121611536e-05
341,0.7793554320656171,-0.009104045098584585,-0.40822662966128,51561.32519580078,1.5755149367928253e-06,11.390533447265625,1.2711928320641164e-05
342,-0.14945730883102842,-0.013245483075861412,-0.5939292760242458,22447.34755126953,2.3706573230681894e-06,5.0193915367126465,1.7884576664073393e-05
343,0.2834164266778543,-0.02288152926234254,-1.026010907361858,26560.67577783203,2.1867144346976754e-06,12.845911026000977,2.1738651412306353e-05
344,0.9803916579088371,-0.0034677323407632686,-0.15549359331021964,24684.662591064454,2.290866071283267e-06,9.030269622802734,1.771686766005587e-05
345,0.12818883362706096,-0.03330945319500475,-1.4936004453417095,44032.66738916015,1.7205824505944214e-06,14.195808410644531,2.7598754968494177e-05
346,0.7200587123390607,0.0313563104831367,1.4060212585209686,36187.38976220703,1.8805185681106782e-06,16.28691291809082,3.6215176805853844e-05
347,0.4400735804047417,0.04234054863670911,1.8985560023928816,35451.92450878906,1.9213105958670527e-06,10.49752426147461,5.218364822212607e-05
348,0.8870682192865201,0.012795472640969719,0.5737507464630508,30305.69594091797,2.0736068120436363e-06,9.28399658203125,2.6198824343737215e-05
349,0.41964932115024617,-0.016319494272061186,-0.731768359264373,45022.7047211914,1.6981739522184768e-06,10.838776588439941,1.7785359887056984e-05
350,0.9766716421693135,0.003182093541861445,0.14268551042909286,37299.193755371096,1.8635551821126741e-06,12.538281440734863,2.048321948677767e-05
351,0.7067338764997149,0.011816967158299824,0.5298744265448291,29474.040302734375,2.082289858713542e-06,12.623733520507812,2.1377964003477246e-05
352,0.9657186974173074,0.01863277423227566,0.8354961496471505,38467.895987304684,1.8101594676731202e-06,70.58519744873047,0.00011396560876164585
353,0.7469387704715578,0.04811613327999969,2.1575340091714863,30530.62823486328,2.0334620719313884e-06,19.008544921875,7.400540926028043e-05
354,0.972164128915765,0.008336309655618294,0.3738012672031825,20963.25943457031,2.475035697855928e-06,17.392467498779297,3.674011168186553e-05
355,0.9526952567909962,-0.013621883717986904,-0.6108071323917545,19810.70031982422,2.525349719769689e-06,17.000226974487305,3.496991848805919e-05
356,0.9817921565548281,0.0044942879169155535,0.20152448600403916,17496.20967553711,2.698969654890143e-06,12.380241394042969,2.759568451438099e-05
357,0.7013373116430122,-0.10028840243522644,-4.49694570676189,19800.4249765625,2.5082392872383363e-06,19.83591651916504,0.00011494449427118525
358,0.9631636494880301,0.005409942644681335,0.24258256946051893,21483.565742919924,2.449616166587987e-06,12.613116264343262,2.943160870927386e-05
359,0.7038100459446585,0.038641766771757624,1.7327021167595427,27475.803962890626,2.1613895622013997e-06,18.485822677612305,6.066951755201444e-05
360,0.7985046019598195,0.01592437745159979,0.7140512668957825,20534.03584008789,2.483445188325661e-06,6.311218738555908,2.5312147045042366e-05
361,0.4568312054480131,0.013082261392027974,0.586610393356439,27240.850409667968,2.197301757777225e-06,4.481593608856201,1.539844561193604e-05
362,0.6085643040374041,-0.03390556549312033,-1.5203302024688126,32665.07596142578,2.0151761203375075e-06,17.689958572387695,4.859520777245052e-05
363,0.6291284523540155,0.016405996215007893,0.7356471182386423,32499.674173339845,2.0196594941076055e-06,4.381284713745117,1.7649263099883683e-05
364,0.31635175480886313,-0.009136280230829795,-0.40967205740802876,44173.725723632815,1.7544126493080715e-06,4.373815059661865,8.35166429169476e-06
365,0.775380033627087,0.029901872574920156,1.3408040634287395,45623.825001953126,1.7349269041534797e-06,10.363258361816406,4.080357757629827e-05
366,0.9888760904198249,0.0031215795924024485,0.13997205664370024,33140.33103662109,1.9634971102396174e-06,7.754559516906738,1.4401263797481079e-05
367,0.36524352025596774,-0.055359525810187674,-2.48232872271833,32005.509284179687,1.987620674833749e-06,12.104864120483398,4.986423664377071e-05
368,0.5253977584302507,0.06147171431449121,2.7564000927463823,52523.91874121094,1.5750058592511829e-06,34.60423278808594,7.110666774678975e-05
369,0.023326906561362624,0.024910462403070464,1.1169885473975174,29892.328619140626,2.0516861944690185e-06,6.104250431060791,1.624106698727701e-05
370,0.9589836582016527,0.004280123015362879,0.19192130247343683,20380.947907226564,2.4877143411054634e-06,5.458384990692139,1.193462867377093e-05
371,0.8015509214592602,-0.007486535035747466,-0.33569725681163726,16050.807993652345,2.792279789758877e-06,3.1157643795013428,8.849478035699576e-06
372,0.5940907747750386,-0.019800943790837265,-0.8878770327162216,20337.25296875,2.4791714537609367e-06,6.65136194229126,1.610645995242521e-05
373,0.8244441576070186,0.01464087927409678,0.6564990327509947,25227.524751464844,2.266467965164374e-06,6.14954948425293,2.1155172362341546e-05
374,0.9987179446660883,0.00015236758163533626,0.006832183238009619,31807.4987421875,2.009409838965128e-06,6.313084602355957,1.0667934475350194e-05
375,0.8350829564011969,0.006266158852826223,0.2809754215529026,34724.12874291992,1.9443708376577706e-06,3.65433931350708,9.598674296285026e-06
376,0.746803637608337,0.012413890837862094,0.556640566127178,38897.15880126953,1.8358805419147226e-06,7.818448543548584,1.7617947378312238e-05
377,0.96053846822829,0.008098457324479726,0.3631359360842855,26649.51789794922,2.2068901586772584e-06,7.350800037384033,2.5314377126051113e-05
378,0.9964895587819497,-0.001433565944588858,-0.06428129338327677,30260.311626220704,2.076895453956531e-06,8.411956787109375,1.5608562534907833e-05
379,0.8516942499499274,0.06428935200800609,2.882743352997695,36781.51580322265,1.8730462914865963e-06,25.790754318237305,0.00010512371954973787
380,0.7392411494213135,0.018247850654834145,0.8182361236922547,32570.967814453124,1.9778603246313307e-06,12.038200378417969,2.5353776436531916e-05
381,0.700793566176725,0.024447863007720557,1.0962455271244302,22427.421694824217,2.332969581693518e-06,7.3121514320373535,2.2513009753311053e-05
382,0.9945492276838553,-0.001925558104414998,-0.08634228924288914,22187.904774414063,2.3929322010775952e-06,7.021590709686279,1.4793751688557677e-05
383,0.9414598851352041,0.007975705542000396,0.3576317293384027,26081.50427734375,2.2174551202409802e-06,6.521298885345459,1.4452762115979567e-05
384,0.960972899358409,-0.005361518206644677,-0.24041121102381488,30394.355784179686,2.0432279450301512e-06,7.355756759643555,1.5058572898851708e-05
385,0.9113557267448825,0.003746290172892992,0.16798416467104793,30766.52240625,2.035894004704967e-06,1.9498847723007202,5.782545940746786e-06
386,0.920394494170959,-0.006143995173286642,-0.2754975854234203,30277.997490234375,2.0781662143532173e-06,7.5412917137146,1.531242742203176e-05
387,0.9049084357264298,-0.00955049491913476,-0.42824550078752416,32455.63557080078,2.0005415196692023e-06,18.0400390625,3.497568468446843e-05
388,-0.3643375176351647,-0.05809689561156816,-2.605072759687991,28786.89125439453,2.1234532385403974e-06,27.126651763916016,5.263470666250214e-05
389,0.9430845719075193,0.012238799374278719,0.5487894409089809,44926.31382617188,1.7114092342582448e-06,15.979059219360352,3.007461600645911e-05
390,0.7964539498232149,0.04677504460136777,2.0973994090649994,33985.93946752929,1.944400044389452e-06,25.97100067138672,6.717739597661421e-05
391,0.7652393816478616,0.020497694085611227,0.9191194114029549,26330.387880371094,2.2112415594142353e-06,8.965408325195312,2.7235968445893377e-05
392,0.8126381013527114,0.009618583707725349,0.4312986113974856,20384.171280029295,2.5027431148610146e-06,4.639487266540527,1.3682136341230944e-05
393,0.8242685532260569,0.01248383100994871,0.5597766930267787,21763.93273779297,2.41289338520519e-06,4.373325824737549,1.687963776930701e-05
394,0.5227651374160077,-0.028562373105063335,-1.2807407236614823,29803.051955810548,2.0891518438553607e-06,6.912775039672852,2.6487939976505004e-05
395,0.9082550676700931,-0.024223857767491128,-1.0862011014592343,34288.13952099609,1.939355423505567e-06,21.15647315979004,5.6912293075583875e-05
396,0.8547400258264481,0.0038222192575409304,0.17138883523050208,26390.51386303711,2.2011396964648063e-06,2.853487491607666,7.029048447293462e-06
397,0.6547600504416581,-0.021136890145992765,-0.9477810503334226,28484.309096679688,2.140074580513478e-06,6.463442325592041,2.714640140766278e-05
398,0.5758158536275862,-0.02629982348328538,-1.179287688605294,40541.65192333984,1.7937010791299879e-06,19.278661727905273,3.035456029465422e-05
399,0.9899158718107879,-0.0044038470474923675,-0.19746910502685097,43345.10517895508,1.7437262145925293e-06,18.05520248413086,2.454003151797224e-05
400,0.9945662404332568,-0.003911854201148208,-0.17540807838367659,35523.35125048828,1.9050021033688853e-06,13.933444023132324,2.1055491743027233e-05
401,0.9063566567258698,-0.011280852706526455,-0.5058349810686447,42680.365684570315,1.7337636719552703e-06,11.79892349243164,1.972253630810883e-05
402,0.7535378332970308,-0.3795268532697537,-17.005512539021154,40181.85528613281,1.801376542201322e-06,407.4717102050781,0.0007401904440484941
403,0.7246333861324673,-0.22883182259809934,-10.260850279947903,20268.294666503905,2.4807696764628414e-06,45.249717712402344,0.00029119750251993537
404,0.30713848904323104,-0.6527139544269499,-29.26778315169222,17937.256669921873,2.626354146480826e-06,114.8682632446289,0.0005930616753175855
405,0.3448772349047217,-0.5484247700160404,-24.591441832951574,21108.015001464842,2.4302493392205483e-06,138.69894409179688,0.00043126216041855514
406,0.34904803357829867,-0.4198470250369192,-18.825998130301777,18688.137384277343,2.5820472883600974e-06,53.913047790527344,0.0004958838107995689
407,0.802557857366291,0.03475871585461051,1.5585855815771152,17446.378537353514,2.672846263941832e-06,28.38679313659668,6.689199653919786e-05
408,0.5568608600401144,0.14153196151145614,6.346312546952824,20560.7516875,2.4796621694711147e-06,35.70818328857422,0.0001831648696679622
409,0.11997029597258504,-0.386382862641268,-17.325460503204756,24435.48694946289,2.2702914729827976e-06,40.0400390625,0.00039605211350135505
410,0.22853237186028413,-0.047532792793091236,-2.1313769418089095,15326.688216552735,2.8687719131553006e-06,18.801240921020508,5.64683141419664e-05
411,0.7311616760913652,-0.10307694631129631,-4.62198439625252,14724.465546386718,2.9011558650995532e-06,39.11684799194336,0.00019092009461019188
412,0.43595391806190065,0.0681438180913091,3.055578140313845,15888.751662109375,2.7998490235027788e-06,16.46748924255371,9.946041245711967e-05
413,0.5012654294365856,0.07872763309202767,3.5301578551456148,19405.915015625,2.554471162598027e-06,42.32558822631836,0.0001593939814483747
414,0.7409677836908865,0.06559567479509584,2.941319045763792,19135.92793359375,2.5346393610684324e-06,32.906063079833984,0.0001474006421631202
415,0.6363192023971104,0.065129416394786,2.9204119552069434,16662.335502685546,2.719138941509037e-06,28.18160629272461,0.00012546643847599626
416,0.888400072353287,0.02117636694369994,0.9495511953517423,21150.119317382814,2.411603007992525e-06,30.83519172668457,8.126190368784592e-05
417,0.6533226304973413,0.04423181504176333,1.9833606471377676,24123.535533691407,2.2705191123764053e-06,20.364364624023438,9.288345609093085e-05
418,0.8639282899810408,0.017907692322251253,0.8029833774505755,38370.940609375,1.8097098412764699e-06,29.468441009521484,6.828807818237692e-05
419,0.7675702615635188,-0.010407008865859853,-0.46665170351864055,42559.02552539062,1.7064713142956247e-06,15.084699630737305,3.534114148351364e-05
420,0.8016429228156273,0.014314278831197272,0.641854224140427,51896.81863769531,1.5592495274552404e-06,29.762203216552734,5.520959894056432e-05
421,0.6199760500370183,0.014359099001475339,0.6438639667169774,44674.91015234375,1.6717271059352709e-06,17.970252990722656,4.0657989302417263e-05
422,0.4931047205078982,0.027871495091775996,1.2497616588812321,49807.721087890626,1.6040865636161458e-06,33.75522994995117,7.619708048878238e-05
423,0.6998262555028438,0.007076283654561935,0.3173015286664317,53191.991193359376,1.5359606412405333e-06,11.853723526000977,2.1719579308410175e-05
424,0.3642032118422759,0.012404390814322432,0.5562145837699617,42773.50949804688,1.7111059769104352e-06,12.36983585357666,2.8012686016154476e-05
425,0.28424150507233126,-0.03232801131182172,-1.4495924568221312,51340.2886328125,1.5507187596963454e-06,15.869881629943848,6.386453605955467e-05
426,0.637282807755161,-0.011330672012041222,-0.5080688855541927,38963.87194921875,1.7754542747375592e-06,8.470462799072266,2.619339466036763e-05
427,0.16554010485514828,-0.034880008502975623,-1.564024360549385,39118.20915039063,1.7861494800549983e-06,6.451249599456787,7.322935562115163e-05
428,0.8833753869936348,-0.02085449406991673,-0.9351183715881234,45939.36581835937,1.642744861055085e-06,11.037118911743164,5.3268606279743835e-05
429,0.5634998368795023,0.0069299406260329485,0.31073948721519795,49356.10809423828,1.6057864418416562e-06,5.148897171020508,1.2339083696133457e-05
430,0.6240276773075906,0.0054183987868518645,0.24296174403411028,50827.77131152344,1.5848087913806707e-06,5.910224437713623,8.983180123323109e-06
431,0.8085151299914615,0.039195376942897014,1.7575260726893713,50450.05987109375,1.572991805937328e-06,33.414432525634766,7.286750042112544e-05
432,0.5189184430042689,0.034662777343581294,1.5542836855970228,71206.9185966797,1.370062062515696e-06,41.126312255859375,5.7379718782613054e-05
433,0.8038492861674931,0.005283346234452631,0.23690596907956138,67634.29471484375,1.3701986505056001e-06,4.185898780822754,9.602899808669463e-06
434,-0.04155671279913725,-0.011247368639047718,-0.5043335508948947,67075.47848632812,1.3780848084243778e-06,7.894707679748535,1.4413162716664374e-05
435,0.5071949046158495,-0.010932510958106136,-0.4902152893395196,79180.50643847656,1.2732375192637267e-06,13.52772045135498,2.200592825829517e-05
436,0.9718905076614238,0.0020909658818620423,0.0937591966478698,69989.014859375,1.344472987512991e-06,10.147126197814941,1.2452202099666465e-05
437,0.7963026593483072,0.00643127499267079,0.28837925188782787,69800.46258886719,1.3617328766741451e-06,9.240559577941895,2.0125258743064478e-05
438,0.9195399202647566,0.0031239862094559995,0.14007996968213735,79459.6916328125,1.2704346388070863e-06,14.2451171875,1.614433858776465e-05
439,0.6512179416362965,0.009053821735806622,0.405974607192686,92415.12258789063,1.174963466129126e-06,15.258259773254395,2.503486757632345e-05
440,0.9687962031086161,-0.0035227399897512996,-0.15796014382801815,78506.42255078125,1.2753683345900764e-06,24.348779678344727,2.7744628823711537e-05
441,0.8837653542181874,-0.0038583302118263196,-0.1730080553685997,76793.91329003907,1.3182266557951778e-06,8.769853591918945,1.3383116311160848e-05
442,0.9306642174767933,-0.00361950528803219,-0.16229911306176212,76209.91343554687,1.3013836306053108e-06,10.952827453613281,1.5105501915968489e-05
443,0.968497231504747,-0.0017706546135535957,-0.0793963954877112,67325.82861474609,1.3966644205450454e-06,8.348825454711914,1.1448052646301221e-05
444,0.9586039543773667,0.0019307598697277696,0.08657553711226226,70571.31139550782,1.3673272124072706e-06,10.110477447509766,1.1247039765294176e-05
445,0.8095598029696396,0.0057010714143395326,0.2556368233826,74772.29308984375,1.321616546316075e-06,10.396389961242676,1.5569872630294412e-05
446,0.789608231528541,-0.0070775097904959075,-0.3173565087697168,58400.74195410156,1.483730910139822e-06,14.666948318481445,2.631959978316445e-05
447,0.9362007870565003,0.0037709243746639628,0.16908876565384873,53047.31062988281,1.549496606274597e-06,16.464096069335938,2.259072607557755e-05
448,0.7947823030857563,-0.017148347399033193,-0.7689342470476619,48818.169020996094,1.6236828172221262e-06,17.98708724975586,5.7380668295081705e-05
449,0.8776861891956971,-0.0096184628814477,-0.4312931935306402,45557.18772851562,1.6561210133099169e-06,16.41600227355957,3.3134292607428506e-05
450,0.9796104873517297,-0.002544516677552349,-0.11409647647237676,59228.80755859375,1.4640246029421422e-06,17.270580291748047,2.18323984881863e-05
451,0.9781651424220531,-0.0027441645861773396,-0.12304871605097618,57161.953965820314,1.4834268084257786e-06,13.1113920211792,1.8260892829857767e-05
452,0.9161805181848154,0.004671190899694226,0.20945683999116874,68924.06451171875,1.3589678311482427e-06,15.701168060302734,1.8317638023290783e-05
453,0.5844273100022696,-0.007370669666784396,-0.33050183779140324,81854.54781542969,1.2486086463155727e-06,6.852755546569824,1.520254500064766e-05
454,0.9954574307004102,-0.0005824964940561565,-0.02611922260743481,79868.29913378906,1.2452990763442274e-06,10.610236167907715,1.2093931218259968e-05
455,0.928300066588854,0.0031111680426581544,0.13950520132657043,71064.6588984375,1.3344216785446862e-06,12.855271339416504,1.3748829587711953e-05
456,0.6711508372594286,0.009666399769669282,0.433442690166832,74851.69616210938,1.3133185758422533e-06,18.6320743560791,2.2092610379331745e-05
457,0.9694334701049193,0.002551168185100221,0.11439473098221618,80492.77345800781,1.2629082992066002e-06,16.944263458251953,1.7572090655448847e-05
458,0.9896492015571993,0.0013838743989691919,0.06205311766893087,69950.52429101562,1.3344747413984507e-06,11.239900588989258,1.3709796803595964e-05
459,0.983771841823618,0.001736990016903762,0.07788687036119302,65414.14777929687,1.398738663083122e-06,12.602584838867188,1.5815847291378304e-05
460,0.8555054385900663,-0.005298309559260332,-0.23757692661422075,53883.253669921876,1.5303760599362252e-06,9.372058868408203,1.7078429664252326e-05
461,0.807211993661865,-0.0066834815069973744,-0.29968822654769284,63766.08103808594,1.4122160515163397e-06,11.057875633239746,1.7931850379682146e-05
462,0.9828946369323341,-0.0012516337624186825,-0.05612342940632881,56608.9374765625,1.486296288454513e-06,6.219010829925537,8.221340976888314e-06
463,0.9621953881799918,-0.001130947830146503,-0.05071185566679836,65102.094443359376,1.40867003027728e-06,5.506831645965576,6.544490588566987e-06
464,0.5495204203383296,-0.0034194632823491204,-0.1533292021170791,60456.852119140625,1.4357522912407316e-06,3.0297129154205322,6.321933597064344e-06
465,0.06502607086331537,-0.0055900308546595915,-0.2506577494717193,63394.7833515625,1.4035691497699953e-06,3.9987077713012695,7.551246199000161e-06
466,0.9573457932724119,-0.0009583400987884082,-0.04297210134190496,63144.30393359375,1.4126787080621043e-06,4.494101047515869,5.875671376998071e-06
467,0.9030645521113794,-0.0019073629116389346,-0.08552641430569616,57725.69574414063,1.4819409589875367e-06,5.443572998046875,7.599771379318554e-06
468,0.9509710096765779,-0.0014829659438134993,-0.06649639611732192,60788.392908203125,1.4409792666062238e-06,5.393818378448486,8.500514013576321e-06
469,0.9707958472134061,-0.0013481474954968639,-0.06045111842191376,65505.64132617188,1.4003252102335337e-06,6.505298614501953,8.746026651351713e-06
470,0.9957191241753204,-0.0003775968116095159,-0.016931492771071945,60648.05560742188,1.4505919064962806e-06,4.305938720703125,5.759632131230319e-06
471,0.9176406345967352,-0.0022048346633779083,-0.09886508841339779,73988.09655371094,1.3204314472282507e-06,8.146554946899414,1.0024554285337217e-05
472,0.9702062517713694,-0.0013143181287500222,-0.05893420498166887,74714.75166015625,1.313119826882655e-06,6.519774436950684,8.404525942751206e-06
473,0.9405658819883657,0.0012075625342786577,0.0541472694978687,69917.36187890625,1.3540383652613404e-06,5.939716815948486,7.706546057306696e-06
474,0.830839260336748,0.0026341907115910953,0.11811747244585448,77236.5319765625,1.279070935077267e-06,6.900635719299316,1.0215750990028027e-05
475,0.7490966833027362,0.004296778604662568,0.19266814137979196,57579.32462988281,1.4790964408279315e-06,6.8288068771362305,1.3870472685084678e-05
476,0.9124751104669866,-0.0019232890046870887,-0.08624054250017653,58471.39901171875,1.472703538140612e-06,5.804692268371582,7.942571755847894e-06
477,0.4125621689411681,-0.005166170592928651,-0.23165179725816193,69769.96304394532,1.3552209021955206e-06,5.872894763946533,8.764669473748654e-06
478,0.5938658813003465,-0.004610155375537834,-0.20671999872487853,70883.87860742188,1.3404867283418337e-06,3.520643711090088,9.710186532174703e-06
479,0.9952889781934898,-0.0007501296517775246,-0.03363591636883886,69347.95452148438,1.3466233662804685e-06,9.253585815429688,1.1245872883591801e-05
480,0.927980144040083,-0.002684791529617617,-0.12038642005951275,69702.86565625,1.3541977234657283e-06,10.001015663146973,1.312175936618587e-05
481,0.7469979840782336,-0.004173353999524954,-0.18713376517372113,66245.97157226563,1.3803568803182434e-06,6.2720255851745605,1.1617212294368073e-05
482,0.9042848304441956,-0.0032343679797426665,-0.14502950338635606,64746.60920898437,1.3983183610054016e-06,9.079790115356445,1.3532534467231017e-05
483,0.9984287985238853,-0.0004313919886121451,-0.019343675878911514,69783.46041015624,1.3353950345666184e-06,11.629525184631348,1.384256665915018e-05
484,0.9981521207714786,0.00010403692623712524,0.0046650300276636116,71805.117828125,1.325733044071378e-06,8.94894790649414,1.0343361282139085e-05
485,0.9652368271755901,-0.0024649582527441205,-0.11052906580284122,61073.93798242188,1.4328338833480971e-06,9.02348804473877,1.3048593245912343e-05
486,0.7852693556167536,-0.005221003938508762,-0.2341105319872661,57818.62654492188,1.470672657326508e-06,7.268702983856201,1.2034765859425534e-05
487,0.9340404313343447,-0.001678779658341132,-0.07527670990723266,57470.89622070312,1.483523210659384e-06,5.041733741760254,7.519765858887695e-06
488,0.9235156647488452,-0.0028338255685694588,-0.12706912678683083,70568.77915429688,1.338759508474866e-06,6.833530902862549,1.0795062735269312e-05
489,0.993613023873384,-0.0006319591482245005,-0.028337134797740603,71501.82731152343,1.332685758277225e-06,7.004214763641357,8.850882295519114e-06
490,0.9693993979610406,0.0009353617637539184,0.04194174965045564,67799.5663232422,1.3648296725793374e-06,6.236929893493652,7.247638677654322e-06
491,0.9747328969217609,0.001522676598832902,0.06827702732956548,61709.77666113281,1.437067060586183e-06,8.121042251586914,1.0054215636046138e-05
492,0.7514913034968215,0.005032248876594792,0.22564672914773212,66213.45528515625,1.3760242343838612e-06,9.863960266113281,1.4790103705308866e-05
493,0.7479991656266214,0.0101607342613874,0.4556087165094281,69946.02357714844,1.3418753298753503e-06,23.622371673583984,3.211958028259687e-05
494,0.7949158763140806,0.009029161824087332,0.4048688533722799,67605.43396972657,1.3703630153326942e-06,22.69411277770996,2.810366277117282e-05
495,0.9207667957969579,0.004123506705207396,0.18489860566642097,57370.458454101565,1.4867557034056579e-06,13.785420417785645,1.7660586308920756e-05
496,0.7906283768511255,-0.01964620268243624,-0.8809384202128168,61691.543328125,1.4245464475140002e-06,12.02674388885498,4.350285598775372e-05
497,0.8206031563247025,-0.009242445794042597,-0.41443253580934863,55674.590065429686,1.4942856286042926e-06,8.363189697265625,2.2182204702403396e-05
498,0.9554120002228363,-0.002776340008525945,-0.1244914663977799,49279.01655273438,1.6151890000870313e-06,8.573526382446289,1.3664648577105254e-05
499,0.9974996949286282,-0.0005989731624277771,-0.026858038674859492,49383.911358398436,1.5868289607128737e-06,9.835935592651367,1.4265979189076461e-05
500,0.9922594511042354,0.0008026126099104321,0.035989259402759224,52790.88743505859,1.5461735169714926e-06,9.151857376098633,1.2359396350802854e-05
501,0.9708229931709675,-0.001440863251610375,-0.06460850563000219,50719.06588964844,1.573941764441359e-06,6.784704685211182,9.620844139135443e-06
502,0.9958781526342392,-0.0005803445096965426,-0.026022727333883756,54376.5109609375,1.5066045706137658e-06,7.1352105140686035,9.414768101123627e-06
503,0.9849577388680159,0.0008787452801495606,0.039403058768017744,51379.62424804687,1.5432697364792642e-06,6.10850191116333,8.54681093187537e-06
504,0.7988501884837844,0.004319252356253037,0.19367586748047308,52668.2620078125,1.5506283474051459e-06,8.904863357543945,1.352670824417146e-05
505,0.777485423204516,-0.012966861705184818,-0.5814358555862698,54634.152591796876,1.515757300655005e-06,7.299309253692627,3.0034163501113653e-05
506,0.783789356017658,0.0019334309120551826,0.086695307016211,50370.0151171875,1.5648165907392688e-06,3.730189323425293,6.262107035581721e-06
507,0.7701183265043539,0.003104070289914555,0.13918693712100985,43645.49665136719,1.679816872232279e-06,5.010431289672852,8.229330887843389e-06
508,0.9992707445346067,-7.4782100264764175e-06,-0.00033532396225522635,42103.79432714844,1.7377858209163466e-06,4.168043613433838,6.208179911482148e-06
509,0.9056940748692438,-0.0018966990216073253,-0.08504824401550735,41072.36844824219,1.7523438894459465e-06,4.463181972503662,7.677386747673154e-06
510,0.8817355215685491,-0.0012424870011359696,-0.055713287377118226,40954.85057421875,1.741237072346261e-06,2.3324854373931885,4.220302344037918e-06
511,0.8320420393289394,-0.00218402837350878,-0.09793213152477802,41961.43545019531,1.7327175929570814e-06,3.3218441009521484,6.5049757722590584e-06
512,0.932923597377298,-0.0008305055528429778,-0.03723998278575935,47446.92628613281,1.6221492031761436e-06,2.252356767654419,3.437340183154447e-06
513,0.9958402226330921,0.00017503347784653445,0.007848525129812019,45955.75107910156,1.6470033038192044e-06,2.941100835800171,4.2302790461690165e-06
514,0.8862936050300473,-0.0016869939911292955,-0.07564504171498584,48637.648270019534,1.6167022451098681e-06,4.247065544128418,6.244002634048229e-06
515,0.697324688150522,-0.004197904232534908,-0.1882346009857725,58349.030298828126,1.4765271812651006e-06,5.694225788116455,9.525845598545857e-06
516,0.9951425039642984,-0.000604764592683663,-0.027117727201078048,52281.832485351566,1.5514876652096673e-06,5.8411431312561035,7.917156835901551e-06
517,0.5931656969525225,0.00717517307465614,0.32173574381333286,59979.37412792969,1.4426055416018693e-06,5.86501932144165,1.4324360563477967e-05
518,0.865271188315985,0.00404287982125903,0.18128328514264086,67062.57690234375,1.3590704898255355e-06,11.480249404907227,1.5028790585347451e-05
519,0.9942868621552942,0.00042102003503177574,0.018878596059197558,60850.10261621094,1.4138921078919733e-06,9.47938346862793,1.1960794836340938e-05
520,0.5840099129803707,0.004877276617189982,0.21869775180164505,78083.57648242188,1.263928754529455e-06,7.321136474609375,1.3319839126779698e-05
521,0.19412183646230902,-0.006007567573293489,-0.2693801531463503,79348.11127148438,1.2513884382004808e-06,4.6736555099487305,1.3029161891608965e-05
522,0.7256932555974281,-0.0067258248832557325,-0.3015869093410279,71072.85255273437,1.3252487739195763e-06,8.73245906829834,1.9490247723297216e-05
523,0.878834822624579,-0.004563408905212462,-0.20462388059026448,61971.78030371094,1.4206154808993e-06,7.328057765960693,1.5581417756038718e-05
524,0.7917685486380035,-0.005663919757558343,-0.2539709380019932,63875.870673828125,1.394065515115494e-06,4.78054141998291,1.4649016520706937e-05
525,0.6962925141285097,-0.007062759059652604,-0.3166950839775506,62334.61322460938,1.4133291228331228e-06,4.249185085296631,1.2340129615040496e-05
526,0.8302926675298693,0.0058768328893978585,0.2635179920071394,59330.185796875,1.4573489786283655e-06,9.026320457458496,1.3395237147051375e-05
527,0.8682509889348726,0.0044877184575785895,0.20122991054721917,51933.01166308594,1.5639499715559224e-06,8.641087532043457,1.2267906640772708e-05
528,0.7978279772485373,-0.005519127862880931,-0.2474784496052013,55567.051536132814,1.5081808916533742e-06,7.352041244506836,1.1492827070469502e-05
529,0.6815649958600931,-0.011927429736266692,-0.5348275836765004,49827.36163671875,1.5621434016936586e-06,5.279542446136475,2.040318213403225e-05
530,0.7835897945687966,-0.003943841014766796,-0.17684237148918305,46204.66847167969,1.6547456241959877e-06,4.2062225341796875,1.0510561878618319e-05
531,0.9628450691200157,0.003180918995925466,0.14263284362838669,49544.75418457031,1.5830776089797984e-06,11.467617988586426,1.7006468624458648e-05
532,0.961951297569272,-0.0015342706787846222,-0.06879690746322716,49895.19169628906,1.5757677966012802e-06,7.61084508895874,1.0960980034724344e-05
533,0.9925251243454303,0.00037704688185315915,0.016906833845445265,46613.41386621094,1.62659345233987e-06,7.2453508377075195,1.014060399029404e-05
534,0.9709590060582898,0.0011996166684365788,0.05379097578476342,49747.776907226566,1.5773248478543726e-06,9.754791259765625,1.3154726730135735e-05
535,0.9182002205090879,0.0028965334882330627,0.1298809584968169,58537.86532226563,1.4505083899710561e-06,12.863846778869629,1.4874711268930696e-05
536,0.9084990293067222,0.004513572992971953,0.20238923145685878,65596.90387402344,1.3875970951436987e-06,17.35566520690918,2.486527409928385e-05
537,0.9863780408929467,0.0016332842385677064,0.07323668905078742,62076.57406347656,1.4212018953446904e-06,14.951713562011719,1.81490777322324e-05
538,0.9463567870665569,0.002168702214124433,0.09724490443798597,66261.60436425782,1.3747694451388018e-06,10.11518669128418,1.2714051990769804e-05
539,0.9661672194231825,-0.0016011873089981914,-0.07179745833095326,54815.5081015625,1.4882812208083137e-06,8.792222023010254,1.1578535122680478e-05
540,0.8766561686500755,-0.0029688070286711435,-0.13312171395301658,58083.280629882815,1.462025426559952e-06,7.445688247680664,1.174283715954516e-05
541,0.8866043447484866,-0.0016075730739674755,-0.07208379690715662,52692.02168066406,1.552197310112216e-06,3.9684348106384277,6.057008249626961e-06
542,0.834662015758814,-0.002372083799337173,-0.10636456258637028,51280.73545410156,1.5606126918852878e-06,4.261786460876465,6.675346867268672e-06
543,0.8975150801214385,-0.004682577543147923,-0.209967418643836,50736.382901367186,1.5821245407348266e-06,8.434305191040039,1.4013907275511883e-05
544,0.6815879710760182,0.008706636324242125,0.3904067657666178,55789.293560546874,1.5040150609219178e-06,8.558452606201172,1.6204015992116183e-05
545,0.5747244829442937,-0.008737870332193571,-0.39180730296285987,40997.08694042969,1.733607042731935e-06,6.200303077697754,1.3305631000548601e-05
546,0.50564761031508,-0.005303016087990094,-0.23778796800735422,43971.090170410156,1.6971525213513184e-06,4.143317699432373,9.96634662442375e-06
547,0.5836162070166767,-0.004556560390791713,-0.20431679226525123,44001.8785703125,1.6750720905988142e-06,3.913452625274658,8.704436368134338e-06
548,0.8405756980346509,-0.0014405692090451575,-0.064595320721088,42660.24486132812,1.699938665211085e-06,2.4300954341888428,4.176661150268046e-06
549,0.9470694609251382,-0.0011343863716491399,-0.05086604033892725,52011.293619140626,1.5446824999576581e-06,4.187236309051514,5.904090357944369e-06
550,0.7382752197044323,-0.0028015055049360076,-0.12561989070499582,52303.71947265625,1.5563287731603579e-06,4.720698833465576,6.450650289480109e-06
551,0.9981751941389898,-0.0002665708853803659,-0.01195307502612972,49509.852192382816,1.586225305742725e-06,5.459722995758057,7.784987246850505e-06
552,0.6022795178873666,-0.0030426943588593323,-0.13643483196273337,57615.88280078125,1.4843640921846584e-06,4.235960483551025,7.803427251928952e-06
553,0.9274652440299086,-0.008447040857919027,-0.37876646948679127,52388.1061875,1.5419320540278983e-06,10.857419967651367,3.1846630008658394e-05
554,0.8106335497123115,-0.0033836340595339775,-0.1517226148567103,47013.00679492187,1.6466471519410685e-06,4.233813285827637,1.041571613313863e-05
555,0.5637084325784939,0.005410090315610347,0.24258919104520985,49371.247198242185,1.591947550032901e-06,4.5647687911987305,9.701963790575974e-06
556,0.9900424256893438,0.0007103192463541007,0.03185081233481115,49202.839137695315,1.5997227226968194e-06,5.559753894805908,8.018329026526771e-06
557,0.9774930780798284,0.0009927752726203263,0.04451617925485264,54873.016776367185,1.523888934650323e-06,4.8168463706970215,6.314291567832697e-06
558,0.3635154753978288,-0.0025105743936346334,-0.11257449981071792,51590.62119824219,1.567031619089756e-06,2.0841760635375977,4.734132744488306e-06
559,0.776938776787402,-0.0021360976057654747,-0.09578290933167077,54235.41154589844,1.5181000991938642e-06,2.8351759910583496,4.755862391903065e-06
560,0.9126057993194299,-0.0011684312424939207,-0.05239261701245221,54394.018200195314,1.527331127692439e-06,2.8795602321624756,3.937930159736425e-06
561,0.9986839822371014,-7.936419098348557e-05,-0.0035587011982200632,52822.055270507815,1.549343821035574e-06,3.3685269355773926,4.442536464921432e-06
562,0.9448883175724143,0.0011001468762474975,0.04933073667360507,52745.20630566406,1.5393416652610177e-06,2.7831039428710938,4.346393779997015e-06
563,0.7056567583459347,-0.0017419578785747229,-0.07810962995921777,53578.578587890624,1.5310896063229474e-06,2.409193277359009,3.075639142480213e-06
564,0.6733733348747198,-0.002540026278252302,-0.11389512635248594,56743.67149609375,1.4823668436973856e-06,3.408214569091797,4.64928098153905e-06
565,0.5217016880035638,-0.005879983549137316,-0.2636592680215615,55340.6660234375,1.4978213097929107e-06,6.4990315437316895,1.301277461607242e-05
566,0.8821745454969115,-0.003311333376045237,-0.1484806423023999,56135.915887695315,1.4794669976948059e-06,7.7903547286987305,1.3455381122184917e-05
567,0.5487906703710469,0.008059658744051805,0.3613962024216969,55063.21535644531,1.5030506085100822e-06,10.120580673217773,1.4118620129011106e-05
568,0.7662039084004779,0.004189719910664452,0.1878676148716814,66771.433078125,1.3712905858634187e-06,9.345563888549805,1.3285997738421429e-05
569,0.3664466490492,-0.008267595085073721,-0.37072009644465964,67530.9510078125,1.3737933251738064e-06,7.2256855964660645,1.625160439289175e-05
570,0.9981207068017238,-9.056946755000894e-05,-0.004061147334815489,62502.382130859376,1.4192108376502966e-06,5.9491400718688965,7.317505605897168e-06
571,0.7862518796133952,0.0026687014741132433,0.11966493976602928,58837.92654101562,1.464024919078846e-06,6.124678134918213,9.740047971718013e-06
572,0.9963815365724693,-0.00020958628011690517,-0.009397877518057441,63682.474900390625,1.3831833006307744e-06,3.992555856704712,4.801766408490948e-06
573,0.9159871220478844,0.004201642901963875,0.1884022434352417,57448.40835449219,1.4752086065949584e-06,12.17054271697998,1.8918643036158755e-05
574,0.5249445011662395,-0.006054322459791196,-0.271476648663285,59332.8653828125,1.4609262343992394e-06,3.3190226554870605,1.1320966223138385e-05
575,0.9991518951057279,-0.00015384847847997908,-0.006898586855436619,59381.37913964844,1.4359025151033353e-06,7.4578447341918945,9.232148840965237e-06
576,0.7160789366355567,-0.005565351193338863,-0.24955111007647843,61258.04499609375,1.4253352516505503e-06,5.197769641876221,1.2483565114962403e-05
577,0.6277862439617248,-0.010309622918091772,-0.46228490427684926,61922.45679199219,1.4111936120671581e-06,5.283892631530762,2.034133649431169e-05
578,0.5198493390563155,0.0033533855695309397,0.15036626842031106,65884.0446796875,1.3573577486283707e-06,2.4685003757476807,5.869941560376901e-06
579,0.9115717453649262,-0.0010972675787078515,-0.04920162857740457,68585.30179394531,1.3403324641878716e-06,2.7576324939727783,4.154824182478478e-06
580,0.872668567129217,0.0011579630348462445,0.05192322114717143,72240.85410546875,1.3249486836929686e-06,2.6984810829162598,4.002726655016886e-06
581,0.9761799196387322,0.0005379345192741944,0.024121057552307874,69211.55355664062,1.3303646010819632e-06,2.881392478942871,3.49411948263878e-06
582,0.9976317304952096,2.1683863522686142e-05,0.0009723074114909152,61150.04066992187,1.4324695691316049e-06,4.644376754760742,5.605241312878206e-06
583,0.9513150245091211,-0.0023635660411116567,-0.10598262514043072,57257.108889648436,1.4678059979095779e-06,9.232013702392578,1.3134388609614689e-05
584,0.9833288876610636,-0.0009980499513208303,-0.044752696570522325,62847.40486035156,1.4375715869784432e-06,9.024410247802734,1.2107260772609152e-05
585,0.710822159076318,0.002834581805521676,0.1271030365553882,60554.996556640624,1.4561378052703193e-06,4.375579833984375,8.522239113517571e-06
586,0.9983037520027536,-0.00015221429133931852,-0.006825309680132273,63143.21627246094,1.408415797983553e-06,4.194713592529297,5.012058863940183e-06
587,0.9579679987685146,-0.001460133266235859,-0.0654725757261958,62203.924407226565,1.4185965500458758e-06,6.064512729644775,8.650320523884147e-06
588,0.9651014972602459,-0.001296850322565559,-0.058150946158910116,69063.971640625,1.3581453280672534e-06,6.407287120819092,8.169619832187891e-06
589,0.7650275288949002,-0.001759560312251925,-0.07889892549719764,65824.83087402344,1.3945808273485955e-06,3.184185266494751,5.2470172704488505e-06
590,0.6759335261656992,-0.0025114686602761348,-0.11261459884945568,66394.74818164062,1.3873264284146357e-06,3.7395055294036865,6.276602107391227e-06
591,0.8395793910950071,-0.0023588645813262467,-0.1057718110394566,69823.01077539062,1.3424368868234431e-06,5.5147013664245605,7.777384780638386e-06
592,0.7901557141794736,-0.0029577732503298358,-0.1326269578203386,64396.247036132816,1.4021601781633817e-06,5.286436557769775,9.009247150970623e-06
593,0.7423422270261956,-0.0034109507724985264,-0.15294750000899013,68993.71823632813,1.3577322480273852e-06,5.612204074859619,9.500104170001578e-06
594,0.8149224659488744,-0.004073051550656265,-0.18263618962295816,65673.20228320312,1.377500820935229e-06,6.63131046295166,1.2079211956006475e-05
595,0.8611415331812786,-0.003908315557298897,-0.17524940510860676,66756.8467763672,1.3834778745330922e-06,7.5774312019348145,1.4066928997635841e-05
596,0.8732289775680315,-0.00523771136831913,-0.23485969542922333,72726.27068359376,1.3148055567935707e-06,12.95853042602539,2.1138817828614265e-05
597,0.9802492755460093,-0.0013006113809046012,-0.05831959253017484,59935.06922363281,1.4644110730396263e-06,9.275961875915527,1.2675949619733728e-05
598,0.9932644611875898,-0.0007386316191577581,-0.03312034301070243,66472.20577246093,1.377619884564012e-06,8.958719253540039,1.0831665349542163e-05
599,0.9503059439355478,-0.001719846413817041,-0.07711814884975951,58994.185087890626,1.4532270534845893e-06,7.799545764923096,1.1332123904139735e-05
600,0.5792544517021536,-0.004172219578197119,-0.18708289756594207,64384.88470605469,1.3957144921461724e-06,3.8163788318634033,1.005921876640059e-05
601,0.5876410816808313,-0.004038387373393926,-0.1810818431648122,72089.870203125,1.3133691581142894e-06,3.4983322620391846,9.703896466817241e-06
602,0.6860552455276101,-0.0038054411749822454,-0.1706365037096295,81005.02238378907,1.2466616625657578e-06,9.550334930419922,9.978014531952795e-06
603,0.773631981856101,-0.0036203556520139494,-0.16233724349922152,81486.13607128906,1.2436913801514706e-06,10.171412467956543,1.1666733371384908e-05
604,0.8802537003947105,0.0011582308507500432,0.05193523004899404,79958.9733359375,1.2475873299960534e-06,3.7521653175354004,4.496044766710838e-06
605,0.5851610358545142,-0.004403646384844139,-0.19746010728620952,76650.44544433594,1.269345312717521e-06,4.415616512298584,1.0132041097676847e-05
606,0.6265635772466114,0.004748661644284312,0.21293063879366783,77560.98061230469,1.261817297157539e-06,3.5769693851470947,1.1562845429580193e-05
607,0.9725172738055065,-0.0005960943358328961,-0.026728951695886793,85087.56233203124,1.2219380518587463e-06,4.636351585388184,5.230253918853123e-06
608,0.9637335552066376,-0.0006863133387859822,-0.030774384150155425,81149.66050195313,1.2354572603056493e-06,3.7150015830993652,4.417497166286921e-06
609,0.9175007603536925,-0.0014016133838948542,-0.06284853618360202,78784.8098671875,1.2614602314573618e-06,4.196080207824707,6.451523404393811e-06
610,0.9970497098402402,0.00021299773874564588,0.009550847790409918,69610.4641015625,1.3422815651806816e-06,3.6200478076934814,4.127341071580304e-06
611,0.988916508763727,-0.000448853322433716,-0.020126644480031316,77002.83497460937,1.2615404309773278e-06,4.607341766357422,5.4981105677143205e-06
612,0.9840599450662716,0.00044737764567918215,0.020060474932160066,75751.22066894532,1.2898480719001276e-06,4.480623245239258,5.08116727360175e-06
613,0.8867965285454397,0.0010684322148652033,0.047908646911664465,71608.11743066406,1.3268966720639111e-06,3.618351936340332,4.961869763064897e-06
614,0.7117185176910172,-0.0027965163753681096,-0.1253961774515583,66829.87792480469,1.3649413920527433e-06,3.6469247341156006,7.325843853323022e-06
615,0.8053705349736868,-0.00282459492975003,-0.12665522367738097,68405.90102050781,1.3509216188359842e-06,5.25970983505249,8.330214768648148e-06
616,0.9967551219579386,0.00011944396184440931,0.005355883615373843,70263.86354589844,1.340431387663817e-06,4.343217372894287,4.953328698320547e-06
617,0.9862032929287198,-0.0004732390190318233,-0.02122010245683062,75056.72725585937,1.2883168572474618e-06,5.716175079345703,6.463733825512463e-06
618,0.8819072425005888,-0.0013400134119292938,-0.06008638500020777,72896.28522753906,1.32508351914161e-06,4.674069881439209,5.667175628332188e-06
619,0.90601247185412,-0.0018162046119449475,-0.08143886365686263,66831.66679003906,1.3709222696351407e-06,6.023277282714844,8.305245501105674e-06
620,0.8800328136766811,-0.0031126423260746773,-0.13957130839697435,65746.55091992188,1.3857438150667684e-06,8.906222343444824,1.259106102224905e-05
621,0.9742778691609417,-0.0009393054733827452,-0.04211858613058126,69616.26823730468,1.3490433856057248e-06,6.372965335845947,7.81286507844925e-06
622,0.6839037890919412,-0.0033794921856162706,-0.1515368926627187,71237.78055078124,1.329862378010593e-06,4.903945446014404,9.037487870955374e-06
623,0.594547255300953,-0.003998669864008573,-0.1793009046018602,64824.717553710936,1.3869275013337385e-06,4.247781276702881,9.817021236813162e-06
624,0.5840466512981392,-0.003919599955587936,-0.17575539907408108,80118.92012988281,1.2495123617688687e-06,4.179955005645752,9.303451406594831e-06
625,0.8198825639791768,-0.0036973485581343847,-0.1657896159592678,85395.1844921875,1.2094627955306848e-06,8.173134803771973,1.22559504234232e-05
626,0.7351741159734991,-0.0040201438190309675,-0.18026379968743628,76515.4777109375,1.2861782451432007e-06,7.73463773727417,1.3042294085607864e-05
627,0.9964625203570665,0.00024401878864481886,0.010941835918408381,79442.03687597657,1.2589952439446767e-06,6.627405643463135,6.997794571361737e-06
628,0.808601043331928,-0.004488880824200757,-0.20128203122582516,79534.45999414062,1.2448304046074013e-06,5.983975410461426,1.3105653124512173e-05
629,0.525078208175448,0.0030042673758395697,0.13471176077884306,83696.09021386718,1.2155078512144781e-06,4.431272983551025,6.404953182936879e-06
630,0.8866877581063866,-0.00149817560916663,-0.06717839959579215,81935.85737304688,1.241959989736635e-06,4.988386631011963,6.378822945407592e-06
631,0.5313456460354447,-0.004040041368798312,-0.18115600854537608,78084.3098671875,1.2725450943534946e-06,5.047326564788818,1.0006897355196998e-05
632,0.6123662011892205,-0.003698481255186497,-0.1658404062502872,83974.04400878906,1.21976886525023e-06,5.251203536987305,9.4196784630185e-06
633,0.6948109034566208,-0.002214657097684368,-0.09930552771357426,71711.10238867188,1.317586216289298e-06,3.2148473262786865,6.440134256990859e-06
634,0.9981636772176331,2.1478729931001418e-05,0.0009631091931322666,73483.51298828125,1.3265891956773064e-06,5.459321022033691,6.303617283265339e-06
635,0.9925427571125615,0.00043887697936738,0.019679303889973368,73996.48054394532,1.3027077642518892e-06,7.42990779876709,8.56454516906524e-06
636,0.33943001254262334,0.007396109734730752,0.33164257392392854,74187.3310078125,1.3104042205577573e-06,8.001752853393555,1.6162275642273016e-05
637,0.9234675073811032,-0.0016270665243365498,-0.07295788589270807,76087.00939746093,1.2910533633774755e-06,5.9176554679870605,7.787271897541359e-06
638,0.8748967832569022,-0.002488108570814343,-0.11156712923717796,65178.75911816406,1.3899716439782061e-06,6.31622838973999,1.0325220500817522e-05
639,0.8921792674852509,-0.001150813267019982,-0.05160262457817711,72358.03519042968,1.3149674633026806e-06,3.6957507133483887,4.427552084962372e-06
640,0.793473812359159,-0.0035366384356845955,-0.15858335204803903,66911.96950097656,1.3623243561058132e-06,3.919297218322754,9.760959073901176e-06
641,0.587903658437871,-0.0024832379996354748,-0.11134873215814946,75025.30725,1.3045459580420647e-06,3.3910515308380127,6.683685114694526e-06
642,0.7527618685672721,-0.003993738742506372,-0.17907979243803687,79210.62261621094,1.253796773994258e-06,9.118766784667969,1.1994066881015897e-05
643,0.8203443303516312,0.002289688627833385,0.10266995180631341,73904.94739257812,1.2975317704766294e-06,5.6394362449646,7.840753823984414e-06
644,0.9830955011343768,0.0003301915774467908,0.014805835575726805,76851.82469628906,1.2844651636829196e-06,4.220645904541016,5.143508133187424e-06
645,0.8833909787579117,-0.002345988085725441,-0.10519442721237268,79256.93664355468,1.2643937062122512e-06,5.9782209396362305,8.982899998954963e-06
646,0.964224526761195,-0.0013813833281062552,-0.06194141771010902,70801.15062109375,1.3299601797187818e-06,6.0561065673828125,8.799592251307331e-06
647,0.9975792166105432,-0.00015888749389008071,-0.007124536996873953,72290.46708300781,1.3148576100857342e-06,4.531661033630371,5.3268713600118645e-06
648,0.9340845364753151,0.0007372569510049276,0.033058702702371795,76610.59591308594,1.2758351230723086e-06,3.4116809368133545,4.325640929891961e-06
649,0.9719206925086012,0.00033035939143701763,0.01481336037804253,67849.07160449219,1.3699116270471735e-06,3.043179512023926,3.494963948469376e-06
650,0.7400610850385778,0.0025348695892065745,0.11366389970910344,64947.23861816406,1.3837809427176e-06,3.3094675540924072,6.68650318402797e-06
651,0.785870163622824,-0.0016638806409211208,-0.07460863592464867,71244.95286523437,1.3370543772964817e-06,3.5423920154571533,5.4399815780925564e-06
652,0.8720538404112766,-0.0015474911755967242,-0.06938971635176079,70378.62178320313,1.3243953529882694e-06,3.2018816471099854,5.452917775983224e-06
653,0.9150795258161432,-0.0012497140584568065,-0.05603734961763952,72360.78183398438,1.3109817322668804e-06,4.8842573165893555,5.955002507107565e-06
654,0.9514461908813666,-0.0007796575969887156,-0.03495995347804227,70015.36652148438,1.3360067432022012e-06,3.9515233039855957,4.614215868059546e-06
655,0.7398241406997184,0.0013319912173250929,0.05972666869495035,69132.81339550781,1.3495055620091844e-06,2.7927212715148926,3.644375283329282e-06
656,0.9866639688238803,0.0003310558832954679,0.014844591168409096,69201.29514160156,1.3428212669552346e-06,2.955345392227173,3.5203258903493406e-06
657,0.9835232080392257,0.00045836491226618903,0.020553145471402138,67152.55645898437,1.374183135960699e-06,3.3778553009033203,4.073574018548243e-06
658,0.9219332003762128,-0.0007902855860722598,-0.03543651396480069,66095.33651269531,1.4031209042071853e-06,3.125904083251953,4.0506365621695295e-06
659,0.9937350604659136,-0.0003296087358384169,-0.014779700878146073,57030.3567890625,1.4762163861947588e-06,3.5011086463928223,4.5927749852126e-06
660,0.92607611045258,-0.0008249188403277324,-0.03698947383108166,54841.000873046876,1.511750540664526e-06,2.7854816913604736,4.115144292882178e-06
661,0.928954218665572,-0.0008402449069123143,-0.03767669675671951,54332.55091796875,1.5213778621991602e-06,3.160487174987793,4.341633029980585e-06
662,0.49642556367592455,-0.008620447705944488,-0.38654205631254485,53170.22543457031,1.540760469897658e-06,7.414578437805176,2.2397885913960636e-05
663,0.9887961612027877,-0.000977606770982652,-0.043836021563023776,66040.04426660156,1.3642319864514721e-06,12.67889404296875,1.5051888112793677e-05
664,0.9671977415688369,0.0017914114494060117,0.08032713485144538,60028.86415332031,1.4305785518967497e-06,10.524081230163574,1.314076052949531e-05
665,0.9988557173254479,6.529316340919844e-05,0.0029277543937698937,78886.43328515625,1.2605271930424951e-06,10.48300838470459,1.119195167120779e-05
666,0.6065733331211678,-0.0026839531472544415,-0.12034882687947238,68310.50340820312,1.3677588530829478e-06,3.8355321884155273,7.272416496562073e-06
667,0.42358543124795556,-0.0045788886042993655,-0.20531799241835716,67910.48056445313,1.3704219889339726e-06,4.6305084228515625,1.1203088433830999e-05
668,0.3947742240557225,-0.003714109938337187,-0.166541198544214,73467.23907617187,1.3175190269722895e-06,3.69431209564209,8.183576028386597e-06
669,0.7586674445360386,-0.001794502147755499,-0.08046572218892542,76190.83435449218,1.3061550081818916e-06,4.233493804931641,5.506426532519981e-06
670,0.13677139320066656,-0.004139425667423093,-0.18561241411339688,69484.1633046875,1.3426051114767693e-06,2.34189510345459,7.3217879617004655e-06
671,0.5940832056357552,-0.008828598679916835,-0.395875574506414,66084.03289355469,1.3927668123411371e-06,6.3837432861328125,2.0075265638297424e-05
672,0.8404246422441202,-0.0023329014828459265,-0.1046076221461225,62813.41208447266,1.420387917383585e-06,5.854259014129639,7.943855962366797e-06
673,0.5946079758154906,-0.004695368957373271,-0.21054098741038646,67660.20493554688,1.3655147918961637e-06,5.768388748168945,1.0224533980363049e-05
674,0.7904930344259303,-0.0033640104820018084,-0.15084269095133557,61336.43376171875,1.4329971058744057e-06,4.9488911628723145,8.802910087979399e-06
675,0.9282333947828395,-0.001549259915132569,-0.06946902687490165,52640.391796875,1.55538916555069e-06,5.330878734588623,7.877721145632677e-06
676,0.9907153000465123,0.0005341342925375705,0.023950654864728717,55724.330346679686,1.4996062145826573e-06,4.468107223510742,5.91578691455652e-06
677,0.9521470063325045,0.0019996167984340785,0.08966309123026346,52425.42327832031,1.5558808227402127e-06,7.512259483337402,1.1995388376817573e-05
678,0.9958151086566914,0.0004044538909214255,0.01813576788738822,54487.08383886719,1.526609142236313e-06,5.303194522857666,7.282570550160017e-06
679,0.9362157855815716,-0.0009637378432268119,-0.04321413694212458,51636.532865234374,1.5409863088994353e-06,3.384852647781372,5.045102170697646e-06
680,0.9967963692626651,0.00017564800697869132,0.007876080700301017,57621.04593847656,1.475471223289486e-06,16.375280380249023,2.005109672609251e-05
681,0.6551009255930683,0.009284826814075517,0.41633290655469296,69222.7330390625,1.3364186354325333e-06,17.468448638916016,2.1967174689052626e-05
682,0.6273478626463639,0.009070150723788169,0.40670680125118464,67034.65365332032,1.374495084365903e-06,16.788043975830078,2.286191374878399e-05
683,0.9137780698413119,0.002860694162778505,0.12827391823271247,45293.25043847656,1.6659250313594978e-06,9.758807182312012,1.5073098438733723e-05
684,0.9579515528665623,0.0020194387216890225,0.09055190898502484,67385.05801464844,1.361043378384972e-06,12.264169692993164,1.4895718777552247e-05
685,0.9506681760628902,0.0016504441651150905,0.07400614250843371,65809.81860546875,1.370961365789944e-06,6.56416130065918,9.360808689962141e-06
686,0.8859984650840955,-0.0022475256051135524,-0.10077935609035794,63269.032055664065,1.4079661967231979e-06,7.134066104888916,8.855406122165732e-06
687,0.5268559917938768,-0.011335567479413599,-0.5082883989819494,59576.103671875,1.4510932776980808e-06,8.179316520690918,2.1293193640303798e-05
688,0.3476915671834386,-0.008781445750229622,-0.3937612306783217,58102.88161767578,1.4711563355475823e-06,5.308685302734375,1.5382458514068276e-05
689,0.5635305867072778,-0.002998853953733643,-0.13446902218986356,53441.45927636719,1.5337679259371088e-06,3.608924388885498,4.846330284635769e-06
690,0.21212720018678954,-0.006763578662727833,-0.30327979398559834,52023.40759521484,1.5576167159479649e-06,4.853712558746338,9.45437204791233e-06
691,0.9816867533557261,-0.0009350894483014985,-0.04192953898825634,59645.11028613281,1.4573737955718232e-06,6.361446380615234,7.988570359884761e-06
692,0.9809391501232866,0.002094009929531322,0.09389569216245723,58923.57308984375,1.449901025157809e-06,10.262968063354492,1.4204000763129443e-05
693,0.9300655027659976,0.003653611550983125,0.16382844256573903,57018.82305078125,1.4843989333667464e-06,9.03060245513916,1.4262817785493098e-05
694,0.9284804387378552,0.0033824142417532236,0.15166791806028124,48357.8581015625,1.604123583999344e-06,6.6168437004089355,1.3909264453104697e-05
695,0.965017167539044,-0.0014584802283741545,-0.06539845328197691,49937.15698828125,1.6020308203700292e-06,6.739972114562988,1.0415179531264585e-05
696,0.9961738735311007,0.0003159929922466734,0.014169169069856397,50274.47537402344,1.5903070577999344e-06,4.894655227661133,6.099257461755769e-06
697,0.81933119020939,0.0025400898299320555,0.11389797601851397,56566.38087890625,1.5145519861948688e-06,7.005311965942383,8.40124448586721e-06
698,0.9987837798941039,5.3570254124685525e-05,0.0024020975351735246,48808.54435449219,1.6126789317166936e-06,6.9925761222839355,9.881948244583327e-06
699,0.9798949499402776,0.001470746298187413,0.06594846553310635,60075.510704101565,1.4375196776787588e-06,15.802852630615234,2.078096804325469e-05
700,0.998090929569289,-0.0007142734543444966,-0.03202811956290803,58192.03407128906,1.4652855863656404e-06,13.707022666931152,1.772943687683437e-05
701,0.7742332069194212,0.003667125090173543,0.16443439151466915,52532.39161230469,1.5418782096401128e-06,5.70314884185791,1.0659033250703942e-05
702,0.9972788726801596,0.00020967027715309628,0.009401643956669564,59233.56248632813,1.4563891108095516e-06,6.554981231689453,8.410715054196771e-06
703,0.5527463224410581,0.0067417476588112046,0.3023008887786818,60829.02283691406,1.4258632725007415e-06,8.198284149169922,1.4397445738723036e-05
704,0.7900930139634903,-0.003410336617851085,-0.1529199612304471,58721.41747070313,1.4633545511800456e-06,5.363372325897217,9.75539023784222e-06
705,0.9539952088510586,0.0018361301707989419,0.08233232844608564,58714.940696289064,1.4681068620863485e-06,7.163719177246094,9.578576282365248e-06
706,0.9196195982600739,0.0030199785115418696,0.13541625025648174,58013.424080078126,1.4731629603345772e-06,7.699281692504883,1.1621067642408889e-05
707,0.914590104645365,0.002444645181710438,0.10961822491438387,58572.711,1.4697291431366836e-06,5.879045486450195,8.504686775268055e-06
708,0.8864365317582169,-0.000671361016306392,-0.030103919961396004,55177.231283203124,1.5079351999273847e-06,1.7600702047348022,2.10580401471816e-06
709,0.537377067935452,-0.010892272260308474,-0.4884109806167462,51363.59177832031,1.573472297817412e-06,5.177248954772949,2.1846277377335355e-05
710,0.8149576496292489,0.004662307291442424,0.20905849777992158,61296.01365625,1.4212405899724241e-06,5.939804553985596,9.787500857783016e-06
711,0.9984177955441583,-7.169782547953941e-05,-0.0032149403185739362,64755.72662011719,1.4094340215472763e-06,5.756052494049072,6.902473160153022e-06
712,0.57489075763697,-0.007030525911864702,-0.31524974521413923,66802.24981054687,1.366564885061138e-06,5.925098419189453,1.1731654012692161e-05
713,0.9710610581696343,-0.0007853466565979709,-0.03521505169043902,63151.5308046875,1.4261465784035083e-06,5.096365451812744,5.906923888687743e-06
714,0.4856423036121329,0.004057602598268817,0.18194345648108187,62776.30479003906,1.4322454268985049e-06,4.147602558135986,8.879073902789969e-06
715,0.7880077492710315,-0.005350997519579657,-0.23993946197426966,58308.52596191406,1.4831325771622836e-06,7.367201805114746,1.66641766554676e-05
716,0.9772041230844439,-0.0014526776084957877,-0.06513826301155311,51567.97206738281,1.5452590626190525e-06,12.923430442810059,1.8579028619569726e-05
717,0.9640396017719431,0.0016529440007669325,0.07411823548159104,60586.305213867185,1.4467910801886983e-06,10.05079460144043,1.2615531886694953e-05
718,0.5902992413031628,-0.021350136782920495,-0.957343058752421,49852.959639648434,1.5853876847211409e-06,12.01640796661377,5.4072148486739025e-05
719,0.8687925673501218,-0.005354941514823695,-0.2401163112614205,55173.82824121094,1.4923940904714156e-06,9.445267677307129,2.049725480901543e-05
720,0.42142690372272773,0.009424281048812518,0.42258605354838813,65982.58860058594,1.3674088202585024e-06,7.638997554779053,1.9706702005350962e-05
721,0.9923576595681499,0.00020140102562409923,0.009030849585052417,72835.57693457032,1.3184799237074577e-06,11.637748718261719,1.2940596207045019e-05
722,0.9989851408230949,-0.0003373475415524295,-0.015126709986737373,74089.06906445313,1.2831154554509179e-06,12.717061042785645,1.4602354895032477e-05
723,0.9668544475616447,-0.001256951546613598,-0.05636187957827424,78131.27022167969,1.258926086744503e-06,8.839004516601562,1.1471845027699601e-05
724,0.9915560467631528,0.0003735297327743915,0.016749124398831826,62907.09143359375,1.4272896248757035e-06,5.215993881225586,6.296663286775583e-06
725,0.9239598414035157,-0.0013064405448448163,-0.058580973039969,62545.56835742188,1.4263642674026592e-06,4.98350191116333,6.983825187489856e-06
726,0.7711396588321462,-0.004512934212778674,-0.2023605884654661,71331.96696679687,1.3390534661010409e-06,7.558992385864258,1.2230724678374827e-05
727,0.9409916094554979,0.0013016999671861004,0.0583684048881959,62955.619504882816,1.4062506897649605e-06,4.323606014251709,6.053851848264458e-06
728,0.998244639369601,-0.0001488102598051152,-0.006672672439716517,67409.6681484375,1.370131434784945e-06,3.49672794342041,4.271908892405918e-06
729,0.9028635499708236,0.002401232747159032,0.10767160540070563,64419.141421875,1.4017313303059782e-06,5.226849555969238,8.189378604583908e-06
730,0.997664974020891,-0.0002606212201161968,-0.011686291220458316,63957.25275683594,1.4154327205535449e-06,6.812434673309326,7.926567377580795e-06
731,0.9798752997112445,-0.0012947855920730472,-0.058058363360715494,75246.59641894531,1.2831272805231673e-06,7.689096927642822,9.272284842154477e-06
732,0.9058899210342923,0.005038759739164924,0.22593867711749838,63518.41132519531,1.4129922796026458e-06,12.874229431152344,2.0341152776381932e-05
733,0.7464071972408118,-0.003664936155112736,-0.1643362393666136,63052.736102539064,1.407866442917281e-06,8.126666069030762,9.27387645788258e-06
734,0.6355962447327045,-0.006506988717838031,-0.29177426569865894,56144.263162109375,1.486640857190238e-06,8.403213500976562,1.543885446153581e-05
735,0.9530045018354232,0.0027334101484150653,0.12256648558813746,53419.43396875,1.5373769793764559e-06,12.795804023742676,1.808766864996869e-05
736,0.7052130845836663,-0.007787686634686915,-0.3492009357720227,41857.76355957031,1.7310062614271752e-06,8.159523963928223,1.9683782738866284e-05
737,0.9942408610736009,0.0006355546094351557,0.028498355771078253,54716.34963964844,1.5064727008870997e-06,9.694045066833496,1.3059885532129556e-05
738,0.6783414899526774,0.010157264997707577,0.4554531542506646,52457.252513671876,1.5296196450200577e-06,8.177360534667969,2.4781858883216046e-05
739,0.9254685937225172,-0.002625625361641581,-0.1177334009804898,56321.813700195315,1.4845271995249857e-06,8.278968811035156,1.146139493357623e-05
740,0.7169549538651782,-0.0035277488542399043,-0.15818474199800425,52761.82810058594,1.5437996976012109e-06,5.40407133102417,1.0220336662314367e-05
741,0.992093866732029,0.00036866124708884206,0.016530820833609478,56201.18448632812,1.507448101809349e-06,5.531992435455322,7.320961231016554e-06
742,0.8311040054902744,-0.0026620915694352786,-0.11936855073457699,56210.80442578125,1.4850852492124078e-06,5.211007595062256,8.448135304206517e-06
743,0.7801309080913591,-0.003271100494188161,-0.1466765943671993,45007.802243164064,1.6694334685009157e-06,5.218512058258057,8.990528840513434e-06
744,0.9764645051307708,-0.0008470797174419576,-0.03798317059737781,49708.950252441406,1.595182417784081e-06,4.716744899749756,6.263359864533413e-06
745,-0.3752039242588708,-0.004172744409792749,-0.1871064310866028,50052.87479638672,1.5977395498757278e-06,1.646679162979126,5.398576377046993e-06
746,0.646143108434972,-0.003245481477663992,-0.14552783415592524,62248.57144824219,1.4127272782378372e-06,4.008294105529785,6.09901690040715e-06
747,0.7088504660893951,-0.00241584059194458,-0.10832662316246372,57853.623388183594,1.4785852334310498e-06,2.774049997329712,5.324949142959667e-06
748,0.9385701314354905,0.0009578151283170405,0.042948561594037114,55426.650644042966,1.5022291163596188e-06,3.964052677154541,4.421808625920676e-06
749,0.9775143309543551,0.0007265913592597021,0.032580456107111244,58276.96399316406,1.4621962801528829e-06,4.748332977294922,5.782529115094803e-06
750,0.9680585421437897,0.001394951901499632,0.06254983440024066,58564.98188378906,1.4774250284713236e-06,8.0006103515625,1.0387485417595599e-05
751,0.572350986828958,0.006781843315302142,0.3040987835096621,60841.40533105469,1.4428154313074547e-06,4.927934169769287,1.51436743180966e-05
752,0.7442882718305734,-0.0038349334034015574,-0.1719589392729911,65120.404879882815,1.3923302905869224e-06,6.4091033935546875,1.0925794413196854e-05
753,0.732850601309504,-0.007069727558252922,-0.31700755240961587,67492.78898925781,1.3568363310309623e-06,10.017224311828613,1.9014834833797067e-05
754,0.5981706439733288,-0.006550501303231179,-0.2937253759898036,76026.69792773438,1.278922539971234e-06,8.60678482055664,1.5881725630606525e-05
755,0.3435782713032956,0.007390207511783828,0.331377917438263,79128.35935644532,1.2566727898851533e-06,3.6792728900909424,1.593101660546381e-05
756,0.6843519014807424,0.002111494370606204,0.09467969689598166,60945.79830761719,1.451176093351656e-06,4.092521667480469,7.002125130384229e-06
757,0.6364232530842273,0.0027298499154376314,0.12240684425360443,62188.82897949219,1.4205227486599339e-06,3.7156779766082764,7.744038157397881e-06
758,0.8648275593338329,0.0018190733473243377,0.08156749814435002,62057.5684375,1.4203953486205878e-06,4.198856353759766,7.343069682974601e-06
759,0.7408197612452163,-0.005323055880475879,-0.23868655504827904,59615.15579296875,1.4419457365732476e-06,7.69688081741333,1.5127605365705676e-05
760,0.6792839617598683,0.005457363986597827,0.2447089489297501,62952.868973632816,1.4030030052215738e-06,5.674381256103516,1.5102416909940075e-05
761,0.9456655499902532,-0.0023180547315222616,-0.10394189178246015,67119.22728027344,1.3595470700514716e-06,10.194830894470215,1.3502704860002268e-05
762,0.9974450458562787,-0.0005550111705300247,-0.024886776934470476,74238.96206347656,1.2970403117694088e-06,9.42966365814209,1.0887686585192569e-05
763,0.9862795278186205,-0.0008919459132624876,-0.03999497696555864,81564.58025683594,1.2457982288799092e-06,9.4794340133667,1.0497376933926716e-05
764,0.9976597077954346,-0.0003633023385240176,-0.016290526639282453,71816.37708789062,1.313709721087504e-06,9.940861701965332,1.1325912055326626e-05
765,0.7278349556439823,-0.0036641228224854583,-0.16429976942016322,76746.36396679688,1.302746384156334e-06,7.153064727783203,1.099865221476648e-05
766,0.8786656569952769,-0.0012153306950086248,-0.05449559488939765,74579.43110839844,1.3039674948229683e-06,3.9846010208129883,4.976989657734521e-06
767,0.960552433824074,-0.0006883075332949024,-0.030863804105180918,72548.11247558593,1.3422962593481542e-06,4.1921281814575195,4.989913577446714e-06
768,0.9782628357569862,0.0002519278570273027,0.011296479628383406,74998.5282314453,1.321184507899354e-06,3.6403143405914307,4.283333964849589e-06
769,0.9813567822254674,-0.0005735541396567992,-0.025718246210881816,68670.39859765625,1.3388193990611225e-06,3.8460633754730225,4.637398888007738e-06
770,0.9996130503955372,-7.673884832337551e-06,-0.00034409804736149806,67243.37830371094,1.357085307454832e-06,3.7774763107299805,4.473755325307138e-06
771,0.8798312708496647,0.0012321276060943706,0.055248770684003516,70871.10452148438,1.338426716828157e-06,4.481725692749023,4.876980256085517e-06
772,0.993980900413549,0.00019521216763229322,0.008753340344699462,64683.35674804688,1.3899756027404322e-06,3.9861321449279785,4.642651219910476e-06
773,0.8697360067890035,0.0012600247575697222,0.05649968277863974,63994.780375,1.4142984606667054e-06,3.749821662902832,5.026435701438459e-06
774,0.8435420533838176,-0.002539359130208197,-0.11386521134277532,58420.0613125,1.4795415252865256e-06,5.3101725578308105,8.895509381545708e-06
775,0.7355994994428435,-0.008829156441758922,-0.39590058462383787,68264.45261230468,1.3651578319200551e-06,9.290985107421875,2.3547625460196286e-05
776,0.5464978215438213,0.0026885951519819047,0.12055697500750162,75704.47452148437,1.284100430526194e-06,3.014422655105591,6.588293217646424e-06
777,0.7344486188632305,-0.00533158101375763,-0.2390688231927507,77340.96620605468,1.269439904308826e-06,7.468434810638428,1.4680013919132762e-05
778,0.5829317348785045,-0.0017820993894749507,-0.07990958080819359,77956.6151875,1.2790308113333486e-06,3.428640365600586,4.318442279327428e-06
779,0.7237360576367503,-0.0025222274275058954,-0.11309702344620975,71220.90175683594,1.328050944061672e-06,4.916943550109863,7.106541943358025e-06
780,0.6245333640356435,-0.0019898760008643128,-0.08922631253254629,71425.16617382813,1.3344797230324203e-06,2.5075464248657227,4.671969236369478e-06
781,0.6221372906507548,-0.0030012177590998347,-0.13457501554637333,72140.61784082031,1.3212826094271524e-06,4.11729621887207,7.159407687140629e-06
782,0.855775941634268,-0.0026910294252018956,-0.12066612815223134,72164.61864746094,1.319221910706592e-06,5.721744060516357,9.884897735901177e-06
783,0.8851132948004344,-0.0027526021617235575,-0.12342705809458936,75307.83992382813,1.2871511396519717e-06,6.237982749938965,1.0400244718766771e-05
784,0.8843747537924177,-0.0019805415248975384,-0.08880775335118161,70618.62346289062,1.3363637192785322e-06,3.993411064147949,7.47223475627834e-06
785,0.9583791983769228,-0.0009001080690499412,-0.04036096914945067,70578.89350976562,1.3309651879588975e-06,3.4962472915649414,5.549252819037065e-06
786,0.9293008964090159,-0.001674855428652342,-0.07510074691028744,68828.38007324218,1.346690974663431e-06,4.774991989135742,7.76675824454287e-06
787,0.92961209599322,-0.0010503292138969132,-0.04709690586776422,71239.23947949219,1.3326408603116642e-06,4.13416051864624,5.869814685866004e-06
788,0.9978750054613637,0.00014386564148700953,0.006450955076818621,67345.20614257813,1.357583395360471e-06,8.139360427856445,9.45542888075579e-06
789,0.9982120843595593,0.00018580119709668018,0.008331351136386753,67760.0610888672,1.3687815525522125e-06,7.604401111602783,8.858232831698842e-06
790,0.8732926728418227,0.0023271594476282527,0.1043501485001855,62831.821334960936,1.417361307257944e-06,7.844761371612549,1.0592913895379752e-05
791,0.8568606281367306,0.0020093876360131107,0.09010121692611225,62564.219611328124,1.4083521488324991e-06,5.410373210906982,8.409236215811688e-06
792,0.8103789146689092,-0.006058100198081734,-0.27164604296586026,69765.64882324218,1.3421314754532907e-06,13.511878967285156,2.197900539613329e-05
793,0.9263413665832472,0.0026246466534198412,0.11768951556972392,71713.86999707032,1.3080871362988594e-06,14.424295425415039,1.7203910829266533e-05
794,0.9675652730644431,0.0012591491613360972,0.056460420923549366,66402.24388183594,1.3790550801838993e-06,7.553013324737549,9.873951057670638e-06
795,0.801653932578054,0.004589810777399248,0.2058077441567175,76478.16462695312,1.2809769332002324e-06,9.996710777282715,1.590373540238943e-05
796,0.6059230380404346,-0.003166303670444295,-0.14197749043121188,64538.19353515625,1.3934566787307462e-06,4.228692531585693,7.610979537275853e-06
797,0.5483098654211704,-0.0040407496480614515,-0.1811877678845841,66359.23076855468,1.376940231233404e-06,4.780161380767822,8.729314686206635e-06
798,0.5720238114278658,-0.0049880479148278365,-0.22366475196566427,65877.12682617188,1.38927587633396e-06,4.995516777038574,1.0703769476094749e-05
799,0.8564191240680566,-0.0028692354984285683,-0.12865691289359932,60022.46736523438,1.4532512116606127e-06,7.220180034637451,1.2198512195027433e-05
800,0.9559932127947685,0.0009435614495608182,0.04230942468556202,65530.2466015625,1.3870978931908218e-06,5.010443210601807,6.118139026511926e-06
801,0.9457495776803793,0.0018581081744566325,0.0833178251415334,67475.9953984375,1.3716886722154218e-06,9.20457935333252,1.1381515832908917e-05
802,0.6977211400707076,0.0021021072375295045,0.09425877656259286,73444.23899609374,1.312333086908694e-06,3.3996284008026123,5.339382823876804e-06
803,0.9124220797301338,-0.0005145277053380116,-0.023071492808196252,63747.354640625,1.4182162990045388e-06,1.8417026996612549,2.6055151920445496e-06
804,0.936427759125164,-0.00105069397706382,-0.04711326189814835,62869.49348730469,1.418774927820673e-06,3.973111867904663,4.823416475119302e-06
805,0.9332306038317014,-0.000988013485109921,-0.04430266005042361,58936.873625,1.457702614638191e-06,4.388651371002197,5.806555236631539e-06
806,0.632087629595306,-0.00392766833263188,-0.17611718620626451,59466.093677734374,1.44311735107695e-06,5.297224998474121,8.633030120108742e-06
807,0.5802832736603483,-0.003146728842321578,-0.14109975245603668,55398.92676757812,1.5063956749524046e-06,4.385537624359131,6.602212124562357e-06
808,0.8712178990923116,-0.0012358275585694152,-0.05541467705995383,54700.28338867187,1.523307434257787e-06,3.2466444969177246,4.59294415122713e-06
809,0.9884792777194057,-0.000627253329334323,-0.028126125233911423,59088.50643554688,1.4706395617117965e-06,5.751619815826416,7.412062586809043e-06
810,0.9636389564248757,0.0009415753819643442,0.042220369142404165,56400.465623046875,1.4961454693701124e-06,4.7362542152404785,6.564768227690365e-06
811,0.7048719355614304,-0.0039087204096239355,-0.1752675587423345,64393.08638964844,1.3995395999281028e-06,4.7251081466674805,1.00682518677786e-05
812,0.9882000286983537,-0.000690258730943349,-0.030951296075091332,67328.15303515625,1.3652943022960606e-06,6.272205352783203,7.871085472288541e-06
813,0.9197135515250549,0.0019181738961686612,0.08601118033333555,74475.16035449218,1.2956392569513993e-06,8.851219177246094,9.509045412414707e-06
814,0.8933969165642945,0.002979270086154629,0.13359087888422932,74722.56059082031,1.3149831047120009e-06,10.359559059143066,1.3780065273749642e-05
815,0.9684825816807806,0.0016007248057319863,0.07177671962112418,70692.4585,1.3363108524513845e-06,9.936162948608398,1.1554542652447708e-05
816,0.9460588328334771,-0.0017372931718652568,-0.07790046387120489,79561.47349707031,1.2634348396618405e-06,7.914256572723389,8.75940440892009e-06
817,0.9663722896301776,0.001213436770214086,0.05441067104210401,68989.283171875,1.348848645748736e-06,6.601941108703613,8.229492777900305e-06
818,0.7618178527704548,0.002546680811126885,0.11419351651838958,64173.88301464844,1.4074927329537595e-06,4.599165439605713,7.406787972286111e-06
819,0.9721610916129734,-0.0008825915330433186,-0.03957552527478932,60680.591788085934,1.4446154298961419e-06,5.788849830627441,7.2012999225989915e-06
820,0.9458928865609116,-0.0016242247428275669,-0.07283046002046299,54797.87232421875,1.502707990001081e-06,6.751841068267822,9.547130503051449e-06
821,0.9952055201103497,0.0003183276679219017,0.014273856247032044,58160.56508203125,1.463867493348283e-06,6.281090259552002,8.205458470911253e-06
822,0.997588748160522,0.00020691433471492826,0.00927806712012152,60995.7825,1.4160719130952774e-06,9.054276466369629,1.1450564670667518e-05
823,0.9870155905997409,-0.0006002545108923202,-0.026915494515580604,68997.01673730469,1.345785759027228e-06,7.239964008331299,8.861989044817165e-06
824,0.474189390126648,0.004246290999873385,0.1904042702632085,61034.35600390625,1.438965698950095e-06,7.017300128936768,8.680113751324825e-06
825,0.9287914742743089,0.0033817238245659417,0.1516369596590022,60253.47554882812,1.4396368162589184e-06,12.239598274230957,1.5895324395387433e-05
826,0.9639144674327325,0.0016585629221780853,0.07437018868757451,57903.30081640625,1.471024500726467e-06,9.430376052856445,1.2820873052987736e-05
827,0.7973004921023259,0.0025665630565129883,0.11508503912577754,52414.364434570314,1.530474736086868e-06,5.285613059997559,7.904119229351636e-06
828,0.9987408335919503,0.0004948505735289427,0.022189167521707305,54636.4030390625,1.5055617619837247e-06,11.150175094604492,1.4731845112692099e-05
829,0.9920497345240042,-0.0008031248402446898,-0.03601222788113338,54427.86473242188,1.5171794335882336e-06,7.2242326736450195,9.065698577614967e-06
830,0.5588796514692125,-0.004138038571458042,-0.1855502165402634,58080.00883789062,1.46805306890661e-06,4.449305534362793,7.91498678154312e-06
831,0.9963678816787395,0.0005566931788935687,0.024962198419961404,55727.85128613281,1.4927566577843933e-06,6.977737903594971,9.601645615475718e-06
832,0.970920902971632,-0.0016293698546181524,-0.0730611675381386,56371.71698828125,1.4868086504978372e-06,8.146283149719238,1.0778130672406405e-05
833,0.6235589739055802,-0.007440668447746457,-0.3336405927210096,51501.49156640625,1.5562501726302797e-06,4.776449203491211,1.4293461390479933e-05
834,0.37205600753961315,-0.007462381362670104,-0.33461420280130016,44857.70603955078,1.6810195099505243e-06,4.967811584472656,1.2011929356958717e-05
835,0.9590974731492471,-0.0005851426964618939,-0.026237878685892026,40141.505625,1.7497713642821512e-06,2.5372979640960693,3.856905550492229e-06
836,0.9969358404601404,-7.619644831096539e-05,-0.0034166591827385954,40569.203172851565,1.7502787904905853e-06,2.6615006923675537,4.197988801024621e-06
837,0.7187257758280384,0.0032745821683595857,0.14683271311410667,46264.08351123047,1.6510780934926884e-06,5.797946929931641,8.378518032259308e-06
838,0.6386628515063685,0.0036028018519051338,0.16155012869711186,51786.85747851562,1.549220778897259e-06,5.495330333709717,7.566337444586679e-06
839,0.9392767936203668,0.0015210861636008608,0.06820571199583851,63702.28186523438,1.3916933670847032e-06,6.691568851470947,7.676026143599302e-06
840,0.9438061322299178,0.0013780883838790832,0.061793671959487755,66188.52987304688,1.3767418902484595e-06,6.813360691070557,7.970489605213515e-06
841,0.9912356983848516,0.000567951248024766,0.025467011782390473,62953.80565039063,1.408367713440019e-06,6.969907283782959,8.362607331946492e-06
842,0.4134539709760383,-0.003268235649346319,-0.14654813433194863,62059.579098632814,1.4263157870511595e-06,2.923647403717041,6.017294708726695e-06
843,0.9919870298775727,-0.00041737568509699394,-0.01871518290877132,55885.35796289062,1.5087083815789786e-06,3.698371648788452,4.771897692990024e-06
844,0.9988669155528748,-2.112263398662817e-05,-0.0009471418021941278,55385.259092773435,1.5234655074496248e-06,2.6664226055145264,3.6105791423324263e-06
845,0.833968814713177,0.0018722924935466413,0.08395385195307176,56438.38074511719,1.514339071354467e-06,2.2972378730773926,5.2150544433970936e-06
846,0.9101880989611143,0.0012947671350743493,0.058057535746364894,49786.00126074219,1.599961470949865e-06,2.376725435256958,4.250533038430149e-06
847,0.9314208352644466,0.0010403931492724424,0.04665137136855847,56588.54857226562,1.4970652014873642e-06,1.9383617639541626,3.568017746147234e-06
848,0.7620525638726067,0.0024034541769793185,0.1077712146182287,52088.529875976565,1.5640581929280965e-06,1.8469467163085938,4.744079433294246e-06
849,0.49664353325104793,0.0035902061189683073,0.16098533430635104,56635.03662890625,1.4956493268544988e-06,2.046971559524536,5.5903869906615e-06
850,0.7579492643510217,0.003991029560136194,0.17895831232934456,59871.73040527344,1.4522728723549175e-06,4.392966270446777,8.673104275658261e-06
851,0.8592828204727551,-0.0018042853109466826,-0.08090440056691194,56905.791748046875,1.4979516441977329e-06,3.7628347873687744,4.614362751453882e-06
852,0.6568177499771737,-0.0027833956458814786,-0.12480784214356894,58915.134055664064,1.4734391831963608e-06,3.8159940242767334,4.8114466153492685e-06
853,0.09545443165862613,-0.005921881238415462,-0.26553796614963565,55599.87290722656,1.5114506380560756e-06,4.208371639251709,6.787459369661519e-06
854,-0.0818913041881246,-0.004254912259836013,-0.19079084874122204,65284.89705664063,1.3992261844732473e-06,3.0214104652404785,4.064921085955575e-06
855,0.4770254033543484,-0.004164985201617479,-0.18675850712885309,63445.49438671875,1.4268625239746399e-06,4.8978352546691895,5.5541490837640595e-06
856,0.7544899409689316,0.0024182517727492072,0.10843474084012439,66760.15401464843,1.3843076762407813e-06,3.45175838470459,4.939609425491653e-06
857,0.955297227367516,-0.001110962140580797,-0.04981569460822306,61065.59270214844,1.4420147280300993e-06,4.068013668060303,4.848169282922754e-06
858,0.850540092226395,-0.0016810922394858048,-0.0753804063626308,58280.42627734375,1.4595156539430605e-06,2.8166515827178955,4.364536835055333e-06
859,0.9246974789470525,-0.0008563914101471305,-0.03840070817417049,57897.19043554687,1.478278776062368e-06,2.635235071182251,3.644956450443715e-06
860,0.8368902378869778,-0.0010714469638276995,-0.04804382866822517,59082.026010742185,1.460205385648079e-06,1.912636399269104,3.2051129892352037e-06
861,0.9986791337999469,-1.3059589700371355e-05,-0.0005855937915960694,55110.04408789062,1.4917657890513896e-06,3.4622669219970703,4.637601250578882e-06
862,0.9877633355407859,0.00042935445850889384,0.01925231274989835,43548.96225683594,1.6924750278374225e-06,4.214274883270264,6.59852048556786e-06
863,0.9893304630704343,0.0004974012344484027,0.022303539506828705,58147.26077832031,1.468099054356436e-06,5.185249328613281,6.889416908961721e-06
864,0.9776891576209206,0.0007233010952626998,0.03243292021865207,58433.52705371094,1.4723305397102153e-06,6.87249231338501,8.841182534524705e-06
865,0.9765550850329205,0.001154597078085598,0.05177229118481899,59689.65574609375,1.4538051408358485e-06,8.748008728027344,1.1482388799777254e-05
866,0.9942547764029174,-7.45138282349691e-05,-0.0033412102679774894,49781.31140722656,1.6056121674883271e-06,5.586075782775879,7.826131877664011e-06
867,0.974923718480969,-0.0010103250159717162,-0.045303112151403466,55050.08298339844,1.5115164546426943e-06,4.8462233543396,6.9904722295177635e-06
868,0.4876118943157094,-0.004061346826343507,-0.18211134818098695,54394.16030957031,1.5282816438214875e-06,4.457324981689453,7.7824197433074e-06
869,0.9699233885361939,-0.0011866677847198455,-0.05321034606464268,52470.14392285156,1.5568925771014347e-06,6.242504119873047,7.950353392516263e-06
870,0.9285132795089803,-0.0030950402259663735,-0.13878202781626958,44251.865901367186,1.6662343829644023e-06,8.02979850769043,1.1515729966049548e-05
871,0.6765205160194957,-0.012409899388347962,-0.5564615889840541,43597.19965283203,1.6914427925365598e-06,9.661316871643066,2.6395180611871183e-05
872,0.5659007843856142,-0.0052056962252496316,-0.23342413202725634,52621.01483789062,1.5371103596215704e-06,5.370903968811035,1.004736805043649e-05
873,0.6662575257072066,-0.004362937887035711,-0.19563473266658116,51794.874939453126,1.55377350762373e-06,4.294979095458984,1.041342238750076e-05
874,0.8005930399552454,-0.002689515785755156,-0.12059825635203991,53067.300548339845,1.5342014773885662e-06,4.4649858474731445,7.139420631574467e-06
875,0.05061541002164009,-0.003896061710755565,-0.17469994095057562,55026.79087011719,1.5092777083032405e-06,2.6621134281158447,5.526906079467153e-06
876,0.9930512169640667,0.00044536695318388056,0.019970315205164662,54060.57340625,1.5101479713383507e-06,4.971356391906738,6.944955202925485e-06
877,0.8595355176887148,0.001972332908226719,0.08843967785491338,47543.37522265625,1.622104998132915e-06,5.527065277099609,8.076430276560131e-06
878,0.8590096040187797,0.0034310972991890565,0.1538508730262805,48051.17155078125,1.5974994535609814e-06,6.421347618103027,1.3492453945218585e-05
879,0.9256668303554558,-0.0014982099877565989,-0.06717994113647693,57553.02400878906,1.474878875277447e-06,6.955080986022949,8.514648470736574e-06
880,0.6651846239062136,-0.009228779106031105,-0.41381971964629694,57179.782368164066,1.4703454841286022e-06,8.54024600982666,2.2542451915796846e-05
881,0.8839127067531712,-0.0016088863564839757,-0.0721426846751431,43114.9975625,1.7067048417664342e-06,4.222012519836426,6.812169431213988e-06
882,0.699214172713275,-0.007096594086352418,-0.3182122512108623,43155.689940429686,1.6993194877958557e-06,4.479476451873779,1.7040092643583193e-05
883,0.8018585397421046,0.0027158378745282753,0.12177854241929213,33818.68256591797,1.9103254684557865e-06,3.6137375831604004,7.419829671562184e-06
884,0.9986746450423297,-0.0001253724424995727,-0.005621717500274711,43961.745913085935,1.6930616193513354e-06,3.390501022338867,5.004861577617703e-06
885,0.8076091137098074,-0.0032325563232662603,-0.14494826846171993,50371.59112597656,1.5585919692255771e-06,3.2354815006256104,7.219645340228453e-06
886,0.8803178732728633,0.0018079825180117347,0.08107018383830203,55270.07326855469,1.5053846273228475e-06,4.036642551422119,5.839240202476503e-06
887,0.9976969543790907,-0.0003066381298496138,-0.013749695758164385,57360.45681835937,1.4747716653666357e-06,4.940004825592041,6.659486189164454e-06
888,0.91879341929781,0.0034051037869979495,0.15268532037798743,58939.638752929684,1.4443484449405433e-06,9.763461112976074,1.3257453247206286e-05
889,0.9991743831555464,-5.066837779238054e-05,-0.002271977002816444,60640.881657226564,1.452116100026623e-06,8.017102241516113,1.0242239113722462e-05
890,0.8641332855646626,0.00288473292179314,0.1293518194807313,56729.97286230469,1.4786409335759283e-06,5.9586100578308105,8.660025741846766e-06
891,0.9753547990250242,-0.0013324378812799964,-0.059746697167890335,52813.09644921875,1.550777597914475e-06,7.125389575958252,1.0354679034207948e-05
892,0.9599645554047838,-0.0019655552238729496,-0.08813576555980872,54527.92858496094,1.5202402659800365e-06,7.117387771606445,1.0358935469412245e-05
893,0.38305653594833466,0.01128141950959104,0.5058603965957245,57162.42337744141,1.5016500753640713e-06,7.458615303039551,2.0979954570066184e-05
894,0.9887068843799691,-0.0008250313436287906,-0.036994518494516355,53893.23402929687,1.528210036596024e-06,5.6356329917907715,7.42252086638473e-06
895,0.8111360634161942,-0.002407331027713892,-0.10794505313637497,55017.285318359376,1.5228607810927313e-06,4.451452255249023,7.121836461010389e-06
896,0.9729842036713633,-0.0005481376060619347,-0.02457856536190213,47882.96797949219,1.607300720119658e-06,2.8021256923675537,3.961376933148131e-06
897,0.8150352465133185,0.004281237353432824,0.19197126954518037,47249.07828173828,1.625618838840886e-06,5.6952104568481445,1.0776421731861774e-05
898,0.8522993329671683,-0.005079459198336343,-0.22776364644340477,54974.15822363281,1.5230018751097606e-06,7.649504661560059,1.4419681974686682e-05
899,0.6162813358662188,-0.008089256546687693,-0.3627233719473957,53908.74279394531,1.5381486293595198e-06,7.265477657318115,1.52907487063203e-05
900,0.9316047248748273,-0.0025104917526539267,-0.11257079417781952,60645.58029296875,1.4264112133118588e-06,6.04727029800415,9.541810868540779e-06
901,0.8453377839238567,-0.0036849679605493748,-0.16523446826716037,59488.00291308594,1.4383505864562098e-06,5.274980545043945,1.0216069313173648e-05
902,0.9985625332509767,0.00019253972469234526,0.008633507637092749,64896.108513671876,1.3940669176729004e-06,4.2189459800720215,5.024156507715816e-06
903,0.9991708510689723,-0.000503431894071841,-0.022573955110667634,61265.97182226562,1.43691869985121e-06,20.515472412109375,2.352018236706499e-05
904,0.9908154542146748,0.0016130003366340345,0.07232715610877133,64388.6945859375,1.3993819313541823e-06,12.879355430603027,1.6556001355638728e-05
905,0.6590290218139426,-0.0022702679041261384,-0.10179912389424337,75543.36196972657,1.307363924619225e-06,5.146235466003418,4.075489869137527e-06
906,0.39935435832667526,-0.005256832293744511,-0.235717080345256,66684.40096191406,1.3899450857824822e-06,4.783252239227295,1.2308814802963752e-05
907,0.3236935385588809,-0.0026954594374720866,-0.12086477050942916,73489.47352539063,1.333682674719061e-06,2.6702911853790283,5.624087407340994e-06
908,0.552514922201104,-0.002303836287329785,-0.10330433479665126,70181.122859375,1.3602951273359724e-06,3.1790895462036133,5.438205334939994e-06
909,0.9695272681764904,-0.0010565267217759562,-0.04737480297024609,67179.6299453125,1.3894647286223597e-06,6.757584095001221,8.71090105647454e-06
910,0.9925984725605485,0.000369224111631,0.01655605975680382,78750.53096582032,1.287028233316109e-06,6.409266948699951,7.423336228384869e-06
911,0.8642572208452067,0.0028262286648922876,0.12672848058501496,74882.0195546875,1.3341855400101787e-06,7.523989677429199,1.1882594662893098e-05
912,0.9420293793359287,0.0012732225828621603,0.057091475073125196,55268.94259375,1.505960553960466e-06,5.717931747436523,7.631079824932385e-06
913,0.7888858197494395,-0.0031178727489014606,-0.13980584127320242,58749.4981953125,1.4750208099127672e-06,5.477649688720703,8.770000022195745e-06
914,0.7593943682568591,0.003749801697996292,0.1681416219378308,57061.276897460935,1.4934071750535992e-06,3.783320426940918,9.16196768230293e-06
915,0.8548304219923681,-0.0021376214662772995,-0.09585123944582113,53766.46838476563,1.5495596618051224e-06,4.935603618621826,6.470133939728839e-06
916,0.7656293357066378,-0.0037545432993917336,-0.16835423599409893,47534.23559375,1.6248282574625317e-06,6.174562454223633,9.001978469314054e-06
917,0.4581125745911955,-0.008151647751680525,-0.36552100212814786,46749.97517236328,1.629239033608386e-06,6.209365367889404,1.473339489166392e-05
918,0.3767137031562458,-0.009911810920894428,-0.44444695981412446,47319.89363769531,1.6242051280766796e-06,5.580264091491699,1.6063171642599627e-05
919,0.6602564876660649,-0.005108906253664403,-0.22908405643916502,54541.00031054688,1.511189416202627e-06,3.94773530960083,9.83401605481049e-06
920,0.9933810550145161,-0.00035256588263488597,-0.015809102486099316,52172.89776367188,1.560913736300648e-06,2.927367687225342,4.208272912364919e-06
921,0.5901970681422648,0.0013428257909319289,0.060212492460039485,53659.6569296875,1.5503253234252566e-06,1.8716347217559814,2.961907057397184e-06
922,0.6910759095066268,0.0032353941364361358,0.1450755163930957,56068.666515625,1.5044475825864898e-06,5.769105911254883,6.958840003790101e-06
923,0.9590832010597283,-0.0028441133981350697,-0.1275304344741963,65445.589034179684,1.390673242046391e-06,10.795780181884766,1.4500218640023377e-05
924,0.9189529186095694,0.003023985158447033,0.135595908852702,66901.20950488282,1.3764501998632777e-06,10.89604663848877,1.3158959518477786e-05
925,0.878283707871685,-0.00639250544863489,-0.2866408202210361,59577.87095410156,1.4549630066559414e-06,11.54067611694336,2.0186278561595827e-05
926,0.7376363070689977,-0.007602108148386709,-0.34087957101826577,55921.92799414063,1.4975888625002059e-06,6.4563517570495605,1.6960024368017912e-05
927,0.659017671291698,0.00877185251022363,0.39333106848198246,57875.80512109375,1.4854050791375354e-06,4.881312370300293,1.6804198821773753e-05
928,0.9991021376030672,-0.00019184249465018045,-0.008602243746467274,60844.623137695315,1.433599508808159e-06,5.901249885559082,7.19047011443763e-06
929,0.9651746888686497,-0.0013977662235437856,-0.0626760289863203,58634.26740429687,1.4683891034700355e-06,4.970186233520508,6.06536968916771e-06
930,0.06524397042579042,-0.009344927547511634,-0.4190278316770007,54194.445,1.5399867981053722e-06,4.446048259735107,1.409718970535323e-05
931,0.5346090870449449,-0.004681744703798849,-0.20993007401330746,54600.32033105469,1.5174902074733978e-06,3.894969940185547,9.246445188182406e-06
932,0.9958129924902968,0.0006093251876864208,0.027322224905896687,53237.83695410156,1.5309749339847993e-06,7.7487335205078125,1.015949783322867e-05
933,0.9957237585170567,0.0004078400768395728,0.01828760492793481,56800.45059960937,1.508741612383555e-06,8.935805320739746,1.1908385204151273e-05
934,0.9549851283627103,-0.0021666958934109097,-0.0971549407422845,51058.901478515625,1.565978713547295e-06,9.594305992126465,1.3693192158825696e-05
935,0.9682842086194368,-0.0022679798555599864,-0.10169652748302756,70277.89011328125,1.3373225335980904e-06,13.177403450012207,1.6151388990692794e-05
936,0.904913795973492,-0.0030379130026686996,-0.13622043529600159,60398.594143554685,1.4208149301966526e-06,11.569645881652832,1.4090964214119595e-05
937,0.9153226394917824,-0.003998252853496964,-0.17928220579338072,68806.49184667968,1.3504909777602892e-06,11.59227466583252,1.765575143508613e-05
938,0.9675186637002539,-0.001981000129262067,-0.08882831723372528,61188.83573925781,1.4355473307116868e-06,8.959693908691406,1.3134754226484802e-05
939,0.8798592009873122,0.0028849054998269113,0.12935955790341233,58098.65063183594,1.4620012251330945e-06,7.681612491607666,1.2073061043338384e-05
940,0.960364202363643,-0.0013067863123698298,-0.058596477303167846,58828.910858398434,1.459621000842464e-06,5.710762977600098,7.814626769686583e-06
941,0.31175139157347276,0.009513871383841056,0.4266032964467797,58466.97060351563,1.4609860954900794e-06,10.490358352661133,1.7062260667444207e-05
942,0.6192359442575964,-0.004125462357876991,-0.18498629740009012,53386.601370605465,1.5321797253229442e-06,5.084802627563477,8.728882676223293e-06
943,0.7759832828504882,-0.0024927633264319854,-0.11177584911686997,52175.69930664063,1.568516995706437e-06,4.52467155456543,5.595069069386227e-06
944,0.9981177121894641,-2.0359923432075156e-05,-0.0009129417564209945,53345.45895117187,1.5371973206595914e-06,2.8607327938079834,3.8144698919495568e-06
945,0.8602100094311572,0.0017783278165853919,0.079740462963043,57366.75892919922,1.4939253850021302e-06,4.310786247253418,6.8001513682247605e-06
946,0.75521685280256,-0.0032927256466312384,-0.14764626916583592,47020.97291503906,1.620105069070845e-06,4.0805206298828125,8.139547389873769e-06
947,0.6019404111575921,-0.003144737928237886,-0.14101047959572788,42321.763643066406,1.7140573450506591e-06,3.715055465698242,6.794014552724548e-06
948,0.6502723257573325,-0.008003728061322707,-0.3588882629444745,48462.1642265625,1.5847421057737578e-06,8.410301208496094,1.522053571534343e-05
949,0.5659424782706979,-0.006552100029768804,-0.293797063106809,48983.52773828125,1.597620098163662e-06,5.465785503387451,1.3758398381469306e-05
950,0.6007879617117505,-0.004326577637829754,-0.1940043341100868,63366.35756542969,1.418778444091035e-06,5.205259323120117,9.44756538956426e-06
951,0.9938093828375469,-0.0004117993803161787,-0.01846514063833153,61523.395083984375,1.430005566426831e-06,5.451896667480469,7.231771178339841e-06
952,0.8898592271851558,0.00391803435673262,0.1756851974068896,55770.04888769531,1.4986352117077804e-06,11.886859893798828,1.527518907096237e-05
953,0.8459023666102616,0.003098488752006541,0.13893666019642947,63662.15686328125,1.419432803866189e-06,8.38009262084961,1.0890751582337543e-05
954,0.8064165492963613,0.003985217881173097,0.17869771584832023,60751.072591796874,1.4410600877612436e-06,11.024991035461426,1.196192988572875e-05
955,0.8292790946941846,0.0036005346388987515,0.16144846655525102,55732.140581054686,1.5074715340159033e-06,6.591970443725586,1.1760864254029002e-05
956,0.8831282072573505,-0.007296171921138965,-0.32716134866894436,61570.5408203125,1.4238147422205656e-06,18.396120071411133,2.8474350983742625e-05
957,0.6089756042141506,0.00563576597733708,0.2527085186392269,57576.966501953124,1.4716542217701318e-06,9.615026473999023,1.6099433196359314e-05
958,0.7892652975652609,0.005477764141412213,0.24562369466686645,78667.78291894532,1.2728035720756961e-06,16.767723083496094,2.2522743165609427e-05
959,0.9201011874409123,0.00447637572780715,0.20072130099008137,77233.558796875,1.2901934400556129e-06,20.248138427734375,2.8390631996444426e-05
960,0.9682963444491647,-0.004278829075571535,-0.1918632820358967,74932.51753515625,1.2896442490070268e-06,24.138534545898438,2.8126378310844302e-05
961,0.9790475405618568,-0.0031147739683900525,-0.13966689153047449,72039.51994335938,1.3329892709110977e-06,19.91036033630371,2.4621605916763656e-05
962,0.9906376439126341,-0.0007668733987735433,-0.0343867082783768,52082.89895019531,1.5371763580177052e-06,7.780244827270508,1.1016937605745625e-05
963,0.3174873708325877,-0.006340613864652854,-0.2843139944850711,56415.499041015624,1.5059027852667198e-06,5.899580955505371,1.1032578186132014e-05
964,0.1917011741290475,-0.004490734369039017,-0.20136514443034637,60625.10606640625,1.4455975136495027e-06,3.4266304969787598,7.224817636597436e-06
965,0.09954751597022786,-0.006566049802380391,-0.29442257282211726,55766.39473828125,1.5068371757642441e-06,3.95243239402771,9.213285011355765e-06
966,0.5591962574216015,-0.003456969435698184,-0.15501098317236267,56436.269262695314,1.5072480978892216e-06,4.412086486816406,5.701255759049673e-06
967,0.8357568281511291,0.0027567102100000875,0.12361126354219576,52896.79618261719,1.529822950570295e-06,4.7375922203063965,8.082651220320258e-06
968,0.9828365896255904,0.0010758741061094985,0.04824234233475026,56364.810055664064,1.4896694044363692e-06,6.863240718841553,8.360311767319217e-06
969,0.9903593526918918,0.00048651019361646173,0.021815183743628692,57995.303188476566,1.47323612334766e-06,4.009562015533447,5.2275513553468045e-06
970,0.9664964334905806,0.000799839993424993,0.035864934899646844,50057.08293652344,1.5945329746170202e-06,4.161017894744873,5.807831712445477e-06
971,0.28480968434306375,-0.0041752352088273445,-0.18721811885660453,52127.86312402344,1.5547997026179166e-06,3.2197251319885254,6.406110060197534e-06
972,0.9757635973495545,-0.0009154887766295111,-0.041050642184790716,45488.043515625,1.6478083299779795e-06,4.081674575805664,5.6687449614400975e-06
973,0.7111316234435769,0.0034128252533306997,0.15303155198634708,49805.33945703125,1.5921315015023363e-06,4.52633810043335,8.426674867223483e-06
974,0.89077146995887,-0.0018900414861424406,-0.08474971921304314,60321.75654199219,1.4486899684171758e-06,5.453075885772705,6.981835667829728e-06
975,0.8815094037034263,-0.002641740587461763,-0.11845600991438293,55277.3005703125,1.4903861658013635e-06,4.919822692871094,7.667683348699939e-06
976,0.9076788931336233,-0.002040020260437246,-0.09147478800258778,61918.75992480469,1.4195230229494047e-06,5.078086853027344,7.648295650142245e-06
977,0.9950118236179885,0.0003900516952957108,0.01748997146213523,58958.547456054686,1.473702164825473e-06,5.6177897453308105,7.656522029719781e-06
978,0.9744027043889889,-0.0006442662778840143,-0.028888988178002173,53708.262481445316,1.5260258160655471e-06,3.1735970973968506,4.220352820993867e-06
979,0.6604971614211088,-0.0021515157883220597,-0.096474262750115,53161.9233984375,1.5443049588645119e-06,2.308446168899536,4.421197900228435e-06
980,0.6338186438036221,-0.004056774233480786,-0.18190631249048364,65359.837676757816,1.3993333782109843e-06,4.181921005249023,7.631829248566646e-06
981,0.8611494353532766,-0.003405308539230792,-0.15269450149616334,75986.32000195312,1.3130253075845762e-06,5.968950271606445,9.80100503511494e-06
982,0.9379043923544997,-0.0029235446258797453,-0.13109214160997354,70617.36137890625,1.3540718791543294e-06,9.656933784484863,1.42247545227292e-05
983,0.9497335926050263,0.0013111734598481115,0.0587931975972231,66009.63361914063,1.416610792316598e-06,6.557662010192871,7.210889179987134e-06
984,0.9940824452324064,0.0004715600970697704,0.021144819366005454,74339.19437304688,1.3088442069086022e-06,7.962110996246338,9.286803106078878e-06
985,0.833549994355478,0.004445597067658333,0.19934118165170123,58477.14654101562,1.4671894405393069e-06,7.587728023529053,1.493259878770914e-05
986,0.9844615192174868,0.0008114174334112587,0.03638406889497754,56933.8578125,1.4757994818793198e-06,6.980748176574707,9.277687240683008e-06
987,0.9230614354599372,-0.0022259370469394487,-0.0998113221837563,56420.963419433596,1.4917543983154724e-06,7.31357479095459,9.296024472860154e-06
988,0.8390549673523079,-0.0071197881437245845,-0.3192522759214914,50193.372307128906,1.5763471910515354e-06,9.72072982788086,1.9378969227545895e-05
989,0.4575082303489803,-0.016202784368892418,-0.7265350712146369,44561.93013085938,1.6632725944194614e-06,5.660384178161621,2.817707536451053e-05
990,0.5706244761495085,-0.006938764975465887,-0.3111351722528876,66032.59479882813,1.384382068785983e-06,7.186952114105225,1.360582700726809e-05
991,0.9303442149621644,-0.0017012062952242633,-0.07628232337798112,68478.78500292968,1.3519109662966067e-06,5.091024875640869,6.4013297560450155e-06
992,0.765457222924211,0.006582150558111557,0.29514453291523624,67186.62878417969,1.3700445738564492e-06,9.559656143188477,1.54406443471089e-05
993,0.9994462296396992,-0.0003291458329201409,-0.014758944247863389,55104.87102050781,1.5138605280671093e-06,11.72835636138916,1.5984907804522663e-05
994,0.8383706809086645,-0.006972911651600854,-0.312666313889574,70385.57682128907,1.3372017994562392e-06,15.170513153076172,2.2496293240692466e-05
995,0.9864208273774412,-0.001273397335071194,-0.05709931098612288,60915.62859082031,1.4359982743696784e-06,9.074307441711426,1.2079263797204476e-05
996,0.9829035396806709,-0.0011459568851616892,-0.051384863750227425,60990.756879882814,1.444836276929317e-06,7.015348434448242,9.632135515857954e-06
997,0.8999524457548786,0.003834606949040029,0.17194430101468924,56343.05277148438,1.4957079099610962e-06,11.53365707397461,1.6793483155197464e-05
998,0.8440789271778282,0.004457732677337724,0.19988534405255234,69467.10349414063,1.3534516981488685e-06,8.6964693069458,1.4588466001441702e-05
999,0.9976367498233549,0.00030736971638216983,0.013782500198526546,54771.33228076172,1.5177294238380785e-06,8.68603229522705,1.1695573448378127e-05
