state_idx,cos_sim,mean_A,mean_safe_delta,mean_sigma_i,mean_alpha_i,v_unbiased_norm,v_intentional_norm
0,0.45524929191362895,-0.018845476838392685,-1.1909667354291613,20198.180709960936,2.446005129759605e-06,9.570186614990234,5.967423930997029e-05
1,0.9988242011646327,-0.0031144016487871812,-0.19681904556083477,29999.7770703125,2.0134986339435747e-06,47.342193603515625,8.516298839822412e-05
2,0.9926273038607933,-0.005280999800643317,-0.3337402999302749,43167.78543896484,1.680550205481733e-06,56.05953598022461,7.993810140760615e-05
3,0.9984898847330974,0.0018179010135121415,0.11488484233973752,65532.203206054684,1.3932771035686373e-06,54.893585205078125,6.390198541339487e-05
4,0.7612755677088584,-0.008260454729946347,-0.5220311954560043,64104.78424511719,1.3633218657971496e-06,29.840837478637695,3.18522252200637e-05
5,0.967655110041088,0.0041353915582882745,0.26134195627580403,67205.95036914063,1.334507471766224e-06,38.48483657836914,5.139428685652092e-05
6,0.9229911509540527,-0.009631850423419606,-0.6086984984934136,91395.65968359375,1.1677835423363622e-06,40.543025970458984,6.451639637816697e-05
7,0.42989832049517557,-0.02786921573507116,-1.761234760340485,54593.211163085936,1.4813259103796396e-06,47.865081787109375,0.00013685296289622784
8,0.7280534051114349,-0.01309470644368411,-0.8275386140862319,72419.14838476562,1.272211167750551e-06,59.349891662597656,8.207802602555603e-05
9,0.9736474670757652,-0.016118979211403008,-1.0186618367090607,64550.22428027344,1.380477560801919e-06,145.05575561523438,0.00020427479466889054
10,0.8680516898544757,-0.018204632294028463,-1.1504676522027724,80574.3723388672,1.2685792564718661e-06,37.67717361450195,6.0619138821493834e-05
11,0.6616144364318499,-0.019633197057456926,-1.2407478359964468,40901.33360107422,1.7499617189756382e-06,22.246173858642578,5.388498539105058e-05
12,0.7911324002260763,-0.02428733678284465,-1.534872821132612,40473.92148632812,1.7315499454211434e-06,45.819400787353516,8.256477303802967e-05
13,0.9465218395985125,0.004776259178691073,0.3018424978252994,50972.056109375,1.5603148719506017e-06,26.169334411621094,3.0904826417099684e-05
14,0.5896880385980838,0.0226132062255384,1.4290737574307417,33150.25409277344,1.9146868036739593e-06,19.16036033630371,5.224427513894625e-05
15,0.5878307222117178,-0.040841566807689335,-2.5810409525787463,33815.27446289062,1.9213708210378038e-06,21.312633514404297,0.0001024407974909991
16,0.8560799621259244,-0.005193173409982583,-0.32818998615118017,74062.81239648437,1.296237424679703e-06,19.429882049560547,2.4661869247211143e-05
17,0.6353399153161086,-0.04811228938040344,-3.0405246154699714,90922.50414355469,1.2194771553046993e-06,27.72771644592285,9.22473263926804e-05
18,0.8675651983526357,-0.011302498017488099,-0.714277451375459,63878.500708007814,1.435638953387551e-06,54.318973541259766,6.295883940765634e-05
19,-0.028478738980206416,0.03924875138964018,2.4803807148547197,93103.3131201172,1.183407355471301e-06,28.656721115112305,5.63641769986134e-05
20,0.0767261325420414,0.01489997792738174,0.9416253153111449,56030.2983828125,1.501587747535579e-06,7.445802211761475,2.2281390556599945e-05
21,0.8435052339922662,-0.004181497426661328,-0.26425568225956453,47065.824814453124,1.5972989852406583e-06,10.119087219238281,1.7291680705966428e-05
22,0.7895957871641079,0.014596262960343906,0.9224316156294724,30919.01453417969,2.012239030004974e-06,17.609560012817383,4.489815910346806e-05
23,0.9256754235037596,0.01078262764797546,0.6814235033361357,35417.6370859375,1.8680096877089122e-06,33.724090576171875,5.227289875620045e-05
24,0.7132698026516556,0.01508098683141637,0.9530644306686591,30585.048057617187,2.0050415877121854e-06,25.067184448242188,4.962995808455162e-05
25,0.871573454643753,0.009445249034133704,0.5969059580695157,29728.945322753905,2.026799427702926e-06,7.2554707527160645,3.5559129173634574e-05
26,0.3693141009722931,-0.03137295693741162,-1.982658673214847,60327.471731445316,1.4914431880215244e-06,22.281558990478516,6.436783587560058e-05
27,0.6240487842858887,-0.027899371834026944,-1.7631405179413482,92718.0621455078,1.1999836784109592e-06,43.21430969238281,5.196961865294725e-05
28,0.9946560662629425,0.0005042990865054744,0.03186989864388902,80692.29239697265,1.2905178614125547e-06,88.17996215820312,8.688530942890793e-05
29,0.6060597325339726,0.014738838040012619,0.9314418507454484,71193.37675878906,1.3481226179531431e-06,7.942569732666016,2.0706511349999346e-05
30,0.500069566854317,-0.01365467352764008,-0.8629265310726671,40569.15952685547,1.7728549694656528e-06,8.298852920532227,2.3738328309264034e-05
31,0.9866033701076016,0.002752397140328993,0.17394165533366035,23806.601013183594,2.2764481596550023e-06,14.559850692749023,3.018735151272267e-05
32,0.8487789162873739,0.015594047085193121,0.9854880037498202,19942.36786279297,2.4282232145307005e-06,16.107566833496094,5.519417391042225e-05
33,0.8156096117992063,-0.006208954413551544,-0.39238371264086563,20355.149564208983,2.411876251726534e-06,10.218623161315918,2.038947059190832e-05
34,-0.20607871820793602,-0.03240401668521203,-2.0478179616956047,25502.33232763672,2.2073502027013562e-06,8.036906242370605,4.134781556786038e-05
35,0.8296754201415968,0.003356435225654371,0.2121147019869178,28325.62457421875,2.0769121834399945e-06,3.9588534832000732,7.366716090473346e-06
36,-0.1901968629931154,-0.0426069529037484,-2.6926070399547988,80205.72568554687,1.2668037012051525e-06,37.97526550292969,4.881367567577399e-05
37,0.9679132189727709,-0.005340729554097651,-0.33751500672541285,91380.76530273438,1.2086238117420337e-06,25.351205825805664,2.242939081043005e-05
38,0.7503147464871295,-0.04323809865756614,-2.7324931943063278,67799.06618017578,1.3982773161556649e-06,53.62556076049805,7.586951687699184e-05
39,0.7434557401669957,0.04680194249565252,2.9577153788030435,67704.5854711914,1.4007696599366903e-06,63.22150421142578,0.00010594577179290354
40,0.9976345007509506,-0.000994060651443146,-0.06282107791806885,25369.096979492188,2.184111064949055e-06,10.50014877319336,1.9627170331659727e-05
41,0.9596518080999462,-0.005575107891533842,-0.3523268793983837,17340.304803222658,2.6027805117112896e-06,12.74755573272705,2.8042843041475862e-05
42,0.4946834611545801,-0.023929422111185424,-1.5122538939638503,15317.565544189452,2.798945027983243e-06,15.375652313232422,6.021060835337266e-05
43,0.7456506997514017,0.00993486416300001,0.6278478831077132,14563.879248046875,2.867852544363856e-06,6.101146221160889,2.9485589038813487e-05
44,0.8394573350589946,0.02617108284081941,1.6539188347879021,17397.647475097656,2.6221442421716013e-06,8.114972114562988,5.182681343285367e-05
45,0.4117374346514705,-0.022428630634004392,-1.4174092401795075,33363.19177734375,1.9402352113759e-06,9.231922149658203,3.5175362427253276e-05
46,0.6897960393996134,0.00864115045734064,0.5460898038708858,34080.939346435545,1.971225849877839e-06,3.0484492778778076,1.570079621160403e-05
47,0.9377404443258308,0.004211543784370376,0.2661545046061226,50084.995079101565,1.6252720157100007e-06,11.821676254272461,1.7306379959336482e-05
48,0.5470312488502109,0.02784580668522709,1.7597553921126947,60657.428881835935,1.4845577003150715e-06,18.528486251831055,5.384373798733577e-05
49,0.9819933844817984,-0.014692533020731645,-0.9285155391365695,89833.387390625,1.2413130500096005e-06,87.91735076904297,7.910690328571945e-05
50,0.6657669317050557,0.02646653354375138,1.6725902625351852,65005.902135253906,1.4129689569209007e-06,13.001359939575195,3.320152609376237e-05
51,0.6280437474482774,0.008366867832134446,0.5287561229283442,31759.68777392578,1.989408607749762e-06,4.098520278930664,1.235419313161401e-05
52,0.9709695925061984,0.004528660582425935,0.2861951520765311,17633.561877685548,2.6112553431737788e-06,10.286765098571777,2.760738971119281e-05
53,0.9100865736465468,0.009378810777956829,0.592707297895241,16935.466293945312,2.6402684064033595e-06,8.949789047241211,3.384266892680898e-05
54,0.9692096723462321,0.0022747668773862913,0.14375713095801937,22029.759557128906,2.3407017552145183e-06,3.3147928714752197,1.0188605301664211e-05
55,0.19464802029518236,-0.015478253322276706,-0.9781702520693386,26292.681044921876,2.1906442710610825e-06,5.859889984130859,2.7777196009992622e-05
56,0.8942233594816926,0.005625473250816677,0.35550978997359367,43657.377395996096,1.7610478233383514e-06,5.917670249938965,1.1657504728646018e-05
57,0.6148858887627718,-0.055105840473565496,-3.4824920321559714,64122.18357324219,1.4659629725310646e-06,23.033201217651367,5.5753345804987475e-05
58,0.9587481321756994,0.00991028486170556,0.6262945591736567,60373.844390625,1.5208499937432073e-06,37.15684127807617,3.995933730038814e-05
59,0.9353853786419666,-0.212825481239214,-13.449809245008465,38148.187693359374,1.829265358949066e-06,435.8703308105469,0.0007298577111214399
60,0.3852890760814077,0.0847133713697151,5.353582093600803,26229.245654296876,2.16277989544684e-06,25.4549560546875,0.00011078525130869821
61,0.35658908510098625,0.03573094805810054,2.2580681257081077,13174.684845214844,2.9907198953250462e-06,7.225062847137451,5.513414362212643e-05
62,0.12652119402581857,0.00893754586395249,0.564820933512009,13178.020193603516,2.9997490913176756e-06,3.2836718559265137,1.6580926967435516e-05
63,0.7340085550365953,-0.002436606256346272,-0.15398480089052985,11261.419411132812,3.2639992817638546e-06,1.546460747718811,7.332036602747394e-06
64,0.8039524739370081,0.00908935345792404,0.5744146305118814,12552.119508911133,3.0764366808446138e-06,1.7306352853775024,1.5931409507174976e-05
65,0.4469156892913043,0.009698091378066995,0.612884689916673,11468.55757397461,3.212390896442959e-06,1.541042447090149,1.6236015653703362e-05
66,0.8227217659112069,0.00525996602705003,0.33241104066636923,11401.122579345703,3.2218306106931983e-06,1.1906020641326904,1.0344519978389144e-05
67,-0.07582184012620455,0.006863196870982229,0.43372949605548305,12773.06323828125,3.0639834030414727e-06,2.0032005310058594,8.27831172500737e-06
68,-0.16048683829046329,0.0048765426026233195,0.30818005155463407,14228.13088671875,2.894306131915769e-06,0.7238134741783142,5.491312094818568e-06
69,0.31970488328234514,0.0025777866247013743,0.16290689523966403,17424.777939331056,2.639101085467387e-06,0.9369360208511353,2.9874156552978093e-06
70,0.4761323295337594,0.00899265335660235,0.5683035299557977,33201.52214794922,1.9574273631372625e-06,4.397388458251953,9.288897672377061e-06
71,0.7898751482443754,-0.04145380793554797,-2.6197324021819632,50078.35540380859,1.6346492569680421e-06,33.16581344604492,6.027383278706111e-05
72,0.6604856880869511,0.039975585490138514,2.5263140304875504,56543.33790576172,1.544014961600316e-06,35.46999740600586,5.984058225294575e-05
73,0.9056511784199147,0.02007289390933166,1.2685351044612547,47682.61957763672,1.6349360916232659e-06,44.235599517822266,7.069252023939043e-05
74,0.8027069233036426,0.013663126602808684,0.8634607351909404,28856.252242675782,2.0572530625682807e-06,14.195943832397461,3.356308297952637e-05
75,0.9991142906776224,6.981217992849409e-05,0.0044118800885551415,13472.421282470703,2.9384152412027426e-06,5.486452579498291,1.4159684724290855e-05
76,0.9800629654460303,-0.002395647951542668,-0.15139638251412216,12621.7618984375,3.055047827195337e-06,8.898019790649414,2.3311709810514003e-05
77,0.7152017045307916,-0.003029158019895405,-0.19143195308830316,16014.279764892579,2.7468461911067584e-06,2.7950799465179443,7.500492301915074e-06
78,0.2621941041537141,-0.007488883651930722,-0.4732706628456657,15140.4695390625,2.824686637068608e-06,1.4130724668502808,1.295978745474713e-05
79,-0.004259951748237547,0.012431923001369017,0.7856530709737112,12797.951780517578,3.0331960904716703e-06,3.767960786819458,1.7332509742118418e-05
80,0.8356126893236671,-0.0022300868795804823,-0.14093351489448946,14096.842553955079,2.896625874777373e-06,1.2001829147338867,5.681206403096439e-06
81,0.9567141160288095,0.00036200207879638266,0.022877236681237978,18052.820055664062,2.6264047834947054e-06,0.9116634726524353,1.9626072571554687e-06
82,0.14740488961937334,0.01800725643592548,1.137994203884471,27078.63492529297,2.1781228434140122e-06,2.411017417907715,2.3227328711072914e-05
83,0.9905349573161465,-0.003098952177882189,-0.1958426942545976,53621.68152636719,1.5766107096648026e-06,15.592411994934082,1.780244565452449e-05
84,0.5814481884023518,0.05316761246425846,3.360002954030919,32161.61553173828,1.986205798208283e-06,30.663022994995117,0.00010011667473008856
85,0.6100502701358366,-0.028012485568351436,-1.7702889013999292,64997.13300878906,1.444774470522356e-06,20.402572631835938,3.987273157690652e-05
86,0.8159649220468791,-0.015405240801132772,-0.9735561218619726,39546.88474169922,1.8200253348713273e-06,11.678363800048828,3.065626151510514e-05
87,0.9903189747642694,-0.0023239257766917492,-0.14686379757755744,15882.907877685548,2.72571108068754e-06,15.774239540100098,3.655733962659724e-05
88,0.6428599484944668,0.012051973307192402,0.7616416091900026,18843.541427246095,2.5296735687520678e-06,10.01460075378418,2.8192289391881786e-05
89,0.3985946083209633,-0.028482018845476773,-1.7999617252307438,23728.60680102539,2.2531703886932846e-06,8.458820343017578,4.278916458133608e-05
90,0.49317638067724884,0.0236535054071597,1.4948169450841893,38394.90502050781,1.8241646755956769e-06,13.973259925842285,3.9148824725998566e-05
91,0.49821784129052715,0.005666444027132809,0.35809899650498883,17922.53131640625,2.604870534843492e-06,3.498950481414795,8.2856113294838e-06
92,0.5965401600948674,0.030706674049094863,1.940551977630773,30600.995258789062,2.086635771649168e-06,10.520173072814941,4.752310269395821e-05
93,0.9499212508441884,0.004188826546493839,0.26471885642041737,41689.16941357422,1.7988137176490798e-06,6.705206871032715,1.3156036402506288e-05
94,0.8502484797303167,-0.015602370403520418,-0.9860140076997973,47400.07662451172,1.6954042404853865e-06,22.309444427490234,2.816960659401957e-05
95,0.9066665071837005,0.01080593030374612,0.6828961478390053,47200.2583022461,1.7153844935037403e-06,35.014156341552734,3.78844742954243e-05
96,0.9934279635605977,-0.02582851352732515,-1.6322696793725668,52375.59267089844,1.562377343018842e-06,181.92401123046875,0.00021553743863478303
97,0.9950656115429662,0.0014922853174443253,0.09430709491122215,17345.993224365233,2.601109539476046e-06,13.709117889404297,3.2782478228909895e-05
98,0.9984172730461476,9.034970108627593e-05,0.005709777973381333,18057.00721850586,2.596069012859577e-06,17.327754974365234,3.686730269691907e-05
99,0.7829945976580592,0.01300740689882714,0.8220215950776736,26936.415857910157,2.138497213320932e-06,16.159955978393555,4.351267489255406e-05
100,0.07379733575130643,-0.11161906138083248,-7.053925474232526,40590.121837402345,1.7835240964886168e-06,42.63368225097656,0.00015878606063779444
101,0.7693384201975219,0.010114090358674818,0.6391743376727345,68557.79588671876,1.4102686743415029e-06,16.547971725463867,2.0759285689564422e-05
102,0.8944273482143072,-0.011624770967003843,-0.7346439491772002,56909.34421044922,1.5348749435131412e-06,28.389774322509766,3.899601142620668e-05
103,0.8914522664435579,0.01433423868536272,0.9058726185792204,91758.49025048828,1.2146903253541453e-06,27.305017471313477,2.70723357971292e-05
104,0.2892186695991402,-0.048765522759089935,-3.0818066287169223,68835.23801367187,1.4110010140752087e-06,16.31283187866211,5.9721554862335324e-05
105,0.9980293647470098,0.0006895859796942699,0.043579367615738725,35210.30274267578,1.8785812957275453e-06,25.39394760131836,4.0095081203617156e-05
106,0.4551622264559489,-0.015958556672224067,-1.0085237059833911,24199.9829453125,2.223890693480961e-06,12.78703498840332,3.514072159305215e-05
107,0.5235387698743577,0.014815521857917069,0.9362879937777039,23142.215038574217,2.2797939687590147e-06,5.76206111907959,2.9590253689093515e-05
108,0.6093563915892253,-0.02891786170719619,-1.8275054353015125,28479.46302368164,2.1013015087978153e-06,22.022144317626953,6.650097930105403e-05
109,0.7632348278562904,-0.013706138124660894,-0.8661789095414989,27413.156252441408,2.1410609069438314e-06,14.391180038452148,3.593021392589435e-05
110,0.9973120916981678,0.0006927075867636207,0.04377664201810904,25319.4803815918,2.208006565864856e-06,9.110172271728516,1.722110391710885e-05
111,0.9643946659897931,0.0040994273209056156,0.2590691450991419,46865.93288427735,1.7035221751330735e-06,20.138648986816406,2.735149064392317e-05
112,0.9743939383636133,0.0043554871156922465,0.2752512083330327,67776.52819189453,1.4165148837758263e-06,19.463930130004883,2.4734259568504058e-05
113,0.9375444826344554,0.008647463862588765,0.546488788502704,76030.35761816407,1.3161450067617695e-06,22.447551727294922,2.8002365070278756e-05
114,0.9007163400009415,0.032173475204440874,2.0332485646413647,54286.01653222656,1.5336670212556256e-06,67.68730163574219,0.00010429509711684659
115,0.9800186425847645,0.003250843678868392,0.20544169387770303,39902.68560986328,1.7986384872427742e-06,17.087968826293945,2.655986463651061e-05
116,0.7570136207627255,-0.005284904339332945,-0.3339870528108955,21885.744572021486,2.314934577452496e-06,7.37540340423584,1.6440917534055188e-05
117,0.6576647632931443,0.010122755556471278,0.6397219471824325,13560.691341064454,2.9268533635847655e-06,4.2710280418396,2.4150684112100862e-05
118,0.23833920017181298,-0.018751248921842666,-1.1850118681088901,12653.444955322266,3.0713212610986506e-06,4.109369277954102,4.414380600792356e-05
119,0.7524821633303486,0.006644255316413892,0.4198931728501809,15652.886063720704,2.756673247454552e-06,5.029339790344238,1.541824713058304e-05
120,-0.2946293467663557,-0.016772295237122304,-1.0599490729528969,16144.40819555664,2.7284083844267796e-06,4.237067699432373,2.254424362035934e-05
121,-0.19863655748524148,-0.00980062012488459,-0.6193641400219753,18731.167256347657,2.5376161590169685e-06,2.7031986713409424,1.6390411474276334e-05
122,0.12519985306754106,0.003956926043872726,0.2500635740457951,15437.941350830079,2.804892489302907e-06,1.0315521955490112,5.066702669864753e-06
123,0.39378922460076876,0.007314518748402607,0.46225142455792745,19069.56057373047,2.5492328678408818e-06,1.013759732246399,9.66645256994525e-06
124,0.7904267661048199,0.015731867609390476,0.9941977679646512,30830.34081542969,2.0357452281266903e-06,3.6595234870910645,1.9266137314843945e-05
125,0.9156474184548565,-0.015448469256831058,-0.9762880056557405,60282.48070410156,1.50092445033277e-06,21.49246597290039,2.856821083696559e-05
126,0.9668833564653209,-0.008439084818067415,-0.533319978155605,72325.7858540039,1.3730897060859132e-06,28.24317169189453,3.2079973607324064e-05
127,0.9728876172408424,-0.01477456725028252,-0.9336998090491575,52064.26856298828,1.5752679944463187e-06,95.31189727783203,0.00011428515426814556
128,0.9825239721869506,0.0025393340973494426,0.16047683303630103,33203.93995654297,1.9216046449937067e-06,10.700586318969727,1.864499063231051e-05
129,0.7849928383150656,0.004590705501932428,0.29011616908598536,16015.966349609374,2.691596028664354e-06,4.814625263214111,1.851044908107724e-05
130,0.9450440134107048,0.006641726736958012,0.41973337567202157,11408.21342211914,3.1991488672114863e-06,7.755035877227783,3.3288804843323305e-05
131,0.9655877215278358,-0.0014849648238757288,-0.09384446589939688,13173.437979736329,3.0136082208698952e-06,3.2452452182769775,9.1759056886076e-06
132,0.586323115891512,-0.020314822456613042,-1.2838241233931527,18658.708266601563,2.5769800616683035e-06,4.676961898803711,3.399649722268805e-05
133,0.9179174862746464,0.0007511228894192481,0.04746828022389574,12156.474370605469,3.1282222392660017e-06,1.053566336631775,2.568933496149839e-06
134,0.3827458991600102,0.0027253967698133686,0.17223532848376816,12766.47760595703,3.0593533868733964e-06,0.6810256838798523,4.1884195525199175e-06
135,0.3536310192420356,-0.0046085541674255595,-0.2912441409094849,15109.825282714844,2.8151796134262683e-06,2.6302475929260254,5.604013949778164e-06
136,0.6426211335653005,0.0047044656556561384,0.29730540393868127,27289.079971435545,2.177595878644897e-06,2.5957136154174805,7.2641632868908346e-06
137,0.79318809286077,-0.018463052819934475,-1.166798905200265,47283.04755102539,1.6547621650609994e-06,16.87835121154785,2.774212225631345e-05
138,0.7802093741035429,0.026692074018007026,1.6868436138637208,32406.201915527345,1.9808071973813346e-06,17.517005920410156,5.901219628867693e-05
139,0.767269863104225,0.04721037167184916,2.983526641993688,51189.17300830078,1.594491357690454e-06,31.108972549438477,6.986142398091033e-05
140,0.8351253529249218,0.008403902714768515,0.5310965950557377,41415.447548828124,1.7264739921221532e-06,9.41842269897461,1.8932281818706542e-05
141,0.9923924482749971,0.002088385954607179,0.1319785232288532,21606.13626611328,2.3515597388340377e-06,12.950883865356445,2.8099220799049363e-05
142,0.6284720288875012,-0.00780089508540566,-0.49298866953389087,19942.72532519531,2.4377067628830417e-06,7.191372871398926,2.008747287618462e-05
143,0.8498733913057155,0.008381615570409603,0.5296881272421192,23535.504517578123,2.2650187433840395e-06,9.534663200378418,3.0770592275075614e-05
144,0.7639148132675028,0.02090280666764012,1.3209826226073615,31371.77012792969,2.020100335982395e-06,9.481223106384277,4.066827386850491e-05
145,0.8213093060876574,-0.007050189317783318,-0.4455467499157255,42704.06775634766,1.7624572313880572e-06,8.138346672058105,1.4186772204993758e-05
146,0.9308444152350988,-0.0036768868983224996,-0.23236610160567775,46880.775982421874,1.7108099448792004e-06,8.723631858825684,1.1433527106419206e-05
147,0.9347892475950471,0.05366556540563605,3.3914717989996825,63918.77557763672,1.443387769948413e-06,105.27505493164062,0.00013681092241313308
148,0.634030840851684,0.011632828158390982,0.7351531348563612,53964.52348632812,1.5476371515474158e-06,9.249966621398926,1.8726395865087397e-05
149,0.7926082839864957,0.024668398379489365,1.5589545511755905,20774.111424804687,2.371287901124062e-06,12.9188814163208,7.95627202023752e-05
150,0.9774335100325776,-0.0019641950095169317,-0.1241300996674673,21139.155804199218,2.363384257193961e-06,7.136837482452393,1.3505998140317388e-05
151,0.9319187445147178,-0.006674798020486227,-0.4218233625117183,26616.574040527343,2.128995248592464e-06,13.429377555847168,2.7710566428140737e-05
152,0.8335078733394379,0.013154151935965204,0.8312953565918799,34641.339898925784,1.8825114505035115e-06,10.57243824005127,4.3311400077072904e-05
153,0.8001809843450263,0.015396377222191759,0.9729959753734483,41675.86039819336,1.8123857437352977e-06,6.773231506347656,3.0132412575767376e-05
154,0.9536959419881799,0.0029875719519129856,0.18880386232418636,62044.45238574219,1.5149561361138732e-06,8.578690528869629,1.2149040230724495e-05
155,0.7404247169412231,0.028079329127436,1.7745131752684062,46815.14962890625,1.7101534609238496e-06,26.16930389404297,6.047003626008518e-05
156,0.9929156555162966,0.0013814699613053066,0.0873039607338243,55439.035647460936,1.5514104448109242e-06,8.243701934814453,1.0640958862495609e-05
157,0.9299650116772828,0.006066042914857413,0.383352217045684,18487.263482910155,2.5266460718648757e-06,4.531341552734375,2.04808238777332e-05
158,0.4318038288165871,-0.004845107491651658,-0.3061934649687482,12679.944407958985,3.0480916380430683e-06,3.610910654067993,8.714812793186866e-06
159,0.6039591361108215,0.002951419654045568,0.18651916639748498,13240.855489501953,3.0016107933132356e-06,1.9591364860534668,6.237467005121289e-06
160,0.6135652837183381,-0.018961694681326514,-1.198311287450023,16304.078233642578,2.708527240742547e-06,5.261688709259033,3.228959394618869e-05
161,-0.11944069929337194,-0.01636215691165861,-1.0340297976413395,16051.941635498048,2.748313279536551e-06,2.581310510635376,2.0158069673925638e-05
162,0.8346783614228582,0.0010589117104247113,0.0669194329062033,23179.84471899414,2.3625427368725624e-06,0.9060207009315491,2.4554738047299907e-06
163,0.9919602258039166,-0.0005636098560923775,-0.03561812715709918,32563.283362304686,2.0204164973639927e-06,2.432321786880493,3.756731985049555e-06
164,0.8113427666309501,0.043335631119200545,2.7386568970572416,48017.5006796875,1.6934419268958773e-06,37.7801399230957,7.287466723937541e-05
165,0.8317503400533143,-0.004856167672754853,-0.30689242885778567,62573.049955078124,1.451516979178228e-06,7.656064033508301,7.919246854726225e-06
166,0.6526468521168027,0.05018817588348989,3.171713218066943,56758.676380859375,1.5229423334911309e-06,46.14774703979492,7.078723137965426e-05
167,0.6854266145837082,0.021375261530776787,1.3508400802250535,45778.73679980469,1.708388179511045e-06,22.670677185058594,4.514469037530944e-05
168,0.8202452969147253,0.011008992508028665,0.6957289528986654,27116.294630859375,2.118030166630337e-06,23.082061767578125,4.447714673005976e-05
169,0.858251899140599,0.013015841851343822,0.8225546539091608,20930.72745410156,2.3419026697003766e-06,21.47353172302246,5.721157867810689e-05
170,0.905825284669841,0.023200012054084243,1.4661577870866158,18906.048445068358,2.4935761684221846e-06,13.754899024963379,7.495968748116866e-05
171,0.9261935055046591,0.004769287822654231,0.30140193305679225,24871.025702148436,2.1940552376486142e-06,13.318887710571289,3.0682054784847423e-05
172,0.877640445947819,-0.004469948148743951,-0.2824847362525663,26105.066457275392,2.2093364724074486e-06,7.867079257965088,1.1611533409450203e-05
173,0.990145395622131,-0.003142756116201969,-0.19861094649183306,44655.30288818359,1.7091729748250212e-06,16.683269500732422,2.3333379431278445e-05
174,0.6953191964409091,-0.024332788868288727,-1.5377452303735126,77028.13833642578,1.3537795432079691e-06,17.769847869873047,3.6909848859068006e-05
175,0.9476505467400889,-0.029250738353548352,-1.8485420488192448,50422.66461352539,1.6274922965410091e-06,55.570457458496094,7.473373261746019e-05
176,0.8569766001004245,-0.023975303728421972,-1.515153448077817,35219.32797509766,1.908237868171251e-06,33.84522247314453,5.588637213804759e-05
177,0.772097130185014,0.02437922368618036,1.5406797447903609,21181.54417138672,2.387175676619143e-06,12.216594696044922,5.437014260678552e-05
178,0.7399734968926409,-0.006987958967484848,-0.44161401434341074,12713.45133984375,3.040833761360539e-06,9.773130416870117,1.931135557242669e-05
179,0.6604524035738958,0.011831832360431824,0.7477294886877711,12573.557728027345,3.0529369334203855e-06,4.708448886871338,2.579798638180364e-05
180,0.46849015000372796,-0.008586046401109514,-0.5426074245964707,16173.680411376954,2.7292085650928366e-06,5.392977237701416,1.5032457667985e-05
181,0.9393640027746383,0.0025282947992898283,0.15977918888092985,18994.904112304688,2.5180420094728812e-06,2.07755184173584,7.600993740197737e-06
182,0.9378822168183967,-0.0015105731058441848,-0.09546281773190603,21231.773212158205,2.3940338580703563e-06,2.8762903213500977,6.6482257352618035e-06
183,0.7134329155256515,0.03326247522526446,2.102069471154079,41792.92714941406,1.797371405384463e-06,29.930051803588867,6.680892693111673e-05
184,0.8679761284588233,0.009718764846375747,0.6141911791752261,60074.39873095703,1.4772524975081378e-06,11.14840030670166,2.080482227029279e-05
185,0.9250084103199366,0.011208478621075527,0.7083357617821032,65351.296990234376,1.4539065258173805e-06,26.37396240234375,3.105994255747646e-05
186,0.9986096654859199,0.0010396386294897,0.06570144312119183,52499.56737304688,1.5840469209518208e-06,36.378543853759766,4.338404323789291e-05
187,0.5876533652287315,0.031397913672722384,1.9842358496288433,34903.92804736328,1.9417864802417117e-06,10.926746368408203,4.674395313486457e-05
188,0.8631828103441321,-0.009681171872298212,-0.6118154376646169,14243.79500732422,2.8415472740596396e-06,4.828331470489502,2.9809121770085767e-05
189,0.14251149905935048,-0.006978814753412611,-0.4410361327182829,11418.622487060547,3.205473769595684e-06,2.4232823848724365,1.0550660590524785e-05
190,0.9304802848335116,-0.0010404152472399985,-0.06575052258544106,12830.28969165039,3.0484984150331207e-06,1.6772037744522095,4.35881065641297e-06
191,0.9545738257151587,-0.0009383384984403831,-0.05929963713830641,14361.143225830077,2.873143965585966e-06,1.0810447931289673,3.4588110793265514e-06
192,0.011119541986575516,0.006823599027088276,0.43122705394288346,13298.494167236327,3.0092226732855004e-06,1.5662062168121338,8.08609456726117e-06
193,0.08787563066244546,0.002734434879891754,0.17280650471596487,14850.419739379882,2.8425848971860604e-06,0.9741777181625366,2.792039595078677e-06
194,0.4843388861131461,0.002960392161762831,0.1870861967950853,18213.360911865235,2.5780560170988457e-06,0.6773303747177124,3.588483423300204e-06
195,0.8309237655493766,-0.0014232101013868371,-0.08994178830356685,27368.85322558594,2.14595849077205e-06,0.9213212132453918,2.303136398040806e-06
196,0.8105494484547752,-0.019926283908799036,-1.2592698767775545,49548.648180664066,1.6423639713516229e-06,15.190844535827637,2.7407746529206634e-05
197,0.949668888928366,0.008132085178695328,0.5139186989300225,47574.442318359375,1.6889414046095796e-06,25.488357543945312,3.585772719816305e-05
198,0.9725869904188921,-0.055720032594272585,-3.521306777529495,43669.12594897461,1.7179846436701502e-06,251.7770538330078,0.00034096132731065154
199,0.7318119441582837,0.024702258391245405,1.5610943828184032,24342.707955566406,2.253339355633808e-06,9.324254035949707,4.031705975648947e-05
200,0.8094539481295178,0.0058419717741606675,0.3691917223430066,12822.068326660155,3.0089784875668754e-06,5.460120677947998,2.1395948351710103e-05
201,0.9580580435574433,-0.0029987595399702575,-0.1895108778770511,10171.473222900391,3.393643660216726e-06,5.921302318572998,1.7552325516589917e-05
202,0.7118069297734586,0.00549943322278204,0.3475445109833586,11455.843294921875,3.2127283406059264e-06,3.863206148147583,1.1620332770689856e-05
203,0.7922853732556062,0.005025766459660306,0.31761046562096473,10820.042600952149,3.2891371630112315e-06,3.2865889072418213,1.3044937077211216e-05
204,0.15980039593204062,0.00436875127191254,0.27608945556696435,10723.676598388673,3.3163427830426233e-06,1.1730097532272339,9.091357242141385e-06
205,0.5631792763038576,0.0018087859180775099,0.11430880090836376,11013.564131835938,3.2952797045036793e-06,1.3337407112121582,3.120125029454357e-06
206,0.5443906701777409,0.0017895479048258803,0.11309302727552262,10064.259380004883,3.42849389168821e-06,1.0492455959320068,2.9557438665506197e-06
207,-0.07018538351610959,0.010080367264049312,0.6370431587028882,11219.310860351563,3.2649892125548387e-06,1.469366192817688,1.5063718819874339e-05
208,0.7155755589602041,0.013734779774611095,0.8679889593816283,14023.748446533204,2.9122141901595207e-06,3.9811770915985107,2.5280234694946557e-05
209,0.12485551725097098,-0.04821151489044894,-3.046795312825288,25072.500712890625,2.2625846747356717e-06,11.611515045166016,6.157829920994118e-05
210,0.5528726952540713,-0.023201442061777967,-1.4662481584584441,47450.93639404297,1.6713097663467275e-06,14.145145416259766,2.9073544283164665e-05
211,-0.03458104424696041,-0.0469222009630129,-2.96531528383639,45524.002346679685,1.6868497838722476e-06,19.328542709350586,4.456645910977386e-05
212,0.9098406546806758,-0.015718457584009186,-0.9933503023214448,56562.65009765625,1.5083010933726188e-06,29.6033992767334,4.9073598347604275e-05
213,0.5950714634339466,-0.03299356405015618,-2.0850752466467606,41969.112533691405,1.7569753931833183e-06,26.624053955078125,5.968442928860895e-05
214,0.728092916318042,0.029224563729164228,1.8468879061715862,23001.62217529297,2.274559731259319e-06,21.043121337890625,7.253284275066108e-05
215,0.7617806119586066,0.02552514072253331,1.6130976031210993,17029.166153564453,2.6321910459617453e-06,15.181904792785645,7.381621253443882e-05
216,0.9229443206119744,-0.004788431881069952,-0.302611769080033,17089.30712402344,2.641420490753177e-06,10.993378639221191,2.2674958017887548e-05
217,0.7344025836997246,-0.13347692981501877,-8.435264584711792,19996.007494873047,2.461893241151726e-06,52.452369689941406,0.0003298668307252228
218,0.4761623703905978,-0.01897339668670956,-1.1990508123380654,17372.473457763674,2.6177742948421933e-06,4.215059757232666,3.131629273411818e-05
219,-0.2973083557752004,-0.01933220691664902,-1.2217263355871784,18430.471510009767,2.5650644387991724e-06,4.581392288208008,2.9172280846978538e-05
220,0.021684319871270685,-0.01143664794774582,-0.7227552471811666,24491.325186035156,2.262543061222299e-06,2.3909921646118164,1.9744753444683738e-05
221,0.24952260360572887,0.05585752042016698,3.5299955164014727,59245.756877929685,1.5066074451964643e-06,29.166906356811523,7.094829925335944e-05
222,0.7130162007801204,0.013248010534781621,0.8372268843522502,48674.99519335938,1.636710412258046e-06,16.972463607788086,2.4675464374013245e-05
223,0.9827981935276959,-0.0014188946069756162,-0.08966906449112266,57554.64737939453,1.4987741723460427e-06,7.736396312713623,1.0085310350405052e-05
224,0.8812227808666099,-0.02131389235266108,-1.3469617676547112,77951.78797753906,1.2900534005010876e-06,46.8851432800293,4.000521948910318e-05
225,0.9979919988085606,0.0011336825080846885,0.07164467990091572,58993.64630419922,1.4890489157593618e-06,42.36405944824219,4.769030419993214e-05
226,0.7375251372733577,0.012466725286408332,0.7878524509179908,43144.50230419922,1.7191525636599598e-06,13.013870239257812,2.1867195755476132e-05
227,0.9339538072906193,0.00585876566283044,0.3702530360436742,30494.881657714843,1.9881076035520082e-06,8.055631637573242,1.899556809803471e-05
228,0.9686503698169762,0.004229748867756745,0.2673050007657479,20191.64469482422,2.401264135924382e-06,9.686446189880371,2.4618291718070395e-05
229,0.9983781463499888,0.0010934696900117568,0.06910337361965684,20805.955995117187,2.3841747674979377e-06,23.858980178833008,4.897553662885912e-05
230,0.4302222915981222,0.021394506820693954,1.3520563137171315,27156.60160546875,2.1590260898575405e-06,5.786417484283447,3.5858403862221166e-05
231,0.5277970072775883,0.007855485313436215,0.49643857670373404,28251.663666748045,2.118425573348179e-06,2.0867087841033936,1.090743262466276e-05
232,0.8750083043795219,0.011793536921865473,0.7453093539338295,46659.135509277345,1.7137519898878483e-06,18.268566131591797,3.026006197615061e-05
233,0.8790345749639235,-0.01527746666318891,-0.9654812533275104,47071.99543896484,1.6810664189279183e-06,22.105064392089844,3.840111821773462e-05
234,0.9588818338483518,0.028458553839010848,1.7984788207445799,49506.2337553711,1.6344816244367776e-06,84.02961730957031,0.00011098062532255426
235,0.6781956269969951,0.04220701656367551,2.6673324936325886,40785.60072216797,1.806310199467089e-06,23.71262550354004,6.414739618776366e-05
236,0.9991060127845296,-3.771486791383349e-05,-0.0023834447651106105,15402.198597412109,2.7722239673983644e-06,2.135019302368164,4.969373549101874e-06
237,0.47293368960187043,-0.003708336431005854,-0.2343535995921634,12143.121193115234,3.104777814971936e-06,2.4063358306884766,5.762412001786288e-06
238,0.9940138093851106,0.0003333381210833495,0.02106577707028115,13046.372648071288,3.0292100490727437e-06,3.2004847526550293,7.921358701423742e-06
239,0.9815982439015402,-0.0003870578463865786,-0.024460671581106104,15287.27513659668,2.809757891941916e-06,1.0806671380996704,2.6819941467692843e-06
240,0.20805559172309196,0.0077522193674620845,0.48991253824832803,12821.079616455077,3.041254184963409e-06,1.4789410829544067,1.1174133760505356e-05
241,0.7739033221188818,-0.0023159753244293593,-0.14636135742932865,13720.185854736328,2.9466566732401067e-06,1.0652797222137451,4.810102382180048e-06
242,0.8865986175566752,0.0021436130035924665,0.13546867520544836,15781.745836669921,2.77162786630991e-06,1.1596735715866089,5.240035534370691e-06
243,0.69806517576906,-0.001953233681349604,-0.12343738293042963,22090.358657958983,2.3928573944681215e-06,1.7224147319793701,2.80353992820892e-06
244,0.7043037610548618,0.011467739097173033,0.72472009662762,36670.85932275391,1.8795392674866414e-06,4.719211101531982,1.3073393347440287e-05
245,0.25206763299993373,-0.023452104400841882,-1.4820891217946337,36470.416037109375,1.8965720482889062e-06,8.15606689453125,2.3809352569514886e-05
246,0.5738994036620658,0.02279461366430434,1.440538058757917,57195.53800537109,1.5118193140342375e-06,11.3941011428833,2.3316657461691648e-05
247,0.8760274597141025,0.038355258839962846,2.423915181286918,58188.33030273437,1.5027706007625424e-06,55.37691116333008,8.229989180108532e-05
248,0.8628128834871739,0.007506578216968086,0.4743888960715004,17822.0032265625,2.559349145802088e-06,2.496140956878662,2.0032714019180275e-05
249,0.20571612000251793,-0.0077785126552323775,-0.4915741799975933,15488.682923095703,2.758581293800762e-06,4.2763776779174805,1.2049448741890956e-05
250,0.9386103569365638,0.00108776642155695,0.06874294745102523,15409.199160644532,2.7768158698030466e-06,2.2390201091766357,5.6376916290901136e-06
251,0.4949617297165032,-0.008314750492657839,-0.5254624934708365,24076.220470703123,2.268941058692789e-06,2.823404312133789,1.1881422324222513e-05
252,0.6650853710167385,-0.01369072101157189,-0.8652046031335047,25343.17542919922,2.2407727378788876e-06,6.140354633331299,2.5231405743397772e-05
253,0.7894994195954829,-0.002881015122288383,-0.18206985179190005,28764.602369384767,2.1279557218703136e-06,2.429445505142212,6.2325339058588725e-06
254,0.8342727568315624,-0.00942006516433096,-0.5953144275679715,37073.81200585938,1.868446369712069e-06,10.591617584228516,1.731147858663462e-05
255,0.9674950188092898,-0.00483932437624582,-0.3058279927583837,46477.24084619141,1.7127179972105227e-06,12.736488342285156,1.5570898540318012e-05
256,0.5008678580826114,0.051570620968759445,3.259078803147782,59917.681,1.5095798637018719e-06,18.823270797729492,4.492486550589092e-05
257,0.9132409871658177,0.008281945557127522,0.5233893388720144,43038.75166845703,1.7446360796896008e-06,12.982274055480957,2.345869506825693e-05
258,0.9409868591552104,-0.003487598197465898,-0.22040373270166855,25361.050668457032,2.1625878086269607e-06,7.53413200378418,1.6158872313098982e-05
259,0.6334657365576385,0.010382376418162259,0.6561290571085394,14793.913758300781,2.7810011695257424e-06,5.505845069885254,2.7674859666149132e-05
260,0.9888029582809857,0.0011231084788798503,0.07097643907313453,16983.80109008789,2.6244546921271405e-06,5.337310314178467,1.242155849467963e-05
261,0.9703008648331181,-0.004203358215075784,-0.26563720590235357,18113.12344921875,2.577534168226515e-06,9.723442077636719,2.3645437977393158e-05
262,0.9968817386437645,0.000538425422071346,0.03402656099897712,23611.423309326172,2.276635353807434e-06,4.691002368927002,9.628645784687251e-06
263,0.8680420266131424,-0.0014983965480167857,-0.0946933028266149,27041.242067871095,2.1596530109302203e-06,2.87386417388916,3.949857728002826e-06
264,0.9194336972409362,0.008509693192908426,0.5377821749150438,32867.986611328124,1.9777115723078865e-06,12.297124862670898,2.157944800273981e-05
265,0.9729758393849975,0.004172923977619753,0.2637138709430362,50250.664517333986,1.6528894294233079e-06,11.4408597946167,1.853298999776598e-05
266,0.7362453325891198,-0.021626024028395023,-1.36668737322366,41856.96925830078,1.7947926747270114e-06,14.701738357543945,3.406240648473613e-05
267,0.9133206902032133,0.016417776862264394,1.0375447795951391,58162.868131347655,1.5281824126360497e-06,41.432044982910156,4.9597612814977765e-05
268,0.585799363516153,0.022244347452587646,1.4057632022018811,32598.16674584961,1.983274276779622e-06,14.898770332336426,3.580971315386705e-05
269,0.9942110835148928,-0.0002773759527786326,-0.01752916818184878,14427.971723632812,2.867390402591789e-06,6.130125999450684,1.4281684343586676e-05
270,0.8730773171759929,0.005072170981763799,0.32054306545235545,20718.899751953126,2.388486158528451e-06,5.141241073608398,1.4337434549815953e-05
271,0.7125341433178664,0.016402895958675515,1.0366043597098022,32467.685232421874,1.9513501532689113e-06,6.551840782165527,2.9667033231817186e-05
272,0.7558462074015986,-0.0029752717474554376,-0.18802653339409142,41513.5967680664,1.79662300149688e-06,1.8892490863800049,5.244623935141135e-06
273,0.9930368978245001,0.0005908333709201666,0.03733855592944563,60217.75385058594,1.534400203287524e-06,7.5779900550842285,8.150292160280515e-06
274,0.9734176852883236,0.005998117530333264,0.37905957567856885,50578.83528662109,1.6781369754418755e-06,36.64961242675781,4.085041655343957e-05
275,0.9238846701147362,0.03238913127459846,2.0468772569824263,47482.53305029297,1.676915886419266e-06,61.34258270263672,8.817174966679886e-05
276,0.7205352883778494,0.014422525687314615,0.9114520413445424,39050.89171728516,1.8213199440938531e-06,8.765656471252441,2.4605158614576794e-05
277,0.9874992970595976,0.003557042952786861,0.2247923928691201,19747.08240283203,2.482555474490942e-06,11.7939453125,3.2154013752005994e-05
278,0.7595490624815449,0.007969627629759665,0.5036519628659307,15379.45518359375,2.768444874476707e-06,3.4519898891448975,1.7629041394684464e-05
279,0.9965658145519688,0.0005164494794048174,0.03263776001930574,18601.727004394532,2.5259097032784273e-06,5.483072280883789,1.146079466707306e-05
280,0.37124643129301543,0.009093612974872685,0.5746838167488938,22192.134374023437,2.370609821782961e-06,2.6340172290802,1.3519024832930882e-05
281,0.9850879698078603,0.00020153266929749235,0.012736143918979245,36221.16157617188,1.964424665399991e-06,3.9553141593933105,5.801827683171723e-06
282,0.44452022677933406,-0.017221134091229783,-1.088314083262487,61258.11729345703,1.4854170714777814e-06,9.654017448425293,1.8471411749487743e-05
283,0.708846190591505,0.028222717123518187,1.7835747837943225,55825.796505859376,1.5499634343091925e-06,31.297819137573242,3.4251985198352486e-05
284,0.987457952928898,-0.0014949197534573262,-0.09447358184519608,50979.199373046875,1.6056064202691554e-06,26.519216537475586,3.129416290903464e-05
285,0.967680128785461,0.004983328355275891,0.31492852920354586,28393.07168359375,2.039765171552949e-06,14.8469877243042,3.336813460919075e-05
286,0.08173096537063511,0.027577189175611375,1.7427797262142122,23198.651350585937,2.2500977551686475e-06,17.14057731628418,5.624277764582075e-05
287,0.9592307062798588,-0.004112110319237511,-0.2598706652330352,21068.58232128906,2.3713595908014787e-06,10.62981128692627,2.308237162651494e-05
288,0.9537469688066278,0.008482035341766711,0.536034297641059,27598.93326977539,2.10857264971578e-06,20.499061584472656,4.440250631887466e-05
289,0.9732844699354317,-0.001064724449244655,-0.06728677721039131,19752.183310546876,2.481195302077948e-06,2.824423313140869,7.7381482697092e-06
290,0.4244010704329088,-0.00640558011069068,-0.4048097534691991,21195.636918701173,2.361262539507164e-06,2.32165789604187,1.2107890142942779e-05
291,0.8147390163291016,-0.018277741320629433,-1.1550878812098715,14287.013950927734,2.899999419809806e-06,4.104941368103027,3.532366827130318e-05
292,0.6682627900394468,0.016466892603246536,1.0406487187629991,17991.01145043945,2.569487531000503e-06,3.0934243202209473,2.2713755242875777e-05
293,0.6636975352988065,-0.003973083174756636,-0.25108464693175736,29135.678640136717,2.153614250694356e-06,2.3124778270721436,5.573701400862774e-06
294,0.5376087722584034,0.01399535181569435,0.8844561804434384,44159.41964257813,1.7431847148611942e-06,4.996170520782471,1.3084227248327807e-05
295,-0.0339016504504837,-0.04201344345976301,-2.6550993657785935,49226.80206689453,1.6601187560315296e-06,12.240154266357422,3.260999801568687e-05
296,0.8720981174487616,0.020556637330261588,1.2991059585580083,47619.09932421875,1.6690550939977484e-06,23.638408660888672,3.864905738737434e-05
297,0.9484325069080453,0.034058881778187,2.1523995169545787,41429.165625488284,1.7589071456190642e-06,43.853511810302734,0.00010347070201532915
298,0.49746849379299385,-0.010072175234201636,-0.6365254517152705,15777.231095703126,2.7163254244604556e-06,4.848560333251953,2.724646583374124e-05
299,0.009982080196884555,-0.006480378417671247,-0.4095367389545858,11674.638805297851,3.168642601859902e-06,2.2881546020507812,8.353605153388344e-06
300,0.539585368996085,0.013806465879103178,0.8725192648005201,17195.861517578123,2.607726591888889e-06,9.28639030456543,2.4400471374974586e-05
301,0.8647224918885336,-0.009100785388576086,-0.5751370876428457,25887.56604345703,2.221119470943919e-06,5.254426956176758,1.9230104953749105e-05
302,0.9243165380560621,-0.0005220879196836612,-0.03299408927907413,25092.793489501953,2.24215610500571e-06,1.363963007926941,2.534771510909195e-06
303,0.7283955919454833,-0.0025077257061611475,-0.15847929576045983,24532.101659423828,2.2857856818377357e-06,1.3996543884277344,4.370353963167872e-06
304,0.9776135166708436,0.0027220286202046945,0.1720224734746708,50869.97376708985,1.6241702018626957e-06,12.945021629333496,1.7394544556736946e-05
305,0.779021750078006,0.022929833686445727,1.4490834805434938,40998.09495263672,1.7840299749875395e-06,16.324283599853516,4.0164733945857733e-05
306,0.6331896269051925,0.028120133866946652,1.7770918888675251,44189.3918515625,1.7452040504450846e-06,15.72594165802002,4.276797699276358e-05
307,0.6845555759701089,0.028510468266523377,1.8017596268916714,27504.03431347656,2.1075288104788877e-06,6.456563949584961,3.760083927772939e-05
308,0.9925269867293319,0.00012461302999226787,0.007875097817609011,15586.0819453125,2.741862607851637e-06,1.2742871046066284,3.13553687192325e-06
309,0.6378982112158141,-0.005506638002271942,-0.34799982727926115,13036.656195556641,3.032991991451887e-06,1.669121265411377,1.349289232166484e-05
310,0.9245734245338961,0.0025979358115671915,0.16418025178611378,14733.657535888671,2.8347608693271197e-06,4.137941837310791,1.0217211638519075e-05
311,0.6133657855526977,-0.005555046176326926,-0.35105905074793464,17315.359451171877,2.6653159225839298e-06,1.539742112159729,9.650681931816507e-06
312,0.5999025323954978,0.0012653860776817706,0.07996787446226822,14997.92858984375,2.835389342088401e-06,0.6394110321998596,2.0284298898332054e-06
313,0.3742266665791585,0.004364596377360707,0.2758268810912489,19690.751822753908,2.4925788857375413e-06,0.6612998843193054,5.453565790958237e-06
314,0.3578476780732703,-0.029218769202368086,-1.8465217128021676,33938.67172265625,1.9855421361230204e-06,6.281151294708252,3.613442095229402e-05
315,0.9583239917838426,-0.005992690373913952,-0.3787165988030672,52496.66165722656,1.6163646472876618e-06,16.8803768157959,2.073138784908224e-05
316,0.4880822900403776,-0.0113718706338547,-0.7186615526189994,50744.69040917969,1.6561903768141007e-06,5.971677303314209,1.1129134691145737e-05
317,0.9688234665883387,-0.0537000726010205,-3.3936525303331617,45675.08101855469,1.6854485939970494e-06,164.12281799316406,0.00024269925779663026
318,0.729473304041563,0.018619101661899343,1.1766606339045118,20883.064170166017,2.4227382074940607e-06,11.98754596710205,4.1505809349473566e-05
319,0.9927157089655838,0.0009376473781268891,0.05925596080628206,11330.03443310547,3.2097047420175255e-06,5.7225470542907715,1.5625037121935748e-05
320,0.8215885634266068,-0.011928160817806564,-0.7538171026755902,12672.842638916016,3.04128218224037e-06,6.154536247253418,3.3135871490230784e-05
321,0.9043899450218148,0.0065035382215185445,0.41100035572680793,13599.480280883789,2.957126758586145e-06,7.173072814941406,2.2639833332505077e-05
322,0.5010520194220336,-0.01070650216182431,-0.6766126448738182,11428.946614746093,3.260383129610855e-06,4.0246076583862305,2.0462070096982643e-05
323,0.9487180772020574,0.0019311132700994187,0.12203945205296235,11611.163162841796,3.205060488253206e-06,2.8567755222320557,9.656997463025618e-06
324,0.7142827013318142,-0.0040070877315130995,-0.25323361330163213,13109.433906494141,3.0111737141382894e-06,2.2657997608184814,1.0355149242968764e-05
325,0.44649317103238123,0.007674279730098179,0.4849870319176672,12692.390500732421,3.0693613772211584e-06,1.4710400104522705,1.2460969628591556e-05
326,0.25583153157707367,0.02115799411708874,1.3371095567358289,16061.56803125,2.73859077124319e-06,3.036313056945801,2.7464464437798597e-05
327,0.5138496111850861,0.026712599169227986,1.6881407300127804,30511.00017480469,2.066856957130984e-06,11.43444538116455,2.99265630019363e-05
328,0.6384192043689443,-0.027224041641733823,-1.720462065103607,50325.99987841797,1.6347584579722367e-06,17.749868392944336,3.0190083634806797e-05
329,0.8856339351210395,0.025912670462334374,1.6375880966782765,39249.91245019531,1.816824620591069e-06,46.38283157348633,7.243317668326199e-05
330,0.986595591327129,-0.0542167711695935,-3.42630603189703,54554.64881152344,1.5421924305121844e-06,281.13262939453125,0.0003620003117248416
331,0.7414858295924422,0.017490975757894385,1.1053671115082673,37650.66328076172,1.8214447151725067e-06,9.939659118652344,3.002781159011647e-05
332,0.969741800787681,0.003388296816834942,0.2141282405967023,19486.773686279295,2.459696149848032e-06,9.371681213378906,2.1966763597447425e-05
333,0.9986438046281378,0.0002569897008231883,0.016240829969596752,18731.77610546875,2.504442694884988e-06,10.966094970703125,2.4277147531392984e-05
334,0.9398030967880265,-0.004186310821273083,-0.26455987158394473,25403.48798754883,2.1870533161662576e-06,11.769238471984863,2.0249361114110798e-05
335,0.6514047611953153,0.011318622951073016,0.7152964895072782,33370.63044189453,1.9721415758091103e-06,9.128341674804688,2.1242827642709017e-05
336,0.6797639809109494,0.017387674574312718,1.0988388461620922,54206.663450195316,1.5598546337552446e-06,16.3101806640625,4.295412145438604e-05
337,0.663714319989912,-0.010259909649894768,-0.6483895953558416,41210.71239404297,1.7993958882842691e-06,10.3041353225708,1.9357392375241034e-05
338,0.9572958191400966,0.045088116825285324,2.8494077259251025,96826.12592089844,1.1633308568290598e-06,127.94554138183594,0.00011931404151255265
339,0.6930372690427525,0.0270532274989116,1.7096672221932026,45445.08526513672,1.698466014159305e-06,14.231916427612305,4.188622915535234e-05
340,0.899019048692191,0.016353807265242742,1.033502129850327,18655.94704711914,2.511374800381367e-06,10.278236389160156,5.3147181461099535e-05
341,0.8796638119545671,0.0051068702752897705,0.3227359367013405,11368.239180419921,3.2116845710993347e-06,4.289180755615234,1.736564445309341e-05
342,0.9362513224059197,-0.0031224501315988964,-0.1973276808891751,13622.599848388672,2.9382304593109332e-06,5.721534252166748,1.4391052900464274e-05
343,0.9852523320793094,0.00040685456699731716,0.025711753520828752,15783.090447265626,2.768014407624057e-06,1.9076658487319946,5.178500487090787e-06
344,0.996682186532166,-0.00010653050988046031,-0.006732347218588968,16118.309961669922,2.7352015070282733e-06,0.9091809391975403,2.0410952856764197e-06
345,0.9565927878882593,-0.0006790544479036185,-0.04291381247254235,19782.252323974608,2.480972940694406e-06,1.9163421392440796,3.767079988392652e-06
346,0.8649297924659379,-0.005960331790911901,-0.37667165208765413,63776.687418945316,1.4837819897840392e-06,13.153387069702148,1.4976046259107534e-05
347,0.8493683390565332,0.011288106854020173,0.7133679813142128,37966.51781396484,1.839218458023927e-06,15.445069313049316,2.5647666916484013e-05
348,0.9772907758925842,0.004815687906618357,0.304334252413648,57878.07019873047,1.5390949314428243e-06,42.28221893310547,4.848886237596162e-05
349,-0.21135932355789977,0.040915149474920816,2.58569111397972,41112.20269921875,1.788694738719334e-06,11.366153717041016,4.4918742787558585e-05
350,0.5864574180706129,-0.01552384034938003,-0.9810511891404856,17126.60416503906,2.6057703064027034e-06,11.981546401977539,3.90053064620588e-05
351,0.832369607251368,0.020315815268568453,1.2838868655579476,15155.894674072266,2.767800414937831e-06,8.66876220703125,6.762689008610323e-05
352,0.9704436954615112,0.0027297658064670805,0.17251143597444416,22533.1753203125,2.3510437593598167e-06,7.954251766204834,1.692079422355164e-05
353,0.5481537445703702,0.005881720642264369,0.3717037086455251,27057.248596191406,2.1309920059564625e-06,3.0602970123291016,1.2896065527456813e-05
354,0.8100793182569603,0.0035196003494688283,0.2224261542527111,16651.841196044923,2.6913037804864706e-06,0.823673665523529,6.324218702502549e-06
355,0.730774726309297,-0.0048250077410485126,-0.30492323261729076,25287.24170019531,2.257053402872443e-06,4.092937469482422,6.276554813666735e-06
356,0.8888593786367945,0.008385705894032742,0.5299466210660787,47170.79108886719,1.6775083745527338e-06,9.421183586120605,1.6742034858907573e-05
357,0.998813319872793,-0.00024034542934956127,-0.01518897154062038,40621.97846850586,1.7892545288964012e-06,11.344891548156738,1.7719907191349193e-05
358,0.9898266030852316,0.004712624114888001,0.2978209893834448,50254.081693359374,1.6355375552884387e-06,82.73758697509766,9.74288341240026e-05
359,0.6014398045307418,0.03865914066787956,2.4431194259793587,37523.67405761719,1.8586733824090927e-06,17.543331146240234,5.483701897901483e-05
360,0.993057191550021,-0.0008829231585747528,-0.05579758585149503,16192.973055664062,2.7040059627911894e-06,10.089057922363281,2.268148455186747e-05
361,0.9280033476328527,-0.003098237436637628,-0.19579752516421,17394.49537426758,2.5827701379706477e-06,6.110227108001709,1.4354427548823878e-05
362,0.9699951471036975,-0.004141092735408549,-0.26170225027957283,21806.244395996095,2.3316792300317945e-06,8.539984703063965,1.9184746633982286e-05
363,0.37963543260914934,0.013701429193378458,0.8658813219259193,30571.221538085938,1.9922749080091696e-06,4.235054016113281,2.783188938337844e-05
364,0.7722214935697811,-0.008113102340427612,-0.5127190514435326,37287.82063769531,1.8883466667372476e-06,7.8097758293151855,1.3837554433848709e-05
365,0.519972430750188,0.010821247839422156,0.6838641613106381,54011.42291552734,1.5975473819863688e-06,2.421966791152954,1.3480916095431894e-05
366,0.9603436217268447,0.006357058424623372,0.40174335644732195,44144.882760742184,1.7273304761008628e-06,24.296693801879883,3.408057818887755e-05
367,0.947899584434188,0.007919858445683332,0.500506728431554,45028.04856396485,1.7098166743002482e-06,19.175100326538086,3.0669132684124634e-05
368,0.9212726606509859,-0.005749566092908984,-0.3633520137763747,26470.618655273436,2.128333191073222e-06,17.66050148010254,3.340177136124112e-05
369,0.9012745358617137,0.007181668144566697,0.45385574153504354,17347.40026928711,2.6023755172858726e-06,14.769563674926758,3.628175181802362e-05
370,0.7712368363476111,-0.013806986415625161,-0.872552160847013,15712.6021484375,2.72250444066729e-06,7.921113967895508,3.205908433301374e-05
371,0.670980784779938,0.02771687252159117,1.7516072141033205,23521.093774169924,2.2777414072523563e-06,11.375661849975586,5.4916781664360315e-05
372,0.4530123345380975,0.020599496903805053,1.3018145303188964,21699.99303979492,2.3722560102890974e-06,6.583305835723877,3.777756501222029e-05
373,0.6005039556844276,-0.00894623918353096,-0.5653703202177526,19532.525655761718,2.4843664687420727e-06,1.8425357341766357,1.5307945432141423e-05
374,0.46298608326322194,-0.014753895885325547,-0.9323934527149143,36799.077814208984,1.8979774975960733e-06,8.797822952270508,1.931818769662641e-05
375,0.5216924460128144,-0.00547718303943857,-0.346138378973725,48742.38659033203,1.6652320989144825e-06,6.344038486480713,9.764348760654684e-06
376,0.8857219607311762,0.029035266292460064,1.834924985193255,68754.75280664062,1.4186469878355946e-06,61.377960205078125,6.909637886565179e-05
377,0.9693395261139451,0.01948578773877292,1.231432094264337,39203.27326489258,1.8157693632832927e-06,58.6978759765625,9.287412831326947e-05
378,0.7367816252832717,0.007829250497045607,0.4947806301365422,26281.779104492187,2.1636468190629735e-06,4.083548069000244,1.4146675312076695e-05
379,0.7713692901091633,-0.005517982805629574,-0.3487167782768289,17967.869076904295,2.5636435288289147e-06,5.589785575866699,1.6635371139273047e-05
380,0.8855478770908636,0.013726571407525425,0.8674702199389993,17384.517857910156,2.6040951186144975e-06,4.831020355224609,3.999497857876122e-05
381,0.2665028476619071,-0.010512729197625642,-0.6643668865645368,20205.69723095703,2.4750859490573725e-06,5.343168258666992,1.5793020793353207e-05
382,0.8749856846993838,0.004452172758469137,0.2813613951607959,21266.059510009767,2.394458755648506e-06,4.712616443634033,1.0338451829738915e-05
383,0.9562183945723768,-0.0006588358511850036,-0.041636069471639794,22773.884536376954,2.303917599239147e-06,1.855156421661377,4.334252480475698e-06
384,0.7860503621154419,0.0018988347280217916,0.11999956363770678,34736.38005175781,1.9268404061010093e-06,0.8472552299499512,4.3699287743947934e-06
385,0.4032991112298246,0.02681567405674206,1.6946546942568306,46844.82970019531,1.7080596150617391e-06,4.741258144378662,2.6586187232169323e-05
386,0.9709488204334731,-0.005355138646701893,-0.3384256098439506,54019.11232324219,1.5778010647640015e-06,16.929046630859375,2.1932217350695282e-05
387,0.6410119086550855,0.023994560977905137,1.5163704373716929,64619.43578808594,1.4444833766315536e-06,7.220955848693848,2.6909792723017745e-05
388,0.9752632184453273,0.01779034247959189,1.1242860176359095,45554.322739746094,1.7033916956107727e-06,68.99068450927734,8.949122275225818e-05
389,0.8964435869041039,0.007653490204379073,0.4836732082458585,22892.153405029298,2.293727379645289e-06,9.032588958740234,2.941268030554056e-05
390,0.8109580798139825,0.008899567333507271,0.5624208262179025,12731.449350341796,3.040125324581297e-06,7.513139247894287,2.6834317395696416e-05
391,0.9376787797051122,-0.004170452006427537,-0.2635576512046813,15310.50842626953,2.7621194425487577e-06,7.168933868408203,1.875538691820111e-05
392,0.9970721465279478,-0.0014843342826701372,-0.09380461795033107,20114.951979248046,2.4572404923081987e-06,6.227489471435547,1.1793459634645842e-05
393,0.9794268934953569,-0.002149063163655662,-0.13581310582897105,19298.44733569336,2.4994464533045596e-06,3.796196460723877,1.1711595107044559e-05
394,0.9099468203222388,0.0037678474320983714,0.23811448202040136,29626.61120727539,2.0949751955626456e-06,5.144228935241699,1.199739290314028e-05
395,0.5867791326335601,0.0035658883945910978,0.22535139315546782,44854.77073779297,1.7497440370653409e-06,1.4362409114837646,4.033948698634049e-06
396,0.994426703018015,-0.0043451104962919694,-0.2745954430988645,52411.14381445313,1.6373786183556424e-06,28.07834815979004,3.3164389606099576e-05
397,0.9280470240520496,0.015045512434746857,0.9508225756731548,49002.90137304687,1.671929000283923e-06,29.438108444213867,4.387406806927174e-05
398,0.7503154899602835,0.01669580068742793,1.0551148909946013,39449.57540966797,1.8152098501319753e-06,15.897880554199219,3.014257163158618e-05
399,0.8494530986099801,0.013520524522973995,0.8544487937610404,17410.556295410155,2.599922652166503e-06,7.637742042541504,3.108266173512675e-05
400,0.9500594181361898,-0.004819427706778917,-0.30457059440841805,14463.745703125,2.8367894256857254e-06,11.114372253417969,2.6694620828493498e-05
401,0.9922738795578397,0.0011060364780875016,0.0698975496809868,12069.844107177734,3.12280837726698e-06,6.520473003387451,1.8001452190219425e-05
402,0.7470763483226698,-0.0044555301036909595,-0.2815735673712861,17208.339040283205,2.6573251975423804e-06,3.8343632221221924,1.5870939023443498e-05
403,0.3329893601314709,0.0035203056065292553,0.22247072397658157,13827.282131591797,2.942948778632599e-06,1.7185702323913574,3.5952366488345433e-06
404,0.5527334423473288,0.005773420504150108,0.36485952725162674,17831.505354492187,2.6094741327452267e-06,1.685872197151184,8.566845281166025e-06
405,0.7972741831215295,0.003840768058033092,0.24272280477920782,20793.274809326173,2.4107431139146834e-06,1.695109248161316,7.509662282245699e-06
406,0.562158259499901,-0.0020574647767186115,-0.13002441537573975,37482.1065267334,1.888184772994349e-06,1.0305076837539673,2.2495194116345374e-06
407,0.9310949944016064,0.006515592258391301,0.41176212774596127,46976.56208837891,1.728738803666438e-06,19.061752319335938,2.5023236958077177e-05
408,0.9852910072687883,0.007255567417328479,0.45852591127319464,49818.2397890625,1.6472785456844952e-06,48.033348083496094,5.9199781389907e-05
409,0.9868238798566851,0.006981274509238378,0.4411915804891665,48619.16221533203,1.6479279422969999e-06,55.03683853149414,7.543991523561999e-05
410,0.7779374019010966,0.017066191113130024,1.0785222411993982,31878.820753417967,2.007620546207424e-06,6.464360237121582,3.09125280182343e-05
411,0.8218349111686902,-0.018188819455616727,-1.1494683373696912,15278.634145507813,2.7883653368488243e-06,26.787086486816406,5.369717473513447e-05
412,0.7996202643308558,-0.010076644153453721,-0.6368078714289339,20872.87401953125,2.405094057292045e-06,20.647953033447266,3.339963222970255e-05
413,0.4285698168665394,0.012355600963573906,0.7808297911504611,31572.915407226563,2.018861315750606e-06,5.7140631675720215,1.9384131519473158e-05
414,0.06339872229527634,0.01243349636158165,0.7857525017120343,39439.338903808595,1.8626767075225658e-06,2.971635580062866,1.4169975656841416e-05
415,0.9700047335682143,0.0035217413805702117,0.22256145976093109,44227.02264794922,1.7359350417739481e-06,13.35140323638916,2.041243715211749e-05
416,0.8362000104837433,0.02263678720430908,1.4305639909517915,50935.29389770508,1.6212369710980718e-06,29.97260093688965,3.995166116510518e-05
417,0.739587380062097,0.02577845915568626,1.6291064221042082,58864.44737402344,1.512842511572408e-06,27.09285545349121,4.239263944327831e-05
418,0.703614329545992,0.014618896749209269,0.9238619901361262,33293.47982568359,1.9820253389587215e-06,11.910679817199707,2.590609983599279e-05
419,0.7900365540728652,0.015030476414567659,0.9498723529740832,13482.115694580078,2.9531371035844648e-06,4.1701884269714355,4.3790205381810665e-05
420,0.7677917271641231,0.003707964759683952,0.23433011129389986,17170.18413354492,2.6229580232046673e-06,3.0098068714141846,1.0596780157356989e-05
421,0.8625400942845666,-0.007624724606122715,-0.4818553253160805,17524.498870117186,2.6171055594042734e-06,9.36876392364502,2.564575697761029e-05
422,0.8883085038789156,0.0010662707275984303,0.06738449647209283,24318.020994384766,2.274053586602177e-06,1.2330702543258667,3.2402995202573948e-06
423,0.38266228617431514,-0.010632028070994573,-0.6719061486896064,31956.634924316408,2.0114686344953805e-06,7.893621921539307,1.0402069165138528e-05
424,0.5619831269550465,0.007343665153014528,0.464093373087425,37779.54267333984,1.8594456155395934e-06,4.991542816162109,8.992561561171897e-06
425,0.8774801548488423,0.008825993751011039,0.5577712389397045,60188.49679882813,1.5079098991233587e-06,10.744344711303711,1.770384915289469e-05
426,0.9927294100243067,-0.006031400080984017,-0.38116291384481427,45603.14493896484,1.722713979975968e-06,30.69888687133789,3.9176044083433226e-05
427,0.9896029862120592,-0.009617287211133658,-0.6077781555622003,54576.26839160156,1.5532552884806476e-06,69.05372619628906,8.832968887872994e-05
428,0.8842156371689714,0.009488191139824085,0.5996197455669134,35986.31720507813,1.8751342194258045e-06,14.649441719055176,2.4512355594197288e-05
429,0.930622597127016,0.005493697718030671,0.3471820475960773,18695.398299072265,2.5330083814266966e-06,11.270293235778809,2.902322194131557e-05
430,0.8835801645500801,-0.003930463306192056,-0.24839122366823074,19169.58534350586,2.485050129959097e-06,8.23410701751709,1.711322329356335e-05
431,0.7979016979358523,0.030926557964918003,1.954447854697028,22922.017012939454,2.2942366889563753e-06,14.92435073852539,8.314895239891484e-05
432,0.5133276055026406,0.020951292274248627,1.3240467395364803,22667.795365478516,2.3245855681490235e-06,8.807888984680176,5.011042230762541e-05
433,0.9931792293133864,0.00017615349564062478,0.011132270912357712,26886.502500976563,2.1555436102860133e-06,2.8553402423858643,5.460449301608605e-06
434,0.9768601632910534,-0.0014291116453657726,-0.0903147447761919,31165.25131616211,1.994510337668754e-06,7.995967388153076,1.2959932064404711e-05
435,0.8145196139356764,-0.007938907625158682,-0.5017105684450973,72164.39072949218,1.3944501110281106e-06,12.66069221496582,1.6164927728823386e-05
436,0.9552838126486929,-0.004945651309229167,-0.3125474746451669,50616.66965625,1.611164803261708e-06,15.312171936035156,2.140370816050563e-05
437,0.9340656463763738,0.013501479930293967,0.8532452436165567,58836.29766601563,1.499392023874492e-06,31.644550323486328,3.4661923564272e-05
438,0.8672068712436948,-0.03527706041896908,-2.2293840502419573,56014.517264648435,1.555376761222295e-06,53.89994812011719,7.263593579409644e-05
439,0.848172792449458,0.009311963826611912,0.5884828096480421,21353.804639404298,2.357944973658443e-06,7.815743923187256,2.7830923500005156e-05
440,0.6136497382521712,-0.00518078886897279,-0.3274073274526126,17808.96054736328,2.5743709974253465e-06,3.9545352458953857,1.2577714187500533e-05
441,0.9497525575757657,0.006895473937716238,0.43576929123429864,16798.90041015625,2.641250523010034e-06,8.765159606933594,2.9020233341725543e-05
442,0.918163401415913,0.005384624532642563,0.34028901237927167,21544.775809570314,2.363321588952301e-06,8.720240592956543,2.2531381546286866e-05
443,0.8873997545110046,0.013523440964065724,0.8546331024074002,30222.761549072267,2.066197351517683e-06,20.66641616821289,4.265180541551672e-05
444,0.5369368760099862,-0.009343054188036451,-0.5904476092955447,32240.487916503906,1.993653648072609e-06,3.5537309646606445,1.323631477134768e-05
445,0.8960431090577865,0.00409275854506923,0.25864770231712714,45736.626658691406,1.7220707974847782e-06,8.244650840759277,1.185280143545242e-05
446,0.8393999350900095,0.01207936217077266,0.763372487412136,68085.9705444336,1.4132179063917341e-06,18.0877628326416,2.77273738902295e-05
447,0.5693282020885209,-0.03739541325029126,-2.363256372902809,79556.9485185547,1.347993932492526e-06,26.161943435668945,4.291087680030614e-05
448,0.9966974151076791,0.02240108350695256,1.415668360271999,54256.32640722656,1.5626671882272734e-06,239.93154907226562,0.0003120350884273648
449,0.8866084040418437,0.007555046276162468,0.47745190406680477,23041.636932128906,2.2641775946440285e-06,8.760477066040039,2.6651814550859854e-05
450,0.7505956490051398,-0.023759601393276913,-1.5015218319550134,14428.788438476562,2.8380889263982332e-06,4.682058334350586,5.584751124843024e-05
451,0.8706444431504796,0.0037957760389023204,0.23987947008388305,14945.691918701172,2.8239796018958237e-06,2.618609666824341,1.0240430128760636e-05
452,0.9799951913551475,-0.001043889293232926,-0.0659700698672853,16840.434368164064,2.6733899585401253e-06,3.0550873279571533,8.446124411420897e-06
453,0.6875865107038585,-0.023900624142679572,-1.510433965350076,17463.003302734374,2.622451795095567e-06,8.41627311706543,4.419392644194886e-05
454,0.33372638552555606,-0.0020469566545338095,-0.1293603396359087,23712.446396728516,2.319100175858341e-06,0.9039055109024048,2.444688334435341e-06
455,0.38640871116703257,-0.022622623875060605,-1.429668919198367,31374.413990966797,2.047608116847911e-06,7.397494792938232,2.9138642275938764e-05
456,0.9474778021891189,0.018307778475095588,1.1569861219443942,61798.23729150391,1.4650191077137668e-06,52.529296875,6.659738573944196e-05
457,0.2800794315928274,-0.025369602421682232,-1.6032681387892962,53453.56606640625,1.5296483017300352e-06,16.8717041015625,3.455425758147612e-05
458,0.17899771232717243,0.10769314648911517,6.805821694091717,69440.23369140625,1.3727277072890488e-06,50.374996185302734,0.0001259326672879979
459,0.995958400566256,-0.0024125853060497407,-0.1524667627426022,60469.32456640625,1.4470489544081354e-06,24.085233688354492,3.1499643228016794e-05
460,0.06358525531080207,-0.055950387140866635,-3.535864361012311,43711.71345703125,1.631863464716192e-06,41.72270584106445,0.00014493892376776785
461,-0.02069866103774481,0.015795816686937886,0.998239120952079,23261.169614501952,2.2842788993869184e-06,6.705024719238281,2.7856167434947565e-05
462,0.2918215450895588,-0.010751938979349902,-0.6794840892368761,19457.943154541015,2.485780592257969e-06,5.640096664428711,1.8021957657765597e-05
463,0.7159667117899312,-0.008930025395080563,-0.5643456667762239,21822.955963378907,2.3620430888974183e-06,8.457578659057617,2.1006559109082446e-05
464,0.49297004914251974,-0.017912104728855384,-1.1319809563072636,23975.90465722656,2.2796465338643377e-06,10.770724296569824,3.4875309211201966e-05
465,0.6673069481104743,-0.02670782184708624,-1.687838820339492,64494.46676074219,1.4330801901543282e-06,38.7623176574707,4.2218336602672935e-05
466,0.8758797078673732,-0.014725117003652201,-0.9305747303206906,67179.49308789063,1.3830739493899524e-06,52.59503173828125,6.382912397384644e-05
467,0.9949116145585342,-0.00410223566707033,-0.2592466225327153,75692.49351171876,1.3006174560483053e-06,62.23186111450195,6.422324076993391e-05
468,0.8951959905770281,-0.02608510849515902,-1.6484855636289992,64824.89336328125,1.4020449284119443e-06,84.28392028808594,0.00010921322245849296
469,0.9774615560152935,-0.011053002007665208,-0.698510195875931,50581.944447265625,1.5893816815899761e-06,70.52308654785156,0.00010779721196740866
470,0.990995999683806,-0.0012933927838350873,-0.08173779812530799,35703.180133789065,1.7925900606639327e-06,29.529708862304688,4.524723772192374e-05
471,0.9994095361128789,0.001320850333235562,0.08347301704562463,24562.958493164064,2.1949295676484966e-06,37.5414924621582,7.238226680783555e-05
472,0.8816204887263653,0.01841453468655073,1.1637327326952824,20540.263561035157,2.3719077695149365e-06,29.956220626831055,8.259924652520567e-05
473,0.3458196524069967,-0.015505695902983006,-0.9799045250217189,18467.295802246095,2.5314991490224278e-06,9.380934715270996,3.07664813590236e-05
474,0.5042437254694403,0.00574661737510771,0.3631656653574093,24284.83295263672,2.227603059527312e-06,4.573391437530518,1.5500609151786193e-05
475,0.9886957452483578,0.0007598187637634739,0.048017828381698054,29850.198232666015,2.027529117643906e-06,6.1095404624938965,1.1287517736491282e-05
476,0.7065140554288064,-0.011684145722808991,-0.738396221390557,38990.90101904297,1.8013781146355087e-06,9.17859935760498,2.6819312552106567e-05
477,0.5846930699267133,0.031317709091154666,1.9791672069250639,63256.937588867186,1.4216496581376177e-06,32.20941162109375,5.567049447563477e-05
478,0.6975351427455071,-0.02071489462426272,-1.3091072535324288,72883.35616699219,1.3318934476677696e-06,32.32126235961914,3.3812357287388295e-05
479,0.9793101613546158,0.02321185715911606,1.4669063553606658,67355.53278710938,1.3596780392783566e-06,151.2996368408203,0.00017094999202527106
480,0.6599471067172332,-0.007909065526037932,-0.49982465451078995,80020.04691601562,1.2744079769340897e-06,18.77846336364746,1.692368277872447e-05
481,0.997238496169835,-0.000915116768577612,-0.05783210686338443,36219.78774707031,1.8326425261061156e-06,43.633365631103516,6.791998021071777e-05
482,0.9859067209956399,-0.005065850008985475,-0.32014360257969404,37648.66051513672,1.765956692602972e-06,37.16120529174805,5.674151179846376e-05
483,0.6101990684881599,0.025397068022422496,1.6050038665254915,21106.796080566408,2.37797722644512e-06,21.698244094848633,8.27017574920319e-05
484,0.8028887787106014,-0.02294894406831842,-1.4502911883296592,24501.901400878905,2.2658086118774427e-06,62.661590576171875,9.034774120664224e-05
485,0.6289415647166787,-0.04629387634227736,-2.925607415005887,23894.07793334961,2.2571310154108715e-06,25.707639694213867,0.0001323132892139256
486,0.7790136549321387,-0.006251746183550972,-0.3950879994602699,29797.734467773436,2.039596004741392e-06,8.603582382202148,1.721475928206928e-05
487,0.9406463739591714,0.005831421828688894,0.36852500352101975,44005.25506176758,1.7089674808971365e-06,15.0978364944458,2.798232526401989e-05
488,0.5481574426720747,-0.027804040594652902,-1.7571159245646277,54569.13612255859,1.5570615184446068e-06,35.4147834777832,6.129342364147305e-05
489,0.988018042727521,0.0025992528819933735,0.16426348592655243,62146.87589648437,1.421547846753432e-06,36.038536071777344,4.164601705269888e-05
490,0.7318697724463763,0.038092369994796725,2.40730154649311,68422.24029492188,1.3605429067125715e-06,69.49806213378906,9.734419290907681e-05
491,0.9939146932083054,0.0010475430697568905,0.0662009754758857,58389.61414160156,1.4551465977216852e-06,16.015653610229492,2.0296338334446773e-05
492,0.9990000336871915,-0.0004576443248182014,-0.028921484565784104,34151.76237158203,1.841630944815348e-06,15.161253929138184,2.546133691794239e-05
493,0.93567187483811,0.004787321380576529,0.3025415894205484,17078.001672851562,2.6197276896481755e-06,16.069400787353516,3.716346327564679e-05
494,0.7732437806050858,-0.014132119170607915,-0.893099388126189,17828.13447558594,2.60103184992295e-06,12.460930824279785,5.65616755920928e-05
495,0.83299435313611,0.0045939832074534375,0.29032330835221515,20386.875693359376,2.447051144206712e-06,3.760038137435913,1.485882057750132e-05
496,0.9458516711353777,-0.0014237832817112798,-0.08997801125009494,28046.023051757813,2.0793616947992418e-06,2.857218027114868,3.968271812482271e-06
497,0.8538620204987222,0.00809497776132078,0.5115736428664507,59003.41590966797,1.502749860754574e-06,6.228538513183594,1.6245001461356878e-05
498,0.7345071303377908,-0.019494469839759138,-1.2319807719951736,64675.23904589844,1.4199597948001825e-06,30.832740783691406,3.8154710637172684e-05
499,0.9873576893138669,0.0029368166199198625,0.18559630686842166,56241.75325488281,1.4822850813261392e-06,44.19009017944336,5.284848157316446e-05
500,0.9929213840394726,-0.005714613236262922,-0.3611431182450673,73989.84237451172,1.3612517087352766e-06,90.0194320678711,9.406155731994659e-05
501,0.9989184542083273,4.6596272992860846e-05,0.0029447178018025964,46886.629137695316,1.6604971101560621e-06,11.971060752868652,1.717992199701257e-05
502,0.9925338021146887,0.0006870954660908995,0.04342197606331564,14423.712796142578,2.8410317438453406e-06,13.550178527832031,3.280198507127352e-05
503,0.9175352235297063,-0.004014202115682003,-0.2536832169365461,17842.186228271483,2.5628222408279498e-06,7.303106784820557,1.6787318600108847e-05
504,0.367838735871551,-0.019330618503638094,-1.221625953565839,23719.12864868164,2.260663780223783e-06,8.282430648803711,3.3902058930834755e-05
505,0.9993864216089153,0.0002422494079411468,0.015309296178038308,29905.48514038086,2.0366063866671115e-06,21.755592346191406,4.115876436117105e-05
506,0.56058940913203,0.03139589221520807,1.984108100743672,41390.505179199215,1.7782240231627906e-06,17.632287979125977,4.511718361754902e-05
507,0.7437431131394476,-0.009546086637352213,-0.6032785339477227,54296.98586547851,1.5982063791972716e-06,10.693647384643555,1.6582423995714635e-05
508,0.959391798876073,0.010422034679518037,0.6586353173886437,56132.615276367185,1.517184651325784e-06,32.90556716918945,4.5031159970676526e-05
509,0.8874979114827668,0.05849678367608133,3.696787514862921,51617.96916796875,1.5870110319747277e-06,105.1290283203125,0.00019025171059183776
510,0.6391756100676339,0.011534788909891354,0.7289574049880854,35560.510606933596,1.8226385326039232e-06,13.437088012695312,3.3187356166308746e-05
511,0.7083769902081262,0.008032354477995274,0.5076160753321504,19662.30879394531,2.436020186156809e-06,8.55443000793457,2.3351436539087445e-05
512,0.08863789302552785,-0.024828359393930178,-1.5690635151884518,20150.160987304687,2.4308971176722057e-06,6.635066986083984,5.3567222494166344e-05
513,0.7154801191145136,0.003588649849903181,0.226789835724956,24538.15849707031,2.2131881306213374e-06,4.368027210235596,1.1084805009886622e-05
514,0.2865055095817477,0.004228508719734801,0.26722662784614454,21086.084169189453,2.3910120140316073e-06,2.365051746368408,5.6975632105604745e-06
515,0.5474019561101888,0.0023114254949662513,0.14607382447970343,27933.033052490235,2.149276468102674e-06,1.0987884998321533,3.696677822517813e-06
516,0.8371536536135606,-0.010405071942834855,-0.6575633330974129,60182.82130810547,1.512857922755967e-06,14.389810562133789,1.4809569620410912e-05
517,0.9481638908813345,0.0036896553041126786,0.2331730191854752,62101.396706054686,1.4727893468216764e-06,18.027807235717773,2.236815089418087e-05
518,0.993224759704437,-0.0007375296648230956,-0.046609237045521286,80611.05644628906,1.286834579593487e-06,37.36119079589844,3.8800786569481716e-05
519,0.37232900452791534,0.05131260228003685,3.242772944823113,45048.19626416016,1.6823422300172283e-06,17.760581970214844,7.234974327730015e-05
520,0.8999886997346783,0.006910196582345131,0.43669970971937694,14932.102266601563,2.7945280258803163e-06,17.204540252685547,4.161821198067628e-05
521,0.9806282293540957,-0.004935359441535989,-0.3118970654157733,18416.791892578123,2.5205712894988194e-06,15.332818031311035,3.52868992194999e-05
522,0.5217220511555296,-0.015325336895648013,-0.9685064808112696,20955.772375488283,2.360880568057423e-06,6.826037883758545,2.6732646801974624e-05
523,0.8314481325328914,-0.01286344190916238,-0.8129235226209537,20492.098591064452,2.425481724687287e-06,7.425201416015625,2.9461934900609776e-05
524,0.2746685006201877,0.0058646364087796485,0.37062404619096956,18242.634953125,2.584469927092848e-06,2.4139974117279053,9.507295544608496e-06
525,0.6850951946029841,-0.0033147050056516374,-0.2094775013306761,22206.687989501952,2.358602898670746e-06,2.899953842163086,4.835659638047218e-06
526,-0.1225931911800112,-0.015358737573438457,-0.9706172841902622,31510.03726098633,2.0152213672470946e-06,6.378963470458984,1.2807518032786902e-05
527,0.8797151832823419,-0.006302731218481121,-0.39831007132012314,58080.44574853516,1.561969072886293e-06,11.725537300109863,1.5590219845762476e-05
528,0.8476384168044986,0.025232505236111286,1.5946040869886369,53262.94690405273,1.5777474328258265e-06,31.375118255615234,4.536177948466502e-05
529,0.939009116388994,0.042157891124457135,2.6642279415708843,51703.03748876953,1.6319574801995103e-06,78.54376220703125,0.00012844835873693228
530,0.5965825761440893,0.048252891278661225,3.049410152577851,33546.283299316405,1.949235589327951e-06,27.055715560913086,7.454062870237976e-05
531,0.9827226090245735,0.00314910256948367,0.1990120196411769,16149.45734375,2.6765518126900007e-06,10.096501350402832,2.7588152079260908e-05
532,0.8871682097401166,0.004652943342100242,0.29404937799125525,13718.365112792968,2.945035414330587e-06,6.710833549499512,2.052223135251552e-05
533,0.4094478054834407,-0.007933485204874692,-0.5013678908764092,14340.96203881836,2.8953421478742906e-06,3.230482816696167,1.5005975910753477e-05
534,0.6655882882738695,-0.0033446483919461504,-0.21136981625211232,17064.949119140623,2.6689340527367364e-06,0.7484927177429199,5.569987024500733e-06
535,0.5119652264489408,-0.003014119983905183,-0.19048160299718453,16716.734099121095,2.7039718878351373e-06,0.8947843909263611,4.9116320042230655e-06
536,0.5150898904585137,0.014145334703227739,0.893934562522473,27631.263696777343,2.164414438409037e-06,3.07462477684021,1.7407024643034674e-05
537,0.8176272879576222,-0.008902409317813156,-0.5626004294616913,41472.52239599609,1.761314006625882e-06,9.645787239074707,1.857321331044659e-05
538,0.9849079663416407,-0.004070039714750622,-0.2572119534947784,62416.85553369141,1.4910310694641253e-06,22.71978187561035,2.496225897630211e-05
539,0.958063805992382,0.018780821183117455,1.1868807292564065,59457.03764794922,1.5018899654528563e-06,64.84955596923828,6.695581396343186e-05
540,0.9107790874729217,0.02402824426395879,1.5184991005821735,48291.28259521484,1.6468518470833732e-06,48.204490661621094,6.751106411684304e-05
541,0.9956132417117838,-0.004279933717715483,-0.2704765037972658,35197.684440429686,1.883564565110731e-06,28.623432159423828,4.622132473741658e-05
542,0.3539231025013857,-0.01842316674731451,-1.1642782480630298,19774.092262207032,2.44931025101238e-06,22.592294692993164,3.977195228799246e-05
543,0.9974280336257205,-0.002046807918403596,-0.12935094004443326,17299.762490722656,2.605633194371774e-06,36.993247985839844,7.799454033374786e-05
544,-0.006446093174836207,-0.06882472808816616,-4.349476663863173,22770.214840820314,2.28049303498561e-06,28.918039321899414,0.00016030365077313036
545,0.9447946683248557,0.04156355672350943,2.6266681330651154,28343.63613671875,2.111528279955286e-06,20.140745162963867,0.00011010096204699948
546,0.4857727404220838,-0.015520620654290516,-0.9808477159260522,22428.009951416017,2.3398152573588343e-06,4.64016580581665,3.0085693651926704e-05
547,0.4435947589074945,-0.01950093970798048,-1.23238964452731,21478.207951416014,2.372595538592045e-06,4.0164594650268555,3.479804581729695e-05
548,0.4363202493471357,-0.004674556292108379,-0.2954152391331577,22315.05102758789,2.373771620103278e-06,2.6121299266815186,7.400582489935914e-06
549,0.9542384744958368,-0.002826269755091592,-0.17861014038160528,41546.6866015625,1.8197058426783954e-06,6.10952091217041,9.495941412751563e-06
550,0.4858546160566862,0.014650050464251801,0.9258307935057023,45529.51429760742,1.7361648531831299e-06,9.870501518249512,1.8896660549216904e-05
551,0.8191771491147021,-0.01184490378851261,-0.7485555561925771,56008.106599609375,1.5694984847786935e-06,10.943859100341797,1.7103971913456917e-05
552,0.9649984368152187,-0.03895937949599435,-2.4620934461134896,47479.29075,1.6769232430328953e-06,93.47754669189453,0.00012544705532491207
553,0.9527802856900829,-0.05683222437385987,-3.5915933202508614,29386.643270996094,2.0556265592524562e-06,172.29339599609375,0.0003318105882499367
554,0.9609457886459849,0.006343342690592138,0.4008765711108048,14997.29930053711,2.782493546034583e-06,15.878068923950195,4.710572102339938e-05
555,0.998850650195831,-0.0014706021676607036,-0.09293679739457815,13520.705516113281,2.954537366196621e-06,14.175251960754395,3.549710527295247e-05
556,0.9237865850260135,0.005398276622340454,0.3411517756215452,16895.939021728514,2.6612954673433143e-06,8.608742713928223,2.1724184989579953e-05
557,0.7832799631972586,0.007164137082911121,0.45274784113816885,22729.413236328124,2.3264794732592654e-06,5.422252655029297,1.616628833289724e-05
558,-0.209875603566541,-0.02890328680481204,-1.8265843535979025,28243.046160888673,2.0712281610217134e-06,6.6572771072387695,3.144882066408172e-05
559,0.24937935940385803,-0.027172912554659086,-1.7172308896634172,64273.76245214844,1.4695468795111378e-06,11.94865894317627,3.0628700187662616e-05
560,0.7958060168059875,0.017494391029232195,1.1055829444421152,61991.385129882816,1.477982774289493e-06,31.233924865722656,3.72673493984621e-05
561,0.9481889598148322,0.01564053047915027,0.988425588000277,50968.55064990235,1.6521953393266995e-06,56.16825485229492,7.079460920067504e-05
562,0.6539476388409172,-0.14008172546005682,-8.852664047458344,65098.470350585936,1.4230546926538662e-06,113.79818725585938,0.00023513936321251094
563,0.613587670986672,0.04722484515859002,2.984441314591354,22076.419850341797,2.3509737241677396e-06,17.67145538330078,8.1390913692303e-05
564,0.8421512986922559,0.007620393941561834,0.4815816428044337,14727.931464355468,2.839248502527313e-06,8.510748863220215,2.676986696314998e-05
565,0.9083725776533843,0.0056030789275203045,0.3540945488344525,13286.506680908204,2.97790998321596e-06,8.655279159545898,2.735097768891137e-05
566,0.9071355610974612,0.008259794872204821,0.5219894948067179,14222.95701159668,2.9244334316692917e-06,9.7915678024292,3.186919275321998e-05
567,0.4107496187074992,-0.01689648394076009,-1.0677973548625037,17020.12325341797,2.683049328616601e-06,2.975776195526123,2.910903458541725e-05
568,0.24421306856296182,0.011936416894682436,0.7543388572063261,14865.8661015625,2.8525780842338088e-06,3.91951060295105,1.725423317111563e-05
569,0.6839928380567324,0.01772336568182351,1.1200533235591428,15773.921928222657,2.7576225658717507e-06,3.8827738761901855,3.0489229175145738e-05
570,0.2731142091220828,0.008342735066203361,0.5272310184322208,18035.61591430664,2.5793420373063146e-06,2.2540881633758545,1.2609310942934826e-05
571,0.9689059691807906,0.0009379499208635926,0.05927508042519908,30982.692654296876,2.041044805555687e-06,2.001638412475586,4.053455086250324e-06
572,0.7770115754088072,0.020403621059101918,1.2894358774826746,53030.07387597656,1.6028824903219934e-06,19.394573211669922,3.198094418621622e-05
573,0.21558620828679803,-0.031895231536352604,-2.0156645599553267,45128.22049316406,1.697264251903798e-06,11.96491813659668,3.7555240851361305e-05
574,0.883143478196819,0.01191598134659093,0.7530474036545824,52436.73977929688,1.5747959996578273e-06,19.26720428466797,2.7354550184099935e-05
575,0.9741537857447754,0.006637722393596734,0.41948031549310355,70837.52227539063,1.382062697618717e-06,39.02866744995117,3.913518594345078e-05
576,0.9072286803775714,0.028860426787422098,1.8238757537875039,59018.856855957034,1.4938584976094166e-06,44.829673767089844,5.5870230426080525e-05
577,0.9047065690670882,-0.007125132871182326,-0.4502829144552846,33871.30235498047,1.9248319627375746e-06,11.979372024536133,1.7888649381347932e-05
578,0.5852537879386768,0.0195760151295529,1.2371341426638027,16743.83038330078,2.6707390584031175e-06,6.855904579162598,4.856553641729988e-05
579,0.7171146570107698,0.004645441078146055,0.2935752617411615,12983.569659667968,3.014150077800769e-06,3.1090281009674072,1.1870151865878142e-05
580,0.9634383354306275,-0.0006284345725243869,-0.0397148173903157,15981.039580810548,2.7467959827085305e-06,1.1661566495895386,2.2613828605244635e-06
581,0.7995256415332888,-0.0060267125729480285,-0.38086668010178965,19891.503470458985,2.4951627830919946e-06,3.9701690673828125,1.3288921763887629e-05
582,0.9467609052809778,0.0023595856175213053,0.1491173719807362,19004.998826538085,2.508695261099166e-06,4.1471967697143555,8.629025614936836e-06
583,0.9957565510671411,-0.00046722989097510716,-0.029527258064169302,28953.531144775392,2.093025908402971e-06,3.676154851913452,6.8323579398565926e-06
584,0.8870821216039634,0.004611248994285706,0.2914144443290109,39677.51697412109,1.8216436877322848e-06,4.794291973114014,9.397460416948888e-06
585,0.7138024249897491,-0.029035483784524987,-1.8349387299138986,49833.48835400391,1.634015950086665e-06,21.916545867919922,4.231545972288586e-05
586,0.936103382237486,-0.014433606089178973,-0.9121522831133659,55481.77816845703,1.5488385102231267e-06,24.793458938598633,3.58863799192477e-05
587,0.9964035989178921,-0.005468040064497895,-0.3455605756572803,43571.59162695312,1.7075662465672685e-06,74.08748626708984,0.00010908518015639856
588,0.7820177312405026,0.006639939679723655,0.41962044004621185,20777.738680664064,2.388654118314057e-06,6.2852091789245605,2.1932295567239635e-05
589,0.827575074215953,-0.007442099985021219,-0.47031410241854477,12342.944615966797,3.0514492213411165e-06,4.374696254730225,2.228062840003986e-05
590,0.9971195412066745,-0.00018260673772051562,-0.011540092731817556,10426.446153808594,3.3745968504560862e-06,4.439250946044922,1.3329924513527658e-05
591,0.8163771927403513,-0.014805684238866306,-0.9356662914378928,12507.10391772461,3.0699325619333027e-06,4.069422245025635,3.1237079383572564e-05
592,-0.32044320112332475,0.014846823815574435,0.9382661655503483,13840.552704101563,2.9357831303059135e-06,2.775169610977173,1.9873334167641588e-05
593,0.9743580913074786,0.0007244328230329105,0.04578156348517324,13055.127913085937,3.0136533644816173e-06,1.5666615962982178,3.85562861993094e-06
594,0.6066173242040622,0.011592260168565214,0.7325893829905931,15519.583282470703,2.786200625666609e-06,1.8340815305709839,1.7120248230639845e-05
595,0.1424673067883023,0.011014832356327876,0.6960980104249862,18431.75261376953,2.569084289835527e-06,1.2905786037445068,1.2553434316942003e-05
596,0.2823501445503123,0.014042595327912593,0.8874418014494372,31825.49378540039,1.9988284459881973e-06,3.5334396362304688,1.2767502994392999e-05
597,0.6602405652726517,-0.019064830495522954,-1.2048291020424946,49566.447709960936,1.6654162071638988e-06,11.660268783569336,2.2119844288681634e-05
598,0.9939727192553997,0.006973013450262437,0.4406695111075247,44738.98246606445,1.7243609367271373e-06,63.118282318115234,8.003003313206136e-05
599,0.996336010530078,-0.010885204395246182,-0.6879059868984022,62148.468232910156,1.5010252417332843e-06,145.63272094726562,0.000212236845982261
600,0.9364234698649205,0.01967856928537379,1.2436151985272381,24072.604805175783,2.2300368756957845e-06,20.696035385131836,6.68036809656769e-05
601,-0.33318591353838534,-0.04091431824907779,-2.585638583479317,13485.733306396485,2.9562698490728416e-06,14.56416130065918,8.554280793759972e-05
602,0.9633668980523452,0.008769731719432652,0.5542156797648358,14406.147313720703,2.835883305758197e-06,12.791796684265137,3.943202682421543e-05
603,0.9097605384084727,0.004276242686151086,0.27024324380335246,13124.131358154296,2.995219482401721e-06,4.538656711578369,1.5594940123264678e-05
604,0.9207604718635796,0.0008923790411974028,0.056395163814327805,13076.722216064452,3.042287795706349e-06,1.4571748971939087,4.650117716664681e-06
605,0.12343808924333796,0.007340028381414196,0.46386354212918024,14172.39800805664,2.9333372375371076e-06,2.1721279621124268,1.1138801710330881e-05
606,0.10277982178375085,0.009870629413776312,0.6237884766920472,16132.891235595704,2.697838144443226e-06,2.526144027709961,1.0996272976626642e-05
607,0.8195558622026955,0.001732950693905466,0.10951628596500507,22550.07499951172,2.355497876904364e-06,1.0636204481124878,3.5591976939031156e-06
608,0.4640556543790113,-0.016441834858186795,-1.0390651588941282,35565.017676757816,1.931039908547146e-06,11.760869979858398,2.4320495867868885e-05
609,0.5331220514578137,0.029463846183052807,1.8620097014647994,45109.33232128906,1.68786600613286e-06,13.413949966430664,3.8641173887299374e-05
610,0.6546252766868782,-0.05094053210120688,-3.2192594402282637,54384.93480419922,1.5335887049324026e-06,46.99243927001953,8.474313654005527e-05
611,0.7182720631894719,0.053384101715959545,3.3736843004656603,41801.48035107422,1.7380084312716408e-06,52.917884826660156,0.00012984353816136718
612,0.8988444771858154,0.026678953439233006,1.6860144402108894,58909.06650878906,1.5372124194226789e-06,58.09172821044922,6.449357169913128e-05
613,0.908556171524963,-0.03298097889612863,-2.0842799099229623,56021.51567333985,1.5182149955401006e-06,56.50876998901367,7.665484008612111e-05
614,0.7895970793288816,-0.017696930435820227,-1.1183827105572655,22468.902150390626,2.3125150840274485e-06,34.44157791137695,9.876389958662912e-05
615,0.9701552622107493,0.006230971690656672,0.393775125809224,15428.714396728516,2.7441577750213687e-06,18.707204818725586,4.605603317031637e-05
616,0.9423754286379401,-0.005630058617212024,-0.3557995687302388,15575.611020996093,2.7432496045343086e-06,12.364995956420898,3.209533679182641e-05
617,0.7014920762969169,-0.006034720329133828,-0.38137274165303076,22996.886880615235,2.310875780182381e-06,6.7569193840026855,1.7939708413905464e-05
618,0.8996047692701158,-0.014841721723025659,-0.9379437315488751,24882.864399658203,2.214942307488308e-06,10.424850463867188,4.4116513890912756e-05
619,0.6302327519662048,-0.008277526149238375,-0.5231100480994116,20285.08973828125,2.432123481223368e-06,4.504173278808594,1.4816806469752919e-05
620,0.9861512911807323,0.002442118980295297,0.15433318532787751,27356.92230883789,2.13076381004371e-06,9.676464080810547,1.7809024939197116e-05
621,0.9113870260300353,-0.013825436322220568,-0.8737181289578407,68031.02930273437,1.4088276211830808e-06,26.657760620117188,3.0648239771835506e-05
622,0.6428193800598383,0.02707709489648279,1.711175556358069,68958.99933764648,1.424912515635264e-06,17.36659049987793,3.5406417737249285e-05
623,0.977160317722081,-0.018319516164436764,-1.1577279019309674,66346.12375927734,1.4029541894013245e-06,47.7940788269043,5.096676613902673e-05
624,0.9690096216256218,0.03590552052149129,2.2691004810368276,50038.09411376953,1.589968364555289e-06,118.97056579589844,0.00015086626808624715
625,0.9967614203196287,-0.0002152078308512606,-0.013600365220027884,23906.684893066405,2.2199816923130727e-06,11.04255199432373,2.2081381757743657e-05
626,0.9856007625089123,0.001652810131687925,0.10445168905519171,15146.623659667968,2.7766299338889233e-06,8.729979515075684,2.251904697914142e-05
627,0.9836563121116582,0.0014000349714086565,0.0884772029746867,13704.42066772461,2.9215511357635007e-06,5.191240310668945,1.3434695574687794e-05
628,0.7669672904423042,0.003241959929839668,0.2048802727117734,17985.83325488281,2.5801068566127385e-06,3.103231906890869,7.407056273223134e-06
629,0.7713855402498853,-0.00427549009952263,-0.2701956830200565,19707.66771899414,2.527500550737226e-06,1.7867203950881958,9.81943139777286e-06
630,0.9347264264522492,-0.002732172007109192,-0.17266349924926058,25688.097272216797,2.1801408645926665e-06,4.604504585266113,7.649540748388972e-06
631,0.8875641860654929,-0.00887494374333577,-0.5608647033852155,49731.83822192383,1.6856953923899554e-06,12.325945854187012,1.4505532817565836e-05
632,0.9904975172233362,-0.0012127684596312882,-0.07664262918813555,58339.317039550784,1.542680784012911e-06,13.307500839233398,1.5602987332385965e-05
633,0.9203705937095925,0.015043240510644526,0.9506789981954132,71426.53777441406,1.3630589121186462e-06,25.95879364013672,3.2325260690413415e-05
634,0.8458543518648225,0.008099105289355037,0.5118344878761316,55699.05012695312,1.5118247992419492e-06,10.8644437789917,1.625191725906916e-05
635,0.9125610880549144,0.01924724432477936,1.2163570036493165,16178.095825683593,2.685914395715373e-06,9.213228225708008,5.335879177437164e-05
636,0.9995029538793169,0.0005029596370445493,0.03178525022849311,13563.299210449219,2.9208315724203793e-06,7.443855285644531,1.946266093000304e-05
637,0.716108145932183,0.0038998340490692183,0.2464555641634582,12523.23840234375,3.0672302139343704e-06,3.5504825115203857,1.0775748705782462e-05
638,0.30563115674878816,-0.004747308382687235,-0.3000129110602395,17780.174502929687,2.598643392994861e-06,2.3863444328308105,6.855635092506418e-06
639,0.6716780062210268,0.007851488228814771,0.4961859752512127,14054.377727905274,2.9257223188929384e-06,2.8946406841278076,1.5606192391715012e-05
640,0.32094485037443915,-0.007652528261443776,-0.48361241689273204,18760.44342578125,2.545242482848529e-06,2.3231992721557617,1.0290093086950947e-05
641,0.9109909403274955,-0.006097897490622756,-0.3853653123063168,44948.02571777344,1.7580705576997803e-06,9.912925720214844,1.3426808436634019e-05
642,0.993514687402825,-0.0018060430513610903,-0.11413546154173566,45955.855974609374,1.693823568519582e-06,13.109112739562988,1.959697692655027e-05
643,0.988333979191856,0.009055745790651331,0.5722907461379064,50699.81138916015,1.6086344914074548e-06,52.579166412353516,7.179257954703644e-05
644,0.6205756615932226,0.018319514940404444,1.1577278245765024,39175.15264697266,1.8165428196505701e-06,9.410941123962402,3.261425445089117e-05
645,0.5275725024817536,0.015855343233086523,1.0020009857722671,13322.498322753907,2.9603723968109547e-06,3.67470645904541,3.77254982595332e-05
646,0.939334079345396,-0.006351289427892462,-0.4013787764867176,14762.992373291016,2.828364454027638e-06,13.440149307250977,3.245528205297887e-05
647,0.8915051307645641,0.003941824032607663,0.24910918094611376,14417.058938232421,2.862908785265592e-06,7.22477388381958,1.8173062926507555e-05
648,0.6814719443672289,0.005554666926352386,0.3510350835059294,17499.11692651367,2.5981258488878895e-06,1.7369080781936646,9.64510218182113e-06
649,0.34320380387913446,0.002327994326951761,0.14712091540283975,16969.595813476564,2.6709865979061045e-06,0.7474408745765686,3.2369173368351767e-06
650,0.5195454017788387,0.008303093629360542,0.5247258214011629,18538.94745678711,2.5779600952633768e-06,1.7196292877197266,1.2167537533969153e-05
651,0.6200567628163942,0.006915020870236127,0.43700458746004545,33723.355903076175,1.9917857506532978e-06,2.4399468898773193,8.659480045025703e-06
652,0.9972234020409962,0.001077975863465173,0.06812421919550884,49442.42716943359,1.6683315648423314e-06,8.111202239990234,1.2248340681253467e-05
653,0.9742371845328901,-0.019726510258084112,-1.2466448965418722,45161.082971191405,1.7583407334886768e-06,67.01376342773438,8.861091919243336e-05
654,0.8827821591541752,0.015558844138820867,0.983263303442262,45615.20865722656,1.6713467981126614e-06,32.73667526245117,4.7392848500749096e-05
655,0.9988883733878927,-0.0015588081185067889,-0.09851109801989184,34136.76612109375,1.8948509571555635e-06,19.390846252441406,3.21142069878988e-05
656,0.9981322443422148,-0.0017686334789629096,-0.11177131036132638,17288.195602050782,2.6215099838300975e-06,22.998247146606445,5.057013186160475e-05
657,0.9988991233437287,-0.0008201576191765656,-0.05183102824217932,19158.633523925782,2.4979995184932076e-06,38.08728790283203,8.075586083577946e-05
658,0.8023128896263972,0.009835803950818055,0.621587631986186,24043.36119995117,2.2494536671979816e-06,8.486469268798828,3.106047006440349e-05
659,0.5809838316358763,-0.0079168807605965,-0.5003185493837427,23499.575681884766,2.316574806958789e-06,1.6947762966156006,1.4947213458071928e-05
660,0.9610472494275709,0.002750685389560076,0.17383347880713318,24977.101734130858,2.2374865033207252e-06,3.4018890857696533,9.768027666723356e-06
661,0.4359273134532618,-0.01360965689356821,-0.8600816408011003,44365.67296142578,1.7566483365655318e-06,5.737201690673828,1.935392720042728e-05
662,0.7060726745035171,-0.021595620137953006,-1.3647659560870922,76555.43003417969,1.3692477184556305e-06,20.920827865600586,2.7296742700855248e-05
663,0.9817520254906312,0.011090101109217893,0.7008547264093027,64959.734549804685,1.4536119180098978e-06,58.35789108276367,6.148680404294282e-05
664,0.8240888706338665,-0.029617482797100806,-1.8717189859920218,38788.55799316406,1.7960706275101998e-06,30.584863662719727,5.483442873810418e-05
665,0.16282266394171954,0.05762040854835959,3.6414037411423354,31412.799320800783,1.993532786217849e-06,30.097564697265625,8.502262062393129e-05
666,0.8069688708149018,-0.014135518774676356,-0.8933142309446469,18021.85601928711,2.573345636356301e-06,20.977832794189453,3.8102945836726576e-05
667,0.7635442588824025,-0.004739223522283224,-0.2995019767981703,17349.30294848633,2.602034467071219e-06,4.581010818481445,1.2515708476712462e-05
668,0.3161418191999582,-0.012769240449451736,-0.8069703272783084,21866.5568190918,2.359296900752479e-06,3.9609477519989014,2.0832087102462538e-05
669,0.8763129127567761,0.030574961661738464,1.9322282258185683,27777.637373779296,2.1375736634759956e-06,31.772472381591797,8.841620001476258e-05
670,-0.09971442362872653,-0.013694704597614531,-0.8654563515241231,27000.09053588867,2.1384460726569363e-06,4.1612749099731445,1.7337848476017825e-05
671,0.9167980623571311,0.01587487511527806,1.0032353308710897,50460.958087402345,1.613683836325728e-06,27.21469497680664,4.596942017087713e-05
672,0.46489328027248494,-0.03140971418167542,-1.9849815995902123,57032.65928027344,1.5452065221791195e-06,20.642641067504883,4.1276296542491764e-05
673,0.9551244883213359,0.010577551945146452,0.668463452369607,63051.06519091797,1.4597867956289684e-06,17.72361946105957,2.3433452952303924e-05
674,0.9985633232586352,-0.0130926113022344,-0.8274062086398732,41688.06740673828,1.7424915015564454e-06,146.34332275390625,0.0002003367117140442
675,0.9983175531482794,-0.0022351383650650474,-0.14125275071050047,29665.156443603515,2.0669658703965985e-06,27.417407989501953,4.831160549656488e-05
676,0.8220162264369438,0.003252400180327201,0.20554005920307977,11797.421151367187,3.149982100849307e-06,3.8987953662872314,1.4879039554216433e-05
677,0.3936054178520602,0.004795712675473512,0.3030718892466119,9846.29712915039,3.455664675359434e-06,1.9774380922317505,8.385146429645829e-06
678,0.9967134931527168,0.0008093914796246132,0.051150646727542236,10783.064045410156,3.2959031511080524e-06,4.4482035636901855,1.2492481801018585e-05
679,-0.16209835759365102,-0.014837837842534765,-0.9376982841925308,15186.55760180664,2.815371193694363e-06,2.48490047454834,1.826786137826275e-05
680,0.49170028724557846,0.00293649948437625,0.18557626503629912,12169.47146496582,3.1199984716928787e-06,0.7022469639778137,4.914336841466138e-06
681,0.3707501644189703,0.009630522145584585,0.6086145560848196,11989.50589868164,3.181408621150751e-06,1.0094763040542603,1.5411207641591318e-05
682,-0.2532319123085416,0.008197975918831122,0.5180827580486895,14385.789776123047,2.897467958721617e-06,1.4788538217544556,9.512793440080713e-06
683,0.5545849741023384,0.006313237068902442,0.3989740034926272,23122.96382885742,2.333147323256529e-06,1.966098666191101,8.980417987913825e-06
684,0.7299455175913583,-0.025058996149508066,-1.5836389332697272,42549.335154296874,1.7954176423194005e-06,17.66582679748535,3.890007428708486e-05
685,0.9650234316893025,0.012521522769292257,0.7913154558533211,38811.01154101563,1.801224652206396e-06,34.5312385559082,5.0072190788341686e-05
686,0.9863384520151767,0.0011899701342600042,0.07520185656277142,55736.99180419922,1.5594401474376002e-06,28.2839412689209,3.7924881326034665e-05
687,0.6727906868890896,0.00538540422163197,0.3403382859348483,39377.34432470703,1.8010061712091028e-06,4.553240776062012,8.32325986266369e-06
688,0.9614427303524633,-0.0016176357588996116,-0.10222879449594535,15109.413164306641,2.7900184545240616e-06,4.510317802429199,1.0128243957296945e-05
689,0.8798678408931796,0.004816137782388388,0.3043626829533354,12604.067759765625,3.054287028443493e-06,3.4832723140716553,1.4402305168914609e-05
690,0.7045949725714197,-0.005267702470114187,-0.3328999561986725,18173.7209375,2.5606115344171504e-06,1.674960732460022,9.120827598962933e-06
691,0.8134431628635002,0.0026001380700388915,0.1643194266451584,23144.489024902345,2.345227883142481e-06,1.5659595727920532,5.465062258735998e-06
692,0.5535330397373112,-0.012979312857671862,-0.8202461521548631,20185.079064697267,2.498864167013826e-06,1.1199536323547363,1.6950720237218775e-05
693,0.9654551072823735,-0.007188664060166015,-0.454297858380062,33879.50328491211,1.9407096052417702e-06,13.947275161743164,2.328440132259857e-05
694,0.8697686895502317,0.013820288462401235,0.8733928026285546,65135.94916064453,1.4628734659044046e-06,17.060543060302734,3.9366568671539426e-05
695,0.9077033342814786,0.006035136546488352,0.3813990451012373,59092.413575195314,1.5027491818869358e-06,8.570893287658691,1.1402751624700613e-05
696,0.8893286295707443,0.027408087597700966,1.7320931112812543,40671.27466064453,1.765862727811326e-06,26.8990478515625,5.385430995374918e-05
697,0.9954492027946792,0.0004865782141787975,0.030750002891457677,35783.43443359375,1.888362126131101e-06,42.297996520996094,6.897321145515889e-05
698,0.8406359484191738,-0.0071252295806809845,-0.4502890261497187,14804.399063232422,2.8177646303030825e-06,14.763460159301758,2.9889342840760946e-05
699,0.9985623979379484,-0.0002184055396119877,-0.013802448977115838,13958.183205322266,2.914705667942508e-06,3.694039821624756,9.760692591953557e-06
700,0.7580586228531585,-0.003337050909706674,-0.21088968254693605,24227.71005053711,2.2491852439940367e-06,2.2919299602508545,6.7729911279457156e-06
701,0.10541450921968115,0.011935589091190147,0.7542865429862489,26580.507952148437,2.180295905579898e-06,3.322080135345459,1.7492156985099427e-05
702,0.37112774002999144,-0.006726356886268395,-0.42508169842911586,22106.009755371095,2.3774918887222344e-06,2.7850403785705566,8.109303962555714e-06
703,0.8215291065196709,0.008763414151555772,0.553816432069768,42562.59782275391,1.7867792908424092e-06,9.589332580566406,1.6216463336604647e-05
704,-0.6079805042888873,-0.02601425362186711,-1.6440077890490643,53073.81086132812,1.6197935781324297e-06,8.772207260131836,2.1769483282696456e-05
705,0.7263072945807466,0.039039640109325924,2.467165629824347,60276.15032666016,1.5066731836648988e-06,42.788639068603516,5.4662985348841175e-05
706,0.46349088701585783,0.04560120911348752,2.881833323467381,43840.68696508789,1.7503398871763685e-06,23.150314331054688,6.078141086618416e-05
707,0.8749728948650161,0.004440381743239046,0.2806162451687634,19377.32403564453,2.4497516250976523e-06,5.24675989151001,1.768920265021734e-05
708,0.5823623222190943,-0.004702324007912236,-0.29717005946085956,20160.529670410157,2.433299013687113e-06,4.174642562866211,1.389117824146524e-05
709,0.8324936058768636,0.005767250888037742,0.36446962957892753,20504.72624633789,2.4297531312860116e-06,6.681535720825195,1.708885065454524e-05
710,0.7657951571718604,-0.0018471766642626885,-0.11673495876294801,27223.110294433594,2.1584224541651688e-06,1.6744883060455322,4.2444739847269375e-06
711,0.20028160420763144,-0.004240527289373535,-0.26798615846295604,23759.08721557617,2.2958979097581723e-06,2.832634687423706,5.581238838203717e-06
712,0.5444176590622547,0.0028884406088921094,0.18253911598803843,32629.858467773436,1.992010203068209e-06,1.5201058387756348,4.375268417788902e-06
713,0.8047113722960474,0.011309991453203177,0.714751009712415,56062.1589296875,1.5289495550057598e-06,9.124418258666992,1.7330579794361256e-05
714,0.9210361704788194,-0.008537214384881637,-0.5395214158183401,45441.601971191405,1.6621358946821672e-06,11.692147254943848,1.8298960640095174e-05
715,0.9493363519375622,-0.033608460649949774,-2.123934512578985,46348.92781982422,1.6883564661893725e-06,106.066162109375,0.0001376751606585458
716,0.9790760753980925,-0.02535402556847892,-1.6022837373773868,39133.14052539063,1.8041478590467735e-06,91.43241882324219,0.0001596120127942413
717,0.8844229417338763,-0.009273901202402483,-0.5860773879287986,14303.94997631836,2.850160247229264e-06,16.809953689575195,4.1300987504655495e-05
718,0.8712884191771745,0.009349574822288917,0.5908596900592836,20184.703963378906,2.436181261163362e-06,16.956329345703125,3.875307447742671e-05
719,0.5008550404123355,-0.1041880848807599,-6.584314336279645,32029.15538671875,1.989265781673396e-06,28.568832397460938,0.00017488549929112196
720,0.7448655001011921,-0.019911098171262954,-1.2583101924769913,55146.45046435547,1.5365323667500537e-06,13.816838264465332,3.6796292988583446e-05
721,0.678770938109204,-0.015100297542856708,-0.9542847985670219,66771.85367285156,1.4048324881703978e-06,13.785646438598633,2.6409576094010845e-05
722,0.9045459479672144,0.004911694266942801,0.31040151101986696,67805.97044140624,1.394356341884201e-06,18.745792388916016,2.047576526820194e-05
723,0.7993846958068227,-0.03076768464385991,-1.944407629015825,55690.288392089846,1.5479741386912653e-06,19.410484313964844,5.942453572060913e-05
724,0.8757237176826671,-0.013426748089467111,-0.8485224585543688,72643.93995996093,1.3890493724101307e-06,30.29832649230957,5.17586013302207e-05
725,0.1448644555698196,0.046953437293716,2.967289308220239,55449.50412304688,1.5139520293811229e-06,28.75771141052246,7.879347685957327e-05
726,0.9341090254066469,-0.008538447671139697,-0.5395993550990071,40518.671479492186,1.7378929243691269e-06,52.054054260253906,7.470582204405218e-05
727,0.6847568966476056,-0.06435428423708899,-4.066960600996026,36405.8806953125,1.8016685394223204e-06,89.31428527832031,0.00027520590811036527
728,-0.603455710981743,-0.03254859163303329,-2.056954581326303,21730.210809082033,2.3369037669352086e-06,16.527114868164062,8.813542081043124e-05
729,-0.0038733647798655135,-0.016333408295768508,-1.0322129879363715,23258.08678222656,2.264906881200266e-06,13.096200942993164,2.5880206521833315e-05
730,0.8302188309286099,0.021263535927667655,1.3437794216946384,20545.793444091796,2.424210607284443e-06,7.365696907043457,5.7190318329958245e-05
731,-0.08577189486268297,0.01714680777606422,1.0836169259717319,36154.597647460934,1.8123548811439026e-06,10.637585639953613,3.152067438350059e-05
732,0.7331502329009371,0.007754528262947087,0.49005845218522653,25152.58606274414,2.2755101819905733e-06,2.053126573562622,1.5739991795271635e-05
733,0.962026286332939,0.00037564683757814653,0.02373953663583131,48103.31267626953,1.6325518125975211e-06,1.8122621774673462,2.379254510742612e-06
734,0.9463125562706013,0.009223746092786598,0.5829077643805829,68960.91945410156,1.396603240238488e-06,33.03346633911133,3.708314034156501e-05
735,0.6482332600234495,0.03318188951762131,2.096976742645428,61614.72119580078,1.4445443621331914e-06,41.0457763671875,7.34302811906673e-05
736,0.897339227109221,-0.09933116153111222,-6.277374151344908,55835.99943359375,1.5230849255739048e-06,189.74172973632812,0.00022628848091699183
737,0.17721217509525808,0.09326616145373097,5.894087837898014,29549.869955078124,2.062077868343011e-06,14.64511489868164,0.00011628401989582926
738,0.8562025913456074,0.0512498951687877,3.238810079663849,16058.561094482422,2.7094172051859994e-06,22.817285537719727,0.0001107935604522936
739,0.7037427997334222,0.03408109934166457,2.153803587505352,11793.426494384765,3.1672189188696578e-06,7.479480743408203,7.806562643963844e-05
740,0.14727831542386813,0.02775228006104548,1.753844843961938,11347.684980224609,3.1932329406687145e-06,5.089244365692139,5.069656981504522e-05
741,0.5855447248854617,-0.01822658112429591,-1.1518547397757892,13405.589217041015,2.9736536971854613e-06,3.631222724914551,3.153466241201386e-05
742,-0.0535088208837177,0.00804816094083874,0.5086149872521192,11543.720006835938,3.2076174610093154e-06,1.449127435684204,1.2801070624846034e-05
743,-0.00037112065370883013,0.006508668363350989,0.41132456234269077,12041.498316894531,3.1508466737944375e-06,1.5416021347045898,9.52078426053049e-06
744,0.6261689689249859,-0.002747367918263519,-0.17362382648611094,12982.25219543457,3.052385231435602e-06,1.033281922340393,5.719364708056673e-06
745,0.7008180715378083,-0.0031126138358928677,-0.19670606218001838,15149.301928955078,2.8343725640171506e-06,1.1199063062667847,5.9670051086868625e-06
746,0.49156752673940673,0.00981529056030399,0.6202912590717394,19290.07333959961,2.496606005718191e-06,2.713813543319702,1.3237989151093643e-05
747,0.9815603202383072,0.0013422435367449342,0.08482499099472751,38482.73971484375,1.8655054156195695e-06,4.081177711486816,5.9695125855796505e-06
748,0.8015027676479358,-0.03316940712029268,-2.0961878997774916,54588.21814990234,1.574430752784605e-06,33.101478576660156,5.3945655963616446e-05
749,0.8614258671405705,0.02329933938225976,1.4724349189835972,43510.956222167966,1.7686977939434757e-06,37.842655181884766,5.575816612690687e-05
750,0.9812822975829699,-0.03351312501919395,-2.1179096416826404,50258.990536621095,1.6052278053881402e-06,169.8385772705078,0.00021942159219179302
751,0.4658422783194706,0.06356457999799046,4.017054117458412,26497.64553857422,2.15824027596947e-06,25.761728286743164,7.335648115258664e-05
752,0.34347430072402113,0.02109634392426935,1.3332134850412616,12133.664270996094,3.105743740063235e-06,4.441889762878418,4.586938666761853e-05
753,0.9990337502316766,-0.0004504349251230297,-0.02846587628943259,10618.83571850586,3.3134494685611866e-06,2.6524858474731445,7.469895990652731e-06
754,0.43406414972580887,0.011327673223911363,0.7158684343824046,10411.90160546875,3.3953346747298753e-06,2.177905321121216,2.2512122086482123e-05
755,0.45064508624787164,-0.008702199247518146,-0.5499478690693999,12109.539611083985,3.141850621139024e-06,2.0362942218780518,1.4571172869182192e-05
756,0.4477991307508141,-0.0072336491396088574,-0.45714075451192937,11115.169655273437,3.2499301732089606e-06,1.1668487787246704,1.1773932783398777e-05
757,-0.36548791365008565,-0.0048297428858058225,-0.3052224768307304,11936.683862304688,3.1623240930375107e-06,0.978787362575531,6.192974979057908e-06
758,0.5700821770645678,0.02110323819884176,1.3336491785368978,13226.06716772461,3.010818021720442e-06,4.872096061706543,3.679977817228064e-05
759,0.19830562696828105,0.006583666592540781,0.41606418219667984,15667.019567382813,2.760768253019994e-06,1.2916667461395264,8.85941153683234e-06
760,0.5907892697340513,0.008241474802232692,0.5208317319061215,18322.790464111327,2.5525151045223486e-06,2.0438601970672607,1.1292456292721909e-05
761,0.01111159871096117,0.011397258092158325,0.7202659491856657,32006.375028564453,1.9755715205774404e-06,2.511909246444702,8.982311555882916e-06
762,0.9026668212005395,-0.02010931514529607,-1.2708367963138303,45754.013809570315,1.7033590221045585e-06,27.488056182861328,4.002980494988151e-05
763,0.9805079222424767,-0.02235605250946541,-1.4128225622839572,53595.47938769531,1.578619049266995e-06,86.26100158691406,0.00011478814849397168
764,0.9719015167576645,-0.03138227357784852,-1.9832474515695393,51353.59590625,1.621881405384981e-06,114.06982421875,0.00014942411507945508
765,0.5128180583152983,-0.010026395509526793,-0.6336323368467854,28653.306524902342,2.0415119645306162e-06,6.426415920257568,1.6057865650509484e-05
766,0.9993410055474139,-0.0003136706114785106,-0.019822860804008826,13989.10385888672,2.8878710053381746e-06,7.629574775695801,1.8506691048969515e-05
767,0.574277603741498,-0.011055321677806646,-0.6986567907325808,16320.904328613282,2.7012011536805426e-06,3.769749879837036,2.02835781237809e-05
768,0.6548964363466977,0.006998078105408913,0.44225350766916355,19150.807669433594,2.51724257947222e-06,3.1262612342834473,1.2637848158192355e-05
769,0.5013482744613049,-0.01084197682424033,-0.6851741590140322,19433.101761230468,2.4908709505450445e-06,2.711242914199829,1.808938213798683e-05
770,0.6203954956406733,-0.010056752311324444,-0.6355507781494413,29414.85001879883,2.1103423456347433e-06,4.130147933959961,1.4900042515364476e-05
771,0.9808980634943932,-0.004282903193410941,-0.2706641640409031,52442.87116503906,1.6231330019454924e-06,14.75503921508789,1.7791260688682087e-05
772,0.5322229824628443,-0.07081913885810077,-4.475516291522517,41986.050954589846,1.772432092001488e-06,38.1558837890625,9.833153308136389e-05
773,0.802251466500897,0.015752535184861197,0.9955038848169165,59851.799760742186,1.485519582975561e-06,23.055618286132812,3.329991523060016e-05
774,0.6085594682395058,-0.025109994087648725,-1.5868618205663365,44308.14933349609,1.6842520222143878e-06,18.397497177124023,4.200329931336455e-05
775,0.8813732345082121,0.016099254112890957,1.017415281029819,15457.526919189453,2.7654059382593322e-06,23.097715377807617,7.466488750651479e-05
776,0.9329813299426745,0.010131397863356418,0.6402681100684042,13146.315114257812,2.9786135094823805e-06,12.835143089294434,4.9053134716814384e-05
777,0.6836425201524341,0.010201989742443525,0.6447292643551935,22983.13635229492,2.2892571594308056e-06,6.523519039154053,2.2231713955989107e-05
778,0.9992182627866677,-0.00018776602732678205,-0.011866141382759139,22937.490395019533,2.333611430571562e-06,11.863283157348633,2.4654887965880334e-05
779,-0.2125719311870925,-0.012938055827173618,-0.8176388553829451,15072.258182373047,2.8123195346144306e-06,2.4649524688720703,1.6069314369815402e-05
780,0.3971755911892881,-0.02367657142704069,-1.496274635045159,15158.353388916015,2.825744647484288e-06,8.626148223876953,3.7988189433235675e-05
781,-0.31381237576859017,-0.00910075231398755,-0.5751349974471411,16883.489233642576,2.660243405734946e-06,2.3006463050842285,1.1982938303845003e-05
782,0.6448574729322181,0.024578203492522186,1.5532545569008445,20332.242947509767,2.446419285088541e-06,10.61026382446289,3.9682247006567195e-05
783,0.4831604400288064,0.023024480459971287,1.4550648181265795,32598.16502026367,1.9939524586465695e-06,6.873193740844727,2.8595899493666366e-05
784,0.9006449158995203,0.018053086702899866,1.1408905128455227,49398.855703613284,1.637348537027153e-06,19.664562225341797,3.326712976559065e-05
785,0.8790524578453947,0.019293902590816724,1.219305639189814,50115.77462548828,1.652801997665323e-06,27.05436897277832,4.5070552005199715e-05
786,0.9952359618863531,-0.0032844793267962184,-0.20756734652900866,50581.9895234375,1.6277903732178732e-06,42.01740264892578,5.3726362239103764e-05
787,0.8620301381604549,0.02247875321442821,1.4205768079991252,43234.16674511719,1.7316298087445585e-06,15.947999000549316,4.27624472649768e-05
788,0.6842953275744793,0.023429089973309565,1.4806346922855804,19734.87377392578,2.457078928438672e-06,9.980316162109375,4.479050767258741e-05
789,0.7635421934713835,-0.0037386165219671507,-0.23626719304431767,20982.700411132813,2.3791759684584978e-06,6.200954437255859,9.499314728600439e-06
790,0.9053701285564678,-0.006024555043858429,-0.3807303319797194,14590.929388671875,2.818435931140971e-06,6.10621976852417,1.9415992937865667e-05
791,0.3330685337164642,0.009640119232915531,0.6092210576801987,19187.033087158205,2.5260838869346425e-06,3.5864274501800537,1.724193680274766e-05
792,0.38587316616573164,-0.006049896787189213,-0.38233183952360184,16135.335671630859,2.715829968617121e-06,1.4949086904525757,8.468693522445392e-06
793,0.9608803359318308,0.000438934978376222,0.027739120784538558,29235.762232421876,2.1096371936432337e-06,0.8993763327598572,1.733320573293895e-06
794,0.9180772378010246,-0.00975708671738295,-0.616612984364894,42824.34938623047,1.7315570557057576e-06,14.102270126342773,2.0194849639665335e-05
795,0.9909440147084457,-0.011819325368031897,-0.7469390914992939,42855.76141308594,1.7688860370968313e-06,51.4730224609375,7.675690721953288e-05
796,0.9948155606211759,0.0017312798851631301,0.10941069682812885,44451.152254882814,1.7180519219158352e-06,25.63312530517578,3.2666695915395394e-05
797,0.9361103766222932,-0.00200574282738591,-0.12675577316121595,22816.139514160157,2.2864396505012575e-06,5.878962516784668,1.0490234672033694e-05
798,0.6743333038539763,-0.018313501540706413,-1.157347799222482,13318.436900878905,2.966270656220802e-06,10.700996398925781,6.75768606015481e-05
799,0.7628227131678513,0.006735677985921262,0.425670758590309,13593.159229980469,2.933956223626081e-06,3.2217295169830322,1.4597307199437637e-05
800,0.6177322653678811,-0.01606007915138754,-1.0149395635718645,16755.099068603515,2.6777483940205323e-06,5.075523853302002,2.7023170332540758e-05
801,0.3243914250620669,-0.021247332738565133,-1.3427554380939872,18801.704639648437,2.5242455394775873e-06,3.729238748550415,3.373057552380487e-05
802,0.8249483822602459,0.005996493992956699,0.3789569739229437,25619.172717041016,2.2068933474875302e-06,2.0381624698638916,1.0326098163204733e-05
803,0.25564488041880584,-0.01066192166053332,-0.673795316634176,37143.641073974606,1.8999098570187195e-06,2.8279964923858643,1.1104336408607196e-05
804,0.6140690777655333,0.029964221622485774,1.8936316396466104,49911.65621972656,1.6623669232171214e-06,19.44135093688965,3.849814675049856e-05
805,0.9545668496643614,-0.009418385525533222,-0.5952082804031746,59738.40521142578,1.477021403317514e-06,23.893163681030273,3.2453590392833576e-05
806,0.9907641934531735,-0.0020505881193046403,-0.1295898352215089,58777.920723632815,1.4950542688440774e-06,26.938234329223633,3.094767816946842e-05
807,0.9730807118156988,-0.010077605538630675,-0.6368686275337281,46887.75972314453,1.6477701307555026e-06,40.986793518066406,6.746920553268865e-05
808,0.954259640140866,0.006283156129812109,0.39707299572645205,27683.878194824218,2.0977708394517297e-06,29.01908302307129,6.479339936049655e-05
809,0.95112754919516,-0.0302684253096853,-1.912856224694597,21195.266047363282,2.3508033018685506e-06,96.67359161376953,0.00018915308464784175
810,0.5440327202982196,0.028524828037439106,1.802667113055894,26803.410279296873,2.1413269910622767e-06,14.414087295532227,7.747750350972638e-05
811,0.23367651035568873,-0.004480081358799488,-0.2831251188866993,30002.961782714843,2.0088024766914697e-06,2.9138035774230957,7.077656846377067e-06
812,0.8734417648486019,0.004475317085870317,0.2828240338769749,27562.692917480468,2.1264969928386816e-06,6.846561431884766,1.2215717106300872e-05
813,0.7911541044230148,-0.010566763529682211,-0.6677816630969831,57610.43670605469,1.5290425489410808e-06,16.53664779663086,2.069875154120382e-05
814,0.9708915568164496,0.00418975517160448,0.2647775422061867,69332.37475878907,1.434664410605474e-06,19.42415428161621,2.1155325157451443e-05
815,0.8886200241395709,0.021801488030775053,1.3777760706279172,58237.68421484375,1.4974600956553331e-06,25.29163360595703,4.43404569523409e-05
816,0.8878623998998326,-0.025037355468401183,-1.5822713196215639,52100.09766357422,1.6023126585516269e-06,43.46982955932617,5.401610178523697e-05
817,0.9719867463660922,0.0026022306101630066,0.16445166769704275,18359.58939453125,2.552265317811591e-06,8.59665584564209,1.9974986571469344e-05
818,0.9889314010902561,-0.002149881819226171,-0.13586484193310952,13374.889198242188,2.9624015556025577e-06,8.56572151184082,2.0677081920439377e-05
819,0.8614870953186363,-0.006405632279902484,-0.40481305037680215,16148.380650146484,2.6927424640608538e-06,7.146885395050049,1.960958616109565e-05
820,0.4092743721588901,-0.00784514510171138,-0.4957851123044419,16842.86180908203,2.6601556857345834e-06,3.8832027912139893,1.2589625839609653e-05
821,0.7044228430362759,-0.005300878097469655,-0.3349965371950664,13051.023853515626,3.012877082864824e-06,3.87457013130188,8.93672404345125e-06
822,0.22766326490166733,-0.0066213573629748034,-0.4184461040872509,19016.528669921874,2.5264803326161344e-06,1.9551869630813599,1.3162134564481676e-05
823,0.5808928863888988,-0.003367338758674484,-0.21280376627735553,30229.13952319336,2.0894825763101335e-06,1.175183653831482,4.870679276791634e-06
824,0.9210163892739368,0.0069056855860300465,0.4364146308858202,49846.28349536133,1.6436989604805492e-06,10.057164192199707,1.7467971701989882e-05
825,0.8066558256422826,-0.025214161528195417,-1.593444830254537,39429.524497558596,1.8520728315524377e-06,37.6457405090332,6.549953104695305e-05
826,0.6618188519947487,-0.04848584726245635,-3.0641321375877473,60917.15684130859,1.4543255094687596e-06,32.28634262084961,6.692288297927007e-05
827,0.4128408304960746,0.011774666587074744,0.744116816264717,30462.948440673827,2.0738241586449827e-06,7.031160831451416,1.5561110558337532e-05
828,0.8572657940955278,-0.007176193188592479,-0.4535097438986267,18118.877995605468,2.5535764919799895e-06,7.696218013763428,1.7676477000350133e-05
829,0.928565400337204,-0.0042407456044246125,-0.2679999551933813,15378.635053222657,2.789641285506585e-06,8.093032836914062,1.8814846043824218e-05
830,0.9589206963513237,0.002539144203400951,0.16046483241791118,13399.939798339843,2.9579469349668516e-06,6.338653087615967,1.733442331897095e-05
831,0.991305982447088,0.0004092220923576204,0.02586137265615685,16340.026740478515,2.7401226792488147e-06,1.6732243299484253,4.281806923245313e-06
832,-0.13018786665313176,-0.01401315800765903,-0.8855814680918463,17505.15394116211,2.6478129471212497e-06,2.6147549152374268,1.9276529201306403e-05
833,-0.10808326404598283,-0.018718828712251747,-1.1829630268134677,28534.97683081055,2.133945023047509e-06,4.42463493347168,1.8975553757627495e-05
834,0.8478672564022617,-0.008436742223059308,-0.5331719345293724,36942.71988305664,1.8574899590729021e-06,7.918965816497803,1.5016917132015806e-05
835,0.7313407735358403,-0.021400399043975695,-1.3524286811550297,47501.51006689453,1.6848586925639874e-06,20.679567337036133,3.0462439099210314e-05
836,0.9132901049149441,-0.017693475878164812,-1.118164394868652,50430.6150456543,1.615516460935442e-06,36.51274108886719,5.319407500792295e-05
837,0.8375400391930805,-0.0419321115104658,-2.6499594774663358,71112.88847753906,1.3339825402496746e-06,64.28378295898438,8.336883183801547e-05
838,0.36875020103589085,0.04818535902074534,3.045142355406363,52988.90949658203,1.5572908341462814e-06,10.828471183776855,6.435708201024681e-05
839,0.9417190250917471,-0.0021383382454409914,-0.1351353293554223,14106.939885986329,2.904114193510705e-06,6.9241766929626465,1.8433856894262135e-05
840,0.9431949211769005,-0.004197989263235712,-0.2652979073480914,19801.474806640625,2.41895607603113e-06,11.446606636047363,2.3093623894965276e-05
841,0.5502463736361896,0.013582607265000317,0.8583722010184759,25083.45464404297,2.2200619996659335e-06,6.8141865730285645,2.4809236492728814e-05
842,0.35898337000826025,-0.03271273056907664,-2.0673275750421274,30675.450572753907,2.0399695732085023e-06,10.774030685424805,5.781756772194058e-05
843,0.39896834604819037,0.021002343800180574,1.3272730133898427,40577.46956152344,1.7895438991448105e-06,11.534417152404785,3.404165181564167e-05
844,0.7468073729806224,0.03409694254263574,2.154804821143598,58784.04723632812,1.5140402509329887e-06,42.342647552490234,8.908544259611517e-05
845,0.9976262798279151,-0.003941910663449264,-0.24911465570546817,47775.12032324219,1.6304276311313058e-06,94.45738220214844,0.00012563473137561232
846,0.7161355033806092,-0.030616369706177145,-1.9348450661314212,52659.699638671875,1.531316581492066e-06,53.9240837097168,7.473067671526223e-05
847,0.9808510631268619,-0.008009511761323515,-0.5061724973353614,48161.85659667969,1.5834306674218859e-06,72.88343811035156,9.651451546233147e-05
848,0.8201493418620591,0.045616786394464454,2.882817751913053,19700.450920410156,2.4602812901051245e-06,28.238691329956055,0.0001732981763780117
849,0.613691285395362,-0.016114659239930367,-1.0183888299623471,12563.393130126953,3.074381089049879e-06,16.31344985961914,4.415192597662099e-05
850,0.8006079121860049,0.01082235180304659,0.6839339278633817,17774.97985522461,2.6135625596377473e-06,10.846793174743652,3.2088617444969714e-05
851,0.5134778552170759,-0.04342327780141605,-2.744195853905325,25834.57940161133,2.1694588255299802e-06,8.894624710083008,6.278420187300071e-05
852,0.26700902669197446,0.014904629088348035,0.9419192520493598,25145.674213623046,2.2267401037423885e-06,4.801468372344971,2.641905302880332e-05
853,0.2066547890045772,-0.01691843482568148,-1.0691845722823017,35423.7475,1.911860080761252e-06,10.616533279418945,1.9991572116850875e-05
854,0.8572209863520411,0.008378237050012954,0.5294746168363127,46237.766303222656,1.6897297096130763e-06,7.357692718505859,1.670042001933325e-05
855,0.4889924917079868,-0.06217663920164965,-3.9293412230932536,56278.42872363281,1.5431763772145317e-06,26.39179039001465,8.009849989321083e-05
856,0.8593827539436432,-0.04004356651832881,-2.5306101883353573,55076.334278808594,1.5209985621135655e-06,55.171424865722656,8.56749466038309e-05
857,0.9547895933859826,0.012828408505374884,0.8107095367983842,36591.64075097656,1.8345609272520385e-06,27.12278175354004,5.7475572248222306e-05
858,0.8824979445568795,0.02027892647163798,1.281555625524546,15441.131870117188,2.7294491098133433e-06,17.585250854492188,7.699056732235476e-05
859,0.15538861015338779,-0.045146637602100005,-2.853106029720514,10873.263618408204,3.2789065437620033e-06,14.419140815734863,8.940947009250522e-05
860,0.8198642389025946,-0.010933109031861189,-0.6909333886017685,14993.737578125,2.8089915141577824e-06,11.799158096313477,2.3457661882275715e-05
861,0.837054124643349,0.03664499492271301,2.3158326184674016,16796.634114501954,2.674847181419691e-06,11.217826843261719,8.062813867582008e-05
862,0.9968353030974665,-0.00026497139652018964,-0.016745244591150968,19363.935333984376,2.4916336346834398e-06,10.165087699890137,2.1692920199711807e-05
863,0.6937844140165195,-0.03875384069169053,-2.4491041287900326,22199.740419189453,2.348984987139346e-06,12.883450508117676,7.646377343917266e-05
864,0.9758799208985203,0.0024930814199649776,0.15755382924808103,22757.29687988281,2.3264520172828666e-06,9.926847457885742,1.8473721866030246e-05
865,0.9981554505756299,-0.0006134535015864691,-0.03876806728676743,32162.235985839845,1.9891991390856802e-06,9.844076156616211,1.6068137483671308e-05
866,0.6953703453905113,-0.007045268233801993,-0.44523575500833895,54715.8958359375,1.5563436076072575e-06,7.9662766456604,8.98427879292285e-06
867,0.8941526773787208,-0.012039673111751008,-0.7608642808296964,85062.86228417969,1.315569896070909e-06,45.33665466308594,4.403424100019038e-05
868,0.2772697925035299,-0.031236709948640296,-1.9740483508111992,62012.56417822266,1.4595232369415938e-06,12.082828521728516,3.462623499217443e-05
869,0.9577905546250384,-0.026029647512972258,-1.644980627910732,66913.61313671875,1.3801485355079361e-06,86.0655288696289,0.00010770947119453922
870,0.8193685081608398,0.005766758463596835,0.36443851011541584,50910.83391894531,1.6009899131939186e-06,12.836770057678223,1.815710129449144e-05
871,0.566603926082783,0.013991471164743273,0.8842109371824598,18432.11333642578,2.5302232683733027e-06,10.186761856079102,3.303058474557474e-05
872,0.7075664439793615,-0.010563152884994313,-0.6675534832661613,17159.90847143555,2.6254608153443574e-06,10.476505279541016,3.2105064747156575e-05
873,0.8866324728486465,0.005128498399549939,0.32410275680170075,19924.607949584963,2.488715296954858e-06,7.928236484527588,1.62185424414929e-05
874,0.3763874428328868,0.010693503435826373,0.6757911718806295,25609.943295410158,2.2208329219433697e-06,5.231571674346924,1.6572743334108964e-05
875,0.2604742207216432,-0.028398331062919398,-1.7946729566820692,29831.49740136719,2.0864257574455493e-06,11.466774940490723,3.510234091663733e-05
876,0.5841399520517638,-0.018788069530761793,-1.1873387989038484,42762.16370361328,1.7453331159751774e-06,16.25550651550293,2.3031021555652842e-05
877,0.7623732886267921,-0.015914753521520275,-1.0057555035206693,49822.351900390626,1.633861417408368e-06,21.490785598754883,2.8187221687403508e-05
878,0.7742924108462292,-0.04140303600729324,-2.616523797901821,44316.84365966797,1.7092182032292657e-06,39.230369567871094,8.451855683233589e-05
879,0.4063902720485342,-0.11357595036129982,-7.177593858994037,45412.33434570312,1.6852487661878571e-06,68.7191162109375,0.00022552510199602693
880,0.6127064627202499,-0.03475470633599917,-2.196373140395124,26869.465329101564,2.0832785231879635e-06,80.81809997558594,0.00011134894884889945
881,0.9643516929148749,-0.008853298351529237,-0.5594967920376821,17449.732619873048,2.6018237113170473e-06,23.561203002929688,4.640488623408601e-05
882,0.3951501091391548,-0.08261552706820055,-5.221005836675137,11983.062650878906,3.1179336194231246e-06,35.844825744628906,0.000149590996443294
883,0.8528600176414933,0.045641915422492706,2.884405816610591,23315.56062817383,2.2957754102590935e-06,32.130863189697266,0.00011208411888219416
884,0.49521740921672835,-0.0963469978178116,-6.088785677511473,22244.09159667969,2.353164281862868e-06,65.69718170166016,0.00020000353106297553
885,0.5899862374895549,-0.04944468001628319,-3.124726938368872,46713.63693164063,1.6213640767239533e-06,79.5280532836914,0.00011888048175023869
886,-0.09604167810762024,-0.10724826581529245,-6.777706826619712,21608.742631103516,2.3689479020760756e-06,85.63446044921875,0.0001617522502783686
887,0.5914529642625842,-0.03182896768662581,-2.0114769216449333,16993.1818984375,2.6589271579633782e-06,9.23156452178955,7.404349162243307e-05
888,0.8761072227345604,-0.008734981552200368,-0.5520195934795613,14871.399270751954,2.8080915096734453e-06,16.768417358398438,2.5550671125529334e-05
889,0.9522923215434509,0.008285767501263596,0.5236308720722497,14867.20396118164,2.8363710151088506e-06,13.014681816101074,4.472865111893043e-05
890,0.0778712957056757,-0.12315580589625547,-7.783006466495998,15712.699099365234,2.793718959651936e-06,41.28495407104492,0.00026620650896802545
891,0.8847794754181746,-0.004537268578423598,-0.28673914663712713,16144.190259277344,2.7512755780770406e-06,7.662473678588867,1.1942551282118075e-05
892,-0.2634307108842153,-0.0684867434751792,-4.328117245122741,16200.950660888671,2.7130654922917136e-06,19.352510452270508,0.00011843001993838698
893,0.5189916841128988,0.09430328090673984,5.95963007807544,16868.74842163086,2.663484400065261e-06,30.873998641967773,0.0002267921227030456
894,0.41021500692637214,0.09632453627963974,6.087366188632595,17791.51543432617,2.5893850620625847e-06,26.29537010192871,0.00022246681328397244
895,0.8431464148086621,0.0318543996725663,2.0130841321989963,17494.713392578124,2.6321371813782433e-06,8.106376647949219,9.202678484143689e-05
896,0.7137075953030301,0.020958817577256872,1.3245223117723912,18658.929555175782,2.551206557326884e-06,11.189651489257812,6.273575854720548e-05
897,0.41767938321892634,0.004792770836647827,0.302885975554301,20651.1105859375,2.4173575005546206e-06,1.3533085584640503,1.099043947760947e-05
898,0.7696314382240633,-0.003988986550795678,-0.2520896834190769,19985.335799560547,2.4635982139115635e-06,1.784507393836975,1.0939384083030745e-05
899,0.02667794847922333,-0.008367107159236518,-0.5287712475452427,22302.25390600586,2.3548510524288714e-06,1.6654417514801025,1.5827707102289423e-05
900,0.5378435171787493,-0.03541185622316297,-2.2379026629704657,26490.53772216797,2.149593976637804e-06,13.249968528747559,7.274145900737494e-05
901,0.6366406110216666,-0.035109300454965346,-2.2187822205096253,33653.69606298828,1.925458123125168e-06,13.514830589294434,6.995585863478482e-05
902,0.7185716188720342,-0.011655687711061149,-0.7365977768280354,54656.51832373047,1.534673862158911e-06,8.072347640991211,2.410212800896261e-05
903,0.38113561228384246,-0.011555514408006822,-0.7302671823443386,69732.72622851563,1.3770322820657805e-06,10.383942604064941,2.1298030333127826e-05
904,0.9105501787365987,-0.011288053694003389,-0.7133646217912788,57706.68375,1.478898191115671e-06,45.88663101196289,5.209666778682731e-05
905,0.9933472857195362,0.0014223174472026306,0.08988537575169837,103229.89969238281,1.1226039556141869e-06,24.787818908691406,2.2073469153838232e-05
906,0.9699138537172022,-0.002850950085123876,-0.18016984897056398,51514.678904785156,1.5531806348607003e-06,12.251710891723633,1.5397004972328432e-05
907,0.998990898047944,-0.00017769014447633635,-0.011229381622957517,37739.75201660156,1.7883551986491328e-06,23.876928329467773,3.7074445572216064e-05
908,0.9444071779044365,0.009684334211543322,0.6120152861948168,24597.937240234376,2.2282441675715697e-06,23.694766998291016,5.686408985638991e-05
909,0.9175140841221558,-0.004687331899719258,-0.2962226118422661,28064.251118652344,2.0484480639458416e-06,15.173834800720215,2.6445623007020913e-05
910,0.9971590572372148,-0.0006962692023663988,-0.04400172338610354,35210.761543945315,1.8669086590992513e-06,12.436474800109863,2.0495081116678193e-05
911,0.20489485359967546,0.02042703917966423,1.2909158189474172,48245.70867138672,1.630502789201829e-06,17.631513595581055,2.7695730750565417e-05
912,0.7160935279031662,-0.00984761794616904,-0.6223342342396706,50772.098427734374,1.617153648496681e-06,12.205101013183594,2.1702415324398316e-05
913,0.9859994394761582,0.002417892441140329,0.15280215469938432,55723.84344726562,1.5155675153551346e-06,20.741140365600586,2.564214082667604e-05
914,0.9118264191139284,0.045278169706104474,2.8614183882696587,66247.3364716797,1.392164163096544e-06,65.6021499633789,8.700747275725007e-05
915,0.4409059022220203,0.0277205766813926,1.7518413037548608,36969.7252290039,1.8512519080313762e-06,9.218918800354004,3.9566599298268557e-05
916,0.33614999562728615,-0.008355653464478465,-0.528047415000618,15420.723865966796,2.7684914092871098e-06,5.121393203735352,1.8275413822266273e-05
917,0.35217044009445425,-0.007241432994263638,-0.45763266628719274,12217.511962646484,3.1108372097141315e-06,1.796746015548706,1.3600785678136162e-05
918,0.9096207689088428,-0.000523065731529817,-0.033055883490611816,12287.773079589844,3.1176265284582026e-06,0.965587317943573,2.751715101112495e-06
919,0.38064495420664163,0.0023433710773419023,0.14809267103262289,12316.720515869141,3.1143108244086026e-06,1.1711193323135376,3.6875014757242752e-06
920,0.18598756576506872,-0.010191458252599222,-0.6440637118628565,13842.010343261718,2.930540217315107e-06,1.9312413930892944,1.5958301446516998e-05
921,0.7285861769226869,-0.003151777080426694,-0.19918103916740051,14377.628428222657,2.8998232698117335e-06,1.1700196266174316,6.136924639577046e-06
922,0.21129911802640722,-0.005017481995744891,-0.31708691713085585,14874.79676977539,2.8344180697136864e-06,0.9291775822639465,6.665561159024946e-06
923,0.5187675626819404,-0.005412462715562185,-0.3420482859766645,18507.001763183594,2.5425606750730915e-06,1.9082738161087036,7.177125098678516e-06
924,0.611677323889582,0.009311923876542288,0.5884802849465232,35215.94622265625,1.923548241571435e-06,3.2672176361083984,1.1206067938474007e-05
925,0.6937701835641726,-0.03175199155531295,-2.0066123054507234,51385.76998925781,1.6034499790326312e-06,17.676488876342773,3.739511885214597e-05
926,0.9759673195920271,0.007441099921862029,0.47025090200360503,69273.3854868164,1.3715712825469782e-06,38.61756896972656,4.1768624214455485e-05
927,0.9906133607589067,0.004832589116809331,0.3054023484506206,41407.32760302734,1.7643069011576073e-06,58.340003967285156,9.27796500036493e-05
928,0.7751314849986404,0.009166685496176998,0.5793017387518055,22771.34245263672,2.274240671084308e-06,5.564471244812012,1.920586328196805e-05
929,0.9944827862089832,0.0002859932241112717,0.018073748910442104,12904.769811767577,3.022872258456509e-06,2.6560873985290527,7.906505743449088e-06
930,0.9980588020646423,2.6306269170607077e-05,0.001662462127337225,12797.296498535155,3.0338165572468414e-06,2.3153276443481445,6.239846698008478e-06
931,0.9454755908289671,-0.0027822481304764883,-0.1758281311490594,12505.785076904296,3.079706811147836e-06,3.519517660140991,1.240445544681279e-05
932,0.9268176392665898,-0.0008766369226287742,-0.05540031822240181,14279.907992919922,2.9207678292076587e-06,1.3484143018722534,4.025910129712429e-06
933,0.9899505642068211,0.0003782544224745736,0.02390432667527066,12641.955182495118,3.1075918184312366e-06,1.0933107137680054,2.618156031530816e-06
934,0.9984144876724241,-0.00010150996025568304,-0.006415066438274627,11698.452255493165,3.1869408602139736e-06,1.0432062149047852,2.871186325137387e-06
935,-0.04711699916726769,-0.004027354569270342,-0.25451440496364214,13372.074909057617,2.9811348759687983e-06,0.8654178380966187,5.147574483999051e-06
936,0.45406032697874155,-0.011378926551790038,-0.7191074613970561,19161.73367895508,2.5049028258050793e-06,2.0284652709960938,1.4495248251478188e-05
937,0.9077959712066876,-0.0015614685871017415,-0.09867923011993973,34167.132237304686,1.9355457337994675e-06,1.9406503438949585,3.4782092370733153e-06
938,0.9945010450429963,0.0015508111752311979,0.09800571980590365,42860.5436796875,1.7458061256952666e-06,17.487995147705078,2.2577281924895942e-05
939,0.9853337065631722,0.005989388743456576,0.37850794756642653,52137.3941743164,1.6058338298343109e-06,63.24962615966797,7.822889892850071e-05
940,0.6627107179295235,0.05895231959097134,3.725575755461961,56831.56918261719,1.5359801877864034e-06,27.2752742767334,7.337847637245432e-05
941,0.8885309555706123,0.006922188615196439,0.43745756330613184,27836.905287597656,2.10169436520743e-06,8.438525199890137,2.1347337678889744e-05
942,0.9990579244511096,-0.0001775115716130964,-0.011218096456665733,16991.640103515623,2.619129945088292e-06,5.1699018478393555,1.2178825272712857e-05
943,0.8770706619132581,-0.004225384133527453,-0.2670291651729076,11722.521374023438,3.1354845303970525e-06,4.154830455780029,1.3069551641819999e-05
944,-0.24982998257594913,0.003399384022109789,0.2148289123167363,13328.23329272461,2.9942158994959757e-06,1.2721538543701172,5.328355655365158e-06
945,0.8676533042044293,-0.006801192355526217,-0.42981103243751445,14839.336661376954,2.848381577358527e-06,3.1337673664093018,1.6009060345822945e-05
946,0.7283166754682535,-0.0020955203058509986,-0.13242938871148974,14261.471589111328,2.898588311311603e-06,0.8477799296379089,4.307325070840307e-06
947,0.6435090901563163,0.0028773809471059693,0.18184018491798157,16415.46750683594,2.7147472547490716e-06,0.9573734998703003,4.6770005610596854e-06
948,0.8230498851415704,-0.0018422044314541513,-0.11642073143261518,25505.776888916014,2.244291333066777e-06,1.8291758298873901,3.4502563721616752e-06
949,0.830241642791736,-0.011466444767541294,-0.7246382996240578,49179.50571582031,1.6563268508270907e-06,10.115838050842285,1.9537257685442455e-05
950,0.7326829774111038,-0.009692097996515277,-0.6125059296379046,40065.53074511719,1.8115953538500318e-06,12.66049861907959,1.8240378267364576e-05
951,0.4928798089593503,0.0699361733928109,4.419716032037937,59016.76954833984,1.4940237648598215e-06,24.697978973388672,7.989034929778427e-05
952,0.6683009181454913,0.023842836076387108,1.506781966239134,44872.16018652344,1.6930977481893254e-06,19.910938262939453,3.960223330068402e-05
953,0.8987327719655381,0.010398328810226422,0.6571371912333412,34010.99152685547,1.8596497205128148e-06,40.06856918334961,6.589194526895881e-05
954,0.9436746826568503,0.004779992790079891,0.3020784487118295,13923.542146240234,2.886342906645123e-06,6.864729404449463,2.4163182388292626e-05
955,0.9916999708805033,-0.0009828919707532942,-0.062115257243202986,25053.878045898437,2.196940275577407e-06,9.49049186706543,1.7314476281171665e-05
956,0.5876810560203855,0.00735723348861094,0.4649508433700313,24337.688943847657,2.2320303874132845e-06,5.1924662590026855,1.1952937711612321e-05
957,0.7979274143818055,0.008734685527628532,0.5520008857853518,23535.86206591797,2.289981772497376e-06,3.010258436203003,1.794797026377637e-05
958,0.4642409768705574,-0.003859679416599409,-0.24391793500421613,18613.703371582033,2.5523982651491086e-06,1.7531754970550537,6.438096079364186e-06
959,0.9840228665414652,-0.0007779605602902389,-0.04916432503814158,46925.6973569336,1.7139464925446501e-06,3.9590940475463867,5.9102135310240556e-06
960,0.7543391364959672,-0.009201172960153589,-0.5814812231308768,50903.21749609375,1.6319342374377051e-06,9.799838066101074,1.3244129149825312e-05
961,0.8461742472015819,0.023190558448169432,1.465560353003576,64446.343721191406,1.4303017602012062e-06,28.709218978881836,3.0475202947854996e-05
962,0.7163911009427572,0.028845167160002325,1.8229113999105588,42248.41305102539,1.762457410608013e-06,7.382805347442627,4.278621418052353e-05
963,0.8202131618544374,0.014070902365550182,0.889230704988149,18752.767490234375,2.488329593244025e-06,6.849328994750977,3.6827743315370753e-05
964,0.012077066631932906,-0.008078855090443877,-0.5105547477296853,14688.339024414063,2.846843037492184e-06,2.6859519481658936,1.3154617590771522e-05
965,0.9858915187261842,-0.0008920496993442964,-0.05637435058710102,16038.795009277344,2.7120811089611396e-06,3.5461645126342773,8.757556315686088e-06
966,0.3059616143911008,0.004251833586030905,0.2687006759747862,22909.677970458983,2.331159715587291e-06,1.008127212524414,5.502767180587398e-06
967,0.8351090795945694,0.0013939200962524096,0.08809076473463348,17801.754904785157,2.598875224560868e-06,0.704302966594696,2.6279344638169277e-06
968,0.5511502600295599,-0.002680722500475486,-0.16941207443892337,21881.123623046875,2.3753886665995984e-06,1.1742726564407349,3.6813551105296938e-06
969,0.7099961661707235,0.008784411632934154,0.5551433977954905,39799.134064941405,1.8055317548508498e-06,4.777132511138916,1.1244670531596057e-05
970,0.9821001557848361,0.0013372626522887435,0.08451021691120555,44816.07476708984,1.7506977177168888e-06,6.867965221405029,1.0895375453401357e-05
971,0.9961392367834907,0.0037925519866027317,0.2396757215093566,49452.40851147461,1.6639894221286624e-06,23.1456298828125,3.350439510541037e-05
972,0.8844178709917744,0.013898886353320872,0.8783599082296969,42061.3704711914,1.7366946182439635e-06,21.402925491333008,3.350955375935882e-05
973,0.9230903761709306,0.0050191675537005764,0.31719343836526526,14670.037338378906,2.8490596680283334e-06,9.395183563232422,2.9058135623927228e-05
974,0.7529355730959645,0.005510186522628732,0.3482240810745444,16506.22591455078,2.644248341564841e-06,2.8089871406555176,1.2771281035384163e-05
975,0.983848463057504,-0.0019899135956802563,-0.1257554223305897,19910.85956689453,2.4574513165009965e-06,7.397314071655273,1.6396930732298642e-05
976,0.7557270729602614,0.012439746139436795,0.786147465320179,22833.2790078125,2.3320043110144618e-06,4.350643157958984,2.6638093913788907e-05
977,0.6556287808419528,0.004046677270358502,0.2557355305648664,29596.226256347658,2.066401110027251e-06,2.843303680419922,7.345369340328034e-06
978,0.7636497394854509,-0.030218593051401375,-1.9097070041958848,76531.8932565918,1.3767975913242958e-06,34.86522674560547,5.0473579904064536e-05
979,0.9342265680782574,0.009030434089139346,0.5706911371295277,49116.63056738281,1.6719089537210135e-06,35.8081169128418,5.1798255299218e-05
980,0.9972933545583268,0.0016464050761183775,0.10404691245084675,79141.70972216797,1.29904352584478e-06,67.17840576171875,6.622925866395235e-05
981,0.6477707713926313,0.009589863744704009,0.6060450905637425,40181.57878369141,1.8119995913002442e-06,4.233020782470703,1.579511445015669e-05
982,0.9699004030022136,-0.002010800774590439,-0.12707541733481836,21877.016704101563,2.3466307550614467e-06,8.67005729675293,1.5577574231429026e-05
983,0.958337454778494,0.005380896543983971,0.3400534168291822,19541.143678710938,2.463540390131578e-06,11.285070419311523,3.095607826253399e-05
984,0.917874535627523,0.007498559454937031,0.47388213899020154,25641.411920898438,2.1839664593472583e-06,9.283732414245605,2.6101417461177334e-05
985,0.9883398722058432,0.0013753756440615863,0.0869188216803175,33161.63747607422,1.9570111359268115e-06,5.473949909210205,1.0604704584693536e-05
986,0.42788082290085727,0.01547483127652197,0.9779539910165694,50456.39937304687,1.6777174457285685e-06,5.357966423034668,2.1628118702210486e-05
987,0.7916077567183863,-0.010681131055356695,-0.675009281684705,68243.73520214844,1.4531044720889724e-06,15.283975601196289,2.2265847292146645e-05
988,0.5627487720088893,-0.03717866397860404,-2.349558594134903,77541.38845410156,1.351075800468885e-06,14.543228149414062,3.565027509466745e-05
989,0.9573131148579755,0.01788195415105824,1.1300755476238806,47959.80685546875,1.669817429386741e-06,47.71806716918945,6.415299867512658e-05
990,0.7801535985512491,-0.010621383907697887,-0.6712334756380547,34270.38390917969,1.8970514817579328e-06,9.222906112670898,2.2737680410500616e-05
991,0.9092364780539625,-0.004333368733683578,-0.27385340569637173,14819.668895507812,2.8277817574652532e-06,8.777945518493652,2.1077787096146494e-05
992,0.9555465438034423,0.0036619355355169934,0.23142122894984693,21706.6014453125,2.3318860582715076e-06,9.172391891479492,2.2066595192882232e-05
993,0.9980821835748052,6.003584721829558e-05,0.0037940508262775063,32150.66407763672,1.952615383142586e-06,7.120440483093262,1.263358262804104e-05
994,0.9695385067563873,0.007735070594266512,0.4888287971148726,40028.25177197265,1.8343835495118803e-06,13.125502586364746,3.2540290703764185e-05
995,0.9491610496522318,-0.010130346022849688,-0.6402016375102815,46784.84707495117,1.6710001350398024e-06,28.90230369567871,3.5922112147090957e-05
996,0.9576566599408979,0.008384207248181993,0.529851912008211,60474.70851708984,1.4847206962456589e-06,33.325592041015625,4.1551604226697236e-05
997,0.37940964852746417,0.011666755838654211,0.737297242906812,58009.5649453125,1.5014958101417673e-06,10.381114959716797,1.2851974133809563e-05
998,0.5994967592430209,-0.05659922769507786,-3.576868763463339,54506.53093798828,1.5324547111608182e-06,34.980831146240234,7.523773820139468e-05
999,0.9954457479390229,-0.0003955804398635694,-0.024999269007837357,18453.678040527342,2.5201281802773304e-06,15.796188354492188,3.2811425626277924e-05
