state_idx,cos_sim,mean_A,mean_safe_delta,mean_sigma_i,mean_alpha_i,v_unbiased_norm,v_intentional_norm
0,0.08590257463819655,-0.033353561420830714,-1.9357274440785677,36686.670092773435,2.1446432944234e-06,18.1666259765625,0.00011439471563789994
1,0.9957722093719383,0.0005128794024965488,0.029765778904052662,64014.862885742186,1.6503336365302508e-06,27.158645629882812,4.1776118450798094e-05
2,0.12269635298172472,0.013477148063909634,0.7821679084299256,62640.037170410156,1.6806508021714866e-06,16.16196632385254,2.5571715013938956e-05
3,0.6158348035683053,0.018581503892264848,1.0784073875255131,61312.6076430664,1.682364329166376e-06,20.299116134643555,7.383642514469102e-05
4,0.9941480158332605,0.0028557905538304207,0.16574038615670553,64260.63930371094,1.5938961337554464e-06,55.13465881347656,7.917108450783417e-05
5,0.6411276322087504,-0.029395071763803737,-1.7059901464770384,69986.34907421876,1.555604578947194e-06,39.4454460144043,0.00010299222776666284
6,0.9839757715868436,0.00115780646730981,0.06719515572641462,71081.46664257812,1.5448203001695474e-06,14.026005744934082,1.9246144802309573e-05
7,0.8137093451682942,-0.03296584847181299,-1.913225901098827,77713.84052001953,1.4795737450709711e-06,32.26057434082031,0.00010518365888856351
8,0.7652663453299697,0.06249544034495028,3.6270231379231883,67914.27495507813,1.5944392341113337e-06,106.34016418457031,0.0001974379556486383
9,0.44693275165112456,0.03520719387697052,2.0433059773365976,74808.59552929687,1.5187264577958174e-06,27.22760581970215,8.47430492285639e-05
10,0.8876781585337353,0.012283037078973196,0.7128657617819953,55407.25593945313,1.7440924873616089e-06,31.645689010620117,4.792653999174945e-05
11,0.6577643365599436,0.01617128921662072,0.9385267122687042,34421.60176269531,2.2060249884073883e-06,14.893232345581055,3.793220821535215e-05
12,0.2499235329271887,-0.031084186854097726,-1.8040206504833445,26074.71813647461,2.5129731386294913e-06,11.786025047302246,4.633079151972197e-05
13,0.494454855887732,0.03302590015666669,1.9167110969664523,28430.402399414063,2.4301208199745534e-06,12.006515502929688,4.835217259824276e-05
14,0.988575407939355,0.0017404783293539091,0.10101145198396227,28761.96927758789,2.453406875794909e-06,7.0983171463012695,1.4648067917732988e-05
15,0.6736536509008488,-0.022042173245703595,-1.2792528851864995,47668.661610839845,1.910017773264871e-06,20.95870018005371,4.549207733361982e-05
16,0.9949986083734766,0.0017611261351262732,0.1022097805159375,49749.73246679687,1.8380453147583305e-06,16.36419105529785,2.7537009373190813e-05
17,0.9379302813448488,0.02385695750094234,1.3845768007835113,44060.063948730465,2.0629930762217226e-06,66.63533782958984,0.00012039278954034671
18,0.9699851687106609,-0.026118155225680617,-1.515809038235978,49794.30398339844,1.8796624713566713e-06,103.40016174316406,0.00021928413480054587
19,0.6962914208641459,0.018308586216966596,1.0625681724149194,47053.73552441406,1.9080499647691578e-06,14.98091983795166,4.4907083065481856e-05
20,0.8041746238818772,0.00768269494802829,0.44587752617308746,36295.84611425781,2.1364125833972e-06,7.2678608894348145,2.1864067093702033e-05
21,0.7492713321983984,-0.00768008954706456,-0.4457263175484765,26008.425561035157,2.5248720991032604e-06,4.646241188049316,1.608858656254597e-05
22,0.6519950068240342,-0.007422761990928756,-0.43079190001372264,28795.489235351564,2.453940815774736e-06,6.392234802246094,1.139480900747003e-05
23,0.9280668607201858,-0.0030138228754091763,-0.1749120454608419,27341.37947241211,2.5225104828164814e-06,5.610149383544922,1.3419037713902071e-05
24,0.7723231671688318,0.006110467280997088,0.3546307712909781,50598.13404199219,1.852875847155599e-06,5.733641624450684,1.2769363820552826e-05
25,0.9213261329053579,0.011037894071912153,0.6406018898626007,43430.563002441406,2.0049763178152144e-06,21.670654296875,3.900657611666247e-05
26,0.9312917702732251,-0.015266205303663263,-0.8859987154110259,37540.05488525391,2.1908664754663222e-06,38.26389694213867,7.582817488582805e-05
27,0.47994692915734316,0.11437535111873945,6.637956987357665,44392.281104980466,1.9651907077364923e-06,27.597322463989258,0.0002025216381298378
28,0.9683701143447474,-0.0012630878900306314,-0.07330533199038178,37107.02260839844,2.135349330551639e-06,4.4076361656188965,8.426212843914982e-06
29,0.6157762073284062,-0.006436543708941022,-0.37355513989060757,24919.34942260742,2.592059059260589e-06,2.7793238162994385,1.0568687685008626e-05
30,0.1700407139608659,-0.021246258877831117,-1.2330607180116626,22136.338747802736,2.7473887760189237e-06,6.239652156829834,2.4298031348735094e-05
31,0.8411786309112692,0.011374096115816591,0.6601139148283869,23488.34351220703,2.6682605232733193e-06,8.409146308898926,2.179306829930283e-05
32,0.9072175170287893,-0.0043955849538363624,-0.2551048243563536,24540.547548828126,2.605631365233176e-06,4.0685648918151855,9.843445695878472e-06
33,0.7425505673048308,0.006059709516982964,0.35168496302893026,23190.286497314453,2.6919415903579056e-06,3.0400397777557373,8.947882633947302e-06
34,0.8199866497758098,-0.003075171461008327,-0.1784725090437657,27807.64878466797,2.4889693632308374e-06,3.07185959815979,6.298636890278431e-06
35,0.4917619209591595,0.010039655772665145,0.5826675287548863,37331.402040039065,2.1562374096314756e-06,4.003292083740234,1.0792410648718942e-05
36,0.8996299179853087,-0.005183841584940539,-0.3008525624930167,50337.078458984375,1.9028690681739715e-06,7.130120754241943,1.0195628419751301e-05
37,0.7299062812898726,-0.01743064878144581,-1.0116156649246646,43045.85344921875,2.099305896205343e-06,18.565475463867188,3.6221103073330596e-05
38,0.9232298293262075,-0.04108630647641837,-2.3845097085361027,34087.34267089844,2.2796328595284664e-06,97.02511596679688,0.000189751255675219
39,0.7117685319844733,-0.023587900285914357,-1.3689616336777959,27761.983693847655,2.439956665376929e-06,18.713722229003906,5.0687023758655414e-05
40,0.8068544911252421,0.024496484988538042,1.42169280447985,27370.174551757813,2.4848099638655476e-06,17.93735122680664,5.533549847314134e-05
41,0.9806694899751616,-0.006804258928074115,-0.3948960825353935,22751.053247558593,2.701329579014037e-06,15.599140167236328,3.5392520658206195e-05
42,0.5173260949806568,0.01649174033372448,0.9571246069293914,25062.094726074218,2.604347662643836e-06,5.209409713745117,1.9081198843196034e-05
43,0.584777690250835,-0.013674606048526133,-0.7936276993365687,22266.56446459961,2.747430362436691e-06,3.0845119953155518,1.70576404343592e-05
44,0.25984087825207924,-0.008186470451906026,-0.4751149457159853,21010.003416748048,2.814291166191059e-06,2.1561825275421143,8.758150215726346e-06
45,0.7317905088078575,-0.0015680606019290914,-0.09100491257394791,21186.448552490234,2.806215839733712e-06,1.0474721193313599,2.0972136098862393e-06
46,0.12532146804051675,-0.006393379762619258,-0.37105005102061994,28500.062889404297,2.4838001104132657e-06,2.6491663455963135,5.9887261159019545e-06
47,0.9485791233424137,-0.0017080843692394287,-0.09913141654112577,38636.40716308594,2.1216485587850834e-06,2.8017287254333496,4.9903283070307225e-06
48,0.7667087038088081,0.008799156273147578,0.5106731502450641,47772.32094287109,1.924962508997108e-06,4.328575611114502,1.382966001983732e-05
49,-0.27746389862476717,-0.010599076753284246,-0.6151344228090074,53677.41549169922,1.8194394395739609e-06,2.4454410076141357,1.0079736966872588e-05
50,0.8372915922384725,-0.010038113268174506,-0.582578007032229,40196.49351220703,2.0653738352117555e-06,10.21091079711914,2.2996146071818657e-05
51,0.7453391001378425,-0.10821614002379751,-6.280497290627762,40137.78557373047,2.074198091200994e-06,85.11225128173828,0.000224070914555341
52,0.8594616083961396,0.02309673822837691,1.3404562557282151,46860.44794140625,1.907022026939789e-06,46.384033203125,8.00064517534338e-05
53,0.9299986233412262,0.007949499452500943,0.46136195360784243,28382.634150878905,2.44417101316809e-06,25.306312561035156,5.7296543673146516e-05
54,0.7007134976204289,-0.03446685666984007,-2.0003393198443677,28956.918660644533,2.407726356034487e-06,15.111807823181152,6.226349069038406e-05
55,0.9239941166412319,0.0073811805863370295,0.42837865649180984,32603.816144775392,2.288833142774881e-06,8.912760734558105,2.144612699339632e-05
56,0.5606483635985303,0.020174227797634992,1.1708436744804487,23973.493592773437,2.6524032263948917e-06,4.683243274688721,3.1774150556884706e-05
57,0.5033765933221375,-0.0035541119386456608,-0.20626858799753137,21376.55845996094,2.781740079301087e-06,1.1742665767669678,4.805500793736428e-06
58,0.4525108448882246,-0.009637420265902303,-0.5593231458387815,23179.564788330077,2.691798939910224e-06,3.666015148162842,1.149188210547436e-05
59,0.7253789945849559,-0.011414846038414198,-0.6624789019588766,29344.053337402343,2.3959346553109007e-06,5.508697032928467,1.6990112271741964e-05
60,0.8905220298868564,-0.0038657159196300197,-0.22435302492062556,29200.57236328125,2.3959095970974285e-06,3.4736337661743164,8.808236998447683e-06
61,0.5228282124063716,-0.013661980264463566,-0.7928949417037463,38567.632645019534,2.119535451468183e-06,7.324681758880615,1.6206991858780384e-05
62,0.7908739113110675,-0.012071522207190315,-0.7005901568780714,43787.70773779297,1.9517647106050896e-06,19.357553482055664,3.575389928300865e-05
63,0.9750107433682748,0.018295843595481514,1.061828633934846,38861.71793408203,2.1052417085155977e-06,77.47589111328125,0.00013353308895602822
64,0.3162894601489534,0.05025798458595031,2.9168027611690834,47091.482903808595,1.9215862302227093e-06,23.475339889526367,8.811322913970798e-05
65,0.9992549675466285,-6.457792789241568e-05,-0.003747883643544127,35045.54849633789,2.173659178082249e-06,13.103999137878418,2.5024708520504646e-05
66,0.6122677274282498,0.0418910039021473,2.4312116145637455,29540.53870703125,2.373057754293844e-06,20.872316360473633,6.925745401531458e-05
67,0.5443105530828544,-0.030376371788887108,-1.7629414676706585,29219.202104980468,2.4378211663877925e-06,5.405548095703125,5.208307266002521e-05
68,0.3847201196168885,-0.004011486119247677,-0.2328130323053986,24177.323470703126,2.6192982840016926e-06,2.0136797428131104,4.834386345464736e-06
69,0.5185056785911372,0.023668679533325084,1.373649786890343,25277.42753173828,2.564729314266667e-06,5.738275051116943,3.662677409010939e-05
70,0.9784339007144064,0.001403346144476671,0.0814454447946531,32493.066410644533,2.2931262163401607e-06,5.527961254119873,1.0493971785763279e-05
71,0.8981979220444472,0.005870207722677811,0.3406869223906218,36655.25834179688,2.1645390926226684e-06,7.588995933532715,1.6785983461886644e-05
72,0.9041194559935577,0.003475074003822357,0.20168149465447358,38768.122734375,2.1142219566549064e-06,5.044775009155273,1.0525507605052553e-05
73,0.2275033101013051,-0.02250330063507127,-1.3060151529861184,55394.45024267578,1.7849793623032742e-06,7.113299369812012,2.6476249331608415e-05
74,0.9642652512406134,-0.013270125507728981,-0.7701530222687161,55566.868814453126,1.8002203094424231e-06,48.232757568359375,7.378928421530873e-05
75,0.9848263559080886,0.007611980902331222,0.4417735230889625,47038.839038085935,1.8512846593949205e-06,35.49299621582031,5.224133201409131e-05
76,0.5225528196550566,0.1118519435437835,6.491506980601045,47845.04840332031,1.897278020440153e-06,29.912845611572266,0.0002258833119412884
77,0.5087579259872572,0.03373250686430695,1.9577201508090503,40138.58620654297,2.0337066420200826e-06,11.554828643798828,5.677591252606362e-05
78,0.7544361331289461,-0.005407709212340057,-0.31384507938590106,29721.616658447267,2.4207801043258434e-06,4.490022659301758,1.2024207535432652e-05
79,0.6936499754576874,-0.009209905281778301,-0.5345116278997466,22280.810221923828,2.752118390076914e-06,6.5703654289245605,1.674745544733014e-05
80,0.6440428524874496,-0.00917237078049497,-0.532333252903529,25885.588294189452,2.5685743356194064e-06,4.966734886169434,1.3966224287287332e-05
81,-0.3573312416748471,-0.0094201539315277,-0.5467137455766372,26692.919646972656,2.4882370719089147e-06,1.3759362697601318,9.503010005573742e-06
82,0.8693925787473183,0.0029594815747736713,0.1717582609021298,24524.2824453125,2.594197467872009e-06,2.1513094902038574,6.100928658270277e-06
83,0.9975636344466307,2.5998636697186494e-05,0.0015088725886987645,28829.731864990234,2.4249276936580013e-06,1.0695865154266357,2.2349290702550206e-06
84,-0.3627112386939887,-0.024336726062950155,-1.4124209389421616,38942.667796875,2.1262441583239723e-06,8.481602668762207,2.3320257241721265e-05
85,0.48580348417789765,-0.013814713753948644,-0.8017590747867432,75834.7734453125,1.5530936963837383e-06,16.90630531311035,2.1599564206553623e-05
86,0.9881250027747325,0.00847658621083108,0.4919522791996648,34235.72677685547,2.26846812698417e-06,37.812034606933594,6.579887121915817e-05
87,0.9117771408243934,0.04252207235426227,2.467836684565662,46705.703,1.980278911365341e-06,70.91327667236328,0.00012804000289179385
88,0.9755949643790762,-0.0009414309280476151,-0.05463745418766546,35551.47593310547,2.200603271652555e-06,5.052445411682129,8.716130651009735e-06
89,0.9959413887229132,0.0006435069999936816,0.037346961082436986,29071.22035888672,2.414603268192741e-06,7.242365837097168,1.4685926544188987e-05
90,0.6967807728224995,-0.01249651265992384,-0.7252551595879132,23944.738298095705,2.6835700967597055e-06,7.3733229637146,2.5178143914672546e-05
91,0.5778539396075315,0.009006450440072585,0.5227037997715501,26106.75102734375,2.565160794974983e-06,2.9243392944335938,1.2605373740370851e-05
92,0.9990835119406465,0.00016627792431764997,0.00965020608698996,22103.143260009765,2.757533865326534e-06,1.5141412019729614,3.4993697681784397e-06
93,0.4143196437423353,0.02075046260455891,1.2042863859175346,21947.116779541015,2.764962623148261e-06,3.6757259368896484,3.101114270975813e-05
94,0.21057435743013636,-0.004633921540406497,-0.2689370705063459,22206.54191845703,2.7527914106250444e-06,1.158780574798584,6.213399501575623e-06
95,0.22544378558879533,0.011867814540193714,0.6887676556285265,22014.99718823242,2.7521770151548984e-06,2.2818968296051025,1.564420927024912e-05
96,0.8678748125231891,-0.002275978847436375,-0.13209008362067653,36528.97852294922,2.1859482344907387e-06,2.5266849994659424,4.76475497634965e-06
97,0.47351957524446114,-0.015891840388305777,-0.9223084512152682,59882.99105078125,1.738976412715986e-06,7.788571357727051,1.8212132999906316e-05
98,0.30883021953598044,0.022840652648127253,1.3255939182564376,44831.36252197265,1.99143461916104e-06,4.930756092071533,2.9729606467299163e-05
99,0.9936197708937556,0.004885524878398264,0.2835392738581075,43758.88717382812,2.0049637771568303e-06,93.9885025024414,0.00015624825027771294
100,0.7997171706631012,-0.013299263873944442,-0.7718441140968785,36614.665637939455,2.1492872219420747e-06,16.324886322021484,3.08023372781463e-05
101,0.740405964775324,-0.009394639068992185,-0.5452329495974996,27182.280012207033,2.489692409900714e-06,11.1975679397583,2.462422344251536e-05
102,0.4897244610117216,-0.01870721039506217,-1.085702966078391,25973.247631103517,2.559729409995125e-06,12.055425643920898,3.48901521647349e-05
103,0.8457694210086638,-0.007352212887308742,-0.42669746960764576,24607.88736694336,2.5991421522915384e-06,6.321598052978516,1.2303010407777037e-05
104,0.9254225426575862,-0.0038849384830243012,-0.22546863722476204,23884.420039672852,2.664434915554148e-06,4.533445835113525,1.1039714991056826e-05
105,0.41443722008903805,0.02532314962086542,1.4696696125830422,23045.128455322265,2.668873797121083e-06,7.199618339538574,3.45161824952811e-05
106,0.7173423974901048,-0.00522452059713285,-0.3032134342243779,21211.052547851563,2.807835766850312e-06,2.4793879985809326,9.173534635920078e-06
107,0.6959309333414231,0.029242236556803317,1.6971201100548596,24026.09990649414,2.6752385743462884e-06,11.616281509399414,5.394420077209361e-05
108,0.9617867028593632,-0.004942477900315147,-0.28684463385120446,39382.482682617185,2.1095187199930162e-06,10.539857864379883,1.9031655028811656e-05
109,0.9095066409779773,-0.009305538000736042,-0.540061826162015,45978.32909082031,1.9740435742923805e-06,12.548288345336914,2.116986615874339e-05
110,0.7250593597405032,-0.04331493070341671,-2.5138514907916187,66778.64529296875,1.6330384406865591e-06,29.316471099853516,6.407163891708478e-05
111,0.6606404762319337,0.05372182167511155,3.1178321034545244,63801.11014697266,1.6817281305203979e-06,34.72022247314453,6.836620013928041e-05
112,0.6317878322109167,-0.0689740693667603,-4.003020766460969,55819.64849560547,1.7945688077702185e-06,28.11073112487793,0.00011531329801073298
113,0.2363642979260878,-0.015370060093311667,-0.8920260947359777,44664.08399511719,1.962094961915223e-06,9.686054229736328,4.1061288357013837e-05
114,0.8918156010369247,-0.0041592405486115605,-0.24138819764666888,36698.247739257815,2.1678639737995463e-06,8.831006050109863,1.8789096429827623e-05
115,0.9792284742754308,0.0017795207145624046,0.10327733944278014,26970.017604248045,2.4894279557609233e-06,6.148721218109131,1.238127879332751e-05
116,0.5333556247209843,0.01145710793557582,0.6649316389587547,26371.35248852539,2.5338024169456133e-06,4.666748046875,1.5370278561022133e-05
117,0.9395224411181895,0.0015222281905562665,0.08834495505387129,28169.090826171876,2.4659230748884393e-06,1.582709550857544,4.299959073250648e-06
118,0.5655892498195331,-0.01093111581162796,-0.6344048422293609,31818.648817871093,2.3065652871605653e-06,1.8455204963684082,1.226002314069774e-05
119,0.6714742302277051,-0.009429436818387501,-0.5472524928074972,45823.31009863281,1.938708617893378e-06,9.697234153747559,1.594908826518804e-05
120,0.6926838425482696,-0.005770025169483772,-0.33487266719943704,40875.15469580078,2.053327711942178e-06,5.747694969177246,1.1190969416929875e-05
121,0.9330564723870498,0.018605222140369464,1.079783914103958,52756.359447265626,1.8284769152812782e-06,51.90925979614258,9.693761239759624e-05
122,0.4506140598613782,0.05866135576814608,3.404505888727633,41690.44245410156,2.0302604596794793e-06,15.302203178405762,9.916588169289753e-05
123,0.7429481095195347,-0.009628432752069255,-0.5588015410553776,34728.13775488281,2.2052868514764896e-06,2.1705899238586426,1.7960916011361405e-05
124,0.5109367378852657,-0.004520502349552311,-0.2623546058138494,24195.015434570312,2.656160086578291e-06,1.2227541208267212,7.158909738791408e-06
125,0.6127026509092127,-0.007446057186644918,-0.43214387406812726,23478.45679345703,2.6689343844442393e-06,2.7502119541168213,1.0642379493219778e-05
126,0.32610759192479877,-0.010217596357437804,-0.5929945960510551,23841.321538330078,2.627096258838292e-06,2.7404778003692627,9.826543646340724e-06
127,0.739807231749624,-0.005561156915729662,-0.32275066301861555,21702.42868408203,2.774338502504714e-06,2.977991819381714,8.339910891663749e-06
128,0.9930933461497168,0.0011841103899965294,0.06872174607726703,18956.89412817383,2.9604318209997774e-06,3.8805992603302,1.0595853382255882e-05
129,0.953830816572758,-0.002222791434279098,-0.12900326677287247,33085.980861572265,2.3083730407569097e-06,3.76454496383667,8.037530278670602e-06
130,0.6147635634721046,0.00949489931860007,0.5510517140247051,46814.20693554688,1.9573649947076964e-06,5.296751022338867,1.2923320355184842e-05
131,0.5420165205936418,-0.020805197859924966,-1.2074630342710306,47362.609857666015,1.9540739142935677e-06,9.90713882446289,2.3511114704888314e-05
132,0.8700708351598285,0.014431975647328434,0.8375828590034693,50683.929430664066,1.936130302726277e-06,20.724037170410156,3.541833211784251e-05
133,0.9852140923298672,-0.005129258889800404,-0.29768476821697437,44864.754848144534,2.033933707258764e-06,24.906829833984375,4.106659616809338e-05
134,0.3894268512214011,-0.02611292986965385,-1.515505776316255,39832.06831103515,2.0677595848794555e-06,8.267796516418457,4.153190093347803e-05
135,0.8440026993103503,-0.0071905808486294005,-0.4173168949467771,29491.574877441406,2.403572402755706e-06,8.83941650390625,1.8286596969119273e-05
136,0.8940180834276631,-0.018039427531499022,-1.0469471163094592,24067.0568671875,2.6523097765048684e-06,19.0277042388916,4.904441084363498e-05
137,0.6513383154515372,0.014145773598396775,0.8209726639577754,30199.028766357424,2.342233704264518e-06,5.121036052703857,1.5694582543801516e-05
138,0.8328687931324583,-0.005081931963322437,-0.2949380741152142,31531.97924609375,2.328250037508286e-06,3.889291763305664,1.038199206959689e-05
139,0.9317510016684307,0.002374728830966357,0.13782119733322623,32481.133131347655,2.3038895891015075e-06,3.6207523345947266,7.976883352966979e-06
140,0.8464007305311323,0.04188727499910669,2.4309952016937393,43226.60136572266,2.0200114596051736e-06,9.076520919799805,5.5523829360026866e-05
141,0.4452434778067732,0.01943077701064096,1.1276963153859156,43901.93028857422,2.014313451906464e-06,3.276606559753418,2.2560179786523804e-05
142,0.6669731855879314,-0.007624009342343491,-0.4424716129015443,39387.55718164062,2.1252380445849736e-06,5.007641315460205,1.0920371096290182e-05
143,0.529322735401469,0.008774749413986692,0.5092566590192732,48038.38741796875,1.953943482791709e-06,5.022664546966553,1.4718012607772835e-05
144,0.8841503846275298,0.04123925881992273,2.393386543163201,41255.50509082031,2.065544167905993e-06,68.73710632324219,0.00012406910536810756
145,0.9790268188239556,0.0008375327852285213,0.04860755879190398,31260.5420703125,2.308925375689638e-06,3.83772611618042,7.388066933344817e-06
146,0.6989921619363055,-0.00960051759244504,-0.5571814399840513,24370.463322998046,2.6125399756014847e-06,5.034303665161133,1.9451787011348642e-05
147,0.9178709920427496,0.0032081035603545955,0.18618743668393198,21782.56535180664,2.7932264954341686e-06,3.317779302597046,9.702253009891137e-06
148,0.49391182744012646,-0.009303504729917634,-0.5399438220282201,24591.892369628906,2.638066234123886e-06,2.57021164894104,1.1967693353653885e-05
149,0.33628011652758155,-0.0036143045261545323,-0.2097619613767908,25502.9753515625,2.5746127348462267e-06,1.4775478839874268,3.2723382901167497e-06
150,0.9517369243779508,-0.0005072507558686552,-0.029439111367319106,23538.44867553711,2.701940594199067e-06,0.9383388757705688,1.8676104218684486e-06
151,0.223298063831958,-0.0112301263994725,-0.6517584013787971,35190.86107080078,2.2154789411006834e-06,3.1015048027038574,1.19487713163835e-05
152,0.6399840586892565,-0.031255322679040666,-1.8139527926263475,42424.91050732422,2.0517978873898537e-06,8.86426067352295,4.009524855064228e-05
153,0.7655566874394479,0.02621450266355523,1.5214007163571657,44458.41535107422,2.041947614513972e-06,21.16411781311035,5.273334318189882e-05
154,0.8596256141487247,0.058361855320460815,3.3871238997764888,47146.678591796874,1.9035474683747074e-06,87.44965362548828,0.0001488507550675422
155,0.3730557464577725,0.053143834741165255,3.084287704514868,42951.28086425781,1.9858260253683754e-06,13.136343002319336,0.00010044193913927302
156,0.8193637176454415,0.018126052112872496,1.0519745128558362,36401.16323925781,2.137716323719616e-06,8.262995719909668,4.1219067497877404e-05
157,0.964777541618233,0.0007605869558697393,0.044141884145712906,23211.235156494142,2.6772370918869963e-06,1.2249890565872192,3.102024720647023e-06
158,0.13959560635016233,-0.019042870972148563,-1.105183566148751,24482.39752001953,2.6119343564432575e-06,6.479068279266357,1.659363078942988e-05
159,0.8818579103486721,-0.0033449175165013154,-0.19412765411093116,22135.255095458986,2.7525786544025515e-06,3.054234027862549,7.737405212537851e-06
160,0.7895543487160638,-0.0034613078918723926,-0.2008825562633499,30763.248827148436,2.3622089464900235e-06,2.7500126361846924,6.970564299990656e-06
161,0.8510363199789093,-0.0026959601093830264,-0.15646436990727228,37775.15455712891,2.1472234371230342e-06,2.9399359226226807,5.133644208399346e-06
162,0.9887740261156667,-0.0027310659713052792,-0.15850179492205632,48176.89405810547,1.9222381307401844e-06,15.270586967468262,2.1276669940561987e-05
163,0.9673890770960483,0.008331073021117881,0.48350718779700175,43626.77949365234,1.977111836080885e-06,52.0651741027832,8.318026812048629e-05
164,0.6960979663321541,0.04676403221454565,2.714025630166593,39006.25267382812,2.120288930934136e-06,32.459171295166016,7.981518137967214e-05
165,0.13402873763523881,0.018083561524656212,1.0495085034037261,39828.97175976563,2.0681931614951086e-06,4.91724967956543,2.548816701164469e-05
166,0.7357904366550293,-0.0069313338748412025,-0.40227108092936553,24304.843743652345,2.6506922774792327e-06,6.175810813903809,1.6577485439484008e-05
167,0.9924603921362624,0.0014138475567138636,0.08205491110059367,21094.7108203125,2.8121614911213893e-06,6.105921745300293,1.4646868294221349e-05
168,0.2369401272235761,-0.01862904755007695,-1.081166659977938,21849.281876708985,2.774189978667529e-06,1.7529505491256714,2.2468546376330778e-05
169,0.7997172856201565,-0.006106413560702334,-0.35439550713054363,20528.396122558595,2.841578241631114e-06,3.9997432231903076,1.0849630598386284e-05
170,0.946766876600611,0.002224766549705301,0.12911789576518562,20045.30019848633,2.8792831577540612e-06,2.9165170192718506,7.600992375955684e-06
171,0.9767936928422108,-0.0014599563913640313,-0.08473091128901936,26658.15685864258,2.56252288901871e-06,5.395869731903076,1.1492171324789524e-05
172,0.7981802443258273,-0.006021730603309893,-0.3494807958467312,42355.188819824216,2.044357833466761e-06,5.473568439483643,1.12112456918112e-05
173,0.1895560865306234,-0.044655213274925144,-2.5916369399601367,42474.57533203125,2.0693551292844224e-06,9.997278213500977,5.5734195484546944e-05
174,0.9778602607826241,0.010984742940473644,0.63751717868255,54248.22920166016,1.7871531695724063e-06,46.59629821777344,7.191790064098313e-05
175,0.9821663375124867,-0.027099728345620726,-1.572776208927718,39338.863559082034,2.085347505840678e-06,129.84877014160156,0.00022512878058478236
176,0.9810918179854324,-0.0057987168712763815,-0.3365378361412636,27241.447318847655,2.4529648763241003e-06,26.946548461914062,5.4721604101359844e-05
177,0.6125373240458337,0.03230995384176014,1.8751600040332108,29004.77883544922,2.4110610999504782e-06,15.412171363830566,5.884715574211441e-05
178,0.8566335992926909,-0.009959100995169237,-0.5779924030139484,22302.391733642577,2.746138183381102e-06,8.006064414978027,1.9729130144696683e-05
179,0.5106320147104453,-0.016306312469741995,-0.9463630033729092,22492.210535888673,2.727299717899381e-06,5.473524570465088,2.0127790776314214e-05
180,0.9267163218046198,0.003504729458224123,0.20340259652506024,21619.869505859377,2.7771368157831305e-06,1.8309452533721924,7.896682291175239e-06
181,0.44187312384709426,-0.02508436638007421,-1.4558114441387902,19827.70941455078,2.8895088905851197e-06,7.164767265319824,3.538884993758984e-05
182,0.6481926981391024,-0.0035140520910878405,-0.2039436504790196,20553.48322143555,2.8618841032011624e-06,2.208308458328247,5.327151939127361e-06
183,0.787902050951547,0.0026130585957529415,0.1516530475700664,22466.665437011718,2.7100239988447205e-06,1.4307160377502441,5.0422695494489744e-06
184,0.983197213872655,0.0013406839965960876,0.07780874651746103,31657.373446777343,2.3777615224782546e-06,4.185550689697266,8.455849638266955e-06
185,0.4288696799175112,-0.03546219396821508,-2.0581053167125827,32121.254971679686,2.3097863835696726e-06,8.731491088867188,3.894712062901817e-05
186,0.48066347442433977,-0.012450437197171343,-0.7225810961911052,45499.12257324219,1.9584086272983756e-06,9.290393829345703,2.0429095457075164e-05
187,0.7214055335491892,-0.07443985106079966,-4.320236175484319,40230.64867138672,2.030351702555511e-06,34.14006042480469,0.00011749935219995677
188,0.7668735482411175,0.07118210531901971,4.131167675163537,32945.38044628906,2.254036148000681e-06,55.29071044921875,0.00016094159218482673
189,0.9432129383085643,-0.012046596663809013,-0.699143562981456,56781.39722509766,1.7591875052204025e-06,41.93613815307617,5.672559200320393e-05
190,0.8021859760366093,0.011542759193138668,0.6699025470963396,58579.679751953125,1.7040122917042428e-06,10.036803245544434,2.4618240786367096e-05
191,0.9369436475044511,-0.004641704793006747,-0.269388784057184,35871.86868066406,2.1986811273173926e-06,10.039505958557129,1.6875270375749096e-05
192,0.23973608295128804,-0.017689502544966564,-1.0266386583534026,33468.84308251953,2.2993929743390547e-06,7.545759201049805,2.958306868094951e-05
193,0.9982842555309106,0.00021959651170983864,0.012744635841951658,36586.38474365234,2.157655145452187e-06,6.504934787750244,1.1605299732764252e-05
194,0.6702081688422354,-0.008343387348985055,-0.4842218695698748,26493.652649414063,2.4972192871282753e-06,3.2021327018737793,1.669692028372083e-05
195,0.9504436403481725,0.0017749441310362384,0.10301173007591401,44414.85749804688,1.9390442233693136e-06,6.422713279724121,1.3431767911242787e-05
196,0.508528782602803,-0.026832101687306775,-1.5572440664758536,37587.60451953125,2.136037017470811e-06,7.36693811416626,4.504051321418956e-05
197,0.43695779085558867,0.011528613449643428,0.6690815761794668,60786.5194453125,1.6855051852435494e-06,10.831755638122559,3.50957598129753e-05
198,0.5294356854028929,0.05106274583018088,2.9635083710058496,42088.51085107422,2.0281955791180417e-06,30.10979461669922,9.240327926818281e-05
199,0.9047521193720076,-0.008171710371184969,-0.47425832075266977,46257.64221923828,1.9447520820161153e-06,19.515323638916016,3.188083792338148e-05
200,0.6393420405258263,0.02629772879971841,1.526230878683851,42698.809305664065,2.016662386304788e-06,17.08084487915039,5.806000990560278e-05
201,0.9076588384761326,0.00505500972245964,0.29337559867708424,32081.27057836914,2.3131836282284614e-06,7.4804606437683105,1.823368074838072e-05
202,0.05851093342095084,-0.020153753013857228,-1.1696553875574986,30475.341505371092,2.36680818319781e-06,5.368448734283447,2.613960714370478e-05
203,0.9176086457404081,0.0045433179339141455,0.2636787448538953,28505.76087915039,2.4577842823983375e-06,6.686333179473877,1.5646406609448604e-05
204,0.217329699418195,-0.011170357197965887,-0.6482895998853905,26245.198844238283,2.5420725290138595e-06,3.353121280670166,1.4321793059934862e-05
205,0.6659575439648351,-0.01493536914632815,-0.8667981082804449,25123.60274169922,2.587836127999569e-06,10.045137405395508,2.458225571899675e-05
206,-0.014200972746149119,-0.012039131312676634,-0.6987102993522952,32888.97403320312,2.2663637744172252e-06,3.983766794204712,1.5938196156639606e-05
207,-0.09162560515800947,-0.03786063706064526,-2.1973028092531606,47807.01066210937,1.907439103387729e-06,24.771373748779297,7.713388185948133e-05
208,0.26397803909218065,-0.03167681838305421,-1.8384149719878198,58560.63528613281,1.7280725093539394e-06,17.81051254272461,5.378924834076315e-05
209,0.5177866242163088,-0.08661212294792917,-5.026673501664035,40144.79261132813,2.04880407697653e-06,33.33596420288086,0.00016113207675516605
210,0.4802579294873176,-0.11831839244854304,-6.866797716506006,54050.27339453125,1.7870141525274435e-06,105.1651840209961,0.00026882393285632133
211,0.891671932377938,-0.024104119035818383,-1.3989212169657461,31598.011599121095,2.282972271977014e-06,50.49424362182617,0.0001259308774024248
212,0.9520991295821641,0.016917940887877136,0.981859839816382,29032.602208496093,2.4355931972020002e-06,37.99888229370117,9.137305460171774e-05
213,0.062376508471804745,0.0519390794888338,3.0143678007327392,26028.51335961914,2.5247802814040456e-06,6.732903957366943,6.293772457865998e-05
214,0.5196501166997872,-2.668999659547594,-67.24879980697209,20221.117884521485,2.882306327254256e-06,161.73208618164062,0.0017687489744275808
215,0.9980815771356497,-0.0004556636593166874,-0.026445171460991474,41903.84099072266,2.0241908186644795e-06,23.88143539428711,4.3942403863184154e-05
216,0.9601080403371274,-0.006998339675556914,-0.40615987006709325,73853.69021679688,1.5294455239876669e-06,49.05156707763672,6.723142723785713e-05
217,0.9989928363033832,0.007107205090881598,0.4124780490913996,65372.915741210934,1.6330216067504912e-06,204.0574951171875,0.00024820174439810216
218,0.6418275375486342,-0.043237278842367693,-2.5093448404636427,65266.343670410155,1.6149039128372959e-06,80.67078399658203,0.00014261009346228093
219,0.7698914858929186,-0.2173325532839729,-12.61324338278044,56074.07790576172,1.7262973156205433e-06,288.47918701171875,0.000921562488656491
220,0.9768545612382948,-0.006100839454086932,-0.3540720049109301,59384.12026708984,1.6751518981836743e-06,66.10885620117188,0.00010088268027175218
221,0.33183934739255333,0.17566084901846432,10.194759174437637,58946.20657324219,1.6874925343557582e-06,159.73667907714844,0.0004085068067070097
222,0.045894147710221884,0.1000360372193566,5.805751901547631,53587.52719580078,1.7798332366373774e-06,61.233951568603516,0.00022748000628780574
223,0.5648422233453355,-0.022662568512294364,-1.3152585197441982,47719.091221191404,1.8982930635504565e-06,29.105409622192383,5.2112522098468617e-05
224,0.8418832062430042,0.009209772044284293,0.5345038952480373,41185.85974902344,2.067850767745752e-06,11.352715492248535,2.625728302518837e-05
225,0.9618594206242088,0.0021944355641126683,0.1273575883582248,39706.80246044922,2.0641761683306427e-06,7.281966209411621,1.3835388017469086e-05
226,0.6133541969110554,-0.009463348243108198,-0.5492205967431287,52626.39171386719,1.8169549679751456e-06,11.464378356933594,2.0365669115562923e-05
227,0.9667126414733707,-0.008398023494806874,-0.4873927659419761,47688.60784130859,1.9509994339582585e-06,34.43643569946289,5.2151564887026325e-05
228,0.9868372087671304,-0.001498748076342483,-0.08698224895780401,87028.16473974609,1.4354109838572204e-06,17.070755004882812,2.0181649233563803e-05
229,0.788864992773242,-0.04081732311135244,-2.3688988274314076,76000.19969921875,1.5257532190480303e-06,50.84217071533203,0.0001145441347034648
230,0.9712419930576234,-0.007031854745879947,-0.4081049709394098,58976.961069335935,1.7059264245635376e-06,31.358177185058594,4.601531327352859e-05
231,0.9899812816931121,0.002609889964450361,0.15146915096918528,31244.35283300781,2.343665616769369e-06,20.589906692504883,3.891156302415766e-05
232,0.7020936036766596,0.018698134111194562,1.0851762093836237,33766.61646679688,2.217596034588363e-06,11.689863204956055,3.4985951060662046e-05
233,0.6241559696906516,-0.09374333051963914,-5.440544573235979,37527.23320703125,2.121324433437481e-06,38.045997619628906,0.0001467159454477951
234,0.9777731177016736,-0.011885889154708904,-0.689816644877883,54990.85458203125,1.8225726862814976e-06,52.67448043823242,7.887528045102954e-05
235,0.990816404982807,0.0016653160879431211,0.09664929072563097,47677.5881328125,1.8522897009546937e-06,10.126920700073242,1.5929206711007282e-05
236,0.5816544667765983,-0.010308204309927365,-0.5982531739304258,46344.9378569336,1.9244365011241055e-06,8.096929550170898,1.9524637536960654e-05
237,0.5445890038219992,-0.024980215921545864,-1.4497669051960684,50430.06562548828,1.8529022138058004e-06,15.278754234313965,4.678401819546707e-05
238,0.3393702145646508,-0.01728583342480145,-1.0032110733836415,48963.89356787109,1.8680423125173981e-06,10.431500434875488,2.6659028662834316e-05
239,0.4566226287643588,-0.015370537686429205,-0.8920538126187266,52417.788247558594,1.8207636953897528e-06,9.06627082824707,2.9193168302299455e-05
240,0.9213644327758822,0.008381420532950096,0.48642918641553073,56440.046658691404,1.8356437173120464e-06,27.714004516601562,3.853606540360488e-05
241,0.8140040711000505,-0.053579698342830016,-3.109583747866042,74783.81483496094,1.5613935492181006e-06,30.127880096435547,0.00012188667460577562
242,0.42526149304052707,-0.053443396118851134,-3.101673229636344,62926.52947314453,1.6678905271976107e-06,46.09207534790039,0.00010302705777576193
243,0.9818221944169973,-0.0078105866682846884,-0.45329992732681,28588.834068359374,2.4282710618449574e-06,31.710365295410156,6.790498446207494e-05
244,-0.27495258840507875,0.036459660156151624,2.115994867101745,31040.036793945314,2.3581456916418644e-06,11.8620023727417,6.315099744824693e-05
245,0.7684784581982307,0.06298017825521647,3.6551556801800262,35537.52733984375,2.1776031378774706e-06,28.284765243530273,0.0001371504768030718
246,0.7366410126048419,0.018090251216619647,1.0498967504086762,28316.513631103517,2.4570066855860464e-06,16.043489456176758,3.8322054024320096e-05
247,0.9750059073700496,0.003395115499077071,0.1970409745591811,43232.23433251953,1.9683036905700285e-06,17.25963592529297,2.9471982998074964e-05
248,0.6473805341372977,-0.01104544208287022,-0.6410399507873514,42612.82812939453,1.975269855885672e-06,9.780420303344727,2.473023414495401e-05
249,0.2995093811184524,-0.034322911189805023,-1.9919852129878544,50915.62187890625,1.8527419191301288e-06,20.977792739868164,6.047706483514048e-05
250,0.8603562595281901,-0.031987325979184224,-1.8564357784570307,47729.60505126953,1.944606643834435e-06,65.84439849853516,0.00011407427518861368
251,0.7416822952916178,0.09339283339566604,5.420202910365711,46316.69876757813,1.9006486625413455e-06,65.56578826904297,0.00022453539713751525
252,0.9573162908180848,0.003780640617754484,0.21941554329532326,48478.57811035156,1.8751690441216085e-06,15.987844467163086,2.4662429495947435e-05
253,0.6325413872705897,0.007894782485222037,0.45818636663282225,43784.245690429685,1.9845092391603492e-06,7.372828483581543,2.006184331548866e-05
254,0.9743047849036296,0.0033614595686221444,0.1950876986431372,28237.13499194336,2.4777939181203926e-06,12.746647834777832,2.478828901075758e-05
255,0.9954561152859288,0.00021926383458315303,0.01272532839121147,29935.888476806642,2.3490493001447105e-06,2.0542919635772705,3.968073542637285e-06
256,0.5835159948126695,-0.006365802452241323,-0.3694495575722921,21550.75542260742,2.761287289119335e-06,1.8892534971237183,9.272971510654315e-06
257,0.42748259088585067,-0.018704087238017846,-1.0855217086490392,18112.371904418946,3.0286835069809577e-06,5.749881267547607,2.663324812601786e-05
258,0.9755858775382398,0.004664747862602422,0.27072612556771614,31904.872215820313,2.323320141165507e-06,11.295498847961426,2.3500357201555744e-05
259,0.8697500816540363,-0.011358977269188926,-0.6592364683101355,62554.892178710936,1.6717632178894571e-06,25.118803024291992,3.5768993257079273e-05
260,0.9482098447249517,-0.005411000566545785,-0.31403609840734303,31459.36591455078,2.3212415827282656e-06,23.65178108215332,4.9027967179426923e-05
261,0.5736274546165592,0.05316283273734489,3.0853902837004434,41299.59426269531,2.0746400527040356e-06,14.635972023010254,8.993688970804214e-05
262,0.9855050786691512,0.002707076100486899,0.15710950428367085,28465.86047607422,2.4058688964223623e-06,11.338994026184082,2.3290476747206412e-05
263,0.7869941400237948,-0.007944415882749602,-0.4610669204820722,22586.823111572266,2.7102183828626733e-06,7.14496374130249,1.9147992134094238e-05
264,0.842760256456395,-0.004928709144385473,-0.28604554201247673,22241.821710449218,2.732635746938973e-06,3.905750274658203,1.0402214684290811e-05
265,0.756714933614837,-0.005274797176399066,-0.30613131615764655,23748.619860351562,2.663080148727898e-06,2.5385994911193848,8.681083272676915e-06
266,0.7782614106319172,0.0050480464558112104,0.2929714743264119,22710.06542700195,2.7072664339615116e-06,2.1656956672668457,7.627231298101833e-06
267,0.7350662928245538,0.004356214003631497,0.2528198681008752,19657.44632714844,2.925281446938728e-06,2.296259641647339,8.071508091234136e-06
268,0.8197826783825117,0.0056286304227252245,0.32666659624060623,25866.784157958984,2.57666755481736e-06,4.61103630065918,1.1510033800732344e-05
269,0.5887110204650583,0.01059889165973158,0.6151236806077444,36858.34866992188,2.179004581522873e-06,4.599566459655762,1.3254594705358613e-05
270,0.9870261476545749,0.0011526863278696288,0.06689800022008605,40508.88834863281,2.0921291587451056e-06,5.492086887359619,9.320235221821349e-06
271,0.918896735218474,0.003121902371481111,0.18118461240051403,42387.62091455078,2.0702521624862297e-06,5.910163879394531,1.0139232472283766e-05
272,0.5460385415156691,-0.04696073945422519,-2.725441850386447,36082.40293847656,2.2580777557368627e-06,45.93417739868164,0.00010906018724199384
273,0.7211346793497747,-0.08097610269998842,-4.699578025062014,41645.86805371094,2.0631953764238885e-06,68.45048522949219,0.00018872476357501
274,0.998152088721255,0.0006601218426714852,0.03831123013139035,29098.160287597657,2.422608154795438e-06,19.811847686767578,4.187319427728653e-05
275,0.9020624437284218,0.018963001355268173,1.100548204803295,27023.068487060547,2.505973086951013e-06,23.263389587402344,5.2969866374041885e-05
276,0.676501310430144,0.01952420496933985,1.1331185568496034,25558.723536865233,2.5525811299576944e-06,6.830072402954102,2.6226458430755883e-05
277,0.925501583511976,0.003873529041732603,0.22480647199594936,28684.86245666504,2.407704474318392e-06,4.187947750091553,9.539421625959221e-06
278,0.2751755433705866,-0.0094863798065752,-0.5505572704770246,30257.616329345703,2.3761684782089355e-06,3.5375077724456787,9.2033506007283e-06
279,0.7759165148154599,0.011909786199333083,0.6912035481991727,43751.31743310547,2.0019331233160354e-06,11.956116676330566,2.6085333956871182e-05
280,0.7904654225955583,-0.020691020502957656,-1.2008365681918807,36383.764219238285,2.1571969391155784e-06,9.660955429077148,3.278967778896913e-05
281,0.6704612325451397,-0.017073746416247572,-0.9909022636043693,45426.666446777344,1.978003949432695e-06,6.326934337615967,2.2865584469400346e-05
282,0.5804222684854641,-0.026818244966540547,-1.5564398694567199,45108.95392529297,1.9556537619745665e-06,8.480889320373535,3.100992398685776e-05
283,0.6574286772715043,-0.066098836842178,-3.836152034342147,48277.90187548828,1.890301223247732e-06,28.38689422607422,0.00012221552606206387
284,0.32328835189899485,0.07621922900016273,4.4235052287393595,53069.29559716797,1.8337878854385614e-06,30.897254943847656,0.0001148553128587082
285,0.9530836805120232,-0.05387381106261902,-3.1266530513855346,52543.5752734375,1.8162190207611716e-06,52.071006774902344,0.0001915170723805204
286,0.3002173204301651,-0.019043406039612278,-1.1052146196473827,57821.51008154297,1.7089022476933277e-06,13.938583374023438,3.148834366584197e-05
287,0.8785587193159718,-0.04612289324052801,-2.676816101270552,39417.734495605466,2.104563815597922e-06,68.30426025390625,0.00013475448940880597
288,0.6775137024086595,0.07124900200131558,4.1350501314387165,33101.28218359375,2.2745758199408417e-06,17.356813430786133,0.00012770440662279725
289,0.41810240994538983,-0.021550252172897914,-1.250703456568186,23962.228385253908,2.6319338054512025e-06,5.273976802825928,2.9125540095265023e-05
290,0.3622792619696422,-0.008370920055587908,-0.48581977436656076,21945.517757080077,2.7646187529874642e-06,1.6194758415222168,1.0495165042812005e-05
291,0.4377173836932382,0.01187518796692034,0.6891955842773312,23660.89601171875,2.664457657985601e-06,3.6036219596862793,1.4304320757219102e-05
292,0.9488995850421298,0.0015009068380090924,0.08710753615429126,35388.773625976566,2.208772665012726e-06,3.6810426712036133,7.132921837182948e-06
293,0.8013570101732995,-0.008016286307435998,-0.46523803587594886,53093.004532958985,1.8596300606391627e-06,10.598189353942871,1.5546440408797935e-05
294,0.9788620739945033,-0.0024898253084522422,-0.14450100604615887,44371.488154785155,1.9844820985606916e-06,14.935920715332031,2.2419944798457436e-05
295,0.9414989423165109,-0.03075636438316558,-1.7849949474778273,56312.220348632814,1.771054783072623e-06,115.98629760742188,0.0001618991227587685
296,0.9598509106872279,0.007273108737494484,0.4221065333713633,48064.53705957031,1.929258029954685e-06,10.345149993896484,2.530848723836243e-05
297,0.9868051691884437,0.0014007315649154136,0.08129370347540998,35579.13043066406,2.179848084710622e-06,5.762290954589844,1.2112756849091966e-05
298,0.7486364871900585,-0.0068399837676213025,-0.39696943090962755,26631.532505859373,2.5318503968983584e-06,3.369701862335205,1.3087805200484581e-05
299,0.9361661723202084,0.0018194487248099232,0.10559462557149027,28083.760400390624,2.4534430515922006e-06,2.7246344089508057,6.260790542000905e-06
300,0.5377961416478332,-0.011059605334065793,-0.6418619377916994,28011.546904296876,2.4570767422068622e-06,5.350650310516357,1.379914738208754e-05
301,0.5573384098812577,0.009907105626554797,0.57497476838351,31670.262429199218,2.3521331337894573e-06,2.7903337478637695,1.4691739124828018e-05
302,0.8049762175016821,-0.013775096173742772,-0.7994598049635036,36750.57387597656,2.187579613906472e-06,14.205341339111328,2.8350706998026e-05
303,0.99826039180823,-0.0014157701006833198,-0.08216648902407743,62564.25338818359,1.7003430003866913e-06,30.798439025878906,3.904752156813629e-05
304,0.997046366552096,-0.007514259039486712,-0.43610207800974354,35135.03708886719,2.2328452861267655e-06,112.76944732666016,0.00020342494826763868
305,0.9004715276295943,0.008966888242266099,0.5204077441547053,38402.27979199219,2.0872034142984754e-06,17.829242706298828,3.2740696042310447e-05
306,0.5844262516688593,-0.006042994063528448,-0.3507148548721469,33694.38821191406,2.2449291972020765e-06,5.24828577041626,1.226837503054412e-05
307,0.9362727833245807,0.005343013994703805,0.31009038864391286,25934.89789111328,2.5210035361402625e-06,8.248332023620605,2.0842400772380643e-05
308,0.9218768319751275,-0.003733802331196916,-0.2166972081952378,24166.264134277342,2.6155608745331274e-06,4.223555564880371,1.0507956176297739e-05
309,0.6266880169912009,-0.009972255535438488,-0.578755847861476,30271.61257788086,2.3430352507499825e-06,4.82606315612793,1.2085071830369998e-05
310,0.9575950569891791,0.0008157913941599197,0.04734576228289153,31266.070708496092,2.3319561262256324e-06,1.4489964246749878,3.048427515750518e-06
311,0.986116812522669,-0.00258269662091639,-0.1498909416526207,44784.61041113281,1.9861664475757474e-06,13.038627624511719,2.0091625628992915e-05
312,0.991681063803612,-0.0015053884607158427,-0.08736763431766292,51060.653906738284,1.8992671539914918e-06,15.662765502929688,2.5207978978869505e-05
313,0.9847308595215681,0.0016948413479727523,0.09836283655696816,48138.34925195313,1.9598420256034667e-06,23.924219131469727,3.5419878258835524e-05
314,0.6731552024950376,0.043285698716171314,2.512154965516794,57686.757764648435,1.772527178209283e-06,21.366565704345703,7.396854198304936e-05
315,0.18665258689522474,0.0093346803884688,0.5417531513853852,35157.46016552734,2.22091880035845e-06,3.1785247325897217,1.6235098883043975e-05
316,0.5690574002564484,-0.00899036790144449,-0.5217704238420634,29505.11579760742,2.381944332427858e-06,5.541340351104736,1.381380843668012e-05
317,0.9882124970774996,-0.0008499004109173126,-0.049325333789356954,23414.18957763672,2.6912585235984707e-06,3.1685943603515625,6.499300980067346e-06
318,0.3686542169595217,-0.015624629541823332,-0.906800441070106,31168.6365390625,2.3366174152379535e-06,5.990895748138428,1.4969282347010449e-05
319,0.5283232922655484,-0.013249457039623526,-0.7689534945650925,28026.585717041016,2.4345198881347713e-06,4.613090515136719,1.5577808881062083e-05
320,0.9023373582065204,-0.0070424096475674176,-0.408717541591407,32275.124350097656,2.296550842741751e-06,7.469449520111084,1.863219222286716e-05
321,0.6335921391722475,-0.006463802080279402,-0.3751371232001211,36638.89443920898,2.1767791771904933e-06,3.3395111560821533,8.21929188532522e-06
322,0.9734453384256097,0.0026896069141240002,0.15609565202838313,61201.256920898435,1.711170821918737e-06,8.17061710357666,1.0629762982716784e-05
323,0.9757963618704963,0.0025853587498044796,0.15004544257332691,46246.87709667969,1.9773527232027014e-06,12.09110164642334,2.0702113033621572e-05
324,0.8585027444806294,-0.10662797219539816,-6.1883254229088545,36284.27403955078,2.1899654239644324e-06,154.42616271972656,0.00032899717916734517
325,0.799397472737341,-0.01067872249705765,-0.619756791319554,29305.627965820313,2.3683347548817227e-06,14.119034767150879,3.318655217299238e-05
326,0.9171539424539593,0.01400048505749683,0.8125406104093795,27905.760891357422,2.451692995096947e-06,17.770832061767578,5.1597802666947246e-05
327,0.7062050415389349,0.047253765029724226,2.7424480597430336,19830.787348876955,2.8855544053290745e-06,7.465056896209717,7.209519390016794e-05
328,0.9992965844268636,0.00039650958354253295,0.023012069776275432,20121.60759741211,2.9009182929611557e-06,6.885207653045654,1.714255085971672e-05
329,0.519229955991018,0.011741493130437014,0.6814363899638047,21155.80201159668,2.794513371032748e-06,2.6443424224853516,1.4478719094768167e-05
330,0.37121053764204137,0.025861279614829924,1.5009008500708734,20642.39492236328,2.850680264003659e-06,4.92919921875,3.426150942686945e-05
331,0.7624125574583567,0.01571319535389114,0.9119405000540229,19060.421956787108,2.9551940655162434e-06,2.6835641860961914,2.523782131902408e-05
332,0.693731590601357,0.007203695873835142,0.4180780464742023,18318.83521508789,3.000272519591699e-06,1.8346445560455322,1.0935088539554272e-05
333,0.07389878314436338,0.008259126958820832,0.4793316826530502,20119.05976098633,2.908812485918529e-06,1.1967397928237915,1.0913647201959975e-05
334,0.34271975144124744,-0.005112192555619446,-0.29669429613433596,23223.995588256836,2.699211771246493e-06,1.1133173704147339,5.991314992570551e-06
335,0.472332820679653,-0.004823439216041399,-0.2799360328431038,27079.724571777344,2.4796988072235135e-06,2.007772445678711,4.427722160471603e-06
336,0.8103541205282118,0.00335411019490882,0.19466116594954644,33132.244228271484,2.263582428786129e-06,2.5406603813171387,6.308736828941619e-06
337,0.9194725563847347,0.0018349155197118256,0.10649226582602839,56498.4244609375,1.7390766473942293e-06,5.731842041015625,9.591743946657516e-06
338,0.8924218167926572,-0.004388092919545404,-0.2546700121272784,71499.60461523438,1.5324001571280923e-06,10.583860397338867,1.514462292107055e-05
339,0.5523692496468893,0.051757951845220085,3.0038557673639317,48031.07072949219,1.8720968407003533e-06,36.06773376464844,0.0001163464694400318
340,0.82570655916099,0.021832211171870532,1.2670673994026491,44024.144971679685,1.9807336053751697e-06,23.073896408081055,5.080867776996456e-05
341,0.6016527131732908,0.020557584100830674,1.1930923725308147,52853.49611035156,1.8133535140827865e-06,8.23423957824707,4.1086084820562974e-05
342,0.12925579548594301,0.03497618335432112,2.029898911058989,30236.714892089843,2.3543509522656666e-06,8.014183044433594,4.521333539742045e-05
343,-0.04443387613253235,-0.0197782242933041,-1.1478609758230922,29381.85905395508,2.378378736022273e-06,5.576842308044434,1.909427192003932e-05
344,0.9695264971481609,-0.0033944634847343324,-0.19700313386081467,27037.391453369142,2.5100667160241827e-06,7.191799163818359,1.567972321936395e-05
345,0.6128086260612232,0.005326507127685282,0.30913238613556443,24570.099631103516,2.6388936008780283e-06,3.065263271331787,9.5439763754257e-06
346,0.1631040595707343,-0.025356326420204703,-1.4715950813561498,24035.430665527343,2.6352396893526737e-06,5.087939262390137,2.829874756571371e-05
347,0.21499771202808127,-0.019483866198445682,-1.130777431567807,24801.825778808594,2.5984078843706216e-06,4.0757832527160645,2.2622021788265556e-05
348,0.463650836653134,-0.002653656760134618,-0.15400922716903853,35409.802365478514,2.181343070823271e-06,1.3525786399841309,3.0030394100322155e-06
349,0.9705887237674613,-0.0037054143965768566,-0.21504966886858473,66685.07872851563,1.664583976608593e-06,18.178525924682617,2.506123018974904e-05
350,0.9351652719318732,0.007238439089610662,0.42009442473809033,59668.562725585936,1.6745697438779199e-06,8.21422004699707,2.7835976652568206e-05
351,0.7397935555705397,0.0437554079612812,2.5394152950817426,49263.43432275391,1.906572976176392e-06,29.740400314331055,7.836444274289533e-05
352,0.5145341814408037,-0.014796604434131187,-0.8587446755965946,42605.55888037109,1.9979032156207132e-06,7.984697341918945,2.4727716663619503e-05
353,0.9688246806642962,0.0013782181678631642,0.07998710236065588,34667.270714355465,2.2112192348736092e-06,4.547436237335205,8.684038220962975e-06
354,0.812649986124223,-0.022230490364175282,-1.2901821712623114,28984.243705810546,2.4395819014760116e-06,5.895607948303223,3.7109304685145617e-05
355,0.7896296514395833,0.00598082266101624,0.34710663778968043,29201.44573095703,2.4345366934794877e-06,4.254196643829346,1.1023618753824849e-05
356,0.9085990903418718,0.005803692968782158,0.33682663194285156,28235.56261303711,2.45603297891317e-06,7.260837554931641,1.7082662452594377e-05
357,0.9986816521577939,-0.0001829992394248987,-0.010620654434193202,26864.940866210938,2.487856425582732e-06,5.378594398498535,1.159508519776864e-05
358,0.7009015441611341,0.005231611201614957,0.30362494883050783,31347.90484741211,2.332328631023371e-06,3.558931350708008,1.0029031727754045e-05
359,0.9904390510070334,-0.0015219606302373262,-0.08832942676153141,47518.156720703126,1.904802281584901e-06,8.96177864074707,1.4506137631542515e-05
360,0.992545251940479,0.0007568208969901895,0.04392331487698685,52136.36912890625,1.8373198603223382e-06,6.200528144836426,9.570889233145863e-06
361,0.9416983293998851,-0.007918665855004553,-0.4595724763127385,48548.49100927734,1.9125535251011535e-06,15.60793399810791,2.6442652597324923e-05
362,0.41566360640558964,0.05330572909064226,3.0936835028036875,60458.40840869141,1.7279145969031004e-06,20.70772933959961,8.507160964654759e-05
363,0.7589661882866189,0.022957083923613033,1.3323511941126267,45663.1541875,1.9462750718359434e-06,36.40613555908203,3.335048313601874e-05
364,0.6033596939111876,0.011221841732945773,0.6512775874663492,41028.0885078125,2.0442831755620683e-06,7.316356658935547,2.9410413844743744e-05
365,0.6856765106080686,0.006694989181849142,0.3885544375186464,26586.68149536133,2.5169951990334682e-06,4.530516624450684,1.115595023293281e-05
366,0.8334177114176438,-0.0059054914614843764,-0.34273467077574366,23510.3707590332,2.6789808601531267e-06,6.392457485198975,1.3609706002171151e-05
367,0.09043146108464717,-0.015952272256740587,-0.9258157116469277,27467.67997290039,2.4838413898950986e-06,4.662166118621826,1.6475962183903903e-05
368,0.9632297290312293,-0.0024947971005785164,-0.14478955197814058,22619.653044189454,2.768062719402226e-06,5.012698650360107,1.1724832802428864e-05
369,0.9313834711181178,0.004938146951230808,0.2865932802732256,28972.600985839843,2.3792977478302856e-06,6.536497592926025,1.439499101252295e-05
370,-0.06697966839817851,0.027697171482843844,1.607449779836908,31007.979800292967,2.3836420181226187e-06,4.989746570587158,3.3138221624540165e-05
371,0.9721321596330209,-0.007484757286064008,-0.4343898964220495,52060.783690429686,1.8396022808645366e-06,31.711654663085938,4.1914478060789406e-05
372,0.5552272161186933,-0.025330997918699708,-1.4701251011383856,36153.25989990235,2.2126204137958692e-06,16.623544692993164,5.296532981446944e-05
373,0.9678975293707046,0.006560937519504034,0.3807745342437979,41138.98661230469,2.0640082922470635e-06,20.92659568786621,3.563336576917209e-05
374,0.656476080779562,0.08762686260428407,5.085565545503596,39610.81518261719,2.068449501803406e-06,52.49663543701172,0.00019541250367183238
375,0.9671185437256495,0.0027217859645915486,0.1579632148450939,39372.402687011716,2.0953051349069985e-06,14.223852157592773,2.476749796187505e-05
376,0.9128845446472541,0.0013010071590185616,0.07550603759759444,26742.858052734377,2.509018697000225e-06,1.8376634120941162,3.9727533476252574e-06
377,0.7330426707648219,-0.010573014799752667,-0.6136218755262494,23250.31632788086,2.6790745737133007e-06,7.0925164222717285,1.734142097120639e-05
378,0.48850428210418295,-0.02111820195513487,-1.2256287290693195,24245.113082519532,2.653130964811201e-06,8.402156829833984,2.5937995815183967e-05
379,0.523851700224751,-0.01152257964554229,-0.6687313946788049,29956.435650878906,2.38793446560042e-06,3.554224729537964,1.6486592357978225e-05
380,0.7426658040938418,-0.007310943564952417,-0.42430233827891833,34830.12865966797,2.242220849737422e-06,4.636427879333496,1.2185308150947094e-05
381,0.9175676997572318,-0.00865998321662498,-0.5025960186431945,55298.82869335938,1.7892765747545049e-06,17.776992797851562,2.3373337171506137e-05
382,0.44842435219887516,-0.023404298571498602,-1.3583060136409957,33895.92897216797,2.263763272842424e-06,12.34520435333252,5.31201803823933e-05
383,0.3068757773302197,0.06520449535717375,3.7842474915241344,41217.64757373047,2.0692064134079945e-06,17.861122131347656,8.990491187432781e-05
384,0.1357516132269115,0.028409507390652563,1.6487913370022782,31028.919190429686,2.313962694462881e-06,7.915873050689697,4.312197052058764e-05
385,0.8004754571593654,-0.00753629143446457,-0.43738076339746884,28341.081017578126,2.4363634037075313e-06,8.204889297485352,1.9538001652108505e-05
386,0.9903012769292048,-0.0011286850728878734,-0.06550504888351619,24109.8758894043,2.6846875293478657e-06,6.829183101654053,1.439897641830612e-05
387,0.2783343383674036,-0.01743068849114957,-1.011617969541026,26207.842012939454,2.575508166373271e-06,4.969398021697998,1.8798729797708802e-05
388,0.8215853353944902,-0.011933799942152903,-0.6925972242874581,25865.15557397461,2.540191559615713e-06,4.620083332061768,1.93124888028251e-05
389,0.9437120113088242,0.0014976378450056599,0.08691781490109719,25499.659611083986,2.568211625933574e-06,2.3721203804016113,5.458740815811325e-06
390,0.7173051745323243,0.005644336039743176,0.3275780969197766,26880.077280517577,2.5131277850284857e-06,2.5887291431427,9.03148884390248e-06
391,0.991216153547686,0.0018246590507796853,0.10589701519774364,49256.136526855465,1.915268269620315e-06,7.996144771575928,1.2170600712124724e-05
392,0.670125744560535,-0.024290249994821354,-1.409723625769674,46932.2351015625,1.9534294716614612e-06,12.436758041381836,3.833596929325722e-05
393,0.7059783219866397,0.03181883019131569,1.846656855100886,34090.379498046874,2.3019593219470238e-06,18.455522537231445,7.669614569749683e-05
394,0.9902030337934637,-0.011212117711396455,-0.6507132382760984,43218.8286147461,1.998938150511609e-06,51.47127914428711,8.164728933479637e-05
395,0.9900578090205266,-0.0011090946214346764,-0.06436808560570086,30104.469114746094,2.3505221144912064e-06,5.8676042556762695,1.163355409516953e-05
396,0.7251824432088897,-0.007026406385673701,-0.4077887666143787,22698.850276611327,2.7197717113766177e-06,5.102492809295654,1.4055055544304196e-05
397,0.9797852765961704,-0.003283731365590052,-0.19057661768570267,23158.035677490236,2.6798374130467133e-06,7.384275436401367,1.74460765265394e-05
398,0.848560982121625,-0.006169250740990892,-0.358042363694326,25961.860998291017,2.5546608697640243e-06,4.707159042358398,1.3340001714823302e-05
399,0.7988450171084336,0.006397490433590951,0.371288620404953,23734.920814208985,2.6564518366529697e-06,4.244414329528809,1.1626395462371875e-05
400,0.910936620796892,-0.0037775059360770046,-0.21923361701539806,21402.041587646483,2.775482502422001e-06,3.9523775577545166,1.0522026059334166e-05
401,0.9369366444121211,-0.001645521393754092,-0.09550047389298788,27891.238098632813,2.479234797542482e-06,2.6033942699432373,5.141944711795077e-06
402,0.984159033017035,-0.0029382414010168715,-0.1705255533438792,48700.45981494141,1.890040031402177e-06,7.4184346199035645,1.2265153600310441e-05
403,0.9643173121994507,-0.00765230667536928,-0.4441138940193274,61308.64103271484,1.6996550459291798e-06,19.513954162597656,2.8270487746340223e-05
404,0.7870614054313743,0.016967634186873155,0.98474387014345,61732.42842822266,1.7223561039850349e-06,22.943334579467773,3.548197855707258e-05
405,0.7034799111308064,0.05649291820360377,3.2786571359814296,48883.49566308594,1.966060194006531e-06,32.15178298950195,0.0001565013953950256
406,0.9176227448503733,0.002635725511673309,0.15296855839861243,43774.25241308594,1.9786557141074765e-06,4.818262577056885,8.891428478818852e-06
407,0.9714227286833257,0.001348128825603598,0.07824081911218278,28114.841856933595,2.4507192375550733e-06,5.293715476989746,1.1779532542277593e-05
408,0.7679095360234804,0.004115785989471712,0.23886624259557193,29146.02033203125,2.4473776692918717e-06,3.5058529376983643,9.286497515859082e-06
409,0.43889068638309886,-0.013143856883674997,-0.7628248201069319,24822.030363769532,2.617605848023431e-06,3.564598321914673,1.7311194824287668e-05
410,0.7726970899983853,-0.005074251928566551,-0.29449235097755966,24344.3289453125,2.6032306716163544e-06,2.669267416000366,8.44129863253329e-06
411,0.9559278373300965,-0.0037471708672464844,-0.21747307263117602,41939.11817578125,2.0354814074312514e-06,6.875784873962402,1.4251359971240163e-05
412,0.7313010919559159,-0.014164889357256363,-0.8220820776894011,45861.203690917966,1.9708215068923794e-06,7.09969425201416,2.095164018101059e-05
413,0.8710997615069211,0.004556905705714777,0.2644673329883526,51325.57091357422,1.8383237304521235e-06,7.195289611816406,1.0966646186716389e-05
414,0.5215683852958595,0.05750631477431395,3.3374712316909707,31008.15301269531,2.377308843442251e-06,24.61271858215332,0.00015743392577860504
415,0.9505421217333386,0.03856472278587998,2.238165553837599,35602.28355419922,2.1720371922058044e-06,19.310365676879883,0.00010477604519110173
416,0.37056699786277125,-0.010189526922195763,-0.591365541346754,26456.630424804687,2.5178049869987903e-06,3.038602352142334,1.963674003491178e-05
417,0.8463546246507677,-0.0030819291485109077,-0.17886470227891096,21884.659567871095,2.739622762407454e-06,3.166550636291504,7.91758247942198e-06
418,0.625184752770092,-0.023410539400848175,-1.358668210184068,23249.238853271483,2.686751232972095e-06,6.377140045166016,3.275637936894782e-05
419,0.7280275094601677,0.02579918586465992,1.4972971396666592,21916.614825439454,2.7394988049107837e-06,8.778626441955566,3.575104710762389e-05
420,0.7834502410992384,-0.0013854566859656124,-0.08040720137103075,23676.108229003905,2.673205450069233e-06,0.9217900633811951,2.951004944407032e-06
421,-0.2175144995591991,-0.007411827537617432,-0.43015730147434433,21219.891271728517,2.8239386549579964e-06,1.528892993927002,7.209805062302621e-06
422,0.7076625475041779,-0.004008427106991244,-0.23263549762171565,30834.965224853517,2.345540049549991e-06,2.0362870693206787,5.18910064783995e-06
423,0.9929073629209065,-0.001335970923487126,-0.0775352157586957,51106.64163183594,1.8760897334748014e-06,5.7888288497924805,8.734948096389417e-06
424,0.6578598984881445,-0.025581693877165086,-1.484674643263681,45280.78625317383,1.9981098848081997e-06,13.393235206604004,3.5256998671684414e-05
425,0.9119538547829225,0.0200689544792155,1.1647339685626108,34955.09648876953,2.230037471201969e-06,33.20001983642578,7.346327765844762e-05
426,0.9924708640105159,-0.008323414136134279,-0.48306269212031094,44327.808103027346,2.022741300525938e-06,60.70760726928711,0.0001025289311655797
427,0.5621374230366795,0.02979977121639481,1.7294775284420376,30495.66769921875,2.3477375935205563e-06,7.502889633178711,5.8800142141990364e-05
428,0.9812786329567907,-0.003518629365191723,-0.20420929992467138,23935.055166259765,2.675542075068244e-06,12.163532257080078,2.6247462301398627e-05
429,0.4822247093629441,-0.026921871628259497,-1.5624540090113146,20695.794482177735,2.849568150664234e-06,9.489214897155762,3.533274502842687e-05
430,0.9295414029335688,-0.0044103521209913985,-0.2559618605922336,24061.262429199218,2.624494346284185e-06,5.2680439949035645,1.2144460015406366e-05
431,0.40352481742848634,0.01019304354350692,0.5915696341060412,23564.76509106445,2.6896203415058308e-06,3.379452705383301,1.334635635430459e-05
432,0.9986197287088009,0.00020579645522642308,0.011943727425374043,22520.21977685547,2.71940188599418e-06,1.4988118410110474,3.4353613500570646e-06
433,0.6813485226683464,-0.004394213981384739,-0.2550252577707588,20725.81155419922,2.81959395179345e-06,1.1073204278945923,6.926521564309951e-06
434,0.9966727861337712,-0.00011125922050282799,-0.0064571073480509,25420.769025878908,2.6199352403934286e-06,1.490036964416504,2.7151122594659682e-06
435,0.9733497759629502,-0.004014298704275021,-0.23297626518951375,36696.96427880859,2.1951510430733125e-06,8.80652904510498,1.5625964806531556e-05
436,0.6400675178386275,-0.10829587259307413,-6.285124698195676,45656.10376611328,1.988414199746362e-06,50.05116271972656,0.00013842160115018487
437,0.9024779753983758,-0.030656004508901064,-1.779170401173852,58632.4663671875,1.748165635825996e-06,36.828529357910156,6.619223131565377e-05
438,0.36487321687226193,0.0753526040989411,4.373209262325145,77904.76449853515,1.5013131697318764e-06,48.0385627746582,9.119135211221874e-05
439,0.3627336910705774,-0.06581090935481163,-3.819441700708882,50785.86014941406,1.9008320126491732e-06,28.987720489501953,0.00014812219887971878
440,0.3929764995607206,0.009250170197394655,0.5368484668720132,68258.09816992187,1.590306165622996e-06,10.231663703918457,2.1260873836581595e-05
441,0.22646455185709705,-0.04410045678989322,-2.5594407573903744,57716.43557519531,1.7239954363552673e-06,19.93832015991211,8.885290299076587e-05
442,0.8961280821099328,0.010504273523106506,0.6096323652587832,52094.48466308594,1.8008966059115958e-06,27.248165130615234,4.284360693418421e-05
443,0.15549953457665586,-0.014909155759726149,-0.8652767723365105,33998.511220214845,2.2154481812446737e-06,6.631875991821289,2.12178365472937e-05
444,0.7153197765207279,0.023650837173106766,1.3726142768916967,27191.648935058594,2.463029499424046e-06,11.45894718170166,4.182794509688392e-05
445,0.4393005462156048,-0.02905228249938088,-1.6860958216010027,32054.363786865233,2.288251564213138e-06,6.681055545806885,4.1332685214001685e-05
446,0.9992047238105234,-9.293535645024065e-05,-0.005393652501936459,44723.14686474609,1.9585358123642655e-06,9.328393936157227,1.5116974282136653e-05
447,0.27200846074200724,-0.007694945069052153,-0.446588481598806,53952.4370859375,1.7848747166837515e-06,6.067043304443359,9.963845513993874e-06
448,0.9971848708022041,0.001789764855206211,0.10387187457907393,42172.38674584961,2.0497251899365836e-06,40.44245529174805,6.654836033703759e-05
449,0.5948134398331383,0.06582644085179164,3.82034309605232,39775.89043603516,2.147228236906209e-06,18.635852813720703,0.0001368725934298709
450,0.6346519878897832,0.028511375811210195,1.6547034342104394,45440.10029296875,1.9389598298468973e-06,7.957489490509033,6.47541310172528e-05
451,0.9494140889471638,-0.005892044147345988,-0.341954234327042,47037.09937060547,1.9315485461788372e-06,23.527626037597656,3.66227759514004e-05
452,0.9191047258380457,0.006642109359202362,0.3854854721795671,28637.980869140625,2.432997268968222e-06,12.36129379272461,2.8848042347817682e-05
453,0.968846556395479,-0.0022733275441024605,-0.13193621097837363,26595.914700195313,2.516283508978032e-06,4.395008087158203,9.850426977209281e-06
454,0.7790842819955811,-0.010376575126446663,-0.6022211839501238,24619.938095458983,2.609829674153346e-06,3.130359411239624,1.5650244677090086e-05
455,0.09417086112715495,-0.023852912879106767,-1.3843420646667515,23354.805192382813,2.6691403890978516e-06,3.0820870399475098,2.3345623048953712e-05
456,0.9966329293472623,-0.00035445963812007084,-0.02057163373560033,21670.052278564453,2.8014168675632365e-06,2.2197744846343994,5.133457307238132e-06
457,0.9894822774899674,0.0008036404679390179,0.04664056378669485,32772.81094726562,2.3146731370978542e-06,3.6850714683532715,7.601056040584808e-06
458,0.9659322367469817,-0.004736720185177328,-0.27490315476902083,50115.73105615234,1.9269327107422634e-06,13.653770446777344,1.9958211851189844e-05
459,0.8151334471186031,0.011014513832744878,0.6392449801750811,53746.461580078125,1.7600532894885493e-06,16.74139404296875,3.3385374990757555e-05
460,0.86034787901983,-0.11695061671160906,-6.787416657376459,37213.98908251953,2.1556456294517743e-06,169.39305114746094,0.0003361236595083028
461,0.1257067213813795,-0.05745670026246612,-3.3345917739024413,30624.3718203125,2.348208870921884e-06,18.588247299194336,8.933401113608852e-05
462,0.9501551594844617,-0.004215325160465543,-0.2446431580686299,27345.514976318358,2.471093143181276e-06,10.5944242477417,2.0313000277383253e-05
463,0.9277645608664148,-0.0046578435122490965,-0.27032542051874586,25877.239592285157,2.5479880780699977e-06,7.767392635345459,1.517345845059026e-05
464,0.7313590056866597,0.012371381759704246,0.7179929870540364,22964.12030908203,2.723717956547101e-06,7.89463996887207,2.3785238226992078e-05
465,0.887856438402208,0.0036057222259972405,0.20926387381911807,22124.635146240234,2.729760503048167e-06,3.498514175415039,8.512808562954888e-06
466,0.708255582563917,0.04107471506445709,2.3838369823475563,20319.293828857422,2.832246296405046e-06,23.31327247619629,7.192196062533185e-05
467,0.5774395923207906,0.02634453225870158,1.528947192509785,22782.28832080078,2.7178518438374926e-06,3.9211983680725098,3.9616061258129776e-05
468,0.4651782196961649,0.018717952166401552,1.0863263820104205,24710.24000439453,2.61005067452561e-06,5.674509525299072,2.7798236260423437e-05
469,0.46186529220533645,0.010954121627228334,0.6357400216445117,35557.18281030274,2.2166185650051677e-06,3.74438738822937,1.292211345571559e-05
470,0.997744100373872,-0.00020597453663569976,-0.011954062665646218,37182.0374663086,2.1823630609120113e-06,9.091245651245117,1.555904782435391e-05
471,0.6289750343064158,0.017957670730067463,1.0422022291810844,45939.01571533203,1.9638861304190258e-06,10.316876411437988,2.1783045667689294e-05
472,0.6694550797356505,0.01801732396823747,1.0456643005562192,50932.77373535156,1.8647471906782925e-06,13.733416557312012,2.3333832359639928e-05
473,0.8854726377673439,-0.04844055971398874,-2.8113255931443875,55720.57048144531,1.78849828155227e-06,68.16004180908203,0.00013507818221114576
474,0.012316256610862428,0.057227651575836674,3.3212985659255003,51323.15841210938,1.8456747534374971e-06,25.282730102539062,0.00013457541354000568
475,0.9718632207706577,0.0016872935967623551,0.09792479070709025,41083.3422578125,2.028581598100213e-06,5.973731517791748,1.0748900422186125e-05
476,0.3745660726177773,-0.0867040793835063,-5.032010340922679,29537.868428955077,2.4098318200108945e-06,29.072784423828125,0.00015070813242346048
477,0.7366130814035355,0.06288572901412048,3.6496741669540445,20077.783315429686,2.849483898071911e-06,16.740699768066406,0.00010036319872597232
478,0.7606457668565347,-0.006141050624097982,-0.3564057246707722,23318.040752929686,2.7181440965046785e-06,3.6137120723724365,1.124388199968962e-05
479,0.9549258514327716,-0.002993674285538227,-0.173742689724566,23881.84535888672,2.622707766083729e-06,3.331609010696411,8.639804036647547e-06
480,0.838800810259666,0.005296305532083692,0.307379588084306,29828.111706542968,2.3959569588320264e-06,5.036625862121582,1.1355501555954106e-05
481,0.9666430201079769,-0.003339223201371005,-0.193797175397312,47809.00236816406,1.923184260763141e-06,7.234054088592529,1.1315089068375528e-05
482,0.6083429074500987,-0.02176886082961906,-1.2633907606611154,49843.11517480469,1.9219424575243256e-06,17.123802185058594,3.1789837521500885e-05
483,0.8358417279764063,0.02950177556075725,1.7121828725114252,49082.10863085937,1.8778982357582248e-06,14.221899032592773,5.95606688875705e-05
484,0.9664939227744014,0.02143419257768572,1.2439677517729384,52669.63579492187,1.8532390540690443e-06,57.043113708496094,8.759161573834717e-05
485,0.7989364621853278,-0.004481952080596047,-0.2601172791112009,33357.387338867185,2.2494174102836475e-06,7.083657264709473,1.2085851267329417e-05
486,0.6847720767353722,-0.009562830540201572,-0.5549942114481343,26639.587676757812,2.5137639269116973e-06,2.609745979309082,1.4430247574637178e-05
487,0.39314623308527874,-0.019908030304412294,-1.155394475917375,23565.65077709961,2.645122595493893e-06,3.1680078506469727,2.1019341147621162e-05
488,0.3803953128388716,-0.017583680093713375,-1.0204970826306212,27884.50736254883,2.473887508676529e-06,1.9894263744354248,1.9526110918377526e-05
489,0.6073065345191712,-0.00615210020664383,-0.3570470049199707,25503.31899267578,2.5687407326058065e-06,2.6063859462738037,7.62351555749774e-06
490,0.42196777381027195,-0.007425237464122203,-0.43093556807175026,25138.6834296875,2.581951324962623e-06,1.8814946413040161,8.729772162041627e-06
491,0.5686058486471026,0.0038081986222846973,0.22101491629780748,37227.4517944336,2.159667866168195e-06,1.2153054475784302,3.798446186920046e-06
492,0.6923809404537716,-0.021315578798931797,-1.2370838108383295,49078.32180957031,1.9402319551415266e-06,13.702502250671387,2.7768317522713915e-05
493,0.9866355704866067,0.002587226691898146,0.15015385158935485,37497.380673339845,2.184890068036297e-06,10.745918273925781,2.0273640984669328e-05
494,0.31347484225864064,0.06701659857190886,3.889415808634493,39291.654661132816,2.084534399281097e-06,8.500381469726562,7.760582229821011e-05
495,0.02725098886805105,0.027874729553473285,1.6177546473111317,36914.99922119141,2.150467663522563e-06,7.816525936126709,3.597781324060634e-05
496,0.9803931683929848,0.0012187584767215812,0.07073260337410159,27386.426369140627,2.4765818628071023e-06,3.670518159866333,8.474389687762596e-06
497,0.8383871032582779,-0.008404702441851902,-0.48778038934834905,27021.87908618164,2.5094950936971633e-06,8.169867515563965,1.8146894944948144e-05
498,0.8697840094036126,-0.003734691588732049,-0.21674881768286913,26619.1605559082,2.5512864439768366e-06,4.268521785736084,9.03783984540496e-06
499,0.6290535417381155,-0.0028595343391043916,-0.16595766274099963,23743.68715625,2.6547314552720293e-06,1.271648645401001,4.855998668062966e-06
500,0.5866414063297603,0.006636377587022693,0.3851528195859985,24580.334003417967,2.581473732018221e-06,1.9951335191726685,9.556512850394938e-06
501,-0.17545639371338573,-0.013923250384980951,-0.8080581722871935,31171.00576147461,2.35962596581434e-06,3.1553092002868652,1.2679216524702497e-05
502,0.9316415725890889,-0.006073343350780507,-0.35247622444527277,60931.91044433594,1.732256992925902e-06,13.192534446716309,1.7479254893260077e-05
503,0.8835454786555329,0.012579192983681865,0.7300536448160528,48251.606044433596,1.946605122013796e-06,23.547258377075195,3.850740540656261e-05
504,0.9951196020175361,-0.0009974279643171888,-0.05788733202009325,44162.58546972656,1.970844924469825e-06,16.500673294067383,2.7218376999371685e-05
505,0.21506160086339746,0.05519944593447143,3.2035883978061315,40426.02739257812,2.069687429992622e-06,13.2122802734375,7.178554369602352e-05
506,0.48304841521053604,0.00840109248018792,0.4875708794319454,35522.572096191405,2.1626266399458152e-06,4.413342475891113,1.4381977962329984e-05
507,0.9356085037555001,-0.002432658109045442,-0.14118321591884303,25447.12129296875,2.5673185269783307e-06,2.9764976501464844,8.562135008105543e-06
508,0.17902595221663975,-0.009602677438513108,-0.557306790115517,23951.70540209961,2.62945066519145e-06,2.523023843765259,9.452808626519982e-06
509,0.7238698296030307,-0.005559760221021183,-0.32266960360057956,25184.48951098633,2.5803542467825023e-06,2.6864540576934814,9.974136446544435e-06
510,0.4640543807478009,-0.008516819884809927,-0.49428730501337964,25007.371400268556,2.6188692546885587e-06,3.348562479019165,1.1102033568022307e-05
511,0.9050176558467635,-0.00280177969909347,-0.1626057795558296,25570.218491210937,2.5806427970709738e-06,3.003142833709717,5.6307626437046565e-06
512,0.7505211197943374,-0.004486760418556711,-0.2603963387184622,49839.68325878906,1.8853106367753888e-06,3.456925630569458,6.345357178361155e-06
513,0.7577042052392634,0.00965063128750171,0.560089868670914,50973.664046386715,1.925042225437545e-06,11.964546203613281,2.429060623398982e-05
514,0.8279241669522299,0.03344418990299856,1.940987213430752,36774.43152685547,2.197283866209e-06,37.489280700683594,0.00010316859697923064
515,0.1948692506470123,0.05729600130425544,3.325265352063454,40258.44461816406,2.079101773529403e-06,15.50665283203125,7.827986701158807e-05
516,0.16663038900550095,-0.010383745440654507,-0.60263732463806,27436.93662158203,2.4933556301348835e-06,4.580303192138672,1.599688403075561e-05
517,0.9980129056606803,-0.002516615260839042,-0.14605580391036233,25097.20747265625,2.58826270327724e-06,13.80669116973877,2.7882586437044665e-05
518,0.35508674104505905,0.019978021408794847,1.159456521942543,23469.292628662108,2.6735841695495255e-06,6.119805335998535,2.266640331072267e-05
519,0.4708165300252705,-0.0040909748969815175,-0.23742629104002833,23892.546712646483,2.665622134145785e-06,1.6603672504425049,4.593545781972352e-06
520,-0.0528177033363718,-0.013785266756287343,-0.8000500710375034,23584.101299560545,2.665770691026575e-06,1.455806851387024,1.4335152627609205e-05
521,0.42759175106248076,-0.004483576489034168,-0.2602115542608436,20647.875321777345,2.826987931499784e-06,1.1396763324737549,5.111416612635367e-06
522,-0.25243107100188683,-0.02285271879600987,-1.3262941965057673,25119.730509765624,2.6072607697466162e-06,3.5337202548980713,2.168518039979972e-05
523,0.10142638437528961,-0.018883514142174342,-1.0959350368750582,49552.14399414063,1.8809828686714167e-06,4.246866703033447,1.7596114048501477e-05
524,0.9102103298117608,-0.008377845374833374,-0.4862216963788255,74552.68304980469,1.5464368988739842e-06,25.193008422851562,3.2516385545022786e-05
525,-0.03255687590753269,0.05557919288074516,3.225627621037267,51802.93504394531,1.7892533249965133e-06,33.2153434753418,9.882167069008574e-05
526,0.6576049586647282,0.05321727996014118,3.088550215621681,31745.846284179686,2.3714761388243373e-06,18.84666633605957,0.00010163626575376838
527,0.7115413201100692,-0.004169838193006637,-0.24200324894027148,44191.27970800781,1.9897017915129695e-06,7.6553192138671875,1.683656228124164e-05
528,0.9722946723757816,-0.0014832556999962718,-0.08608312404310675,28925.779821289063,2.4073814676279617e-06,3.986393928527832,7.877803000155836e-06
529,0.562732137370558,0.003608959279891285,0.2094517414348609,24089.948833251954,2.6694621614401055e-06,2.1120805740356445,6.201936685101828e-06
530,0.754524733757349,-0.018061348467847103,-1.0482193330167997,26050.15647265625,2.536418706969119e-06,7.493766784667969,2.8066384402336553e-05
531,0.9594084509177279,0.0019655037988344655,0.11407116609947301,21959.14514868164,2.796697489549498e-06,3.2090437412261963,8.716114280105103e-06
532,0.5118863283814407,-0.004412096923301153,-0.2560631229933567,30248.93550830078,2.341565509056656e-06,2.1580166816711426,5.526193945115665e-06
533,0.6099213003696047,-0.007559567517166241,-0.43873162819741585,38087.49637207031,2.138169371154258e-06,4.24480676651001,1.115627856052015e-05
534,0.5123437315724341,-0.023082098377032807,-1.3396066084696674,52301.736329101564,1.8319674390788161e-06,15.964709281921387,3.074156484217383e-05
535,0.8586844585862741,-0.00945555368433198,-0.5487682270202303,37981.63204345703,2.121504643187941e-06,17.22713851928711,3.983161150244996e-05
536,0.07493106235004891,0.10050008101473071,5.8326834276484405,38556.50988720703,2.112827977439996e-06,24.424203872680664,0.00012199844786664471
537,0.5677548916293128,0.018818667565167705,1.0921715617491934,33211.391694335936,2.2651723981776833e-06,12.741559982299805,3.520637983456254e-05
538,0.7661231214390749,-0.004028499073645379,-0.23380040640668195,27218.77231689453,2.484506063682901e-06,3.0449984073638916,8.513900866091717e-06
539,0.9942152431981226,0.001027496510764232,0.05963240835022516,20933.320482177733,2.800902870140741e-06,4.752486228942871,1.1285425898677204e-05
540,0.46731503776009087,-0.014356968913441811,-0.8332297228737738,23472.922649169923,2.667914629450293e-06,5.8653883934021,1.8093704056809656e-05
541,0.9906758465539812,-0.0006455495288756042,-0.03746550252279997,23133.54261791992,2.6781482782411565e-06,3.5417728424072266,8.946643902163487e-06
542,0.8832696222228027,-0.0018341819387950587,-0.1064496912806861,20505.313024414063,2.8603598190673347e-06,2.021124839782715,4.694134076999035e-06
543,0.9972464822344144,-0.0005997764425033076,-0.03480898802430039,22984.125294921876,2.6942329750367962e-06,4.0623602867126465,9.91615615930641e-06
544,0.4488711070793591,-0.00913367872302997,-0.5300876972773138,35368.518825195315,2.1914525548400082e-06,3.153327465057373,9.232388038071804e-06
545,0.8643555095695533,-0.002591820779584894,-0.15042047683826115,64027.985380859376,1.6580481012488154e-06,2.8032448291778564,3.822753569693305e-06
546,0.9950117670518542,-0.002568745264379223,-0.14908125229470243,42271.749357421875,2.0751674064865588e-06,28.349651336669922,4.770866871695034e-05
547,0.9962959099477633,-0.00028694606352638494,-0.016653375126274624,23988.78520751953,2.7211879531538175e-06,88.28365325927734,0.00018626787641551346
548,0.750356757368389,0.05256211278173583,3.0505265373794317,36109.53494042969,2.155756294957039e-06,16.103179931640625,9.731960017234087e-05
549,0.009220506472286139,-0.016227893984052864,-0.9418118607540962,27421.87139501953,2.4772951683175648e-06,6.394859313964844,1.999757114390377e-05
550,0.9934447130658247,0.0010231742416319692,0.059381558527189786,20012.197090576174,2.8738208649570653e-06,4.602338790893555,1.141856046160683e-05
551,0.32836822397085924,-0.010916406596711956,-0.6335511693446424,19314.185358154296,2.9116832156053683e-06,2.7751822471618652,1.3779841538053006e-05
552,0.9521935829927399,0.0018766817674479234,0.10891623701635697,20511.601006591798,2.853380166744623e-06,2.969665765762329,7.4766257966984995e-06
553,0.5010834354096327,0.010047462188082073,0.5831205865969487,17994.191412841796,3.021439981920846e-06,1.9764000177383423,1.4739297512278426e-05
554,0.7300984951583366,0.003826228970440729,0.2220613364779962,18161.858221923827,3.0219708717786993e-06,2.455887794494629,7.146520147216506e-06
555,0.4188340004670893,-0.004613120954670176,-0.2677298751440672,18045.224154541014,3.0588471573595914e-06,1.3715064525604248,6.82698055243236e-06
556,0.9941194706561112,-0.000249637445854082,-0.014488109647793904,19277.74405102539,2.9260745622286672e-06,1.431508183479309,3.5008256418223027e-06
557,0.2393002303450935,-0.02360063590371104,-1.3697007656875766,20734.870978759765,2.81178548835233e-06,5.5125346183776855,2.6066591090057045e-05
558,0.2882006709045852,-0.005720341526400521,-0.33198919726875703,34410.86166699219,2.222311069648426e-06,1.074500322341919,6.1359255596471485e-06
559,0.9585539355564051,0.001559504879929913,0.09050836752231893,54133.40558935547,1.823121287205963e-06,4.486023902893066,6.73816657581483e-06
560,0.9828737424462929,-0.0008234771056546917,-0.04779181487919414,70311.56059228515,1.5892444057564642e-06,3.9997060298919678,5.2511268222588114e-06
561,0.5375451813534757,0.01689053512565924,0.9802693024407262,62571.52114160156,1.6659131952486083e-06,9.690338134765625,2.8568336347234435e-05
562,0.5426114894516567,0.06177340085448147,3.5851184177712927,54386.60641503906,1.7622294889476334e-06,38.4614143371582,7.976783672347665e-05
563,0.4407439689370109,0.06429078705976947,3.731218964679528,43762.98431884766,1.984805705729152e-06,28.5012149810791,0.00011463084956631064
564,0.8649250131164206,0.005586605245608123,0.3242275976682669,28723.2020859375,2.4009493661141228e-06,6.091328144073486,1.583336961630266e-05
565,0.29419613373638065,-0.01713574005393753,-0.9945001638201998,23367.09909277344,2.660249953213597e-06,4.125142574310303,2.0923773263348266e-05
566,0.8719601996372711,-0.004724929109864676,-0.27421884079757064,23495.597658203125,2.6758951119218287e-06,5.5587663650512695,1.0815288078447338e-05
567,0.5306347146368957,-0.013292648960086815,-0.7714602069592609,21652.33210913086,2.7865159577259217e-06,2.169217586517334,1.844532016548328e-05
568,0.8482925528612579,0.002932680572519833,0.1702028217411662,20773.553793701172,2.8301966220477166e-06,2.003218412399292,6.407408363884315e-06
569,0.7258784295994375,0.002369700852957831,0.13752939056343258,22886.741122070314,2.712957516860355e-06,0.9281331300735474,4.13812222177512e-06
570,0.28476620349796605,-0.0034133994412626524,-0.19810211247569973,23915.864676757814,2.636433470323534e-06,1.683746576309204,3.3926630749192555e-06
571,0.9970388631829787,5.9149473203959245e-05,0.003432834567171151,44211.922332519534,1.981323383444687e-06,5.604360580444336,8.993448318506125e-06
572,0.34858914299239085,-0.0068499254172452026,-0.3975464104943137,64992.006419921876,1.6543321876138352e-06,5.2965922355651855,6.239518370421138e-06
573,0.6953406656194234,0.014498404449854476,0.8414381611256176,45564.727676757815,1.994338012174491e-06,11.700353622436523,3.0511579097947106e-05
574,0.7511348023412208,0.023814965741805957,1.3821397416772934,57191.24327783203,1.749742929581482e-06,23.60434341430664,5.422821413958445e-05
575,0.37211315511049203,0.030156701527260587,1.7501925516339798,44195.09647021484,1.9875946646389017e-06,17.21219825744629,4.026901660836302e-05
576,0.903052571788562,0.0048097334558059104,0.2791405970605483,47934.795231445314,1.8728040793060427e-06,8.559965133666992,1.3287351976032369e-05
577,0.3735147742769463,0.034239286237820146,1.9871319047451612,29884.765154785156,2.3773639521590275e-06,8.993918418884277,4.5397264329949394e-05
578,0.623142967491678,-0.0070743669487278345,-0.4105722348313399,23477.638520751952,2.668543796589196e-06,3.9262454509735107,1.050380160450004e-05
579,0.5118028093618314,-0.007396287376654842,-0.42925540330277767,27403.409642089842,2.4957837303089667e-06,3.4037983417510986,9.267982022720389e-06
580,0.3322249487620272,-0.017637804969730327,-1.0236383066393995,24260.025008544922,2.6262100584107523e-06,2.835827112197876,2.1602751075988635e-05
581,0.6001807261497301,-0.0024903536454269288,-0.14453166893006258,22744.640044921875,2.7031325997059755e-06,0.8300158381462097,3.542869990269537e-06
582,0.9821350471622514,-0.0005344281389637926,-0.031016394394211656,27912.862279785157,2.4683807793548274e-06,1.597667932510376,3.4226700336148497e-06
583,0.3743317598506767,-0.039454923935331135,-2.289829805639708,35907.53137451172,2.194148482156614e-06,14.97036361694336,4.842519774683751e-05
584,0.481568958508342,-0.05367884972786584,-3.1153381575589267,74957.52965722657,1.546674951624936e-06,40.75741195678711,8.542525029042736e-05
585,-0.09196689057081504,-0.025871637498758933,-1.5015019864811947,32760.30991455078,2.273549907326865e-06,19.459230422973633,4.025527960038744e-05
586,-0.0054756787986454695,0.03613749394703842,2.0972974343248754,46011.114584472656,1.9449439019670902e-06,19.90987205505371,5.4803138482384384e-05
587,0.531507764018316,-0.007689439842312142,-0.4462689769332605,32828.389017089845,2.252677502168085e-06,3.3607285022735596,1.4129191185929812e-05
588,0.9758253143516811,-0.0027315359317823234,-0.1585290698322696,34234.53929516602,2.2242771831101037e-06,8.764665603637695,1.6143210814334452e-05
589,0.457374172182411,0.02503837934705066,1.453142512903164,30262.040981933595,2.3782734612277645e-06,5.4886884689331055,3.6808964068768546e-05
590,0.6229301040017192,0.00575742484906401,0.3341413873899747,29273.724974121094,2.432192559552854e-06,3.1264162063598633,8.291637641377747e-06
591,0.42646530019541506,-0.014116713055348735,-0.819286088721981,24470.171826904298,2.6283223330551354e-06,2.32110857963562,1.8595921574160457e-05
592,0.4404208733972049,0.0064540943211989135,0.3745737178283376,23562.212329345704,2.63773256985372e-06,1.6208566427230835,8.247639016190078e-06
593,0.6239103195759222,0.009257932779359634,0.537298980769373,22860.644119140627,2.6918419809059513e-06,3.836486339569092,1.63292461365927e-05
594,0.9983378085457453,0.0003539610388299268,0.020542696725925343,33742.522299316406,2.250822040167476e-06,8.107318878173828,1.555272137920838e-05
595,0.16304734746036129,-0.04210078924997386,-2.4433868437702975,49337.21343261719,1.8679460577788987e-06,25.02214813232422,9.364849393023178e-05
596,0.5140347224166004,0.045968488804541206,2.6678549921267325,64946.1815078125,1.6230144303572046e-06,24.054744720458984,0.0001221333077410236
597,0.9217080281880603,-0.019916170511871636,-1.1558669059161006,48227.56748730469,1.929175743479665e-06,48.97864532470703,8.871467434801161e-05
598,0.29745368269129585,0.05679725611739858,3.2963198750386837,39946.12137402344,2.07500116500268e-06,13.71927547454834,9.058583236765116e-05
599,0.6033714938890147,-0.00780710057089678,-0.45309760607237604,34108.916416992186,2.2336837459480794e-06,2.9351730346679688,1.7817417756305076e-05
600,0.9826560227887966,-0.0003637231742924922,-0.021109257918275216,24141.35154272461,2.669119276550609e-06,1.8578855991363525,3.9807077882869635e-06
601,0.5511461226105263,-0.011941250695323601,-0.6930296407004942,24939.09751171875,2.5917324038788806e-06,4.3186421394348145,1.4147798538033385e-05
602,0.7429014823766964,-0.009906262052008312,-0.5749258101814112,23662.130526855468,2.663533069924043e-06,4.751339912414551,1.7356334865326062e-05
603,0.6889439778790222,0.007928992446209747,0.4601717965996327,31376.526144042968,2.335326010987332e-06,4.503623962402344,1.3408266568148974e-05
604,0.5294919948617313,-0.018983530004909675,-1.1017396179180607,31000.34829345703,2.38651592664198e-06,9.665717124938965,2.4658029360580258e-05
605,0.8727104493263422,-0.009586023946772524,-0.5563402780062029,49498.99148339844,1.885472195507997e-06,15.977435111999512,2.426612081762869e-05
606,0.742135940972903,0.013834499257133554,0.8029073582047178,41369.65767529297,2.0887778247536156e-06,11.170975685119629,2.9808663384756073e-05
607,0.9855182046760846,0.03261080042909531,1.8926201183584639,41728.77924267578,2.033095864943858e-06,138.55764770507812,0.00025294345687143505
608,0.12450375738720532,0.013154752773500825,0.7634571805525644,40489.37764697266,2.080131554806346e-06,3.7839934825897217,1.719016108836513e-05
609,0.8393675051188147,-0.0057656479282880615,-0.3346186269845112,28514.266145996095,2.414678236447129e-06,5.018356800079346,1.3196853615227155e-05
610,0.9855037000527972,-0.0007647899962647693,-0.044385814337711806,21649.66293359375,2.7778622716195573e-06,2.8386197090148926,6.430235316656763e-06
611,0.3890926329495435,-0.0169758349638268,-0.9852198153899453,22958.539603515626,2.7022915183409916e-06,5.9375104904174805,1.9201532268198207e-05
612,0.6050786357609356,-0.008479326663065617,-0.4921113257414313,23897.34916430664,2.666448143664148e-06,3.744699239730835,1.1338601325405762e-05
613,0.8965226562249052,0.004078699763316768,0.23671388396556983,24896.185862060545,2.591151250696373e-06,4.469366073608398,1.1404691576899495e-05
614,0.5777704520714325,-0.018952988956154704,-1.0999671191584826,27968.596353027344,2.4782808133281395e-06,6.133607864379883,2.2471109332400374e-05
615,0.9438031618837084,0.003795640223870496,0.2202860694991906,45709.831794433594,1.9738410472812437e-06,3.2485601902008057,8.940090992837213e-06
616,0.2972539822001011,-0.03448050165981259,-2.0011312287272225,72357.1436328125,1.5621379307281533e-06,14.116072654724121,4.256331158103421e-05
617,0.2166583714549934,0.04706533098876162,2.731511987882889,44159.28035351563,2.021364429239726e-06,22.878435134887695,5.981805225019343e-05
618,0.47505540476848385,0.06499100498864757,3.7718572354975484,38460.183115722655,2.1236920540477306e-06,21.772350311279297,9.719349327497184e-05
619,0.8072890976243068,-0.0032190487501597954,-0.18682265833295633,39111.83695751953,2.0786642488138386e-06,3.421252965927124,7.42388056096388e-06
620,0.6968681332887083,-0.00859603492523027,-0.498884676963881,23052.857886230468,2.701270917497337e-06,6.768536567687988,1.8981954781338573e-05
621,0.9909433309876563,-0.001113441829497444,-0.06462038279957602,20381.873106445313,2.871500097018362e-06,4.214007377624512,1.0906146599154454e-05
622,0.44670051737815936,-0.011200244907331822,-0.6500241810454147,24903.697337646485,2.57529749652864e-06,2.1305463314056396,1.2752969269058667e-05
623,0.7834277474912307,0.004398373127174737,0.25526664046893727,24859.661514648436,2.6036720425580628e-06,2.0562050342559814,6.964066415093839e-06
624,0.8883422154219799,-0.0020513590849851825,-0.11905391536346517,29534.211871582032,2.421190016073842e-06,2.1037275791168213,4.820925823878497e-06
625,0.7496048438406477,-0.005878251246351753,-0.3411537411907581,39562.91883691406,2.1107152052838826e-06,4.705937385559082,8.779182280704845e-06
626,0.5619591039676657,0.019498190064012377,1.131608740084847,46210.41646533203,1.9589442051953903e-06,8.426865577697754,2.6478788640815765e-05
627,0.9906766397556276,-0.009167651674733551,-0.5320593720301005,46427.655709960934,1.9226080070509058e-06,41.94419860839844,6.533599662361667e-05
628,0.7366924488458263,0.09706257939392578,5.633182506517393,44357.98122314453,2.0226934047167893e-06,33.50555419921875,0.00021492959058377892
629,0.6518661570658081,0.010514788892493531,0.6102426415903048,41766.47631738281,2.008171880788248e-06,7.75731897354126,2.188319558626972e-05
630,0.5381719833178025,-0.007256759772980919,-0.42115769498820316,23669.73055029297,2.654370966887383e-06,2.0251402854919434,1.0820327588589862e-05
631,0.7203001681326516,-0.003974147484978725,-0.23064602476557763,22035.026391845702,2.7415581763601885e-06,1.852162480354309,5.813547431898769e-06
632,0.8789978539864034,-0.004696784780215448,-0.27258543947619995,27270.488866455078,2.4888964741029015e-06,4.068434715270996,9.76207957137376e-06
633,0.4981792180690292,-0.010158819928253316,-0.589583411692005,24036.529501220703,2.6489908719497835e-06,2.790226936340332,1.1226862625335343e-05
634,0.8080556168793077,0.0030458809784658946,0.17677258890053685,26812.47157885742,2.5054140010882994e-06,1.690691351890564,4.616050318873022e-06
635,0.9543814202999934,-0.0024497895174646275,-0.1421774646892914,36939.043824707034,2.1718256365891397e-06,2.904031991958618,5.43779287909274e-06
636,0.6424834603781868,-0.02353308755193872,-1.3657804887288982,47451.320760253904,1.9427040685875736e-06,4.35758113861084,2.4855360607034527e-05
637,0.31982706168352854,0.010370659791449605,0.6018778779939694,50782.34115722656,1.8784029759353842e-06,3.3563485145568848,1.130924192693783e-05
638,0.9890861900474727,0.022468491883400298,1.3039949712414027,40460.874264892576,2.0928862921075123e-06,97.24302673339844,0.00016688337200321257
639,0.8427683216331494,-0.031085739756177577,-1.8041107756467718,36146.33545654297,2.1926717963923757e-06,39.829437255859375,9.22368562896736e-05
640,0.39817868103269943,-0.02398103704156346,-1.3917779559764605,24678.043109375,2.573404339673716e-06,2.890695333480835,4.847005402552895e-05
641,0.9955774080378541,0.0008925086227126182,0.051798169714571664,21895.434921875,2.771630661827206e-06,5.517627239227295,1.3051868336333428e-05
642,0.23659652403809542,0.01570780235704776,0.9116275088305716,21220.32759472656,2.796143724899822e-06,4.793489456176758,1.6587240679655224e-05
643,0.1341519056730774,0.02936847082218124,1.7044463181557594,19926.298092529298,2.886095318238216e-06,3.7708544731140137,3.3499920391477644e-05
644,0.378536464157549,0.055276454745710114,3.208057727706761,17278.219622558594,3.127816233773002e-06,10.633545875549316,8.321073255501688e-05
645,-0.5085837494314885,0.03974379009392679,2.3065946165636144,18969.701151367186,2.9651615637160664e-06,9.5276517868042,3.7856592825846747e-05
646,0.2211618192453431,0.011633197358394081,0.6751512711011977,17373.164727050782,3.105033644799262e-06,1.684250831604004,1.6579366274527274e-05
647,0.6547569125460895,0.005904282342691255,0.34266449762687157,17731.288866455077,3.094679395661331e-06,1.2557004690170288,1.0553127140155993e-05
648,0.9519450222498872,0.000527967174469722,0.030641421954879327,19369.494320800783,2.926922746329838e-06,0.6611596941947937,1.9103140402876306e-06
649,0.7106877064996987,0.016732629564597652,0.9711049998865572,23795.198674316405,2.6756660032387812e-06,3.9851624965667725,2.4459430278511718e-05
650,0.5980527270349086,-0.01614107272079657,-0.9367730494591258,38794.269927246096,2.151672468058802e-06,6.275195598602295,2.1370222384575754e-05
651,0.9996214536896457,0.00034044575891246833,0.019758315774202173,55053.19187060547,1.7953334214079474e-06,13.001276016235352,1.9825138224405237e-05
652,0.6788831737075033,-0.02581560980449182,-1.4982503293626974,60539.313980957035,1.7567468729371905e-06,16.4530086517334,4.186715159448795e-05
653,0.6946499512923064,0.08692815990839224,5.045015213662726,54579.74013378906,1.8042979547799749e-06,47.071624755859375,0.00015704940597061068
654,0.6289222446878454,0.045006158621076126,2.6120046161235533,43530.181891357424,2.020243840414727e-06,29.01768684387207,7.124650437617674e-05
655,0.8058262507513682,-0.0170324096112897,-0.988503215814603,28285.330842285155,2.4551897012045144e-06,23.08143424987793,5.9919646446360275e-05
656,0.6769277313908745,-0.029551785106516293,-1.71508525672672,24204.57248461914,2.6495730036774307e-06,15.812865257263184,5.22694899700582e-05
657,0.24400777894743342,0.00936781468107294,0.5436761532119279,23225.71272631836,2.6915741272469665e-06,2.7790169715881348,1.032573709380813e-05
658,-0.24107719720836263,0.011717055768293783,0.6800181284484991,22736.136099853516,2.701333417827425e-06,1.683264970779419,1.1506310329423286e-05
659,0.9858512937071444,-0.0005668590783207579,-0.03289857598670925,19436.914609130858,2.9263360773954523e-06,1.8518725633621216,4.660845661419444e-06
660,0.5505563523112265,0.0035140631341038318,0.20394429137816827,20443.311115966797,2.8565924237888723e-06,1.309692621231079,4.689425622927956e-06
661,0.26852058954479424,0.023673082347738718,1.3739053112879964,21723.635755615236,2.7622599831344805e-06,5.446776390075684,2.563818452472333e-05
662,0.6682778158376134,0.006563494105480517,0.3809229098123132,30986.040092773437,2.375465406003489e-06,2.4543404579162598,9.146495358436368e-06
663,0.7754886666043231,0.008245319374514665,0.4785303373472028,49118.284975585935,1.9012751416561742e-06,6.036151885986328,1.1817501217592508e-05
664,0.856250195525594,-0.024860343437562184,-1.4428099132841894,47225.47660107422,1.9556080189013502e-06,24.97223472595215,4.813338091480546e-05
665,0.9785902487428574,0.00605398283178984,0.3513526056667865,41484.224390625,2.134467549268276e-06,36.06427764892578,5.973827501293272e-05
666,0.2578420403277907,0.048623155202894154,2.8219228152694704,48340.00451757813,1.9118440827281964e-06,20.80457878112793,4.9055171984946355e-05
667,0.7404454579797959,-0.0030160513738557563,-0.17504137994322905,30934.547166992186,2.3379459135011535e-06,1.8774683475494385,6.199883046065224e-06
668,0.697026072917692,-0.005698180263221326,-0.33070303280823193,25673.155672851564,2.569740735069808e-06,3.284445285797119,1.1036789146601222e-05
669,0.03832540657009265,-0.010735444587102976,-0.6230487488110157,21135.829533203127,2.79227650737492e-06,1.7995749711990356,1.1521959095261991e-05
670,0.7356874749819421,-0.014589800789982305,-0.8467424943463359,22369.14851220703,2.7371936496425625e-06,4.962780475616455,2.269141623401083e-05
671,0.5764839681685401,-0.007129339623935712,-0.4137626622262341,21726.426716308593,2.792202984985388e-06,2.6167166233062744,9.380923074786551e-06
672,0.9552085056248797,-0.009373128912463344,-0.5439845731559572,18297.070388427735,3.03141879658781e-06,14.684032440185547,3.822377766482532e-05
673,0.9985736363710309,-0.00010435981188906717,-0.0060566891008640225,29081.597127685545,2.446611411552723e-06,3.878840684890747,8.173050446202978e-06
674,0.4023101358349891,0.04005876823433358,2.3248748782417414,44762.632224121095,1.979356642727587e-06,14.793956756591797,4.350137896835804e-05
675,0.6628174403336217,-0.018014132390070246,-1.0454790721972358,56841.64691601563,1.7822721815555304e-06,10.21916389465332,2.3588314434164204e-05
676,0.4822467439503532,0.019199712624671426,1.1142861230641132,53588.838375,1.7710261678684961e-06,9.091700553894043,2.941609091067221e-05
677,0.8096529290696752,-0.20465829683289774,-11.877672577129877,30317.621461914063,2.427009133907063e-06,136.2436065673828,0.000608603295404464
678,0.31622567887214686,-0.014863891654946162,-0.8626497974012477,32239.998608398437,2.2792955303873588e-06,7.992943286895752,2.3727710868115537e-05
679,0.23728040389576188,-0.013339616874059133,-0.7741860651943144,26594.82657763672,2.5169149653998965e-06,5.93519926071167,1.7634116375120357e-05
680,0.9972104406620991,-0.0003479083218298693,-0.020191417584833834,21986.03087475586,2.7741855893800634e-06,5.790424823760986,1.3310003851074725e-05
681,0.568519727080403,0.013051841388875478,0.7574845532515713,21590.034714355468,2.794074293100609e-06,5.289212226867676,1.8955697669298388e-05
682,0.582827453365038,0.043077811969943494,2.5000899246998314,20272.16705395508,2.847172862457625e-06,9.075822830200195,5.148614582139999e-05
683,0.37408708913675387,0.036186420985485246,2.100136993491707,17935.22597314453,3.024821481204743e-06,9.198602676391602,4.3173811718588695e-05
684,0.4669521446668355,0.03962816894661394,2.2998843577955803,17534.27017602539,3.0564564501724623e-06,4.360688209533691,5.287677049636841e-05
685,-0.06532217976607246,0.02297287547334411,1.3332676820346596,18236.87840649414,3.022533840671346e-06,2.6824533939361572,3.290402310085483e-05
686,0.6694069568509317,0.0166324910214241,0.9652932988875144,18495.887725585937,2.990331041857374e-06,3.6762313842773438,2.6712281396612525e-05
687,0.4355575553929583,0.007975649435401345,0.46287960981624,19990.719116210938,2.888521772843918e-06,2.2391433715820312,1.1610757610469591e-05
688,0.3844539110108921,-0.038851813747822615,-2.2548273383759123,29361.277911376954,2.434768987257326e-06,11.66794490814209,4.964875552104786e-05
689,0.9858000553872217,0.0011916113773632424,0.06915707791245644,37215.77526318359,2.1470117486525332e-06,4.754217147827148,8.92304251465248e-06
690,0.9081182035438307,0.0038645824035215587,0.22428723949484242,59364.70837060547,1.7078193205626734e-06,7.059341907501221,1.2472789421735797e-05
691,0.03248938898742092,-0.06886509336826521,-3.996696169564966,73076.29348876953,1.546196127451254e-06,24.805551528930664,8.934854849940166e-05
692,-0.17633559285514322,0.041954949414888434,2.434922794979441,52257.48235644531,1.7963852756530106e-06,8.79646110534668,6.983394268900156e-05
693,0.7253889445493213,0.10387142420756348,6.028344738278318,43258.592693847655,2.0125865786801664e-06,55.083595275878906,0.00020300429605413228
694,0.26197051043847974,0.0224309752957956,1.3018176358942624,34594.265358398436,2.192083421053837e-06,11.26893424987793,3.5332854167791083e-05
695,0.28321119018503493,-0.02143636930599424,-1.2440940816923116,23721.74533984375,2.6715825003531454e-06,10.227254867553711,3.215697506675497e-05
696,0.8918058081125256,0.005821500077750626,0.3378600960786615,20451.039461425782,2.878858978375715e-06,5.844994068145752,1.6934211089392193e-05
697,0.9986061724962111,0.00032241261592903304,0.018711733391721504,22775.58043847656,2.716377560800982e-06,2.604311466217041,6.2675244407728314e-06
698,0.6764810114216537,0.007234512086645251,0.41986651482114895,20245.512666259765,2.8539501261208007e-06,2.503321647644043,9.64092669164529e-06
699,0.004147851161973244,0.021709797374526062,1.2599629182930074,19331.29974584961,2.9252682942345995e-06,4.063751220703125,2.4364799173781648e-05
700,0.9253015506172114,0.0013222244529792757,0.07673741729017462,19147.733544921874,2.937896610635763e-06,1.5943880081176758,4.161926881351974e-06
701,0.6777249565602959,0.0029739532024028823,0.17259814502751306,22086.742552734377,2.754706555099061e-06,1.4855105876922607,4.848507160204463e-06
702,0.23300751900481792,-0.006625740004043426,-0.3845354503925914,30836.277853515625,2.336960567181289e-06,2.7940433025360107,5.346846592146903e-06
703,0.5178973983806363,0.008043985047904084,0.4668455767143613,54591.67681201172,1.796093359073341e-06,2.399932622909546,9.429417332285084e-06
704,0.998613316252582,0.0016038769877316178,0.09308357398197244,42741.964319580075,2.0398987876686585e-06,41.1385383605957,6.727599975420162e-05
705,0.9247207718046395,0.026499394826152177,1.5379348900480563,26739.472044921877,2.592883316889218e-06,67.92243957519531,0.00015301119128707796
706,0.02579013789004215,0.06202862957858311,3.59993102622192,44900.57286621094,1.952648557210414e-06,23.954853057861328,0.00010656922677299008
707,0.615703579687458,0.00832888408088579,0.48338014913905314,34296.341728515625,2.2164751608255204e-06,4.1487555503845215,1.3795408449368551e-05
708,0.9102853702581097,-0.0021098790478527607,-0.1224502152883806,23761.08648095703,2.636908976667067e-06,2.460108995437622,5.525026608665939e-06
709,0.5256356343516748,-0.009660734145816738,-0.5606762042606069,22059.078810058592,2.7555262346525137e-06,3.2674002647399902,1.2624155715457164e-05
710,0.8311614358144528,-0.0041566083437312535,-0.2412354334137596,24139.465373291016,2.652489529989019e-06,3.0528273582458496,8.034580787352752e-06
711,0.7541009742137421,-0.009379246849958014,-0.5443396374730827,24607.70890942383,2.6305842742700686e-06,4.2906646728515625,1.531559792056214e-05
712,0.9858821372873685,-0.0019085920617663904,-0.11076820213880723,34010.54016772461,2.2404519495254243e-06,5.9815216064453125,1.2211203284095973e-05
713,0.9532038623289509,-0.0027818516483321424,-0.16144922316057755,42599.19547363281,2.014066317026322e-06,6.614255428314209,1.196384346258128e-05
714,0.592614520080991,-0.018593798072864622,-1.0791209000194018,50968.6191484375,1.882296099618728e-06,10.434659957885742,3.229481080779806e-05
715,0.5270593140050375,-0.07922481336347414,-4.597939138934081,47730.50393652344,1.924222707365812e-06,38.50013732910156,0.00015280669322237372
716,0.436478175463945,0.1207229389052998,7.006349427586519,38569.925082519534,2.1040755580930423e-06,25.902095794677734,0.0002120645367540419
717,0.43654702077390684,0.02069782586514266,1.2012315283037018,29553.648193847657,2.369824046682337e-06,9.762470245361328,3.80708443117328e-05
718,0.4805623653521908,-0.009179479860257519,-0.5327458397521981,25965.440611083985,2.555661621873535e-06,2.1669979095458984,1.2099694686185103e-05
719,0.3277904067426618,-0.021501261329489325,-1.2478601943780405,23818.5550871582,2.6531065852376238e-06,6.16855525970459,2.3068734662956558e-05
720,0.6147947689203533,-0.09835444444134123,-5.708157967001988,27504.752838378907,2.4461360153040366e-06,27.87989616394043,0.0001282832963624969
721,0.6647831768686141,-0.009857527602008136,-0.5720974281940381,26538.328789550782,2.524926476961192e-06,4.436288356781006,1.5702600649092346e-05
722,0.6822454384696561,-0.006310922069562,-0.3662644865223516,26841.27780493164,2.518665339934928e-06,3.5586400032043457,1.023225013341289e-05
723,0.6670532711601961,-0.007229290662898122,-0.41956348111758257,31216.13888623047,2.337021802396064e-06,3.2029812335968018,9.249746653949842e-06
724,0.9963946084029204,0.0010765936167051672,0.062481837656906215,41509.33705273437,2.0598050110450823e-06,8.304515838623047,1.4259323506848887e-05
725,0.10768572728263362,0.026938935121084705,1.5634443161913136,42201.52366235352,2.04757807323178e-06,4.403021335601807,3.199451384716667e-05
726,0.9490026814050139,-0.007083914785456668,-0.4111263588528917,43828.68206591797,1.9798791574444102e-06,14.8440580368042,2.374988980591297e-05
727,0.5762028102473593,-0.07486069972917901,-4.344660803094761,56140.496462890624,1.782046957494259e-06,28.908632278442383,0.00010313133680028841
728,0.7260314086180791,0.03770741931601621,2.188410571646023,58356.298625,1.7433378522334575e-06,46.69268798828125,8.396876364713535e-05
729,0.6899297825435536,0.024630970782460643,1.4294979032772486,40147.20890917969,2.013459926257908e-06,35.699886322021484,7.944429671624675e-05
730,0.9113613333823256,0.005635861115686944,0.3270862411063855,31781.417552978517,2.3079524824499744e-06,9.341104507446289,2.0247245629434474e-05
731,0.9008437124564511,-0.01433783203911333,-0.8321190836720366,28988.31723510742,2.475145899201862e-06,15.979761123657227,4.690149944508448e-05
732,0.5128444829926215,-0.031647944931797005,-1.8367392549242458,29522.437888183595,2.4028148399610675e-06,13.81872844696045,4.734568574349396e-05
733,0.4624800752582232,-0.02819393533642418,-1.6362802670064467,34909.213829101565,2.1831044864446155e-06,8.604390144348145,5.069447433925234e-05
734,0.47342669271164567,-0.035162060474975124,-2.040686587947117,47650.825654296874,1.8960950301339927e-06,21.96719741821289,6.93366164341569e-05
735,0.9916810177075212,0.0010795932620380863,0.0626559268859445,50262.41913476562,1.848346245416696e-06,7.7805047035217285,1.3447640412778128e-05
736,0.9420755447398105,-0.0028592282740685787,-0.16593989976564538,41402.23259472656,2.036531860706799e-06,6.171687126159668,1.0716966244217474e-05
737,0.952188486256288,0.02934939451408956,1.7033391940127376,55164.06574365235,1.7843810810027386e-06,108.14575958251953,0.00016566176782362163
738,0.7368834492495293,0.032780494518867914,1.9024685870879716,40831.33146582031,2.0175007954524246e-06,25.164066314697266,8.624960173619911e-05
739,0.6733181529476764,0.021189151319677097,1.2297463892601308,35908.42916015625,2.1791971317818996e-06,8.186463356018066,3.952107363147661e-05
740,0.9808856535466541,-0.001804959230793826,-0.1047537045416822,31466.321418945314,2.349894526915316e-06,5.501091480255127,1.0080869287776295e-05
741,0.7114825972510248,-0.003207466060777432,-0.18615043837327083,29248.069076660155,2.4219584615648213e-06,2.6112520694732666,5.892267836316023e-06
742,0.2739641033784016,-0.003369072582971736,-0.19552953214399577,24902.545580810547,2.60826329831713e-06,1.6105304956436157,3.4843201319745276e-06
743,0.6708362010250161,0.01060641983038926,0.6155605900688338,22961.344837402343,2.73825782961239e-06,2.5141725540161133,1.7409414795110933e-05
744,0.977662272812988,-0.0005929434144608386,-0.0344124222800586,24803.278759277342,2.6129884366938743e-06,1.392263650894165,2.927605464719818e-06
745,-0.16201904855840205,-0.005650611929955893,-0.32794232827628744,26078.94339404297,2.5453559612272878e-06,1.6517584323883057,6.7034870880888775e-06
746,0.4336418196518591,-0.0030264756970830443,-0.17564637226481078,36659.007929199215,2.1452087769798417e-06,1.91494619846344,4.155004262429429e-06
747,0.6505935945103023,-0.013234566339950488,-0.7680892889213551,46474.73613037109,1.9433201928170675e-06,12.81358528137207,2.7562333343666978e-05
748,0.6216747858092326,-0.027401816710520343,-1.5903083918060297,44979.38176513672,1.9804603170866225e-06,21.118337631225586,5.189220973988995e-05
749,0.006294964706103872,0.06471200932335412,3.755665274487046,43526.488796875,1.971683255279328e-06,52.323143005371094,0.00012078668805770576
750,0.8977312684079607,-0.016799186771509354,-0.9749677541632183,43584.668865722655,1.9905183798932552e-06,43.69851303100586,8.934570359997451e-05
751,0.2033832029366661,-0.048650502951874,-2.8235099857537898,43109.650361816406,1.970453225553845e-06,17.232173919677734,6.300407403614372e-05
752,0.8460254312617222,-0.006977585432962136,-0.40495536430337936,25606.34995703125,2.5431506933378673e-06,6.654471397399902,1.5253682249749545e-05
753,0.3260770820353929,-0.014461889915815353,-0.839318981564687,21235.354665039064,2.796816391848588e-06,4.310849666595459,1.813554081309121e-05
754,0.8189311726228323,0.01015512625229794,0.5893690432824027,20520.60534082031,2.8591894299246946e-06,9.627099990844727,2.4582150217611343e-05
755,0.731891761304346,0.008298085324027194,0.48159269387625614,19649.163905029298,2.9099452432117754e-06,4.4793524742126465,1.5127427104744129e-05
756,0.7300022092655656,0.020462500349970505,1.1875740345127637,17359.51806176758,3.0908114936969783e-06,4.862097263336182,3.841493162326515e-05
757,0.8398943048350447,0.009244829865773737,0.5365385321592352,19664.70105419922,2.9159966120284066e-06,2.5313720703125,1.709915159153752e-05
758,0.8423097735306496,0.0038936714179367733,0.22597546711210556,19542.61518310547,2.9561926575356887e-06,3.0842294692993164,1.0526263395149726e-05
759,0.7348747815741387,-0.003276266353065485,-0.19014337370818934,20674.654726806642,2.867542612527158e-06,1.739885687828064,6.422207206924213e-06
760,0.6744836704155026,-0.0033064745874129943,-0.19189655704971734,27939.660166503905,2.454111245995516e-06,2.0144355297088623,5.506072739080992e-06
761,0.10538684600419757,0.003966026339206266,0.2301747010424296,44974.399830078124,1.9621049634881685e-06,0.9285091757774353,5.045504622103181e-06
762,0.664875515915226,-0.011232902833461726,-0.6519195361794204,72920.56823828125,1.5642181589830783e-06,13.452171325683594,2.9163475119275972e-05
763,-0.2129864364058615,-0.030245144963792284,-1.755325508357339,65238.188920898436,1.6336737400242827e-06,12.824553489685059,3.739285602932796e-05
764,0.3290579311274746,0.08436118567553977,4.896036746023834,47725.23964453125,1.9054052929184244e-06,56.37416076660156,0.00014027993893250823
765,0.6742801428557837,0.08559484523526312,4.967634157654813,52308.111342285156,1.8252418738520252e-06,26.13509750366211,0.00014670114615000784
766,0.7603307117631056,0.013001417962581835,0.7545581488154884,37891.07423681641,2.096859320142198e-06,6.567868232727051,2.897365266107954e-05
767,0.9731659591330355,-0.0012521307847024694,-0.072669418804867,33062.590557617186,2.2864399367447603e-06,3.5492453575134277,6.290113560680766e-06
768,0.3965681367782014,-0.02609029187587518,-1.5141919440306002,25882.173713134765,2.566357188132806e-06,4.6694793701171875,3.7867866922169924e-05
769,0.8287200928101903,-0.0045099460887560085,-0.2617419562837907,25259.6248515625,2.583924029037626e-06,2.3149843215942383,9.005389983940404e-06
770,0.9759935071970464,-0.0018151476231997741,-0.10534500423955848,23214.674329589845,2.720469215030179e-06,4.281716823577881,7.1781573751650285e-06
771,-0.12507995368013042,-0.012115543027311005,-0.7031449757936087,26003.59506591797,2.539126192586831e-06,2.3023903369903564,1.4024768461240456e-05
772,0.3734468430257132,0.006908573166753226,0.4009501267219075,28696.981620605467,2.4380911156779208e-06,2.2728989124298096,1.092996808438329e-05
773,0.7708509568916955,-0.00347411641085636,-0.20162591921048578,40184.453359375,2.0802949270000997e-06,3.1645805835723877,7.791722055117134e-06
774,0.7938965121325092,-0.0045281820879355065,-0.2628003117510393,60969.28391015625,1.6942914587090864e-06,6.674712181091309,8.09075754659716e-06
775,0.5707690842052456,-0.017505045301842857,-1.015933386335565,56318.76252929687,1.8138255539863059e-06,13.712471961975098,3.315213689347729e-05
776,0.508904734017624,0.04809858464078708,2.791478521162029,41841.96265478516,2.0567219793970504e-06,20.227893829345703,9.62483900366351e-05
777,0.2324425981642123,0.06664802206031896,3.868024879500259,45229.741328125,1.943650037514952e-06,19.634483337402344,0.00010532758460612968
778,0.8669237294984274,0.005592970530580398,0.3245970171930593,33715.83054345703,2.2276090321335316e-06,4.775336742401123,1.5989780877134763e-05
779,0.8122865203706372,-0.005016786338753391,-0.2911572432843218,32290.829439941408,2.305825391755813e-06,4.693742275238037,1.1228624316572677e-05
780,0.6099098112711371,-0.008402918239849903,-0.48767684032288,27387.03291308594,2.472322987354696e-06,4.352709770202637,1.2251798580109607e-05
781,0.3879647611630256,-0.009137486970001557,-0.5303087149996408,22908.364575439453,2.7398878729021984e-06,2.425631046295166,1.292204706260236e-05
782,0.7659868477244409,-0.021256623789625267,-1.2336622622954119,21553.901563964842,2.8028433713738778e-06,4.077958106994629,3.3638858440099284e-05
783,0.49049497776075873,-0.00956119466531237,-0.5548992708246082,21203.557124511717,2.856046031626075e-06,2.435422420501709,1.287659142690245e-05
784,0.42895675574347286,-0.004270989152155916,-0.24787370712462126,22727.298084716796,2.7072222712328393e-06,1.6160297393798828,5.1329334382899106e-06
785,0.5937504562418922,-0.003382288079377058,-0.1962965146786683,33024.57409375,2.2958472940774742e-06,2.0043511390686035,5.0048274715663865e-06
786,0.6648190183762085,0.04152014050822407,2.4096879625445955,48578.08110107422,1.9187791962438854e-06,14.28564739227295,6.0930302424822e-05
787,0.31017558493611147,-0.04072479667986251,-2.3635289075455557,73235.81915039063,1.5407451181889679e-06,17.57909393310547,5.8788533351616934e-05
788,0.8677848497943808,0.021991621906186566,1.2763190571012943,51992.27663330078,1.7877952934202703e-06,22.01227569580078,6.448236672440544e-05
789,0.566406918465619,0.06341450922620605,3.6803627748512637,49378.03023388672,1.8914866661957639e-06,26.925443649291992,9.770067117642611e-05
790,0.7480187572075381,-0.007770587536696256,-0.4509785135569845,44836.393121582034,1.9407912368032406e-06,8.831853866577148,1.496260938438354e-05
791,0.8357428347440441,-0.004658106845354322,-0.2703407034779564,29773.794732666014,2.3953032335482848e-06,5.608108997344971,1.1923016245418694e-05
792,0.5156992266361833,-0.023822212484471743,-1.3825603180133956,25332.149938232422,2.579701048315533e-06,8.14974308013916,3.501637183944695e-05
793,0.5197933805207685,-0.006073600169593391,-0.3524911293370767,23967.126684570314,2.656005151962135e-06,3.474276065826416,7.0551777753280476e-06
794,0.38886337497414775,0.03436527331345469,1.9944437667927528,22329.46654711914,2.7489417569109546e-06,7.564916610717773,4.534674371825531e-05
795,0.761034838385933,0.022939898232304634,1.3313537949476204,21811.08937475586,2.758328475336128e-06,4.478749752044678,3.856373587041162e-05
796,0.47850129383947376,0.00877080430885411,0.5090276985140197,26543.56106201172,2.5249889098833684e-06,3.1166088581085205,1.2970183888683096e-05
797,0.9006769906668031,0.003245593350376933,0.18836321679039036,28572.25976464844,2.4201195529854798e-06,1.740336298942566,7.372544587269658e-06
798,0.07279215027163843,-0.004188394262115077,-0.24308018017931432,42652.080428710935,2.0307810603563442e-06,2.012510061264038,4.4479561438492965e-06
799,0.6504421685355397,-0.027146665593528276,-1.5755002874085071,64238.60740234375,1.647956395126119e-06,18.98518180847168,4.193142376607284e-05
800,0.8921291871544174,0.032791323627817275,1.9030970717983058,43448.19381152344,1.9984611598375363e-06,14.18665885925293,7.608676969539374e-05
801,0.3149054902767129,0.04336543708182516,2.5167827094867588,40806.66837841797,2.0776641809298157e-06,18.896921157836914,6.81218589306809e-05
802,0.5142220787350115,0.026934647445871776,1.5631954740818836,30787.90308251953,2.3462228313247444e-06,8.81566333770752,4.7678629925940186e-05
803,0.9870919494863294,0.000486666317904735,0.028244460487763932,26505.441348876953,2.5012409156845523e-06,2.9951088428497314,6.58264843877987e-06
804,0.9083673693441766,-0.00857722304155118,-0.4977928991158432,27335.457638183594,2.5060256604911564e-06,14.164204597473145,2.57769843301503e-05
805,0.4323770538536207,-0.014240625091407295,-0.826477522518925,25381.92576538086,2.5924874010542327e-06,6.67686653137207,1.393235561408801e-05
806,0.5202389133768189,-0.015828092612441808,-0.9186087467764557,26885.453377685546,2.4661337121840872e-06,3.861678123474121,1.9528104530763812e-05
807,0.9746678853940877,-0.0010736611494782005,-0.06231164721701647,26922.004008789063,2.5339062156088335e-06,2.843703508377075,5.947389581706375e-06
808,0.8197817787246943,0.0022803605325257014,0.13234438174409735,27447.454333007812,2.5004747019357783e-06,1.5983266830444336,4.50702873422415e-06
809,0.5169904355374515,-0.015394385232083242,-0.893437843187876,42378.25867871094,2.0481569524054965e-06,7.395380973815918,1.68771184689831e-05
810,0.6323970052145457,-0.030804439792381195,-1.7877850809760105,58641.5998671875,1.7699804368045131e-06,12.869649887084961,3.8876492908457294e-05
811,0.840239269602476,0.014266842092473003,0.8279990682340591,42352.166072753906,2.08764035253872e-06,19.789932250976562,3.5587487218435854e-05
812,0.8775961129255629,0.041190220738621594,2.390540539446181,39618.30891015625,2.0733825033762716e-06,71.26712036132812,0.00012016617256449535
813,0.26499652353046604,0.026747330276571214,1.552324221660373,25853.76307763672,2.532561725267599e-06,8.57861328125,4.307012932258658e-05
814,0.8946410255053129,-0.006172185021068445,-0.3582126593459077,27041.699006347655,2.5048213702602957e-06,9.779338836669922,2.116264840879012e-05
815,0.9867447026889904,-0.0025878996677704217,-0.15019290882371525,24210.118096923827,2.666393344111102e-06,8.117286682128906,1.9098421034868807e-05
816,0.8601301526053377,-0.006457578346603548,-0.3747759188318984,24485.98101245117,2.610600775978001e-06,4.909948825836182,1.3263319488032721e-05
817,0.8096204549397437,0.0053924722105481,0.31296077554314133,25768.648801757812,2.5518005464615312e-06,3.9500792026519775,9.345558282802813e-06
818,0.9598207804291689,0.0007581511937735912,0.044000520784923024,20895.62961352539,2.8295100350540054e-06,1.3662060499191284,3.3348808301525423e-06
819,0.9390219285156777,0.0027351638627631583,0.15873962262680386,29005.526172119142,2.4208757508953235e-06,4.6392951011657715,9.80284676188603e-06
820,0.8007313813361333,0.009282150163074796,0.5387044754837077,44022.42804248047,2.0057575312986966e-06,4.6377081871032715,1.4271789950726088e-05
821,0.14396151774396068,-0.0302544655990899,-1.755866446379345,40681.791219482424,2.117216180478836e-06,10.283731460571289,3.6128123610978946e-05
822,0.7954991617596462,0.025649634928082626,1.488617711147235,34558.37270874024,2.313016453787391e-06,23.590309143066406,6.33814197499305e-05
823,0.470898206287203,0.06716425112146826,3.897985061217871,49720.92408251953,1.8895521020640947e-06,34.986053466796875,9.570075053488836e-05
824,-0.08394328968346586,-0.030452915836533496,-1.7673838242706177,38002.00885546875,2.134930778385799e-06,12.977633476257324,4.0459821320837364e-05
825,0.997836901785389,-0.0006430652307758339,-0.03732132229717663,24283.848692382813,2.631262395439496e-06,5.297421932220459,1.1806179827544838e-05
826,0.9929239375388175,0.0008240556901762348,0.04782539396008866,22305.95681982422,2.7526369240576552e-06,5.199088096618652,1.2732441973639652e-05
827,0.9290967043549992,-0.0026801266256597325,-0.15554544827872885,31096.464041503907,2.339679802926473e-06,3.037193536758423,7.124152034521103e-06
828,0.9614792565046828,-0.0008447738353459933,-0.049027804751832715,29051.914872070312,2.4254946332706446e-06,1.6351598501205444,3.472184516795096e-06
829,0.7532968165074235,0.014597551284334705,0.8471923067197081,20760.46852636719,2.8173521376260004e-06,2.795366048812866,2.0841036530327983e-05
830,0.5901352549628496,0.0086564289097897,0.5023897387440581,25144.19365209961,2.620665870790841e-06,2.2359049320220947,1.0767767889774404e-05
831,0.7416323800739681,-0.005959030728353279,-0.3458419080181586,40349.36601806641,2.1167615793646137e-06,2.873037576675415,8.431124115304556e-06
832,0.893891907086993,-0.01455924793351133,-0.8449693103070169,50663.92906445313,1.9129383006205617e-06,20.078765869140625,3.2063107937574387e-05
833,0.8925191376466385,-0.015128786489871968,-0.8780233941002886,31733.515884765624,2.378291185218141e-06,20.959392547607422,5.274678551359102e-05
834,0.2517977791240998,0.05006382074251747,2.905534151030618,52050.765612792966,1.8413651978239542e-06,12.892120361328125,5.760303247370757e-05
835,0.6825870010628131,-0.005763747617413085,-0.3345083393943328,40926.77062158203,2.0471916926935205e-06,3.7509677410125732,1.1527828974067234e-05
836,0.8800777407606769,-0.0029566841978023828,-0.17159591064194515,24830.84397607422,2.6157546269748917e-06,3.298640012741089,8.888622687663883e-06
837,0.2602425693234595,-0.0071654454595499436,-0.4158581223184271,21763.161396484375,2.7399116085398314e-06,2.553277015686035,8.173024980351329e-06
838,0.8308458648364435,-0.007841476403659689,-0.4550926626737577,24785.16489477539,2.604537060141648e-06,5.942481517791748,1.5319248632295057e-05
839,0.5117043888911954,-0.012925410703414745,-0.7501469455960612,24935.38896557617,2.606602243652156e-06,4.382965564727783,1.5141917174332775e-05
840,0.7165072584282964,0.008552301753728297,0.49634655219738777,31220.57506152344,2.352308888847842e-06,5.8202314376831055,1.2599401088664308e-05
841,0.7683486886150876,-0.037968313468459094,-2.2035519823191243,46335.825333740235,1.93703770046913e-06,19.404998779296875,6.394390220521018e-05
842,0.9277672436549751,0.006896451736269146,0.40024664005811544,62930.534545410155,1.657456177903583e-06,12.326834678649902,2.105946623487398e-05
843,0.797755601138799,0.010065038689856585,0.5841406670743088,36065.47556738281,2.2375120766263236e-06,10.540081024169922,2.7200885597267188e-05
844,0.963950859035317,0.01856261711351913,1.0773112630221342,38377.09934375,2.112815611491813e-06,60.7481575012207,0.00012365962902549654
845,0.6020579266423969,0.031192467397608364,1.8103048855336497,30862.265026855468,2.3245739510190157e-06,12.600057601928711,6.767115701222792e-05
846,0.9566844034684289,-0.0028269807300592485,-0.16406836181635737,28193.60725439453,2.4100272869947194e-06,7.869553089141846,1.5011924006103072e-05
847,0.8365418929843428,-0.0055969607600373445,-0.32482859656086727,22155.93964013672,2.766219852144882e-06,4.546311378479004,1.0667303286027163e-05
848,0.7481967741032958,-0.010011495850381191,-0.5810332224899448,22314.375280029297,2.7389813076384447e-06,6.358190536499023,1.632266867090948e-05
849,0.9403062203627873,-0.003277676932624331,-0.19022523895579105,22209.821889892577,2.755741455481828e-06,4.48559045791626,1.0860111615329515e-05
850,0.4153528141985984,0.011869842066321721,0.6888853263599983,25374.142950683592,2.583564173697284e-06,3.163069248199463,1.6168974980246276e-05
851,0.9895019958810244,-0.0006313853744553284,-0.03664346309835725,21191.243510742188,2.819677500807828e-06,2.912648916244507,7.081599051161902e-06
852,0.6352023973074876,-0.0076066532563264086,-0.44146432460626583,23243.088661132813,2.6787098227908612e-06,3.1751718521118164,1.1386486221454106e-05
853,0.7586873884418592,0.008314908795090578,0.4825690710082561,31313.818380371093,2.3502092535012885e-06,3.606579303741455,1.1916162293346133e-05
854,0.8724620674604497,-0.007517454923767906,-0.4362875562809587,34292.31339868164,2.2418796689427515e-06,6.855173110961914,1.5148561942623928e-05
855,0.6159311255873535,-0.027017795028025923,-1.568021077400636,43546.50782421875,2.007275077657942e-06,13.127880096435547,3.967639713664539e-05
856,0.5437323193331731,0.07870473271113525,4.5677554239429154,38004.0981953125,2.156135320317407e-06,65.70398712158203,0.0001428688847227022
857,0.9909241861037822,0.007460666617799394,0.4329917558421688,43770.70149365234,2.0063118255233657e-06,42.997615814208984,7.115520566003397e-05
858,0.9075298521776058,-0.002511293666188593,-0.14574695662772397,38006.80255419922,2.085434136329236e-06,4.818293571472168,6.753175057383487e-06
859,0.574368743119668,-0.014069608239396146,-0.8165522851608793,23437.92438549805,2.660411026900091e-06,6.651313304901123,2.212027357018087e-05
860,0.49756581428737023,-0.024778825629741107,-1.4380788965334013,21259.53176977539,2.764678649660476e-06,7.474264144897461,3.277638097642921e-05
861,0.6122081281514142,0.06124021012501268,3.5541738384222215,21318.183087646485,2.781386453965985e-06,16.27334213256836,8.878624794306234e-05
862,0.561815264995118,0.012101720535738473,0.7023427653206427,22590.654525634767,2.7254015948860463e-06,2.5834059715270996,1.6301637515425682e-05
863,0.463872345405152,0.013351760217707625,0.7748908236237572,21964.172061279296,2.788120264181877e-06,4.708258628845215,1.8962678950629197e-05
864,0.3636119939816972,0.009320613083151347,0.5409367327539938,21578.45476123047,2.7784359163171624e-06,2.93601393699646,1.2999820683035068e-05
865,0.9601109707237412,-0.0035457014942860527,-0.20578047436677468,20352.005611816407,2.892090014886303e-06,4.582065105438232,1.6283644072245806e-05
866,0.7328647257482285,0.0025040873078315965,0.14532872405976824,26720.125421142577,2.534383408804258e-06,0.9465814232826233,4.524920313997427e-06
867,0.9346117408318062,0.0016656156643046094,0.09666667712036146,50308.59340966797,1.860631510835098e-06,2.929469108581543,4.808080575458007e-06
868,0.12185336416049328,-0.008471234136877009,-0.4916416630017446,62528.55369238281,1.7113712014533177e-06,4.488273620605469,8.31124543765327e-06
869,0.9324325700376092,0.00577344473174734,0.33507112698119185,39229.5518959961,2.151932667645638e-06,18.964075088500977,2.8295580705162138e-05
870,0.8886327370411607,0.03206279354929973,1.86081565995656,32818.328474853515,2.3453860163335066e-06,16.88672637939453,7.596590148750693e-05
871,0.9478269807442931,0.024851574335380655,1.4423009843713648,39570.89343164062,2.0699573994217147e-06,64.12168884277344,0.00011612854723352939
872,0.7044383015697117,-0.005495243517427676,-0.3189252732074408,31485.995349609377,2.293379251609908e-06,4.414694309234619,9.86528266366804e-06
873,0.9255948869973247,0.0022383951639036123,0.12990885425371312,27546.893067138673,2.4838002953887934e-06,2.906898260116577,6.492376996902749e-06
874,0.8213031347071612,-0.009916515171018962,-0.575520866391628,23463.066458984376,2.675057534307601e-06,9.948380470275879,2.021973159571644e-05
875,0.1904702118174645,-0.015822341381742634,-0.9182749648764914,25760.306623535158,2.560516764490894e-06,3.6186299324035645,1.5724175682407804e-05
876,0.15612940006001913,-0.007678526323083533,-0.4456355933369557,26916.151345703125,2.4828696620865937e-06,2.1757850646972656,7.497458227589959e-06
877,-0.009774344015413671,-0.00424050958753564,-0.2461047766954352,23709.043615966795,2.6716385195167427e-06,1.0385044813156128,4.689378329203464e-06
878,0.6041020678203652,-0.025887668920226047,-1.5024323957442403,37294.529627685544,2.150795869809626e-06,10.380215644836426,3.810475755017251e-05
879,0.8628919220093402,0.011923227180059375,0.6919836170781429,60068.67607128906,1.7327617906814914e-06,19.7081356048584,3.161896165693179e-05
880,0.8388495136229129,0.028792486178263126,1.6710181253300365,46920.521646484376,1.8692595156555517e-06,17.903364181518555,9.471782686887309e-05
881,0.8965571176815547,0.03279952908251094,1.9035732885249483,41344.38556835937,2.0846134597851696e-06,21.144956588745117,7.960326911415905e-05
882,0.03921458705910719,0.028353369772993957,1.6455333003034118,33773.681506835936,2.2604377250971025e-06,8.478245735168457,4.179807365289889e-05
883,0.9610077659330059,-0.0045660524219952115,-0.26499817734118924,25889.405681640626,2.558485852048904e-06,11.914566993713379,2.466587829985656e-05
884,0.8542873380718589,0.009028188695521714,0.5239654142998563,22964.024201904296,2.6787336700452974e-06,5.774231910705566,1.6355026673409157e-05
885,0.5779198389040093,-0.018308493970496446,-1.0625628187430387,24745.90666088867,2.6111090142449676e-06,6.357303142547607,2.684011087694671e-05
886,0.8557520948774322,0.005601490620915813,0.32509149430392004,25606.42772265625,2.5603438535693718e-06,2.3793938159942627,1.0355613085266668e-05
887,0.8338999099153502,-0.0019902708334405632,-0.11550856068503366,24445.75164086914,2.618729649700449e-06,1.3959357738494873,3.8091070564405527e-06
888,0.99808239695201,0.0005515124909143072,0.03200791216701101,30536.385240234376,2.3652434391999527e-06,4.692760467529297,9.57510928856209e-06
889,0.9790544863603005,0.0023158434559119763,0.13440369012584194,49290.93556152344,1.8826072547521628e-06,5.770646572113037,9.42042788665276e-06
890,0.8492484851794375,-0.014989917105713553,-0.8699638866112369,47421.43882226563,1.946709788955091e-06,15.206256866455078,2.8433132683858275e-05
891,0.8852528915215645,0.022605401509010362,1.3119407409991837,42061.64388964844,2.0889978310863877e-06,32.880584716796875,7.36159345251508e-05
892,0.6812483454362882,0.09819336443446601,5.69880943039246,34447.16804736328,2.2436132031203445e-06,23.30443000793457,0.0001840855402406305
893,0.791317420179907,-0.006047269117961074,-0.3509629645143453,40663.63595751953,2.0323835051946808e-06,4.497960567474365,1.3738863344769925e-05
894,0.38908228909338743,-0.05523505480217242,-3.205655015568225,23387.85587890625,2.6961812452577997e-06,28.43012809753418,0.00011747379176085815
895,0.013063489736078071,-0.024020532548324557,-1.3940701410714977,22197.6945546875,2.746266877598206e-06,3.427159070968628,3.247097265557386e-05
896,0.30623035385476505,-0.008527691162016335,-0.49491823702615967,22402.688077148436,2.735179431726185e-06,2.0410943031311035,1.1673990229610354e-05
897,0.07118678016262839,-0.011692405842124429,-0.6785875304389344,21874.413368164063,2.8032191446238018e-06,2.9623491764068604,1.4492615264316555e-05
898,0.9726441388025646,-0.009309677614555591,-0.5403020752909544,17776.04457788086,3.0235135029357736e-06,16.16303825378418,4.4464959501056e-05
899,0.6978793040753442,0.04645776017724681,2.6962506411489904,29926.947737304687,2.394725517777363e-06,16.70314598083496,6.406453030649573e-05
900,0.6601715777659994,0.008973317227208264,0.52078086060944,42041.907368896485,2.0439389571068106e-06,5.809249401092529,1.733637873257976e-05
901,0.7823442252243354,-0.013027646422265822,-0.7560803595499167,43516.06820605469,2.0417276478556675e-06,8.925614356994629,2.583437890280038e-05
902,0.9348065621889228,0.0021325847201432275,0.12376797540503973,57907.748431640626,1.734348640220466e-06,6.544823169708252,8.67822382133454e-06
903,0.944647803232085,-0.007735816901806011,-0.4489605439807866,44505.17290771484,1.988563621487112e-06,23.753482818603516,4.061088111484423e-05
904,0.7849197222560192,0.03253313916922114,1.8881129225545918,44458.21295019531,2.0012800708126067e-06,25.870031356811523,9.01775129023008e-05
905,0.79970828356673,-0.00898384522349421,-0.5213918697632971,40488.688666503906,2.0692228889224147e-06,11.101207733154297,2.157697053917218e-05
906,0.21108831143748616,0.03950894016981815,2.2929647244630087,23725.687931884764,2.684220465755951e-06,12.561483383178711,5.864653576281853e-05
907,0.532073669281531,0.014636168415506003,0.8494335138782688,25215.22180908203,2.6057652842763068e-06,7.927880764007568,2.1119543816894293e-05
908,0.997070523111535,0.00036407797313677383,0.021129849238384565,26111.850779296874,2.5319603355849367e-06,4.269229412078857,8.995169991976582e-06
909,0.8122047141319975,-0.0070282011273447844,-0.4078929273264512,23412.926591796873,2.679730416336857e-06,4.220123767852783,1.2476164556574076e-05
910,0.5440517866812908,-0.0036775645622838158,-0.2134333590576507,22747.804423583984,2.719232807716408e-06,1.6952338218688965,5.002378202334512e-06
911,0.991684022524492,-0.0013579527091899196,-0.07881096395595348,30487.476256835937,2.3483575189431175e-06,3.5701346397399902,6.72277701596613e-06
912,0.44952708874811864,0.01585452383188835,0.9201427249989784,46557.18583203125,1.9632701495285116e-06,7.4399213790893555,1.6446670997538604e-05
913,0.8942906136306153,-0.011483911591730685,-0.666487232143122,44796.654921875,2.0050793122316123e-06,18.159103393554688,3.1621089874533936e-05
914,0.996199045644585,0.007289303141603317,0.42304640159348333,57609.26693798828,1.7358233417425214e-06,104.23332214355469,0.00015364862338174134
915,0.9695333887065598,-0.02549262318155531,-1.4795052825534536,36737.77810107422,2.207773705248737e-06,95.12499237060547,0.00016384629998356104
916,0.6956584024636162,-0.05744530752653368,-3.3339305781959525,36446.91751831055,2.1352504788866e-06,30.263608932495117,9.90437765722163e-05
917,0.6238269815274398,0.035159165341449486,2.040518564228476,27905.218990722657,2.4571502116885665e-06,20.208398818969727,5.350329229258932e-05
918,0.8962674836037869,-0.010315448151450938,-0.5986735818940856,23657.59703417969,2.6624752947964044e-06,9.243632316589355,2.304987356183119e-05
919,0.5482591739698569,0.016884307088698886,0.9799078483244837,27214.179524169922,2.4751095455098004e-06,5.544541835784912,1.891796273412183e-05
920,0.71752944873857,0.007835720851644027,0.45475862997925864,24195.034572753906,2.6293561913961406e-06,2.496696949005127,9.924334335664753e-06
921,0.6682464689325598,-0.017999438147766014,-1.0446262682720613,38452.24794189453,2.097028238997369e-06,6.5142059326171875,3.154042497044429e-05
922,0.9948677975259158,-0.0009692406075425266,-0.05625143355047223,47130.41847607422,1.93063039424274e-06,7.721307277679443,1.3287558431329671e-05
923,0.3749254679080472,-0.014898984183125833,-0.8646864485708906,43261.21236279297,1.988414630648993e-06,3.16623592376709,1.6716348909540102e-05
924,0.5153697345797459,-0.008508000544065272,-0.49377546042494996,40735.38051123047,2.082693534717415e-06,4.558216571807861,1.187543966807425e-05
925,0.32113083142287885,0.03581069873295054,2.0783313498182783,38018.18578222656,2.1413240827839384e-06,17.92337417602539,4.731688022729941e-05
926,0.8583850139871376,0.02499788821809191,1.450792545276672,39598.53821044922,2.085888778056776e-06,44.077640533447266,8.753209840506315e-05
927,0.9795822721814192,0.003880592222923191,0.22521639504736243,49368.384373535155,1.8614506311197885e-06,21.014434814453125,3.166222450090572e-05
928,0.8309968286946827,0.00971978396978443,0.5641032555244904,38023.46150976563,2.1386939983178804e-06,13.339707374572754,2.8508953619166277e-05
929,0.748816531468806,-0.01702323327682395,-0.9879706525228671,28880.795278808593,2.439475096989838e-06,13.492770195007324,3.367585668456741e-05
930,0.8885161567126565,0.005018523454678248,0.2912580595937667,22492.988719726563,2.7385456373371326e-06,5.621444225311279,1.5562172848149203e-05
931,0.8123960340664343,-0.014028149311244959,-0.8141461497556746,25259.950888916017,2.5779307350465653e-06,8.896754264831543,3.175661186105572e-05
932,0.15884452254344025,-0.03641550517764104,-2.113432262088829,28663.99324267578,2.429698620940501e-06,8.880501747131348,4.251597783877514e-05
933,0.8895871080623498,-0.006371775827584096,-0.36979623199302036,45500.905859375,1.946100513281239e-06,7.727697849273682,1.826427978812717e-05
934,0.9968303859523047,-0.0024824100611120334,-0.14407065027095495,81486.916765625,1.4887845061123928e-06,52.362545013427734,5.542596409213729e-05
935,0.7632220151605655,-0.04301599601555142,-2.49650233661924,32808.56649951172,2.2588284459790634e-06,23.850818634033203,0.00010651505726855248
936,0.6849852055015914,0.09684641269699452,5.620636925478353,44594.88205664063,1.93707057996299e-06,39.20036697387695,0.00020104891154915094
937,0.835528270901357,0.03337941716251129,1.9372280235257395,39139.86448779297,2.094532749760723e-06,10.765498161315918,7.024185470072553e-05
938,0.6665571735005384,0.010335677307991002,0.5998476134462518,32248.09298388672,2.278454021650781e-06,4.132081031799316,1.9229941244702786e-05
939,0.6811565046128787,-0.009377786129929556,-0.5442548622428899,29685.78416455078,2.405566572364466e-06,3.8401522636413574,1.5756510038045235e-05
940,0.2675193826294297,-0.014083991087133568,-0.8173870168028184,25640.399990234375,2.5660542714614704e-06,2.9219181537628174,1.6143892935360782e-05
941,0.2955698510616095,-0.01712892650824721,-0.994104728765519,26113.415158203126,2.553117919466261e-06,3.274103879928589,2.400803532509599e-05
942,0.46186746766451386,-0.0069356311719512,-0.40252048146102765,25198.3095703125,2.5769456111256982e-06,1.5585463047027588,1.0197334631811827e-05
943,0.06292650261477893,-0.003927149194374868,-0.22791840357398138,26659.293795410158,2.5271118567908634e-06,1.5518643856048584,4.92227900394937e-06
944,0.6290030980121173,-0.02464266758624165,-1.4301767460491255,34788.96054443359,2.2217494851881185e-06,14.308734893798828,4.021073618787341e-05
945,0.9935994270690952,0.0004135912107454365,0.024003429413976027,93538.48259375,1.3609539808178985e-06,29.83065414428711,3.4694716305239126e-05
946,0.9959905920806824,0.0008539733508287677,0.04956171339107957,60524.934696777345,1.720222289962318e-06,22.873924255371094,2.9071288736304268e-05
947,0.9303738023232913,0.05230633997318572,3.035682352114997,37854.23963818359,2.1652550066490626e-06,78.31817626953125,0.0002026947622653097
948,0.70791548842032,0.04146514629254749,2.4064962850140437,42907.361544433596,1.991363286181453e-06,30.84703254699707,9.067673090612516e-05
949,0.7516239443023977,-0.014892945362185162,-0.8643359759098981,34734.61306835937,2.1998537239095426e-06,16.518247604370117,3.288944571977481e-05
950,0.9486038907394255,0.002539521897656595,0.1473852273257457,29686.743467285156,2.38042920929983e-06,5.063066482543945,1.017818067339249e-05
951,0.748997707031916,-0.018000083993195224,-1.044663750947635,23469.316320800783,2.6527377946174503e-06,6.156519889831543,2.7035579478251748e-05
952,0.14914768309231072,-0.012125208100489119,-0.7037059038205692,24876.26024560547,2.6169719178563857e-06,2.2712926864624023,1.402401630912209e-05
953,0.2069195815679955,-0.008740477112802163,-0.5072676110391319,21545.615108398437,2.8065215229869917e-06,2.529313087463379,1.0377553735452238e-05
954,0.544061177754138,0.004877421383762346,0.28306897454698526,22622.99066381836,2.7215904784770603e-06,1.4746006727218628,7.279346846189583e-06
955,0.5879548716206795,-0.005357734540632748,-0.31094471914214494,22936.62529663086,2.691307915895411e-06,2.2092995643615723,8.358502782357391e-06
956,0.8371613556842676,-0.0010191334405589383,-0.05914704415451345,25717.94836303711,2.5680376384979755e-06,1.0393545627593994,2.386417918387451e-06
957,0.5152867732766626,-0.029921681959674012,-1.7365528140019835,36336.59709472656,2.1612794368279822e-06,5.559019565582275,4.704908133135177e-05
958,0.38782555993844714,-0.021831236361543764,-1.267010824721508,68703.40468212891,1.6379430306990589e-06,15.542093276977539,3.123645728919655e-05
959,-0.028748541341642977,-0.049987914487930905,-2.901128809774056,68075.94797753906,1.5970246312910714e-06,27.59946632385254,6.112797564128414e-05
960,0.4442753533151414,-0.034628795087863436,-2.009737675721972,51789.82689453125,1.78748725950782e-06,24.08911895751953,6.80306475260295e-05
961,0.6890570196027888,-0.09879494849048219,-5.733723326166821,63040.2024609375,1.6723141771111713e-06,56.679649353027344,0.0002088548062602058
962,0.808980484721573,0.06027239928305406,3.498005383611094,47595.886938476564,1.8591080781039955e-06,125.18225860595703,0.000268444768153131
963,0.41900011782428065,0.03436340650784281,1.9943354237342692,49900.878604003905,1.8613364120780312e-06,15.016572952270508,5.765374589827843e-05
964,0.8760102852102835,0.0076913286878927956,0.44637859911668987,32711.784770996095,2.286739554141363e-06,10.818216323852539,2.5058920073206536e-05
965,0.9457107305038386,0.008970090154106401,0.5205935722449828,24880.239627197265,2.605918329910281e-06,12.426290512084961,3.3072235964937136e-05
966,0.7670132462218054,0.01342539931490307,0.7791645867640665,22151.65336352539,2.7730808557882208e-06,6.415186405181885,2.7643736757454462e-05
967,0.6012643046475986,-0.023531651369671624,-1.3656971375870506,24287.120143066408,2.636911549798511e-06,7.954006671905518,3.910282248398289e-05
968,0.5265357826495609,-0.010228368578178779,-0.5936197791629538,22857.427555664064,2.7238935720090987e-06,3.1735403537750244,1.5182664355961606e-05
969,0.9061842693234373,0.008630378278419913,0.5008778485611233,40395.82907177734,2.0765201006879403e-06,11.488454818725586,2.327233596588485e-05
970,0.7304567140969691,-0.018547084464445952,-1.0764098008151206,47709.43317285156,1.9016344463228326e-06,31.46955680847168,5.3936098993290216e-05
971,0.9249121816903341,-0.04185051340534142,-2.428861683625259,38374.191904785155,2.113235768022491e-06,109.61835479736328,0.00019103728118352592
972,-0.21804939027040002,0.09988202243567604,5.796813406500499,54921.12340576172,1.763208206108859e-06,36.491939544677734,0.00013631391630042344
973,0.5254353471601598,0.019394863421193887,1.125612012608442,52412.427379882814,1.8090249239359475e-06,9.722639083862305,3.4602588129928336e-05
974,0.7920751231051557,-0.0035046135155481425,-0.20339586760586015,36716.31922802734,2.1713609235090726e-06,4.142454624176025,7.365163128270069e-06
975,0.21988319044630655,-0.03000456863135065,-1.741363274962611,29622.76191455078,2.3966270034851782e-06,9.189787864685059,4.3652842578012496e-05
976,0.9993067674413505,-0.00019239453236983593,-0.011165925332530148,33596.169910888675,2.2425558401297462e-06,6.424719333648682,1.347287525277352e-05
977,0.7858022520865585,0.009448452822546746,0.5483561171150583,29747.522938964845,2.39380724133365e-06,3.7348556518554688,1.851572778832633e-05
978,0.816560469094169,0.007497076242094892,0.4351048467978281,29300.659668457032,2.3989436553147215e-06,3.954859972000122,1.635867010918446e-05
979,0.9779355581900061,0.0013640350629977255,0.07916396311672713,41970.555840820314,2.03641045578018e-06,5.488572597503662,1.0232322892989032e-05
980,0.5793430350823127,-0.023440521434881362,-1.360408265627475,57522.74190332031,1.752923864913331e-06,30.75990867614746,4.438532778294757e-05
981,0.7366969685359253,0.013101304956147242,0.7603552507294778,51942.51344384766,1.8482370343979338e-06,20.02947998046875,3.615996683947742e-05
982,0.5352993746218946,0.06460116536518051,3.7492322675544503,41719.005297363285,2.1160851973390524e-06,31.849451065063477,0.00014588082558475435
983,0.9973690023626828,0.00029615248378232463,0.01718768449510903,36460.70065722656,2.1395730433456745e-06,8.66858196258545,1.6486283129779622e-05
984,0.9519728891450616,0.0010971728585224593,0.06367618696975598,34949.03617919922,2.207654040848141e-06,2.8540382385253906,6.15386579738697e-06
985,0.8565061517383055,-0.0038637018626202237,-0.22423613589103705,29386.9302109375,2.42351191444145e-06,4.397982597351074,7.8475177360815e-06
986,0.16731548271677268,-0.03147376176093912,-1.8266302551724038,28634.68003442383,2.4392149539886194e-06,4.960367679595947,2.972027323266957e-05
987,0.9820554965702373,-0.00039079539810365474,-0.022680437857421853,29382.98255810547,2.401204601808582e-06,1.0659109354019165,2.2743008685210953e-06
988,0.9870877153211436,-0.0007821795637023023,-0.045395045780938274,23018.69820410156,2.7111773039705675e-06,2.0973775386810303,4.8947331379167736e-06
989,0.6771671630882015,0.01836972353615812,1.0661163748129547,27377.720096435547,2.4790999204771365e-06,6.283583641052246,2.9171500500524417e-05
990,0.7862081571606312,-0.015144896004363058,-0.87895833561726,47288.95046533203,1.9246702401934962e-06,6.524826526641846,2.3796896130079404e-05
991,0.5245328043747082,-0.021871937168723866,-1.26937296135995,51282.78817919922,1.8447142339372002e-06,16.34515380859375,2.5579249268048443e-05
992,0.6935656216057062,0.02217065431615973,1.2867094902245209,40517.20883349609,2.0973252848006393e-06,6.293842792510986,3.49680231011007e-05
993,0.901780943187541,-0.03916688769656878,-2.273113160444714,44912.151336425784,1.9388339833603423e-06,70.26712036132812,0.000134160669404082
994,0.7773987239206765,0.03391344732052647,1.9682213204571435,44848.20721142578,1.950319731867197e-06,40.65062713623047,8.353048178832978e-05
995,-0.2737913478614769,0.02355989650016395,1.3673363890470587,38033.280509765624,2.1187640182782186e-06,6.075984001159668,3.526184809743427e-05
996,0.5103058011993611,-0.009533682480262658,-0.5533025570291802,27368.96722216797,2.493034590029991e-06,5.776947498321533,1.5773337509017438e-05
997,0.7219884037525098,0.008100557739089126,0.4701288636032953,22812.431341308595,2.7277683117912536e-06,3.801326274871826,1.4741651284566615e-05
998,0.6386207238196345,0.005967038517597823,0.3463066529133583,23993.804593261717,2.6404307521787154e-06,1.4269744157791138,9.04687385627767e-06
999,0.390947555025006,0.01049822757102456,0.6092814787305667,21235.762380126955,2.8050745961965428e-06,3.227033853530884,1.3396256690612063e-05
