state_idx,cos_sim,mean_A,mean_safe_delta,mean_sigma_i,mean_alpha_i,v_unbiased_norm,v_intentional_norm
0,0.6580323091298288,-0.03993942572805557,-1.3556988991256216,43733.559425292966,1.5857790741031682e-06,28.68084716796875,4.559784065349959e-05
1,0.8229354823317875,-0.025944550078712072,-0.8806585808095918,43116.916731445315,1.614204261995249e-06,38.583587646484375,5.883414269192144e-05
2,0.9589467087082535,0.02202157765645918,0.7474976928599056,45114.90223779297,1.5656189977072936e-06,51.82176208496094,8.464362326776609e-05
3,0.7200555362595641,-0.07111462465842082,-2.413905973951683,48982.39356933594,1.5076426374574416e-06,47.22773361206055,0.00010613253834890202
4,0.8899973096906083,0.09174013852795714,3.114015851274948,67199.46190917969,1.2868994850771783e-06,59.18882369995117,0.0001622048148419708
5,0.9714636021368366,0.007052431584011329,0.2393868604847462,45350.91287451172,1.546836386828639e-06,15.058116912841797,2.1503801690414548e-05
6,0.9946839115702882,0.0022574713524262857,0.07662732679559088,53410.45304199219,1.4198328131753473e-06,16.870864868164062,2.0585061065503396e-05
7,0.9713184771502761,-0.006470029275583592,-0.2196178689684492,66089.14465429688,1.28862524505709e-06,21.947420120239258,2.6543517378740944e-05
8,0.590996744477237,-0.038505078537467666,-1.3070115964967808,97260.72759960938,1.0616279270720288e-06,46.98711013793945,5.8679554058471695e-05
9,0.5135814227108478,0.05665490533390828,1.9230870597443883,41569.913513671876,1.6296024713821163e-06,15.568804740905762,8.616634295322001e-05
10,0.7181274593406204,0.04533950107517211,1.5389983850303162,42877.60629248047,1.601087644316305e-06,22.20500946044922,5.251450420473702e-05
11,0.6373280299986491,-0.07780653830797414,-2.6410554585115062,36071.99995117188,1.7464732430811396e-06,15.511024475097656,6.573575956281275e-05
12,0.9940539663818334,-0.0033123747783850364,-0.11243483747423152,45254.369061035155,1.55148386536587e-06,13.805440902709961,1.86499619303504e-05
13,0.7534525020580302,-0.021807915554962996,-0.7402451730626626,35220.069046875,1.7707685246238972e-06,17.121856689453125,2.4426182790193707e-05
14,0.8549827991783593,-0.024188698601458895,-0.8210581766638679,30305.640912109375,1.873374131481489e-06,24.940282821655273,5.042819248046726e-05
15,0.9952691229658758,-0.0011828006745535037,-0.040148838976691366,40640.36094433594,1.6257632943897362e-06,11.311466217041016,1.6418865925516002e-05
16,0.5568018152044145,-0.02049742134301746,-0.6957619205356473,45320.039456054685,1.5459909027174724e-06,14.920879364013672,2.6690388040151447e-05
17,0.9126889005896506,-0.013910487832756205,-0.4721758687662046,47685.449137695316,1.5101006678045038e-06,23.577425003051758,4.057942715007812e-05
18,0.49716741420578975,0.053647439026379216,1.8210019974794471,27483.377649902344,2.022748756434866e-06,22.892301559448242,8.582609007135034e-05
19,0.7246575395195929,0.026983937453725848,0.9159394165848899,33129.45933984375,1.8543387603007153e-06,14.361364364624023,3.0513076126226224e-05
20,0.9001635328131439,0.011237010260408496,0.3814276785857224,37643.25015771484,1.7044140493529368e-06,9.184699058532715,1.6265919839497656e-05
21,0.9976183944949051,-0.0015364199572062635,-0.05215204792281254,29833.45229736328,1.9288700339304016e-06,10.954620361328125,1.818607051973231e-05
22,0.9190215569466191,0.006451914874776323,0.21900299600057166,18182.90913769531,2.452706717192752e-06,8.139769554138184,1.9009523384738714e-05
23,0.9721346818725545,0.006067070340328099,0.20593988099139726,35546.00850683594,1.7607966485574977e-06,17.44080352783203,2.7432237402535975e-05
24,0.8184836070292114,-0.08425694307046688,-2.8600071954485564,24674.853601074217,2.1164312412033268e-06,57.42681884765625,0.00014308215759228915
25,0.9915989337555114,-0.0019421015409495906,-0.06592245314148423,32952.03055761719,1.8313615892989879e-06,6.955834865570068,1.109825461753644e-05
26,0.7090559094510506,0.016874691601378194,0.5727924327916105,42850.14624365234,1.615470431545579e-06,8.629631996154785,1.683989648881834e-05
27,0.939290933885238,-0.008754812590871136,-0.2971722696342575,49734.25428759766,1.4895644576131661e-06,9.822861671447754,1.2950081327289809e-05
28,0.8173859864358143,0.01561318402516536,0.5299719765347991,41369.257010742185,1.6183101087530212e-06,8.910684585571289,1.4501259101962205e-05
29,0.6842398843698826,0.02310239104271333,0.7841846880080534,27210.079512695313,2.048819973666749e-06,9.41549301147461,2.3380009224638343e-05
30,0.9598848233072488,0.01562822332049451,0.5304824685048184,26648.166926269532,2.0436993730504156e-06,21.911584854125977,4.4027037802152336e-05
31,0.8012111883046947,-0.0244578587329722,-0.8301945146889981,41472.09771826172,1.6252546138351937e-06,10.702458381652832,2.498389767424669e-05
32,0.9988166630272381,-0.00028103585213520475,-0.00953944600878158,30678.510244628906,1.9034743521501696e-06,5.9696502685546875,9.214683814207092e-06
33,0.7480200128468514,-0.02158504623280848,-0.7326801245126152,30852.456216308594,1.8900773168985599e-06,12.623537063598633,3.20718863804359e-05
34,0.7499693406213741,0.012514164594059119,0.4247792464308108,29644.683572265625,1.918036033633103e-06,5.130638122558594,1.3287652109283954e-05
35,0.8305618970101154,0.023348391900990053,0.7925349105430621,35069.503192871096,1.776272615062678e-06,10.981345176696777,2.5758996343938634e-05
36,0.6655073881196509,-0.006153988573610479,-0.2088902226907796,45418.44842578125,1.5809038869938419e-06,3.0437052249908447,5.421030436991714e-06
37,0.7404414247591868,0.03928109369601719,1.3333525585154553,35222.64465673828,1.7682302423137339e-06,28.870277404785156,5.0124155677622184e-05
38,0.9094725031060817,0.010048096892801908,0.3410713511163525,27760.80956298828,2.0225754040430467e-06,7.021799564361572,1.6945503375609405e-05
39,0.7152866720550828,-0.02866502613377608,-0.9730020816415815,27854.664304199217,2.0020589996019837e-06,13.912317276000977,2.56948551395908e-05
40,0.6944962622039133,-0.04659915621499614,-1.5817559624167572,34612.50780664063,1.7983779981379e-06,19.4027099609375,4.2183412006124854e-05
41,0.9560413846729487,-0.01303793224543561,-0.4425579504413175,22149.576025878905,2.2113448559764592e-06,20.45089340209961,4.4356464059092104e-05
42,0.9836916497851749,-0.012359790586447794,-0.4195391943179614,27144.70895996094,2.00831476839631e-06,29.43120574951172,4.7671586798969656e-05
43,-0.6102349100101284,-0.13604690327156704,-4.617959162721608,28155.40671386719,1.9651684564512976e-06,39.32924270629883,8.025129500310868e-05
44,0.7026030881686639,-0.04529762403429655,-1.5375769159636297,37978.59378125,1.7076707354636692e-06,24.975053787231445,5.494983270182274e-05
45,0.1359373052241814,0.10468011023383288,3.5532486413460758,37413.95204345703,1.7224242644310722e-06,16.254261016845703,7.779314182698727e-05
46,0.5240390359522591,0.030252219568981158,1.026877578186226,39452.98404052734,1.6799851266314585e-06,7.677757263183594,2.218801819253713e-05
47,0.6260392556865141,0.037516025547265644,1.2734393048187884,38472.435064941405,1.6963495329896564e-06,15.280097961425781,2.833096732501872e-05
48,0.9977084973910003,0.0016152783077542953,0.05482880596517295,49845.87051953125,1.4834386060645913e-06,10.993030548095703,1.416803388565313e-05
49,0.6165562250865974,0.05892386421925554,2.000104317928594,43951.13020800781,1.6026598789036597e-06,12.430627822875977,4.3069234379800037e-05
50,0.9427069056714227,0.016594556586651953,0.5632835646957898,34626.28626171875,1.7979776086527368e-06,27.340538024902344,4.7713205276522785e-05
51,0.9983615364986337,0.0006309768256984567,0.02141779888868779,38509.69196142578,1.6751172747345822e-06,9.675029754638672,1.4126560017757583e-05
52,0.9971437366925319,0.0010030062902563715,0.034045920759483005,29357.092145507813,1.935086199173201e-06,9.45533561706543,1.5475314285140485e-05
53,0.8656323549330909,-0.012352042846920675,-0.4192762060111404,38570.277009765625,1.7047467169468247e-06,9.043000221252441,1.4384954738488887e-05
54,0.8935420659186835,0.014416589918624604,0.48935493501840155,24308.58178637695,2.1457786042903245e-06,10.239919662475586,2.2337209884426557e-05
55,0.8479977695212099,0.01419815650093857,0.481940458257881,29186.54919921875,1.9395718225911385e-06,5.762303829193115,1.4885957170918118e-05
56,0.9535189697276555,0.004702711820819359,0.15962826510826347,30679.071586914062,1.8983003276951054e-06,5.230074882507324,9.01102066563908e-06
57,0.9682312766564255,-0.0021091898127876155,-0.07159407665780566,38546.9833930664,1.6872737180717213e-06,2.697620391845703,3.978207132604439e-06
58,0.5939542151447602,0.03254363952010259,1.1046572519932947,36776.02910400391,1.7374258531816741e-06,4.081616401672363,2.1201787603786215e-05
59,0.9013670013019133,-0.010933697919400735,-0.3711320822094684,31822.75949658203,1.879989116510123e-06,9.034385681152344,1.3434337233775295e-05
60,0.4747439345348714,0.04654082171341521,1.5797758633509171,36467.997660644534,1.744487542564616e-06,12.136894226074219,2.9314596758922562e-05
61,0.554759526132703,0.0771117671240388,2.6174722318617625,28644.92340966797,1.9897468567869443e-06,26.38502311706543,7.74577129050158e-05
62,0.8123466397452055,-0.018782932284023474,-0.6375655171705299,38614.67886230469,1.6770280159849414e-06,12.857855796813965,2.2555428586201742e-05
63,0.7775012619204273,-0.007098591873946949,-0.24095371962476336,26749.699654296874,2.0344896073701973e-06,5.605251312255859,9.415639397047926e-06
64,0.6691695017032259,-0.010514805247722575,-0.3569132414651721,23740.909342285155,2.1566379982744342e-06,5.315215587615967,1.0388287591922563e-05
65,0.9035204360397187,0.011046693556315216,0.3749675920541518,28026.838833496095,2.0035835197374394e-06,7.952918529510498,1.9220808098907582e-05
66,0.9141293770674279,0.01346453937346609,0.45703864973248937,35002.67110644531,1.7814098306238775e-06,11.486920356750488,1.8898519556387328e-05
67,0.9746190417629607,0.0029143485701208153,0.09892428536862366,34787.639654785155,1.7684250961106209e-06,4.916236400604248,7.196668320830213e-06
68,0.9991528888143216,-0.0005094900281326549,-0.01729406614301235,46051.515552734374,1.5488736957303276e-06,9.63306999206543,1.3063577171124052e-05
69,0.3925675442312129,-0.1011803232988273,-3.434452308938412,30047.329797851562,1.914405588220911e-06,32.13735580444336,0.00011265749344602227
70,0.7542943366642041,0.03564218141861588,1.2098337727903445,31867.30510205078,1.8553297432363858e-06,24.80438804626465,4.743652243632823e-05
71,0.5989421128895521,0.04786851029750264,1.6248427595072286,35100.87928173828,1.7699314816885022e-06,12.831557273864746,4.038767292513512e-05
72,0.6574782783454476,-0.02620906246486301,-0.8896371563442423,36900.87157226563,1.7087829722436049e-06,15.359039306640625,3.0088634957792237e-05
73,0.30679379650514166,-0.027624220258453902,-0.9376730964682521,27224.65384375,2.007279825032543e-06,10.863730430603027,3.543839920894243e-05
74,0.8040710540583634,-0.017391720568941282,-0.5903423997569333,33834.37843994141,1.8324065281429993e-06,18.4392147064209,3.4264594432897866e-05
75,0.9851449368172169,0.0033787118204442125,0.11468657377868471,31997.408232421876,1.827709795495383e-06,15.51164436340332,2.4622826458653435e-05
76,0.8815080736826776,-0.011363330244859004,-0.38571546842584575,35519.98650097656,1.764296854008852e-06,11.909808158874512,2.1625137378578074e-05
77,0.7056828598459217,0.05388135364459846,1.8289419661852677,41262.06926708984,1.6336894736888141e-06,13.100088119506836,6.027103154337965e-05
78,0.8241598828082292,0.014957490321787557,0.5077151910245242,34374.98974023438,1.7807305154301125e-06,9.072419166564941,1.859980693552643e-05
79,0.7329169975471959,0.043080235195543166,1.4623101450265668,35174.77729638672,1.7679919150022104e-06,35.71683883666992,6.631729775108397e-05
80,0.9055713862924205,0.026220950312479858,0.8900406759651018,35812.41339501953,1.7594141559086805e-06,25.059268951416016,4.4944074033992365e-05
81,0.6439015321741638,-0.05898458831299573,-2.002165529013464,24167.102329345704,2.1531247301127603e-06,14.456780433654785,5.576123294304125e-05
82,0.9866663139540202,-0.007676671000182065,-0.2605759655824446,34417.80244238281,1.8014187152911183e-06,16.74102020263672,2.9889222787460312e-05
83,0.818092177190855,0.014120007339936565,0.4792877728572598,31055.957665527345,1.862956804352885e-06,6.374918460845947,1.6931611753534526e-05
84,0.7708074655078205,-0.014878413807746991,-0.505031027667709,26468.12468359375,2.014207232938499e-06,7.181900978088379,2.2138172425911762e-05
85,0.783178772606051,0.02189064811189004,0.7430534366844666,29914.221061523436,1.9540347707288113e-06,14.399374008178711,4.034005178255029e-05
86,0.8174794177403808,0.008575125195779165,0.2910729830453215,25386.49278417969,2.0932605499020993e-06,8.375082969665527,1.732421515043825e-05
87,0.281620256514813,0.03499027040366623,1.1877053863855729,28657.69487548828,1.9581830383215293e-06,8.448758125305176,2.955229501822032e-05
88,0.9263311130520239,-0.00373822272562622,-0.1268897672271207,40357.39350341797,1.6548758326172651e-06,4.66304874420166,6.463735189754516e-06
89,0.1069552223040003,0.031017207569815283,1.0528442357350005,45568.08329931641,1.5974250544076583e-06,7.9384446144104,2.180518458771985e-05
90,0.9009163626033364,0.008242742065265842,0.27979061140600403,27183.640515625,2.0232986276736575e-06,8.535737037658691,1.6169455193448812e-05
91,0.7015889341198874,0.026217017255618705,0.8899071727722127,21915.99122705078,2.261234007318512e-06,6.8842315673828125,2.7885305826202966e-05
92,0.9729196382365065,0.011492702332605834,0.3901068584806296,38496.416310546876,1.7059157551509298e-06,16.136350631713867,2.7519861760083586e-05
93,0.8869817520064904,-0.004922347386241791,-0.16708354742202144,44862.208962890625,1.5566118418355678e-06,6.5527215003967285,9.878614037006628e-06
94,0.5666938108242302,-0.016124210258010516,-0.5473181874194948,25768.055377441407,2.079754525109885e-06,10.601877212524414,1.70070597960148e-05
95,0.8465443393241134,0.01616666747508417,0.5487593499148847,32283.59216796875,1.8654124312715275e-06,11.078393936157227,2.8746424504788592e-05
96,0.8841458697529215,-0.013042876376657742,-0.4427257734165554,37655.34336279297,1.7071361586914607e-06,15.60244083404541,2.2654863641946577e-05
97,0.6276429704996943,0.06178710459941132,2.0972937932540376,39764.27319091797,1.6547849585271402e-06,15.548136711120605,5.6685654271859676e-05
98,0.885655505137826,0.004926777430612829,0.16723392029712952,40195.10718945313,1.6536828963653259e-06,4.404024600982666,6.769525953131961e-06
99,0.6925680312680826,0.016905497607170285,0.5738381080204724,55764.65147949219,1.4044921125056577e-06,6.72678279876709,1.3091891560179647e-05
100,0.995595608220386,0.0009624288395478793,0.03266856481978093,47227.33848339844,1.5490005446878504e-06,9.27039623260498,1.2395935300446581e-05
101,0.8895376133888426,0.019096199540253173,0.6481990219508548,37103.43998876953,1.7262871128489463e-06,19.9488582611084,3.497526267892681e-05
102,0.884784226211539,-0.016318172297318294,-0.5539020107561685,40959.610700683595,1.634835228134409e-06,16.69199562072754,2.5563353119650856e-05
103,0.6289706738654443,-0.035525145546669024,-1.205861121710259,43783.01765966797,1.576691876378088e-06,14.348176956176758,3.9137990825111046e-05
104,0.24382091804722994,-0.0315081944042349,-1.069510231772101,31707.79533203125,1.8586411794845925e-06,11.191643714904785,3.9330017898464575e-05
105,0.8990310234168697,0.008667567735507689,0.29421084111558166,29201.37771044922,1.9474645903867642e-06,13.60693645477295,2.6974752472597174e-05
106,0.6198561378212126,0.017399987059189492,0.5906229964737072,31414.05242675781,1.8766252597355117e-06,11.506242752075195,2.8911797926411964e-05
107,0.9949412094231234,-0.0013557311674841123,-0.04601877011910619,29350.367668945313,1.923379831663e-06,6.95794153213501,1.1801439541159198e-05
108,0.24995099932313614,0.039053925175107564,1.325641578497612,35215.058983886716,1.7766459377931512e-06,6.549260139465332,2.9408984119072556e-05
109,0.2743793806703531,0.03568933627786902,1.2114343914675683,40876.08418359375,1.6316554393709532e-06,7.433193683624268,1.9697063180501573e-05
110,0.9808867044857722,-0.007810644814959884,-0.2651235560871915,43297.319705078124,1.5837233555974207e-06,15.78142261505127,2.2284992155618966e-05
111,0.6040879328050964,0.027589143719204956,0.9364824627829128,56748.52693701172,1.4060382226221897e-06,9.7094144821167,1.9501378119457513e-05
112,0.31142705821109334,-0.04289474289283561,-1.4560138173755592,33303.35708154297,1.8137856714393652e-06,5.064053535461426,3.237320561311208e-05
113,0.9808067176627383,-0.007927605784333509,-0.2690936646836479,42164.50757128906,1.612361024739448e-06,16.88951873779297,1.9657565644592978e-05
114,0.7346275027282078,-0.02183947294577272,-0.7413163532111035,34202.1232211914,1.7902826274906612e-06,14.335947036743164,2.951841634057928e-05
115,0.8571790798218358,-0.00851144349586285,-0.28891137934428596,26686.20052001953,2.0247406598808055e-06,7.8790483474731445,1.3934326489106752e-05
116,0.6758388344902128,0.024948252063462295,0.846840364902537,28918.21157714844,1.946011507409047e-06,14.318086624145508,3.3280401112278923e-05
117,0.8637423739714009,-0.006440821689990181,-0.21862645031599498,20317.081594726562,2.3436661286299795e-06,6.977283000946045,1.2813907233066857e-05
118,0.7388590044087389,0.013428058396731862,0.4558003439958378,37365.042406738285,1.7215536625611892e-06,7.014643669128418,1.3602303624793421e-05
119,0.3289173276306704,0.03407763394067305,1.1567269678022372,56485.13333984375,1.3965051505065627e-06,6.847469329833984,1.8808086679200642e-05
120,0.998926389083665,-0.0013733767311397008,-0.0466177289370225,39658.9715024414,1.6617922375877316e-06,8.612995147705078,1.2145758773840498e-05
121,0.7025068295083855,0.03036413396735828,1.0306763866044848,35653.062984375,1.7568415255276217e-06,11.501961708068848,3.091317921644077e-05
122,0.9978774216923301,-0.001961654370668876,-0.0665861519614351,33623.301173339845,1.8270790806769449e-06,21.143625259399414,3.10197428916581e-05
123,0.91136526195577,-0.004420897685156556,-0.15006240114022634,40686.666845214844,1.643499039479905e-06,5.699189186096191,9.057396709977183e-06
124,0.4689435390030674,-0.022167990400728137,-0.7524675088401077,22841.046224609374,2.194503717590319e-06,5.154127597808838,4.4025811803294346e-05
125,0.3685876304808202,-0.025970692979674213,-0.8815459721881169,27748.848259765626,2.014380481934223e-06,5.298486709594727,2.6744051865534857e-05
126,0.9905886653428441,0.0012586732427821898,0.042724247995384615,27272.78484863281,2.0011961294558594e-06,4.944631099700928,8.739128134038765e-06
127,0.2613451881466034,0.04398785497678171,1.4931182779884131,35361.73777246094,1.7715941005972953e-06,10.783173561096191,3.098673914792016e-05
128,0.2849110317950244,0.03995491076322962,1.3562245212334938,35688.34360400391,1.741717184750141e-06,6.472465991973877,2.6204743335256353e-05
129,0.635477924460409,-0.026089193069104552,-0.8855683244843382,44098.632641601565,1.5636688215183463e-06,9.169726371765137,1.8845845261239447e-05
130,0.5381149232364725,0.0423805368600607,1.4385596717575613,35138.708081542965,1.7755851037483717e-06,14.644831657409668,3.9227117667905986e-05
131,0.9784922579793289,-0.008467688347821977,-0.28742616004158517,27902.86386669922,1.9821237850245655e-06,12.403947830200195,1.7746531739248894e-05
132,0.813203415285759,0.04708044028842389,1.5980926091416086,32546.009900390625,1.851660509131925e-06,21.858121871948242,5.415154009824619e-05
133,0.45277620845311684,-0.06057261575224791,-2.056069334887747,30503.2248125,1.8800056072839732e-06,19.648704528808594,5.543660881812684e-05
134,0.29574167435108006,-0.01949023017281281,-0.6615739487317281,20848.6001953125,2.29254739247863e-06,7.1316094398498535,1.8665718016563915e-05
135,0.6324185070345952,0.01375400744510523,0.46686431795128736,31266.679479003906,1.8887606937421002e-06,3.810389995574951,1.3348315405892208e-05
136,0.42082708821358816,0.02312332327739594,0.784895209178505,29293.232146728515,1.9408107866243963e-06,3.9949989318847656,1.4493129128823057e-05
137,0.2333877287574541,0.017536792058779477,0.5952666883635668,29798.33071533203,1.9158809085044966e-06,2.6651875972747803,9.08389120013453e-06
138,0.37994026461271285,0.05159254473453983,1.751250921231266,39196.364915527345,1.6950677183949186e-06,16.32282257080078,4.092731251148507e-05
139,0.010349642734251315,-0.040510667891872305,-1.3750890720813755,41089.729740234376,1.6422729052872109e-06,7.531015872955322,2.763757947832346e-05
140,0.6867770222462256,0.016597517788905763,0.5633840793767697,39252.186344726564,1.7123960371588143e-06,7.283430099487305,1.4821417607890908e-05
141,0.9807375471852922,0.001590710898659219,0.0539948928866189,30257.804611816406,1.9069872225733258e-06,5.979943752288818,9.421609320270363e-06
142,0.04368875748360627,-0.0993715549580821,-3.373055701360275,37165.07487744141,1.7572930905955476e-06,17.203941345214844,6.701002712361515e-05
143,0.7071984720993496,0.038675046655297196,1.312780973147234,43773.18925878906,1.5690845301674276e-06,20.359569549560547,4.001872366643511e-05
144,0.47203458387567143,-0.06182271487535563,-2.0985025440313763,35962.541200195315,1.7545803110527112e-06,14.696077346801758,6.0378202761057764e-05
145,0.8566978070111783,0.02012256771418916,0.6830379355841365,30522.739569335936,1.9022141465638855e-06,15.963584899902344,3.794656731770374e-05
146,0.596902549752452,-0.030860113611812193,-1.0475118579643687,34225.293914550784,1.7921649658673554e-06,10.197904586791992,3.4788336051860824e-05
147,0.6863262240729207,0.02995627942858121,1.0168322228704267,42554.86079492188,1.6144973870380876e-06,15.42763614654541,3.16891455440782e-05
148,0.701492945128576,0.0392838109127219,1.3334447913813041,40112.71198730469,1.6394619557878028e-06,14.072036743164062,3.3843753044493496e-05
149,0.8569941375636002,0.01635881712919503,0.5552816538738643,39071.806267578126,1.6833211699175985e-06,11.742903709411621,1.8397295207250863e-05
150,0.9619533234661652,0.026383662847722106,0.895563770022684,50707.92880126953,1.4741024580595073e-06,42.49677658081055,5.643695476464927e-05
151,0.2639797582162773,0.035082245215476614,1.1908273679575567,58518.61713769531,1.3754614864280844e-06,12.408767700195312,1.9421870092628524e-05
152,0.9975944030761008,0.003982129703019012,0.1351689153298484,35163.67973486328,1.7984202140451255e-06,75.51122283935547,0.0001090215373551473
153,0.9575478954592205,0.008375639267658873,0.284301657513874,37065.64138574219,1.7240393853882883e-06,16.980180740356445,2.6529929527896456e-05
154,0.8471974056275833,0.01213653798051167,0.41196113563090514,19814.227458007812,2.3624983702164453e-06,9.196148872375488,2.757377842499409e-05
155,0.9289123404017747,0.005295290967767931,0.17974269796548542,30804.44657324219,1.9058344733298374e-06,6.22749137878418,1.2827753380406648e-05
156,0.99798553912109,-0.0006735900962994311,-0.022864258445598785,25535.90408911133,2.0783366669232717e-06,6.016438961029053,1.0370447853347287e-05
157,0.8602719129481136,-0.008322422461909198,-0.2824952728787755,24428.2744140625,2.1456721790562295e-06,5.594529628753662,1.0735079740697984e-05
158,0.8328697474253903,-0.008265145092746073,-0.2805510569842361,26954.369430908202,2.0189391681352115e-06,4.4662604331970215,8.849313417158555e-06
159,0.8431776462344316,-0.011192384308192017,-0.3799129008143982,39100.89346679687,1.6852652142501735e-06,5.814028263092041,9.723448783915956e-06
160,0.9180589222693964,0.02962308271221364,1.0055222349740691,34725.10285107422,1.7849283271693365e-06,20.79486846923828,3.4137392503907904e-05
161,0.6468902680689542,0.0502560634924162,1.7058855681842313,33257.43565258789,1.839387625939889e-06,11.712698936462402,3.6975572584196925e-05
162,0.8305923413937442,-0.009179600165196785,-0.3115912062207941,29245.62705761719,1.964024561453441e-06,5.756262302398682,1.010906089504715e-05
163,0.9936388742642142,0.012490995462681504,0.4239927963171762,30894.557127441407,1.9080669874046948e-06,76.38187408447266,0.00012166587839601561
164,0.9905364511074802,-0.0031951789746336016,-0.10845675768886406,36704.22432568359,1.7101805340120724e-06,10.831660270690918,1.603324562893249e-05
165,0.42882726095604023,-0.03190568236536545,-1.0830025136839523,24610.397984375,2.1431462970865485e-06,13.471999168395996,3.996917439508252e-05
166,0.7149113080406877,-0.008862877261852021,-0.3008404033846195,26513.19502685547,2.0526822000047464e-06,5.342737674713135,9.419491107109934e-06
167,0.9892914318514429,-0.0028086798922730923,-0.09533748091115274,21302.50895703125,2.269328047384805e-06,8.204819679260254,1.5010489732958376e-05
168,0.933841223067892,-0.009068213947342866,-0.30781032629651794,25614.45148535156,2.0687954327078226e-06,8.88350772857666,1.5700936273788102e-05
169,0.9205116989639298,-0.006782751500150568,-0.23023287326180727,36109.01445239258,1.7768236821655954e-06,6.5068793296813965,1.0718216799432412e-05
170,0.18693459060037634,0.06684923182221435,2.269122010062051,39109.465097167966,1.6893241225722912e-06,9.441435813903809,3.522776023601182e-05
171,0.9254163293805099,0.01623807822768134,0.5511833076187561,37556.77389013672,1.737307598862038e-06,15.120038986206055,2.8165439289296046e-05
172,0.9908628158784014,-0.005219211690332736,-0.17716027243519758,39493.71631445312,1.6732320752764242e-06,10.966736793518066,1.5901470760582015e-05
173,0.8443591287440483,-0.023685298769349147,-0.8039708353771401,40573.25849560547,1.652251017130367e-06,12.635862350463867,2.0194926037220284e-05
174,0.6337220227186766,-0.06392100858349004,-2.1697267646681238,32868.67722412109,1.8377120521882623e-06,21.022823333740234,6.15190583630465e-05
175,0.9924723322723462,-0.00674939867552996,-0.22910074913141137,21984.238850585938,2.229640629003601e-06,46.181861877441406,8.317650645039976e-05
176,0.7378586638281541,-0.03352031217441445,-1.1378093070897348,21936.629798339844,2.2439338988412246e-06,20.385013580322266,5.196639904170297e-05
177,0.7662753488567454,0.04268115108458305,1.4487636836034343,27969.09654345703,1.9540936134534744e-06,18.939899444580078,5.72319513594266e-05
178,0.5728681425227197,-0.014843330262817983,-0.503840156182437,20645.445524902345,2.3126972833920055e-06,4.228326320648193,1.2989185051992536e-05
179,0.8723665573994769,-0.010687371587843126,-0.36277081184989673,26859.719274658204,2.032316524908226e-06,7.114552974700928,1.508963032392785e-05
180,0.547837664346825,0.052065853562943215,1.7673168572309956,31318.55667504883,1.8560035231457691e-06,12.244593620300293,3.2751468097558245e-05
181,0.8888997496806982,-0.01185955550083992,-0.40255927679285236,34861.44820849609,1.7809158597189012e-06,6.97232723236084,1.3074664821033366e-05
182,0.9614994722331069,0.01376867250082238,0.46736210677846596,34835.79592529297,1.7952766291141822e-06,15.451401710510254,2.384360777796246e-05
183,0.8846644295605164,0.023716929714533458,0.8050445122461228,35529.508108886715,1.7791034205846827e-06,14.951982498168945,2.4984899937408045e-05
184,0.9796745073680508,-0.015089645868760737,-0.5122010624730721,33389.560985839846,1.8175978491251607e-06,28.605880737304688,3.999376713181846e-05
185,0.2980828276149891,0.13464813302380838,4.5704794794149946,37309.56012841797,1.7450939777491912e-06,31.87496566772461,9.728896839078516e-05
186,0.4207965216072367,-0.030859934801851174,-1.0475057884612928,30596.055548339842,1.8919324270351182e-06,11.435239791870117,2.3822654839023016e-05
187,0.7034791200625089,-0.03223412636065377,-1.0941511758071543,22912.418247070313,2.1947495779047575e-06,7.5434393882751465,4.4098051148466766e-05
188,0.862311739610119,0.006742004218491341,0.22884975260143756,29989.09251953125,1.9062333675412726e-06,4.362833499908447,9.159491128230002e-06
189,0.7575523800422189,-0.011865067310340758,-0.4027463689689731,23022.270325927733,2.2003700347248256e-06,5.801976680755615,1.1982569958490785e-05
190,0.5610740555819106,-0.021933075985028437,-0.7444936031329682,28881.180557128908,1.9418533020970084e-06,3.9965617656707764,1.4098607607593294e-05
191,0.678496459153584,-0.017779941841577666,-0.6035201343471578,45082.88210302735,1.5637745663834285e-06,4.658349990844727,1.2323124792601448e-05
192,0.6598794051170368,0.046097187934331096,1.5647172135342076,45214.19914208984,1.5857129431523446e-06,15.570752143859863,3.85919920518063e-05
193,0.8085766291728022,-0.019738573506806134,-0.6700036839710968,50669.09756201172,1.4952726839109632e-06,13.008407592773438,2.0170456991763785e-05
194,0.9855555226272383,0.005838015435692029,0.19816486979897763,47205.71553955078,1.5365838024208627e-06,17.13174819946289,2.3256463464349508e-05
195,0.8412736499771348,0.07340728004559963,2.491727583246616,36141.36222851562,1.7341645631296197e-06,30.76412010192871,8.558023546356708e-05
196,0.9531440061065852,-0.01174871383769851,-0.39879688116600415,39795.350046875,1.6720402871754527e-06,26.027629852294922,3.7646932469215244e-05
197,0.9903489029046875,0.003500291364191447,0.11881345468920665,20688.05516064453,2.2961037305445872e-06,8.686272621154785,1.7182519513880834e-05
198,0.6598066096904387,-0.06323346032161961,-2.1463887119865426,33355.259416503905,1.8224324133363418e-06,22.80844497680664,8.086960588116199e-05
199,0.6654781536358241,-0.024478105703744542,-0.8308817753465146,29947.546984375,1.9248086825773374e-06,13.101046562194824,2.6652278393157758e-05
200,0.8068422423068128,0.018546998953833504,0.6295570255566684,27683.710560058593,1.994738369690836e-06,7.405755043029785,2.0900872186757624e-05
201,0.7250091534736054,-0.027493182995606893,-0.9332251839169876,32752.52067626953,1.8151712477007739e-06,9.048750877380371,2.3507134756073356e-05
202,0.354111548872496,0.11308760133622466,3.8386314735762954,37223.01304614258,1.7158297632514545e-06,22.627641677856445,7.379211456282064e-05
203,0.9700698738349033,0.0060715255491447665,0.20609110804531774,44042.30326611328,1.5774207352975915e-06,9.694680213928223,1.359317684546113e-05
204,0.7890698011431154,0.022496804336098207,0.7636287281634301,52944.232909179686,1.4354577342756917e-06,11.49174976348877,1.969920049305074e-05
205,0.7721952492031616,0.04715691419851878,1.600688430033812,47915.50548535156,1.5102094925898486e-06,23.09663200378418,5.153541496838443e-05
206,0.9177932919166378,0.022945637877525002,0.7788638780663373,34699.89532080078,1.7814707993359899e-06,23.197654724121094,4.055806130054407e-05
207,0.4181700851976909,-0.017413474557330857,-0.5910808144330018,40076.86854003906,1.6618284394365632e-06,8.150982856750488,1.4449897207668982e-05
208,0.5999367361716632,0.011800261214953785,0.4005465989279373,37334.219813476564,1.6976822258512781e-06,4.562574863433838,1.2349166354397312e-05
209,0.004111607364972674,0.027079046821306418,0.9191677971280516,26004.916162109374,2.097306055448371e-06,13.032686233520508,2.8853824915131554e-05
210,0.9110514564008267,0.005566584157107799,0.18895144024016422,29583.211099121094,1.9434095685231897e-06,5.442646503448486,1.218239776790142e-05
211,0.6760845807738937,0.032746220121120655,1.111533622716659,35260.91566064453,1.7841749751456083e-06,14.065949440002441,3.348929385538213e-05
212,0.8241271239478889,0.013321462576302089,0.45218206872588257,40570.52695703125,1.6548680400965375e-06,7.240204334259033,1.4091461707721464e-05
213,0.6229746243222095,-0.048474061388773144,-1.645397510429024,38868.8398503418,1.6849891596698317e-06,11.18945026397705,3.159919651807286e-05
214,0.9403939573770814,0.014421724292033223,0.48952921555075474,38705.03853149414,1.6905573393875245e-06,15.699223518371582,2.3214572138385847e-05
215,0.745322167788283,0.022800130176797155,0.7739247827715225,37990.268518066405,1.7227459751289735e-06,12.19488525390625,1.8614153304952197e-05
216,0.9926364616636736,-0.0047935398677936515,-0.1627113210372895,42070.595015625,1.6508668782717344e-06,14.369414329528809,2.0873740140814334e-05
217,0.7018312653400485,0.1135988648223418,3.855985737756544,37190.7819453125,1.7358300200771404e-06,32.150306701660156,0.00010581116657704115
218,0.9742035066946425,-0.006694145440005133,-0.22722524017732246,32619.311123046875,1.823458414277399e-06,15.739209175109863,2.506201963115018e-05
219,0.6495368140139692,0.03254236545425277,1.1046140052605604,24969.689618652345,2.1093833063031487e-06,6.816997051239014,4.514709871727973e-05
220,0.9960706438632542,-0.0009820511358515568,-0.033334621604831936,25058.716115722655,2.1043286270318075e-06,6.497440814971924,1.1611087757046334e-05
221,0.9490846274783524,0.012391653444060036,0.42062074319355214,21738.347012207032,2.232723162163561e-06,9.930375099182129,2.2167661882122047e-05
222,0.8624611043191382,0.026416745454504977,0.8966867219124063,24751.584186767577,2.0890066519036735e-06,11.65772819519043,2.6389257982373238e-05
223,0.9647586871656337,-0.007538672501728341,-0.2558917617156052,29440.207950683594,1.9352900735956647e-06,9.861601829528809,1.5797404557815753e-05
224,0.630238604480011,0.012083025051776199,0.41014469943400955,34320.327802246095,1.8114471797053746e-06,2.8613216876983643,8.573159902880434e-06
225,0.8182015182473482,0.0156655100103159,0.5317481232662835,35671.83895092773,1.7871110069141522e-06,7.480774402618408,1.3101121112413239e-05
226,0.9854430937520777,-0.0031241986032519396,-0.10604740879143987,27856.249158691408,2.0164862856238535e-06,7.779879570007324,1.3687503269466106e-05
227,0.6482467626361036,0.12187216166579506,4.136813496752846,28033.677106445313,2.010397077623474e-06,48.29594421386719,0.0001253183581866324
228,0.8371004350381571,-0.016837813246197847,-0.5715406384904109,38995.74290039062,1.676599955427446e-06,12.21510124206543,2.398836841166485e-05
229,0.8901167063860659,-0.01464379779106561,-0.49706725077973146,30364.802634277345,1.8916667551848806e-06,14.647780418395996,2.859444430214353e-05
230,0.9760160063227189,0.0052922560155794504,0.17963967992589625,31155.881555664062,1.9132918110436163e-06,20.809532165527344,3.442037632339634e-05
231,0.7616033286878121,0.015598824277213551,0.5294845510364322,26099.53909350586,2.0661408751263216e-06,8.165098190307617,2.1469881176017225e-05
232,0.8254747834731401,0.009771949425280589,0.3316978358268725,22197.968713378905,2.204681269007073e-06,5.427327632904053,1.3734044841839932e-05
233,0.7467153020820315,0.037447491911178264,1.2711130075998611,31012.372731445314,1.8675807894172493e-06,13.720470428466797,3.3668504329398274e-05
234,0.9204934429052726,-0.016701345549847497,-0.5669083959797626,40861.40174072266,1.664397133202866e-06,7.889456272125244,2.1501200535567477e-05
235,0.8276892958215977,0.049563398294141074,1.6823738268497888,37183.00409277344,1.7294343727676038e-06,11.838820457458496,5.363863238017075e-05
236,0.8981613375396507,0.02054935522209763,0.6975247576674505,24827.891979003907,2.0978817499078703e-06,15.697903633117676,3.158868639729917e-05
237,0.9338072024744142,-0.07169894674105597,-2.4337401300448884,31525.142995605467,1.8773212044106425e-06,51.48923873901367,0.00010823543561855331
238,0.916811713081827,-0.021593994441643012,-0.7329838614002891,44457.893291992186,1.5828231076268728e-06,30.22663688659668,4.04061283916235e-05
239,0.7960401726603351,0.03785751364241745,1.2850307342452911,27749.433067871094,1.98861714426509e-06,23.89427947998047,5.459565727505833e-05
240,0.9932215096578272,-0.004161798320032806,-0.14126756451803452,23349.888675048827,2.1729469055921474e-06,14.363458633422852,2.7128689907840453e-05
241,0.7266586745179177,0.030680706846548896,1.0414220970394317,26528.947649902344,2.0491242379191003e-06,13.774457931518555,2.768997183011379e-05
242,0.9996055104397029,0.00024698299045225626,0.008383559907414297,28533.090513671876,1.9497460122702893e-06,7.387950897216797,1.2912738384329714e-05
243,0.9500691123664404,0.006291113677193335,0.21354478015075778,33354.44676025391,1.8237806490017851e-06,7.0251054763793945,1.138980678661028e-05
244,0.6984140429272475,0.029070641618497838,0.9867702432032865,35788.28975488281,1.7629694667099029e-06,12.234268188476562,2.692986890906468e-05
245,0.7072309937436844,-0.025296939956440168,-0.8586761833709149,31371.255416503907,1.8653868416258498e-06,9.977643966674805,2.6010855435742997e-05
246,0.8405804524356307,0.03178646015524865,1.0789556498129693,33080.97357519531,1.85824201785972e-06,20.049903869628906,4.1804276406764984e-05
247,0.6938058765161829,0.07312146150949389,2.482025794408023,30660.55494580078,1.8973822398313115e-06,29.8435001373291,7.345416088355705e-05
248,0.3712954245561208,0.03205351788615455,1.088020624213385,30539.282100585937,1.879696886805272e-06,5.386017322540283,2.5190223823301494e-05
249,0.6683939008305874,-0.03379209018227407,-1.147034505983945,30673.21341748047,1.9103737597551605e-06,8.557523727416992,3.387668402865529e-05
250,0.966945117007937,0.0030952128484771167,0.10506351993669978,38377.491081054686,1.691009094411583e-06,5.176147937774658,8.288491699204315e-06
251,0.9463039569797136,0.005729675170120867,0.19448738130012252,29267.498165039062,1.9474874787351366e-06,9.416908264160156,1.679573324508965e-05
252,0.7981987068041047,-0.006465887063404404,-0.21947726623345984,23559.477876464844,2.1509082336591303e-06,6.469870567321777,1.1419141628721263e-05
253,0.9405045539300083,0.00852303929344746,0.28930498565517737,49101.689783203125,1.5074155606186232e-06,11.712043762207031,1.751320633047726e-05
254,0.911422089555239,-0.010116079731246003,-0.3433789521285862,28036.806860839843,1.9652453042817607e-06,15.802958488464355,2.4702125301701017e-05
255,0.9413066428851624,0.005910443023780383,0.20062334284028457,25836.6729921875,2.0616629571781406e-06,8.838128089904785,1.7255155398743227e-05
256,0.9284610571835592,0.014721899928412613,0.4997183400152563,31839.44258984375,1.8858723434598897e-06,18.22160530090332,3.0243130822782405e-05
257,0.9655140133893836,-0.0030065743920634352,-0.10205478719731512,22591.322911621093,2.2277903184482273e-06,6.753756999969482,1.2233663255756255e-05
258,0.4904151611207531,-0.024324300803157412,-0.8256610409317074,27556.525763183592,2.00975867213183e-06,7.469531536102295,2.8780566935893148e-05
259,0.9400351418960029,0.008423035560608557,0.2859104713864627,28428.73166308594,1.9620143547804106e-06,16.26102638244629,2.7881344067282043e-05
260,0.7036245804051828,-0.13494420267584764,-4.58052923085777,22575.120014648437,2.1847206550675455e-06,21.445663452148438,0.00014752593415323645
261,0.917476954100221,0.06967410819028416,2.365009262133081,35328.7189375,1.7587795041196516e-06,72.88197326660156,0.0001350034581264481
262,0.4008038510437598,0.03527253462540082,1.197286528019248,40427.874834472655,1.6613614720376907e-06,10.893461227416992,2.979217970278114e-05
263,0.8483660824068354,0.018133648791052528,0.6155263190449839,53136.96125048828,1.4413922407459723e-06,17.173425674438477,2.236020918644499e-05
264,0.7935329497484,0.033332622351021426,1.1314383870699145,39155.275685058594,1.6984109808179091e-06,19.366117477416992,3.834604285657406e-05
265,0.971485033908488,-0.03564921161214303,-1.2100724048049938,40278.40652148437,1.6572603252306271e-06,55.79227066040039,8.976022218121216e-05
266,0.9202000815017727,0.01085139758117105,0.3683384897653668,40151.14899707031,1.6487924111959578e-06,11.482742309570312,1.9090986825176515e-05
267,0.795947231102383,-0.011781009996521846,-0.3998931379640088,32301.23683642578,1.8434144501476845e-06,9.588141441345215,1.643034011067357e-05
268,0.6224022687906057,-0.026939082510221653,-0.914416865961778,26993.80355957031,2.0301737568330537e-06,14.87633228302002,3.012403249158524e-05
269,0.920416655387517,0.011175063730308377,0.37932497327310216,28027.669603027345,1.9920869387200917e-06,11.323283195495605,2.2315816750051454e-05
270,0.998906380481438,-0.0005558026435513109,-0.018866095800278954,39180.8728190918,1.6854294038348853e-06,9.509109497070312,1.3962359844299499e-05
271,0.9768949477486061,0.0036617756992042357,0.124294858870967,45005.24087744141,1.587022198388456e-06,8.221546173095703,1.0818024748004973e-05
272,0.6298701648329154,0.0350339253404517,1.189187204129885,47532.09744335937,1.535096057698659e-06,8.671134948730469,2.472204687364865e-05
273,0.9054400038536607,-0.016495772670655544,-0.5599304557382524,30271.958400390624,1.8979209542247077e-06,16.433679580688477,2.623900945764035e-05
274,0.7847924174575899,-0.0376399457065273,-1.2776456352911991,28722.46130859375,1.979214957669871e-06,15.94359016418457,4.220992195769213e-05
275,0.772429390801456,-0.046663838531075516,-1.5839515309083718,34217.31807519531,1.8116484566524879e-06,23.08794403076172,4.8012134357122704e-05
276,0.47191085104866026,-0.06944586471136457,-2.357261793874254,31595.729102539062,1.873920828247091e-06,19.217021942138672,6.117173325037584e-05
277,0.7649979505498571,-0.0315427852689779,-1.0706843797824204,31783.315887695313,1.8712291832921616e-06,19.75472640991211,3.784818545682356e-05
278,0.9924326615160949,0.00804815651718302,0.27318562376502414,33976.87551416016,1.802856118105846e-06,31.32862663269043,4.982939572073519e-05
279,0.8373385645026754,0.01231811123806785,0.4181244357007571,28607.01566796875,1.9383732884381037e-06,8.581958770751953,2.4721997760934755e-05
280,0.631935695201703,-0.031380224139796596,-1.0651664250333388,35152.93151513672,1.7623689083100339e-06,11.14300537109375,3.0627139494754374e-05
281,0.1970782431420467,0.04537910164269299,1.5403425817686052,35709.0305625,1.7545106050939482e-06,9.8948392868042,3.276802453910932e-05
282,0.8700685556812423,0.011166323524714144,0.37902829682154493,37959.2409453125,1.6958176660864976e-06,8.37656307220459,1.466296635044273e-05
283,0.41601679837477773,0.07959226321921321,2.7016698827846986,39014.03279736328,1.678789863755836e-06,24.171470642089844,7.159722008509561e-05
284,0.5783625349655465,-0.03235048289944076,-1.0981007676869585,28926.728165527344,1.9663829218358882e-06,11.331494331359863,2.8884292987640947e-05
285,0.9826567670745417,-0.013444533482785537,-0.4563595722676224,34934.201529785154,1.7935917968360026e-06,41.907676696777344,6.647760892519727e-05
286,0.8668523553269475,0.013057461030444233,0.4432208330906004,28876.619231933593,1.9262504921285826e-06,10.81422233581543,2.2206160792848095e-05
287,0.8334666677480315,-0.004342803792071754,-0.1474115917469123,22579.63653515625,2.206115511302212e-06,4.045468330383301,5.9795856941491365e-06
288,0.7361210306496692,0.013031294914711031,0.4423326537127739,24206.131880371093,2.1589290247442853e-06,4.009833335876465,1.3302560546435416e-05
289,0.9898678409526792,-0.0010483352670142571,-0.03558456190839639,22521.423179443358,2.187251095784585e-06,2.5000109672546387,4.826776148547651e-06
290,0.8812699832237906,0.008121900461558702,0.27568877904041583,28374.607999267577,1.950939340244258e-06,4.505136966705322,9.157900421996601e-06
291,0.8445395863938875,0.006927108345355941,0.23513290405991416,33687.819965820316,1.8116223894568514e-06,3.6423521041870117,6.624691650358727e-06
292,0.9141272616148381,-0.00566796436712397,-0.19239267747897362,47998.401200195316,1.5182448105942794e-06,4.624180316925049,5.829234851262299e-06
293,0.9893386285778618,0.005298224886652958,0.17984228654318907,24608.03411328125,2.1293342285978424e-06,15.03487777709961,2.747364305832889e-05
294,0.8488553713114112,0.02132095870957978,0.7237159704721512,34299.68961328125,1.7916566262915576e-06,9.917362213134766,1.9040990082430653e-05
295,0.959265329139244,0.005665748565878849,0.19231746459711735,39871.47586865234,1.667660708739413e-06,6.328482151031494,1.0361060049035586e-05
296,0.5742737566470049,-0.0747434197933589,-2.5370813446514227,37087.94019384766,1.7287623387445998e-06,10.724154472351074,6.273508188314736e-05
297,0.9898068304803043,-0.007455689609210011,-0.2530750007336281,28632.325619628908,1.9694489667758395e-06,36.325740814208984,6.195154855959117e-05
298,0.3637177538905528,-0.032035871120442365,-1.0874216245930088,27418.456651123048,2.001883264772106e-06,8.317934036254883,2.9392116630333476e-05
299,0.9144977165882072,-0.006285130713509543,-0.21334169517565438,26347.363430664063,2.0507289810670635e-06,5.452651500701904,9.937974027707241e-06
300,0.6725393158369906,0.022998216583804073,0.7806486031323743,30613.298208496093,1.893543320011553e-06,5.330094814300537,1.8585747966426425e-05
301,0.33607989626293944,0.0280533323199849,0.9522388229105945,33732.104725097655,1.7916983434510905e-06,6.942954063415527,1.6768797650001943e-05
302,0.37364755806651273,-0.01890365553383048,-0.6416633321460533,32531.28153125,1.8236458031802948e-06,4.579355239868164,1.1778902262449265e-05
303,0.728336698582001,-0.05624197789975416,-1.9090707022806335,40916.74408789063,1.641216567527665e-06,21.14318084716797,4.6351149649126455e-05
304,0.6752506119115788,-0.045384799850179715,-1.5405360010147744,56737.53888867187,1.3980258893827268e-06,13.324466705322266,3.016106529685203e-05
305,0.9894810306490022,0.003844495758240108,0.13049708582760283,46664.32911425781,1.5316749173868857e-06,11.166271209716797,1.4997765902080573e-05
306,0.99876961327609,-0.0011748165473063645,-0.03987782675450456,46730.37821533203,1.5363530376783622e-06,29.092369079589844,3.820480560534634e-05
307,0.6150336804586698,-0.04475253650092572,-1.5190745325305393,31578.36512988281,1.861792467583384e-06,15.16191577911377,3.681192174553871e-05
308,0.7188926220361719,-0.01315732857352214,-0.4466107245510076,34597.29054199219,1.7989640443504572e-06,8.91833782196045,1.4176453078107443e-05
309,0.8452360385086002,0.04178037381724486,1.4181878120823286,32574.3068984375,1.857042852392867e-06,22.485990524291992,6.666227272944525e-05
310,0.03191032367294171,-0.03666605852957702,-1.244588130091854,26918.06349658203,2.0127740741107087e-06,12.579560279846191,3.6329107388155535e-05
311,0.8906731027751542,-0.015443687762410658,-0.5242186164743152,28146.74570703125,1.9874701720459327e-06,14.756040573120117,2.714826405281201e-05
312,0.7509366523545871,0.028976770963216922,0.9835839093563493,29473.3245859375,1.9310229074871807e-06,13.720111846923828,2.3417613192577846e-05
313,0.575919964710962,0.051033246295996565,1.7322661646005975,28541.54688256836,1.9670012834401417e-06,9.973718643188477,3.2840445783222094e-05
314,0.6907688241495069,-0.010462148040327995,-0.3551258517670344,33872.70644628906,1.7869556027406417e-06,2.452836513519287,7.285259016498458e-06
315,0.772707555496433,0.04242778724220504,1.4401635328519222,44305.36597119141,1.5782944342947894e-06,19.256786346435547,2.939219120889902e-05
316,0.89453941901519,-0.04454090752675998,-1.5118910249545143,34804.78855615234,1.79573131938016e-06,30.538389205932617,5.762686487287283e-05
317,0.6355568841587534,0.02623765111981704,0.890607566092058,29236.95279199219,1.9614707932226697e-06,7.482445240020752,2.07161319849547e-05
318,0.959736857186381,0.04313943064866122,1.4643194681242948,26400.755677246092,2.0404650816673007e-06,61.95571517944336,0.00010433255374664441
319,0.45739049852548597,-0.03068117055077876,-1.0414378369581332,35677.45064355469,1.767295378651639e-06,7.9294304847717285,2.3491693355026655e-05
320,0.021671883226471803,0.041370360338512546,1.4042703655589652,19146.83564111328,2.3784220835519035e-06,8.10525894165039,3.7711113691329956e-05
321,0.47614439574932843,-0.03234334399686663,-1.0978584456659408,24834.188900390625,2.10685874401157e-06,8.456822395324707,2.8860915335826576e-05
322,0.999052510625266,0.00034593242950056345,0.011742287358837238,24020.707289794922,2.1416164065367537e-06,11.542465209960938,2.075333395623602e-05
323,0.8682885076153026,0.017651689739859765,0.5991667609588324,26362.742696289064,2.038925254673304e-06,10.876311302185059,2.1733752873842604e-05
324,0.9670849011307068,0.004363831149061719,0.14812534173713288,31442.996122314453,1.8681077749751388e-06,5.682535648345947,9.711277016322128e-06
325,0.9380538675011715,0.00636243802629793,0.21596580498522422,37856.98103369141,1.6809932372772195e-06,6.649206161499023,1.0061694410978816e-05
326,0.7630710014969972,-0.011265484972081392,-0.3823942206569758,49546.85999609375,1.485401391226794e-06,5.864344120025635,9.191533536068164e-06
327,0.9985757161721085,-0.0025554958193266877,-0.08674343223086663,48672.99748828125,1.5077521491173854e-06,23.189645767211914,2.9992806958034635e-05
328,0.8759354385044572,0.010116931727643283,0.34340787218832164,36138.47279248047,1.73918703653002e-06,9.90250015258789,1.6757472621975467e-05
329,0.8602402783405948,0.04450637167485026,1.510718744292965,33801.16817480469,1.8096588299938196e-06,24.00884437561035,6.097466030041687e-05
330,0.783513666522085,0.01591965998415661,0.5403749583663844,38670.35972851563,1.6811381002703446e-06,11.136846542358398,1.8758875739877112e-05
331,0.8704591227046325,-0.007117254853356698,-0.2415872134764896,22488.783244628907,2.1937558637914356e-06,14.572717666625977,2.9593655199278146e-05
332,0.7107856080170316,-0.02498105869264503,-0.847953949042927,30555.59496777344,1.9111659800446974e-06,27.788915634155273,4.349011942395009e-05
333,-0.11919003970931662,-0.06195857762481487,-2.1031142522999975,30810.151340820314,1.9005327768038656e-06,12.059548377990723,5.193145989323966e-05
334,0.7087919659376319,0.025707991790935088,0.8726288757131306,26506.85791870117,2.0626436332091254e-06,7.636347770690918,2.752823638729751e-05
335,0.5339407646950217,0.06723703220869245,2.28228545814487,25822.572022460936,2.0561995381017262e-06,8.866716384887695,4.8200283345067874e-05
336,0.9945562086813593,-0.0012522769959223009,-0.04250713458755722,37438.3069453125,1.7116437647672657e-06,3.7799370288848877,5.773397788289003e-06
337,0.9057197096973425,-0.013958414317397153,-0.4738026793996146,33793.44397460938,1.8039253705341728e-06,8.092646598815918,1.4527037819789257e-05
338,0.6323638838350492,0.03832058451477583,1.3007491543384582,33004.36766040039,1.848712623333162e-06,12.114691734313965,2.7447236789157614e-05
339,0.9865229371960719,-0.01358239786462932,-0.4610392236969358,30347.78835644531,1.919958660091833e-06,28.62529945373535,4.615144644048996e-05
340,0.5702338565252875,0.1123642590605065,3.8140784333408346,38576.93903051758,1.6947923408663832e-06,34.323509216308594,8.145830361172557e-05
341,0.3526871861606051,-0.028164759304553335,-0.9560210866151576,40896.40128417969,1.6428886080556426e-06,7.605337142944336,2.3793680156813934e-05
342,0.9256484124108895,-0.004955984665438028,-0.16822532704315118,21760.161510742186,2.248000986073712e-06,6.094569683074951,1.3148857760825194e-05
343,0.7418005916901302,0.014812978459858513,0.5028098983580305,29062.42503125,1.953332652048937e-06,9.981513977050781,2.0136711100349203e-05
344,0.6339246047856735,0.018809011515530077,0.6384507473609757,25815.37594213867,2.0819676154396885e-06,7.115118503570557,1.8988808733411133e-05
345,0.8689640229659652,0.01005491063323209,0.3413026358740009,30313.757592285157,1.899549353985857e-06,5.657922267913818,1.297265862376662e-05
346,0.8993404424607433,0.007799399916485081,0.26474186065203753,37003.50662646484,1.7344170207968371e-06,6.337583541870117,1.0278339686919935e-05
347,0.961555386102082,0.006364302786131782,0.21602910216107998,41909.41796728515,1.6358934359674225e-06,9.09860610961914,1.3987354577693623e-05
348,0.9957958039335016,0.0018343083568274272,0.06226353470728629,33324.58228222656,1.8175460170879046e-06,10.35623836517334,1.6628342564217746e-05
349,0.9737916555581506,0.004114584426700147,0.13966494199535864,37152.907474609376,1.7290195114406003e-06,6.7439985275268555,1.0155440577364061e-05
350,-0.31172612987270576,-0.0638276198823916,-2.16655679021401,37177.14555761719,1.7430542422394064e-06,10.40098762512207,3.5765940992860124e-05
351,0.8027398278045639,0.06024542313781822,2.04496314948076,30852.531876953126,1.8766342384494717e-06,24.128273010253906,7.316294795600697e-05
352,0.24853209526515438,-0.03589564769713746,-1.218437400621573,25169.416150878908,2.072095719113963e-06,16.33116340637207,5.701318150386214e-05
353,0.7799577166627424,-0.02242220692691328,-0.7610966029847099,33265.79092626953,1.812579553876144e-06,18.065052032470703,3.398678018129431e-05
354,0.984070248560669,0.0020976692594901645,0.07120302442963852,28237.641967285155,1.963940831947296e-06,8.772128105163574,1.4759674741071649e-05
355,0.9504051773875402,-0.012055901245860074,-0.40922401233973427,34699.51425390625,1.7709892800171195e-06,15.880943298339844,2.3984686777112074e-05
356,0.5728290220304796,0.04577902684001255,1.5539175929225058,45258.077018066404,1.5740664191235808e-06,20.933109283447266,4.34687826782465e-05
357,0.8564022573486726,0.017715345926776052,0.6013274986497682,60155.0035546875,1.3553902535354662e-06,19.238853454589844,2.0932558982167393e-05
358,0.7932858565854913,0.021363517592033254,0.7251605838845485,39875.15516894531,1.6857131754483344e-06,11.80055046081543,2.6801191779668443e-05
359,0.9226242499325626,0.041216279759592724,1.3990402735531229,34453.24436865234,1.8008589407100168e-06,46.817501068115234,6.820594717282802e-05
360,0.9104755366249012,0.008220592251951797,0.2790387608979332,38107.77467236328,1.7128982277359238e-06,9.030914306640625,1.757320023898501e-05
361,0.9459689875093961,-0.004208663526344533,-0.1428583512518425,34106.15275390625,1.7890159523749328e-06,8.852587699890137,1.3985838450025767e-05
362,0.8303831906959168,-0.004554481181033647,-0.154596742708756,26479.50766357422,2.0508501804620233e-06,6.473195552825928,1.058495126926573e-05
363,0.9891629405275061,-0.0030180357978488144,-0.10244383172968945,33561.184056640624,1.8315122958948113e-06,8.630644798278809,1.3603302249975968e-05
364,0.940776544197143,-0.003003441627682336,-0.10194844903282589,22219.89457080078,2.2235152527590434e-06,4.879827499389648,8.961717867350671e-06
365,0.5105452512581462,0.050286139160996925,1.706906452937632,25701.063914794922,2.0542297747599384e-06,8.977344512939453,3.982950875069946e-05
366,0.8192420233336293,0.012141720222826393,0.41213704101945303,45607.952813476564,1.5654469903842456e-06,6.400287628173828,1.2290540325921029e-05
367,0.7021560454623358,-0.02107988147830577,-0.7155328749197072,40996.286013671874,1.633303614388644e-06,5.591106414794922,1.5805730072315782e-05
368,0.8762496514902997,-0.017344436348962492,-0.5887373900753285,33405.9685,1.820453548817125e-06,14.705330848693848,2.5692717827041633e-05
369,0.8477457662674268,0.016066866338679524,0.5453717125543351,38742.921859375,1.703185067824491e-06,5.8521037101745605,1.5600098777213134e-05
370,0.9248472385781528,-0.0061608437175941794,-0.20912291284549864,34307.81388476562,1.804521318110196e-06,7.334445953369141,1.2200273886264767e-05
371,0.9219469348814155,-0.01123128462335371,-0.381233328273707,26245.096210449217,2.0322597894889e-06,13.070334434509277,2.381543345109094e-05
372,0.8955196630725833,0.02188359116042094,0.7428138964015647,22889.267412597655,2.183266837801245e-06,8.096537590026855,3.228434070479125e-05
373,0.8590550392124779,0.009924457450001058,0.3368745492485712,30346.539310546876,1.8871337847929646e-06,9.977896690368652,1.8791128240991384e-05
374,0.980350613181776,0.002982967914528284,0.10125349186010756,23826.386520996093,2.1600260210770765e-06,9.578573226928711,1.655016967561096e-05
375,0.9950409552816034,-0.0016782207866515542,-0.05696531763988415,35667.33908398438,1.7536117044939002e-06,7.088448524475098,1.0619908607623074e-05
376,0.937494129871457,0.0078024041865627095,0.26484383722187227,47133.09871679688,1.5305545426682906e-06,8.514001846313477,1.2301657989155501e-05
377,0.9719335650267532,-0.011253161800598441,-0.38197592445695217,49169.85607714844,1.4939849085978667e-06,18.870267868041992,2.5006189389387146e-05
378,0.924354191408276,0.012454583673320273,0.42275683906810785,34608.08269677735,1.7929197958717283e-06,15.342865943908691,2.817850690917112e-05
379,0.9208316860630639,-0.030020068010625265,-1.0189974545651117,29752.87782006836,1.9175862299952917e-06,23.92571449279785,5.0304057367611676e-05
380,0.956628728239305,-0.0051288482537895615,-0.17409298718485572,41335.52910253906,1.6354531534589856e-06,9.642243385314941,1.0302395821781829e-05
381,0.8651055050708663,0.017235843481842924,0.5850513273009338,32047.7522109375,1.828853273370745e-06,7.522329807281494,2.5356366677442566e-05
382,0.9919925414280714,-0.0021969056503814348,-0.07457149213872705,26432.902210449218,2.0417654176293217e-06,10.948979377746582,1.948975659615826e-05
383,0.8439200842279645,0.01861250086493175,0.6317804142796599,34907.73088623047,1.8151633771763665e-06,17.502662658691406,3.5584271245170385e-05
384,0.9822560169806667,0.0026069306596371755,0.0884893300527436,27849.237411132814,1.9878342506889006e-06,8.702609062194824,1.4493817616312299e-05
385,0.8747061055437781,0.009492001073492838,0.3221953037946183,40924.422798339845,1.648708417180377e-06,9.605978012084961,1.5313069525291212e-05
386,0.7401445792791528,0.021938542146857677,0.7446791458502021,40890.41711962891,1.649608578288708e-06,10.498998641967773,2.4495480829500593e-05
387,0.817899377113506,-0.026276186023452965,-0.8919155900679872,35851.99842041016,1.7458716070513384e-06,31.690855026245117,5.611642700387165e-05
388,0.9870786357356722,-0.005745804677651256,-0.19503487929749677,26306.802568359373,2.044546271559553e-06,18.76021957397461,3.388639379409142e-05
389,0.6763086549897678,-0.04145618543880339,-1.4071836020880502,38904.8004140625,1.6954584547633446e-06,8.897870063781738,3.943140836781822e-05
390,0.5639634840051178,-0.05266194442072594,-1.7875504911639748,47733.172248046874,1.5169719841639551e-06,20.24897575378418,4.431182242115028e-05
391,0.9880211603729339,-0.004088714720414853,-0.13878682390296354,32974.52201757812,1.8034794630465842e-06,14.229755401611328,2.2693348000757396e-05
392,0.9963369762614207,0.0014244780054458008,0.04835230423593651,36622.317681152344,1.7342304498614379e-06,12.26430606842041,1.9775281543843448e-05
393,0.3566927976610036,0.02215498523532081,0.7520260631231437,26477.466631835938,2.0347752687683436e-06,8.867851257324219,2.4755743652349338e-05
394,0.8754644145025726,0.006356626325355869,0.21576853333132398,21489.001387939454,2.2647942664383337e-06,5.177447319030762,1.1863587133120745e-05
395,0.6372012164981481,0.012884350105950347,0.43734477740164435,33903.05649804688,1.803670015587003e-06,3.937511682510376,9.699573638499714e-06
396,0.6849836603967882,0.018827641216861007,0.6390831116257338,55389.65509716797,1.4153873868989313e-06,8.016182899475098,1.4106340131547768e-05
397,0.9825831547766806,0.0023886684647744876,0.08108066525844154,42427.693931152346,1.620970660085455e-06,6.936141014099121,1.0251532330585178e-05
398,0.9361859244299596,-0.010060132207184606,-0.3414798763307697,25200.060660644533,2.082451527339213e-06,13.34170150756836,2.1982774342177436e-05
399,0.8191449771715277,-0.01728826625709225,-0.5868307594634922,38854.69930859375,1.7012210550992563e-06,11.358797073364258,1.916574728966225e-05
400,0.5865998301161189,-0.024426526889345653,-0.8291309904860888,32249.642631347655,1.8275037101513097e-06,8.787126541137695,2.2456377337221056e-05
401,0.956719450692991,0.011624240390643376,0.39457176996155136,20758.992497558593,2.2820938005818452e-06,17.479097366333008,4.7540030209347606e-05
402,0.9382833928404617,0.005966224546382581,0.20251678390521777,32146.932905761718,1.8702705594771823e-06,13.467525482177734,2.1448528059409e-05
403,0.9595944523492592,0.0032782520627619625,0.11127658025940926,24921.49099609375,2.1101467951371803e-06,6.813533306121826,1.2276565939828288e-05
404,0.6600249009763448,0.04270992432700576,1.4497403589653273,27294.808940185547,2.004924687036261e-06,6.976790428161621,3.745968933799304e-05
405,0.987427494822124,-0.0022068030664068707,-0.07490744879722366,42492.82484326172,1.6115819616983372e-06,7.3197197914123535,1.0163217666558921e-05
406,0.7398500752717836,0.0115381067955893,0.3916480619245949,53238.94776171875,1.443603057987763e-06,6.263359069824219,1.1528794857440516e-05
407,0.9993386148404632,-0.0012355322464071045,-0.041938752892776376,39213.452467285155,1.6799906886821558e-06,17.883575439453125,2.6062994948006235e-05
408,0.7007743594799304,-0.017925284873847973,-0.6084536401563314,27949.126936523437,1.991252594226371e-06,13.01034927368164,1.9582181266741827e-05
409,0.9938082737009406,0.001770909189143424,0.06011152124520219,37671.77320410156,1.7011959513804844e-06,8.254709243774414,1.26945051306393e-05
410,0.9931117717706576,-0.0007847668336624363,-0.026638027790147206,36723.09673339844,1.7197938198266344e-06,6.534854412078857,9.616645911592059e-06
411,0.3042230110603886,0.03438872396612456,1.1672865689318372,26127.235318359373,2.070467445246901e-06,10.611198425292969,3.881731754518114e-05
412,-0.04098612515886442,-0.14111787765306,-4.790087686383757,33832.4890546875,1.791834438456478e-06,16.789987564086914,0.0001594551868038252
413,0.05883376537704493,-0.10194946531127055,-3.4605599697405576,25107.546696289064,2.073970727362622e-06,26.05516242980957,7.998902583494782e-05
414,0.3822650811115758,0.02494237070916524,0.8466407289438184,29403.925462158204,1.946863626421259e-06,5.856782913208008,1.8844428268494084e-05
415,0.5389997653370469,0.04641091186469433,1.5753662196045186,30457.73604638672,1.902792808791885e-06,12.950560569763184,3.7587964470731094e-05
416,0.9809461271098493,-0.005180433128716057,-0.17584397776307673,35617.643674560546,1.7576384693894444e-06,19.00146484375,3.11620460706763e-05
417,0.787927666201567,-0.0184660875085427,-0.6268105775217293,40844.8891484375,1.6301066257310808e-06,11.020242691040039,1.6771356968092732e-05
418,0.6521734988482363,0.03742988721223856,1.270515435888778,39298.95230419922,1.6620079309935545e-06,11.038535118103027,2.5687522793305106e-05
419,0.791044915027413,0.039554212251391274,1.3426232607877553,45834.982954101564,1.5540821435393914e-06,13.739103317260742,2.8801048756577075e-05
420,0.8484207926501581,0.01684625268377137,0.5718271057096836,47056.636740234375,1.5468436181043828e-06,11.011337280273438,1.652934770390857e-05
421,0.6077868659465865,0.03402566367111014,1.154962895436414,36739.62361523438,1.748436267894242e-06,11.071762084960938,2.7983702238998376e-05
422,0.7951076812623277,0.06676742476416908,2.266345161459174,44646.2897680664,1.584330137855076e-06,31.03947639465332,7.182337139965966e-05
423,0.8291214326661127,-0.06559468467385736,-2.22653781770262,36771.561687011716,1.7334970179248646e-06,56.84086990356445,9.349708852823824e-05
424,0.9322226098170593,-0.01042423140988618,-0.35383881437950343,17748.075142333986,2.4743668313002592e-06,15.403756141662598,2.97199803753756e-05
425,0.6187648556524603,-0.0923788540717278,-3.135696332247313,22048.47999560547,2.260608716526563e-06,16.756305694580078,8.783065277384594e-05
426,0.999411010146694,0.0007076945072850909,0.024021894330085444,27723.17339013672,2.0147104859439434e-06,17.44999122619629,3.022460441570729e-05
427,0.7689226352025499,0.026211771758583965,0.8897291202733162,25527.386931396486,2.0808921020520733e-06,8.678890228271484,2.1221476345090196e-05
428,0.11784205620082581,0.08092728931949927,2.7469858426781935,33246.447650390626,1.8329573484635825e-06,7.916775703430176,3.8745733036194e-05
429,0.16907273941339737,0.11143080195902098,3.7823932815942496,34147.935871582034,1.8170864562702693e-06,17.909809112548828,6.165501690702513e-05
430,0.9921335855404632,-0.0036516282380606915,-0.12395041471208268,37148.32220532226,1.7570487576827948e-06,10.536654472351074,1.532962778583169e-05
431,0.6025892962475904,0.024326208539934707,0.8257257969115858,36615.583594726566,1.7471862221818376e-06,5.91934871673584,1.3186863725422882e-05
432,0.9933630110526491,0.004186896944373945,0.1421195091008267,29923.958209960936,1.923942005188471e-06,12.066140174865723,2.1159910829737782e-05
433,0.9224775987757372,-0.2166375517849343,-7.353518111748865,31407.73574902344,1.8800455370762191e-06,222.5047607421875,0.0003842026926577091
434,0.8230367768308364,-0.12038719069445722,-4.08640782680697,41047.65098828125,1.655998053347359e-06,109.73487091064453,0.00017521994595881552
435,0.5856511645797736,0.26411047813827204,8.964933219059297,20913.617435546876,2.308910870586515e-06,36.5821647644043,0.0003758229431696236
436,0.8012637672531556,0.034430830352215835,1.168715822863999,30502.826122558592,1.915311622622478e-06,23.237646102905273,4.547876233118586e-05
437,0.939997001548839,0.022479629690889697,0.763045754142707,25927.468395996093,2.067241096332817e-06,23.070837020874023,4.2496998503338546e-05
438,0.8024420784624383,0.024135347059964316,0.8192472185754034,27801.64991455078,1.9746742136661146e-06,10.223610877990723,2.371701157244388e-05
439,0.8328976336046039,-0.02037435065596158,-0.6915844244421296,27317.052609375,2.0212417907907006e-06,11.830411911010742,2.4205917725339532e-05
440,0.9281013622054235,0.015048850954199432,0.510816324967399,30926.327716064454,1.896025108811925e-06,13.437092781066895,2.1482101146830246e-05
441,0.522266098444353,0.03852272300395411,1.3076105180725242,27542.571541015626,1.983758812589807e-06,7.127277851104736,2.2321055439533666e-05
442,0.9433895356689603,0.025436538980024244,0.8634147152637008,32775.49824438476,1.8442012857867921e-06,22.510623931884766,3.77983451471664e-05
443,0.9838904714451218,-0.008638596177611419,-0.2932274341579213,37136.6075168457,1.740839906865644e-06,12.889433860778809,1.99024780158652e-05
444,0.9950727707683751,0.0012867344199407422,0.04367675310251978,38027.913703125,1.7128909258471307e-06,7.967973709106445,1.2316180800553411e-05
445,0.9817872504809938,-0.015552317718942325,-0.5279059382071012,37980.942907714845,1.7208323000775217e-06,32.76973342895508,4.3023577745771036e-05
446,0.8138104168450815,-0.04027216543186872,-1.366993374244677,37063.68482617188,1.7061886483303017e-06,26.98950958251953,5.058384340372868e-05
447,0.8648786758152716,0.0295019222163045,1.0014095781712409,31667.27146582031,1.8706537225336623e-06,31.130760192871094,5.4040388931753114e-05
448,0.7254546336824043,0.09381618964521513,3.184485072173588,21680.275006347656,2.2602222507755662e-06,33.99263000488281,0.00012861254799645394
449,0.33743076547270356,-0.06745801712531224,-2.289786542667835,20718.940150390627,2.293901254614355e-06,8.55893611907959,7.59730173740536e-05
450,0.9379442278475736,-0.005600715513409238,-0.19010999075309815,23892.967154785158,2.1443862310015106e-06,6.4348273277282715,1.2073031030013226e-05
451,0.5354627191346122,-0.04900916877124924,-1.6635611288615055,23064.870411376953,2.1708089169091516e-06,7.077397346496582,3.5920023947255686e-05
452,0.9224329775969257,-0.008118762292473746,-0.2755822574193311,28219.254395751952,1.978497884071004e-06,6.093898296356201,1.239077937498223e-05
453,0.955292565143318,0.025701698201434725,0.8724152468939461,30887.25953515625,1.8824910337123627e-06,22.392303466796875,3.6921985156368464e-05
454,0.8339785222498403,0.05457467619588273,1.8524760206284896,36027.803828125,1.752446740321918e-06,20.490745544433594,3.814743831753731e-05
455,0.4039539556346422,0.08209831824550222,2.78673510288629,37540.31492016601,1.741347861250025e-06,13.77539348602295,4.062044536112808e-05
456,0.9259719163894147,-0.015534391923487299,-0.5272974672358407,32012.57519189453,1.875582419768036e-06,11.695334434509277,2.2361982701113448e-05
457,0.1526533253087463,-0.3273551166428888,-11.111701361899119,29785.62459033203,1.8982408010233863e-06,43.366947174072266,0.00024303840473294258
458,0.8236401919068455,-0.029061084365558567,-0.9864458329982763,33466.53812353516,1.8240433804512088e-06,25.895994186401367,4.677965625887737e-05
459,0.8820221341851856,0.018687474342853123,0.6343253046887932,21568.464509277343,2.2746920768325356e-06,20.53642463684082,4.372572948341258e-05
460,0.28987573215205387,-0.03233312001941078,-1.097511404246869,17338.261541015625,2.535188478585668e-06,10.251115798950195,3.0935661925468594e-05
461,0.9782678083879438,0.006413983698466272,0.2177154648698986,20796.23047265625,2.288851840438954e-06,14.546603202819824,3.060532617382705e-05
462,0.6671293108374354,0.0402218780388783,1.365286425231909,28583.608263671875,1.948978634889227e-06,10.15846061706543,3.8641559513052925e-05
463,0.22879494528640923,-0.03554155261289631,-1.206418041125517,23015.479322265626,2.198795646085376e-06,6.668372631072998,2.8243386623216793e-05
464,0.9995181564106572,-0.0017867522019968534,-0.060649294502896765,26301.940171875,2.0333471270564798e-06,19.48058319091797,3.3338641515001655e-05
465,0.5896736469792032,0.06260274432635843,2.124979766693775,34796.54488085937,1.7927522229993398e-06,11.57895565032959,4.538364737527445e-05
466,0.4593289380436219,0.07939477278723196,2.6949662921259883,38235.39931347656,1.7031482562191666e-06,14.210866928100586,4.943109524901956e-05
467,0.9976555047672507,-0.0027608814137642787,-0.09371501530197002,38485.657330566406,1.6912082549343096e-06,38.14984893798828,5.412570681073703e-05
468,0.8057945021113692,0.024940988996669113,0.8465938282667114,39301.194959472654,1.668410442671141e-06,15.250323295593262,3.207190820830874e-05
469,0.9992362703525168,0.0010265052866563974,0.03484356777040868,22738.63942236328,2.2124066045777455e-06,26.512052536010742,5.018991942051798e-05
470,0.9328439962659602,-0.0035369297343118924,-0.12005710296738292,19927.59980078125,2.35620952505203e-06,3.603149890899658,8.476515176880639e-06
471,0.7638705452741956,-0.029479904665072255,-1.0006622171508237,17108.42053076172,2.511968969510791e-06,11.896444320678711,3.6195684515405446e-05
472,0.46127589130944935,-0.04761932505876486,-1.6163844467579325,30269.313435058593,1.9221492751446477e-06,8.382535934448242,3.697919601108879e-05
473,0.9211906832834662,-0.009318934920609964,-0.3163207678276576,34949.30812109375,1.768798879915497e-06,6.502928256988525,1.3254380064608995e-05
474,0.9991153923359796,0.0008743083103900591,0.02967741253874787,31740.235029296877,1.8643011788563928e-06,47.9847412109375,7.530441507697105e-05
475,0.2428836667278775,-0.08863311650558982,-3.0085514822085795,27453.883857910158,2.0303043808869334e-06,21.782337188720703,7.743500464130193e-05
476,0.9323014275691724,0.023660212316054825,0.8031193039268472,35523.09026464844,1.7870747737380893e-06,25.110736846923828,4.4226868340047076e-05
477,0.5194018912929999,-0.03873425092813639,-1.3147905956204795,45312.77400195313,1.5535422906656488e-06,13.04658031463623,2.46227573370561e-05
478,0.7467015815320791,-0.03839509004378358,-1.3032781607478723,34144.313571289065,1.7925063962322369e-06,18.035520553588867,4.8436937504448e-05
479,0.9669863962296779,0.006448336913332622,0.21888154612236446,22163.193770507813,2.2131978039415877e-06,11.763307571411133,2.5440584067837335e-05
480,0.9869610732910934,0.002933159211638653,0.09956279144458022,25338.141764648437,2.1092313243212527e-06,11.733638763427734,2.0820878489757888e-05
481,0.8837471813643045,0.03827979306734158,1.2993645345205147,27067.855094238283,2.0124229411607238e-06,19.603845596313477,5.696357038686983e-05
482,0.5152946612857616,-0.02892789649246179,-0.9819249204001929,17492.026544677734,2.4845543043071495e-06,6.863318920135498,2.7976802812190726e-05
483,0.2949296576071626,0.03420683037372035,1.161112395455748,25727.393849121094,2.0642113535786536e-06,4.4571051597595215,2.6141780836042017e-05
484,0.5941275248076675,-0.01827065920595628,-0.6201769835267039,60282.44131640625,1.357976434686745e-06,8.215031623840332,1.4870636732666753e-05
485,-0.3812288868561497,0.030468226992948693,1.0342097073177179,32834.865624023434,1.821758537526221e-06,6.567789077758789,2.1394349460024387e-05
486,0.6197550733284085,-0.09952880203904119,-3.378393276717479,23733.68268701172,2.1595279031952753e-06,13.754950523376465,0.00010327021300327033
487,0.9045865356943711,0.004486364907706916,0.15228461239946306,43115.63426757813,1.5908238840985175e-06,3.8090531826019287,5.425068138720235e-06
488,0.9981636895064938,0.0007428255323778603,0.02521437747613044,37316.71540527344,1.6963048922747982e-06,8.014044761657715,1.1745327356038615e-05
489,0.7852434257001213,-0.014190272866573234,-0.4816728571535745,37588.944959960936,1.7041721627933196e-06,11.86797046661377,1.8486765839043073e-05
490,0.8789369624396395,-0.023891307443423885,-0.8109635681859461,25846.73141796875,2.050379834332457e-06,20.85098648071289,4.738628922495991e-05
491,0.6735672622627747,0.02646171772785453,0.898213255165195,26490.60837011719,2.0344445749086458e-06,10.5250244140625,3.8148278690641746e-05
492,-0.09722869591195821,-0.04414124673057856,-1.4983249885999594,20641.405134277345,2.3015760107484376e-06,7.328530788421631,4.056406396557577e-05
493,0.7987676813917188,0.011600781700299006,0.3937754910943655,17044.11812841797,2.524522977027676e-06,5.142635345458984,1.4463518709817436e-05
494,0.9906822297056855,-0.0037837673869425283,-0.12843572954585766,27807.71400097656,2.0067652414049436e-06,10.717904090881348,1.778244950401131e-05
495,0.5912404464116982,-0.04824754247708432,-1.6377085806657714,46311.663786621095,1.5476851765793979e-06,13.535187721252441,2.668541856110096e-05
496,0.8878418046332013,0.008301707754682997,0.2817921354332477,33366.76105444336,1.8295082607166376e-06,5.0620012283325195,8.623162102594506e-06
497,0.677343510018692,-0.0781019786480395,-2.6510838486669144,31653.843712890626,1.8915615370422963e-06,26.71233367919922,5.847028296557255e-05
498,0.7841463662129049,-0.030255641579378625,-1.0269937344815177,30297.709068115233,1.908725512824739e-06,13.497238159179688,2.5291970814578235e-05
499,0.8743270949076469,-0.020592465384636903,-0.69898808366251,36374.43873681641,1.7427114386756452e-06,13.259449005126953,2.3741355107631534e-05
500,0.8088927507407927,-0.03732088984472533,-1.2668156428033337,38742.21996728516,1.6866171458231076e-06,19.92818832397461,3.701430978253484e-05
501,0.8058278789373703,0.04067563688218233,1.3806887589691133,26052.804455566406,2.067949964260134e-06,26.32152557373047,6.320547254290432e-05
502,0.5877279357869318,0.05432524268085911,1.8440092804198278,34408.02559814453,1.817471899763771e-06,32.256072998046875,5.528512701857835e-05
503,0.9362678155062861,-0.0309943273075303,-1.0520675909579154,20373.954630615233,2.3087309447680984e-06,34.5894775390625,7.23477205610834e-05
504,0.8044185624782151,-0.07158755322734481,-2.4299590024709423,24042.98782788086,2.1203420373251312e-06,21.319061279296875,7.570463640149683e-05
505,0.9009477572401547,-0.014160226002532778,-0.4806529501379058,23697.82778564453,2.154263974610556e-06,8.775643348693848,2.1247264157864265e-05
506,0.7899800107318087,-0.02545234991245507,-0.8639513995875209,36178.53185009766,1.765048919990437e-06,21.761457443237305,3.95402021240443e-05
507,0.6547533986997843,0.04526148681172226,1.5363502785754257,41004.35771582031,1.6458234342737592e-06,18.479846954345703,4.3876367271877825e-05
508,0.9969383231953274,0.008670548716506604,0.2943120271638254,31353.602561035157,1.8980079711737109e-06,44.120967864990234,6.514420238090679e-05
509,0.9746484603771165,0.0038327741874560027,0.13009921028687185,48736.713954101564,1.4908668320030294e-06,13.156109809875488,1.8019441995420493e-05
510,0.9419512882262904,0.01048527913741863,0.35591101084956256,36612.10023095703,1.7277189603466668e-06,18.284067153930664,2.7371321266400628e-05
511,0.8589551443445955,-0.18616259972784388,-6.319080129690405,30389.56640234375,1.9030867444574512e-06,134.32806396484375,0.0003326787846162915
512,0.5969113429104402,-0.10265605134088915,-3.484544238042607,14821.215797119141,2.713775763763031e-06,23.566844940185547,0.00013276716344989836
513,0.1308942040084393,0.11689354507658879,3.967819954504333,19798.921255615234,2.3355371967336514e-06,16.818090438842773,9.715397754916921e-05
514,0.5624019377683268,-0.01639202282577115,-0.5564087839082184,33438.360317382816,1.7998800838195903e-06,5.244029521942139,1.2238551789778285e-05
515,0.5166179323610951,0.039032540359172856,1.324915694965433,31348.48174609375,1.8791509822772354e-06,9.399575233459473,4.194681969238445e-05
516,0.9940253019475864,-0.0025004931122840452,-0.08487642718441549,29101.431010253906,1.959343703823506e-06,19.804521560668945,3.212556111975573e-05
517,0.475834979694421,0.050022658731656774,1.6979629060166088,33200.37644775391,1.8442750219033513e-06,8.254900932312012,3.5491179005475715e-05
518,0.7255003076698343,-0.04041176545733926,-1.371731940145372,31442.94477734375,1.8869722500635946e-06,16.60965347290039,4.075190736330114e-05
519,0.39764649397328333,0.16440905897001773,5.580680647978451,41468.46913232422,1.6275601681363725e-06,39.083744049072266,0.00011489687312860042
520,0.7852711457819861,0.017677735216232043,0.6000508453691972,27317.699374511718,2.0014732042148317e-06,6.174243450164795,2.1571930119534954e-05
521,0.5700677984755376,-0.02452734285850642,-0.8325530752034843,23422.486099365233,2.1888654711669266e-06,11.935799598693848,2.2720147171639837e-05
522,0.8787043384093043,0.014937263763283066,0.5070286232384887,25462.237732666017,2.0823448222126113e-06,7.021721839904785,1.654145489737857e-05
523,0.9977160631632649,-0.0012609059348353787,-0.04280003421672902,27337.148727050782,1.997542702034171e-06,7.165989875793457,1.2038735803798772e-05
524,0.8906670134067184,0.0060135728979355966,0.20412397046100111,27346.1687434082,2.016790148802263e-06,3.5896992683410645,7.070992523949826e-06
525,0.6463851267894961,0.027294900615564437,0.9264947114717932,35053.82694750976,1.7684854573715973e-06,4.7903594970703125,1.692955629550852e-05
526,0.9959813771154551,0.0015791940586688585,0.05360396670248575,35195.721540527345,1.7865125421295454e-06,5.083933353424072,8.11326208349783e-06
527,0.5421643943503396,0.020037761691967772,0.680159290514285,27975.74218847656,2.026239927145636e-06,7.7506184577941895,1.6596442947047763e-05
528,0.9115502207201337,0.011879642810420407,0.40324111793073153,23035.02379272461,2.2004595898774797e-06,8.765046119689941,2.0752295313286595e-05
529,0.7767475603031304,0.09058954016512735,3.0749600835619844,40016.502419921875,1.6645363814228669e-06,37.118160247802734,7.806906796758994e-05
530,0.5735267252151596,0.06820454055179807,2.3151264410016106,19949.4582421875,2.3440048411291607e-06,19.386442184448242,9.806742309592664e-05
531,0.7180498971610436,0.01729606420595097,0.5870954520696201,22611.227145996094,2.205600595093097e-06,7.900540351867676,2.035045690718107e-05
532,0.8113849460494917,0.013426424906377729,0.45574489700243564,25685.551379394532,2.0798820239003857e-06,5.501894474029541,1.3449900507112034e-05
533,0.9574228458597479,-0.008504643905537058,-0.28868057489602106,27619.189440429687,1.985405526729891e-06,8.505030632019043,1.536136187496595e-05
534,0.9342652240590191,0.006725093459825584,0.22827573591269879,30222.662037597656,1.905649332804492e-06,5.571828365325928,9.939362826116849e-06
535,0.9900281262488182,0.0024361471431747013,0.08269227561251567,34024.16306542969,1.7844741096107883e-06,5.665688514709473,8.925037036533467e-06
536,0.9973564680553108,-0.00046565652428687797,-0.015806187140616098,43982.11459667969,1.5868320187980932e-06,3.987668752670288,5.597942163149128e-06
537,0.8048644615461155,0.015787758624860995,0.5358977150327471,36240.72188916016,1.7720818853129177e-06,9.668950080871582,1.5529687516391277e-05
538,0.7536197230536689,-0.025446837181090854,-0.8637642761197842,27134.876095703126,2.053887348637566e-06,7.848540782928467,2.62332905549556e-05
539,0.8135794783395817,0.06356342924638282,2.1575891361261648,33730.94830957031,1.8227249693442359e-06,30.224794387817383,5.73018696741201e-05
540,0.3415690510289106,-0.04576397102918003,-1.553406540352294,41737.59701269531,1.6064594169440802e-06,11.542890548706055,3.549950633896515e-05
541,0.8876951787888875,-0.02155022291989344,-0.7314980863104568,27711.60596923828,1.986285449449101e-06,17.132604598999023,3.919846858480014e-05
542,0.9537620184234767,0.00830590299308559,0.28193453808376884,40671.62362109375,1.661730070970537e-06,13.025528907775879,2.377479540882632e-05
543,0.8539114947242537,-0.015318370209231515,-0.5199648530365817,33109.1373984375,1.8264718503248788e-06,13.383045196533203,2.465946090524085e-05
544,0.29090384136837893,-0.052032427341983135,-1.7661822417443818,38807.42404541015,1.6916231961530136e-06,16.306541442871094,3.7700319808209315e-05
545,0.8265497815450705,0.06506350709605474,2.2085075920711734,41855.63266015625,1.6263704792275903e-06,55.7706298828125,8.310788689414039e-05
546,0.9250176314417653,-0.019259688573301497,-0.6537484733533827,53159.27756445313,1.4473790105386918e-06,22.94093894958496,3.0315541152958758e-05
547,0.9580586836106475,-0.014646059754216833,-0.4971440305755866,55025.4305859375,1.4133437873608576e-06,26.4598331451416,3.4782329748850316e-05
548,0.6982272233349073,0.05186896683102184,1.7606337584920282,40208.34782910156,1.6461203791854751e-06,23.37017059326172,5.896192669752054e-05
549,-0.3522141495375505,-0.07234284957481339,-2.4555966877433537,42388.118810546875,1.616902668169008e-06,26.432336807250977,5.1010130846407264e-05
550,0.5068829422527659,-0.03821705654455425,-1.2972350137943809,39163.85243261719,1.6645896441866764e-06,22.963985443115234,4.222243660478853e-05
551,0.9473291918295192,0.005914692533016898,0.20076758765324196,25354.91130029297,2.087892152108351e-06,11.716835975646973,2.1373602066887543e-05
552,0.4957161991472254,0.03128025954413709,1.0617732392321733,32677.97621826172,1.8641444394137972e-06,18.216962814331055,4.264361268724315e-05
553,0.9781824150334315,0.0031685107866946814,0.10755153603453585,25916.04963745117,2.0443570169240674e-06,10.522871971130371,1.771704228303861e-05
554,0.8648511892376487,0.03453416484530409,1.1722233960443278,24124.37463964844,2.1141273847497042e-06,8.957683563232422,4.5948610932100564e-05
555,0.9656271990621148,-0.005541641820035131,-0.18810480065297347,30825.968353515625,1.8637564873083245e-06,9.709677696228027,1.4970453776186332e-05
556,0.06983474776751439,0.03567639406431461,1.210995082580469,50722.502642578125,1.4670486763487318e-06,7.260533332824707,3.042197204194963e-05
557,0.9976312810727878,0.0011918531813808553,0.0404561161424606,31183.99303857422,1.8819114157786689e-06,11.946686744689941,2.001504435611423e-05
558,0.29854266726260115,-0.0969968281444947,-3.292448269775623,27365.797032714843,2.0364016178496722e-06,14.287491798400879,7.066354010021314e-05
559,0.9990117749122158,-0.004360344261964087,-0.14800698327520054,37934.19694580078,1.6892274741904437e-06,30.596864700317383,4.5319455239223316e-05
560,0.9985562554679158,0.0006834587466389462,0.023199238685230484,33362.46636425781,1.804964781086318e-06,12.453807830810547,1.9016988517250866e-05
561,0.9106052747551234,-0.010934386339195886,-0.37115544984536725,38909.26781738281,1.67808586299692e-06,13.272705078125,1.94224739971105e-05
562,0.6946508355340957,-0.10218199928529118,-3.4684530740314288,31784.020265136718,1.850243348157091e-06,30.358522415161133,0.00010420667967991903
563,0.9903777889873595,0.0016192419361718935,0.054963346875171716,30029.500395751955,1.921352243723027e-06,6.825878620147705,1.118201544159092e-05
564,0.6677837267750479,0.02395895306466521,0.8132597227393933,35928.29292578125,1.7517513605034078e-06,11.474348068237305,2.1975210984237492e-05
565,0.9232060316446559,0.008547760294527631,0.2901441122409692,34328.65867333984,1.7751609624834034e-06,8.884451866149902,1.498221536166966e-05
566,0.17733746753303506,0.03221876231472806,1.0936296605432785,40289.5724921875,1.6557817495125569e-06,4.556730270385742,2.300656160514336e-05
567,0.695877542071671,0.016010165917438528,0.5434470805083018,47879.414757324215,1.5061040492001482e-06,8.233328819274902,1.4405205547518563e-05
568,0.6705587520920901,-0.0278570096301637,-0.9455748699465182,53287.06291699219,1.4431362221494432e-06,15.622411727905273,2.5547578843543306e-05
569,0.968020625404663,0.016633430371904616,0.5646030916271665,41432.28513525391,1.6184859862991462e-06,38.34873962402344,5.361485091270879e-05
570,0.6973291036044373,-0.014016364407938294,-0.4757697300649343,40252.26846533203,1.6577665998999186e-06,8.924365997314453,1.9440585674601607e-05
571,0.9936165336066889,-0.001831818666349187,-0.06217902496336819,42929.88764306641,1.5932626448317208e-06,10.532127380371094,1.49844418046996e-05
572,0.9404159060460338,-0.0061449027225330185,-0.20858181369193216,33301.53905566406,1.8177634681708248e-06,13.295940399169922,2.0497833247645758e-05
573,0.9857012242536093,0.0048372459588894206,0.16419487515714748,50926.35041992187,1.4906039264625169e-06,18.52743148803711,2.507599856471643e-05
574,0.20168566667052407,-0.08676232001040828,-2.9450493986715074,36446.666598632815,1.7242332499433787e-06,31.103445053100586,0.00010283943265676498
575,0.6379166647600268,-0.07818883027342091,-2.6540319294359915,31348.13579296875,1.8719207806322e-06,47.215885162353516,0.00010081757500302047
576,0.7701692620167758,-0.06639714114423388,-2.253776300321099,35477.29270263672,1.7605069263304331e-06,39.125057220458984,8.975986565928906e-05
577,0.6583456982683228,0.032448725876701334,1.1014355150873305,41679.512520507815,1.6207457088633159e-06,13.468907356262207,2.8253929485799745e-05
578,0.8931084433374251,-0.012320433701927098,-0.41820326912512024,42905.93054980469,1.5998503161676879e-06,11.544496536254883,1.9326434994582087e-05
579,0.9866553373856951,0.007687841506755325,0.2609551358681457,46167.80676269531,1.534610683741478e-06,23.90171241760254,3.167301110806875e-05
580,0.35583641199743404,0.05033173467755118,1.70845414148024,67346.39279492188,1.2962918047639307e-06,13.38476848602295,3.499060039757751e-05
581,0.8264588445982232,-0.0050090051691159005,-0.17002504842514107,53879.25738964844,1.4215863313628432e-06,5.846800804138184,5.208972197578987e-06
582,0.9593172896912247,-0.011978387325922263,-0.4065928894827828,45679.62927734375,1.5364750047361805e-06,23.858104705810547,3.069482045248151e-05
583,-0.13125289518198963,-0.026468015000460466,-0.8984270090032569,44515.79865625,1.5802252322746303e-06,13.77937126159668,2.1795643988298252e-05
584,0.7556780363127455,-0.011574080930027047,-0.39286916346937734,40728.438236328126,1.6176312352919705e-06,10.644889831542969,1.6185456843231805e-05
585,0.8301342693861419,-0.013552155449375684,-0.4600126789152101,33304.639636230466,1.8305062274720863e-06,20.718496322631836,3.86514475394506e-05
586,-0.014116447426621765,0.08240153555747852,2.797027473608921,20910.374751953124,2.2504650900698905e-06,14.938652992248535,9.646896069170907e-05
587,0.8884514594673592,-0.004165478990422333,-0.1413925007359236,30259.46171972656,1.9100275640207095e-06,6.592684268951416,1.0979621947626583e-05
588,0.6167888171228572,0.028609825384508354,0.9711283542744752,36989.34276953125,1.7014324026144326e-06,11.895096778869629,3.190652569173835e-05
589,0.6791386971354555,0.03080373617894019,1.0455981893953583,50871.25351464844,1.4760233883248904e-06,11.694135665893555,3.398775515961461e-05
590,0.7191824168441037,0.01897487778703054,0.6440808914498352,25682.094150878907,2.0860782746261894e-06,10.528380393981934,2.6214651370537467e-05
591,0.9594639076238769,-0.019149643260965434,-0.6500131089592189,30006.910193359374,1.925998653059725e-06,22.877479553222656,3.887185448547825e-05
592,0.5838627777000609,-0.05216602509294279,-1.7707170671856607,44514.6316953125,1.577457745086787e-06,20.06449317932129,4.825032010558061e-05
593,0.6902194177499821,0.028333151216493335,0.9617369607289495,35725.381677734375,1.770331239927544e-06,14.402592658996582,4.286725743440911e-05
594,0.9974070655156686,-0.0013985563793016697,-0.047472423782311,31182.19008154297,1.8549721899811835e-06,10.133116722106934,1.625724689802155e-05
595,0.8855474297137097,0.010673374304404301,0.36229568980187404,26918.26270751953,2.0166731754056694e-06,10.368627548217773,2.3418346245307475e-05
596,0.9869755342685468,0.003430666789902411,0.11645012679965636,28052.574064941407,1.9753535216174705e-06,10.046666145324707,1.79415219463408e-05
597,0.90419311997059,0.008420265363195373,0.2858164401500351,33928.69568505859,1.790944971685503e-06,6.724323272705078,1.2453971066861413e-05
598,0.824960318973275,0.01996686726074209,0.6777528587588261,57222.01948876953,1.3943908859641893e-06,16.068105697631836,2.200012568209786e-05
599,0.9903223925982738,-0.0045433882521109595,-0.15422020570917658,36645.12755029297,1.735375196467423e-06,17.31896209716797,2.5243318305001594e-05
600,0.9899033175252813,-0.014296774777760052,-0.4852879447798677,35773.90848828125,1.7536958645677965e-06,38.619136810302734,6.612677680095658e-05
601,0.7036981373149619,0.0591080945004947,2.0063578076798527,42068.686610351564,1.6105695674104117e-06,19.033660888671875,6.875959661556408e-05
602,0.840531558476501,0.007832073231055085,0.26585091957779533,45549.817267578124,1.5511856861111475e-06,8.756967544555664,1.1788829397119116e-05
603,0.6834824431927623,-0.01562505087795084,-0.530374783509714,23447.84404003906,2.1455756327471677e-06,8.107975006103516,2.3158003386924975e-05
604,0.9984078982530002,0.000987210515712249,0.03350975095308389,37453.88436914062,1.7587338681889962e-06,21.65399742126465,3.107520751655102e-05
605,0.9913524424616965,0.004608795805983352,0.15644039158223016,27681.793958740236,1.987416279514413e-06,18.80225944519043,3.163164365105331e-05
606,0.6498447960578583,-0.031171209882522147,-1.0580716710822453,35746.92171044922,1.7525790565336894e-06,11.589274406433105,2.3540236725239083e-05
607,0.971336923422775,-0.004360609530711648,-0.1480159875245728,31461.95817626953,1.8581332923033262e-06,4.9037957191467285,8.773190529609565e-06
608,0.6944736616970618,0.019591042786837584,0.6649959195628049,43915.42549609375,1.5886000708132996e-06,10.060721397399902,1.6483880244777538e-05
609,0.943578543185033,0.00586898169850342,0.19921598477216934,46507.52166943359,1.5557414615657368e-06,10.113935470581055,1.4242823453969322e-05
610,0.44683348003914936,0.058110101961206646,1.9724820730596124,37595.96387646484,1.7246952702757168e-06,11.311330795288086,4.686546526500024e-05
611,0.9274642603438336,-0.0032180072959967516,-0.10923163938975865,32461.323693847655,1.857549503215756e-06,4.371758460998535,6.842529728601221e-06
612,0.8225425288561516,0.06612615051178455,2.2445778279998794,38159.16073046875,1.7012546363023585e-06,19.537975311279297,6.524560012621805e-05
613,0.18586415668410242,-0.009390842414157824,-0.31876158684457295,30394.19491503906,1.890003314355862e-06,1.9780876636505127,6.9329516918514855e-06
614,0.7244034327061059,-0.013358723625003338,-0.4534468531283551,23937.567978515624,2.168517233787642e-06,6.883416652679443,1.7751142877386883e-05
615,0.9989661343246212,0.0003978607997711703,0.013504937500293756,25967.470060058593,2.0358579499545503e-06,12.035626411437988,2.1286308765411377e-05
616,0.9868302322893668,-0.007424595685039492,-0.25201955243914104,28221.893107421874,1.9853012928925757e-06,18.450851440429688,2.8502206987468526e-05
617,0.7877406285870404,-0.019954891100976892,-0.6773463414813873,26250.149263671876,2.0503396260908727e-06,10.387110710144043,2.1306548660504632e-05
618,0.5537368858780607,0.020750356936371523,0.7043475348555576,39142.42733642578,1.6800469455004814e-06,5.262012004852295,1.2639033229788765e-05
619,0.8371375073811443,0.01838855120463266,0.6241786948660089,33798.51515771484,1.8368084589403892e-06,9.40195369720459,1.747340866131708e-05
620,0.941002253639516,0.02980116136308464,1.0115669145492687,28489.519098632813,1.9970266016393946e-06,24.55060386657715,5.4522985010407865e-05
621,0.7670584479584461,-0.02973555805989781,-1.009340084185834,27699.9104921875,2.004624587025723e-06,14.247679710388184,2.7165944629814476e-05
622,0.8490121121066737,-0.06606265884522819,-2.2424226747675777,36632.81441601562,1.7685911627382968e-06,46.15690231323242,8.72214586706832e-05
623,0.6212702387575127,0.04806901277963003,1.6316485908214509,16572.15851904297,2.546178962877144e-06,18.756580352783203,6.964412750676274e-05
624,0.8519510590319255,-0.013611825392804576,-0.462038108053031,18478.48991845703,2.4216412883810734e-06,9.915907859802246,2.2404619812732562e-05
625,0.5825551130432709,-0.03132334699010754,-1.0632357941388464,23521.601935546874,2.165246540739061e-06,5.2044901847839355,2.7340118322172202e-05
626,0.679358808688138,0.03439671766357357,1.1675579060037662,17385.765338134766,2.5221136592321138e-06,6.983551025390625,3.2711388485040516e-05
627,0.8065236556258408,-0.009209510060137635,-0.31260646397438246,22534.8942421875,2.220778753713892e-06,3.5164425373077393,9.477730600337964e-06
628,0.7345216015313774,-0.03379466154953423,-1.147121788154389,34658.95784863281,1.7639550457332437e-06,9.051765441894531,2.506523742340505e-05
629,0.9674327715268339,-0.005055661297564695,-0.1716087382459755,35138.46797167969,1.7963743493702977e-06,6.829397201538086,9.533835509500932e-06
630,0.9863636862911526,0.012224799713223558,0.4149570809078142,32171.672140136718,1.8840746977280844e-06,27.83892059326172,4.570130477077328e-05
631,0.8140910927863323,0.031107104334270004,1.0558956803260178,35016.60401318359,1.8288124053864954e-06,11.962076187133789,2.7863856303156354e-05
632,0.8190739114402797,-0.011254600818675456,-0.3820247703075688,35691.04440234375,1.7449913252326497e-06,7.596971035003662,1.2003472875221632e-05
633,0.901356231293862,-0.11692095841059552,-3.9687504693041036,33489.90836425781,1.8062609783753153e-06,93.62510681152344,0.00017244179616682231
634,0.3511039734497252,-0.16704889276384183,-5.670286837925445,17278.227595703123,2.5159748606695834e-06,52.81426239013672,0.0001893327134894207
635,-0.55674488161317,0.54273622258975,18.422570832400996,22315.01600488281,2.2526209857561785e-06,35.52853012084961,0.00031783583108335733
636,0.653581932109456,-0.01932836185125082,-0.6560795105583032,17160.251873535155,2.507575440079978e-06,3.98049259185791,1.434672321920516e-05
637,0.7128431395012148,0.02335674153226172,0.792818329388395,18374.40802612305,2.4350827951406606e-06,4.94452428817749,1.8808863387675956e-05
638,0.7302075877725217,0.011972994912451353,0.40640985007065106,24311.293142089842,2.1191208960332255e-06,3.744643449783325,8.732925380172674e-06
639,0.9408553048724886,-0.00984443570884075,-0.3341583012199738,27523.19945654297,1.9893598459494806e-06,6.889553070068359,1.2899365174234845e-05
640,0.9873426715301281,0.0019730570452420318,0.06697320292884688,28338.546109375,1.979966043367584e-06,3.977358818054199,6.4853534240683075e-06
641,0.9365276381471818,-0.007465751271685648,-0.25341653255320085,29661.428287597657,1.9367927043059907e-06,5.876471042633057,1.081270875147311e-05
642,0.884852861631774,0.027172814132436232,0.9223506230739783,36679.61650683594,1.7358900815868108e-06,13.599757194519043,2.318765109521337e-05
643,0.8509768672563358,0.04450734210103598,1.510751684318708,29849.746981933593,1.933294854119785e-06,18.788909912109375,4.7597335651516914e-05
644,0.9649497584554428,-0.009749672272186564,-0.33094166291314914,36152.48905712891,1.7468529282152974e-06,14.613417625427246,2.273527206853032e-05
645,0.6707327595185725,0.11751232645490231,3.988823792643893,35738.62229345703,1.7545634852867364e-06,30.025318145751953,9.559574391460046e-05
646,0.9133355129751031,0.004956864700059293,0.16825519882887402,29103.803611328123,1.9469929650523127e-06,3.187168836593628,9.023193342727609e-06
647,0.9385057468513518,0.005999732661421375,0.2036541791942532,22906.76582080078,2.2040692007118955e-06,7.246916770935059,1.4820981050434057e-05
648,0.7584798963333097,0.02046622902565694,0.6947031323949573,27439.92298925781,1.9990039399481317e-06,8.402447700500488,1.6424120985902846e-05
649,0.8897424173631084,0.009595147689635115,0.3256964997032612,23961.00650732422,2.1497160954824407e-06,6.616001129150391,1.3010974726057611e-05
650,0.9828015980246759,0.001995555708275326,0.06773689474839675,29301.54308276367,1.9388732365945473e-06,4.145399570465088,7.3033193075389136e-06
651,0.8203242769223085,0.010506000127656841,0.3566143615648685,47002.26162841797,1.5405631331518632e-06,6.062534809112549,9.230844625562895e-06
652,0.9995642584818295,-0.0011329275569432506,-0.03845595207589931,37941.22237744141,1.7217291474152146e-06,8.712650299072266,1.2556971341837198e-05
653,0.5691172374668347,0.043544748775688535,1.4780775362134064,24420.444119140626,2.1589502649001157e-06,9.003281593322754,4.115410411031917e-05
654,0.8850962394129407,-0.09755496038991832,-3.3113934412920925,23490.70717138672,2.186339046600997e-06,55.10516357421875,0.00013489504635799676
655,0.48284497082055194,0.029988291680984394,1.0179188427842187,40458.10758789063,1.6576486817683822e-06,4.137687683105469,2.102336657117121e-05
656,0.5711414995806097,-0.03775485679869434,-1.2815461631107254,31547.333356933595,1.8602088700351576e-06,14.938863754272461,3.7514109862968326e-05
657,0.6851595938790956,-0.014225809213037892,-0.4828790984778518,24918.0684609375,2.113397505628719e-06,8.583623886108398,2.155270158255007e-05
658,0.9960794513866119,0.0009805897811427328,0.03328501756236337,28916.46834375,1.9584568503062443e-06,9.806136131286621,1.677344880590681e-05
659,0.492243994204458,-0.1059570144115631,-3.5965917179297167,22930.628604492187,2.1796182776067597e-06,26.726303100585938,0.00010456593736307696
660,0.9157792346159505,0.010292166356065736,0.34935601461927623,33023.829319335935,1.8124178129818141e-06,9.191920280456543,1.8982360415975563e-05
661,0.6673018681619989,-0.03495704624581748,-1.1865776297040769,38514.83836230469,1.6911930969886083e-06,12.9447603225708,3.0848121241433546e-05
662,0.6770979720173612,0.022374992233954217,0.7594939533196148,49038.33958398437,1.4898420377409053e-06,11.45071029663086,1.7265809219679795e-05
663,0.670364261787721,0.040267993566198056,1.366851764955261,47585.10362109375,1.5152684744826253e-06,15.409354209899902,3.178962288075127e-05
664,0.692731118717213,0.02961728493580946,1.0053254359729504,42789.65302832031,1.6220446668041666e-06,12.503108978271484,2.6046698621939868e-05
665,0.7421807156534139,0.04961646046329202,1.6841749625194138,32887.356150390624,1.8482196162768181e-06,13.006254196166992,4.3623796955216676e-05
666,0.6216024991996216,-0.04133671632048424,-1.4031283571957578,35995.80933935547,1.7732384439047337e-06,22.61553192138672,4.004034781246446e-05
667,0.7854174391275612,0.024478462409277563,0.8308938833147592,35459.42042919922,1.7636244827740016e-06,9.188831329345703,2.664175372046884e-05
668,0.9510278742444831,-0.0026817490540376712,-0.09102895632613411,23888.024373535158,2.1349914799878467e-06,5.792334079742432,8.822432391752955e-06
669,0.840472117269806,-0.01328912487700697,-0.4510844018832707,29442.54846484375,1.939050437910379e-06,11.491333961486816,1.9911816707463004e-05
670,0.9783110434667713,-0.004077308380876502,-0.13839964853242906,28484.44643798828,1.976067868048537e-06,8.05606460571289,1.3898526958655566e-05
671,0.9950299969350005,-0.00046501420172974985,-0.015784384223630977,31439.560049072265,1.8748470259624937e-06,4.018166542053223,6.378410034812987e-06
672,0.8980356988513433,0.005538414265509337,0.18799524494360298,46267.32026757813,1.5372740587183214e-06,4.449850082397461,7.2369634835922625e-06
673,0.9984550170980061,0.0008438475130862338,0.028643455023873617,55919.75813183594,1.3938432395221475e-06,10.925232887268066,1.294696812692564e-05
674,0.9985357514069878,0.0010349596123175608,0.03513054034907643,28494.84482763672,1.9644778261783684e-06,12.312044143676758,2.0491997929639183e-05
675,0.7467076853848663,0.04719806183091266,1.6020851401497218,36840.740693359374,1.7245857967154348e-06,24.889293670654297,4.5714943553321064e-05
676,0.8941761096159865,-0.045792081843506804,-1.5543607303372933,37759.73794384766,1.7061678101799384e-06,48.27227020263672,7.685414311708882e-05
677,0.9981061126373791,0.0023059711058526617,0.07827359639334862,33609.49105957031,1.7885628638028665e-06,17.496530532836914,2.717259485507384e-05
678,0.8962183184789067,-0.013024381670480313,-0.4420979914104967,18901.168067871095,2.406901298716748e-06,12.395368576049805,3.162428765790537e-05
679,0.6534295291445744,0.04295738031013835,1.4581399740774508,31777.40922753906,1.8689444342299481e-06,16.132253646850586,5.5946333304746076e-05
680,0.9720102896424258,-0.006175357949085006,-0.20961558211389889,26415.146356933594,2.0653288649555404e-06,11.828330993652344,2.1158650270081125e-05
681,0.9281640013767684,0.007182698120872971,0.2438086116090289,26413.97639135742,2.059404705342119e-06,6.518505573272705,1.405212333338568e-05
682,0.7490639755948634,-0.018121028892373638,-0.6150979507739289,33083.964955078125,1.804110219673973e-06,9.792829513549805,1.7533355276100338e-05
683,0.9812213497292248,0.01030189226941473,0.3496861498122557,52616.11557128906,1.4715237973034219e-06,32.33113479614258,4.186181104159914e-05
684,0.7837465473721164,0.08895065435688314,3.019329947536555,36905.24795166016,1.7297178084541924e-06,17.772016525268555,6.885868060635403e-05
685,0.9919301668453625,0.00014280349644090417,0.004847304120855937,23670.111071289062,2.1822926484300995e-06,14.746326446533203,2.7891845093108714e-05
686,0.8771424205632747,-0.043699017881474816,-1.4833140275517545,32372.501374267576,1.8727047366710181e-06,15.775164604187012,4.8079731641337276e-05
687,0.7789984505092653,0.023767992620143393,0.8067777851627865,41134.73100830078,1.6237601223955707e-06,12.448822021484375,3.034145265701227e-05
688,0.5106503051151182,-0.010340117177847883,-0.3509836513495801,26521.340149414063,2.0550252972803196e-06,4.126278877258301,1.1124135198770091e-05
689,0.9253030922750032,0.007656980621994677,0.25990759783440115,21192.817100830078,2.291067690785852e-06,6.138706207275391,1.572201472299639e-05
690,0.7376256590237285,0.0215637109642385,0.7319559228100216,25893.633322509766,2.067037206887618e-06,10.169687271118164,2.1970083253108896e-05
691,0.9989567504257799,0.00015387107891209694,0.005222980763638464,27435.05540185547,1.9846098146716495e-06,4.8494873046875,8.326295755978208e-06
692,0.8822813654404968,0.012209306460548472,0.4144311798661091,36374.450901367185,1.724029622022742e-06,7.834170341491699,1.3470148587657604e-05
693,0.7316767315802442,-0.06334437241683971,-2.1501534983511097,34535.469686035154,1.800904112027748e-06,28.78371238708496,6.401204882422462e-05
694,0.8925011195041922,-0.030920001069764464,-1.0495446703881162,23972.504276367188,2.1304657898425416e-06,11.68584156036377,4.3340693082427606e-05
695,0.992070386134879,0.002897996438035898,0.09836923063106123,25848.095795410158,2.0399021920893735e-06,11.390303611755371,1.917111876537092e-05
696,0.5795683441028517,-0.02418016484732005,-0.8207685079748335,33745.84581103516,1.8271110512878777e-06,5.156930923461914,2.1748333892901428e-05
697,0.9888355307061805,0.004009396176530073,0.1360944451152208,33075.76158251953,1.8144925325804297e-06,11.791312217712402,1.952583079400938e-05
698,0.9178171257413279,-0.006503618194968359,-0.22075800707015358,24860.018857910156,2.094755168165571e-06,7.036471366882324,1.3588356523541734e-05
699,0.6165602492656289,-0.01975354346887278,-0.6705118225014775,30653.25984765625,1.9082292514271466e-06,9.62637710571289,2.6640596843208186e-05
700,0.5003085627122126,-0.018686693980271136,-0.6342988161583741,21549.636685546873,2.248677366084268e-06,8.474247932434082,2.3407583285006694e-05
701,0.926021388210794,0.006056555904407038,0.20558298028631034,27513.0145078125,2.0148602992664614e-06,8.822442054748535,1.4892373656039126e-05
702,0.8786227438866311,0.016103870089038318,0.5466277632538747,46887.34725195313,1.5303500022083592e-06,13.233882904052734,2.039799073827453e-05
703,0.9321101711299118,-0.011166309607766517,-0.3790278244264057,60464.44142285156,1.3509807045706067e-06,21.881406784057617,2.5479592295596376e-05
704,0.884314391460705,0.018106236066725807,0.614595824940116,38580.78859472656,1.686861814468566e-06,25.481287002563477,4.309777796152048e-05
705,0.9179101815636926,0.012390585728670396,0.42058450079517173,41948.36198925781,1.6309257896553343e-06,16.805025100708008,2.540154855523724e-05
706,0.914673494931464,0.008206546642755734,0.2785619984864179,40990.59144140625,1.6506466696339547e-06,9.720903396606445,1.616882764210459e-05
707,0.8073429188474881,0.020255545332192773,0.6875517113094898,34756.34552392578,1.7640316514283523e-06,13.138075828552246,3.225996988476254e-05
708,0.9688649597679583,-0.005580160829535372,-0.18941228512033786,31227.77773876953,1.8871815957036361e-06,10.911809921264648,1.7908205336425453e-05
709,0.658302165762833,0.033285260250378874,1.129830733816746,28492.23660888672,1.9658713410145713e-06,6.349700927734375,2.9499453376047313e-05
710,0.6618168599672212,0.020736265549343713,0.7038692185670155,26464.274842773437,2.057256149289789e-06,9.004878997802734,2.4122438844642602e-05
711,0.44006321754063993,0.018510632394941686,0.6283226036050279,31328.311234375,1.8748076890458718e-06,5.18020486831665,1.6981693988782354e-05
712,0.9609910941093466,0.008432459982528229,0.2862303727918657,38169.903181152345,1.7039164414791627e-06,11.52158260345459,2.0454690456972457e-05
713,0.9911101111230842,0.0030749089082250766,0.10437432551425052,50667.10997802734,1.4781131156916855e-06,13.896488189697266,1.731627889967058e-05
714,0.7898674502327667,0.03343035645675845,1.1347558613985862,29651.56108203125,1.92526561259799e-06,20.21579360961914,4.8485526349395514e-05
715,0.8780217620611799,-0.07957874668791991,-2.701211079327705,26461.518412597656,2.0380858420512083e-06,37.86622619628906,9.219220373779535e-05
716,0.46591168345633754,-0.05533671859149138,-1.8783426929198737,37122.101475097654,1.747531576983171e-06,14.508500099182129,3.564077996998094e-05
717,0.9964548662078512,-0.0054826231304427485,-0.1861014775943741,41697.727240722656,1.6253938309958564e-06,34.937679290771484,4.649996481020935e-05
718,0.42401027162169563,-0.021170288753137916,-0.7186016482114769,26969.20554199219,2.0152907552976936e-06,7.651010036468506,2.422296893200837e-05
719,0.9964907572285578,-0.0019329160667252415,-0.0656106625469302,28390.80909326172,1.9756203473414546e-06,10.705282211303711,1.8197233657701872e-05
720,0.785921285098916,-0.051150215357486116,-1.7362365478748305,23794.67276904297,2.1484086114313804e-06,24.87198257446289,8.177247946150601e-05
721,0.6600793277121765,0.030086957919593385,1.0212679573151549,25885.649794433593,2.0525051345751104e-06,6.983378887176514,3.137576277367771e-05
722,0.7072074287358483,-0.02158845286076585,-0.7327957586682733,35895.29751806641,1.7220490378114373e-06,8.71322250366211,1.7494865460321307e-05
723,0.5366556594588422,0.05832901367421253,1.979912785016978,49831.09666455078,1.5021184681888228e-06,14.055784225463867,4.260265995981172e-05
724,0.6608142065267171,-0.019843651866920452,-0.6735704507568505,40208.460892089846,1.6771019225604736e-06,9.544244766235352,1.875231828307733e-05
725,0.487705405421223,0.050237855778967444,1.7052675278236578,38492.31144042969,1.722067641433126e-06,6.815854072570801,3.170648778905161e-05
726,0.5681280522543068,-0.07605340802871513,-2.581547422372025,35026.035765136716,1.7977433747526402e-06,26.501972198486328,6.388154724845663e-05
727,0.9151098019823596,-0.02584005455814075,-0.8771115978567902,28306.265025390625,1.9730258688286073e-06,30.612085342407227,6.04258784733247e-05
728,0.9395675225377373,0.023166204584897928,0.7863507669466447,20461.53960888672,2.295145795244202e-06,21.253623962402344,5.9209884057054296e-05
729,0.5643436627816418,-0.017274717105566387,-0.5863708487493832,27488.56037109375,2.0020737522158197e-06,5.788898944854736,1.4660511624242645e-05
730,0.974901120883231,-0.004065524266029607,-0.13799965000381015,23491.024527832033,2.170780109231429e-06,7.106802940368652,1.2607336429937277e-05
731,0.5605582548381924,0.012974206976406064,0.4403948678357218,30597.650794921876,1.9090023904639096e-06,2.3463873863220215,7.582400485262042e-06
732,0.26862445841199534,0.024890350247078245,0.8448749528492011,39243.905415771485,1.6842726445000088e-06,3.944166660308838,1.0567338904365897e-05
733,0.5381789430683266,0.0275728404289377,0.9359290659259341,37479.12931640625,1.720286416449416e-06,6.483550548553467,1.436448837921489e-05
734,0.8453823539722543,0.02484981616822169,0.8434990691182465,37363.64712890625,1.7540071769032152e-06,13.480230331420898,2.4859287805156782e-05
735,0.8715102307144994,-0.02974681797188638,-1.0097222892378317,32676.510821533204,1.8383062035846444e-06,19.62254524230957,3.688891956699081e-05
736,0.9887099712549786,-0.009187257431732206,-0.31185112352363836,33736.19395068359,1.831947078023529e-06,21.67951202392578,3.339072645758279e-05
737,0.7206806876058635,-0.03121179845446037,-1.059449404519586,36458.49648242188,1.7559098882345283e-06,14.271865844726562,3.1970332202035934e-05
738,0.8923014529467399,-0.006864161826370372,-0.23299625524894785,21985.889850585936,2.219421621061589e-06,7.9784955978393555,1.0854002539417706e-05
739,0.6947389722246815,-0.026218932428560316,-0.8899721811643276,24584.574310302734,2.1370735455652898e-06,12.883360862731934,3.799881960731e-05
740,0.9436612101960778,-0.007783087338066906,-0.2641881485192192,28485.11316064453,1.9601679547372883e-06,11.523199081420898,2.0019564544782043e-05
741,0.4115013294412659,0.0383642003270409,1.302229644044916,28423.744283691405,1.972908993799494e-06,11.560410499572754,3.3879216061905026e-05
742,0.8201815782576586,0.027755533533628623,0.9421303779476375,53244.283776367185,1.4350280119488428e-06,18.26447296142578,3.1812352972337976e-05
743,0.9843767057243239,0.0023989352572968354,0.08142915998680517,52839.525716796874,1.443722310980321e-06,13.217228889465332,1.5987505321390927e-05
744,0.8369635894495275,0.02396548824061416,0.8134815519389395,37752.03525683594,1.7103022943408012e-06,19.594165802001953,3.885445403284393e-05
745,0.9952695838970292,-0.004832878125697579,-0.164046613970568,40799.41023779297,1.6398760300691819e-06,23.82418441772461,3.382761497050524e-05
746,0.9902294630977692,0.012250120024370769,0.4158165503999777,42334.76775,1.6131929258000668e-06,63.62813949584961,8.584588067606091e-05
747,0.726280044723342,-0.022780024147964113,-0.773242306229663,42791.29993896485,1.5967966816868582e-06,15.972034454345703,2.932261304522399e-05
748,0.6561628717814226,-0.0366091161710376,-1.2426552857562565,24142.604008300783,2.1260058657370335e-06,9.981328010559082,4.089678986929357e-05
749,0.9475805309993365,0.013628749814967327,0.4626125885338122,33782.317888671874,1.841243085561071e-06,22.017860412597656,3.740126339835115e-05
750,0.9883540404680461,-0.005820706572033292,-0.1975773398838747,30105.00009448242,1.9138274344712713e-06,16.435239791870117,2.72060733550461e-05
751,0.984822682503643,0.0032212921566430685,0.10934314029095622,30110.716307128907,1.890533704065537e-06,7.7465362548828125,1.4560097042704001e-05
752,0.6690525764493541,-0.03114648584137221,-1.0572324413047034,32740.897874023438,1.8204117660529183e-06,11.900213241577148,3.260814264649525e-05
753,0.99687638773475,-0.0022476292265461127,-0.07629324689890789,41420.57697851562,1.6379469264724555e-06,16.151004791259766,2.414839036646299e-05
754,0.21370059765730204,0.06906121008436042,2.34420512505974,30727.85973388672,1.9021273797298663e-06,20.26435089111328,6.821989518357441e-05
755,0.42680900158729884,-0.04153287705012861,-1.409786812603737,27935.470165527342,1.9715167711749378e-06,13.822029113769531,3.160436244797893e-05
756,0.2536080318354335,-0.03321817678126497,-1.1275536608851904,42600.10320703125,1.6061248011015131e-06,7.754024028778076,2.2562544472748414e-05
757,0.5068799888116907,-0.02974372630222361,-1.0096173459873499,42136.78185791016,1.6151819683878437e-06,9.161384582519531,2.2204356355359778e-05
758,0.9834384483289134,0.006916412954272426,0.23476986103530062,40752.63782666015,1.6457566440446383e-06,21.034236907958984,3.0857339879730716e-05
759,0.9744497862922847,0.006195764065792301,0.21030824480123636,23898.786754394532,2.1587752723725506e-06,20.8463134765625,4.454499139683321e-05
760,0.8553430681301178,0.03888215267354101,1.3198109540700238,22993.2020859375,2.168367478319612e-06,15.523111343383789,5.9378493460826576e-05
761,0.2184569931784796,-0.018533085769154637,-0.6290847581464933,31000.52750390625,1.8821973345526706e-06,7.010156154632568,1.4644444490841124e-05
762,0.892527296383868,-0.006685056337973443,-0.22691672082848893,40923.354255371094,1.6462828558984262e-06,5.728092193603516,9.353176210424863e-06
763,0.8749025992223629,0.00987853437140526,0.3353157419807679,41264.4165390625,1.6536767361106278e-06,8.894652366638184,1.4075604667596053e-05
764,0.934887233179428,-0.01190868985557202,-0.40422708721839784,27078.962846679686,2.006122867096168e-06,16.60675048828125,2.864565067284275e-05
765,0.7395202913503891,-0.11014333739841502,-3.7386917446878063,29308.36265234375,1.9440249955226084e-06,47.179237365722656,0.00013195617066230625
766,0.9643059206485262,0.00595874826478849,0.20226300993271065,43477.27903173828,1.5947837982443854e-06,9.810770988464355,1.39273743116064e-05
767,0.859961763647343,-0.008324460425969833,-0.28256444927736146,48093.72378076172,1.5255602063579503e-06,8.565354347229004,1.1290822840237524e-05
768,0.44070937021442125,-0.10401859538237666,-3.530794263509479,33975.456061035155,1.784361466614748e-06,22.637895584106445,0.00010612187907099724
769,0.6667702672195261,0.03810507373480963,1.2934338832291727,27505.28832421875,2.008086884517197e-06,13.367806434631348,4.573821206577122e-05
770,0.26432242324774524,-0.02944479127594767,-0.999470332637889,28147.217938476562,1.9915833493550675e-06,10.561574935913086,2.4312699679285288e-05
771,0.9411315960478105,-0.005868056099029506,-0.19918456633875564,28564.026995117187,1.9627942075851087e-06,8.410365104675293,1.3240766747912858e-05
772,0.8012465068702148,-0.01397359242529279,-0.47431788320612484,31718.906298339843,1.8558453028655881e-06,9.039690017700195,1.9603659893618897e-05
773,0.9595706966770433,0.008167918146107057,0.2772507976009053,44788.0090991211,1.5695229589925645e-06,14.28477668762207,1.9322278603794985e-05
774,0.506963753391616,0.02567251736601931,0.8714247362462065,49919.53824902344,1.4929490528967004e-06,7.507965564727783,2.422676516289357e-05
775,0.22199652440280165,0.057554669929420384,1.9536285572589882,25500.03410839844,2.0776299490349345e-06,16.234203338623047,5.6935448810691014e-05
776,0.7977733979955921,-0.02583035348428494,-0.8767823058124776,30092.488888671876,1.923280511993812e-06,14.485514640808105,3.006894257850945e-05
777,0.2516385159522625,-0.04068796643142337,-1.3811072716549637,34036.54890136719,1.812385726250775e-06,10.462620735168457,2.5338007617392577e-05
778,0.9950751344305601,-0.003358642974552396,-0.11400535936995712,45065.120453125,1.5607952693347557e-06,12.479602813720703,1.7969912732951343e-05
779,0.7648624299610688,-0.10485134137693566,-3.559060889969305,30313.884112304688,1.9003140946887014e-06,28.224550247192383,0.0001237712858710438
780,0.6685236824627322,-0.06161965573931481,-2.0916099299747213,26289.015715332032,2.0524352213306933e-06,35.547916412353516,8.518300455762073e-05
781,0.6330184281985969,-0.05886523424693307,-1.9981141894406549,28744.406161621093,1.934805528497401e-06,17.303197860717773,7.083638047333807e-05
782,0.9994301713575503,-0.0003156433215771757,-0.010714157646937311,32595.08976513672,1.8282042273566878e-06,54.0831413269043,8.652602991787717e-05
783,0.8365507043210483,0.09738003553061936,3.3054558136257355,32914.2467133789,1.822084606321707e-06,19.522550582885742,9.338757081422955e-05
784,0.7042170629814529,-0.04264027528775627,-1.4473762006402024,39534.91477490235,1.6549619319892503e-06,17.62702751159668,3.277873111073859e-05
785,0.9985367531636172,0.000712081483612006,0.024170805308860767,36927.908609375,1.7523605784677825e-06,13.28447151184082,1.9401550162001513e-05
786,0.47889248766169584,0.08073848832522947,2.7405772052123423,34264.598087402344,1.8268347174393535e-06,17.116849899291992,5.444724592962302e-05
787,0.9166572883267536,-0.053119400018997794,-1.803078307091993,32246.53077685547,1.8898108630933026e-06,32.0638427734375,7.954362808959559e-05
788,0.9177636359733174,0.007073889469451689,0.24011522427913662,39599.65698583984,1.667325189893026e-06,7.974429607391357,1.3737052540818695e-05
789,0.8035506230366268,0.06889224411487987,2.338469765208195,27107.94507885742,2.00742333508823e-06,11.106587409973145,6.737125659128651e-05
790,0.6365848827303373,0.012261184172513975,0.41619211046835825,29099.59003076172,1.949113992879308e-06,3.5374245643615723,1.0089866009366233e-05
791,0.9973221460168328,0.0010179611611105717,0.034553547035625555,22724.705892822265,2.2142673078842844e-06,7.416802406311035,1.3591927199740894e-05
792,0.9305360557145566,0.004019893314452038,0.13645075865917797,22654.27284716797,2.1828053331544597e-06,3.44889497756958,6.853715149190975e-06
793,0.9799642947968895,0.005397210855953783,0.1832022539729597,26956.21875390625,2.022276860695779e-06,7.278897285461426,1.3702675460081082e-05
794,0.8284652813063395,0.009062314045295871,0.30761006075528263,55418.83096826172,1.4116412315476031e-06,6.58995246887207,9.422558832739014e-06
795,0.6112324344225031,0.030866430974991706,1.0477262937543612,25807.875169921874,2.0833591898735518e-06,7.0136799812316895,3.8934194890316576e-05
796,0.9477218740777655,-0.016661603256949063,-0.5655593885328858,26987.56209667969,2.055748706293138e-06,25.14881706237793,4.205598816042766e-05
797,0.7890436124397663,0.02481507218062218,0.8423197235247318,37608.086208007815,1.736465068437989e-06,13.064486503601074,2.2150912627694197e-05
798,0.9985784524521605,-0.0007430268050511781,-0.02522120945071863,33685.62216601562,1.8024022265914434e-06,6.31139612197876,9.880334800982382e-06
799,0.9695547553086112,0.0027131842660396495,0.0920959892523218,22772.24094433594,2.1838612776381703e-06,4.37113618850708,9.055676855496131e-06
800,0.9876478970353624,0.003381433399616314,0.11477895472358422,26002.547619873047,2.075691145725537e-06,7.430289268493652,1.4110227311903145e-05
801,0.967082204686773,0.004759390795086464,0.1615521691608825,23572.42731713867,2.1620339477637563e-06,8.524291038513184,1.5956875358824618e-05
802,0.9980375293194037,-0.0008712771331037996,-0.02957452263397014,28631.7087734375,1.9436967818876446e-06,5.5415191650390625,9.059333024197258e-06
803,0.9898258381739523,0.001335467415161351,0.04533093983072965,37255.60718652344,1.7257731848592459e-06,4.443872928619385,6.8329186433402356e-06
804,0.37250009521608674,0.02680208685486525,0.9097667024762975,50493.93857080078,1.4860211446541437e-06,6.108124256134033,1.3772816600976512e-05
805,0.7565538554572724,0.023387648907713426,0.7938674454963741,38957.71590429688,1.6964381874315282e-06,9.168106079101562,1.968463220691774e-05
806,0.9936597633672026,0.0027664080510893243,0.09390261079191137,24677.86593310547,2.1360915851695498e-06,8.324291229248047,1.556250026624184e-05
807,0.9153612314901887,0.03790171081228638,1.286530957481944,27514.544123046875,1.9929829823927392e-06,36.42375946044922,7.262892904691398e-05
808,0.6870858748855622,-0.08577348053577202,-2.9114843545393216,40328.68642626953,1.6448485603925484e-06,47.27109146118164,8.212090324377641e-05
809,0.9125188594553245,-0.007477784048901267,-0.2538249716463343,25827.930294433594,2.0618745592995856e-06,7.985105991363525,1.4428072063310537e-05
810,0.6271574845477058,0.026358012145305934,0.8946930857703819,27130.146276367188,2.057946171248241e-06,10.488101959228516,2.5089828341151588e-05
811,0.9254146752289636,0.011051857000344808,0.3751428593560474,29103.791553466795,1.971928534688063e-06,12.184248924255371,2.0494855561992154e-05
812,0.909943805035278,0.006849859263481496,0.23251077083324417,33054.47434106445,1.8256949891066498e-06,5.932675838470459,1.0315629879187327e-05
813,0.7786443957960776,-0.024925597895400706,-0.8460713946396489,37295.957587890625,1.7184662512331727e-06,12.103850364685059,2.2760288629797287e-05
814,0.8860441993784568,0.006511064797653558,0.2210107736254689,37594.399379394534,1.7025703935797037e-06,6.740011692047119,1.0953204764518887e-05
815,0.8827363294686293,0.02956173973814919,1.0034400166924513,22013.89097705078,2.2237615921410316e-06,23.067100524902344,5.429542579804547e-05
816,0.10662418436298564,-0.13665529178833252,-4.638610226861478,28193.57353515625,1.991299715753844e-06,22.610105514526367,0.00010257263056701049
817,0.7946734509379115,0.021699129290549075,0.7365525456345634,28606.36598828125,1.9769084790614925e-06,4.952337265014648,2.1467942133313045e-05
818,0.9439885687215132,-0.008415256901721676,-0.28564643355673974,33645.985807128905,1.8068074373641975e-06,8.962743759155273,1.5719862858531997e-05
819,0.978331720303052,-0.0018535182081894095,-0.06291559151253756,19229.801028808593,2.3741117938864045e-06,4.7139573097229,9.20841921470128e-06
820,0.5183504100974595,-0.04229120262413217,-1.4355273215648678,23393.06209326172,2.18939564903488e-06,12.254775047302246,4.942873420077376e-05
821,0.9286340237329731,0.009915749741394773,0.3365789758707308,29337.92692529297,1.9477460663260933e-06,14.450041770935059,2.920953011198435e-05
822,0.9084637215938741,-0.004513611934102529,-0.1532094820743676,45197.36277246094,1.5509235944309001e-06,6.245350360870361,8.7936259660637e-06
823,0.7047544737430312,-0.041696062331171374,-1.4153259534859703,48403.15561230469,1.5156836931477892e-06,24.946208953857422,4.283973612473346e-05
824,0.7858530621421664,-0.036858157405193964,-1.2511087104319523,39174.19669140625,1.6787625609049914e-06,25.41352653503418,4.8564430471742526e-05
825,0.9093394379929439,0.019317267957592043,0.6557029408118419,22113.84750732422,2.2277522784673928e-06,21.22189712524414,4.9780781409936026e-05
826,0.8992925598412334,0.018018710228082324,0.6116248587599321,30323.580055664064,1.910669740743885e-06,11.619206428527832,2.71855024038814e-05
827,0.9475667569204669,-0.011853720417674619,-0.4023612114556747,41509.43487695313,1.6244054874696319e-06,17.419342041015625,2.349234273424372e-05
828,0.9337054862751771,-0.010869015138708775,-0.36893649794710187,35469.20932128906,1.7576996510350594e-06,15.24884033203125,2.060454607999418e-05
829,0.998380242252009,0.0010212095329816422,0.03466380936637478,17855.290158691405,2.448329962480167e-06,7.532471656799316,1.6597761714365333e-05
830,0.49865613774992795,0.027127113347894027,0.9207993613278804,24518.417002929687,2.1182366672733867e-06,8.267810821533203,2.3336702724918723e-05
831,0.8627998001238824,-0.00699999438516051,-0.2376069387292526,24098.13947143555,2.1362013926201797e-06,5.933103561401367,1.0110320545209106e-05
832,0.63581862545656,-0.011311834872815335,-0.38396751592234685,31429.279169921876,1.8664719997969974e-06,5.0704827308654785,9.218995728588197e-06
833,0.989044181790527,0.0023933947133333295,0.08124109245165768,41215.20621972656,1.6393599627009718e-06,8.514918327331543,1.1870137313962914e-05
834,0.9124652227195408,-0.014915414793753272,-0.5062869845344109,36607.29426757812,1.7309147624946113e-06,16.114837646484375,2.9824275770806707e-05
835,0.7922152996495672,-0.026512851545932904,-0.8999489351258673,21736.684615722657,2.2432207365803203e-06,25.805620193481445,4.897503458778374e-05
836,0.9923356182560243,0.0020948895030604695,0.07110866872314352,29057.023570800782,1.976430918126637e-06,8.007009506225586,1.2617718311958015e-05
837,0.73636434656103,-0.00955981603659927,-0.3244972064672712,39816.53166943359,1.6599315717385198e-06,5.090079307556152,9.006922482512891e-06
838,0.717221708753486,-0.019062603239086835,-0.647058633282875,33436.66901464844,1.8077712120797577e-06,7.025399684906006,1.956321284524165e-05
839,0.7855673538867625,0.02155393784478769,0.7316241852589938,37897.73990722656,1.7049949875532606e-06,9.684741973876953,2.904265966208186e-05
840,0.9873131910065108,0.0019208277160625564,0.06520033707562192,26679.393543945313,2.036543776822273e-06,6.923000812530518,1.2571085790114012e-05
841,0.624248025704614,-0.018777903014986882,-0.6373948042879077,27491.45508984375,2.0018022639767187e-06,9.909019470214844,2.093296279781498e-05
842,0.9987828978897755,-0.0008634454099296969,-0.029308683596681994,33491.48696240234,1.8299206774573857e-06,9.788485527038574,1.551797140564304e-05
843,0.988792723398452,0.002066237285558761,0.07013610141611565,47032.82203125,1.5387626149229471e-06,6.5523457527160645,8.202346180041786e-06
844,0.9961345816738888,-0.0020924359802137215,-0.07102538664881015,58545.688083007815,1.3877889781889857e-06,14.396828651428223,1.674403392826207e-05
845,0.5426740298548004,0.025881858665766637,0.8785305912863209,27690.577455566407,1.996734090652356e-06,11.966856956481934,3.0901635909685865e-05
846,0.749070265030562,-0.01534801759439522,-0.5209712001909464,23445.942881835937,2.1667452523487965e-06,7.028494834899902,1.8420032574795187e-05
847,0.6984367600421765,-0.12450148654817249,-4.226062973516824,30875.124587890627,1.91179991115397e-06,26.445068359375,0.00011485016875667498
848,0.8707927045745244,0.017949061709450573,0.609260718106591,33475.03072021485,1.7899537541518554e-06,15.972922325134277,2.9342925699893385e-05
849,0.8878532991016773,-0.007639412910489533,-0.25931128162019607,26370.936014648436,2.042095499228455e-06,9.278600692749023,1.7124935766332783e-05
850,0.27547919439509044,0.04557930665373023,1.547138315761144,24364.055063964843,2.128101559075954e-06,12.311767578125,4.217804234940559e-05
851,0.23439357073616637,0.03193791766470314,1.0840967046751462,22230.368373046877,2.211939954569099e-06,6.542045593261719,2.9982946216478013e-05
852,0.49920373774158494,-0.011966406900023156,-0.4061862273962254,35744.14637597656,1.750529321539944e-06,3.0661134719848633,9.666689948062412e-06
853,0.9850225612782926,0.0055519810501235035,0.18845575419306823,57528.59336621094,1.3866378434970204e-06,18.910642623901367,2.1856581952306442e-05
854,0.8648023107429539,0.04098750052884723,1.391274619800956,28131.45371777344,2.004559767075921e-06,22.116901397705078,6.842724542366341e-05
855,0.9979300463515883,0.0016025092407071502,0.05439537434158012,28683.196963623046,1.957378763531835e-06,14.674234390258789,2.4338623916264623e-05
856,0.5552001894705972,-0.01279110847214069,-0.43417979498128795,34688.24993505859,1.7923801507747027e-06,4.9715166091918945,9.281776328862179e-06
857,0.567528113484644,0.09940358920808856,3.3741430679579767,34986.79535644531,1.7792603032183506e-06,33.99838638305664,9.711018356028944e-05
858,0.6943093642297695,-0.02449302400929799,-0.8313881604546366,19970.591995605468,2.3537246304721813e-06,17.69241714477539,3.826135798590258e-05
859,0.9672958595337369,0.008546871554834794,0.29011394497137966,28547.25955419922,1.989664517622779e-06,13.690439224243164,2.8288526664255187e-05
860,0.7922691595456188,0.012540270390385745,0.4256653783342032,25752.116498291016,2.067784613376706e-06,7.0942254066467285,1.6764888641773723e-05
861,0.9762652718733602,0.0033360894314428367,0.11323980470792466,27977.2885078125,1.987615754029394e-06,7.437882900238037,1.2131622497690842e-05
862,0.9657819791934049,0.006002536825443728,0.20374936338903746,28522.5454921875,1.9468868873858467e-06,8.403178215026855,1.4042314433027059e-05
863,0.6244209784568207,0.033872556267811646,1.1497658367828154,37693.87982836914,1.7144834976640304e-06,12.872138977050781,2.4987217329908162e-05
864,0.6466383684066341,0.030383833292022475,1.0313450580306243,41329.302467773436,1.6388566119635266e-06,12.740180015563965,2.1180376279517077e-05
865,0.9165832287414584,0.011454622617688617,0.38881428537395063,42350.72323486328,1.6309719573456135e-06,10.70486831665039,1.6152785974554718e-05
866,0.9925800016581449,0.003474644137246973,0.11794288840788368,34196.72957421875,1.7900206402342714e-06,13.21105670928955,2.0532552298391238e-05
867,0.9165735692709616,-0.02909209419505576,-0.9874984267936316,30790.15068798828,1.9141313869885926e-06,22.748010635375977,4.8474492359673604e-05
868,0.3839398437738763,-0.05068580964548359,-1.7204728181508144,45807.53577783203,1.556132136359408e-06,17.740184783935547,4.380509562906809e-05
869,0.6786544036416859,-0.016357460007163885,-0.555235587892442,30309.295279296875,1.9060368480961343e-06,12.856244087219238,2.9014317988185212e-05
870,0.8767261831416268,0.041147042920329766,1.3966901068930702,33842.97659570313,1.8129091878634273e-06,31.9080810546875,8.777571201790124e-05
871,0.47766340790036277,0.02699467090395646,0.9163037514844585,29084.083276367186,1.951625069864713e-06,10.389172554016113,3.363334326422773e-05
872,0.9946949291117055,0.001272869555374511,0.043206125864237735,32666.77749511719,1.846891105351212e-06,7.690108299255371,1.2113660886825528e-05
873,0.9536394395650517,0.006687592948358665,0.22700282321589363,34565.2714609375,1.7765305280749563e-06,11.454192161560059,1.899009475891944e-05
874,0.8407384391256744,0.009875309653142083,0.33520628254514295,50762.7530859375,1.4554315958341655e-06,6.556637287139893,9.674872671894263e-06
875,0.13052406341241418,0.019025510526531533,0.6457995628616024,50383.86470703125,1.4843022879211143e-06,6.887732028961182,1.3348570973903406e-05
876,0.9381054492858866,-0.01732357596340426,-0.5880293077426184,36967.83677734375,1.7115811929105738e-06,30.280344009399414,4.584202542901039e-05
877,0.32417942539556394,-0.033553722335233196,-1.1389433774329087,33305.607830566405,1.8575560875081504e-06,11.213212966918945,2.3243692339747213e-05
878,0.8893318840644842,-0.014236916887051471,-0.48325613598296246,40063.47608105469,1.685650568230701e-06,15.879836082458496,2.342231891816482e-05
879,0.9216216378786307,0.00896538033502136,0.3043197549506349,38929.27158886719,1.6645179029970269e-06,9.813873291015625,2.105359817505814e-05
880,0.41902106233227165,-0.014405306670342625,-0.4889719378421629,25529.150451660156,2.071252561037934e-06,8.310422897338867,1.6060590496635996e-05
881,0.3324312486772978,-0.026230126159564243,-0.8903521397772147,29107.5635859375,1.971917046059463e-06,7.960551738739014,3.0407225494855084e-05
882,0.05263584714574352,0.04945523881511391,1.6787024749468966,28029.53796923828,1.971480337424746e-06,12.739931106567383,4.127489955862984e-05
883,0.9704838912566407,-0.004270759187882197,-0.14496611866342937,42581.15237695313,1.6042046513794314e-06,9.659019470214844,1.34997462737374e-05
884,0.957285560711412,0.004774601313456552,0.16206847310450612,42367.71196777344,1.6063431600433944e-06,7.473215579986572,1.0373846635047812e-05
885,0.8704639500857402,0.010018742305102754,0.3400749426427056,45126.80792236328,1.5834519637542848e-06,9.913832664489746,1.5327013898058794e-05
886,0.9209211306860287,0.012660134516868671,0.42973403133447424,37281.454115722656,1.6864482967592119e-06,15.443405151367188,2.2100448404671624e-05
887,0.9495872773804518,0.017393458683832498,0.5904013981126086,50421.5483671875,1.4746862679754902e-06,26.05950927734375,3.774947617785074e-05
888,0.9995694035043776,-0.0005508757622974873,-0.018698858355819675,34466.965841796875,1.8193474308883182e-06,20.086719512939453,3.168643161188811e-05
889,0.7109927185343312,-0.014983385289869653,-0.5085941666002078,38291.71748681641,1.7025304272444196e-06,10.529369354248047,1.1285887921985704e-05
890,0.7032993821779822,0.015531509785313088,0.5271996362961445,29712.788788085938,1.9214114895566993e-06,6.5472540855407715,2.3605274691362865e-05
891,0.9149755299083969,0.02154843125397732,0.7314372702254529,20648.49359765625,2.2947352362167377e-06,12.709513664245605,4.45019468315877e-05
892,0.8013431839749844,0.01246205612139345,0.42301048291605786,32259.409482910156,1.837989394778547e-06,9.46955394744873,2.1520661903196014e-05
893,0.5587180217088283,-0.032933940108907066,-1.1179055666328965,26566.18321875,2.0381415574868905e-06,13.899495124816895,3.723984627868049e-05
894,0.6511514874774407,0.030489294067142333,1.03492480546376,33683.49327636719,1.8096218726144355e-06,10.73398494720459,2.6764471840579063e-05
895,0.6342305884796574,-0.021727158925961894,-0.7375039800926049,38155.252365722656,1.6994517160282383e-06,8.319141387939453,1.5655286915716715e-05
896,0.6526245147932104,-0.03623215697424779,-1.2298598296677563,43260.474571289065,1.5969238240859297e-06,6.542444705963135,2.324378328921739e-05
897,0.9586015791529879,0.014196742581385263,0.4818924643484312,48565.47270898437,1.518798269648154e-06,18.856159210205078,2.564302303653676e-05
898,0.833258434751546,0.03978447889034932,1.3504394029392803,48025.42402783203,1.5246981465096977e-06,20.279817581176758,3.958167872042395e-05
899,0.8693506780866055,-0.02927729205181147,-0.9937847598078738,40010.70647558594,1.674111774861545e-06,27.809362411499023,3.4162047086283565e-05
900,0.6455859774716235,0.10826121659576535,3.674805270266588,45252.86456347656,1.5800607936478465e-06,41.18976593017578,0.00010918586485786363
901,0.07099691920247117,-0.025169706175966946,-0.8543573757522575,30969.27545800781,1.87996068745646e-06,4.597132682800293,2.4226541427196935e-05
902,0.8813080565915495,0.011746713497750732,0.39872898187562517,27704.503181640626,1.9998263731761995e-06,10.718526840209961,2.3340418920270167e-05
903,0.5466285892106866,0.03449011246570788,1.1707280875506834,25604.142244140625,2.06226050133424e-06,8.717238426208496,3.09889146592468e-05
904,0.3996053066861945,0.016170925030715474,0.5489038678536661,29802.72597314453,1.9300596469520183e-06,3.0137059688568115,1.2155443073424976e-05
905,0.8497452868647892,-0.008559528857521743,-0.2905435828794316,33260.65424414063,1.8214744772037573e-06,5.20390510559082,1.0084193490911275e-05
906,0.5645202052889372,0.013480145089991442,0.45756836823313934,45769.824440429686,1.554378603816999e-06,4.391265392303467,8.112940122373402e-06
907,0.9427295310594751,0.008859003247622468,0.3007089043274732,25824.84168286133,2.0688420210895897e-06,14.13985538482666,2.6222893211524934e-05
908,0.9826813159081155,0.0056897362182229206,0.19313169848462722,23448.951270507812,2.159514360490084e-06,7.315360069274902,1.4851123523840215e-05
909,0.03062307986164823,-0.06890552289888945,-2.33892049860096,30841.197597167968,1.9160723456929883e-06,9.83200740814209,4.2028299503726885e-05
910,0.49752229326347486,-0.026919138496905467,-0.9137398888544705,37150.32669775391,1.7437030844742134e-06,7.250401496887207,2.06132262974279e-05
911,0.2480407138287635,-0.01667808154311498,-0.5661187254288823,21690.08662890625,2.2560756645107085e-06,6.2962422370910645,1.7683454643702134e-05
912,0.9698159952017318,0.00930579992130581,0.31587491504504855,26104.88471484375,2.0554146872401045e-06,18.905824661254883,3.348656900925562e-05
913,0.2622173469290039,-0.0974394880015877,-3.3074738609054055,22820.874846191407,2.207692848008865e-06,20.236648559570312,0.00011190257646376267
914,0.924369459428889,0.015157835389195181,0.5145156790730785,29180.299760742186,1.9427864750908435e-06,15.414005279541016,3.119951725238934e-05
915,0.9930486098899668,-0.0025808004130667022,-0.08760236821331517,39835.203640625,1.6471263830740135e-06,8.664999008178711,1.2980992323718965e-05
916,0.3126776304844999,0.04051775777909822,1.3753297303315102,46459.29781298828,1.5452569815940314e-06,11.6878023147583,2.3709928427706473e-05
917,0.994503278702682,0.005343158159072823,0.1813674959532716,37792.79734765625,1.7386394281626444e-06,33.79555130004883,4.753347093355842e-05
918,0.5125941877900786,0.06549527027024683,2.22316330755193,36149.81868261719,1.7629092866631392e-06,11.273219108581543,3.904987534042448e-05
919,0.9732135030977165,-0.05450070973664426,-1.8499653123362723,31766.865853759766,1.8637441596729317e-06,80.95559692382812,0.00013841342297382653
920,0.9462261466546343,-0.018952254094625993,-0.6433129556488588,34414.69887841797,1.7736627440581372e-06,27.190664291381836,4.266108589945361e-05
921,0.860299534372802,-0.022702310416523246,-0.7706044009959051,21064.666700927733,2.322882377400872e-06,19.56702423095703,3.70379384548869e-05
922,0.9918521797995798,0.006315329553959526,0.2143667608596648,23830.19982470703,2.1681288686690207e-06,12.281377792358398,2.4233082513092086e-05
923,0.9981053841393424,-0.0004406929002740343,-0.014958824992175771,21553.492524658202,2.2539616099405415e-06,7.814600467681885,1.5073270333232358e-05
924,0.574136263001904,0.053235510980746366,1.8070195631353514,23690.086375732422,2.1610317210555996e-06,9.446553230285645,3.626793113653548e-05
925,0.1398834556637189,0.07835880900128141,2.659801666232015,34497.3742944336,1.793144615442424e-06,10.911696434020996,3.4485441574361175e-05
926,0.8946218886099973,0.013643026619720394,0.4630971986185578,36355.40409814453,1.733846564091591e-06,7.491209506988525,1.2800198419427034e-05
927,0.6755610650818792,0.05456548637138977,1.8521640823689587,32110.647225097655,1.8503720327309393e-06,13.707179069519043,3.946683864342049e-05
928,0.8960984757729071,0.019948183000423118,0.6771186425505639,33613.83217138672,1.8340701561125913e-06,11.808147430419922,2.421350473014172e-05
929,0.5078868133640715,0.05666557940582031,1.9234493791136968,28348.76395703125,1.972925474045661e-06,22.496431350708008,4.442287900019437e-05
930,0.8053958920965815,0.06564571416174834,2.228269956292388,35608.85831396485,1.7779168556893717e-06,30.34589385986328,7.434212602674961e-05
931,0.30452369198873286,0.07766604023202339,2.636286409297012,27848.129609375,1.990189622275839e-06,12.740543365478516,7.154902414185926e-05
932,0.35997770352809,-0.023134588208895066,-0.7852775846121447,17815.708598632813,2.4968587702233045e-06,4.709859371185303,2.2051441192161292e-05
933,0.9917267121285064,0.001987362125438571,0.06745877279172874,22810.37554321289,2.2057282325287275e-06,4.459025859832764,8.61147782416083e-06
934,0.8751715407926619,0.008772291005489546,0.2977655547660464,21098.10630517578,2.3031433257604462e-06,4.5788373947143555,1.0799547453643754e-05
935,0.9053762920158368,0.01397525832661631,0.4743744303534405,25160.727556640624,2.0879731416549e-06,7.902823448181152,1.5860487110330723e-05
936,0.8422857887338703,0.007062596542584545,0.23973189857420696,30700.65042578125,1.8947996761632624e-06,2.9244205951690674,5.812675226479769e-06
937,0.7156290558326682,-0.019606033706462134,-0.6655047694739245,35079.09611621094,1.7619627959297735e-06,6.590185642242432,1.1020648344128858e-05
938,0.9889904444917531,-0.007284131886805218,-0.2472516667431922,33392.739376464844,1.8305027123373643e-06,13.338842391967773,2.1456642571138218e-05
939,0.8949676123570913,0.012512719656115912,0.42473019963699227,24604.50670654297,2.1379354782631033e-06,8.612751960754395,2.0643794414354488e-05
940,0.4320578571340848,0.07987823702744555,2.7113769421610425,29183.33652734375,1.978965545214555e-06,31.368568420410156,6.546330405399203e-05
941,0.8184019431739495,-0.01968879621152819,-0.6683140496516338,41365.050954589846,1.6386816287753368e-06,16.92920684814453,2.2852411348139867e-05
942,0.9417658045078968,-0.010603175532874431,-0.35991287143260126,29562.851853515625,1.919551798377171e-06,14.017450332641602,2.586155642347876e-05
943,0.9972196550302854,-0.002771776963618261,-0.09408485249099188,20779.96385595703,2.331653147120611e-06,30.977651596069336,6.174729787744582e-05
944,0.8094033574455138,-0.01089120555177266,-0.36968972656803123,29844.33859765625,1.9479133337401874e-06,6.79762601852417,1.6397993022110313e-05
945,0.5410272700272433,-0.028513330389882897,-0.9678529401792502,17801.023596923827,2.4725359318008185e-06,7.533156394958496,2.138943636964541e-05
946,0.7869707470603912,-0.027711888989931995,-0.9406489129850406,21163.623989990236,2.2785276715144277e-06,9.815370559692383,2.52991339948494e-05
947,0.7108686688422425,-0.030204658614158574,-1.0252631750515047,25273.678174316407,2.0842968354528845e-06,8.335312843322754,2.447369843139313e-05
948,0.6558545453398763,-0.02931386914579613,-0.9950263281365187,30182.868880126953,1.89706636473445e-06,7.143182277679443,1.9247401723987423e-05
949,0.6980177349836801,0.0489796623725256,1.6625595673333264,38952.37148364258,1.7055867673725797e-06,17.893892288208008,3.040083720406983e-05
950,0.9989058234442691,0.0013154056183816145,0.04464996469618571,34648.60874023438,1.8101076321571439e-06,39.742591857910156,5.883558696950786e-05
951,0.9745027407491675,0.009973346839274422,0.338534044597055,41306.55840673828,1.6616833270929372e-06,15.188149452209473,2.1791998733533546e-05
952,0.9662272974440028,-0.010484309704317386,-0.35587810453295493,41831.51297460937,1.6493593102130998e-06,15.068099975585938,2.2290958440862596e-05
953,0.880835590320532,0.02607813583097297,0.8851929989685328,45444.13818798828,1.5437157055465409e-06,18.19643783569336,3.261861274950206e-05
954,-0.13746710643605392,-0.05153837252468682,-1.7494121064781198,26603.18664404297,2.0058130284866613e-06,19.699953079223633,3.134899088763632e-05
955,0.6677612539557142,-0.017707089998065483,-0.6010472604325143,30539.32553466797,1.8881446077812298e-06,15.338703155517578,2.544814742577728e-05
956,0.9846899562237083,-0.0035846529244257792,-0.12167701299665284,24554.257200683594,2.1161105432996754e-06,7.66556453704834,1.403650276188273e-05
957,0.7735524882418031,0.01539819023728839,0.5226742541406858,21367.98056616211,2.2640340996881414e-06,6.913763999938965,1.3376378774410114e-05
958,0.54652875699714,0.018659766582958662,0.6333847959333113,23856.47664892578,2.139807016137434e-06,4.032035827636719,1.2645527021959424e-05
959,0.7274747347452866,-0.053322077412220635,-1.8099579633179177,32989.20247265625,1.816324022254132e-06,20.495838165283203,3.747765003936365e-05
960,0.9898444727884305,0.0038856165095031356,0.13189288349375067,34757.19330175781,1.7725968339847658e-06,9.771159172058105,1.4172923329169862e-05
961,0.5446896823961902,0.04828210401309651,1.6388817331452998,39789.83303149414,1.7078135253507216e-06,11.02610969543457,2.721004784689285e-05
962,0.8467564557563115,0.02249139192066817,0.7634450098072855,33435.70484619141,1.8497080313068282e-06,14.0511474609375,2.394983130216133e-05
963,0.6750981586126223,-0.05838157284532843,-1.9816968469838667,33086.12745068359,1.8491336921014168e-06,18.07448959350586,4.415592775330879e-05
964,0.6934605297638414,0.13634813026110748,4.628183974187037,36563.59508935547,1.7303179300625968e-06,46.844512939453125,0.00013207386655267328
965,0.9908211025103159,0.003345750267797871,0.11356773093551567,30134.847024414063,1.91756925500527e-06,11.801776885986328,2.0905503333779052e-05
966,0.4305276323247461,-0.12418300162401838,-4.215252360865461,21787.407154785156,2.2886090478176154e-06,27.916648864746094,0.00010133093019248918
967,0.811677605439984,-0.14104005214556173,-4.787445987037408,21139.32105395508,2.305265709294505e-06,36.02109146118164,0.00013133708853274584
968,0.4591557960669287,0.298825428049868,10.143293160907236,23468.59583105469,2.1640867806536054e-06,39.6546630859375,0.0001805558567866683
969,0.3835138389554839,0.0549000605364056,1.8635208262109015,26386.20430932617,2.036507699277418e-06,7.131967067718506,3.097264561802149e-05
970,0.721751308986958,0.03543903770607065,1.202938287879344,32320.255279296875,1.8393522384948533e-06,7.1012492179870605,2.0939696696586907e-05
971,0.7709196460491489,-0.015954094896248227,-0.5415438127393029,34623.345244140626,1.7758304833879815e-06,4.4368977546691895,1.0728467714216094e-05
972,0.9093969351657132,0.013027523277763135,0.4422046297373421,33594.88608520508,1.8335771603875236e-06,7.717413902282715,1.3904569641454145e-05
973,0.9940349551275287,-0.004022654900871776,-0.13654449760511506,32400.025951171876,1.853249054382866e-06,9.387245178222656,1.5300451195798814e-05
974,0.9878857889028737,-0.00778449153399535,-0.2642358123711562,22069.853607421875,2.226919082892657e-06,30.059120178222656,5.6351287639699876e-05
975,0.8253060682297673,-0.014211467495021059,-0.4823922849853551,34734.17289648437,1.7957547920772208e-06,10.437960624694824,1.778949808795005e-05
976,0.20926735077942502,0.03326254544015812,1.1290597051239502,38377.99181689453,1.6897113973528045e-06,6.360126495361328,2.201788083766587e-05
977,0.24142431264584094,-0.04613164683952117,-1.5658868823258758,21844.163026367187,2.2526328506323992e-06,16.222915649414062,4.2899962863884866e-05
978,0.31479346172605027,0.04102228618044622,1.3924553796320864,29744.156895996093,1.940166598361464e-06,12.982629776000977,3.829859269899316e-05
979,0.6473788174056844,-0.02376422815858071,-0.8066500047477383,32087.691145019533,1.8549326406937768e-06,9.627333641052246,2.9497852665372193e-05
980,0.972368472170582,0.004148476688425163,0.1408153767117298,44813.28911083985,1.5812719488602116e-06,10.650047302246094,1.4072395060793497e-05
981,0.9477277679115413,-0.0077145863872771624,-0.26186296076596915,43889.91929003906,1.6044472958887156e-06,13.952173233032227,2.0399482309585437e-05
982,0.7446345497359005,-0.041725203534672316,-1.4163151188729344,38926.36962548828,1.6991367945214661e-06,19.657684326171875,4.7412562707904726e-05
983,0.7462888989023795,0.06341471289126142,2.1525411266657173,25950.03290283203,2.0478334384378496e-06,24.656665802001953,8.464309939881787e-05
984,0.8149846277968358,-0.07688769364061782,-2.6098663094114625,26712.46824951172,2.0416167248227982e-06,31.073495864868164,8.725070074433461e-05
985,0.8453864061073542,-0.021399763180867577,-0.7263908996436039,38088.133402832034,1.7045038929972092e-06,15.690973281860352,2.623137152113486e-05
986,0.9376384298269937,0.0094096337487925,0.31939943757008893,21121.215466308593,2.2719701278379966e-06,12.278610229492188,2.6225301553495228e-05
987,0.9930160634389099,0.002229949351185815,0.07569312340875473,22608.249978515625,2.2014752006032605e-06,16.95485496520996,3.319314055261202e-05
988,0.9416057237685987,0.014856997781579395,0.5043040847392668,31777.176665039064,1.8689785058111042e-06,34.421138763427734,4.997682844987139e-05
989,0.9778940054424485,0.003230707408531714,0.1096627304299667,20242.538451171877,2.313945149286397e-06,5.4254231452941895,1.288971361645963e-05
990,0.9426217951158514,-0.006388241648202801,-0.21684167991763,29555.731814941406,1.9370648425474736e-06,8.766160011291504,1.408285697834799e-05
991,0.9959547206438599,0.0018837873520089307,0.06394304356537903,57444.33145703125,1.3943392256420887e-06,17.909996032714844,2.0216093616909347e-05
992,0.9278599413887121,0.024734628002352647,0.8395891363434428,26525.46687548828,2.045928644018125e-06,25.683759689331055,6.61168378428556e-05
993,-0.2826939326268568,-0.15110324953005844,-5.129029907365604,24691.155328125,2.1356534922108337e-06,13.59397029876709,0.0001042509829858318
994,0.7751972178166007,-0.031125213800775937,-1.0565103858045846,41246.3150234375,1.632492880874922e-06,5.3164496421813965,2.5428997105336748e-05
995,0.8890781629470775,-0.006156466931538187,-0.20897434776401203,35405.8078881836,1.75221527653656e-06,7.315067768096924,1.0592462786007673e-05
996,0.9977460209566483,-0.0025124331053734575,-0.08528171682470978,29346.43462158203,1.9293938387868186e-06,17.94672966003418,2.9235219699330628e-05
997,0.6683343892797411,-0.023980836933355093,-0.8140025460562204,25231.35391894531,2.116195955182634e-06,8.791062355041504,3.142433342873119e-05
998,0.7012300806368803,-0.04161714525219698,-1.41264720197321,30711.136060058594,1.8845361028240267e-06,15.806532859802246,4.7704474127385765e-05
999,0.4988638331653477,0.04372865440010738,1.4843200058539374,27410.89545263672,1.99114701325551e-06,10.768866539001465,3.164240115438588e-05
