state_idx,cos_sim,mean_A,mean_safe_delta,mean_sigma_i,mean_alpha_i,v_unbiased_norm,v_intentional_norm
0,0.9984562473032278,0.00010417601105599772,0.0069035811265238485,52646.34609082031,1.0261161031779342e-06,12.990507125854492,1.1646005987131502e-05
1,0.9431517459266792,0.004345519235028748,0.2879707551843688,52743.37703027344,1.0202036098380284e-06,29.541547775268555,3.0119412258500233e-05
2,0.312813463803779,-0.016700250153596826,-1.106699427247463,49727.791370117186,1.0440579099198903e-06,25.698184967041016,3.514104173518717e-05
3,0.9634991203997652,-0.00540082845419622,-0.35790444466087457,47245.72637695313,1.0596903429026295e-06,37.23902893066406,3.958275920012966e-05
4,0.8226682286045706,-0.013939294323761715,-0.923735207703963,45697.60255908203,1.1016095013381394e-06,38.0279426574707,3.8403468352044e-05
5,0.954985645745847,0.01399466911642872,0.9274048085042434,53183.697389648434,1.0278630086996386e-06,59.361717224121094,6.519431917695329e-05
6,0.860888895466017,0.016902893066166803,1.1201282557508883,53209.62750878906,1.0313195311459082e-06,27.999874114990234,4.378100129542872e-05
7,0.7549336939322235,0.013004512639333695,0.8617886892241127,72008.92081640624,8.708578684749411e-07,18.231813430786133,2.503384712326806e-05
8,-0.2116153779681076,-0.052380380521565774,-3.4711657962641858,126845.86738671875,6.707354520593421e-07,39.73564529418945,6.244460382731631e-05
9,0.9913962851932502,0.0033815739507565114,0.22409161060926702,52150.16459716797,1.0372961285082167e-06,36.912567138671875,2.9949447707622312e-05
10,0.8922374389249181,0.02228714491533659,1.4769341947534802,48207.60389013672,1.07610729414372e-06,62.440303802490234,6.1004440794931725e-05
11,0.5773709121479783,-0.022934150378003643,-1.5198102336375683,50720.16620214844,1.0598656502042481e-06,12.765800476074219,2.503949508536607e-05
12,0.4663829466083009,-0.04435015771039562,-2.9390155048580735,49901.152862792966,1.0582782298071765e-06,44.446990966796875,4.9049616791307926e-05
13,0.8731517250340813,0.007570448927588991,0.501681796087614,49753.65073095703,1.0595516201372859e-06,17.55483055114746,1.9140234144288115e-05
14,0.9993702733182883,-0.00010877098341670078,-0.007208082749735329,27444.76141015625,1.4118987904426385e-06,36.325191497802734,4.3652344174915925e-05
15,0.35296001409323385,-0.031211408643914203,-2.0683311778037616,23051.037640136718,1.5411306817042958e-06,22.252229690551758,5.60992157261353e-05
16,0.9863036347322647,0.005109140166299332,0.33857471856807386,39804.25419042969,1.1809380468070398e-06,25.952316284179688,3.0721192160854116e-05
17,0.8913432663208355,-0.007466723624475655,-0.49480808267070003,49455.28417236328,1.066712595478322e-06,13.88768482208252,1.2986241017642897e-05
18,0.7377117020768511,0.010694954754277551,0.7087379046503259,54101.78209570312,1.0194681573994935e-06,11.32548999786377,1.1206745512026828e-05
19,0.9053480898133164,-0.04117420376738118,-2.7285500101875404,53422.24174414062,1.0332591404090137e-06,67.32308197021484,8.053611236391589e-05
20,0.9607302223654715,0.00769317589743817,0.5098147202049603,63840.118296875,9.388530467819236e-07,29.82944107055664,2.3962968043633737e-05
21,0.958065289051289,0.02595325883301479,1.7198818234178672,39999.17532910156,1.1863721957577053e-06,112.41263580322266,0.00012848347250837833
22,0.8197501891503216,0.022921293951318696,1.5189582583726573,31969.18912597656,1.2974641237387263e-06,12.695834159851074,3.6871886550216004e-05
23,0.9051242350741879,-0.016662057922992843,-1.1041684879294298,21814.58104345703,1.5899755091593093e-06,39.33028030395508,5.144955139257945e-05
24,-0.25592713239703196,-0.02751858346034082,-1.8236134353748876,19259.328329589844,1.6842144573417638e-06,8.962591171264648,2.5046416340046562e-05
25,0.6370795565032114,0.014878369861500434,0.9859662731190945,25492.74526953125,1.4703836659271223e-06,10.146865844726562,1.7714997738949023e-05
26,0.7318487944646509,0.020928518433954574,1.386900145265612,28545.808053222656,1.3910268708656746e-06,11.850902557373047,2.157945345970802e-05
27,0.5215601243510586,-0.006658890895710755,-0.4412742726970023,32864.69799707031,1.3009005548479562e-06,3.0971717834472656,5.531805527425604e-06
28,0.9905913102278849,-0.002828740513985837,-0.18745620442012198,49830.694978515625,1.0625337982496782e-06,16.13728904724121,1.4640278095612302e-05
29,0.8752191097465492,-0.029197830836256097,-1.9348945294926292,61209.40163671875,9.482388187625154e-07,65.05978393554688,5.218922160565853e-05
30,0.9752774432103133,-0.02163821846903469,-1.4339308552919232,44607.46283935547,1.1277805502309156e-06,110.32292938232422,0.00011826326954178512
31,0.6822787128700795,-0.028709192904170153,-1.9025132588770852,31584.33276660156,1.3282635821340956e-06,15.558791160583496,4.041351348860189e-05
32,0.9165074010725943,0.010859202915529297,0.7196223731051057,20285.45116015625,1.6240550273808818e-06,17.467002868652344,2.8061291232006624e-05
33,0.8929494536250282,0.007657097278628811,0.5074238466309139,20526.851718017577,1.6520334931415317e-06,11.223492622375488,1.86753040907206e-05
34,-0.18611607318908602,-0.016015554522543503,-1.0613257199223454,15327.493060058594,1.866510289301322e-06,5.925693988800049,1.7352023860439658e-05
35,0.6797694116161052,0.008827675722290089,0.5849962471179299,17979.47823071289,1.7178563550562121e-06,2.4651618003845215,1.0810838830366265e-05
36,0.7365954173298553,-0.01273209472676907,-0.8437359807296662,19647.87963330078,1.6597624594217066e-06,6.172811985015869,1.6016725567169487e-05
37,0.46517623539634545,-0.06671668729140545,-4.421210397099602,22700.30914355469,1.5370965815827094e-06,17.43413543701172,6.239354843273759e-05
38,0.9178709401229471,-0.0056095056950818695,-0.3717331586528018,22882.943150878906,1.5652035101045201e-06,8.902538299560547,1.2867461009591352e-05
39,0.9889521074737107,0.0025815487552023025,0.17107519363585474,24914.01098071289,1.4807737919795432e-06,13.439440727233887,1.6756928744143806e-05
40,0.9198617630282198,0.007611398100600233,0.5043954336619613,28426.618372558594,1.400098440092787e-06,13.666330337524414,1.78983282239642e-05
41,0.6962317176117636,-0.024593108507626627,-1.629746791173855,35783.06576123047,1.2340048470200777e-06,20.210426330566406,2.8016949727316387e-05
42,0.6574115618084844,0.03230819225035128,2.141013309981098,48376.374340820315,1.057765956569858e-06,10.767346382141113,2.723662146308925e-05
43,0.5344769500283909,0.026321938609077493,1.7443136548727056,48782.011310058595,1.0751591020491764e-06,18.29985237121582,2.4856170057319105e-05
44,0.8455441326603919,-0.00615478422297331,-0.4078679128605301,58789.389032226565,9.907887915578659e-07,9.916667938232422,1.0628164091031067e-05
45,0.9928047266893738,-0.003545055695110599,-0.23492528981634875,68782.84317089844,9.107206628113251e-07,40.195526123046875,2.8647455110331066e-05
46,0.9118088248531354,0.017303541482243955,1.146678598920729,39308.25782519531,1.183461176712138e-06,43.789005279541016,5.795895049232058e-05
47,0.683553687824005,-0.029982326287103758,-1.9868818146019096,49965.5331796875,1.062065472468236e-06,55.34225082397461,5.21177971677389e-05
48,0.5072250310388781,-0.029532639497743905,-1.9570817752223733,43734.36738671875,1.1343002249818175e-06,27.920738220214844,4.32157758041285e-05
49,0.9062941383454934,-0.010195011288161197,-0.6756074339975904,34603.25691455078,1.2602593984004555e-06,19.3583984375,2.070206573989708e-05
50,0.9860481003294173,0.002755473644796594,0.1826009237253902,27545.09110107422,1.4284323720250583e-06,12.948182106018066,1.6110636352095753e-05
51,0.8472372453149402,-0.009204613269382727,-0.6099753081283209,23611.016560058593,1.515550430599641e-06,14.872723579406738,2.6501087631913833e-05
52,0.3532161405273467,0.04162071958410894,2.758139914176082,53739.43897265625,1.0157382981744577e-06,23.810571670532227,4.5009834138909355e-05
53,0.9277238425035547,-0.009692362418003258,-0.6422976804553319,55836.586518066404,1.00903314521073e-06,24.711624145507812,2.377793498453684e-05
54,0.9521816346191211,0.008075052957930592,0.5351211150337158,46318.18553125,1.134816177466726e-06,34.90276336669922,3.2405907404609025e-05
55,0.8589277713660207,0.05531300366763083,3.6655061400454336,41544.651800292966,1.1627513568198246e-06,52.714881896972656,0.00010230924817733467
56,0.10970861604267701,-0.03236816720254512,-2.1449877561499675,35926.30868359375,1.2542297104289413e-06,16.51706314086914,3.635898610809818e-05
57,0.43997946100666374,0.01428216244128958,0.946456540965416,22511.199998046875,1.5576879124697055e-06,12.02735424041748,1.8684553651837632e-05
58,0.2835991997270314,-0.018435329652557862,-1.2216804287335654,21287.176368652345,1.6019323452006068e-06,5.681319236755371,2.0121244233450852e-05
59,0.9674269259918229,-0.00291038876632206,-0.1928669062518423,21244.167049804688,1.5940913649813829e-06,6.656716346740723,9.305821549787652e-06
60,0.19948970897336543,0.016037057791804272,1.0627507079049188,17949.91832788086,1.7456566017729373e-06,4.8208088874816895,1.5716577763669193e-05
61,0.8249456060676771,-0.010177779882826933,-0.6744655357482404,20210.778997558595,1.6340221559724139e-06,7.335405349731445,1.4495112736767624e-05
62,0.6581276048186147,-0.05439459239888238,-3.6046444633787145,24032.793592285158,1.5201504421175263e-06,15.795395851135254,5.440834502223879e-05
63,0.8234827973704717,-0.005730034225151551,-0.3797203956084331,26454.336449707032,1.4426533207841507e-06,5.872737407684326,8.070138392213266e-06
64,0.7704824658064554,-0.009168613606154489,-0.6075896668170012,33652.691051757814,1.2805255872624176e-06,8.65142822265625,1.1418802387197502e-05
65,0.9489192103713989,0.0037847657398557577,0.2508104991266892,35612.609697753905,1.2393431795327759e-06,9.009963989257812,1.0125800145033281e-05
66,0.6580504246053468,-0.009138122219439717,-0.6055690503649805,49860.65941699219,1.0690086488854079e-06,8.630136489868164,1.0348619980504736e-05
67,0.6819847841760514,-0.04172465516565451,-2.7650275624154306,63202.57188964844,9.509672807345008e-07,11.043758392333984,4.7525969421258196e-05
68,0.6539478711390552,0.03515168065837825,2.3294468342460317,69201.43639160156,8.980215115507141e-07,39.114933013916016,4.365178756415844e-05
69,0.921647294950331,0.019244789727681066,1.2753220804022138,36215.36136767578,1.2452520210328571e-06,27.97752571105957,4.845355579163879e-05
70,0.7349774201044725,0.015110966575716011,1.001380093153795,42893.052333007814,1.1369593284432152e-06,12.19454574584961,1.9347744455444627e-05
71,0.8042715963343823,-0.016144658940467436,-1.069881267537347,29984.08456591797,1.3493560568137697e-06,13.203640937805176,2.0873094399576075e-05
72,0.7766367473232726,0.019588849920172898,1.2981224106048934,27066.632930908203,1.432589062410945e-06,10.615079879760742,2.1380414182203822e-05
73,0.8994197405867902,0.004376715111417523,0.290038057063946,23257.325159179687,1.531104662673739e-06,5.774257183074951,9.135932486969978e-06
74,0.03853220202998829,-0.01664683453230129,-1.1031596576661609,27846.969935058594,1.4120763486037604e-06,7.25786018371582,1.2702334061032161e-05
75,0.9224255597712959,-0.002057966906495107,-0.13637824438347348,26552.99938720703,1.445607845318253e-06,2.8558061122894287,3.6228254884917988e-06
76,0.6073966396328704,-0.01211329781771905,-0.8027292785228335,29310.842109375,1.3738025795686067e-06,6.305343151092529,1.0655849109753035e-05
77,0.9972476676575577,0.00022298859034384176,0.01477710471079969,35884.64172363281,1.2465862617677315e-06,11.262200355529785,1.1962561984546483e-05
78,0.8957982728087859,0.009386153323483316,0.6220056832453262,47712.794655273436,1.0864511662294062e-06,19.20549201965332,1.950173646037001e-05
79,0.8694204521248176,-0.016666361021814544,-1.1044536475502478,48483.88030566406,1.0746471043456098e-06,32.45761489868164,3.062060568481684e-05
80,0.8569020058320184,-0.012659025136007373,-0.8388937733674152,49173.459671875,1.083515945139537e-06,21.424835205078125,3.4588905691634864e-05
81,0.6861638871387478,0.08225314171496928,5.450786903671343,30599.375341308594,1.3457466640624276e-06,38.723915100097656,0.00014937491505406797
82,0.8800638589279992,0.007010633889096885,0.4645837300846748,31507.47805859375,1.3204007776921537e-06,8.040104866027832,1.2829603292630054e-05
83,0.8998329651710266,0.005607111742761918,0.3715745151811783,26542.30803076172,1.4309360072247625e-06,6.523297309875488,9.464146387472283e-06
84,0.6979393898160775,0.013772068652807449,0.9126534243435922,18934.23569482422,1.7113046625915284e-06,6.978590965270996,1.977105603145901e-05
85,0.5171271033912912,0.008397732151180236,0.5565045598964948,21081.825263671875,1.6103901908247128e-06,4.325448513031006,9.061830496648327e-06
86,0.8520943609703537,-0.003554571252500559,-0.2355558709044495,23687.266688232423,1.5321232577773282e-06,3.455099582672119,5.326456630427856e-06
87,0.9504460016640705,-0.0019730206401720484,-0.13074898832910878,23603.38740893555,1.5317729761304949e-06,3.5473735332489014,3.91129333365825e-06
88,0.9897957848038017,0.0011373204447687128,0.0753684449781297,31693.30220800781,1.3115279671910375e-06,5.369062423706055,6.386672794178594e-06
89,0.8312532177599005,0.012038952193415246,0.7978025104158506,40774.45121142578,1.1626723485011896e-06,11.510673522949219,1.4354897757584695e-05
90,0.7186345426202762,-0.027259811411317707,-1.8064650168896796,69065.93428320313,9.162571065421761e-07,29.931182861328125,2.8598109565791674e-05
91,0.8881111204948372,-0.02034484817741833,-1.3482212313170734,41766.69426806641,1.1513741725443288e-06,38.9117546081543,4.000591434305534e-05
92,0.8927984792543575,-0.037705230942584184,-2.498666613050941,45838.937001464845,1.1221192994879738e-06,72.53543853759766,5.718155807699077e-05
93,0.6672876504070154,0.015213928300212157,1.008203205411413,32878.55254882813,1.2922439121546751e-06,9.615097999572754,1.7969030523090623e-05
94,0.9971997831611139,0.0003517837636673926,0.0233121591703709,30968.045379882813,1.3295155446275256e-06,6.666042804718018,7.828823072486557e-06
95,0.5578968965617518,-0.015680802425996364,-1.0391422226626463,18180.899982666015,1.7200429920792483e-06,10.711800575256348,2.26018328248756e-05
96,0.5668116542931599,0.031332507286192524,2.076356195202737,41555.831482421876,1.1532784643304526e-06,21.42853355407715,3.0698978662258014e-05
97,0.9046511538895329,0.0025999282459096833,0.17229317370512795,36438.68731640625,1.2555050392155492e-06,4.6313323974609375,5.60060061616241e-06
98,0.8462087834934214,0.006359245491330372,0.4214172409546554,43503.08245263672,1.144146617081642e-06,6.567222595214844,1.0107728485309053e-05
99,0.3977008656314592,-0.019915773442428533,-1.3197871205048293,49851.83547753906,1.052684647393342e-06,14.289139747619629,2.201864481321536e-05
100,0.938660233467531,0.017466666165917903,1.1574886162756488,53668.73111230469,1.0223238870109092e-06,46.25459289550781,4.4194010115461424e-05
101,0.9142356994059694,0.019861473914717504,1.3161887758294561,33991.66071386719,1.3019054172358233e-06,33.76382827758789,4.6233191824285313e-05
102,0.6418428274711457,0.014576191613762671,0.9659413938135591,39085.797541992186,1.1957587556504754e-06,9.370615005493164,1.5056627489684615e-05
103,0.9826947894512796,-0.0020545904127837454,-0.1361544894323739,27110.42032861328,1.4276557919904415e-06,9.2831449508667,1.0855571417778265e-05
104,0.5399577709895756,0.01134184983933088,0.7516066289827891,23279.602416503905,1.5435510913545069e-06,6.361310958862305,1.0003508577938192e-05
105,0.5689252665502812,0.012086515519039769,0.8009544575269725,18643.92655761719,1.7218484808020043e-06,3.6788694858551025,1.3260703781270422e-05
106,0.14194079058474735,0.022437497884819347,1.4868978506078019,19391.676012695312,1.6709694954249206e-06,7.067189693450928,1.8863942386815324e-05
107,0.9976774048811397,0.0008204937104617098,0.05437283340528588,20395.90229663086,1.6294787763528334e-06,6.363938808441162,8.908739800972398e-06
108,0.750402127318467,0.002683202716332509,0.17781164246300032,21366.041080566407,1.597949908313784e-06,1.60102379322052,3.075115273531992e-06
109,0.9902745944675665,0.000569035322614988,0.037709079793990366,24674.10457080078,1.4879561065790878e-06,3.20955228805542,4.188068032817682e-06
110,0.8465616609161509,-0.0019861076498958272,-0.13161624397093938,30858.718865234376,1.347081705617049e-06,2.811009168624878,3.6529715998767642e-06
111,0.9891585255411951,0.0005229331527483439,0.03465396118696211,34653.365262451174,1.2577975538817443e-06,3.1310787200927734,3.3473809253337095e-06
112,0.9141176689813539,-0.002938360355537109,-0.1947205396692333,55377.562813476565,1.005480556484909e-06,7.286563873291016,6.3376610341947526e-06
113,0.9227872275023412,-0.02668319817540592,-1.7682537606475424,77571.3031953125,8.637980557769625e-07,78.59651947021484,6.175281305331737e-05
114,0.9257510084221214,0.014185617763343579,0.9400586763344111,40637.88801464844,1.2035994854246857e-06,24.787071228027344,3.3945016184588894e-05
115,0.8973541714100651,-0.01629543336562947,-1.0798728525995893,43793.60752490234,1.1465044347579223e-06,38.0770149230957,4.147798244957812e-05
116,0.7725194780944449,0.018979763396273726,1.257759200416801,32362.034216796874,1.3097619166712267e-06,10.659847259521484,2.3212427549879067e-05
117,0.9472752195987286,0.005268243995116848,0.34911828016779645,25802.896444580078,1.4723224644637463e-06,8.687875747680664,1.217539556819247e-05
118,0.909022199515434,0.004955369501135189,0.32838457737261617,19846.35319970703,1.6470988464106663e-06,5.054154872894287,9.441744623472914e-06
119,0.7530505638401623,-0.00496024329252528,-0.32870755589631057,21328.12924975586,1.608627195844586e-06,4.59657096862793,7.290175290108891e-06
120,0.9984032055621984,0.00014235509115705902,0.009433648981320583,22254.117745117186,1.5626999958613732e-06,3.9288644790649414,5.234853688307339e-06
121,0.7775347480903273,0.007593146412364168,0.50318592286234,24831.21167626953,1.4840194893713022e-06,3.232964277267456,8.826067642075941e-06
122,0.7688249334591857,0.00490658952519538,0.3251520047502171,34979.04706445312,1.2757300241920052e-06,3.117349147796631,5.793022864963859e-06
123,0.8795787204666985,0.013158703511424537,0.8720066768746132,50699.05680664063,1.0596090604193669e-06,23.104881286621094,2.230955578852445e-05
124,0.9466318605784351,0.009563105784923776,0.6337320457803214,66848.83289794922,9.209525635126695e-07,25.91787338256836,1.9914132280973718e-05
125,0.8966340404589652,-0.04193981731246337,-2.7792860209683647,53405.47624707031,1.011753191350898e-06,74.56172943115234,7.176272629294544e-05
126,0.4675256910268651,-0.039741637322215494,-2.633616075080147,45631.15661816406,1.1195672780616256e-06,40.68399429321289,3.333875793032348e-05
127,0.8780638923931802,0.020215755642911944,1.339666471197545,33214.78505712891,1.293439961137816e-06,15.411534309387207,3.256456693634391e-05
128,0.7858201504201723,0.013116667207123242,0.869220996811981,27046.58406640625,1.4252473089480791e-06,9.048249244689941,1.592605076439213e-05
129,0.9848590626119682,-0.0017148963491664282,-0.11364349575341515,23542.33239892578,1.5304793735497462e-06,6.223654270172119,9.215725185640622e-06
130,0.8511327028684957,0.005372553099388675,0.35603068117332654,23210.284518554687,1.5221642495664302e-06,5.250434398651123,8.374484423256945e-06
131,0.7402785229037817,0.008008811265936513,0.5307313818311888,21134.262763916016,1.6088360401745329e-06,5.645232200622559,1.1194002581760287e-05
132,0.8435409595031722,-0.005934203539905976,-0.3932503763944733,24880.951554931642,1.486147560806427e-06,5.577917575836182,8.452901965938509e-06
133,0.5217800043344073,0.017619221894869082,1.1675982455507066,29596.741450927733,1.3621732801702897e-06,5.157207489013672,1.4994723642303143e-05
134,0.9778193170004017,0.0019504401273965622,0.12925261310563935,31590.97147216797,1.3111595635049835e-06,5.6231770515441895,6.536316050187452e-06
135,0.7400312438368234,0.013719342352575773,0.9091593349898044,41574.15002539063,1.158367392507419e-06,6.924398422241211,1.270342090720078e-05
136,0.8452217243587918,-0.010163938813005596,-0.6735483097245053,64975.321729492185,9.441160459497814e-07,20.0672664642334,1.5270457879523747e-05
137,0.5225544443796558,-0.03356711946385337,-2.2244404451027204,59660.63306982422,9.67098316547804e-07,31.424184799194336,4.5168784708948806e-05
138,0.6520336193684652,0.03906357927889341,2.588682230300374,46795.572487304686,1.1056291122195278e-06,33.26151657104492,4.7108682338148355e-05
139,0.5280448810355433,0.030564179600077,2.025440322545627,45253.764658691405,1.1065927419883152e-06,12.59914779663086,2.718754876696039e-05
140,0.9152596102515399,0.0040964757710073504,0.27146703479351925,28337.030036376953,1.3927050336762103e-06,8.752795219421387,1.0122040293936152e-05
141,0.3089531085696211,-0.011813488199933688,-0.7828613646152756,24781.332849121092,1.4845756024469623e-06,8.152975082397461,1.1253765478613786e-05
142,0.930759413182222,-0.0051573816414645,-0.34177160558736014,31748.880924316407,1.3332075767923364e-06,11.334917068481445,1.3238268365967087e-05
143,0.9885880038378468,0.0011816935144484942,0.07830897882332179,41945.74153515625,1.1409247150341432e-06,5.444064617156982,5.700720066670328e-06
144,0.3369694213496034,0.021061529569340567,1.3957145849294101,49902.574771484375,1.0606257949774786e-06,11.316544532775879,1.6555435649934225e-05
145,0.9927160933047992,6.791907768080074e-05,0.004500890925417018,55296.1819975586,1.0200537770461137e-06,23.347196578979492,1.9349365175003186e-05
146,0.7349683609971498,0.02579073500976409,1.7091116241423265,42282.121873046875,1.1775251499454235e-06,22.862808227539062,4.3627525883493945e-05
147,0.6447060971647391,0.03552204185449598,2.353990090775031,45065.40205371094,1.0955914557838767e-06,16.135343551635742,4.1641884308774024e-05
148,0.9819580008554305,-0.0034531105599418877,-0.2288322296829059,33589.436004394534,1.270694001938691e-06,13.128925323486328,1.456679638067726e-05
149,0.7451461078714805,0.011416027801450422,0.7565222863793581,22578.375516845703,1.5592570452500623e-06,7.031670570373535,1.5011705727374647e-05
150,0.883311261272902,-0.005567703262885775,-0.3689629769283679,24864.21833154297,1.500030609047517e-06,6.237080097198486,1.0008070603362285e-05
151,0.9525468433611404,-0.0024441237290519515,-0.16196825234268464,24979.952694335938,1.464778718862382e-06,4.637676239013672,6.45170757707092e-06
152,0.5674800715385232,-0.011990112443557464,-0.7945659766695058,26480.61766455078,1.4394472561597557e-06,3.9525256156921387,9.13577969186008e-06
153,0.9991694573617577,0.0006094563301131552,0.04038771666682502,31534.978969726562,1.3303600936102106e-06,9.767233848571777,1.097852782550035e-05
154,0.8218600280301518,0.011668931008438053,0.7732817858927217,48906.531219970704,1.0671872945015276e-06,9.710110664367676,1.165520279755583e-05
155,0.7482983162048529,-0.019777362696583017,-1.3106148571109706,61864.04423095703,9.529323023250893e-07,24.91693878173828,2.33312021009624e-05
156,0.9456643684267857,0.005771952610823263,0.382498261388128,50279.640770019534,1.0674920822589784e-06,18.81987953186035,1.8377606465946883e-05
157,0.8786764083423396,0.030769188984733943,2.039025973448666,41976.157008789065,1.1331123951003134e-06,24.749414443969727,6.20001956121996e-05
158,0.9353121907077955,-0.0017223317395543836,-0.11413622743156544,26326.218474121095,1.4456921184950569e-06,4.082446575164795,5.173332738195313e-06
159,0.7716597596615963,-0.00915877250492674,-0.6069375124485298,23861.323803222655,1.4994424007475255e-06,7.822521209716797,1.0815136192832142e-05
160,0.9689932414876496,-0.005135288323294441,-0.3403075159875085,23616.174951660156,1.525204996422716e-06,12.620247840881348,1.789441375876777e-05
161,0.5519333930496868,0.021835015469264276,1.4469722843384931,26373.551286621092,1.449955527084263e-06,6.517170429229736,2.3454776965081692e-05
162,0.2146662450055736,-0.014628624397321235,-0.9694160322770288,33571.00777636719,1.2763409884613153e-06,3.2353670597076416,1.0325806215405464e-05
163,0.9765376775195759,0.0049236193512336174,0.3262805446552665,36328.02055419922,1.2304837875566299e-06,13.731647491455078,1.717247869237326e-05
164,0.9951855806769835,0.0016155940611940229,0.1070628886240211,46393.05489111328,1.09526498411464e-06,17.379409790039062,1.5803700080141425e-05
165,0.9310552978267435,0.01959509062577832,1.2985359723932275,68487.43995507812,9.160247349416302e-07,44.694393157958984,3.554606519173831e-05
166,0.9308996458261709,-0.007105623974565091,-0.47087857430646696,84869.98337988282,8.167199727729229e-07,19.4852237701416,1.3242256500234362e-05
167,0.987940936144618,0.006348221669903066,0.4206867095705462,42376.77621972656,1.1583831723838223e-06,71.0654296875,6.788197060814127e-05
168,0.266471512852198,0.032471498703842236,2.151835372937163,59095.13265576172,9.836280859076825e-07,16.360754013061523,2.579071224317886e-05
169,0.8015297859356584,0.003474281345075406,0.2302351844629933,43554.80306005859,1.129131943987791e-06,3.64455509185791,4.375046046334319e-06
170,0.8283224877773057,0.013538367032184542,0.8971663838914182,31269.89600097656,1.3342101562312555e-06,15.778473854064941,2.0060246242792346e-05
171,0.8110083926121016,-0.0060707624635062,-0.40229992242785095,28597.0512890625,1.3920367147878566e-06,4.648169040679932,8.244283890235238e-06
172,0.9989401265758057,0.000198197684182559,0.013134250178843579,34284.431018554686,1.256510557100605e-06,4.761405944824219,5.1296447054483e-06
173,0.6711151141812316,-0.00911480726435381,-0.6040240047996411,39674.73511425781,1.1798556251309454e-06,6.0560455322265625,7.745621587673668e-06
174,0.8884979899235662,0.007692226071530322,0.5097517767293517,57178.550845703125,9.883423800120341e-07,10.46239948272705,1.0020266017818358e-05
175,0.9493587964763306,-0.003969472043062212,-0.26305069661400365,73231.00602978516,8.795054420575564e-07,9.97835636138916,7.239576916617807e-06
176,0.8269643854782076,0.023094884535057352,1.5304618345366199,42173.24342431641,1.1537650362503472e-06,30.869159698486328,4.304630056140013e-05
177,0.5393212551396864,0.030237748355054262,2.0038082350870727,60894.010075195314,9.638687482981814e-07,24.31338119506836,2.827969001373276e-05
178,0.9152756237900866,0.0055093217147927885,0.36509412315419787,29664.791299316406,1.354495513126313e-06,8.557306289672852,1.2448069355741609e-05
179,0.919237836925576,-0.0025734883458719444,-0.1705410429310902,25348.778220947264,1.4762248417622853e-06,3.773030996322632,4.64920913145761e-06
180,0.7516689084308792,0.004364920423411098,0.2892564415587159,26134.344670166014,1.438076006695734e-06,2.9066848754882812,5.107221113576088e-06
181,0.9274058731442504,0.0027317855757931484,0.18103115248498364,31585.55649633789,1.3167544325355454e-06,4.48420524597168,5.098934252600884e-06
182,0.8867288778511426,-0.004971348948615981,-0.3294435103354206,31127.220713867187,1.3380302447230313e-06,6.434811592102051,7.422906946885632e-06
183,0.9692437090244415,-0.004805257505093931,-0.31843689045092927,57159.58316894531,1.0012581104834137e-06,9.917529106140137,9.334728929388802e-06
184,0.8727111125440222,0.017576678813197508,1.1647789821452939,60661.91753320312,9.65990745346301e-07,23.297807693481445,2.6852872906601988e-05
185,0.7756776727683141,0.020275797178110483,1.343645329717875,34547.26283740234,1.2974916134500161e-06,15.065300941467285,3.3943615562748164e-05
186,0.9967769674572002,-0.0025531981527735868,-0.1691964436062797,41182.40344335938,1.158889617747503e-06,18.563678741455078,1.6978145140456036e-05
187,0.7896498708336438,0.014189037077479228,0.9402852689279769,29783.64097705078,1.3581339875003914e-06,10.219132423400879,2.5670926333987154e-05
188,0.9989629780222141,-0.0027543493627441304,-0.1825264193142537,28025.592880859374,1.4035466650353672e-06,32.49486541748047,3.927577199647203e-05
189,0.925361958077754,-0.007678300900009395,-0.5088289774176771,27433.548461914062,1.4013365094595607e-06,12.861019134521484,1.8147491573472507e-05
190,0.8772559317463661,0.007623592462812214,0.5052035349509555,37009.61887060547,1.2395429584585859e-06,11.792930603027344,1.5276562407962047e-05
191,0.9915632498792671,0.0015373682391386608,0.1018789858879303,54343.69989404297,1.0177160512613161e-06,11.4747314453125,9.795965524972416e-06
192,0.8844067276748053,0.008211736922477961,0.5441789473348628,60329.05867236328,9.63355373385174e-07,12.053983688354492,9.526839676254895e-06
193,0.8062514798557161,0.014351241053234246,0.9510342724108185,72766.16706396485,9.029346912631615e-07,7.6361517906188965,1.4555950656358618e-05
194,0.9645400255319239,0.005785622694975509,0.38340415645931397,45745.44676367188,1.0963037532266873e-06,22.341035842895508,2.6003335733548738e-05
195,-0.2102803512992505,0.022568233082745005,1.4955614674599274,37448.83644384766,1.2227166788745633e-06,9.66853141784668,3.8312973629217595e-05
196,0.7538922289381763,-0.020316103561954096,-1.3463163706606083,27751.822702148438,1.409122337946121e-06,21.905424118041992,3.920528251910582e-05
197,0.8803128794004237,0.008556583291000333,0.5670313761920368,26838.498641601564,1.433019067123992e-06,13.63762092590332,1.8393868231214583e-05
198,0.7802917959495593,-0.004956069405299497,-0.3284309589256253,27433.319175292967,1.4149642731425649e-06,4.595669269561768,7.270361038536066e-06
199,0.9725503305666084,-0.002909812633195569,-0.1928287268116997,39093.98078662109,1.1960287114252037e-06,9.649680137634277,9.693072570371442e-06
200,0.9625981466441321,-0.001886659232649888,-0.12502595308340772,37339.80277929687,1.2294514010798297e-06,4.745090484619141,5.042742941441247e-06
201,0.9301702796066398,0.006925354705512394,0.45893241212470043,50232.560190429685,1.0657686197513375e-06,15.48070240020752,1.3103846868034452e-05
202,0.9896424012246503,0.0032008096261336057,0.21211264187005582,67317.97981152344,9.267734110739709e-07,24.63899803161621,1.8226464817416854e-05
203,0.9054584315942398,0.00894807380272039,0.5929748393802267,61471.54205761719,9.817851790768977e-07,16.906606674194336,1.639308175072074e-05
204,0.998309334661164,-0.004013660251296153,-0.26597897998064907,41473.31462841797,1.165308585202602e-06,74.33139038085938,6.967927038203925e-05
205,0.8808795830959157,0.014597569781834163,0.9673580915362111,21635.087776855467,1.5692811013873906e-06,13.298792839050293,3.396637839614414e-05
206,0.6142648799324527,-0.010081785780703645,-0.6681041569148762,22406.92544555664,1.573326697513221e-06,7.202358722686768,1.4810416359978262e-05
207,0.9844901445157618,0.00144312891345988,0.0956338933417907,22070.094966064455,1.567974922746876e-06,5.870196342468262,8.073397111729719e-06
208,0.8691637654164455,0.017332419906141393,1.1485923268525364,19283.28874194336,1.668529512384451e-06,20.31060028076172,3.243460741941817e-05
209,0.4684095369149299,0.02355635262327556,1.5610426021435093,22246.130732421876,1.5639889291027954e-06,11.471981048583984,2.5077701138798147e-05
210,0.7715295118584464,0.008002456606594013,0.530310268507136,24462.046603515624,1.5007845041474157e-06,3.1717536449432373,7.882075806264766e-06
211,0.9270375506997252,-0.004095687244858306,-0.271414780400352,24416.750020263673,1.4967959615900233e-06,5.52020263671875,6.701373422401957e-06
212,0.5360506426777524,-0.0063065715140047515,-0.4179266189579211,31783.038481689455,1.3173869785008466e-06,4.336069107055664,5.802402938570594e-06
213,0.9945192583790964,-0.0020928408209056207,-0.13868928408341952,44364.87422949219,1.1185300003035221e-06,13.602435111999512,1.2452480405045208e-05
214,0.9621226338681721,0.00784973765881557,0.5201898229759752,84907.10985449218,8.401514604157723e-07,31.07453155517578,2.268697789986618e-05
215,0.971693882498601,0.008768475550034047,0.5810731444023337,46913.11223974609,1.1088004571293323e-06,28.827342987060547,3.4228854929097e-05
216,0.30696478761204304,0.027772412733204112,1.8404343038237316,42554.991967285154,1.1543207556471439e-06,8.680912971496582,2.7679412596626207e-05
217,0.6867338029519926,0.015216961036941354,1.0084041801255836,39021.49706591797,1.197516526385594e-06,5.54357385635376,1.6170801245607436e-05
218,0.9403093209123625,0.00269551932754758,0.1786278450020032,27772.844469726562,1.4116615866283222e-06,4.677400588989258,6.464771558967186e-06
219,0.8031726800904935,0.003934867467639463,0.26075750558702676,21192.565368408203,1.5962621298288931e-06,3.927328586578369,6.448999556596391e-06
220,0.521930999082269,0.013080553052842024,0.8668277683578588,25919.4896484375,1.435266093816368e-06,4.710073947906494,1.1168684977747034e-05
221,0.8368108159552827,-0.005797056737639253,-0.3841618725624086,40368.13896191406,1.1804585115000587e-06,5.676319122314453,7.446878498740261e-06
222,0.8103584694722309,0.027377570753227977,1.814268744082177,54989.98303027344,1.0097895666232228e-06,24.48477554321289,3.864039172185585e-05
223,0.7677966773164571,-0.01773301764473092,-1.1751393117046274,45015.813763671875,1.1169770380047703e-06,28.56011390686035,2.6972391424351372e-05
224,0.999171611237623,-0.0003025548170550563,-0.020049833964533508,33188.552200195314,1.3118931763880714e-06,48.88725280761719,5.3618157835444435e-05
225,-0.1690562912642366,0.04553901017449232,3.0177988960645923,37849.50314257813,1.2030690488997255e-06,17.392744064331055,3.619248673203401e-05
226,0.6592288060118565,-0.007219932117892042,-0.4784535959729784,30676.721321777342,1.3485984738586726e-06,5.834408760070801,8.166225597960874e-06
227,0.6289588341499779,-0.007441773530816057,-0.4931546790324976,27137.643364257812,1.415113459417514e-06,4.685039520263672,5.879978289158316e-06
228,0.6910353616918102,0.0169143648110689,1.120888470322282,26386.46842993164,1.4417660128526493e-06,11.729226112365723,1.738132232276257e-05
229,0.7044251387498232,0.010562048408741316,0.699930409245784,29421.368536865233,1.3639270414295204e-06,7.381888389587402,1.1466219802969135e-05
230,0.7047879371828206,0.004704247863352391,0.31174313966074974,27616.153080566408,1.407216391756331e-06,2.2631328105926514,4.7989419726945926e-06
231,0.719877094323023,-0.003974979692040681,-0.263415679887541,32968.656065429685,1.2980867900777484e-06,3.721968650817871,3.6949481909687165e-06
232,0.9129055438874377,-0.010744060561217636,-0.7119920695829041,37446.32530029297,1.2157672024813124e-06,17.24309730529785,2.2208865630091168e-05
233,0.6750886684608414,0.03410660527195428,2.26019132484058,51357.27768261719,1.0489934984788478e-06,10.119002342224121,3.5553737689042464e-05
234,0.9797984734575531,0.004401301559193215,0.29166736245884445,52953.42955615235,1.038999241295439e-06,28.07237434387207,2.4591692636022344e-05
235,0.9811644778373461,0.004372574209827663,0.2897636459997022,40406.69502294922,1.1783794811043183e-06,22.072362899780273,2.6086745492648333e-05
236,0.8011352706089604,-0.012007407647906787,-0.7957121027796827,37519.79897998047,1.2250204700809044e-06,16.75753402709961,1.8638827896211296e-05
237,0.2669970617618386,0.01773912373392136,1.175543952673932,33483.036174804685,1.2780056172292321e-06,8.715963363647461,1.8556942450231872e-05
238,0.9144673637214569,-0.004215859530750607,-0.2793784096121806,24110.896104736326,1.5081742899778405e-06,6.994640827178955,8.10065284895245e-06
239,0.9775507828235156,-0.0016166547635028934,-0.10713317970510733,20184.597660644533,1.641093122898377e-06,5.126462459564209,6.747792212991044e-06
240,0.940771945977605,0.002660549790359085,0.17631046853029317,27353.67492236328,1.409529674323714e-06,4.871556282043457,6.356459834933048e-06
241,0.8469392314205677,-0.01432046449438321,-0.9489947580478703,34305.323853759764,1.2670844766056024e-06,10.900049209594727,1.647574572416488e-05
242,0.9770091401508051,0.0031768679651620296,0.21052606548701344,43338.85077099609,1.1339691742607166e-06,9.732303619384766,9.33484079723712e-06
243,0.9058305464420737,-0.01677651013390146,-1.1117530567289868,53306.27652294922,1.0451261457319873e-06,19.11079216003418,2.628977563290391e-05
244,0.9365923549488796,-0.0029691386022214984,-0.19676016588225498,61764.0088984375,9.59569311521076e-07,11.125157356262207,8.772365617915057e-06
245,0.9526679034655366,0.008220705908081816,0.5447733079665593,44925.59715136719,1.1221451901996254e-06,40.51847457885742,3.874371759593487e-05
246,0.9577930755327383,-0.0016865002479929596,-0.11176173059327052,51392.38170898437,1.0545773262968733e-06,6.124842643737793,5.937361493124627e-06
247,0.9606049107282048,-0.004111950886456519,-0.2724925464623067,27438.646970214842,1.4137438181771303e-06,11.173008918762207,1.4369727978191804e-05
248,0.9303586611101208,-0.0026336434292556824,-0.17452742611185157,21737.594203125,1.5744034198540402e-06,4.938162326812744,6.739386208209908e-06
249,0.7263042739511745,-0.005279906899016818,-0.3498911625466486,27870.942208740234,1.4084503135663832e-06,3.734410285949707,5.302404133544769e-06
250,0.9391732669689435,-0.0029135417878186336,-0.19307585204919647,27391.093235351564,1.4071461418029498e-06,5.288508415222168,6.984880201343913e-06
251,0.8762235003269497,-0.004762222409347217,-0.31558502204318745,36341.240328125,1.234536560378129e-06,4.564423084259033,5.438003881863551e-06
252,0.4427140779958526,0.02337651330169779,1.549124931907664,47418.099482910155,1.076753840362505e-06,12.438499450683594,1.4005299817654304e-05
253,0.5889478668810187,-0.02667002224643087,-1.7673806124661662,64157.87969140625,9.408122791987376e-07,19.804445266723633,3.12552583636716e-05
254,0.6802433025392813,0.042690214158426255,2.829013644925935,50776.67435253906,1.0537840796716685e-06,28.053892135620117,5.174242323846556e-05
255,0.9373999197106964,0.022219976991517964,1.4724830816182999,50620.84819335937,1.0729459360970193e-06,54.326026916503906,5.7992034271592274e-05
256,0.9804410854721555,0.004138254176796716,0.27423562432560145,42513.68221923828,1.1379098993948454e-06,15.899787902832031,1.674192571954336e-05
257,0.901191831718119,-0.011622476973678807,-0.7702033497502357,30463.591131835936,1.3288568724931692e-06,18.082321166992188,2.3434853574144654e-05
258,0.9815410215146145,0.0027993998855630727,0.185511846918174,22325.774842041017,1.5731314872961098e-06,11.948091506958008,1.596038055140525e-05
259,0.7393238366307525,0.011399032973579316,0.755396065748042,18577.08735449219,1.6901477791987996e-06,8.528776168823242,1.7715563444653526e-05
260,0.9219392208783892,-0.0050186409199828854,-0.3325774752247958,40726.69674511719,1.1650762078039192e-06,10.167550086975098,1.0252765605400782e-05
261,0.7011805140043308,0.014208911001349167,0.941602282742844,49161.15899072266,1.0685512241157709e-06,7.9400177001953125,1.1530144547577947e-05
262,0.9685769227721833,-0.0034773907136474744,-0.23044123744939532,57815.554815429685,9.924424823862538e-07,13.385522842407227,1.1371367691026535e-05
263,0.21510029446365905,0.030879123244494436,2.0463111447001645,54161.760471679685,1.0248148544696796e-06,16.463499069213867,2.7717707780539058e-05
264,0.9901909299120638,0.0014394373145620984,0.09538925686340106,41986.462006347654,1.1557617139528754e-06,17.97903060913086,1.765721754054539e-05
265,0.4113050847708574,0.027533170072118827,1.8245800672966686,39003.11865966797,1.1972992198469057e-06,11.7806396484375,3.225647014915012e-05
266,0.8710015566711142,0.0079120144359018,0.5243168074761027,32637.125951660157,1.292932423718241e-06,5.725558757781982,1.0012922757596243e-05
267,0.9507645835404421,-0.0022385728291201036,-0.14834671607032032,22820.784536621093,1.5340960885296769e-06,3.541029930114746,5.1551874094002414e-06
268,0.8633945325095238,0.0025169098545992754,0.16679167490904875,33428.03874853515,1.2723953913314959e-06,2.8775246143341064,3.05552839563461e-06
269,0.9409696650998252,-0.023375240303800532,-1.5490405723303633,39514.99070996094,1.1813277184572159e-06,38.5306510925293,4.119191726204008e-05
270,0.6095231117231316,-0.022905671913531506,-1.517923010390591,47363.73566455078,1.0928098581762198e-06,11.69887924194336,1.672417056397535e-05
271,0.3588197813698017,0.0182587762109238,1.2099805086163262,56329.498666992185,1.01551343918093e-06,7.903438568115234,1.092798811441753e-05
272,0.6968820648617232,0.04132865280333517,2.738785105953,55439.97694091797,1.0303494733892634e-06,20.33746337890625,4.063356027472764e-05
273,0.23386906501513582,-0.031179400629630837,-2.066210056817612,36284.53417529297,1.2455523784608643e-06,24.434669494628906,3.952277984353714e-05
274,0.39755581421739944,0.03519336689400439,2.332209315805724,28221.295762695314,1.3903846248078272e-06,13.156341552734375,5.860478995600715e-05
275,0.8666149774247798,0.012731068864973912,0.8436679984748677,24096.20086425781,1.5123628275613603e-06,18.506160736083984,3.350067345309071e-05
276,-0.14421558217616598,0.03698452612183442,2.4509066331103737,33145.24630273438,1.2971577000696955e-06,12.194169998168945,4.055298995808698e-05
277,0.5323694146018699,0.01583327128465625,1.0492460951795277,34629.705352539066,1.2562229970713253e-06,10.052215576171875,1.7674758055363782e-05
278,0.725411755379923,-0.02541382762258266,-1.6841345617820247,48775.63675390625,1.053137894385416e-06,14.471240043640137,2.9637038096552715e-05
279,0.8626166795627963,0.015612956260277276,1.0346461634987614,61926.92994384766,9.523431499582341e-07,22.96677589416504,2.4218083126470447e-05
280,0.49966784946193415,-0.03030483619549926,-2.008254041222483,53571.505515625,1.040020677537985e-06,21.442237854003906,3.2508254662388936e-05
281,0.8420577884048756,0.04898154209137751,3.245930095636918,43580.23426708984,1.1573482038116746e-06,56.38338088989258,9.118172602029517e-05
282,0.9157986845251561,-0.005874327425621619,-0.38928248005909827,43525.293624023434,1.124415251848169e-06,12.14381217956543,1.3414705790637527e-05
283,0.8707284392084946,-0.010930782374717127,-0.7243658317813096,26899.835538574218,1.4198015399582536e-06,15.354484558105469,2.0339128241175786e-05
284,0.8111982812939537,-0.03420707263580172,-2.266849139723855,22843.710666503906,1.541289657743541e-06,34.00189971923828,5.728485120926052e-05
285,0.13038240455278244,0.01418299872775375,0.9398851169469441,36388.512806640625,1.2532019620314038e-06,3.6116864681243896,1.1295269359834492e-05
286,0.7085084708275325,0.02383760407495597,1.5796806954429796,38403.747693847654,1.2258116924494347e-06,19.43611717224121,3.52940805896651e-05
287,0.3290051442725933,-0.0319706152594482,-2.1186426113958494,44732.08325610351,1.1284165483645665e-06,12.100205421447754,2.230289283033926e-05
288,0.9944910913159263,0.0026837874043910883,0.1778503888250965,50371.76204931641,1.0599502387949965e-06,19.971242904663086,1.6750182112446055e-05
289,0.8607778993842947,0.01087307502686322,0.720541656201273,74229.62944140624,8.835843372401143e-07,22.419984817504883,1.5812735000508837e-05
290,0.8260087773623638,0.015334202887679274,1.0161736139884137,62941.04140087891,9.540873533582141e-07,23.419408798217773,2.3007276467978954e-05
291,0.8273599981290654,-0.18080172183019358,-11.981446993579025,44678.247916992186,1.116020121769231e-06,217.02435302734375,0.00029631666257046163
292,0.8419135527526427,-0.04079788919231209,-2.7036122325576564,33359.22409423828,1.2818336394688752e-06,54.83677673339844,7.364143675658852e-05
293,0.5017418859920699,-0.09936063011827209,-6.584473372044403,27443.150404785156,1.4121087283334935e-06,41.612300872802734,0.00010511845903238282
294,0.8512977669537932,0.17826545920949566,11.813372841164549,22295.69947265625,1.562496024903309e-06,86.81962585449219,0.00028357605333440006
295,0.3904052415142785,0.05897035637204161,3.907873176825515,20804.30204785156,1.6018113661428468e-06,17.698589324951172,6.21037688688375e-05
296,-0.2523899355137138,0.02321506756251556,1.5384261755752011,19210.861536621094,1.671687250744116e-06,6.749468803405762,1.7368820408592e-05
297,-0.062260273230556544,0.0426596471587948,2.826988017724326,18230.486404541014,1.7169072480032963e-06,7.06459379196167,3.2362288038711995e-05
298,0.5615963658253409,0.0259296646670673,1.718318274985939,17636.640262451172,1.7424220252755144e-06,10.203883171081543,2.733943438215647e-05
299,0.5015947432296488,0.020890835507437994,1.384402956731947,18961.766529296874,1.712428441257957e-06,5.198627948760986,2.2564416212844662e-05
300,0.6964390492130147,0.012462032907623759,0.82583940685678,20787.179642822266,1.6264929065676555e-06,3.7208588123321533,1.525972766103223e-05
301,0.20585810558367482,-0.011190157137881847,-0.7415541911889092,23564.58939501953,1.5309579378790925e-06,4.924591541290283,9.922791832650546e-06
302,-0.2536737737825101,-0.018768786601220527,-1.2437780985709943,29609.765518798828,1.3683152684308264e-06,5.762505531311035,1.1214632650080603e-05
303,0.5652479640097811,-0.046341542662935845,-3.0709814674116833,50501.511332519534,1.0543618611784326e-06,13.117057800292969,4.154959606239572e-05
304,0.9147126773534445,0.002473606144493672,0.1639220058483587,50968.70625927734,1.0521708171881095e-06,5.324896335601807,5.633988166664494e-06
305,0.9980978176886292,0.0024123771711485956,0.15986445766143217,62720.87460351562,9.431440979885081e-07,64.4660873413086,4.877863102592528e-05
306,0.8588838063708335,-0.023675013104430823,-1.5689060464227054,46112.11821972656,1.0887441701835158e-06,53.65940475463867,5.04939780512359e-05
307,0.9978479187185744,-0.007780842989819047,-0.5156242811417149,43630.408275390626,1.13487699298374e-06,71.29966735839844,6.76649870001711e-05
308,0.5189043784693188,-0.00852083121524187,-0.5646621421146489,36409.20013378906,1.2258578986695033e-06,5.236440658569336,9.999874237109907e-06
309,0.7931780227955914,0.007138059861223549,0.4730280497249203,26446.28437792969,1.4340234580707987e-06,8.744863510131836,1.1640668162726797e-05
310,0.9946014703119138,0.0016225865722962896,0.10752627138540047,21171.242534912108,1.5999276487909374e-06,19.99750328063965,2.7836998924613e-05
311,0.6267329970327977,0.017971788086025293,1.1909622549655812,22196.77779638672,1.571564754793849e-06,10.694475173950195,2.190348823205568e-05
312,0.6584108453124653,0.020729348860509773,1.3737014895072126,30194.67377270508,1.345241773542115e-06,10.429755210876465,2.3819862690288574e-05
313,0.55775446916599,-0.0096964979030429,-0.6425717325732744,48839.72516796875,1.0906510494891041e-06,6.19390344619751,8.323673682752997e-06
314,0.43324314509280687,0.02851809488667463,1.8898494924924318,52757.655182617185,1.0312937915560424e-06,12.543078422546387,2.041415609710384e-05
315,0.8153539016192854,-0.014437598856824987,-0.956757068829628,43427.928212402345,1.152992775575418e-06,29.03330421447754,2.9845225071767345e-05
316,0.5581494584062525,-0.14263419180153736,-9.452144543994656,33768.368535644535,1.2766150214644213e-06,146.8616943359375,0.00019108645210508257
317,0.3387894805395498,0.04742412562874509,3.14272254537098,24251.693896484376,1.5020069220458367e-06,14.35912036895752,6.86582934577018e-05
318,0.8250148770637618,0.009548871354396716,0.6327887523585698,24977.061924072266,1.4847222254392948e-06,9.716180801391602,1.6012492778827436e-05
319,-0.1838802533349716,-0.033382288154325875,-2.2121919636422533,20049.898482177734,1.654045763772643e-06,10.56867504119873,2.9849881684640422e-05
320,0.47164859913526913,-0.015228152382016667,-1.0091458130395259,18839.23858618164,1.69786224730834e-06,4.551823616027832,1.812731716199778e-05
321,0.2493943394222046,0.02750784152506656,1.8229015841447431,18844.681090332033,1.7145428152695537e-06,7.190258979797363,3.181909414706752e-05
322,0.052179772150406666,0.005498303998412934,0.3643639963420235,18680.38141870117,1.7073604083325791e-06,1.8996785879135132,4.904787147097522e-06
323,0.29105572215552294,0.007192739632191334,0.4766515925255075,19683.183099853515,1.646199571277795e-06,1.6912691593170166,7.0259993663057685e-06
324,-0.16360811653666535,-0.07140831353714061,-4.732117121924679,23221.19864794922,1.535860725154159e-06,29.882328033447266,8.772165892878547e-05
325,0.7767503825130913,0.013446089533835661,0.8910512985704636,25402.56611352539,1.464447774565487e-06,11.687250137329102,1.975959457922727e-05
326,0.9862916493088043,0.007736447785151875,0.512682280445569,32815.3853918457,1.2901483837336885e-06,36.38889694213867,4.070161594427191e-05
327,0.7111899828355979,-0.032201201254183486,-2.133923184199119,34032.28092822266,1.263628781233412e-06,22.974092483520508,3.154908699798398e-05
328,0.9452131638941998,-0.007198390658658539,-0.47702607720071266,35933.41559765625,1.2425477595789583e-06,15.902325630187988,1.6606842109467834e-05
329,0.9576809171085366,0.004741817787218583,0.3142328396857216,48052.28129638672,1.0799464324308743e-06,12.644572257995605,1.2432940820872318e-05
330,0.9446570162979495,-0.00601563165024957,-0.39864648976105593,65548.19210302734,9.365271324773047e-07,19.722814559936523,1.458146289223805e-05
331,0.8762294580560861,0.018466028253157567,1.2237147769252705,43867.17083837891,1.126820135720069e-06,29.932401657104492,3.3993161196121946e-05
332,0.987290600013268,-0.008772601624233538,-0.5813465728786354,45868.54384814453,1.1033472109419265e-06,60.86913299560547,5.7987781474366784e-05
333,0.4341334938372748,-0.04581765268952009,-3.036264099217349,54567.76544384765,1.0068473308249919e-06,32.65214538574219,4.6294582716654986e-05
334,0.2643647198262977,0.03901881230603982,2.5857155931086555,30766.102806152343,1.332483430203521e-06,11.05741024017334,2.9516089853132144e-05
335,0.9900228831342577,0.0010266184679552973,0.06803239831967994,26726.798341308593,1.4472407473077398e-06,6.758726119995117,8.262009941972792e-06
336,0.8306163311700218,0.006926522368978905,0.4590097913542161,22582.56165600586,1.5473328722643516e-06,7.162105083465576,1.0451395610289183e-05
337,0.9832705951317264,0.0019549505219705354,0.12955150989136208,18304.541680175782,1.7011488353778033e-06,7.3570427894592285,1.1199829714314546e-05
338,0.7215094830936385,0.005855961800437694,0.3880654188363529,20256.570689208984,1.627467636407232e-06,4.651326656341553,7.323300906136865e-06
339,0.8563032990010582,-0.005703337420038312,-0.37795124013732206,18077.562389648436,1.7231533639686633e-06,5.875473499298096,1.0610850040393416e-05
340,0.7228190059147306,-0.008594909901351247,-0.5695712206454779,19170.563602539063,1.6714075356851276e-06,6.56581974029541,1.235237141372636e-05
341,0.9811633415993577,-0.0015137487715138076,-0.10031376075346216,22165.340696289062,1.5685838054726024e-06,7.5816731452941895,9.97654024104122e-06
342,0.8563447178768028,-0.007615523855050874,-0.5046688409490075,28679.97257788086,1.374019209167838e-06,10.125529289245605,1.1888831068063155e-05
343,0.3686010624087853,-0.020696559939423324,-1.3715286190500229,50462.188743164064,1.054589343709714e-06,14.142118453979492,1.5689774954807945e-05
344,0.8841140697644392,-0.018852202151447003,-1.249305916466542,54754.509411132814,9.888479392395442e-07,40.620662689208984,3.972612103098072e-05
345,0.8654167104081834,0.025513313174318302,1.6907273135140413,40472.70442333984,1.1773697030536996e-06,44.92380142211914,6.925570778548717e-05
346,0.3970680235852573,0.01855803010913426,1.2298115958578406,40339.085560546875,1.1846568815867542e-06,10.930795669555664,1.794032141333446e-05
347,0.976272523401454,0.002108580078871076,0.1397323000631483,32166.46744140625,1.312136437377943e-06,8.72128677368164,1.0631585610099137e-05
348,0.9984129793954838,-0.0003681541758513207,-0.024397000751852013,25479.922486083986,1.4819557779148216e-06,12.391369819641113,1.5880365026532672e-05
349,0.9439958805472495,-0.003999528182343071,-0.26504246990012015,19756.35626489258,1.651363155450052e-06,7.004597187042236,1.0700455277401488e-05
350,0.9763459753925092,-0.003580796483208331,-0.23729377587813472,27083.36337109375,1.4141878301573523e-06,9.879212379455566,1.2736029020743445e-05
351,0.9836240469892257,0.003117408881624149,0.2065858051261913,29827.564321044923,1.3554564619305268e-06,12.55723762512207,1.5350989997386932e-05
352,0.8592208694343205,0.014750278281335462,0.9774778446764062,34530.84650439453,1.2499892052831858e-06,13.318942070007324,1.9329128917888738e-05
353,0.8208131918794608,-0.01185448716341259,-0.7855783017259491,59437.896068359376,9.852994737280583e-07,12.429218292236328,1.2566485565912444e-05
354,0.9128162286709361,-0.014242790959192909,-0.9438474544975173,62588.65528027344,9.632501675600337e-07,30.3303279876709,2.5516568712191656e-05
355,0.7963529264998296,0.03699396823474657,2.451532347147934,59759.060512695316,1.0013358789242143e-06,46.498146057128906,5.961257193121128e-05
356,0.7623758752636112,0.028741769273717417,1.904672043876602,38060.18754248047,1.2144653557816394e-06,20.64235496520996,5.129305645823479e-05
357,0.7691166316460828,0.008052960974414188,0.5336571138792722,21330.48342285156,1.5757183868482607e-06,8.852869033813477,1.885003257484641e-05
358,0.997829124031935,0.0005717556101723939,0.037889348990801236,20908.28643017578,1.629554345078929e-06,6.884199142456055,9.666942787589505e-06
359,0.9848212679334101,0.0012174275068235,0.08067701454320389,15813.247463378906,1.8500464737561855e-06,5.581992149353027,8.779535164649133e-06
360,-0.10922720815897223,0.019499360425713777,1.29219208193606,25813.187697998048,1.462571753674619e-06,3.4466075897216797,1.3151029634173028e-05
361,0.5731602792574644,0.01069024559618634,0.7084258361175537,28828.105810058594,1.379278334823013e-06,2.4393362998962402,6.604877398785902e-06
362,0.8364194865267613,-0.024082347813528967,-1.5958994797611776,41439.96479541015,1.1537733108152531e-06,18.549551010131836,2.2560487195733003e-05
363,0.9137526839342146,0.011789604315743173,0.781278617009043,68209.84172167968,9.093167084980313e-07,20.212820053100586,1.7364985978929326e-05
364,0.9775249382514071,0.00800288851501192,0.5303388904016779,46314.92371240234,1.119074349889942e-06,54.78034210205078,5.1016198995057493e-05
365,0.9759380624317348,0.0022488688845404715,0.14902901954073722,53643.92451074219,1.0356817378153217e-06,36.4814453125,3.140699118375778e-05
366,0.7878086481573613,0.02086303229489227,1.3825604813727759,38246.01046484375,1.2010340212403084e-06,9.555646896362305,3.22249106829986e-05
367,0.6970742148551431,-0.003490552182595661,-0.23131342738743382,27905.601724121094,1.4010757958184962e-06,3.3740181922912598,5.69070743949851e-06
368,0.8417261165848776,0.03958241400303785,2.6230645950413654,31767.20098828125,1.3159527548260637e-06,10.329681396484375,5.0263068260392174e-05
369,0.6903584884606551,0.008904284634087958,0.5900729997431289,37508.85430566406,1.2277256355345875e-06,5.800707817077637,1.1323584658384789e-05
370,0.6772992679955631,-0.00589419812905154,-0.39059928046044806,44141.99310205078,1.127690341436247e-06,7.124171257019043,6.451426088460721e-06
371,0.9114256482294066,0.002380385166494333,0.157744397608335,51838.45391015625,1.0463027405605086e-06,6.183615684509277,5.653801963489968e-06
372,0.9116309049721653,0.012531789418784958,0.8304620616217598,47760.13870410156,1.076826804268215e-06,28.406330108642578,3.2350177207263187e-05
373,0.9701637835091363,-0.005886442667347685,-0.3900853381573834,47141.84625097656,1.0944604285681104e-06,33.6103401184082,2.8773443773388863e-05
374,0.5295283073860082,-0.04603578085649735,-3.05071911128244,35989.02127294922,1.239226256430552e-06,42.50485610961914,7.283924060175195e-05
375,0.04252468200301945,0.027986570790386613,1.8546262229294015,38112.741977050784,1.2024699068431036e-06,7.7288594245910645,2.8498790925368667e-05
376,0.38603504438900066,-0.006946379641748035,-0.4603257017267059,29893.984567871095,1.3641555766920786e-06,3.5588016510009766,7.198433195299003e-06
377,0.7882372035085213,0.009687551875125386,0.6419788933115033,33450.059971679686,1.2897299570534754e-06,8.602547645568848,1.4039475900062826e-05
378,0.8264690806031231,0.006587425303225281,0.43653835978886285,32775.01688574219,1.296797556733733e-06,7.2746758460998535,9.763783964444883e-06
379,0.8809405289462243,0.0069484743585258475,0.4604645153275161,33730.92666748047,1.2849487708992054e-06,9.617762565612793,1.2784146747435443e-05
380,0.5998982825074509,-0.01566208392947664,-1.0379017772090278,52478.98599511719,1.0355198725315712e-06,5.531210899353027,1.3014609976380598e-05
381,0.6586410907399303,0.016595324089648478,1.099746141290249,61485.019661132814,9.600606943482488e-07,10.07371997833252,1.660592715779785e-05
382,0.8114186881947245,0.019555414038306067,1.2959066670698447,62990.28108691406,9.613342627974769e-07,35.908042907714844,4.007903771707788e-05
383,0.9833707058092865,0.00488122840929548,0.3234713633117576,39117.13032617188,1.1982305175217169e-06,24.44057846069336,2.6579520636005327e-05
384,0.21399142875199773,0.03809915591926494,2.524771404420019,43984.100573730466,1.114211427308154e-06,11.201958656311035,2.6813831937033683e-05
385,0.9641215814168329,0.0019060442892371032,0.1263105704289515,25893.90291015625,1.4478827207720328e-06,4.982265472412109,6.3833422245807014e-06
386,0.9241631625994492,0.0035207363110788255,0.23331368231757257,22474.08019580078,1.5624347931519801e-06,4.72379207611084,8.028740012377966e-06
387,0.9823838349015995,-0.0016175510838199302,-0.10719257744899571,21749.891264404298,1.5850043272795478e-06,5.349559783935547,7.845356776670087e-06
388,0.706890645953383,0.0058891929063141285,0.3902675921871711,23685.602856933594,1.5164014656070335e-06,3.518622875213623,7.308889962587273e-06
389,0.9601692894867079,-0.0004886011301583588,-0.032378831809429985,33251.64627294922,1.2923530978322794e-06,1.1205403804779053,1.173637087958923e-06
390,0.7797864549684015,-0.008430393300602192,-0.5586689631255528,32593.112331054686,1.2991627703219515e-06,7.730876922607422,8.698782949068118e-06
391,0.983687279848884,0.0028975444196352017,0.19201573150948956,47341.95805859375,1.0861654004902749e-06,10.953446388244629,1.0541352821746841e-05
392,0.45380393838181754,0.017952095412435417,1.1896572523229598,72235.0226430664,8.95762744998853e-07,10.742415428161621,1.2299588888708968e-05
393,0.921438470481048,0.009856286928329685,0.6531607010700862,41378.663493164066,1.1659561106304307e-06,26.550979614257812,3.1416144338436425e-05
394,0.8930298637072887,0.015104730845861471,1.0009668611006808,43960.08718310547,1.1274758873469122e-06,36.802669525146484,3.8989346649032086e-05
395,0.5764982497089945,0.014834769313378043,0.9830769330678417,39628.82329101562,1.178598093832675e-06,9.877108573913574,1.633453393878881e-05
396,0.5038048790825918,0.005382601626010223,0.35669658129784376,28010.89183276367,1.396258325962409e-06,1.9994345903396606,4.912951226287987e-06
397,0.8246323546597233,0.003350069454058599,0.2220038569450628,28311.93522729492,1.3932561898263993e-06,3.3176376819610596,4.599876774591394e-06
398,0.8589067692174542,0.005158488361818689,0.3418449462122512,36888.61334521484,1.2286810092070748e-06,6.973726749420166,8.009052180568688e-06
399,0.4875034430869056,-0.007016908320350783,-0.464999526818923,47105.91024609375,1.0892967912661937e-06,4.881300449371338,5.932974090683274e-06
400,0.9796224673703211,0.005031725009532564,0.33344453735126134,66061.41200390625,9.368984107892948e-07,19.306861877441406,1.60955278261099e-05
401,0.39635674910456825,0.03598405464656254,2.3846069550530156,63024.12278808594,9.559525483920059e-07,25.74077033996582,3.092938641202636e-05
402,0.9585050514531079,0.013259962693259252,0.8787169642960198,49405.37502441406,1.0625389704778548e-06,51.86387252807617,5.5702959798509255e-05
403,0.6047062746524898,0.012712219999746387,0.8424189136911244,47365.69732958984,1.0870739049633574e-06,4.9782633781433105,1.1091488886449952e-05
404,0.6620731259717136,0.014171842107284675,0.939145785178283,30342.509791015626,1.3482806134885861e-06,4.343544960021973,1.189864724437939e-05
405,0.7383308547347404,0.013449450213375593,0.8912740055411854,18789.878302246092,1.6883893630942875e-06,6.717718124389648,1.607325793884229e-05
406,0.9458313707327967,0.004093043983933807,0.27123961563789023,21093.177406738283,1.606845477473678e-06,7.821957588195801,1.0847413250303362e-05
407,0.5977441850998569,0.018980648159528792,1.257817832292289,21293.5489296875,1.5934345545420107e-06,9.668604850769043,1.902147960208822e-05
408,-0.22247699931063794,0.007840870647299271,0.5196022200073829,22723.611447021485,1.5616598053716478e-06,1.090293526649475,5.917252110521076e-06
409,0.5331256662980115,0.01265650593289832,0.8387268297221244,25298.57975415039,1.4664491408851185e-06,3.015413999557495,1.0832410225702915e-05
410,0.99713719169374,0.00014403344570983333,0.00954487090944682,28705.169419921876,1.3769769279904347e-06,3.7655117511749268,4.718238415080123e-06
411,0.9537170458887388,-0.004759291612297332,-0.31539080271194064,37882.180322753906,1.1991088133699238e-06,9.259204864501953,9.141958798863925e-06
412,0.8405360071275466,0.026386610112877903,1.74859933416235,63298.92940283203,9.500297410099538e-07,27.559131622314453,2.780999056994915e-05
413,0.9968259636154901,0.002329366779845353,0.15436348901330085,75031.72494824219,8.618370968650133e-07,29.02839469909668,2.0426963601494208e-05
414,0.9297078896280726,0.011417018954462631,0.7565879685374598,63519.69883105469,9.48114493548901e-07,31.069419860839844,2.65044564002892e-05
415,0.6112188120082668,0.029678167573277136,1.9667256929098198,31336.93906201172,1.347697721876318e-06,17.69635581970215,3.704744085553102e-05
416,0.9920664136502557,0.0017507232542781311,0.11601768865486886,41311.470079589846,1.1526777767506625e-06,10.165769577026367,1.0711617505876347e-05
417,0.4590118140815959,-0.02994671429019958,-1.9845218633308506,23866.074109375,1.509116180242909e-06,18.53522300720215,3.545932122506201e-05
418,0.7840973895093173,0.003703164109484136,0.245402886859559,22602.091002929687,1.550647709095301e-06,3.155822515487671,6.420674708351726e-06
419,0.7129044078641608,0.020925947801729985,1.3867297934933662,33018.156029785154,1.2983472751194473e-06,11.441977500915527,2.667427725100424e-05
420,0.21733424286980005,-0.04026696440675283,-2.668428678378177,51038.51163574219,1.0610202627571184e-06,8.866288185119629,3.196703619323671e-05
421,0.9886338709239195,-0.0031718218304825274,-0.21019166604339692,53181.48444628906,1.0335754804726443e-06,12.467606544494629,1.1175881809322163e-05
422,0.9709556388368563,0.0036552168368945634,0.24222549618427444,70278.91727441407,9.082816256395738e-07,15.41754150390625,1.230726957146544e-05
423,0.8519934746173604,-0.017509914187041106,-1.1603545949146772,44126.9807421875,1.1350281818635261e-06,35.552772521972656,2.6808518668985926e-05
424,0.9883179855621754,-0.005235135963029718,-0.34692426272427773,44338.02181738281,1.1128698310503664e-06,42.643836975097656,4.1413069993723184e-05
425,0.9607653157088968,0.010585143717026142,0.7014608991615542,34170.69328515625,1.2693397326607028e-06,34.264793395996094,3.809563713730313e-05
426,0.31605928615161466,0.08453644320131458,5.602097717816685,24555.213533203125,1.5027740313786065e-06,31.53557586669922,8.986918692244217e-05
427,0.9946128449676285,-0.0009389281220136176,-0.06222129640586297,22511.397885742186,1.556205791083419e-06,9.48322582244873,1.2572535524668638e-05
428,0.85752538896001,0.0036000353444466055,0.2385687050868272,20959.738556884764,1.597467949229889e-06,3.754403829574585,5.250163212622283e-06
429,0.6159947360750709,0.009175869379832162,0.6080704955770178,19294.667231201172,1.6804304568097503e-06,2.5047495365142822,9.508099537924863e-06
430,0.517587971385492,-0.005317885436274052,-0.3524079407412092,21366.944595947265,1.593520027359922e-06,1.407873511314392,4.7918806558300275e-06
431,0.6634743036387144,-0.0070712850164068915,-0.4686029853196894,29060.493318847657,1.3679137215485277e-06,4.127728462219238,5.5659565987298265e-06
432,0.9413675969372931,0.003923570797069152,0.26000889291745705,37619.71567236328,1.211197312691471e-06,5.752426624298096,6.77931348036509e-06
433,0.9952939735207716,-0.0017104340072363463,-0.11334778334115884,70610.43074951172,8.98065036146129e-07,19.46711540222168,1.39674393722089e-05
434,0.920915725943484,0.01156586632479989,0.7664518506939829,41915.5760625,1.1759846771547265e-06,27.119157791137695,3.216821278329007e-05
435,0.9405952699334061,-0.007937738239107837,-0.5260214836344187,41686.05998535156,1.1531717704955555e-06,21.117727279663086,1.9391738533158787e-05
436,0.6162081072589476,0.012780836735007194,0.8469660372919268,38752.1634609375,1.1900223775295483e-06,7.973039150238037,1.297780909226276e-05
437,0.997979993447281,0.0005703275321379567,0.03779471249564455,24253.173624511717,1.517813474660797e-06,15.3770170211792,1.960285044333432e-05
438,0.9978994376238126,0.000598490563056397,0.039661032454946336,18844.06371850586,1.6949643569462124e-06,8.285269737243652,1.242361031472683e-05
439,0.9523005033216349,0.003359872573839752,0.22265349434254236,25093.63633642578,1.463138623825218e-06,6.884429931640625,9.609559128875844e-06
440,0.9933283261050112,-0.0009971878514613542,-0.06608207744916461,36032.64410449219,1.239068702510184e-06,5.73828125,5.93100730839069e-06
441,0.8412396901340404,0.004708501573465663,0.31202502636919655,47457.357456542966,1.1080291123401387e-06,5.712203025817871,6.0823304011137225e-06
442,0.9570885836636527,0.007072555082607721,0.46868715061805905,51879.77655419922,1.045133568887239e-06,20.477575302124023,1.7810101780924015e-05
443,0.9569010992820609,-0.020936193754952485,-1.3874087767695837,63353.51903613281,9.582875960421159e-07,64.09403228759766,5.3111580200493336e-05
444,0.7286819261133046,-0.01576681237905494,-1.0448419675713778,47012.61644189453,1.1267392614609483e-06,17.952356338500977,1.99914302356774e-05
445,0.9122748697381993,-0.00499156295323769,-0.3307830607691848,39546.39573583984,1.1823167101852446e-06,11.71455192565918,1.2295522537897341e-05
446,0.51048938007897,-0.019782415584369,-1.3109497040723785,25925.078501953125,1.4431394794411809e-06,18.413373947143555,3.4054282878059894e-05
447,0.5707872934194463,-0.014793859724860315,-0.9803659186958955,19201.80587182617,1.6886598523749722e-06,12.639262199401855,2.3709237211733125e-05
448,0.8280231022449842,0.008049739642265854,0.5334436412419916,31680.587320556642,1.330595138003086e-06,6.830430030822754,1.3024797226535156e-05
449,0.9298700567880253,0.0026406318767512173,0.17499053958437594,38780.1057800293,1.189981261269769e-06,6.038487911224365,6.290882538451115e-06
450,0.9052414120690144,-0.004858897229599741,-0.32199151100105955,51902.79542871094,1.0237172510607338e-06,12.679502487182617,1.3414751265372615e-05
451,0.7853558159334068,0.014542122583953473,0.963683692555797,51310.339442871096,1.0518868901246114e-06,25.12009620666504,2.114138624165207e-05
452,0.9017712333541237,0.014451390035031573,0.9576709886141771,48117.055998046875,1.0827166166417786e-06,35.49720764160156,3.793349242187105e-05
453,0.9988146612647548,0.0019180127631809407,0.12710370245612765,36842.89073681641,1.2471342115042842e-06,60.104949951171875,6.653295713476837e-05
454,0.07043199793314046,0.019796195309200005,1.3118628648596633,41478.50535302734,1.1634769787668402e-06,9.452139854431152,1.4862865100440104e-05
455,0.8282575555399686,0.0075666684213699775,0.5014312678602636,22386.59002807617,1.5622019712199703e-06,6.650555610656738,1.2061030247423332e-05
456,0.7527815770302617,0.007637867555123384,0.5061495229654688,20813.110529052734,1.6153371149441704e-06,6.013129234313965,9.375600711791776e-06
457,0.9410772810755862,0.002347142897774239,0.15554148451334698,18623.519190185547,1.6986519640278811e-06,3.581568717956543,5.5234604587894864e-06
458,0.8418534281069806,0.004053955182669531,0.26864926198611283,21855.962345458986,1.5786822760516966e-06,5.0334367752075195,7.469681349903112e-06
459,0.7120948627145525,-0.0051040079008205265,-0.3382346113712574,21828.606079589845,1.5737598995785745e-06,3.3993194103240967,5.273493570712162e-06
460,0.9346567248417585,-0.0031342805101645496,-0.20770386153077583,28904.036037597656,1.3790879564778953e-06,5.3343119621276855,6.207045316841686e-06
461,0.9853366856067819,0.0011846985626143445,0.07850811865975597,40030.8459753418,1.1720863895365698e-06,5.546080589294434,5.826763754157582e-06
462,0.9440717407290156,-0.015059922483924638,-0.9979974811192251,53641.47922509765,1.0278577141449856e-06,41.618717193603516,3.8981004763627425e-05
463,0.791156317340612,0.019743492839508405,1.3083703547184506,59456.166154785155,9.915708222841887e-07,32.86857986450195,3.0753191822441295e-05
464,0.983574397416125,-0.002285518203373223,-0.1514577125116913,34770.30646289063,1.2731553481376807e-06,10.983866691589355,1.4144838132779114e-05
465,0.39749243366403997,0.02190315466497576,1.451487762141127,41547.39265625,1.1480247687947442e-06,7.9796366691589355,1.9399796656216495e-05
466,0.9974187264040746,0.0008956416538841525,0.05935276994393288,27352.397627441405,1.4201042314567108e-06,11.35289478302002,1.3847637092112564e-05
467,0.44664437216943137,0.018205308953499727,1.2064373171896419,19703.388271972657,1.6601166749948253e-06,3.9260547161102295,1.775339842424728e-05
468,0.5186419652251433,0.007996688827441742,0.529928046814311,27496.235402587892,1.4053568199393274e-06,5.355851650238037,7.102024937921669e-06
469,0.7840309291544973,-0.010677016417678573,-0.7075491591730263,43693.808581542966,1.1372808796784585e-06,5.566384315490723,1.0349123840569519e-05
470,0.5226518565869078,0.014917446365222103,0.9885558118319796,52919.30565234375,1.0365807172019835e-06,8.83489990234375,1.2275151675567031e-05
471,0.9289129522790618,-0.008168774641013747,-0.541331904215605,46979.35646533203,1.0941212210390836e-06,19.096914291381836,1.8767832443700172e-05
472,0.8606527943307076,0.04019416223435975,2.6636041924124725,47281.45074902344,1.0958178136962506e-06,63.02499008178711,6.0925820434931666e-05
473,0.6752885096393365,-0.011410864491486653,-0.7561801219131346,34617.40742236328,1.260059646004058e-06,6.844344615936279,1.4513803762383759e-05
474,0.9934485968429434,-0.0008261249663041164,-0.054746007912143964,24106.486965820313,1.4844751980168578e-06,8.42806339263916,1.0952504453598522e-05
475,0.9666899868328114,0.003021028010165965,0.20019879569463436,22827.70355517578,1.5524335162836713e-06,8.445063591003418,1.1482093213999178e-05
476,0.8746093681454651,-0.010090140496786222,-0.6686578108672641,31464.62178222656,1.3256921459384175e-06,17.27654457092285,1.716119732009247e-05
477,0.8787740445186855,-0.008062124636477251,-0.534264375415082,41328.664250488284,1.1543875608330231e-06,14.697436332702637,1.6078010958153754e-05
478,0.6291514205943541,0.01911913097710997,1.2669948717672155,54034.71245361328,1.01878265724732e-06,12.114232063293457,2.467881677148398e-05
479,0.7861441220457376,0.018086564886520794,1.198568333808796,50537.892154296875,1.062030057261089e-06,23.775615692138672,2.97953902190784e-05
480,0.8511931859356072,0.026085657000329773,1.7286556426474282,51205.7922993164,1.06343058447426e-06,44.04610061645508,4.948363857693039e-05
481,0.974450603685876,0.010534834364674919,0.6981269771591765,31028.173389648437,1.3354210023349936e-06,31.032350540161133,4.320230436860584e-05
482,0.6319914553864708,0.02183681055596691,1.4470912419234032,36123.007729003904,1.2303265129626724e-06,10.517993927001953,2.2630325474892743e-05
483,0.980816783082571,-0.0023662279404850807,-0.15680622040908643,26139.02078833008,1.4700440778172327e-06,8.580473899841309,1.0377796570537612e-05
484,0.9774836459205613,0.0027098754748675702,0.17957920440502934,21094.489018554686,1.6038766368919955e-06,5.747018337249756,8.35305945656728e-06
485,0.8785324741425103,-0.005718667522840289,-0.3789671420450512,17128.404932128906,1.7749516780272742e-06,6.281561851501465,1.1831250048999209e-05
486,0.568220025633764,0.013507495330632268,0.8951205645706403,21139.529418945312,1.5927681946826074e-06,4.691607475280762,1.3472704267769586e-05
487,0.7204556391277193,-0.005440526612164211,-0.3605351794272333,19150.535025146484,1.680420429254007e-06,4.037389278411865,7.2002344495558646e-06
488,0.8091186162574159,-0.004016264905504239,-0.2661515863364673,24380.351544677735,1.4909432180091461e-06,3.692121982574463,5.310688720783219e-06
489,0.7552403268850812,-0.006364818483774396,-0.42178655443733565,26569.173774902345,1.4181202970040523e-06,4.028947353363037,7.103649295459036e-06
490,0.7101826449650958,0.007618693180746907,0.5048788672001295,35569.210018066406,1.2350147219444078e-06,4.513791084289551,7.1225754254555795e-06
491,0.9826891923846717,-0.006720775285489962,-0.44537525430472125,61764.24861914063,9.613747157439066e-07,29.624296188354492,2.5482630007900298e-05
492,0.8287170334398055,-0.010895003982798957,-0.7219948537732259,66037.33970800781,9.362746405992697e-07,14.834335327148438,1.8911476217908785e-05
493,0.9980860213896491,-0.0037547217409657266,-0.2488195303652626,47092.969140625,1.1059788613134278e-06,45.783721923828125,3.808660039794631e-05
494,0.5382863662614854,0.0241023907962456,1.5972276968410906,29716.004668945312,1.3531166361886478e-06,20.881437301635742,3.0707131372764707e-05
495,0.997772709766839,0.0003073191999541063,0.020365562158846263,33273.224451171875,1.2683037163795704e-06,6.725724220275879,7.226450179587118e-06
496,0.6667332773104732,-0.014843345214239075,-0.983645244589151,25163.747475341796,1.457326080875652e-06,13.715736389160156,1.728860843286384e-05
497,0.7101271862564451,-0.01572189455893357,-1.0418653339674304,46152.808876953124,1.085902372344653e-06,16.654708862304688,2.218581357738003e-05
498,0.7482820548403614,-0.01578375451896179,-1.0459646966538052,49352.699674316405,1.0517407004902987e-06,24.110151290893555,2.415271956124343e-05
499,0.5756556800047378,-0.017262487982328878,-1.1439580477658273,60373.91729492188,9.62721521416883e-07,10.569539070129395,1.4900615497026592e-05
500,0.5031401178103558,0.02167294842351064,1.4362323549924285,45274.57325,1.120861364191293e-06,21.047382354736328,2.310197669430636e-05
501,0.9698321773248002,0.022242499769166486,1.473975630825311,56681.7420390625,9.99649826406939e-07,97.28766632080078,9.625812526792288e-05
502,0.9669213330424133,-0.00480740601654274,-0.3185792689403509,45260.0240600586,1.118235620386797e-06,14.275704383850098,1.4670198652311228e-05
503,0.9887115161321561,0.0029369975276071826,0.1946302271963293,28741.760848632814,1.3739693762649515e-06,17.620914459228516,2.1060146536910906e-05
504,0.9320426248623157,0.005956481468118106,0.3947266998127374,23954.440240234377,1.5150338709668844e-06,15.475927352905273,1.8632183127920143e-05
505,0.5887571548718854,0.021858759176459984,1.4485457426347788,23906.253923339842,1.507560198943676e-06,15.098578453063965,2.8110287530580536e-05
506,0.9591546455181129,-0.003975021325547862,-0.2634184388748692,36734.6737421875,1.2140544304476298e-06,11.693543434143066,1.2674189747485798e-05
507,0.9726131364189947,-0.003526709260691864,-0.2337095003355622,52484.956525390626,1.035802823213651e-06,12.536945343017578,1.1713038475136273e-05
508,0.789147662123083,-0.01509872715702256,-1.0005690060423262,61725.72065332031,9.640663412102802e-07,20.332355499267578,2.3989801775314845e-05
509,0.8047326865251229,0.03202678017649243,2.1223645725013767,61419.2163046875,9.629263961663697e-07,38.51626205444336,3.9687151001999155e-05
510,0.8265188607519941,0.03767101044015583,2.4963988739398943,37199.274115722656,1.2193173331320984e-06,48.0222282409668,6.473454413935542e-05
511,0.8916354514530923,0.011426093971038241,0.7571893556756234,34340.00037597656,1.2720568061223623e-06,12.799142837524414,2.4691496946616098e-05
512,0.9941198985090357,0.0017015666954905417,0.11276016047682748,27910.74268334961,1.4004163962682593e-06,10.29547119140625,1.196104767586803e-05
513,0.7685940319384206,0.02188118893901175,1.4500321278769774,23379.424923828126,1.5415256516718637e-06,10.791400909423828,2.707794919842854e-05
514,0.9636230371799381,0.002732092433069715,0.18105148743620292,24664.08234472656,1.4931309687830875e-06,6.598782539367676,8.530095328751486e-06
515,0.9461573410534612,-0.0038195119794019877,-0.2531130780133015,24673.902681396485,1.4982934440853687e-06,7.064854621887207,9.236707228410523e-06
516,0.9843830586958247,0.0013852556997141798,0.09179872608882943,25599.959399902345,1.454113313528408e-06,4.459023475646973,5.539752692129696e-06
517,0.9842016813595588,0.0012732397452292848,0.08437560418760978,31487.83376269531,1.3152265789402089e-06,3.4221279621124268,3.95662118535256e-06
518,0.9796521666897378,-0.003979714310799037,-0.2637294356588568,43299.62479443359,1.135783043757507e-06,15.433902740478516,1.466380217607366e-05
519,0.8459293079078286,0.009118787496196538,0.6042877685313306,65158.5636538086,9.438538087092447e-07,12.998746871948242,1.2228751984366681e-05
520,0.9646200886526697,0.0029217000950180786,0.19361649029244998,56649.74654296875,9.995238887715866e-07,12.136853218078613,1.0722159458964597e-05
521,0.89572697858436,-0.021896938051175353,-1.4510757968789871,48115.59146972656,1.0774858779749931e-06,55.10078811645508,5.1780698413494974e-05
522,-0.13857574220912774,0.03453170123603499,2.2883617687349194,52080.930709960936,1.046985237561436e-06,7.836668491363525,2.4089358703349717e-05
523,0.8764322093656224,0.009473957690927768,0.6278243411855889,32495.453634765625,1.309590737884281e-06,9.371463775634766,1.4993805052654352e-05
524,0.9677387561091151,0.0033124634085346808,0.2195117631943953,23449.53212158203,1.526481033454318e-06,6.989518642425537,9.922777280735318e-06
525,0.9066505246408907,-0.005028081991269035,-0.3332031202354326,26945.828474609374,1.4273920979645432e-06,6.294891834259033,8.133693881973159e-06
526,0.6870345921586382,0.016420834577549205,1.088182994551434,27456.873653808594,1.4274881452544775e-06,4.99599552154541,1.7600428691366687e-05
527,0.9213968804198304,-0.0015690063385172888,-0.10397559319258104,35370.42943115234,1.250359320163708e-06,1.8682690858840942,2.129770791725605e-06
528,0.9882460259362118,-0.0010916282807565216,-0.0723404968170599,48731.2223671875,1.0720135206168496e-06,4.551083564758301,4.17344153902377e-06
529,0.6624036604843768,0.023759572651112847,1.5745096751720116,59922.948830566405,9.723431803682996e-07,18.30927848815918,2.3477443392039277e-05
530,0.9068313433000896,-0.02627612307223389,-1.7412775309872843,53214.57850146484,1.0270576271357063e-06,47.41169738769531,4.5774522732244805e-05
531,0.9605844956007024,0.01133275182427073,0.7510037177710676,42816.752324707035,1.1503633766095674e-06,36.824012756347656,3.5137549275532365e-05
532,0.8432853235930747,0.002879604338220387,0.1908268704059766,42005.723130371094,1.1466083142744927e-06,2.9861602783203125,4.421318863023771e-06
533,0.683477468142738,-0.009017643390333886,-0.5975851070143985,34057.92461181641,1.2651954666646662e-06,3.810671091079712,8.936547601479106e-06
534,0.9469625847597585,-0.002689783241131867,-0.17824772353720317,26513.784943847655,1.4356813999395614e-06,6.230251312255859,7.999622539500706e-06
535,0.9989767628162086,0.0002074662971594985,0.013748466647376424,39254.62779760742,1.182888644861491e-06,6.89390230178833,6.74385046295356e-06
536,0.9453888269300434,0.0055513947437299295,0.36788223690094135,53218.81558886719,1.0176604051419278e-06,15.739401817321777,1.7837137420428917e-05
537,0.9193269839304294,0.011074212142336165,0.7338706978889613,64410.38839306641,9.422388633549881e-07,31.608625411987305,2.6180683562415652e-05
538,0.8349662686618842,0.016157637979038093,1.070741368099929,53777.81128173828,1.0283544334057984e-06,36.37848663330078,3.6731420550495386e-05
539,0.939785918302521,-0.012916097816344924,-0.8559295773508222,38010.311258789065,1.2224729167159946e-06,36.457237243652344,5.157434497959912e-05
540,0.5359091555626939,0.036306244635372624,2.4059579811036147,47652.58397363281,1.081051005883657e-06,20.4813175201416,4.175494905211963e-05
541,0.9355447992768238,0.004723725508176594,0.3130338926837775,35992.7828671875,1.2355700139327834e-06,12.640085220336914,1.3974284229334444e-05
542,0.4975220404165647,-0.02168285129259526,-1.4368886026200545,23633.357153076173,1.510746102686973e-06,8.277624130249023,2.3551749109174125e-05
543,0.7763937389124475,-0.008560503528657698,-0.5672911642030053,28170.855197998048,1.3912761362431507e-06,5.860952377319336,9.947470061888453e-06
544,0.991374878483559,0.0011579694639064235,0.07673682314269296,31331.944127441406,1.3302720479161658e-06,4.810901641845703,5.773158136435086e-06
545,0.29939615598211233,-0.016764085315554532,-1.1109296834727942,28714.034910888673,1.365351064750265e-06,3.949495792388916,9.980130016629118e-06
546,0.838298489635039,-0.006939732716082204,-0.45988522037105706,35836.639654052735,1.253091923235922e-06,6.933623790740967,8.567540135118179e-06
547,0.9124282693516604,-0.041581046745736816,-2.7555108572996923,53601.47138085937,1.0176983338903868e-06,72.90301513671875,7.160518725868315e-05
548,0.9971635800698513,0.002085851047271835,0.13822608272978984,57389.261330566405,1.0046740981605398e-06,28.24640464782715,2.336387478862889e-05
549,0.909507024356433,-0.01246270088929425,-0.8258836729561104,61770.06556640625,9.598729301368765e-07,28.800138473510742,2.6213194360025227e-05
550,0.35143837479206047,-0.11416732795698775,-7.565690052442665,37000.02910791016,1.2284140122863443e-06,81.3876724243164,0.00018258672207593918
551,0.630874574283746,-0.08229756708383368,-5.453730903301606,51634.357379882815,1.0249367889198803e-06,63.01306915283203,0.00015072169480845332
552,0.6006869865281412,-0.025082694333604584,-1.6621908772333431,37279.46318359375,1.2017246844836916e-06,28.219263076782227,5.07432923768647e-05
553,0.6274362778215397,-0.022221532902007554,-1.4725861893700902,48217.86521972656,1.0659645252596582e-06,46.59153747558594,5.9413832786958665e-05
554,0.9227447561158908,0.014418550990036826,0.9554947965240718,48361.92042675781,1.0543670048382363e-06,77.66848754882812,8.819114009384066e-05
555,0.9420626486769547,0.009536483594643548,0.6319678349173569,52021.58095019531,1.028846614427636e-06,35.4386100769043,3.80701785616111e-05
556,0.6840977299017831,-0.04098872661078067,-2.7162587294528584,47868.117842773434,1.0884344494664557e-06,88.69792175292969,0.00010152400500373915
557,0.7313416601223001,0.04919264088458918,3.2599192821096525,42851.50141210938,1.1609151439603521e-06,84.57456970214844,0.00010832018597284332
558,0.5969203399550926,-0.04070895407001818,-2.6977186412641356,50872.4737421875,1.0673763140893105e-06,38.304039001464844,5.9055575547972694e-05
559,0.5243793050060293,0.026331486107878433,1.7449463526680962,56543.38758886719,9.932364230458545e-07,14.96685791015625,2.7974812837783247e-05
560,0.6843796882478765,-0.023342897435030367,-1.5468972610617129,33834.39106689453,1.2774335164959146e-06,27.346891403198242,3.0791583412792534e-05
561,0.8988285788318833,0.013626089180197443,0.9029795932786973,28637.087106445313,1.3727588236791684e-06,21.685298919677734,3.193116208421998e-05
562,0.0372552902998504,-0.029315522413407295,-1.9426937660206536,32647.20101660156,1.2903413356558829e-06,14.371079444885254,4.042164800921455e-05
563,0.8057574671047596,-0.013899957636158242,-0.9211284270126449,57616.21652197266,9.943298801322343e-07,14.073368072509766,1.9048089598072693e-05
564,0.6805475941705799,-0.030772398362146073,-2.0392386538642984,45716.99484716797,1.1199091430523808e-06,38.068565368652344,4.234636799083091e-05
565,0.9715101325824986,-0.008039507682828483,-0.5327655853120018,35384.94075146484,1.2693633423707708e-06,39.90070343017578,4.718903437606059e-05
566,0.5597625432612915,0.019589265884959944,1.298149975939984,52799.64039892578,1.0512810142230784e-06,15.21052074432373,2.3945816792547703e-05
567,0.9955712149205374,-0.005713023083259658,-0.37859309387250506,52668.72028027344,1.0519008748217243e-06,86.2786865234375,6.769425817765296e-05
568,0.5685997956889159,-0.017300752496126913,-1.1464937771779442,32104.631603515623,1.3073345790544743e-06,9.56901741027832,2.2730400814907625e-05
569,0.9152172009385634,-0.016417566256273084,-1.0879664080182339,22861.137474121093,1.5570166844394278e-06,33.058982849121094,4.417085801833309e-05
570,0.9965400229775572,-0.0019580694714562046,-0.12975819778990597,19792.595818359376,1.6455052620910471e-06,28.643617630004883,4.0725350118009374e-05
571,0.6505760927059053,0.031210109487097307,2.068245084715817,44284.42669921875,1.1117625123683643e-06,13.033275604248047,3.036444104509428e-05
572,0.7551930662476786,-0.018147652725160092,-1.2026165292197695,63644.24215234375,9.55260305673295e-07,15.958460807800293,2.3781834897818044e-05
573,0.8716123781345437,0.015896253493645707,1.053419827547267,50862.45112304688,1.059627624628309e-06,29.303544998168945,2.7787897124653682e-05
574,0.9924077629754404,0.0037822395840628725,0.25064309473792784,46023.311489257816,1.1296701111432363e-06,44.915889739990234,4.4706390326609835e-05
575,0.9905619204670217,-0.0025794776080762046,-0.17093794195895667,47009.35566015625,1.1023265122673594e-06,19.155380249023438,1.7697771909297444e-05
576,0.91156703004834,0.01337100518040087,0.8860755760407245,27410.686353515626,1.412977735040425e-06,14.745163917541504,3.0219422114896588e-05
577,0.8889410766714338,0.013904783622179749,0.9214482375494204,19715.86056665039,1.665649915162501e-06,11.713821411132812,3.112731428700499e-05
578,0.45671392445581,0.017541673569676654,1.1624592394708502,22662.736779541017,1.5785496023920064e-06,5.053480625152588,1.8625432858243585e-05
579,0.4009197939133952,-0.009618267765317122,-0.637387543844463,19658.602945556642,1.6705251380581247e-06,5.059452056884766,9.352726920042187e-06
580,0.8544878887280276,-0.003870014604414361,-0.2564598078922937,22500.04211010742,1.5697508408102886e-06,4.401715278625488,7.119382189557655e-06
581,0.9643004334718882,-0.001985518745256388,-0.13157721818263218,28284.71960473633,1.3904626898805057e-06,3.9865458011627197,5.010097993363161e-06
582,0.9967644269533988,0.0008016566687950113,0.053124532150404254,31075.707372070312,1.3357316928954758e-06,8.8187894821167,9.706523087515961e-06
583,0.7759689621448606,-0.018431756073178956,-1.2214436132238882,49975.04036767578,1.046804673088468e-06,21.494033813476562,2.1915122488280758e-05
584,0.7818514436332269,0.014213953557844036,0.9419364450657677,61211.020763183595,9.633343500614684e-07,17.59926414489746,2.1080168153275736e-05
585,0.9143369925108545,-0.014988238858158757,-0.9932471194870054,52645.68604101562,1.0562831399441371e-06,31.902132034301758,3.116477091680281e-05
586,0.7665783153450649,0.04279776691694383,2.8361409978191885,43660.27941699219,1.1366941956679226e-06,33.30800247192383,6.920489249750972e-05
587,0.9437471585939746,-0.004250271550437544,-0.28165884027206256,28525.881759765623,1.3708821607401304e-06,9.584664344787598,1.2817651622754056e-05
588,0.7197798593245297,-0.012423257199767768,-0.8232698014149059,19081.911397216798,1.678107574169779e-06,7.7482147216796875,1.6591682651778683e-05
589,0.9191843448339609,0.005231586033362442,0.34668901444395805,17368.852056884767,1.762969745271162e-06,8.885896682739258,1.5339879610110074e-05
590,0.9962014117851936,0.0007532260524945195,0.04991511104425082,19746.660859130858,1.6612054644529104e-06,4.820732116699219,6.7100277192366775e-06
591,0.9915629807869341,-0.0013598133830469764,-0.09011270360267054,25493.00280859375,1.4567177005480617e-06,6.055501461029053,7.450465545844054e-06
592,0.7008217906910746,-0.009210454832352472,-0.6103624193591941,27780.05449975586,1.4152679146890936e-06,5.470350742340088,7.979772817634512e-06
593,0.7789508734526407,-0.01200424869816531,-0.7955027641268217,31340.647876953124,1.331193839729946e-06,10.936251640319824,1.1359198651916813e-05
594,0.922631711241528,-0.010536634074553469,-0.6982462411147151,56433.44813769531,9.934263148065863e-07,29.137344360351562,2.7760595912695862e-05
595,0.9538039044485935,0.007504337670285161,0.497300706587766,71338.45569140626,8.94899854953346e-07,19.043142318725586,1.5193812942015938e-05
596,0.9123546198157856,0.016130687707001705,1.068955415772717,60612.84580615234,9.94662914763535e-07,45.044166564941406,3.6485933378571644e-05
597,0.9928186424079857,-0.012234367509709234,-0.8107523774315466,37084.07483251953,1.2310214009825962e-06,95.51856994628906,9.33149058255367e-05
598,0.7310118793368201,0.01649275906791867,1.0929493179037708,29309.251693847655,1.3627813403408058e-06,7.096419811248779,2.1242211005301215e-05
599,0.963103591473527,0.003190892622641427,0.21145545757737375,20727.160420654298,1.6300217863722453e-06,7.40521240234375,1.214552412420744e-05
600,0.5902516221034635,0.026748798553320605,1.772600994970243,20188.090834228515,1.6358989499899289e-06,11.620166778564453,2.6558784156804904e-05
601,0.881028356588699,0.00540316862758838,0.35805952428716425,21273.30797265625,1.6060597879703562e-06,5.677432537078857,9.318946467828937e-06
602,0.9272849071096068,0.004150133115195026,0.27502282297237657,21641.888295898436,1.5814243340741348e-06,5.548401355743408,8.061676453507971e-06
603,0.6103487023060155,0.005769445054621882,0.38233208956517123,22495.296518310548,1.5650467053677287e-06,2.051459312438965,5.315427188179456e-06
604,0.3459970731300784,-0.011687359060333927,-0.7745029840359159,24193.976342773436,1.5107796730614627e-06,3.7475616931915283,9.126226359512657e-06
605,0.5450001746386933,0.01680676700547623,1.1137581322299002,27938.725493408205,1.4025368295536222e-06,5.935301303863525,1.4833213754172903e-05
606,0.8887587549353023,0.007457011600964936,0.4941644820804171,31655.299598876954,1.3328351791934835e-06,7.036247730255127,1.1944368452532217e-05
607,0.921843163560074,0.0058627716559796405,0.3885166972997648,47614.068787109376,1.074019034399623e-06,9.642274856567383,1.0999317964888178e-05
608,0.9747339114075609,0.006056901665564867,0.4013813890524954,64200.1631953125,9.52238199738332e-07,35.70690155029297,2.8970325729460455e-05
609,0.6861002783851385,-0.024598550941946712,-1.6301074527740984,54195.57843359375,1.0458565012544913e-06,26.716106414794922,3.380597991053946e-05
610,0.9650179037545752,-0.004872815990213795,-0.32291388547197425,50698.5243359375,1.044778492265196e-06,18.16689109802246,1.6768935893196613e-05
611,0.7484837128496121,0.009521465248555594,0.6309725926388953,28692.98305126953,1.3794204948558792e-06,11.507977485656738,1.584994788572658e-05
612,0.5631675236688184,0.01769968221110871,1.1729302247174602,23747.906768310546,1.5229936324927356e-06,10.2140474319458,2.1251531507004984e-05
613,0.9021981298600001,-0.005052327516465434,-0.33480983322484187,18782.523105957032,1.692005283342958e-06,6.085371971130371,1.1095815352746285e-05
614,0.9828256523129164,-0.001635055890512838,-0.10835259357827182,26381.41081298828,1.4415942399414041e-06,6.688580513000488,8.060771506279707e-06
615,0.9842296772497648,0.0013898915758462054,0.09210593834091642,31414.796052246093,1.3287722022576952e-06,5.679013252258301,6.661842689936748e-06
616,0.8189221911384705,-0.01113368384490175,-0.7378117944929896,31334.990854980468,1.3086315900103212e-06,7.821604251861572,1.272705958399456e-05
617,0.7287461535227213,-0.011515309523930442,-0.7631015306657747,57248.80086035156,1.0056320567086303e-06,8.786757469177246,1.017714475892717e-05
618,0.8590315765567252,0.011210063894203901,0.7428733807589665,70318.6208125,9.066725295065348e-07,24.78333854675293,2.5328265110147186e-05
619,0.7022549904073011,0.022885602311698106,1.5165930293034917,59473.013599609374,1.0022126035868236e-06,17.582868576049805,2.690979090402834e-05
620,0.9041545617597018,0.033851082672575174,2.2432582422950627,41915.66043310547,1.150661279461427e-06,47.33359909057617,7.319705764530227e-05
621,0.5984518809485024,0.020576116391549142,1.363547013731416,34808.33257958984,1.260495463795121e-06,7.812893867492676,2.5130790163530037e-05
622,0.9794653233339745,-0.001718533823041459,-0.11388454545129989,23992.383221679687,1.5150925269565487e-06,5.794161796569824,7.760857442917768e-06
623,0.8432221442406695,0.005269782749820454,0.3492202510325136,20899.27414819336,1.6002673344678193e-06,3.3589534759521484,7.102021299942862e-06
624,0.9909086309206749,-0.0011397974128271372,-0.07553258977274992,24780.468983154296,1.500760553202599e-06,5.049435138702393,6.270968242461095e-06
625,0.9958099330723096,0.0010509987122102075,0.06964803893014417,24265.696247802734,1.510696130271774e-06,7.128466606140137,9.02115698409034e-06
626,0.1695375492726212,-0.012392292583629328,-0.8212178247899946,25796.305119140627,1.4666420352986322e-06,2.6411924362182617,8.362368134839926e-06
627,0.9480767211984211,-0.0019957799724902967,-0.13225721364366883,31345.584516601564,1.332130322263539e-06,3.8101613521575928,3.661988330350141e-06
628,0.9360342443243791,0.007903398852248696,0.5237458662383009,52304.448334960936,1.0352025035171805e-06,12.450294494628906,1.2547767255455256e-05
629,0.7685159043631729,-0.02171230895096213,-1.4388407155131444,55871.42222509765,1.009752396438897e-06,30.185035705566406,2.8504357032943517e-05
630,0.6121803163505437,0.027126015709131004,1.7975985852125287,51094.16111962891,1.059231566542761e-06,20.60995864868164,2.686241532501299e-05
631,0.7870011469722783,-0.024246981419821095,-1.6068094910552266,34309.610481445314,1.2928900784398654e-06,38.537078857421875,4.403585990075953e-05
632,0.9994360501291236,0.0004525846562811817,0.029992076482728464,35414.599905761715,1.2445910540881635e-06,11.361150741577148,1.2341689398454037e-05
633,0.8895521369406695,-0.003558527974031621,-0.2358180766445988,24454.67861279297,1.4857832315304966e-06,4.937051296234131,5.9355311350373086e-06
634,0.9478218246878481,0.0023582065465115694,0.15627465519092715,29902.40301635742,1.3610719309345535e-06,3.3463354110717773,5.1309948503330816e-06
635,0.6826206004176284,-0.00909852336731323,-0.6029448964412382,41169.76872265625,1.1611305178015062e-06,9.455450057983398,1.0557610949035734e-05
636,0.6466453270926167,-0.013601692407802497,-0.9013628573742739,55019.894408691405,1.0165967953005009e-06,11.965063095092773,1.903772499645129e-05
637,0.9872244040357646,-0.00265816372773759,-0.17615234789663214,58209.4588071289,9.859311760503677e-07,27.96030616760254,2.200156268372666e-05
638,0.8536456491316434,0.018443091808418105,1.2221948146478911,45534.58140820313,1.1149211115869802e-06,35.73036575317383,3.491724783089012e-05
639,0.9923252694552377,0.004544438066868708,0.30115279468924444,48760.09441992187,1.0812467446665394e-06,67.3705825805664,5.863326441613026e-05
640,0.6204729042973807,0.013376815343681946,0.8864606064633972,36673.64073144531,1.2435364072655796e-06,12.443784713745117,1.7555852537043393e-05
641,0.15005554311034916,0.017035979633198344,1.1289476941517205,39575.877122558595,1.184278316010027e-06,7.655421733856201,1.866421735030599e-05
642,0.9919333557457882,0.0007286922026907967,0.0482892912345932,22110.519143066405,1.5726714558096863e-06,5.916720390319824,8.508996870659757e-06
643,0.9399161781609406,0.0030097576463797445,0.19945192633445327,18184.476681640626,1.737843368859171e-06,5.938945293426514,1.0271983228449244e-05
644,0.9608284588284385,0.0038046817747344054,0.2521303035721629,22858.72378930664,1.5435817749518983e-06,7.890087604522705,1.3245519767224323e-05
645,0.9543968211311773,-0.005761904970883261,-0.3818324200226086,31591.18300341797,1.3135175477529062e-06,11.407875061035156,1.2839341252401937e-05
646,0.9955553428959975,0.0011775146634164532,0.07803205290896859,54900.769294433594,1.0283187585971614e-06,10.363512992858887,8.97245899977861e-06
647,0.9758631682719898,-0.006732220755952115,-0.44613372771012194,47223.62611083985,1.106032338469517e-06,32.92620086669922,3.099114474025555e-05
648,0.9347195984071275,0.019886928455884224,1.3178756084140557,32850.77186230469,1.332408328423844e-06,27.94275665283203,6.335211219266057e-05
649,0.7933412056012461,0.013110538065760862,0.8688148282113386,41501.92567089844,1.1512262368845724e-06,9.898531913757324,1.7667674910626374e-05
650,0.9684824966623052,0.004464878705590589,0.2958805203970114,25084.428055664062,1.4624368592603887e-06,14.873355865478516,2.1022857254138216e-05
651,0.9612936520552057,0.0039582868767477795,0.2623094731568698,24996.47567919922,1.478398292917952e-06,9.475783348083496,1.2206659448565915e-05
652,0.6249374690942934,0.012403560160953783,0.8219645094957178,19573.45375097656,1.6495236501781205e-06,8.158714294433594,1.5057218661240768e-05
653,0.9245405734018162,-0.0035354454471605654,-0.23428843373310515,32149.694514648436,1.3155923396707012e-06,6.914891242980957,7.92414357420057e-06
654,0.8018455701184483,0.008930058799969207,0.5917810133570697,51820.7390234375,1.0638329712844417e-06,10.030052185058594,1.1797529623436276e-05
655,0.6022447558192885,-0.02571587964519945,-1.7041510763464458,52948.42836132812,1.0465002161035828e-06,15.244782447814941,2.727385981415864e-05
656,0.9288494776581109,-0.01229538496752567,-0.8147959088155962,47607.539224609376,1.0943914417032326e-06,32.28553771972656,3.553343776729889e-05
657,0.6082284651839713,-0.07512302979670453,-4.978285551680853,38883.50539306641,1.1960875349458048e-06,48.56938171386719,8.101262210402638e-05
658,0.9430273795471285,0.0029909751851613132,0.19820724204041237,40007.32621923828,1.164539784504259e-06,11.220624923706055,1.2072331628587563e-05
659,0.49264919868490353,-0.037450904819836595,-2.4818128191382667,30406.39433569336,1.3358733081462751e-06,26.368833541870117,3.6840036045759916e-05
660,0.6622165090215223,-0.022067853558780635,-1.4624020999364138,26095.029756347656,1.446727876097952e-06,17.38420295715332,2.4382045012316667e-05
661,0.9995154717210105,-0.0003870496360141988,-0.02564917330899964,34137.05593945312,1.2777162363503804e-06,17.079906463623047,1.8702530724112876e-05
662,0.9395131470361072,0.005414924870740679,0.35883859211211117,37648.44551025391,1.2209978301330325e-06,9.855196952819824,1.1939546311623417e-05
663,0.27726316917704563,-0.014758302405046695,-0.9780095907900102,51314.87586669922,1.0393873797955774e-06,7.428481578826904,1.1671943866531365e-05
664,0.8817682220478766,0.004207289003464821,0.2788104541892885,50900.14764501953,1.060617117072077e-06,11.29829216003418,9.111813596973661e-06
665,0.8895203656861417,0.006153253369263063,0.4077664655822709,55436.756416015625,1.0047415737578237e-06,12.86514949798584,1.165422781923553e-05
666,0.8541880425313244,-0.05014433520284069,-3.3229865743499887,45810.67598095703,1.1125023386987674e-06,85.20587921142578,8.97779391380027e-05
667,0.773116438314825,0.01697190026717633,1.1247012549054398,32539.55396533203,1.3063836521979286e-06,6.6534810066223145,2.0861214579781517e-05
668,0.9181630563952863,0.008335178768231493,0.5523592451589875,34359.75602929688,1.2555497243904772e-06,14.906258583068848,1.7564185327501036e-05
669,0.49809057720192,-0.018279124514929485,-1.2113289588599714,24856.246775390624,1.47812956397513e-06,13.51610279083252,2.441068136249669e-05
670,0.8031879956863545,-0.010117686474896633,-0.6704832397032028,30659.054375976564,1.352628041473943e-06,8.613646507263184,1.4710649338667281e-05
671,0.7973031235857223,0.019490487833083228,1.2916041091157653,34737.12904589844,1.2381278421468472e-06,18.40219497680664,2.9004599127802067e-05
672,0.8061799963762539,0.014130397036756406,0.9363992852519935,32197.18158544922,1.2961694442102345e-06,7.377910137176514,1.7237292922800407e-05
673,0.9298505300693588,0.00588665179409884,0.390099196659717,39325.188069335934,1.180682287547814e-06,15.008069038391113,1.6319454516633414e-05
674,0.542345117676184,0.01930578337211083,1.2793640337104175,49297.686767578125,1.0607391368671775e-06,12.311412811279297,3.028361425094772e-05
675,0.9418731570917294,-0.008575152914973266,-0.5682619560950941,40994.596482421875,1.1708524047239428e-06,33.94974899291992,3.0434852305916138e-05
676,0.906720692607696,0.04469164019140115,2.9616450141569186,31582.312936523438,1.3249660405752881e-06,36.79077911376953,9.269771544495597e-05
677,0.9904542257573321,-0.001800539270417703,-0.1193189180390012,37033.735299804684,1.2164602879565354e-06,13.071676254272461,1.3935493370809127e-05
678,0.8963644720154467,0.009143452102630345,0.605922253378116,22262.384743896484,1.5621388571308707e-06,14.709163665771484,2.4205879526562057e-05
679,0.919325313280969,0.004776064075779853,0.3165022876034192,22467.886244140624,1.5686303147431132e-06,7.82899808883667,1.0393309821665753e-05
680,0.9939121456255342,-0.0007370884156475253,-0.04884569511985225,23770.800436157228,1.5212951739164464e-06,5.256042003631592,7.118839221220696e-06
681,0.804995503414013,-0.005953659142311482,-0.3945396687009295,27053.47752050781,1.4268913819335737e-06,5.446648120880127,8.263066774816252e-06
682,0.9843928702312177,-0.0015211955895672485,-0.10080724972510995,30704.196595214842,1.3568974711633644e-06,4.363953590393066,5.284599865262862e-06
683,0.020843178053437342,-0.007966739026997113,-0.5279433204363586,39996.05465844727,1.1983221618793935e-06,2.657982349395752,4.108744633413153e-06
684,0.9756459195244704,0.003609996116010728,0.23922878982110182,65747.11875244141,9.383633076531403e-07,15.954606056213379,1.2382318345771637e-05
685,0.6914743951300604,-0.03696530352237037,-2.449632781543995,65185.156438476566,9.287407933753042e-07,24.128833770751953,4.2935364035656676e-05
686,0.9066303787509874,0.011062355530559032,0.7330849787924109,59447.09984667969,9.877160032890176e-07,34.76449966430664,2.827236312441528e-05
687,0.9753493334697472,0.004495952278508515,0.2979397174170869,33333.18649609375,1.2711625399954902e-06,18.48211669921875,1.8506634660298005e-05
688,0.9721007417714758,0.0023135355342445017,0.15331437715701515,30770.952450683595,1.3195897130662402e-06,7.501993179321289,9.279456207877956e-06
689,0.8587318579102021,0.003883754835709507,0.2573703515047983,27107.911635742188,1.4278524899966567e-06,4.385018348693848,7.071196250763023e-06
690,0.8076228736887222,0.011925916822757095,0.790311833401103,20776.166830078124,1.6235467502583562e-06,5.3202667236328125,1.585176505614072e-05
691,0.8077621748048394,-0.008371225636433261,-0.5547480146699861,30823.503337890626,1.3362242142384114e-06,8.936201095581055,1.2803697245544754e-05
692,0.9760965232326501,0.0038882025203655487,0.2576650926024553,34892.76481640625,1.2590749744461212e-06,11.324480056762695,1.22647734315251e-05
693,0.765134091731621,-0.021250554627176853,-1.4082409795234325,51043.9066538086,1.0561156288486117e-06,13.202163696289062,1.599045208422467e-05
694,0.8746439946634224,0.005919482588152322,0.3922748419728647,66507.50516699218,9.253226582564855e-07,9.712115287780762,7.763499525026418e-06
695,0.8661769959385627,-0.012164304838584035,-0.8061094339251594,72705.29954296874,8.866117992152817e-07,15.218429565429688,1.5307525245589204e-05
696,0.9895068003060031,0.005122835853232097,0.3394823102954342,61868.24922021484,9.575832146807204e-07,67.75487518310547,5.0738621212076396e-05
697,0.3616629793167897,0.04884019794206716,3.2365634401887746,39674.26484667969,1.1856872479964315e-06,29.82704734802246,6.668816058663651e-05
698,0.9515840802301017,-0.00225572603376602,-0.14948343208250567,35905.074127929685,1.2222987991392123e-06,6.116837024688721,6.66097685098066e-06
699,0.7774423546459263,-0.005086116396656246,-0.33704896940607154,28287.525779541014,1.4020466105921518e-06,5.481717109680176,7.80491882323986e-06
700,0.9530050289179806,0.0067833846930630505,0.44952428170635667,31341.19523779297,1.3247430484674911e-06,14.484574317932129,2.2155671103973873e-05
701,0.6300548268574889,-0.0264555465161008,-1.7531676416584414,43575.14123535156,1.1330211345316563e-06,18.610198974609375,3.2422780350316316e-05
702,0.8221078131893405,0.006784479069006315,0.4495968042864656,51552.77825634766,1.0421485151424886e-06,8.50622844696045,8.704101674084086e-06
703,0.9893922052326435,0.0037393006808423704,0.2477976008582731,57613.204337890624,9.728294869593187e-07,27.470748901367188,2.1667561668436974e-05
704,0.40923990209740246,-0.03529259001863922,-2.3387846769046963,53012.564543945315,1.0443290689942588e-06,20.18399429321289,3.738542363862507e-05
705,0.9816698640709599,-0.03078669221566006,-2.040185885154344,50247.46754150391,1.056751763690776e-06,199.29469299316406,0.000162567914230749
706,0.14088034028140722,0.07794348090972862,5.165192430479368,31461.718169433592,1.306259044578261e-06,24.409873962402344,9.50786197790876e-05
707,0.9497816918800907,0.009135628778159951,0.605403813915777,25430.689286376954,1.47875858102877e-06,19.85369110107422,3.0926443287171423e-05
708,0.6991883300701972,-0.0338233758519182,-2.2414221546754214,21819.424538330077,1.5709481563736898e-06,11.621162414550781,3.847088373731822e-05
709,0.5041077973103634,0.01764519730446681,1.1693195952706168,39115.19616357422,1.1977113568497738e-06,7.151835918426514,1.9592085664044134e-05
710,0.5885791663478053,0.023023902363162374,1.5257579571540385,52565.73868408203,1.0378323949032846e-06,11.128973007202148,2.1597581508103758e-05
711,0.6365719922369265,-0.010979676082136357,-0.727605941210761,44611.94823095703,1.1283812620318229e-06,12.146270751953125,1.2625549970834982e-05
712,0.8898007938438349,0.023223224164590533,1.538966700822526,43195.050759765625,1.1430553106703686e-06,29.26970100402832,5.265981235424988e-05
713,0.9891792989492408,0.00412509786108979,0.27336377588479205,36316.76337304687,1.2532510919814004e-06,39.568519592285156,4.142707257415168e-05
714,0.9959367006812875,0.0007680919342522854,0.05090024975029017,44717.802061523435,1.1243409229642858e-06,17.23594856262207,1.5247591363731772e-05
715,0.8586646174148318,-0.008519151529530068,-0.5645508319726987,27905.347794921876,1.3902456909227865e-06,9.27742862701416,1.4056897271075286e-05
716,0.9283639350722229,-0.0026553743423484936,-0.1759674996947134,22403.45680126953,1.5622431790951134e-06,4.503260612487793,6.715857580275042e-06
717,0.998225648098668,-7.10403435368745e-06,-0.00047077323262004645,31539.195484130858,1.323040942383856e-06,3.618025302886963,4.000172339146957e-06
718,0.5651401946646195,-0.008005236395826901,-0.5304944807868092,33204.65884423828,1.3043303228522907e-06,4.2185869216918945,8.204738151107449e-06
719,0.9961900357274893,0.0003217313782928617,0.021320634649748663,38398.90460253906,1.2069483919490425e-06,6.253808498382568,6.648187536484329e-06
720,0.7575885489655932,-0.030217592558265335,-2.002472541995241,51518.16067138672,1.0491279895862432e-06,25.354768753051758,3.5412620491115376e-05
721,0.6841157419918641,0.028539798178924755,1.8912877356852993,66528.7241430664,9.378842611336184e-07,25.208328247070312,2.843573565769475e-05
722,0.9942605928645699,-0.0011586418365706398,-0.07678138022630196,50628.02580566406,1.070712955710221e-06,34.47569274902344,2.8536929676192813e-05
723,0.88899275718893,-0.027772826789666374,-1.840461742697127,30689.03685107422,1.3238150139540605e-06,54.57157897949219,6.833387305960059e-05
724,0.5312722649679548,0.01865748345786533,1.23640221354717,46491.416276367185,1.0803185670827113e-06,15.026936531066895,2.3847749616834335e-05
725,0.9567073825158122,-0.0036492802170459407,-0.24183208568288495,26990.513883789063,1.4189228600815009e-06,9.192913055419922,1.1881747923325747e-05
726,0.9217061708054298,0.006663124536966081,0.44155482947365815,22619.00503808594,1.5446794944099702e-06,11.426475524902344,1.9125913240714e-05
727,0.9345545363386847,-0.003825804728632986,-0.25353008865120846,30696.850921875,1.3492742809291594e-06,9.588663101196289,1.1095365152868908e-05
728,0.738455098990516,0.010466032268197563,0.6935675699608049,41879.152043457034,1.144934284700565e-06,10.4894380569458,1.4491364709101617e-05
729,0.8241252655073611,0.011578966010115566,0.7673199463274403,45841.26171484375,1.1125164203568099e-06,13.905417442321777,1.9079876437899657e-05
730,0.8025136984706187,-0.021430045478101258,-1.4201355571547392,36342.74884716797,1.2407805174483413e-06,35.225337982177734,4.397081283968873e-05
731,0.9201166529468642,0.01081855804339468,0.7169289010733566,45976.04640527344,1.1247716046994988e-06,33.04524230957031,3.2119813113240525e-05
732,0.730288160699263,0.010394028824101708,0.6887960144686517,51317.020794921875,1.0373318709222177e-06,15.245766639709473,1.7469168597017415e-05
733,0.996298084608487,0.0008403497533798121,0.05568866227747388,30943.508794433594,1.337175862938976e-06,10.791930198669434,1.3135935660102405e-05
734,0.8086111421702031,-0.006730632289162573,-0.44602846250331246,23695.11548535156,1.5298802123639383e-06,8.441128730773926,1.147952934843488e-05
735,0.5060593265655499,-0.02187322324011813,-1.4495042534845515,22192.619647949217,1.5712312155008655e-06,10.51318359375,2.4650276827742346e-05
736,0.7365347348109255,0.012102446117724012,0.8020101533565207,29858.23126464844,1.3571882063653762e-06,7.036398887634277,1.4315000953502022e-05
737,0.8419870627249042,-0.00842010471490708,-0.5579871546621321,30113.12801220703,1.350330410039783e-06,7.727231502532959,1.1781317880377173e-05
738,0.9750042297280272,0.005012086042165809,0.3321430937359488,34447.89207983398,1.2668858789097995e-06,14.233149528503418,1.6404474081355147e-05
739,0.7554227469859824,-0.03982690740886151,-2.6392667902002533,56758.716526367185,9.938777810132742e-07,30.765592575073242,4.128040382056497e-05
740,0.4570954169978162,-0.05138950136816215,-3.4055017863567016,67051.24250292969,9.37023901178726e-07,30.547632217407227,5.297706593410112e-05
741,0.8521515271694331,-0.01466643300653433,-0.9719215496061895,55577.23939746094,1.0024794461568113e-06,23.437612533569336,2.308072907908354e-05
742,0.5737158544607361,-0.04382915481330704,-2.9044894586911534,40788.079053710935,1.1531996791944998e-06,30.866901397705078,4.831605474464595e-05
743,-0.02585570235328669,-0.08334700389968652,-5.523275437805875,57259.44377832031,9.893832952936378e-07,35.025634765625,8.111044007819146e-05
744,0.6605694345875688,-0.0385269370209557,-2.5531197881791985,37986.11076855469,1.2021889391890657e-06,45.973026275634766,6.061955355107784e-05
745,0.572139247946015,0.04581896250272461,3.0363508984874152,28550.444303710938,1.3949685427516153e-06,41.52370071411133,6.259873771341518e-05
746,0.9988186724317826,0.00042222719077203674,0.027980334779301372,33372.63754443359,1.283089785056686e-06,13.90904426574707,1.5639394405297935e-05
747,0.7327854079602969,0.028088237823222287,1.8613635379980003,41781.4212055664,1.1583770159677378e-06,19.032442092895508,4.3351225031074136e-05
748,0.9141653541609371,0.003375375656432619,0.2236808593501498,52802.92923095703,1.037680953641501e-06,6.170275688171387,6.5406507019361015e-06
749,0.8523301966474374,0.0042383348665460405,0.2808678149218755,56961.986826660155,1.0150498108175014e-06,7.773350715637207,7.536360499216244e-06
750,0.6556954591014001,-0.04020471979090959,-2.6643038251532625,58089.8539921875,1.0033862175043432e-06,17.799352645874023,4.421926132636145e-05
751,0.9607272281656833,-0.026641366434513317,-1.7654816366816843,42609.22300976563,1.1354079043528295e-06,113.54547882080078,9.493526158621535e-05
752,0.43516707898768375,-0.07996606226978453,-5.299225730109505,42536.005938964845,1.1447247252793968e-06,36.1388053894043,8.625397458672523e-05
753,0.8976189565854518,-0.016821860702601377,-1.1147583679036064,24370.492072998048,1.5064518107616967e-06,25.857406616210938,3.704457776620984e-05
754,0.4108251093383773,-0.03215276413086744,-2.130713331883233,19795.095377929687,1.6664617253604606e-06,10.06420612335205,4.56408342870418e-05
755,0.9547187358674434,0.005275650609458247,0.349609104902401,38068.451509765626,1.1923257932603526e-06,14.908717155456543,1.6400394088122994e-05
756,0.9837008374546068,-0.0029933029475374224,-0.19836149920810237,52441.96045654297,1.048204028487351e-06,16.17582893371582,1.4559780538547784e-05
757,0.860534409877832,0.05641135838173193,3.738292387067514,59839.014786132815,9.723191063879123e-07,59.85224533081055,6.734967610100284e-05
758,0.932368499931229,0.014010691559897415,0.9284665907438399,52027.55514941406,1.0610618403417803e-06,29.022489547729492,3.0423067073570564e-05
759,0.937470681930012,-0.01650251241121037,-1.0935956566912377,61552.31831054688,9.640530320315726e-07,58.395721435546875,4.771236490341835e-05
760,0.7458639020934641,0.02144603823453514,1.4211953720810246,35439.25908300781,1.2355264433730307e-06,23.302330017089844,4.581066605169326e-05
761,0.8318190751766228,0.009419883669094003,0.6242409404315886,23357.17956640625,1.5023589678545878e-06,9.601484298706055,2.2842710677650757e-05
762,0.9557236819045176,0.003906382286744713,0.2588698372532402,20917.141736572266,1.625643114418996e-06,14.277703285217285,2.2777781850891188e-05
763,0.9943667769000151,-0.0009193121985766921,-0.06092137987569651,18966.29390332031,1.6970880454186898e-06,8.336557388305664,1.2058596439601388e-05
764,0.6663363140511636,0.010468841620231827,0.6937537413210336,27501.49333959961,1.4333255254808048e-06,9.343428611755371,1.233174953085836e-05
765,0.3553073637029148,0.015964863773832008,1.0579665233803899,31100.993528320312,1.3284124644466038e-06,7.777718544006348,1.2504895494203083e-05
766,0.6761488935607519,-0.012377214845845986,-0.8202186467168796,42192.63786914063,1.1603829863051164e-06,9.496439933776855,1.1745657502615359e-05
767,0.9839764389822651,0.002482670271246656,0.16452267133502899,72791.27918310546,8.95112416747181e-07,15.610028266906738,1.2366582268441562e-05
768,0.5942686659615422,-0.04530916834548812,-3.002567637959056,64775.55806445312,9.456945830504529e-07,47.516326904296875,6.713899347232655e-05
769,0.9944099206241962,0.004506598252715516,0.29864520945756634,73646.54744824219,8.746049530092231e-07,92.4594497680664,6.400968413800001e-05
770,0.6567800293944829,-0.04131152739047167,-2.737650231658717,48532.85170898437,1.0762973049564827e-06,45.218177795410156,6.066570495022461e-05
771,0.6813012160063149,-0.016692100343748725,-1.1061593521103774,28851.012516601564,1.3672471667277351e-06,18.404088973999023,3.1520143238594756e-05
772,0.9479512532120613,-0.016110202924028007,-1.0675979212815707,26514.60258691406,1.4361389248551016e-06,49.7200813293457,6.725456478307024e-05
773,0.9610270154791932,-0.0044751734009290875,-0.2965627337369325,19958.533029541017,1.653315692898399e-06,11.167025566101074,1.7043572370312177e-05
774,0.8265283922963697,-0.017488599753533358,-1.1589421207817643,29545.098224853515,1.3674407372398644e-06,24.26664924621582,2.8478998501668684e-05
775,0.38140880637676144,-0.03361953580469594,-2.2279139939331483,38807.50823876953,1.186748991128563e-06,16.20585823059082,2.933406904048752e-05
776,0.9965494588581885,0.0012155263980919697,0.08055103104445574,39702.58956420898,1.1976925355250343e-06,15.400736808776855,1.565516686241608e-05
777,0.994608959158886,-0.0011140097365047441,-0.07382368084303016,56165.629159667966,1.006279787831341e-06,19.386228561401367,1.5849494957365096e-05
778,0.9899887378340901,0.004752756169322123,0.31495770913963167,84031.93540185547,8.313707151792076e-07,39.93667221069336,2.7844631404150277e-05
779,0.9660013796711933,0.01271300571706969,0.842470981947808,99999.42669726562,7.644522915601427e-07,44.31560516357422,3.0222196073736995e-05
780,0.9987206574278898,-0.006121778942443111,-0.4056807046017937,83920.64845703125,8.277009023393937e-07,160.4551239013672,0.00011791341967182234
781,0.05385601206605715,-0.044486116966337474,-2.9480253118547335,67610.94173730469,9.12461372543032e-07,52.51595687866211,3.0524613976012915e-05
782,0.8846293215792586,-0.004583169065966762,-0.30371943735173806,33730.54583447266,1.2821846266955239e-06,9.104726791381836,1.20582944873604e-05
783,0.9488389129627491,0.001986369679492358,0.131633608261997,21352.82534765625,1.6067562634505265e-06,6.854988098144531,1.0010815458372235e-05
784,0.6910759170374827,-0.022756294747013243,-1.5080240194707448,23483.232375732423,1.5364485452261917e-06,6.911667823791504,3.807552275247872e-05
785,0.9902955422268352,-0.0011228182531827736,-0.07440740745028551,22889.092682128907,1.5408392820102842e-06,7.197529315948486,8.784918463788927e-06
786,0.47762757832084063,-0.013245361467636468,-0.8777493639376285,35972.54644824219,1.2569599248721651e-06,5.098868370056152,1.0238438335363753e-05
787,0.9436595059708428,0.003853570753925671,0.2553700996693509,48263.13312768555,1.08824345361987e-06,6.877171039581299,7.034215286694234e-06
788,0.9229164463119061,-0.011202758292648956,-0.7423892499835472,72036.41176123047,8.97938524673728e-07,26.292688369750977,2.005295937124174e-05
789,0.8044343794671546,-0.03856867472838893,-2.5558856806949475,70729.69304345702,8.971630147904887e-07,52.1517219543457,4.930399154545739e-05
790,0.8746336453268926,0.025767637519975836,1.7075809896617402,72570.75433886719,8.644549859124576e-07,80.58300018310547,7.35912035452202e-05
791,0.9704761310332836,0.005990526539409333,0.3969828133770294,48277.89020019531,1.0751984723094055e-06,39.14389419555664,3.676686901599169e-05
792,0.7353557312966913,-0.011206960391680525,-0.7426677165064257,34694.64893017578,1.2524890983529598e-06,13.769628524780273,1.907160367409233e-05
793,0.7303007224477388,0.045127830943227566,2.990550692262163,22567.954286621094,1.5573153073002988e-06,29.698619842529297,7.39405004424043e-05
794,0.4597044671596923,0.021734454973559303,1.4403082977528523,34383.61139355469,1.2713848797382493e-06,13.579405784606934,2.285903610754758e-05
795,0.44732242890304497,-0.0247911502086584,-1.6428707045935453,53225.097373046876,1.0292451791474177e-06,16.964374542236328,2.4504864995833486e-05
796,0.9826324275331478,0.0025288501642118256,0.16758294053009223,55300.42029931641,1.0161503674903401e-06,11.71912670135498,1.1231652933929581e-05
797,0.9672180341065182,0.008576317098763539,0.5683391047319142,59480.82424511719,9.773760226776672e-07,41.86912536621094,3.57123208232224e-05
798,0.9919574383512458,0.003670215836750307,0.2432194564182211,68744.48316015625,9.111866879189516e-07,55.39308547973633,3.914798071491532e-05
799,0.743461020064454,-0.014926622752934778,-0.9891639166766625,69482.56565771485,9.215981248308191e-07,23.74717140197754,1.8716718841460533e-05
800,0.7396151559430569,0.017343122355940557,1.1493015614420754,36907.47674560547,1.2276332819680812e-06,12.224507331848145,2.8440423193387687e-05
801,0.843731748762312,-0.015818575400323314,-1.0482722219366378,23431.968706054686,1.5215355711152028e-06,24.293256759643555,4.008077667094767e-05
802,0.35752700074297117,0.03822733073227167,2.5332653485727983,19533.05214160156,1.6698596260967697e-06,21.349674224853516,5.354600216378458e-05
803,0.37451474350785313,0.023550970435166175,1.560685932965311,27972.058372558593,1.4044840666387133e-06,11.830699920654297,2.4171067707356997e-05
804,0.5380681789232848,-0.02177238634067755,-1.4428219500561645,40701.035609863284,1.1722385405777184e-06,16.60865020751953,1.9911869458155707e-05
805,0.6965168355739134,-0.008551949412788034,-0.5667242963389615,57451.61799975586,1.002122043397311e-06,9.644990921020508,9.975751709134784e-06
806,0.9790088313348098,-0.005472334542148193,-0.36264304114016815,74782.42441162109,8.745699708610946e-07,29.195758819580078,2.070413393084891e-05
807,0.9819977223335722,-0.0068925923651894545,-0.456761303133086,58622.825076660156,9.948317310144891e-07,37.436038970947266,2.9577542591141537e-05
808,0.9982229824134573,-0.009132580216650536,-0.6052017905182009,40254.58903564453,1.2035365836920908e-06,210.05674743652344,0.0001946892443811521
809,0.6350145998882453,0.047158655223233155,3.1251302372900183,38839.96411279297,1.1905590121777618e-06,18.85466766357422,6.308167212409899e-05
810,0.9994334058206676,0.00012941711489731621,0.008576269553784597,24124.661918945312,1.5017490756774658e-06,10.627836227416992,1.4113017641648185e-05
811,0.7033418322433177,0.01585718905902629,1.0508310886348895,20375.969376708985,1.6225228237719285e-06,12.999361038208008,2.2353213353198953e-05
812,0.8642355077957005,0.006701856118767765,0.4441215107510089,24507.048544433594,1.491073990412778e-06,7.346261024475098,1.1902240657946095e-05
813,0.6877837555369174,-0.0161689738706555,-1.0714925798868746,30418.271125732423,1.343442117803487e-06,6.832483291625977,1.7341209968435578e-05
814,0.49489840675277313,-0.01885242708074097,-1.249320822178643,43648.06343652344,1.1304903773524277e-06,7.523499011993408,1.1777388863265514e-05
815,0.9982454099441115,0.0012163143183392515,0.08060324528546192,58535.69068554688,1.0011737479224555e-06,25.666080474853516,1.9733664885279723e-05
816,0.8929536238742862,0.006902582433007074,0.45742332928420576,48364.0815078125,1.0767487744030288e-06,10.628189086914062,1.3793834114039782e-05
817,0.7023554978560098,-0.07303441662543954,-4.839876427319164,46475.27800341797,1.101743804307142e-06,73.07910919189453,0.00012763403356075287
818,0.9842837542025576,0.004172409340024053,0.2764990335101098,27397.33717236328,1.4143013466585196e-06,21.705957412719727,2.6335363145335577e-05
819,0.6825393831299921,0.021671915348544124,1.4361638947320592,24566.889204833984,1.504361225087921e-06,20.491294860839844,3.642578303697519e-05
820,0.9993393772866678,-3.640089771284538e-05,-0.002412230492333262,20725.76926196289,1.6292699348701197e-06,8.366728782653809,1.1158233974128962e-05
821,0.8845869578855656,0.005119230719208458,0.3392434037088612,16967.39123803711,1.7848235826184902e-06,6.852187633514404,1.3284835404192563e-05
822,0.890858357161557,0.009010936134690261,0.5971406276855901,20483.862642333985,1.6240351948482116e-06,4.788842678070068,1.3779764231003355e-05
823,0.7725898707523716,-0.006944775146491983,-0.4602193743385194,24681.81109692383,1.4958748953572101e-06,7.367918491363525,8.518308277416509e-06
824,0.576103512293992,-0.022994362437753806,-1.5238003925529147,35097.50147167969,1.2444792815883294e-06,12.994752883911133,1.9643888663267717e-05
825,0.5763986462176935,0.029759652743465516,1.972125587542968,53478.30033544922,1.0230641679804704e-06,22.406282424926758,2.689887878659647e-05
826,0.942686474866885,-0.009633865949057902,-0.6384212110562265,41679.73911523438,1.147470543723686e-06,20.93842315673828,2.103556653310079e-05
827,0.8272068949482769,0.015966555468068563,1.058078629308472,52810.0949140625,1.021094833210179e-06,18.607717514038086,1.8309225197299384e-05
828,0.9956084927803651,-0.003711731023481484,-0.24597060283548416,63119.857046875,9.569405443362812e-07,33.12400817871094,2.587159542599693e-05
829,0.99898022908196,-0.0010433391757044559,-0.06914045343975134,76910.35754785156,8.582720462336899e-07,38.9339599609375,2.7256881367065944e-05
830,0.9804653674221625,0.020391887391417597,1.3513384463714808,27826.604162597658,1.3996170323298224e-06,91.22498321533203,0.00014899660891387612
831,0.35540524898207637,-0.030447371364671905,-2.0176996236919176,30818.306614746092,1.3244443104850242e-06,7.906330108642578,3.2607353205094114e-05
832,0.4745385771060117,-0.01246587836743518,-0.8260942394569902,22127.254657226564,1.5604535909938336e-06,8.006488800048828,1.4089655451243743e-05
833,0.8419119713090878,-0.006514706645349848,-0.4317194081994693,19598.568674072267,1.6670650716400786e-06,8.145289421081543,1.0255664165015332e-05
834,0.9766681112039226,-0.002580033577279423,-0.1709747851674781,19954.720478271483,1.642876381594488e-06,7.625485420227051,1.0652636774466373e-05
835,0.752478961621572,-0.016572291516437694,-1.0982198087296007,23889.47351220703,1.5196516064634564e-06,11.486599922180176,1.936033550009597e-05
836,0.9877180552791067,0.0007206053710579798,0.04775338956521866,25299.42990234375,1.4798366390136417e-06,2.0376033782958984,2.747686949078343e-06
837,0.8921419180152018,-0.004152576909979825,-0.2751847694260987,27959.759379882813,1.4070380777015489e-06,5.5599751472473145,5.7935385484597646e-06
838,0.8292265639242482,-0.027368350198812754,-1.8136577123792754,36866.91736572266,1.232118319129809e-06,28.946590423583984,3.512806506478228e-05
839,0.8847452896357445,0.01259774429153549,0.8348327877621387,49749.644556640626,1.0584125828356666e-06,17.195493698120117,1.788922236301005e-05
840,0.40137298664606846,-0.056096967865474356,-3.7174582198500037,63879.36382421875,9.527932215627463e-07,34.68783187866211,4.990991874365136e-05
841,0.5295590974158008,0.039151483310994904,2.5945074928613976,59637.312276367185,9.726997911738647e-07,24.249692916870117,3.478385406197049e-05
842,0.9648325779980169,-0.005211755569760678,-0.3453748806730099,42092.985354003904,1.173922719262714e-06,25.45585060119629,2.2701247871736996e-05
843,0.7610322940406707,0.012308955353689565,0.8156951970572084,35371.79056689453,1.261165685996265e-06,6.44964599609375,1.754629374772776e-05
844,0.7684901073033099,-0.010090094626198972,-0.6686547710952744,23518.897972167968,1.5113976862688505e-06,13.350975036621094,1.833099486248102e-05
845,0.27376909608548666,-0.01393467559324058,-0.9234291316646619,18246.905255615235,1.730405568122914e-06,5.802742958068848,1.751246236381121e-05
846,0.6736615081361312,0.04794210924472634,3.1770485085067217,26262.573540527344,1.4313692545489083e-06,20.925838470458984,5.390228034229949e-05
847,0.9632341912666402,-0.0027765124882093346,-0.18399513493424532,28190.13695727539,1.4055834747627503e-06,7.684621334075928,8.583040653320495e-06
848,0.9730824392378554,0.002607944651953132,0.17282440838097243,33156.50668530273,1.2774549384430256e-06,6.248210430145264,7.213030585262459e-06
849,0.9784754860994335,0.0020267597131837785,0.13431019254915952,49483.47083984375,1.077155342912667e-06,8.214911460876465,7.63632488087751e-06
850,0.9657689750447753,-0.004918152739943,-0.32591828088504343,55831.14870703125,1.0073785389692085e-06,20.43821907043457,1.724468711472582e-05
851,-0.2247361275083067,-0.03230323558426055,-2.140684839480764,41382.18703466797,1.1732848150025474e-06,15.83178424835205,2.9825976525899023e-05
852,0.7298136663242722,0.037785182533468534,2.503964879784998,41143.87751123047,1.174294481734004e-06,22.992305755615234,5.185256668482907e-05
853,0.4741897366727651,0.011970039506823755,0.7932357745837851,38009.590963378905,1.1938510739095253e-06,6.366121292114258,1.080350557458587e-05
854,0.9691937716956982,-0.002410671670819294,-0.15975143682520224,23293.875342285155,1.534495919821942e-06,6.708408832550049,8.968212569016032e-06
855,0.7845783524504625,0.0054739206088769395,0.3627481472987069,20351.69104345703,1.6415142449766428e-06,4.035593509674072,8.437135875283275e-06
856,0.989806681617238,0.0013741870154493974,0.09106522171473,24288.573483886717,1.5018675746045728e-06,10.203469276428223,1.2953254554304294e-05
857,0.6128139017605354,0.015861154718111798,1.051093886652777,45332.9781328125,1.1136433377953322e-06,9.344053268432617,1.698611959000118e-05
858,0.9336901344540847,-0.00436447721631467,-0.2892270709184405,54450.87267675781,1.0306762358943486e-06,11.941610336303711,1.1721164810296614e-05
859,0.8064416841305937,0.026936584122765936,1.7850452506094747,45548.388055664065,1.114626411793836e-06,22.014354705810547,3.831644426099956e-05
860,0.8279040256443556,-0.021335972427484407,-1.4139014833965884,41502.01304345703,1.173630627360725e-06,43.37079620361328,3.742074841284193e-05
861,0.3868123359159108,0.01975376543464932,1.3090511035128838,38552.96586523437,1.2017093376450761e-06,8.562726974487305,1.8461667423252948e-05
862,0.9977350023950665,-0.0006835796810720782,-0.04529975506729383,26695.769149902342,1.4344718022434474e-06,7.633581161499023,8.942337444750592e-06
863,0.8182836948447868,0.01100584866053486,0.7293403569983578,20679.94017211914,1.6174825016970098e-06,7.005142688751221,1.4072517842578236e-05
864,0.9540996617115998,0.0036107108126059175,0.23927615164534266,20135.876374267576,1.6504529089059695e-06,7.016799449920654,1.0553291758697014e-05
865,0.9869572472899637,-0.001311684855469662,-0.08692330144317018,24095.97683984375,1.5083925569962991e-06,4.858828067779541,5.923730896029156e-06
866,0.8878016080470712,-0.0025386144595350396,-0.16823000509153826,26335.035641357423,1.4443678168156097e-06,2.901031255722046,3.6087176340515725e-06
867,0.9988370329252335,-0.0007377913003116277,-0.04889227418591585,33172.23266796875,1.3025023731041087e-06,7.142428874969482,7.726222975179553e-06
868,0.7670651302896787,0.013122334999494438,0.8695965925373905,53353.84357470703,1.0334422379807218e-06,12.61666488647461,1.4989107512519695e-05
869,0.5546032664493559,-0.05544924881983751,-3.6745348929398864,67678.91606054688,9.351842050384276e-07,30.75608253479004,5.161010631127283e-05
870,0.9652219692545226,0.005521096807650266,0.3658744401195906,58720.64584423828,1.0002866006754527e-06,18.774505615234375,1.6711052012396976e-05
871,0.9941013356886708,-0.0006594886684984651,-0.04370328138744978,32884.645920410156,1.2848658110741346e-06,50.69579315185547,5.623744073091075e-05
872,0.9578527078492021,-0.003246497109135249,-0.21514027982788644,35792.20243994141,1.2346965089053472e-06,10.599838256835938,1.2508594409155194e-05
873,0.9990237604380798,-0.0004761446051667653,-0.03155335740354384,24586.115022460937,1.4867586348851191e-06,7.734228134155273,1.0319941793568432e-05
874,0.9683323313281841,0.0025755851251855156,0.1706799932129154,16036.558832519531,1.8345224562710648e-06,7.827085494995117,1.4598410416510887e-05
875,0.7387526370665369,-0.02412079751459538,-1.598447481243591,35846.166119628906,1.2304548285718984e-06,33.93400192260742,3.73501461581327e-05
876,0.9086065508723877,0.004401619822523968,0.2916884532714142,33830.36622021484,1.2815784347995248e-06,7.428677558898926,1.0083963388751727e-05
877,0.9767448294114079,-0.006800063153798128,-0.4506295371829582,47664.09821337891,1.092164892896163e-06,21.36311149597168,2.1515839762287214e-05
878,0.8453032091255774,-0.013842917722989224,-0.9173484812840595,53237.77041992187,1.0440263694221721e-06,17.890460968017578,2.0341552954050712e-05
879,0.9923968834619123,-0.004056037721987137,-0.2687872686057034,61235.57970361328,9.6935061253477e-07,43.34700393676758,3.63684885087423e-05
880,0.7327473591474579,-0.08112440917537728,-5.375987565721724,35871.72191796875,1.2363352024202759e-06,106.53396606445312,0.00018049395293928683
881,0.7816937479017049,-0.009597013601526257,-0.6359790636913133,42887.33954296875,1.1343486036112377e-06,24.814064025878906,2.443706580379512e-05
882,0.9331226890950161,-0.018635951608833502,-1.2349753316279208,31039.362417480468,1.323403323995012e-06,48.414329528808594,5.7931152696255594e-05
883,0.6273884721461802,-0.020256216194538552,-1.3423477285978502,25694.089783203126,1.4494912486017033e-06,16.240135192871094,2.6069808882311918e-05
884,0.9120601795038815,0.02060441601011408,1.3654223851401726,34176.48683837891,1.265063928366777e-06,24.838287353515625,4.1038500057766214e-05
885,0.4213785771141388,0.04109440784111428,2.723262059103931,38552.49611328125,1.215868108321261e-06,14.522619247436523,4.2283121729269624e-05
886,0.9410607463820674,0.00391050024617677,0.2591427279766108,53926.12349902344,1.0178478584496553e-06,10.829606056213379,1.1250747775193304e-05
887,0.9377226752551383,0.017392982273083852,1.1526057000769812,48543.53805371094,1.0724122397364544e-06,49.361812591552734,4.733441164717078e-05
888,0.9420894462746484,-0.013880057822501079,-0.9198096975221187,46618.052693847654,1.1125960302571873e-06,33.12767028808594,3.5634267987916246e-05
889,0.9920247114003826,-0.0016265922536657796,-0.1077917216173777,56387.25307373047,1.0013096464865598e-06,12.928037643432617,1.1483101843623444e-05
890,0.6056717943280397,0.02223741525769133,1.4736386882115398,40474.91789941406,1.157800461751004e-06,10.800581932067871,1.885630626929924e-05
891,0.8313494013750568,0.008020071806727938,0.5314776002368864,26969.343212402342,1.4371226683570047e-06,6.695202827453613,1.2555825378512964e-05
892,0.9920181829722353,-0.0011819349745263751,-0.07832498000458772,25346.586294189452,1.4678482615290659e-06,7.153449535369873,8.59704232425429e-06
893,0.8102626795885113,-0.0054489752388290295,-0.36109505668685443,20526.683123046874,1.6194184230412405e-06,6.424200534820557,8.935844562074635e-06
894,0.4633205659318897,0.015990912192198004,1.059692711277051,30474.81086279297,1.3725194129009403e-06,5.0105204582214355,1.611436891835183e-05
895,0.40622135422107525,-0.013413040695831407,-0.8888612038261268,26694.899013427734,1.420669247649433e-06,5.723705291748047,1.1038164302590303e-05
896,0.7528315983049424,-0.012148386462986084,-0.8050545481004002,33243.73139233398,1.2831786541987026e-06,11.119007110595703,1.26800387079129e-05
897,0.9131622145907758,0.005851098644184937,0.38774314508655616,44125.7557578125,1.1334183887646709e-06,10.775408744812012,1.0861951523111202e-05
898,0.985337554590488,-0.006505871694524984,-0.4311339298426957,69270.18131933594,9.104475934530343e-07,41.129695892333984,3.0565119232051075e-05
899,0.7298587155811511,-0.010783301052931024,-0.7145924755232165,50695.0378671875,1.0619193348027295e-06,16.92190170288086,1.3152188330423087e-05
900,0.8542666991355639,0.022120395271743767,1.4658839569809552,52419.85078076172,1.0474624718826323e-06,16.991716384887695,3.191731229890138e-05
901,0.9959014841554188,-0.0001442106233407938,-0.009556612193613324,51197.75193847656,1.03440700605294e-06,10.840747833251953,1.0555950211710297e-05
902,0.6299722524608022,-0.010425649767057668,-0.690891484844037,33774.34664013672,1.2694620923411103e-06,8.390668869018555,9.376975867780857e-06
903,0.9576992019787048,0.0031456345542006676,0.20845627625008517,30402.068631347654,1.3386750154757584e-06,6.259885787963867,8.057446393650025e-06
904,0.7051677020319944,0.01632958096924087,1.082135760820187,36449.462283691406,1.2314132245008193e-06,7.734864711761475,1.6951906218309887e-05
905,0.9167843128307477,0.003035138552315723,0.2011338792276151,46334.24623046875,1.096316503116757e-06,3.4667673110961914,4.365853328636149e-06
906,0.9815282296591146,-0.003059085092986863,-0.2027207789807066,66400.56735546875,9.29192290196011e-07,15.220087051391602,1.115624309022678e-05
907,0.7178217187040457,-0.00896870735688375,-0.5943421927051559,62881.82881103516,9.337844659448253e-07,9.8540678024292,9.985020369640552e-06
908,0.9836413649351319,0.007635038322492651,0.5059620341492426,60427.513949707034,9.665259995329414e-07,30.03443145751953,3.122090129181743e-05
909,0.7456041472995639,-0.012821342605913432,-0.8496502979299293,51483.58983300781,1.0530311764619647e-06,11.146486282348633,1.4952644050936215e-05
910,0.9908227712912585,0.0006082569036613665,0.040308232554011655,47556.925948242184,1.068226228163002e-06,6.814704418182373,6.722141279169591e-06
911,0.72756832670954,-0.009469056571318035,-0.6274995516635713,33179.451120117184,1.2876009217195515e-06,7.53499698638916,1.2561237781483214e-05
912,0.9470511820170167,-0.0036091137510920876,-0.23917031687961288,23761.38735473633,1.5206825051248993e-06,7.137218475341797,9.954540473700035e-06
913,0.9228150451250258,-0.0032704695540548717,-0.21672889621496216,37640.03925390625,1.199577376432078e-06,5.855085849761963,6.549037607328501e-06
914,0.9995917171181153,0.0001611562526782393,0.010679572515142371,49790.261549316405,1.061865363083468e-06,20.737831115722656,1.819625322241336e-05
915,0.6048233283527903,-0.02369241253834386,-1.57005907966286,61972.8110336914,9.712325684628327e-07,14.588708877563477,2.2231779439607635e-05
916,0.8511985837872011,-0.017124731880844176,-1.134829166628671,70790.42983886719,9.071132546099696e-07,21.614850997924805,2.673023846000433e-05
917,0.7770608101165447,0.025272642488020903,1.6747784439922744,35231.77262158203,1.2542103541764417e-06,43.528846740722656,4.5688473619520664e-05
918,0.9958207591474622,0.001414741169844013,0.09375268202390147,57803.08208544922,9.867417515024252e-07,21.86956214904785,1.8758049918687902e-05
919,0.9981735905857653,0.0017128925315748114,0.11351070589933783,29573.651490234373,1.3678368084036503e-06,18.690954208374023,2.2576379706151783e-05
920,0.7939913605193936,0.01526570326143439,1.0116342510187188,21719.898818847658,1.5817518256029078e-06,11.603565216064453,2.2829510271549225e-05
921,0.6621821566387994,0.01971078693330872,1.3062029855278159,21646.253374511718,1.5713803722293304e-06,10.798089027404785,2.03455474547809e-05
922,0.9827035047225516,0.0035417738539477287,0.23470780734142402,22564.662930419923,1.5541406822166093e-06,12.193346977233887,1.6970556316664442e-05
923,0.9683566561686561,0.0040618821776547,0.2691745715311313,24494.305442626952,1.4945630610211305e-06,10.809940338134766,1.3945040336693637e-05
924,0.9973191199665838,-0.0015912456210528236,-0.10544935562237137,28315.671036865235,1.3946710520519995e-06,15.410143852233887,1.858259565779008e-05
925,0.8946060064695425,-0.009309037354883526,-0.6168953287598492,35340.290413330076,1.245249320187143e-06,12.38207721710205,1.558578514959663e-05
926,0.7682607476188659,-0.046784323595743714,-3.1003238664911987,54272.70677636719,1.0097678162779551e-06,29.904361724853516,3.8850794226164e-05
927,0.6771916620644645,0.02276909185990173,1.5088720641032414,64371.95482324219,9.427376024307332e-07,24.641643524169922,3.015467336808797e-05
928,0.9816528368170511,0.004397458223541297,0.29141267062335835,68907.22410498047,9.178758333470858e-07,17.45642852783203,1.3912746908317786e-05
929,0.827736022385235,0.03448877807930226,2.285517318350351,47454.72655859375,1.0845681055314323e-06,64.9795913696289,7.828372326912358e-05
930,0.9980809709132394,-0.004021832507593924,-0.2665205426088062,34697.081944335936,1.2572398078005602e-06,82.48419189453125,8.486362639814615e-05
931,0.3629047232419792,0.01631311189108237,1.0810443807990688,46542.39407275391,1.0854059569221102e-06,5.496466636657715,1.6226014849962667e-05
932,0.8031082564214789,-0.00631693602307778,-0.41861345874471023,27156.01228515625,1.41448393723203e-06,7.366368770599365,8.222566975746304e-06
933,0.7856558342654285,-0.011016035779816996,-0.730015441441474,22055.79294799805,1.557964380904972e-06,7.363401412963867,1.403989335813094e-05
934,0.9865608954506287,0.001140360726919626,0.07556991971558216,33541.25252392578,1.2707838509172878e-06,4.781260013580322,5.169327323528705e-06
935,0.9993157738234911,-3.719281965562038e-05,-0.002464709919433639,47273.73688720703,1.0857825467453998e-06,3.9401938915252686,3.769591103264247e-06
936,0.8772890949427139,-0.006688453231797332,-0.4432333224186655,59948.52807861328,9.759433985735835e-07,13.813146591186523,1.1600965081015602e-05
937,0.8872229827865258,0.014164228822668849,0.9386412647282109,65272.13305615234,9.395550610483386e-07,30.06592559814453,2.912825220846571e-05
938,0.9850680305201414,0.00484916959808683,0.32134687609291157,60588.44634033203,9.76756467059688e-07,38.746944427490234,3.2656073017278686e-05
939,0.9989967418309421,-0.001134473943262233,-0.07517981178054842,57865.285018554685,9.776887271532793e-07,39.5390510559082,2.918604513979517e-05
940,0.683047523742936,-0.010464753087080931,-0.6934828006312378,39227.8432578125,1.184022279789823e-06,9.902113914489746,1.3936669347458519e-05
941,0.7623774942032581,0.012395527201424433,0.8214321778462834,27781.22905908203,1.3941403340396849e-06,8.20650577545166,1.651009552006144e-05
942,0.8241656647286937,0.005995186640395554,0.39729163097227094,34618.684610839846,1.2724921073502364e-06,6.288693904876709,9.2541886260733e-06
943,0.9016368848339347,-0.0025857781079347756,-0.17135546621881645,37882.04777246094,1.2159128079174697e-06,4.92695951461792,5.236670858721482e-06
944,0.7520107348466727,-0.022049463942547004,-1.4611834488643713,40319.82520458984,1.172064408037253e-06,6.2947001457214355,1.8420314518152736e-05
945,0.9256268292827473,-0.015772931408968374,-1.0452474661021318,52246.17157568359,1.0570690193275262e-06,26.972564697265625,2.544202288845554e-05
946,0.8829252835534039,0.007547805671086492,0.5001812629356039,74223.04242626953,8.716884690442408e-07,19.132179260253906,1.3261288586363662e-05
947,0.47250355107446546,0.03689972223859321,2.4452868125598894,61761.228903808595,9.521427578089709e-07,23.369150161743164,3.918065704056062e-05
948,0.9989982101922074,0.0011528671808323585,0.07639870283288994,35562.39289355469,1.2410443938248331e-06,63.60313415527344,6.7506218329072e-05
949,0.5782780225660841,0.006837263891927039,0.45309477184721764,45398.52090234375,1.1038657499358696e-06,5.515224933624268,7.009976343397284e-06
950,0.9932207439538371,0.0005440666214703728,0.03605444306689277,26090.13948876953,1.4252194007574639e-06,3.626657009124756,4.491584149945993e-06
951,0.9123635932001322,0.004780910503873159,0.31682345280428303,22459.584482910155,1.5639124009851555e-06,8.062176704406738,1.1918149539269507e-05
952,0.931868058404424,-0.0026989771871314223,-0.1788569919420636,28898.239783447265,1.3818075625620478e-06,7.691646575927734,1.0058667612611316e-05
953,0.7621352928863672,-0.010509950863642193,-0.6964779865100813,39108.80987304688,1.1861204675506616e-06,7.8226776123046875,1.0878339708142448e-05
954,0.9773844717339284,-0.003405344732604186,-0.22566686310034306,37379.56668457031,1.2043595595572151e-06,9.0220947265625,9.536490324535407e-06
955,0.9425643743672215,-0.007229270320584679,-0.479072424043002,47471.08880371094,1.0902521004062417e-06,14.43350887298584,1.4693488083139528e-05
956,0.8440961879357876,-0.018046915477037743,-1.1959408295282006,52954.18603320313,1.0196264195216823e-06,20.720590591430664,2.6169671400566585e-05
957,0.998576135437999,0.0026398297219880434,0.174937382044291,52177.11430761719,1.036219120218576e-06,50.8057746887207,4.1205756133422256e-05
958,0.632854758736989,0.0323046656713101,2.1407796091102065,39453.67481738281,1.1835640817929054e-06,16.35738754272461,4.6619305066997185e-05
959,0.9599737723466737,0.0043556711561093175,0.28864350709778297,32892.259033203125,1.2865371781836171e-06,15.08761978149414,1.7802680304157548e-05
960,0.6098432054223457,0.012640519250766218,0.8376674173303063,20728.32941772461,1.61594098684086e-06,8.58776569366455,1.8622200514073484e-05
961,0.663621210568616,0.010368626941251888,0.6871126714682566,35965.877330078125,1.24448430378883e-06,4.61545991897583,1.2822038115700707e-05
962,0.798523659895296,-0.010322957883638661,-0.6840862545320647,50285.32653417969,1.0651333877476508e-06,15.278138160705566,1.5823763533262536e-05
963,0.8504998937354408,0.009131723940219067,0.6051450464199059,51340.90526171875,1.0587922782878342e-06,11.863009452819824,1.5179940419329796e-05
964,0.9976224878635243,0.001757041843532853,0.11643641167068589,34608.86419580078,1.2658532067312227e-06,53.68690872192383,5.9124799008714035e-05
965,0.9419171180503534,-0.00943500044883234,-0.6252427057539267,47841.37595166016,1.0830880994416408e-06,35.545867919921875,3.570663102436811e-05
966,0.9930719800373099,-0.0011732411127439249,-0.07774885139772764,36390.45567333984,1.2225372177698834e-06,8.06946086883545,8.672868716530502e-06
967,0.5892036737388002,0.0198875179218393,1.3179146713998713,26392.546743408202,1.424047606433612e-06,11.336751937866211,1.915164466481656e-05
968,0.9135915794670945,0.005612291816412464,0.37191779055067475,23877.995895263673,1.5384934078569082e-06,9.147433280944824,1.299715950153768e-05
969,0.8763045222179427,0.008075462200894518,0.5351482349241137,18568.834626953125,1.7044712911937682e-06,11.018941879272461,1.838596654124558e-05
970,0.89379618138261,-0.004959433033161025,-0.32865386127700275,25325.951238769532,1.4648240520654057e-06,7.972293376922607,1.0769107575470116e-05
971,0.9914350916306977,0.0020617051616766326,0.1366259727007291,30623.315318847657,1.3347321668316944e-06,14.961698532104492,1.8829972759704106e-05
972,0.2768160794709195,-0.02660748930183994,-1.7632366521466272,44928.7634296875,1.1207657121822214e-06,8.223390579223633,1.8204233128926717e-05
973,0.8193296380897561,0.011559530460772845,0.766031982906054,59380.44742236328,9.735364570601572e-07,16.600139617919922,1.4745392036275007e-05
974,0.8493027180742532,0.01856485521522226,1.230263884951059,64480.59603759766,9.530949083675193e-07,30.58477020263672,3.0362236429937184e-05
975,0.8991624816716618,0.018232107570755315,1.2082132195920017,42511.78383251953,1.1568333874116408e-06,41.88900375366211,5.47432791790925e-05
976,0.7875073573742701,-0.006512232781577193,-0.4315554691210061,32621.096645507812,1.291603001133956e-06,10.068550109863281,9.207724360749125e-06
977,0.9658140006236965,-0.0029679355952828192,-0.19668044449618194,27167.310611328125,1.4144864474991072e-06,11.327383995056152,1.4287971680460032e-05
978,0.8063087519610815,0.006296573272961172,0.4172640511799152,20872.90407836914,1.6152104746376808e-06,7.047967433929443,1.0521430340304505e-05
979,0.8164092503589127,0.00837253170206336,0.5548345655941628,27252.914670654296,1.4070415301993036e-06,9.131360054016113,1.3048218534095213e-05
980,0.9759968779187623,0.0029033554871475595,0.19240082185415355,39883.975259277344,1.1815974859476964e-06,9.756819725036621,1.0129376278200652e-05
981,0.9864432617496731,-0.0023824961353574444,-0.15788428820938924,52266.583010253904,1.0571301853148723e-06,11.598121643066406,1.112457084673224e-05
982,0.7938769087066062,0.03134990770467536,2.07750929368879,52145.08183642578,1.056504564595083e-06,9.787635803222656,2.8881020625703968e-05
983,0.9944686129107352,-0.0050019670937424985,-0.33147252686890033,55937.19827929688,1.0051723009306449e-06,41.09198760986328,3.35430922859814e-05
984,0.8482914228271059,-0.02070192710297313,-1.3718842925741845,40471.107447265626,1.1942412650079511e-06,45.09446334838867,4.7447603719774634e-05
985,0.9512220791941517,-0.0016649679946324234,-0.11033482187979113,30278.295209472657,1.3401481232810039e-06,7.932868480682373,9.719536137708928e-06
986,0.9991882996182282,0.000622412476738658,0.041246300216047485,22344.84132104492,1.554722108657917e-06,15.310345649719238,2.0485176719375886e-05
987,0.7833459485156924,0.017920050841128594,1.1875337087601097,26465.44427685547,1.429783869574143e-06,13.777992248535156,2.6462901587365195e-05
988,0.9903118100314103,0.0027527167619747868,0.1824182294177109,38863.97068652344,1.2178352771031008e-06,15.550276756286621,1.661240094108507e-05
989,0.26633372293861507,0.028541590229206555,1.8914064920513556,48050.62421484375,1.0785878331694455e-06,10.849292755126953,2.5829829610302113e-05
990,0.9753830661781893,-0.00499961045807734,-0.3313163563135569,50294.007153320315,1.067114380781891e-06,19.515037536621094,1.9097809854429215e-05
991,0.5821870839603462,-0.03251736720963384,-2.1548750069918263,52869.54224707031,1.0407288915031894e-06,26.056228637695312,3.961077891290188e-05
992,0.996976493033986,0.005545546922824812,0.3674947109664903,43482.99967285156,1.1448787299197967e-06,76.1605224609375,7.006634405115619e-05
993,0.42529104272202695,0.020240859060193194,1.3413300353520694,36680.77260888672,1.2406822070028418e-06,15.445579528808594,2.4681306967977434e-05
994,0.8915130085769898,0.007564205641274388,0.501268063279724,26469.97971142578,1.4389401908315278e-06,9.851333618164062,1.728908137010876e-05
995,0.8021063893214502,0.029524585349113813,1.956548039404412,23186.92975488281,1.5349078412808368e-06,10.854825973510742,3.957876469939947e-05
996,0.5182447522344721,-0.02305181545956806,-1.5276077143445455,26115.524936279297,1.4574805724692987e-06,7.586276531219482,2.0365496311569586e-05
997,0.9197682264398576,0.006000917988403245,0.3976714384301911,24510.358154785157,1.4942272670812452e-06,8.067444801330566,1.2736903045151848e-05
998,0.9719899521122749,0.0017592609782768162,0.11658347025529038,27581.884768066408,1.4050112603301153e-06,3.2138397693634033,4.364235337561695e-06
999,0.8333364168903078,0.005524428741981015,0.3660952421903113,31266.36756176758,1.3435959016684655e-06,2.8670856952667236,5.726111794501776e-06
