state_idx,cos_sim,mean_A,mean_safe_delta,mean_sigma_i,mean_alpha_i,v_unbiased_norm,v_intentional_norm
0,0.4793185584581604,-0.009598279830273341,-0.4452224630555015,46333.97578173828,1.203217757809297e-06,6.320357322692871,8.340683052665554e-06
1,0.8381457634593249,-0.0100368115667297,-0.46556404334755536,48192.78072460937,1.181997865119026e-06,14.587738990783691,2.0292343833716586e-05
2,0.3209031586710726,0.047705543465089637,2.2128527130390645,37788.611435546874,1.3291375415311939e-06,23.521305084228516,5.1999541028635576e-05
3,0.3119397822070569,0.043787277794500895,2.031101407220378,35572.06849023438,1.3573921780428888e-06,22.554628372192383,7.242507126647979e-05
4,0.8988950692428181,-0.022791179817340038,-1.0571837239223305,39589.89546289063,1.274801921320037e-06,54.89067459106445,8.113619696814567e-05
5,0.8191562053884016,0.10210800382303101,4.73634627908903,23239.95853076172,1.651363861606513e-06,47.412315368652344,0.0002379767392994836
6,0.6029397454391822,0.020528643996731644,0.9522345258769263,26221.723234375,1.5827447205210783e-06,18.141420364379883,3.280462624388747e-05
7,0.28583554136005485,-0.03974624002812861,-1.843655237754684,35983.529859375,1.362146192635473e-06,30.005592346191406,4.930713475914672e-05
8,0.7431388552454956,0.03579507346584697,1.6603778026404097,33388.03396704102,1.4083489325002456e-06,24.859086990356445,4.813505074707791e-05
9,0.13280579288941846,-0.0320065196439232,-1.4846432654272765,27357.57334448242,1.5533443002688332e-06,7.64991569519043,2.749682971625589e-05
10,0.9109668213656124,-0.015454951755486352,-0.7168880058361067,42919.34686279297,1.2402928133492078e-06,23.116474151611328,2.315646270290017e-05
11,0.6727909858763296,0.04451144596245177,2.0646924194749454,43102.98564355469,1.2444871911468094e-06,34.82188034057617,4.8717178287915885e-05
12,0.8410327929476215,-0.032911355761132036,-1.5266146782105006,55941.24380761719,1.1106970088874832e-06,48.39418029785156,4.592480036080815e-05
13,0.9881095011374387,-0.015117047035922756,-0.7012140752795417,51853.282700683594,1.1488291411693772e-06,45.3843994140625,4.6944052883191034e-05
14,0.960084184950323,-0.03298471867088485,-1.5300176645741663,52039.66660302734,1.1474169244065028e-06,66.99381256103516,6.01609172008466e-05
15,0.8100546930573156,-0.09680574578145237,-4.490397585492726,59755.141306640624,1.0535334581817504e-06,85.31072998046875,0.00012619960762094706
16,0.694663308558705,-0.014715568537131756,-0.6825912335561968,30727.999275390626,1.4383340713512373e-06,12.173223495483398,2.752195723587647e-05
17,0.9785627858439523,0.012990099016874456,0.6025542057428213,23310.45814550781,1.640379990150566e-06,67.2076416015625,9.224109817296267e-05
18,-0.11911214630991147,0.08777359248566514,4.071435270561892,29923.275971191408,1.467560469902734e-06,23.038984298706055,9.413914085598662e-05
19,0.5096720980418625,0.011372718482165471,0.5275309559423773,19908.870259765627,1.8103466366074563e-06,6.350737571716309,1.275316571991425e-05
20,0.8438296209591881,0.016144900609275068,0.7488917329099176,25547.003129394532,1.6078617648453032e-06,12.67397689819336,2.230980317108333e-05
21,0.9887479022117046,-0.002619577055457513,-0.12151078833062715,60605.418452148435,1.0622109993721034e-06,13.73225212097168,1.2034231076540891e-05
22,0.8210938105454022,-0.015651902220009388,-0.7260236814431362,59188.698728027346,1.0887790109694942e-06,17.544178009033203,1.6057158063631505e-05
23,0.8880269268972832,-0.02106374273555999,-0.9770554294858871,44669.39398828125,1.2439189865944495e-06,26.3526554107666,2.896435762522742e-05
24,0.8852895941941378,-0.029929911172546248,-1.3883184286047148,57065.3199609375,1.0954891252611671e-06,37.95043182373047,4.232863284414634e-05
25,0.9134305676345934,0.007911311129560538,0.3669713208393754,36143.87000634766,1.3369502675896715e-06,9.884429931640625,1.4534665751853026e-05
26,0.8067074634333447,0.029601535449313418,1.3730865067509435,20945.63596386719,1.741373007201146e-06,11.765721321105957,4.207922029308975e-05
27,0.7517821672427721,0.009294124070958332,0.43111400000698374,14509.01890649414,2.106062769131725e-06,7.6396050453186035,1.4950894183130004e-05
28,0.38878952171255293,0.017179474416457376,0.7968811129646244,18763.77098046875,1.8551274823676894e-06,4.531635761260986,1.4581803043256514e-05
29,0.2410989494566829,-0.028879061258935367,-1.339574070749691,25670.22095288086,1.5909666654051121e-06,4.640435218811035,1.9305800378788263e-05
30,0.9958919617803151,0.0004814645945383984,0.02233304888427071,48815.74155712891,1.1733816606107159e-06,19.018211364746094,1.7483875126345083e-05
31,0.9332887701473408,-0.008812988433457724,-0.4087962100092213,59928.195904296874,1.075977284271762e-06,16.129201889038086,1.3139338989276439e-05
32,0.9915587318417033,0.0008756290453046444,0.0406166237250002,64811.545139648435,1.03571507969416e-06,35.78163146972656,3.260217999923043e-05
33,0.93464628924221,0.02516647520953934,1.1673633481570662,55033.00516308594,1.1187160028872941e-06,50.27351379394531,4.291086224839091e-05
34,0.9809578100763201,-0.004424533920244561,-0.20523488840476933,33203.33772802734,1.3979242156479337e-06,13.819779396057129,1.654946754570119e-05
35,0.7627382753863299,-0.015585818549019078,-0.7229583473117789,30166.124202148436,1.4468167455962484e-06,17.130008697509766,2.7051122742705047e-05
36,0.905147235568397,-0.009904582130405341,-0.45943049479825293,40401.78654394531,1.2794643048551e-06,17.743770599365234,1.8777451259666122e-05
37,0.9969605753283137,0.001548919044919189,0.07184761899496084,44058.198200195315,1.2261260432905921e-06,16.988449096679688,1.748452996253036e-05
38,0.5362852423224178,-0.016320181856274915,-0.7570222677449797,46053.00077636719,1.1921401883987218e-06,7.7603068351745605,1.3189756828069221e-05
39,0.9888889265662685,0.0038881820238999055,0.18035585626800196,67665.25332519531,1.000205752446882e-06,17.873546600341797,1.60487434186507e-05
40,0.6361261201288206,-0.020026988705883524,-0.928964918390408,62629.17469921875,1.0460594609569382e-06,14.611695289611816,1.7395215763826855e-05
41,0.7719318346625167,0.14887596450314122,6.905708603826392,60352.592115722655,1.0634091255150727e-06,81.68403625488281,0.00012495784903876483
42,0.661291298632102,0.02040084544956963,0.9463065070080736,57599.889424804685,1.046155836328899e-06,10.942564964294434,2.078168654406909e-05
43,0.8064978439455682,0.005970590812202323,0.2769497445699667,31749.364208496092,1.4087036599502875e-06,6.612022876739502,1.0884469702432398e-05
44,0.9217384998687965,-0.00237466147736802,-0.11015021968230085,23360.768865722657,1.6470766736368854e-06,4.46253776550293,5.942047664575512e-06
45,0.784945111669671,-0.003310129859549043,-0.15354253003269822,19645.879610595704,1.8156395204706137e-06,2.471308469772339,4.195799192530103e-06
46,0.8231470679104429,-0.0039101541376655585,-0.1813750470795081,21097.56983618164,1.7387213032788268e-06,3.0446224212646484,4.762012395076454e-06
47,0.9954561405140561,0.0009718684296433025,0.045080750265993355,23049.262213134767,1.6769546900647918e-06,4.7146124839782715,7.124774128897116e-06
48,0.9941703268775965,-0.0009990383346701122,-0.046341044011427496,20338.290494384764,1.7686710220080394e-06,3.4080286026000977,5.359156148188049e-06
49,0.7716618531422529,0.007930726603227026,0.36787192023427107,25672.761970214844,1.5906836148761717e-06,5.030559062957764,8.602067282481585e-06
50,0.9928974048755221,-0.0018027462286257414,-0.08362155827560526,33588.96366845703,1.3965812641210329e-06,9.927894592285156,1.2224996680743061e-05
51,0.9498612717683659,0.020165092051319583,0.935370932040616,66577.12404101563,1.007554484782098e-06,38.79963684082031,4.350892413640395e-05
52,0.9685100333652209,-0.006048594674598474,-0.28056800454550107,66043.55170996094,1.0143731958284461e-06,14.629005432128906,1.1224031368328724e-05
53,0.7287252991103481,0.039656526515509646,1.8394938180249114,45322.310248535156,1.247642368115536e-06,28.460718154907227,3.288676816737279e-05
54,0.659234869925071,0.04650385928513725,2.1571118094736383,73314.34556933594,9.752960087189013e-07,23.935461044311523,3.640339491539635e-05
55,0.6691417155322624,-0.005994843972788186,-0.27807474322429443,43206.77470947266,1.2169321520047899e-06,4.083715915679932,4.402343165565981e-06
56,0.3381973096673897,-0.008757066484255798,-0.40620223396322014,18049.387787597658,1.9028623289570049e-06,3.382556915283203,8.221025382226799e-06
57,0.9231838876009195,-0.002761416530099421,-0.12809010476807783,14637.684439941406,2.1018516770419867e-06,2.687319278717041,4.8324104682251345e-06
58,0.8371604902496504,0.004776635086436346,0.22156733038694443,15852.097292480468,2.024836627358466e-06,2.0815932750701904,5.836148375237826e-06
59,0.4708612532924017,-0.008568416010197897,-0.39745155882122896,17100.134498535157,1.9478217958218517e-06,2.3740878105163574,5.828427219967125e-06
60,0.6896110435951348,0.020875271440090024,0.9683130656594294,17561.384759521483,1.908156709395973e-06,3.8648855686187744,1.49924962897785e-05
61,0.9884436913781055,-0.001167767272228986,-0.05416764570434359,23100.068892578125,1.6635675155597857e-06,2.9109535217285156,4.115761839784682e-06
62,0.9282151465774678,-0.0027728548786922326,-0.12862068001945948,26825.96744238281,1.5553887474166084e-06,3.2530808448791504,4.961462309438502e-06
63,0.9417825061373898,0.006632554269040494,0.3076553507741809,63613.14838549805,1.0324993877421752e-06,8.652091026306152,8.67414473759709e-06
64,0.9138423497431336,0.019819508383200124,0.9193408084525729,50625.618030273436,1.148378508688276e-06,17.15794563293457,2.3638376660528593e-05
65,0.8932395654411619,0.03630112074489083,1.6838511353606982,25586.937177978514,1.6139499612902701e-06,28.836002349853516,4.959071156918071e-05
66,0.656852692687625,0.017534796632725013,0.8133629654530316,71849.86582275391,9.728123756200907e-07,4.0317583084106445,1.3350856534088962e-05
67,0.6315868682199282,-0.005671297959195104,-0.26306685059864277,33501.21611816406,1.3854293128936337e-06,4.165329933166504,5.657901965605561e-06
68,0.8123669570967541,0.009138728609026491,0.42390588026757714,20078.79636669922,1.7889484996216178e-06,3.332383394241333,1.022672040562611e-05
69,0.9046965443435007,0.005892556536667114,0.2733300738611634,18180.571446533202,1.856964705128643e-06,2.4391238689422607,6.361258783726953e-06
70,0.9985615531510987,0.00019052662781415507,0.00883770175625951,16931.316465820313,1.9459168064094566e-06,2.2090251445770264,3.657238949017483e-06
71,0.9804346083263525,0.003080722460787045,0.1429013183858126,18521.15836669922,1.8383216771483845e-06,4.678766250610352,8.007136784726754e-06
72,0.39949564638368895,0.01295162531005502,0.600769577786987,21183.29286376953,1.7487897521888799e-06,1.8913421630859375,9.111180588661227e-06
73,0.8882832206962447,0.002592188082462738,0.12024033297477962,33533.547072265625,1.3912191430695835e-06,2.011113166809082,3.0619983135693474e-06
74,0.7161692211347994,0.01089538639530856,0.5053895961191761,51290.56121875,1.1419083502365952e-06,3.932345390319824,8.667611837154254e-06
75,0.9972107363624667,-0.0005088339878942097,-0.023602596025809105,32897.343337402344,1.419651083642069e-06,16.928180694580078,1.9544906535884365e-05
76,0.8018750943187543,0.039523337335928076,1.8333157511593658,41438.31802392578,1.307174201099738e-06,24.22311782836914,3.828545959549956e-05
77,0.027349600308977925,0.03268477666150822,1.516104659061732,62002.91979101562,1.0527533141594094e-06,8.992759704589844,1.7689124433672987e-05
78,0.9231895774616348,0.003549140995106769,0.16462921726753715,34674.033693847654,1.364515905766321e-06,4.597696304321289,6.792834028601646e-06
79,0.81887067511214,0.005137844146989263,0.2383222479827105,20431.525281982424,1.7739686478794766e-06,2.476243257522583,6.268931883823825e-06
80,0.9157856944255668,-0.003275582643579695,-0.15194003491299246,18480.62234082031,1.8601722960798914e-06,2.8337321281433105,4.4859266381536145e-06
81,0.7202170352095928,-0.0043107979867826034,-0.19995917303396546,19640.29977636719,1.8020573614628763e-06,1.7398083209991455,3.583020088626654e-06
82,0.18193527142091803,0.008013058190704992,0.37169092455717023,21851.840920410155,1.726925133981758e-06,1.303399920463562,5.4931279009906575e-06
83,0.5898393288641658,0.00677570537262587,0.31429550797468,19246.63630029297,1.8194404746484846e-06,1.9040170907974243,5.010188488085987e-06
84,0.7857488324633327,0.0077411637812822235,0.35907892524116586,28026.02228955078,1.5447426494809752e-06,3.752747058868408,7.424289833579678e-06
85,0.1622969737540463,-0.05826598350510136,-2.7027056042555166,66417.25455908204,1.0333280062755285e-06,12.522810935974121,3.451904558460228e-05
86,0.42570635958758524,0.0805054218011999,3.734296438264141,44446.72721484375,1.266964545678611e-06,34.73887634277344,5.200310988584533e-05
87,0.773851088209986,-0.036924884169872524,-1.7127848082005304,38735.410913085936,1.345574541241424e-06,20.206218719482422,3.286529681645334e-05
88,0.48189958680552597,-0.020086770537011682,-0.9317379375742099,63150.41008203125,1.02125740025204e-06,8.79903793334961,1.414258895238163e-05
89,0.9846066357008029,-0.0034698362186257148,-0.16095061354464948,44635.41919580078,1.2165416286863025e-06,13.90211296081543,1.3573192518379074e-05
90,0.9281586081236445,-0.00974202728341629,-0.451890282318741,28393.190864746095,1.5119671931452246e-06,13.531875610351562,1.672599682933651e-05
91,0.8183203006862971,-0.010774229799126286,-0.4997696684736455,35171.58254589844,1.3623578481082492e-06,10.509693145751953,1.3130995284882374e-05
92,0.230150744257159,-0.03666037152493383,-1.7005152168392228,38423.73245800781,1.3181223593267229e-06,9.151297569274902,3.248334542149678e-05
93,0.9418866567742846,0.007854764592660057,0.3643483728860677,75075.32094140624,9.564257312137364e-07,22.238557815551758,1.6034482541726902e-05
94,0.5183890826591746,0.042621948619470815,1.9770468542429875,40933.827885498045,1.2690742954719823e-06,18.692459106445312,4.355362034402788e-05
95,0.7689638379882421,0.04146237701885241,1.9232593701056522,62546.77790332031,1.0414691634217171e-06,52.97096252441406,4.8013211198849604e-05
96,0.8868774450371802,0.026901620177196817,1.2478491779015006,39594.446286621096,1.3594760283934395e-06,49.731483459472656,6.0847301938338205e-05
97,0.5638829669912223,-0.040155131679260034,-1.8626219433788915,43812.29267675781,1.2382795799731968e-06,10.720182418823242,3.114757782896049e-05
98,0.5410296646769258,0.025601200693573998,1.1875283729508255,51840.63860693359,1.1140640615284122e-06,13.269680976867676,1.9646502551040612e-05
99,0.9090867330030756,-0.02029503935738149,-0.9413986224909225,26344.329170898436,1.5463801030559555e-06,24.756853103637695,4.173157503828406e-05
100,0.9994789297389214,-3.082350067230344e-05,-0.0014297681597104522,39452.11518212891,1.2804652094459785e-06,21.3806209564209,2.3001699446467683e-05
101,0.7119060370204776,-0.0180533982672158,-0.8374186401296908,38604.56920703125,1.320328174442744e-06,10.504433631896973,1.7949685570783913e-05
102,0.7617262194668482,0.03999817696200455,1.8553414965654673,38652.55252832031,1.3205480570026523e-06,24.62688446044922,5.1641673053381965e-05
103,0.9636006419835386,0.005493485135373365,0.2548188869234147,40023.54431005859,1.2900204146397403e-06,9.037893295288086,1.1550427188922185e-05
104,0.32358178910975033,-0.02422780122877267,-1.1238223440278767,53425.54929150391,1.140285022163021e-06,10.124282836914062,1.4033626030141022e-05
105,0.9957820919735058,0.0007795685113823016,0.03616079327708608,46063.127255371095,1.243694829064345e-06,33.17200469970703,3.153220677631907e-05
106,0.44888560093456353,0.04823870903398012,2.2375839453010276,55450.71310498047,1.0982848780412979e-06,13.673089027404785,2.4903780285967514e-05
107,0.993978707652489,0.00017954630284250906,0.008328372228940775,50830.980836425784,1.1397558879274111e-06,1.791576862335205,1.8437348217048566e-06
108,0.8520629494950225,-0.004472689865497055,-0.20746863329814683,20628.862427734373,1.7487932781826208e-06,5.334174633026123,8.695666110725142e-06
109,0.9172767013774541,0.007553048859904923,0.35035309205916865,22339.746694335936,1.6893765407039935e-06,5.376217365264893,1.0495925380382687e-05
110,0.4495307653858271,0.006484031312607342,0.30076601667966013,20060.453142333983,1.7851820820229413e-06,1.4893020391464233,4.283556791051524e-06
111,0.9475619890225887,0.0027077128236439097,0.12559902335701925,27753.427651367187,1.5096403013813547e-06,2.8456108570098877,4.5512852011597715e-06
112,0.9144065176736776,-0.019326113636639775,-0.8964543716944579,27424.268803466795,1.5387864005781832e-06,16.58875846862793,2.315259371243883e-05
113,0.997636756663908,-0.0002635089114111713,-0.012223032527716431,59362.57986279297,1.0606945540714729e-06,11.616280555725098,1.0233293323835824e-05
114,0.978448560248578,0.005113939910010478,0.23721343437721532,71979.72242236328,9.84907328898985e-07,15.460315704345703,1.2536408576124813e-05
115,0.978727792459205,0.004423918695315677,0.20520635079563365,55218.78238330078,1.140857776168773e-06,15.352127075195312,1.4256820577429608e-05
116,0.10270985705917636,-0.019588770369064177,-0.9086378753446919,61544.99130273437,1.063813508355065e-06,10.088737487792969,1.1415478184062522e-05
117,0.478342570663309,-0.015352887269383225,-0.7121536781548066,37396.66813769531,1.31776681065002e-06,6.501883506774902,1.5136044567043427e-05
118,0.7468508551725225,0.010104612925553886,0.4687090535481336,18002.940244140624,1.893162425636523e-06,9.488603591918945,1.4678841580462176e-05
119,0.07308737404570836,0.04420069892298258,2.0502782156023605,20873.329498779298,1.7516868519583256e-06,6.69721794128418,3.4149263228755444e-05
120,0.969381873515835,0.0017967776597038365,0.08334470231773397,19243.883342529298,1.8233787851194507e-06,2.6133241653442383,4.964051186107099e-06
121,0.7578768744550859,-0.009941296996569857,-0.4611335377844516,20729.148225585937,1.7627618838479492e-06,5.438827037811279,1.110401535697747e-05
122,0.9795848038629774,0.00466270748240176,0.21628272425175887,26393.12414111328,1.5790329692105606e-06,9.286150932312012,1.39799049065914e-05
123,0.9669630360522086,-0.005347227931413483,-0.2480346512334687,61182.78247705078,1.0678425286522658e-06,10.934349060058594,1.078232435247628e-05
124,0.44380813408171843,-0.04197130889129492,-1.9468665065700044,61363.69743457031,1.0672307892159474e-06,23.97577667236328,3.179035411449149e-05
125,0.9235573906828377,-0.028036231939551928,-1.3004788836800516,41545.96144824219,1.288037793677654e-06,33.26278305053711,3.965809446526691e-05
126,0.8796577006288608,0.031706423683031525,1.4707231187735197,64016.719340332034,1.0455725749588439e-06,37.308414459228516,4.149394953856245e-05
127,0.9976894780832776,0.0006816948286860325,0.031620858742055474,42238.54859619141,1.2465783124091128e-06,14.54920482635498,1.6206418877118267e-05
128,0.9611851858661652,-0.004774984304454352,-0.22149075778925115,28044.10557324219,1.5007367873068894e-06,12.974485397338867,1.7685999409877695e-05
129,0.872780017577408,0.011062270015253312,0.5131306015523658,33273.008977539066,1.3878055855893847e-06,13.822905540466309,1.7425127225578763e-05
130,0.3500726794192177,0.028856330852029325,1.338519706016852,42465.400211914064,1.242491598683004e-06,7.56187105178833,3.1955005397321656e-05
131,0.28226329090118396,0.041432602394480225,1.9218782547564497,32981.55948583985,1.399327823948923e-06,10.363807678222656,3.335719520691782e-05
132,0.8181697106099926,0.022516661266700762,1.0444500021064118,43982.71226367188,1.2302384222738372e-06,11.906776428222656,2.244750976387877e-05
133,0.879196630007727,-0.013905655583196999,-0.6450228935423882,60313.00605224609,1.0732123732898344e-06,17.263134002685547,1.418776355421869e-05
134,0.9653255201097372,0.009773141088214329,0.45333351642445224,43787.84397851562,1.286545295992971e-06,30.314062118530273,2.934456460934598e-05
135,-0.25769421989525204,-0.07675014846543836,-3.560105638083356,76190.60897314452,9.934385215787848e-07,18.328760147094727,2.9817112590535544e-05
136,0.9962246255561984,-0.0014897425663941508,-0.06910267948603235,43338.30072167969,1.2292620468575647e-06,13.219600677490234,1.4600593203795142e-05
137,0.999670750591389,-0.0006568828598579053,-0.03046993940335554,18175.71970288086,1.8724713361749719e-06,18.93775749206543,2.922028215834871e-05
138,0.9664173461249231,0.004840740827600739,0.2245409169547364,20921.869943603517,1.7663615899524717e-06,11.217289924621582,1.659995541558601e-05
139,0.7560883977536129,0.031374114597279436,1.455308745336769,26322.548017578127,1.5634219229798575e-06,6.433615207672119,3.444674439379014e-05
140,0.976165136965332,0.0020529229598812647,0.09522616894109641,28818.05629345703,1.5192240601454775e-06,5.372839450836182,8.405147127632517e-06
141,0.9494874170833573,0.0074820413316321254,0.3470593615999476,70191.3865180664,1.0100891598520449e-06,15.45156192779541,1.358125518891029e-05
142,0.9014806070789471,0.04584439760109685,2.126522249630515,65867.05074121094,1.0322429964157775e-06,44.70903396606445,6.243215466383845e-05
143,0.94558646304735,-0.033748307572057046,-1.5654372332211917,90078.55797460937,9.037507009052943e-07,142.641357421875,0.0001141514876508154
144,0.5937921949318611,-0.034998289985664385,-1.6234184818202415,48967.14612451172,1.1482376672387013e-06,12.725935935974121,2.6546764274826273e-05
145,0.9254625089649952,0.004780921749229218,0.2217661700332852,24107.601807128907,1.6219951330210978e-06,6.696772575378418,1.0591428690531757e-05
146,0.6942376390766154,-0.00605512353250291,-0.2808708498728465,17309.67601171875,1.9163945950790286e-06,4.471074104309082,7.0627443164994475e-06
147,0.7029519608499027,0.012905960006372027,0.5986513629254248,18352.90838989258,1.8812356291952907e-06,4.52761173248291,1.1821543921541888e-05
148,0.41128783266597024,-0.020484375885502816,-0.950181120697599,15994.777053222657,2.013057216047734e-06,3.9685428142547607,1.4028558325662743e-05
149,0.7428034969702217,0.004600662250327438,0.21340471574049907,20042.71800830078,1.7946103210823907e-06,1.4986486434936523,4.043640274176141e-06
150,0.21914454871622205,-0.014737936228376148,-0.683628773486767,21795.99416772461,1.7173806551855808e-06,2.9777538776397705,8.145597348629963e-06
151,0.5621664708917844,-0.047814896108215946,-2.2179251066320043,26868.54453076172,1.545419647685412e-06,11.16829776763916,3.1026826036395505e-05
152,0.5916452280678712,0.029753070959676782,1.3801155801221487,42179.68339599609,1.2578865475501043e-06,12.143717765808105,2.063962529064156e-05
153,0.4940815414217657,-0.1365999493974632,-6.33627764551885,54416.284711914064,1.1168943118433402e-06,37.94249725341797,8.21146895759739e-05
154,0.2910882099778648,0.07974876800297144,3.6991985588852723,90836.76315234374,8.777065402140197e-07,35.05356979370117,3.6257781175663695e-05
155,0.861207424815217,-0.04777252458219003,-2.21595967579291,83346.15520898438,9.233664976935807e-07,69.88124084472656,5.165919355931692e-05
156,0.552843364994203,-0.1422884089782986,-6.600140549117803,54059.42878027344,1.1276582494618516e-06,56.54505157470703,0.00010636309889378026
157,0.8607952792908707,-0.016953436257439444,-0.7863961856982739,54912.973409179685,1.0898497076380188e-06,24.84822654724121,2.80264466709923e-05
158,0.9648968807898987,0.013195621565617401,0.6120875030609692,47082.194434082034,1.193531897945005e-06,42.979366302490234,4.461004937184043e-05
159,0.8766095974248473,0.014523756667523558,0.6736939150220057,57387.26754589844,1.07661036327739e-06,40.741031646728516,3.647230187198147e-05
160,0.7205086808319617,-0.03304439547993968,-1.5327858122406766,60206.4382890625,1.0508206840209164e-06,30.791290283203125,5.076260640635155e-05
161,0.9783790316485914,-0.009351583531099116,-0.43377929449954816,47165.980422851564,1.1664184846450811e-06,36.6985969543457,3.9265309169422835e-05
162,0.8955408089788438,-0.009614905243546112,-0.4459936436813541,46395.208594726566,1.1957834900699339e-06,16.686870574951172,2.0550807676045224e-05
163,0.941583963330158,-0.010294088148440352,-0.47749798520184844,70833.83898828125,9.762614271026212e-07,20.985973358154297,1.900859751913231e-05
164,0.9229351790003804,0.016128174281441098,0.7481158712963998,59687.85201757812,1.0833132708251256e-06,28.041353225708008,3.1348270567832515e-05
165,0.8340866660236361,0.1324141861068471,6.1421182883247045,48705.760325683594,1.1771966797899457e-06,140.5202178955078,0.00016428870731033385
166,0.6733667536463327,0.10413341088198518,4.830296105039446,73602.26003857421,9.545256334089016e-07,32.55778884887695,8.576163236284629e-05
167,0.8658269750768492,0.0036499778015703244,0.1693065982289418,27180.9395625,1.520401324041834e-06,5.067896366119385,8.035551218199544e-06
168,0.952777122098115,0.0022400593110052593,0.10390661050437089,14727.274179443359,2.0897336057046996e-06,3.4540419578552246,6.9538878051389474e-06
169,0.6693118549450997,0.012633035555470793,0.5859915844643859,17328.769197509766,1.931410673504115e-06,3.5050435066223145,1.242322559846798e-05
170,0.5415560103554063,-0.01325902183479089,-0.6150283658508593,16662.52821533203,1.9546129924782276e-06,2.1979868412017822,9.959811904991511e-06
171,0.75950537762799,-0.016165016200519654,-0.7498248077147889,20271.514935302734,1.7757792626034061e-06,8.190460205078125,1.6639418390695937e-05
172,0.9861610767762515,-0.0022724522808125923,-0.10540917951239412,18666.70625048828,1.8598003040549987e-06,6.921156406402588,1.1206384442630224e-05
173,0.9843849116775861,0.0025544130979987534,0.11848811571060971,22080.55659375,1.7055182569191277e-06,5.940431594848633,8.730706213100348e-06
174,0.8346343656328344,0.008438768651164516,0.39143778160925125,37355.41704492187,1.3421562699654724e-06,11.469197273254395,1.3516378203348722e-05
175,0.9318006063443399,-0.024691623674050877,-1.1453370503251303,73023.81855859375,9.831384489614854e-07,49.31638717651367,4.117857679375447e-05
176,0.9807156677164527,0.004945369792096148,0.22939419963697996,49159.178637207035,1.1817209997550116e-06,17.05687713623047,1.6286905520246364e-05
177,0.9964525724733626,0.007501943021537564,0.34798251445184913,44806.729863769535,1.2566255370171276e-06,88.91498565673828,9.458171552978456e-05
178,0.9890927378754025,-0.002209753097290121,-0.10250083703717285,89420.7553828125,8.700269100941265e-07,14.525428771972656,9.633291483623907e-06
179,0.5829544266573803,-0.006713290005305213,-0.3114003304988816,34756.13943701172,1.3540047880027476e-06,3.5503592491149902,6.777139333280502e-06
180,0.66737880648883,-0.011066047366884988,-0.5133058164686863,15614.428293457031,2.016597430302296e-06,4.407307147979736,1.5367160813184455e-05
181,0.9454405737253627,0.0024528908761225756,0.11377894130875321,15603.706830322266,2.018150574196412e-06,2.651808500289917,5.587018222286133e-06
182,0.9924287392633752,-0.0008605541021637109,-0.03991736266631976,17358.896024658203,1.9332565972332667e-06,2.803178071975708,4.700830686488189e-06
183,0.2704859960415808,-0.017264275889232038,-0.8008146845261024,16853.15228125,1.95033949966994e-06,3.1999762058258057,1.2320329005888198e-05
184,0.7496514685732643,0.013162519608593697,0.6105520472190206,17319.096911376953,1.9109571756461673e-06,6.260103702545166,1.166384117823327e-05
185,0.9959188988668699,-0.0006035829385923628,-0.027997587831393365,18874.731563720703,1.8568499104471963e-06,4.284231662750244,6.892659257573541e-06
186,0.8692650533077728,0.00367459212565788,0.17044834968758787,20599.837659179688,1.766574092725485e-06,3.672762870788574,6.288112217589514e-06
187,0.9962194105402483,0.000394714766637668,0.018309101600947536,28584.983232421873,1.4985888205107044e-06,7.895222187042236,1.0152563845622353e-05
188,0.881366704805064,-0.009853798317690897,-0.45707485456063857,50665.18657568359,1.144703088249128e-06,11.830034255981445,1.234608771483181e-05
189,0.5916561046139494,0.02286482963994657,1.060600018925635,64439.529219238284,1.0350324280836406e-06,7.03062629699707,1.2150249858677853e-05
190,0.813117795649706,0.034146099040066505,1.5838890496196922,56776.15292724609,1.1076728562396184e-06,20.47928810119629,2.4175546059268527e-05
191,0.9867835720362199,0.0019973855540034195,0.09265003018770654,54297.49209326172,1.1364662071766237e-06,38.83990478515625,3.724464841070585e-05
192,0.6481881687536115,0.008233553007442385,0.3819187202804376,35230.05575048828,1.3460777962367508e-06,5.104576110839844,7.928329978312831e-06
193,0.9071957738798376,0.0021511410851209074,0.09978208066790026,21286.650106933594,1.7245542241126773e-06,1.791841745376587,4.19701336795697e-06
194,0.913373277918213,0.0037038023548146555,0.1718032851970296,17884.16180444336,1.8950901351935747e-06,2.187138795852661,5.192545813770266e-06
195,0.9498842717480416,0.000907855528625007,0.04211147014886199,19811.26897998047,1.8003461615632945e-06,1.0205414295196533,1.835914190451149e-06
196,0.9921001152646154,0.00048370207238948647,0.02243683575207504,16979.278639160155,1.950121834609328e-06,1.7364495992660522,3.035811005247524e-06
197,0.6040105425732063,0.019498025171325914,0.9044286002285341,17313.178491455077,1.9338653528465573e-06,5.138522148132324,1.5599985999870114e-05
198,0.9908199884683171,0.0012841958674977528,0.059568261947283055,21058.781900146485,1.7489031072085328e-06,4.330562591552734,6.610981927224202e-06
199,0.504565498385296,0.004511810743879074,0.2092832807285334,24741.859443115234,1.6151522241006859e-06,2.2749414443969727,3.950388872908661e-06
200,0.8691631654179681,0.009373498023324402,0.43479581249836485,52266.85371533203,1.1473402927828944e-06,15.005329132080078,1.4785260646021925e-05
201,-0.02268453050216914,-0.03284649384481381,-1.5236060159655618,52375.988278808596,1.1433540909852817e-06,8.64905071258545,1.3679735275218263e-05
202,0.915993503193098,0.0196634828998976,0.9121034647614383,43198.20157714844,1.2916721448779024e-06,22.237110137939453,2.594445504655596e-05
203,0.9641983956137654,-0.014155984912462631,-0.6566345825659936,83541.2429086914,9.287281141809667e-07,40.185813903808594,2.8307624234003015e-05
204,0.7406638837156213,-0.02614509593431439,-1.2127573080317593,38628.287110351564,1.3033865598973178e-06,17.815881729125977,2.7039845008403063e-05
205,0.8485441104361958,0.00894943661063164,0.4151254476012736,20221.96513745117,1.7795815054830904e-06,5.157909393310547,1.1235018064326141e-05
206,0.7395986703307563,0.01693213479598223,0.7854081035310143,16614.698451416014,1.985749418004766e-06,4.604249954223633,1.7373091395711526e-05
207,0.3996489137939167,-0.022259182631710252,-1.032506687879098,17306.605557861327,1.9144931229137667e-06,4.2421369552612305,1.6995672922348604e-05
208,0.8127817895883549,0.00863472598559553,0.40052739022995376,20833.198454345704,1.78226136784106e-06,5.529091835021973,1.1556438948900905e-05
209,0.7397320451117718,0.010323121822532253,0.4788447310895832,19364.37285620117,1.8211564536870775e-06,2.0920019149780273,8.756226634432096e-06
210,0.9375796368531273,0.0049918827756037275,0.2315517346794558,24561.038454101563,1.6225395644072946e-06,5.209005355834961,8.182908459275495e-06
211,0.26078562941720024,-0.05754368309943372,-2.669201229371275,28114.663506347657,1.522625606583089e-06,9.142820358276367,3.891805317834951e-05
212,0.8956787897722043,0.00973273283018907,0.4514591530506063,56347.507987304685,1.0972142287661131e-06,14.729610443115234,1.450198487873422e-05
213,0.6764429800577385,-0.08416053949535018,-3.903841453758964,61336.8518984375,1.0667790872168304e-06,51.00862121582031,6.408443732652813e-05
214,0.9960473370021856,0.0004036731274891263,0.018724641005273556,73118.00127734375,1.0188100425371401e-06,74.03330993652344,5.28126947756391e-05
215,0.27696233576283774,-0.14577255036820932,-6.761754717352103,38167.938203125,1.3192955794102561e-06,38.22555923461914,0.0001160481187980622
216,0.8646402427703724,-0.02471951979079443,-1.146631029874161,50620.50251953125,1.1211277022943989e-06,30.829980850219727,4.522537346929312e-05
217,0.8338498442349932,0.027387828248327983,1.2704022560378272,26523.128532714843,1.5528686968917802e-06,51.754638671875,7.543480023741722e-05
218,0.9554114965143745,0.008635972509974452,0.40058521107536105,51251.77037109375,1.163059674549898e-06,57.65824890136719,5.493754360941239e-05
219,0.9957621588558574,-0.0006531558990434903,-0.03029706189792257,50593.29654980469,1.1390566112596053e-06,20.454914093017578,1.8518678189138882e-05
220,0.5565821277279944,0.043320798773770285,2.009463473940047,45767.249346191405,1.2387611023749703e-06,26.479169845581055,5.8032401284435764e-05
221,0.7616267033954711,0.025008173546877836,1.1600204224034698,29209.72006640625,1.586539649239462e-06,18.973434448242188,3.8650741771562025e-05
222,0.9882360131690798,-0.015337755158412819,-0.711451765329112,44161.11446972656,1.2471506378252569e-06,83.82659912109375,9.341372788185254e-05
223,0.6919133025154377,-0.013088524056073523,-0.6071197153084342,40990.36752978516,1.264323722986589e-06,9.90308666229248,1.9038687241845764e-05
224,0.6653864615019088,0.016103099053959895,0.7469527405335677,26943.792367675782,1.554375155831946e-06,13.255892753601074,2.4571825633756816e-05
225,0.7873871712702035,0.02407127544020142,1.1165617933509107,13503.542949951172,2.189374689217906e-06,7.2416510581970215,4.151768371229991e-05
226,0.6841848670375064,0.029495189776978088,1.368153593457137,15722.955486083983,2.0199811808751736e-06,11.058836936950684,5.624290133710019e-05
227,0.8449717153255285,0.013274907937533413,0.615765253076117,26249.0149296875,1.5817782185422478e-06,3.4781172275543213,1.7304710127064027e-05
228,0.8796176173125184,0.008592311143220698,0.3985599501337948,38945.50783300781,1.3184369103729615e-06,11.394004821777344,1.531627458462026e-05
229,0.6773539946337412,-0.03385813066328943,-1.570531448856022,57232.4366171875,1.1008280049067749e-06,27.888490676879883,3.448756615398452e-05
230,0.9831904005522201,0.011506640717789875,0.5337430260900446,30348.346954589844,1.5078625348848801e-06,73.67330932617188,8.839111251290888e-05
231,0.8289886068982306,0.018591881308905996,0.8623965268317189,44937.62645117188,1.2107275082105118e-06,14.560953140258789,2.0492818293860182e-05
232,0.36318631420407216,0.018249458093686777,0.846513002910439,30810.45512841797,1.4513565097509905e-06,5.947554111480713,1.4936905245122034e-05
233,0.7241655526987427,0.007719770842031537,0.3580865998168595,14854.778844970702,2.0833823058463785e-06,4.593606948852539,1.1839775652333628e-05
234,0.8445335207589661,0.031564586320265174,1.4641439002967926,11690.019151611328,2.350091189933987e-06,6.445050239562988,4.109679503017105e-05
235,0.8688805428914981,-0.00901330224323992,-0.4180878965772634,15736.45040625,2.0193940243636317e-06,5.532404899597168,1.174158478534082e-05
236,0.6331519470607779,-0.025072699347732055,-1.163013493713637,16449.622057373046,1.9892094624756198e-06,8.328505516052246,2.3875198166933842e-05
237,0.8388705838795489,0.011147916406418996,0.5171033652038622,16060.429946044922,1.9905078774316776e-06,6.326874732971191,1.2623268958122935e-05
238,0.5534589844356095,0.02519306835405769,1.1685968884905649,16777.565844726563,1.9579384999712807e-06,5.687469959259033,1.8565289792604744e-05
239,0.9699559107335314,-0.003972943769874241,-0.1842875850759652,19760.713748046874,1.814049337720846e-06,7.392693519592285,9.99093936115969e-06
240,0.38280311993545285,0.01755989932495735,0.8145273701862373,30855.226213867187,1.4600427512213286e-06,5.971981048583984,1.3948926607554313e-05
241,0.621552388365906,0.01419549217419003,0.6584671526395782,43610.23753173828,1.2344677360118812e-06,7.487871170043945,1.0914021913777106e-05
242,0.6680627815781731,0.015455703358335557,0.7169228694239246,76289.0160703125,9.669390539524084e-07,8.238554000854492,1.1396576155675575e-05
243,0.5326164288630172,0.043896935735113,2.0361879622360934,36501.393671386715,1.3812493878984285e-06,14.921899795532227,3.783591091632843e-05
244,0.9678043985232966,0.015869533616522324,0.736118655553819,44325.30566064453,1.2557678920382227e-06,50.38127899169922,5.51433113287203e-05
245,0.3860135695608573,0.020375620229765266,0.9451364187536146,70778.66976953125,9.782654630202316e-07,7.390687465667725,1.3538939128920902e-05
246,0.9972500794359754,-0.0007574480252284381,-0.03513472011569047,31032.17399267578,1.4329491058389415e-06,7.892143726348877,9.577086530043744e-06
247,0.7111900719133646,-0.005624532607857421,-0.2608976093099539,20242.52393701172,1.7873525010066172e-06,3.117164373397827,4.854648977925535e-06
248,0.8990563041489219,0.0044917693158147715,0.2083536460310957,17139.371580688476,1.9481070209813818e-06,3.663435935974121,7.280563750100555e-06
249,0.9687621059183305,-0.0017261578880075881,-0.0800689581999335,18100.633999023437,1.878861164439217e-06,2.463451623916626,3.8113932987471344e-06
250,0.6498802750141117,-0.0058961008176386925,-0.27349447764307344,20317.694016845704,1.7990337049104106e-06,2.154609203338623,4.383901341498131e-06
251,0.20829438836008554,0.025661118675040687,1.19030770755678,21703.833844482422,1.7227873721591134e-06,4.892630577087402,1.3371849490795285e-05
252,0.5976873524155301,0.012509667878535408,0.5802690943976377,27942.905338378907,1.5139123713385685e-06,2.36572003364563,8.488113053317647e-06
253,0.6450238524500315,-0.006154274349978861,-0.2854700251366659,41533.10049560547,1.2508165639978484e-06,3.016835927963257,4.1251755646953825e-06
254,0.9481251817258918,0.006608819314159925,0.3065543894290961,79821.26448925781,9.298226010332196e-07,9.33141040802002,8.461745892418548e-06
255,0.6458010340833154,0.024187911284361596,1.1219720229686978,42566.53360302735,1.308534368652138e-06,10.046539306640625,1.923350828292314e-05
256,0.6671673316905782,0.02923114969537197,1.355905922253879,66847.00182324219,1.0202954309576262e-06,15.490544319152832,1.9283872461528517e-05
257,0.9580274707637573,0.003817980290931766,0.17709950314895045,60744.94611132813,1.033795009443329e-06,7.863605499267578,7.620305495947832e-06
258,0.6062120220173661,0.008786349291517444,0.40756053605533965,24466.31135107422,1.6119316366528237e-06,2.295515775680542,9.254995347873773e-06
259,0.6713627097602421,0.0024020657549311936,0.11142138495052427,17672.70208618164,1.910411662445536e-06,0.7633650302886963,2.0830884750466794e-06
260,0.8679479725251557,-0.0030870645865078397,-0.14319550201916673,18390.74094921875,1.863429436439992e-06,2.092989206314087,3.347060101077659e-06
261,0.5529400160979834,-0.016869273726567175,-0.7824922518731994,20599.06081347656,1.7598301454261798e-06,3.3519113063812256,1.098353914130712e-05
262,0.5102139971600785,0.010390652559955468,0.48197718834017167,25686.572223144532,1.5885241730947993e-06,1.7959237098693848,5.714468443329679e-06
263,0.9805704607914226,-0.0014293231302488043,-0.06630008457811856,43455.31434228516,1.2328535132056883e-06,3.234049081802368,3.5740640669246204e-06
264,0.849203807332682,-0.009653092514520218,-0.4477649851238941,78415.76231005859,9.467757683899638e-07,11.50086784362793,8.19297565612942e-06
265,0.844389172503134,0.01062361336279541,0.4927832269501997,55059.96908496094,1.121469809672621e-06,5.619158744812012,7.756520062685013e-06
266,0.8901296036969447,0.035654184308298115,1.6538425672804369,37653.069243652346,1.3580648175939252e-06,10.562860488891602,2.6505551431910135e-05
267,-0.2808184666813782,0.02558510049007663,1.1867815545225713,74420.23483398437,9.604970520848772e-07,7.244111061096191,1.0041167115559801e-05
268,0.9549914398657083,-0.00243756721228441,-0.11306814317849403,33713.83716357422,1.3788766396305984e-06,4.6067070960998535,5.745605903939577e-06
269,0.3896280225389962,0.007301617959766312,0.3386903059529642,18284.66145361328,1.8838182031015045e-06,2.115952730178833,6.360144652717281e-06
270,0.9915061283159531,0.00042083757793500044,0.019520825221574795,14178.069080566407,2.1245645127605077e-06,1.5557887554168701,2.938572151833796e-06
271,0.9771321530581956,0.0009989387315620828,0.0463364238563717,17380.79044970703,1.9136557687619104e-06,1.9400882720947266,3.223781277483795e-06
272,0.8889732821692026,0.0034322598261092847,0.15920760809734646,17781.789742919922,1.89336164902082e-06,2.4766480922698975,4.798963345820084e-06
273,0.9985644376747953,0.0002281381987411306,0.010582338977053879,20271.891135986327,1.783588653544677e-06,1.6159045696258545,2.4617506824142765e-06
274,-0.08328483838372237,-0.013191020348246428,-0.6118740725955959,25249.344600830078,1.6038302278605919e-06,2.347546100616455,6.559633220604155e-06
275,0.8100202783986451,0.009125284416926702,0.42328226265834884,72409.14686376954,9.816124847443846e-07,7.38192892074585,7.638681381649803e-06
276,0.9082558661448735,-0.010002912809245354,-0.4639916273971369,41545.5130012207,1.3315868068069436e-06,15.502664566040039,1.4291323168436065e-05
277,0.7819173780928166,0.06574225628252939,3.049497387710585,49076.42773388672,1.2197698896801443e-06,15.085186958312988,4.731356239062734e-05
278,0.9688140592816278,-0.0016230026293596112,-0.07528403432351931,60483.09102246094,1.0476380038147742e-06,3.7655367851257324,3.7981465084158117e-06
279,0.8702778539218202,0.0038301547877239296,0.177664225114148,30193.359135742186,1.4580538333945316e-06,3.3319878578186035,5.665999196935445e-06
280,0.7349264281035052,0.005563226169623226,0.2580538702322809,19810.767604248045,1.7882118627877207e-06,1.8123056888580322,6.083394964662148e-06
281,0.802176209946999,0.005276795652615952,0.24476760409592385,21465.39937133789,1.7264605432540305e-06,2.6074941158294678,4.940186045132577e-06
282,0.9320199425621608,-0.002188027339324733,-0.1014930735999589,22352.376325195313,1.674007766726534e-06,2.142418146133423,3.306535290903412e-06
283,0.9988152998175461,4.060532105633374e-05,0.001883504270925751,21055.126587402345,1.7332278738699498e-06,1.9221391677856445,2.9053035177639686e-06
284,0.7423881827655712,0.004614545737658987,0.2140487103452465,21248.69065258789,1.7341284378894515e-06,1.729918122291565,3.6868389088340336e-06
285,0.3300188196023054,-0.013000952317589218,-0.6030576431672301,35729.653345703126,1.359596387036819e-06,3.479358196258545,7.331035249080742e-06
286,0.19085198380986448,-0.07310269290296889,-3.390916035558307,69696.65213720703,9.997776348140566e-07,23.40097999572754,3.734431084012613e-05
287,0.8510259404745113,0.0119812116307394,0.5557563070626902,63537.527716796874,1.056245224602304e-06,9.35381031036377,9.983332347474061e-06
288,0.9904040213546886,0.009883339732840111,0.45844515234810207,46809.617814941405,1.242310351398955e-06,47.97426223754883,4.41562406194862e-05
289,0.1345596098388691,-0.07114985036316457,-3.3003321621032984,62989.81733007813,1.0553907306910054e-06,23.799394607543945,3.80949568352662e-05
290,0.9763144356215537,0.005058478355506036,0.23464081403919676,36259.584623046874,1.3309442242106924e-06,19.890316009521484,2.4754792320891283e-05
291,0.8616422089099414,-0.01850285743712282,-0.8582670965414045,19199.490242431642,1.841300292470842e-06,17.10137367248535,3.449695577728562e-05
292,0.926921863370297,0.007747325905449234,0.3593647593851796,22666.437146484375,1.679307623387881e-06,11.574871063232422,1.7201162336277775e-05
293,0.9926283061367777,0.0011480361150063882,0.05325240312203495,17463.11018041992,1.9197064085359474e-06,7.512652397155762,1.242417965841014e-05
294,0.16637158940149332,0.02625485221085618,1.2178484244236374,22471.101415283203,1.7024790109490078e-06,3.0427725315093994,2.623023283376824e-05
295,0.8853475246887575,0.027975503948775363,1.29766197626455,22077.372796875,1.707648790604674e-06,11.480250358581543,3.954526982852258e-05
296,0.8687718407936573,0.01308041333524595,0.6067434942388402,46808.36006494141,1.2209572644389912e-06,16.86781883239746,2.093187504215166e-05
297,0.2843798962666486,-0.04704047409147239,-2.1820030368615964,51859.52846630859,1.1527009106184832e-06,16.129436492919922,4.0069549868348986e-05
298,0.9971444534146541,-0.004322190009240353,-0.20048759941739158,43700.73674365234,1.270307392709309e-06,35.43368148803711,3.4346216125413775e-05
299,0.7905678733190246,0.021886362970155695,1.0152132049917468,60043.718576660154,1.0764851779107824e-06,12.741809844970703,2.3919028535601683e-05
300,0.9969889869529672,0.0006529373183637759,0.03028692289069215,50322.71478564453,1.1407177019030837e-06,6.2566375732421875,6.096748165873578e-06
301,0.9923140386796817,0.00028235446438388623,0.013097195779937027,18424.050748779297,1.870191132327826e-06,3.3711471557617188,5.274695013213204e-06
302,0.824875325409947,-0.00638109220146361,-0.295991118946047,15162.39821435547,2.0543174397777073e-06,4.894941329956055,1.010283813229762e-05
303,0.9656618878633924,0.002835987562608785,0.13154913069287894,18833.835132568358,1.8536447874783588e-06,4.655458927154541,7.075758276187116e-06
304,0.6129484654012847,0.010548327548421516,0.48929104540294327,21408.973357666015,1.7380079324436376e-06,3.271564483642578,7.576334610348567e-06
305,0.9123499985385093,0.007080583231042295,0.32843746606045304,24530.45546923828,1.6346326323702843e-06,6.455655097961426,1.0176926480198745e-05
306,0.9609695846173848,0.005110163043168211,0.23703824194816747,28604.6204609375,1.5117587262649022e-06,7.21642541885376,9.778481398825534e-06
307,0.995320530787679,0.0014568867143238701,0.06757863938268178,36413.82540258789,1.3388817836419164e-06,8.791827201843262,9.75584680418251e-06
308,0.9302292475208292,0.008448576341665352,0.3918927177226885,63661.832916992185,1.0433898244838021e-06,10.75046443939209,1.093836544896476e-05
309,0.7014662022233895,0.015586317044373648,0.7229814703435625,58986.301732421874,1.1080476638649848e-06,4.8085432052612305,9.825295819609892e-06
310,0.9352647719244305,0.019663908808759147,0.912123220821454,40862.65927490234,1.3593059429060368e-06,27.506793975830078,3.256646959926002e-05
311,0.40804419004053166,0.03578233247323732,1.6597868033976546,88017.90863378906,8.918275922917475e-07,14.635656356811523,2.048965143330861e-05
312,0.7704132102054178,-0.0028486717414564085,-0.1321374945922689,34125.96892236328,1.381080135424078e-06,2.5662128925323486,3.27172551806143e-06
313,0.9037390884041834,0.003173630454337694,0.14721091619475524,23151.95673486328,1.6679441494274968e-06,3.7484359741210938,6.084721917432034e-06
314,0.8388376438054271,0.006567386274069039,0.3046324908715066,24862.287553222657,1.6006739634066526e-06,2.634437084197998,6.042153927410254e-06
315,0.5330901327043097,0.005261217016492182,0.2440449789100865,22795.007310058594,1.6887255759420738e-06,0.9434409737586975,3.951591679651756e-06
316,0.6244861737518729,-0.003677560643485699,-0.17058604632097393,22520.616821289062,1.6898313647932427e-06,1.6679606437683105,2.6821589926839806e-06
317,0.8804994368958968,-0.0016219711668372513,-0.07523618926243805,32499.994295410157,1.432536836703757e-06,1.4523509740829468,1.8030890487352735e-06
318,0.6082874088619273,-0.00931969701852558,-0.43230021784026357,62196.73275,1.0725443222087192e-06,2.886427164077759,6.372782991093118e-06
319,0.9778853696619908,0.0036632343323469577,0.16992151104543712,34292.82977539062,1.4086209305810708e-06,10.978290557861328,1.3587033208750654e-05
320,0.851928744122229,0.04932377302608572,2.287915345476962,32890.787510742186,1.4245914831440238e-06,38.20691680908203,6.0460399254225194e-05
321,0.44048495557711215,0.017135342183507405,0.7948340105877846,57341.61897021484,1.086527040734886e-06,2.9491357803344727,1.2374802281556185e-05
322,0.5922075724163433,0.009996971274192738,0.46371602542290463,31246.427853027344,1.4308560650216958e-06,4.120541095733643,8.774431989877485e-06
323,0.9257387151117563,0.0027026303513842,0.1253632695701019,16050.62250024414,2.0331356624782217e-06,2.9369680881500244,6.4005766944319475e-06
324,0.9871864263067636,0.0005895022855429115,0.027344447566370677,20504.14763793945,1.7978324182777826e-06,1.8509130477905273,2.847195901267696e-06
325,0.8027973048932375,-0.003490037405014868,-0.16188765873606542,17905.573570068358,1.8894747850383185e-06,1.9664340019226074,3.937493602279574e-06
326,0.6894215534975142,0.008396394319970987,0.38947222065062953,20269.66985644531,1.7697770416236801e-06,2.1677322387695312,7.269550224009436e-06
327,0.6964338815180973,0.005792571274045154,0.26869219231561864,22398.996770996095,1.693762273047785e-06,1.6513739824295044,4.9627597036305815e-06
328,0.7753135359839135,0.003145190003849662,0.14589168737036193,48654.9159921875,1.1894185636845444e-06,1.6465065479278564,2.696118599487818e-06
329,-0.031154774806519063,-0.012427279839288694,-0.576447471522668,68067.30668310547,1.028096975904812e-06,4.40827751159668,5.9852413869521115e-06
330,0.8339183572444439,0.028135760549270715,1.3050955830831803,46204.00456103516,1.2551886432895862e-06,20.6108341217041,2.855383172573056e-05
331,0.8886017767671276,0.016054539938200336,0.7447002943135608,69185.49093554687,1.0155484303630133e-06,16.968971252441406,2.03428808163153e-05
332,0.924211332318727,0.004008482964185289,0.185936093757309,37207.147916503905,1.318317396230821e-06,5.829347133636475,7.012578862486407e-06
333,0.7959608969952892,0.004298623011984049,0.19939442889613004,25207.696491210936,1.6025211611544913e-06,2.9699785709381104,5.85090901950025e-06
334,0.8784209277270255,0.006340556473689571,0.29411084280485944,14615.89926953125,2.104186529303045e-06,2.9237215518951416,1.0343576832383405e-05
335,0.9332158463545347,0.0019727255939352346,0.09150616187436782,18874.507880371093,1.847060624831516e-06,1.5762544870376587,3.2369655400543706e-06
336,-0.16902041813479773,-0.00873617611348768,-0.40523322050539307,19226.593431396483,1.846979771832975e-06,1.425426959991455,4.885429461864987e-06
337,0.9777987498865791,-0.0014355898047111481,-0.06659076835569418,23104.833604248048,1.6850742189727253e-06,3.183168649673462,4.724297014035983e-06
338,0.8859898507136476,0.007736207363315827,0.3588490185647662,49220.792406738285,1.1675838413249906e-06,5.811232089996338,7.164398539316608e-06
339,0.5780150902700685,-0.058482792638705004,-2.712762437165461,65388.199924804685,1.0393340650449948e-06,23.313554763793945,4.459454430616461e-05
340,0.5452101625382711,0.06739382793240468,3.1261066146629917,49395.0799453125,1.1909301762294158e-06,20.859272003173828,4.4180425902595744e-05
341,0.9658995335690898,-0.01702335569656381,-0.7896394444334721,64152.423580078124,1.047462315273594e-06,45.185325622558594,4.606474612955935e-05
342,0.43680964578112563,-0.025409919672906532,-1.1786556781905904,54813.81018798828,1.0979091333050565e-06,5.436280250549316,1.7819285858422518e-05
343,0.7705528156511257,0.013904000797650312,0.6449461352367384,29545.419542480467,1.469713575484047e-06,10.872143745422363,1.7280566680710763e-05
344,0.8537716937694128,0.010695454092057587,0.4961156059801304,19110.99835180664,1.815789411813535e-06,7.992339611053467,1.631013583391905e-05
345,0.8510107423144744,-0.007759687976790165,-0.3599381821180236,25456.154643066406,1.5828949023296577e-06,6.2372894287109375,9.523147127765696e-06
346,0.6107041550716259,0.008988356841421677,0.4169307878623875,39225.60300634766,1.3210725917439905e-06,4.54202938079834,8.69828090799274e-06
347,0.6805292180697704,0.025727547017663138,1.1933890295063425,56851.57042333984,1.1189694317774792e-06,9.424073219299316,2.0328612663433887e-05
348,0.998956945199241,0.00029486897998529614,0.013677689739118414,76764.38543554688,9.485534905970143e-07,24.943492889404297,1.9680219338624738e-05
349,0.9769128407201699,0.007650785101180748,0.354886651284371,51106.503331054686,1.1725721529783472e-06,21.860336303710938,2.2777878257329576e-05
350,0.03581672757987803,-0.06768715367591846,-3.139712720372985,76403.96502539063,9.87409543383918e-07,16.34324836730957,4.5086249883752316e-05
351,0.5627007928862202,-0.016456346056846895,-0.7633383328973452,48189.16697265625,1.2075119802293123e-06,10.209892272949219,1.7151867723441683e-05
352,0.5772437007228463,-0.02198305399644479,-1.0196982812388489,29241.23210839844,1.481741274641499e-06,7.477077484130859,2.190971099480521e-05
353,0.7812243809335792,0.008667740161964267,0.402058774309034,20603.43417675781,1.7778569782690195e-06,10.676765441894531,1.5513829566771165e-05
354,0.9829941490037077,-0.003092608785190601,-0.14345267328702485,17311.801815429688,1.922970865162572e-06,10.666769981384277,1.875766974990256e-05
355,0.4576767205479384,-0.015449761095587836,-0.7166472336950807,23626.349496582032,1.6395875533302054e-06,4.723998546600342,1.1245086170674767e-05
356,0.773765948423634,-0.006657832980531094,-0.30882792027535516,29490.16093261719,1.4928841678490849e-06,3.688342809677124,6.3283769122790545e-06
357,0.9874973249081702,0.002181150935382147,0.10117410712321308,62770.87964892578,1.0560427754333437e-06,15.149502754211426,1.3985297300678212e-05
358,0.8226105918176887,-0.039815155101630875,-1.8468519083361725,43267.315223144535,1.2757763608846553e-06,42.0672607421875,4.89065823785495e-05
359,0.8865277817815103,0.042828267554630046,1.9866170924638882,33201.81352880859,1.4277365976450251e-06,53.51560974121094,7.394097337964922e-05
360,0.34405224443513327,0.03090257636176582,1.4334361370827298,42533.035767089845,1.2477847674930378e-06,9.470067977905273,2.214267078670673e-05
361,0.5660751606455424,0.00874969292161172,0.4058602064562144,18638.88851171875,1.8544219700743947e-06,5.017425537109375,1.0341469533159398e-05
362,0.38846374362463126,0.01479256173832395,0.6861626133533558,16667.518378417968,1.975045193254695e-06,4.048573970794678,1.624722426640801e-05
363,0.6526263855499709,0.009619040247387745,0.44618544852843817,19294.474295410157,1.8183944808563526e-06,2.081230640411377,8.562114089727402e-06
364,0.9349457363623677,-0.0023501510020983675,-0.10901328531872909,24769.99921142578,1.6238626029825418e-06,2.889676570892334,4.226826149533736e-06
365,0.9908124108932063,0.0011853383187619096,0.05498269014503356,41933.381213867186,1.260306300548475e-06,5.613504886627197,6.502737051050644e-06
366,0.7715400747546469,-0.023066543351553528,-1.0699566408518328,53638.65507128906,1.1366022988633992e-06,15.597122192382812,2.0440802472876385e-05
367,0.6275932465799825,0.04709710429983774,2.1846298659703134,47093.20170263672,1.2236860994510384e-06,25.684232711791992,4.456985698197968e-05
368,0.8299101404478351,-0.04666420314831673,-2.164549464028723,56414.603984375,1.1064610143231949e-06,55.14596176147461,5.372116356738843e-05
369,0.7918237430542553,0.015468319355494156,0.7175080706712497,40166.1943203125,1.2615744028417255e-06,13.82547378540039,1.888012957351748e-05
370,0.9975535686076604,0.0007291184154397964,0.03382063270934934,29926.699154785158,1.4492511222087756e-06,11.406139373779297,1.4449627997237258e-05
371,0.9564981367003388,-0.004665370506169084,-0.2164062503441243,28560.65635913086,1.4971850702487108e-06,8.090902328491211,1.0245458724966738e-05
372,0.9787861524055366,0.0019420375115659333,0.09008267518086503,28873.26793701172,1.5062646996637967e-06,6.370774269104004,8.432020877080504e-06
373,0.5170469452494395,0.015369917504574648,0.7129436367090909,45072.826563964845,1.203204836094328e-06,7.684422016143799,1.3235619917395525e-05
374,0.7587905945370382,-0.012284949013675097,-0.569845363450288,70125.9633359375,9.915100776444258e-07,9.336383819580078,9.812230928218924e-06
375,0.8395564525312432,-0.03233722564244585,-1.499983278618504,61505.903578125,1.0441221665258546e-06,28.478801727294922,3.2732466934248805e-05
376,0.991664149077634,-0.043516695162908084,-2.018550255573619,66776.98649560547,1.0250495098377065e-06,195.6154022216797,0.00020610913634300232
377,0.733516976720225,-0.018449136311263912,-0.8557752071199709,70468.68123535156,9.722184474665111e-07,14.27849006652832,1.7416228729416616e-05
378,0.8058058383164646,-0.009973068335523187,-0.4626072720403292,46660.67853515625,1.171345913225471e-06,14.622161865234375,1.3327950000530109e-05
379,0.9810841056589468,-0.00419844211334923,-0.19474747264667494,25519.198509277343,1.5660562884391455e-06,12.77367115020752,1.661034912103787e-05
380,0.5741479852642428,-0.04948695524880121,-2.2954846591882707,28132.425756347657,1.511931849094459e-06,14.831061363220215,4.041719148517586e-05
381,0.9993484552426943,-0.0009479398928783684,-0.04397080949908671,27743.13645800781,1.5263476931281008e-06,13.91565990447998,1.780610909918323e-05
382,0.30985271900645883,-0.06558130641635357,-3.0420316233117153,23745.901573242187,1.6411997457029593e-06,11.30710220336914,5.7635901612229645e-05
383,0.5479887940493995,0.09241013583601233,4.286504354502778,36416.09004736328,1.3415844846494983e-06,35.29969024658203,0.00015171393170021474
384,0.5036631596274604,0.019147229870514756,0.8881567316627902,27883.098357421874,1.5269584001952553e-06,6.270472049713135,1.854469155659899e-05
385,0.2024472130116802,0.026403148405121493,1.224727240007271,24952.0789375,1.6207616968329355e-06,8.200288772583008,2.446126200084109e-05
386,0.9470403129186973,0.0024512085958969566,0.11370090764450876,36683.67509765625,1.3334478971363429e-06,7.644318580627441,9.198982297675684e-06
387,0.9522972977453443,0.009165408740414759,0.4251434555437076,62076.4238359375,1.0400710104432857e-06,51.359375,4.6975375880720094e-05
388,0.7205797544807236,-0.04170484678335416,-1.9345064880973022,34087.275864746094,1.3880681797435494e-06,36.413448333740234,4.1718212742125615e-05
389,0.7895602441135231,-0.23280244207638698,-10.798692942840884,29558.525420898437,1.5050834246640402e-06,165.38600158691406,0.0003108732053078711
390,0.6796858360963147,0.09133819034411064,4.236781464505299,50459.61256591797,1.1531177813527969e-06,50.64659118652344,9.037920972332358e-05
391,0.8146161803703942,0.05397676833355098,2.5037475641669626,27950.247474365235,1.5207520550376948e-06,13.595173835754395,6.53206734568812e-05
392,0.7782889342043735,0.008812729295598945,0.4087841897308175,17104.66711352539,1.928696220613529e-06,6.843982219696045,1.19622627607896e-05
393,0.5448813864656404,0.02446006633187536,1.1345961121523547,18109.107735107424,1.8992191927754315e-06,10.243294715881348,2.089520603476558e-05
394,0.3571589715072405,0.03185075479009123,1.4774180112039295,17192.163216796875,1.9500113486831956e-06,9.185705184936523,2.312993092346005e-05
395,0.87968537559549,0.004445067195646244,0.2061873377613822,17206.969333984376,1.9321735805499524e-06,3.397080659866333,6.56009751764941e-06
396,0.7329795969029023,-0.008643723345289114,-0.4009447386209788,20799.27598461914,1.7673765308151555e-06,3.151992082595825,8.680724022269715e-06
397,0.7277739906382302,-0.008442733892726014,-0.39162171192237394,19832.731073486328,1.7986968673271154e-06,3.376354455947876,9.089537343243137e-06
398,0.9039674968575244,-0.004383511994447534,-0.20333205965153509,27442.615466796877,1.5318983590068673e-06,4.707218647003174,6.280113666434772e-06
399,0.9580520788516027,0.007102836231999376,0.3294696860073272,43501.91040380859,1.2188855639862368e-06,14.969022750854492,1.6498268450959586e-05
400,0.9434288932430901,0.01152024187601009,0.5343739246750296,69117.45095410156,9.742006399311817e-07,22.17317008972168,1.9680632249219343e-05
401,0.7426785387985195,0.07452679180760524,3.456973791027891,51491.852235351565,1.1476907417124382e-06,39.80138397216797,7.187738810898736e-05
402,0.5007292261032957,0.06651299872804842,3.08524877817256,57735.271928710936,1.1031579995487025e-06,27.752378463745117,5.396015694714151e-05
403,0.5764855574252976,-0.013163582308070881,-0.6106013412266016,74587.22997167968,9.583105286907588e-07,10.060599327087402,1.2060763765475713e-05
404,0.9971853934720797,0.0006473484827281939,0.030027681108697205,35411.4413203125,1.3600672438763422e-06,12.070930480957031,1.4036547327123117e-05
405,0.7424259257424999,-0.003435034089019752,-0.15933629408983707,19919.11048925781,1.7774999113103424e-06,3.106200695037842,5.420446996140527e-06
406,0.3342392229324305,-0.02181745225068366,-1.0120167363747872,20913.626877197265,1.7500118487571608e-06,5.8379130363464355,1.6688409232301638e-05
407,0.9967995121527604,-0.00010790967711726119,-0.005005460674540755,16601.367721923827,1.9844754462664557e-06,4.842300891876221,8.26918039820157e-06
408,0.6937585424838288,0.010865017785107987,0.5039809283503509,19245.565283447264,1.8282554843664843e-06,4.718547821044922,9.283129656978417e-06
409,0.9300526368558082,-0.00544128643263372,-0.2523976160902028,24747.601361816407,1.6181924966187994e-06,7.100860595703125,9.89799627859611e-06
410,0.9132628698426933,0.00808907550033314,0.3752170369883529,33460.75509619141,1.3873245465224234e-06,8.475010871887207,1.120320212066872e-05
411,0.9659417817256379,0.006243936698465376,0.28962907158482204,67196.9461953125,9.884867830939e-07,13.564571380615234,1.148054980149027e-05
412,0.8461363433361858,-0.029989365969124705,-1.391076278077871,77964.50994970703,9.441938218576608e-07,33.32554626464844,3.7293775676516816e-05
413,0.45655229026809957,0.06032419745620724,2.798177199271565,55067.27186425781,1.131791080549571e-06,24.879793167114258,3.459876461420208e-05
414,0.7536960555844057,0.03281040982608665,1.5219322352487321,67118.41688769532,9.87977967030168e-07,28.29269790649414,3.6438123061088845e-05
415,0.8268115073152587,0.012582003728232425,0.5836244399115017,46905.9072890625,1.1666624592482203e-06,10.319093704223633,1.9428225641604513e-05
416,0.7397208876682473,-0.009114592390637938,-0.42278630605325757,22356.220493164063,1.6982698774280826e-06,11.322381973266602,1.4199421457306016e-05
417,0.4508050569145883,-0.016762048767066055,-0.7775185522713661,19966.022491210937,1.7980644812656022e-06,5.635387897491455,1.595583489688579e-05
418,0.6875829606382604,-0.009896225798939846,-0.4590428809192076,18446.824740966797,1.8587380945609086e-06,4.195074081420898,1.0853847015823703e-05
419,0.8563724139798816,0.005072096201313311,0.2352724866887795,20991.84122729492,1.7533832144534268e-06,5.4157938957214355,1.080906622519251e-05
420,0.9970097058317198,-0.00047428164519014394,-0.021999863099173452,26790.203352050783,1.5599190356096653e-06,10.231557846069336,1.3104011486575473e-05
421,0.6358621642869664,0.028752570488552776,1.3337067139587484,27800.55013769531,1.5198840508951105e-06,7.065798759460449,3.0097948183538392e-05
422,0.3376366240603356,0.02107045092888757,0.9773665934036692,56410.65566113281,1.0916402907017673e-06,13.269378662109375,3.118829772574827e-05
423,0.9919810355217771,0.005010143922654318,0.23239878988224746,46000.3685234375,1.1987573391032887e-06,53.68794250488281,5.6570959714008495e-05
424,0.7907407619144795,0.044676866894510524,2.0723655771776253,40317.668605957035,1.3257495861578397e-06,37.994808197021484,4.773574983119033e-05
425,0.2269276600073702,0.026382160022446408,1.2237536802032862,68540.0104794922,1.0273962637128214e-06,20.04083824157715,1.2960594176547602e-05
426,0.9071149997530109,-0.005847951428543041,-0.27126103686130226,35320.96893652344,1.3467089163525028e-06,6.927268981933594,9.532298463454936e-06
427,0.9940913470918461,0.0006869546836180098,0.03186484053978796,15437.227994384766,2.0405491242309796e-06,2.7742626667022705,5.187278475204948e-06
428,0.9952074594213874,-0.0005463758953715767,-0.025344001862108747,15013.289574462891,2.0907091416007663e-06,2.210541009902954,3.5670598208525917e-06
429,0.6278079859894878,-0.0020938555722267308,-0.09712485483169368,17509.017296142578,1.9371783877304184e-06,1.3115637302398682,2.3710274490440497e-06
430,0.8972552179419016,-0.0012867786178395674,-0.05968806450450934,18639.75928564453,1.8626910591408756e-06,1.7431007623672485,2.4083801690721884e-06
431,-0.05529868235481503,0.011608340635674355,0.5384604430370122,22527.67519946289,1.7069989606103014e-06,1.6131511926651,7.492457825719612e-06
432,0.9933443515436863,-0.005252807042933084,-0.24365487680758235,34609.89837207031,1.383389817899836e-06,27.210676193237305,3.183986700605601e-05
433,0.9425800782144086,-0.009429106906495502,-0.43737526677256866,55953.16386816406,1.1423138719425923e-06,20.96485710144043,1.643291579966899e-05
434,0.9118837760871097,-0.010046260294204731,-0.466002328727182,37237.1105234375,1.3893723491318264e-06,13.740501403808594,1.637783134356141e-05
435,0.88262170267563,-0.06999180097631805,-3.24661528684347,69853.35569238281,1.0162735754898522e-06,101.78276062011719,8.895072096493095e-05
436,0.08226629296363895,-0.06787665414936274,-3.1485028232902743,44883.31421972656,1.221078071447407e-06,19.0938777923584,4.899078339803964e-05
437,0.9884221872718525,0.0016012826706922642,0.07427653989052314,32167.233553222657,1.40644982375243e-06,6.364406108856201,7.628071671206271e-06
438,0.6477453186410941,0.022869907079001685,1.0608355392440783,20544.277708007812,1.751415072797772e-06,5.314207553863525,2.0683401089627296e-05
439,0.6885427620349676,0.020744746208297558,0.9622585677476011,21621.943635498046,1.7173181800407109e-06,6.322098731994629,2.095519630529452e-05
440,0.6342067180388286,-0.0155745285799048,-0.722434654739176,22835.529532714845,1.6882613789492422e-06,6.424372673034668,1.62791784532601e-05
441,0.9742105203448608,-0.0038521797605904516,-0.1786858678294849,31750.427561035158,1.4445002628319287e-06,10.155146598815918,1.2237605005793739e-05
442,0.6320366388448312,0.05369100220753846,2.4904921162397375,50921.27636132813,1.151298016317175e-06,22.455978393554688,3.0598468583775684e-05
443,0.8621184264559275,-0.02689022054430375,-1.2473203985030745,62609.595677734374,1.0574940587864077e-06,28.927257537841797,2.9933946279925294e-05
444,0.7452696471528063,0.02895725146758707,1.3432009745176912,79719.54702050782,9.30400392498739e-07,17.049392700195312,2.5284249204560183e-05
445,0.9542151615887158,0.036084021599597574,1.6737808500695939,66812.85109277343,1.0454957697898707e-06,98.9056167602539,8.416855416726321e-05
446,0.7489555996543797,0.021246130115018157,0.9855155869045616,62514.60612304688,1.029127976925427e-06,13.291573524475098,1.999957203224767e-05
447,0.9946130717918023,-0.0031463186337112956,-0.1459440396017784,29189.718052246095,1.4925849828040537e-06,17.261926651000977,2.1645113520207815e-05
448,0.9587985942254987,-0.009257745979449922,-0.4294265785326119,22869.11126171875,1.6823997975996472e-06,13.061070442199707,2.2865429855301045e-05
449,0.9600691898595781,-0.009098279787676924,-0.42202963533750687,27260.71059423828,1.5411092658705855e-06,18.793731689453125,2.5247376470360905e-05
450,0.8846043591448218,0.014224187468990632,0.6597982025834371,31073.6458203125,1.4657291068160876e-06,19.749736785888672,2.819703149725683e-05
451,0.6045466385956816,-0.02934383205924696,-1.3611327671130071,48739.14834814453,1.1762212364119738e-06,20.257091522216797,2.5221454052370973e-05
452,0.9880446457215705,0.010131713115389651,0.4699661135090128,44253.80728417969,1.2487225364422677e-06,42.2610969543457,4.344288754509762e-05
453,0.9636881264031104,0.023057345838249085,1.0695300082051709,47709.9632109375,1.2303809771782e-06,69.80628204345703,7.864437793614343e-05
454,0.8668917687346962,-0.06343533071133117,-2.942489142164847,41828.29406542969,1.2785401534706197e-06,40.01823806762695,8.36988547234796e-05
455,0.9378732834336395,0.009044702942884597,0.4195444384873434,64603.523440429686,1.0247579109524292e-06,19.737747192382812,1.9137401977786794e-05
456,0.9847040731724575,0.009269686232768354,0.42998043496167465,29191.638443359374,1.4875274799818787e-06,37.239017486572266,5.2400569984456524e-05
457,0.8743678754506392,-0.016998627962296724,-0.7884924323697636,36053.88354443359,1.3618284544200158e-06,22.463464736938477,2.7421381673775613e-05
458,0.6850789666429523,0.04107389354030856,1.905239310862523,48565.352491210935,1.1753280426879336e-06,17.001096725463867,5.0253322115167975e-05
459,0.09053467724893455,-0.03514631567650838,-1.630284749926448,39304.953544921875,1.2992716320959458e-06,16.095556259155273,4.2573668906698003e-05
460,0.9938115144495484,-0.008766349139239125,-0.4066328159621254,48603.24794238281,1.1907586275264312e-06,73.61348724365234,6.248023419175297e-05
461,0.4635022744146557,-0.09302432777556804,-4.314994047755454,26690.181798828125,1.5922291854561434e-06,31.214012145996094,9.112762927543372e-05
462,-0.32684496728317675,0.06919214703448225,3.209522817789457,41181.17210449219,1.2831393848944935e-06,9.352814674377441,4.447467654244974e-05
463,0.5576282138983699,0.0386714638294544,1.7938010435793998,43145.816547851566,1.2282620273547966e-06,12.507217407226562,3.409770579310134e-05
464,0.9317260414688998,-0.0036558422248271242,-0.16957862332228793,16671.482587646486,1.943790440863726e-06,9.336014747619629,1.4316900887934025e-05
465,0.9908274217857193,-0.0015517442490319037,-0.07197866792830512,13400.325378173828,2.1711801502994302e-06,7.649835109710693,1.413801328453701e-05
466,0.9620802223679168,0.004687757597755229,0.21744469017218548,18079.46399633789,1.896399903515334e-06,6.283671855926514,1.1822080523415934e-05
467,0.9745912932714212,-0.0022166371899351254,-0.10282016015938941,22257.894525878906,1.7157080859826905e-06,5.205684185028076,7.446486961271148e-06
468,0.961605203643664,0.005142762495950927,0.2385503888035243,28076.839567626954,1.5453097519719023e-06,7.6864728927612305,1.1354458365531173e-05
469,0.9447624015512374,-0.015332493393011962,-0.711207694913036,59394.263405273436,1.082243718089481e-06,29.842517852783203,2.780812792479992e-05
470,0.8372719428911549,-0.022643809633445134,-1.0503478619330096,48571.44938769531,1.1786854302073252e-06,25.869789123535156,2.493577812856529e-05
471,0.8763274202346387,0.04784264446136892,2.2192122320706202,38737.30940722656,1.3311255959052066e-06,38.827781677246094,5.229395173955709e-05
472,0.4321143437619365,0.011521345407147499,0.5344251126857715,81008.22123535156,9.022790258306176e-07,5.327369213104248,5.816014436277328e-06
473,0.4559228205266654,-0.008153873954272623,-0.3782227554895088,29760.269240722657,1.4642311698152031e-06,5.42143440246582,7.769865987938829e-06
474,0.9201937343857081,-0.004616059689846325,-0.21411893600377221,16982.482567626954,1.9672172484261405e-06,6.127018451690674,9.679948561824858e-06
475,0.6144099727659242,-0.016215388647627442,-0.7521613664907404,17707.863998046876,1.908954400595914e-06,5.525243759155273,1.451391744922148e-05
476,0.972797069962178,-0.0018548907336152132,-0.08604031511086638,16585.647368164064,1.9524178789048226e-06,2.8507907390594482,5.276635874906788e-06
477,0.8234483570180439,-0.006326858518737705,-0.29347545424041505,17550.722556396486,1.9172110527886185e-06,4.437220573425293,7.97680149844382e-06
478,0.9974403791932458,0.0006990997423122094,0.032428196999633035,17123.164700683592,1.941065229637606e-06,4.25779390335083,7.2699954216659535e-06
479,0.6602363642977213,0.0124786705566308,0.5788312634268252,16900.96389794922,1.9349347769898925e-06,2.9645681381225586,1.062300998455612e-05
480,0.8677450747435685,0.00814638382079416,0.37787532076840624,20743.313844970704,1.7767100722653667e-06,6.912967681884766,1.25165488498169e-05
481,0.8940518548267873,-0.008686522149769622,-0.40292998904955496,52073.86677539063,1.1594670615227903e-06,11.604475021362305,1.3075345123070292e-05
482,0.7645989399902492,0.02979741470260962,1.3821724935273392,55024.16402636719,1.1166789952337578e-06,25.821041107177734,3.084995842073113e-05
483,0.9535975168262797,-0.030885589496543842,-1.432648190272733,34026.43005566406,1.4163178731189637e-06,44.26386260986328,5.7228284276789054e-05
484,0.6640459844458004,-0.16089861149920764,-7.463386917304265,53106.83470117187,1.139159959756056e-06,97.45636749267578,0.0001363878109259531
485,0.6728470273986077,0.09396954144202828,4.358838399466043,41642.53103125,1.248310823787475e-06,31.254650115966797,8.725124644115567e-05
486,0.7452517617796593,0.010875138179437268,0.5044503694345923,15289.473089111329,2.0343846224117587e-06,4.41900634765625,1.31819488160545e-05
487,0.9763338160559052,0.005450477017158771,0.2528239273409186,12822.979223144532,2.2103775257132603e-06,7.025454521179199,1.561395765747875e-05
488,0.8050463161440898,0.07532318927070496,3.4939152061941874,11965.514740478515,2.3105760778471637e-06,10.570560455322266,9.32005132199265e-05
489,0.05544959376065004,0.019015436692048672,0.882043419218459,17101.146572753907,1.930027514165008e-06,5.8408050537109375,1.6387017240049317e-05
490,0.7138316303268113,0.009360363525408371,0.43418656025561103,16957.168475097656,1.9509175605389607e-06,4.953360080718994,1.1969641491305083e-05
491,0.17872768309743461,0.015562848830674565,0.7218928819619586,19677.873659179688,1.8162366463378755e-06,3.275660276412964,1.0984517757606227e-05
492,0.7484786544272037,0.015115482636249625,0.7011415095815219,19503.186479492186,1.80605776910798e-06,7.139754772186279,1.7880849554785527e-05
493,0.8832686264144465,0.005807968365195673,0.26940639641959807,20820.1525871582,1.7542363504634878e-06,5.117021560668945,9.418270565220155e-06
494,0.569509619375852,0.02662167674109696,1.234863819239265,27746.77008203125,1.5198749462453518e-06,11.866352081298828,3.0244040317484178e-05
495,0.7189556160949594,0.03037998024252863,1.4091951756287644,57385.99977929687,1.0915190315461532e-06,27.535045623779297,4.1963354306062683e-05
496,0.6566032740520045,-0.0322047742628042,-1.4938394350838364,45399.135771484376,1.2430156107772022e-06,32.62548065185547,4.527375131146982e-05
497,0.977770971422559,0.02467930603558871,1.1447656886403155,46945.56225683594,1.2280139748247852e-06,112.0272216796875,0.00013037169992458075
498,0.8990219755456115,-0.03260511007291414,-1.5124092724482663,49879.96971191406,1.1723518910936292e-06,69.80042266845703,6.667736306553707e-05
499,0.536625864391024,0.028471705482091027,1.3206786076548882,34758.89570019531,1.3664360894350743e-06,13.602373123168945,2.678102464415133e-05
500,0.46425082145928287,0.016957806760259174,0.7865989143188811,19242.69855932617,1.827355250676291e-06,5.813266277313232,1.636554043216165e-05
501,0.4052102446202638,0.02729010169161574,1.2658691460374158,16366.067510986328,1.98821409326935e-06,6.376746654510498,2.4180413674912415e-05
502,0.8110696731599131,0.012167632308551234,0.5644035516531303,18559.665722412108,1.8617857751341733e-06,5.149474620819092,1.2708091162494384e-05
503,0.7092810921680255,-0.020092620287489062,-0.9320092820611238,17668.491559326172,1.915414205145857e-06,7.708487510681152,1.833461101341527e-05
504,0.6515459642708695,0.014491145582389097,0.6721812285924352,18277.332157470704,1.8764313752179561e-06,3.742258071899414,1.0909358934441116e-05
505,0.8750736174819338,0.009631813266656663,0.4467779333486481,22607.508856933593,1.6940834081630542e-06,5.391562461853027,1.1149629244755488e-05
506,0.9274179260050245,0.003958652683199598,0.18362468371014376,25815.07160180664,1.5754036375641347e-06,2.9799249172210693,5.242274255579105e-06
507,0.8977005665647526,0.0034000385969141793,0.1577130053895077,37265.35846508789,1.3266209242117303e-06,2.47942852973938,4.156214799877489e-06
508,0.7855715868598789,0.025845242220835438,1.1988483981820628,60788.08885351563,1.0732820813681752e-06,17.731372833251953,2.2022490156814456e-05
509,0.7080514112163092,0.04946578163749142,2.294502507433392,51491.05497509766,1.207936192011151e-06,19.147188186645508,4.356282079243101e-05
510,0.7863544341859576,-0.051764972555213506,-2.4011519760386335,40350.01792773438,1.3022612878760996e-06,32.632179260253906,4.6194225433282554e-05
511,0.5665790200336573,-0.015909650900079758,-0.7379795218874096,50438.44577050781,1.1442952973559582e-06,11.15991497039795,1.213543873745948e-05
512,0.9444665929931656,-0.004119645558495353,-0.19109244311506232,36133.71054833984,1.3418013368440217e-06,8.137014389038086,1.0044906957773492e-05
513,0.9434381076589448,-0.008161461883886624,-0.378574726548071,25367.82297753906,1.6054375173451644e-06,10.637921333312988,1.5077268471941352e-05
514,0.9962671148072993,0.0012936405398561775,0.060006359227684,25188.070073486328,1.6116930063304868e-06,9.051168441772461,1.2602082279045135e-05
515,0.5578137647878525,-0.0228962578239015,-1.062057835713352,23974.37237060547,1.6585608614964588e-06,6.461777210235596,2.1138557713129558e-05
516,0.7357837285033028,0.09239579422567763,4.285839109564071,38965.27855371094,1.3222282665853483e-06,29.581470489501953,8.405859261984006e-05
517,0.7848887145764468,0.029814337958829158,1.3829574897923174,58959.579395996094,1.0678487968438203e-06,18.15747833251953,2.1543124603340402e-05
518,0.9293460300108882,-0.025055975982324456,-1.1622377695141959,58706.977325195316,1.0747521573655172e-06,35.80537033081055,3.2387106330133975e-05
519,0.9979201830063537,0.0007631361032455248,0.03539856532020636,48040.29211328125,1.2138496338838754e-06,54.34321212768555,5.3574814955936745e-05
520,0.6955637252260034,0.025414639308650473,1.1788746015693414,95814.49139453124,8.379741505438832e-07,29.320850372314453,3.0331226298585534e-05
521,0.9975900694024485,-0.00019451630566481493,-0.009022765562574708,51502.671788085936,1.1236525473017087e-06,9.873518943786621,9.432383194507565e-06
522,0.9276312159084829,-0.006249407010088565,-0.2898828155532856,39206.29555029297,1.2752025311555502e-06,8.903563499450684,9.519415471004322e-06
523,0.8445750880544001,0.008069792712879373,0.37432259232987736,29082.91068383789,1.484742388764746e-06,6.158681869506836,9.08800029719714e-06
524,0.4065308560689246,0.018816183860717935,0.8728009468270985,26871.1075234375,1.5566392025209915e-06,7.269297122955322,1.3280557141115423e-05
525,0.962647542299489,-0.0017526667331015453,-0.08129858824971214,33520.81842333984,1.3907329149841822e-06,3.922788143157959,4.7632270252506714e-06
526,0.9175021750170954,-0.008039807570763354,-0.37293171197797753,82471.42850292969,9.140067164149571e-07,9.995878219604492,8.55924554343801e-06
527,0.8483139898808563,-0.009431473675743167,-0.4374850509060345,52766.644990722656,1.1457771758125568e-06,10.634577751159668,9.560146281728521e-06
528,0.9957833123820252,0.001017524113968701,0.04719851892738686,61896.67354003906,1.0634495479843426e-06,120.4106674194336,0.00011667407670756802
529,-0.14992367361826864,-0.023427877957337678,-1.0867173819449403,55448.25979052734,1.0867641343744756e-06,5.79378080368042,1.4441484381677583e-05
530,0.9129198348197954,-0.003316331217829061,-0.1538301840766042,21429.535375732423,1.7243561018945617e-06,3.883688449859619,5.11789721713285e-06
531,0.8868764428247081,0.010165669399176935,0.47154119785447046,13912.396960693359,2.1682211599136144e-06,2.9348111152648926,1.4188718523655552e-05
532,0.5833360743221861,-0.008114215048514119,-0.37638315130874767,18149.35703466797,1.8924350938373732e-06,2.5441641807556152,7.307106898224447e-06
533,0.5717062969349557,-0.008355062301447332,-0.3875550080442502,16706.798714965822,1.9692661242053075e-06,2.689781904220581,7.707630174991209e-06
534,0.8908298427544492,0.005974338718518714,0.2771235936461545,18154.013881591796,1.8908394077489746e-06,2.7633543014526367,7.104225460352609e-06
535,0.8386596674218859,-0.008056646436162412,-0.3737127937197687,18850.65919921875,1.8376998420993081e-06,4.2278032302856445,9.195644452120177e-06
536,0.08154546154649821,-0.06130851632042751,-2.8438354710566727,25600.97776269531,1.5835427857938819e-06,7.543483734130859,4.779276059707627e-05
537,0.6702851505710254,-0.016676446916187807,-0.7735478546501195,36512.651332519534,1.3488461840919905e-06,12.094443321228027,1.780822640284896e-05
538,0.5942488632843098,0.01816536411824206,0.842612249073534,59050.14264550781,1.102219665788046e-06,9.040547370910645,1.5024273125163745e-05
539,0.4370360360479298,0.06449408993191506,2.991600378376604,59072.86572705078,1.0811213552394035e-06,22.18678855895996,4.959265061188489e-05
540,0.962996819415059,-0.017618416992156993,-0.8172417503026322,48294.536562011715,1.1892991920584574e-06,39.859806060791016,3.6571858800016344e-05
541,0.48688845329928854,0.12796088042810996,5.935548803157909,71135.09206884766,1.002753141153559e-06,48.17734909057617,9.151596168521792e-05
542,0.908955446426488,-0.003176863214783777,-0.14736086989413938,37008.74411035156,1.3106031151345215e-06,4.091033458709717,5.610552307189209e-06
543,0.8704461945601925,0.0026925333131994486,0.12489491187584073,16240.08572290039,1.9954188170749196e-06,2.2758281230926514,5.1328333938727155e-06
544,0.8798213954097235,0.008178690902669592,0.37937390580875374,13917.362131591797,2.1363362565529927e-06,2.9202213287353516,1.1414339496695902e-05
545,0.7956925807838657,0.0035129742163558836,0.1629515976730901,20091.584958007814,1.7817984501479135e-06,2.4486138820648193,5.1331699069123715e-06
546,0.7194416265510315,0.005125598436624619,0.23775422272955887,21752.503583740236,1.7183905182336613e-06,3.346153974533081,5.57591056349338e-06
547,0.6669051652373815,0.0114412682243116,0.530710680390904,31971.693532714842,1.430658846221556e-06,4.052248001098633,8.647923095850274e-06
548,0.7014784751003917,0.00924160924173384,0.42867806544082077,49359.863598632815,1.1762288432206883e-06,3.3542730808258057,7.172619007178582e-06
549,0.9778813619211206,-0.003261164333071653,-0.15127123218677452,41232.18449951172,1.2910147451664367e-06,11.221226692199707,1.0720963473431766e-05
550,0.8742797865066232,0.03299868585868407,1.5306655416796362,31509.771255859374,1.498125380802027e-06,19.910736083984375,3.995389852207154e-05
551,0.6899757664229572,-0.0279491529446698,-1.2964396677718488,73550.37494140625,9.83289646607224e-07,22.685312271118164,2.2218853700906038e-05
552,0.8644957259145795,0.011544164160167895,0.5354835754106811,31981.980751464846,1.4142800864861445e-06,8.346945762634277,1.5810112017788924e-05
553,0.9291976513562082,0.004937537580385942,0.2290308973942393,20037.324604003905,1.7987820346922136e-06,5.728525161743164,1.2085548405593727e-05
554,0.9165959206039203,0.0029505436741446445,0.1368628905579738,24038.76744921875,1.63828413336178e-06,2.6700439453125,4.69746100861812e-06
555,0.8869790621731002,-0.003364254932098898,-0.15605315678455633,19591.99223876953,1.802399059947927e-06,2.852456569671631,4.9395530368201435e-06
556,0.5965018498192421,0.00810616135237391,0.3760095753664277,20110.52222583008,1.799144589309553e-06,2.2633020877838135,8.241139767051209e-06
557,-0.21638161114875704,0.011987106551301443,0.5560297467934087,27940.066827636718,1.54255322022548e-06,1.4347649812698364,7.700328751525376e-06
558,0.2729947427034108,0.01800114416465648,0.8349947995397513,54109.28392138672,1.1266703959505317e-06,5.352323532104492,1.0646727787388954e-05
559,0.6958540518685059,-0.011197307643500192,-0.5193944099134874,42257.900702148436,1.3113942889796305e-06,8.790830612182617,9.817161298997235e-06
560,0.8489162093576526,0.035134505097852486,1.6297369085410882,33344.87522851562,1.4431519053479405e-06,13.25072193145752,3.305300197098404e-05
561,0.8897337099576351,-0.01065796389165057,-0.4943765986099753,71179.69770507813,9.752528366237434e-07,15.170401573181152,1.3767677955911495e-05
562,0.7174015216470533,-0.006712992191810635,-0.31138651622591473,32976.4808984375,1.3984783773107885e-06,4.880825519561768,7.282433216460049e-06
563,0.9575687617288529,0.0019552219839042476,0.09069424551975402,21264.784416503906,1.730087915018495e-06,3.1053292751312256,5.659033377014566e-06
564,0.5148696078011394,0.008184385048436335,0.37963803246979033,17862.014936767577,1.8999885222738852e-06,2.8067805767059326,9.633852641854901e-06
565,0.849094100484457,0.003729126451142535,0.1729779599034485,20322.60281689453,1.7798789297427363e-06,3.316645860671997,5.516750661627157e-06
566,0.8367251383334339,-0.008147296562732144,-0.3779176588978367,20523.487660644532,1.761863743967712e-06,4.370798110961914,9.191176104650367e-06
567,0.906048533161634,0.012278789718374344,0.5695596605250787,26241.76170629883,1.5627122104561337e-06,8.558869361877441,1.3997962923895102e-05
568,0.9244364789262659,-0.03235808307940076,-1.5009507644199493,55952.80938916015,1.1039483134554784e-06,39.50242614746094,3.492701580398716e-05
569,0.8254697033201366,-0.023046724397383415,-1.0690373257509154,80989.08728833008,9.40588967274179e-07,16.06663703918457,1.6294534361804835e-05
570,0.9192445008271335,-0.03600137182665162,-1.6699470865064692,61459.0206953125,1.0874223127971736e-06,39.0717658996582,3.503095649648458e-05
571,0.8907756833595204,0.06763444016439225,3.1372675697988184,57207.518109375,1.1428153009391555e-06,75.404296875,7.364464545389637e-05
572,0.780882868829221,-0.021054840138237964,-0.9766424767092026,49494.29477734375,1.1702189978882147e-06,13.9017333984375,2.3600396161782555e-05
573,0.9439881116274589,0.006950279814859978,0.32239325721021117,23548.608342285155,1.6386747678857749e-06,9.980107307434082,1.5966445062076673e-05
574,0.6639808827241264,0.03719327537566616,1.7252343091339153,17598.332317138673,1.906096340634143e-06,9.234110832214355,4.023238579975441e-05
575,0.011185239277331463,0.026506745128124003,1.2295326414953776,23712.451076660156,1.6432957018402528e-06,2.5770654678344727,2.0975096049369313e-05
576,0.9971202249499891,-0.0005398353991136564,-0.02504061668215472,21657.58812841797,1.722055440450555e-06,3.6028695106506348,5.516697910934454e-06
577,0.9700487297693915,0.003038335602348011,0.1409351763427467,39951.94476025391,1.3000789777269098e-06,7.1873297691345215,7.4298595791333355e-06
578,0.5809618780081903,0.006581167436305791,0.3052717390600687,51535.87502392578,1.140588161245464e-06,4.385094165802002,6.55494704915327e-06
579,0.9199624754905389,0.010196112617863122,0.4729533263865072,53924.59110986328,1.1574992978298994e-06,11.95103931427002,1.751265153870918e-05
580,0.9013505360637223,-0.040590356540186036,-1.8828101320950923,64653.00071777344,1.0524897085279902e-06,70.07959747314453,6.120830948930234e-05
581,0.2501855504341974,0.0262783257324102,1.2189372590135505,40526.282752929685,1.269304560505417e-06,7.236915588378906,1.969469667528756e-05
582,0.8756212362771776,0.004336285146179888,0.2011414115270918,28280.755646972655,1.4982958867677926e-06,3.5814085006713867,6.1702589846390765e-06
583,0.7079558860216759,0.01049172869698884,0.4866656708059774,17461.76318017578,1.919437917458541e-06,4.615804195404053,1.4977304999774788e-05
584,0.9414736415849031,0.0034497324761602866,0.16001808835311873,22130.219343505858,1.7044355859918114e-06,5.349990367889404,7.729206117801368e-06
585,0.876867641628515,0.0035221682933014938,0.16337807092200868,22080.3278815918,1.71330903699299e-06,2.779043674468994,5.240101017989218e-06
586,0.9710860122825788,-0.0025666323427531506,-0.11905491333918812,25024.753482666016,1.6189515106050847e-06,5.044661521911621,7.05663069311413e-06
587,0.9447163954026033,-0.01703460139527025,-0.7901610834943661,47517.85221582031,1.1873087692888672e-06,24.971887588500977,2.7536400011740625e-05
588,0.7867295344622015,-0.030714720647815514,-1.4247223274061032,64341.32839648437,1.0468105716321805e-06,23.016916275024414,2.438908450130839e-05
589,0.6247076024009341,0.05432651840377257,2.519970949030858,72245.25675341797,9.936012753550487e-07,25.148496627807617,3.848191772704013e-05
590,0.9810369533565791,-0.004082143064937626,-0.18935286551910271,58840.01707519531,1.1113890049135771e-06,29.513404846191406,2.6944968340103514e-05
591,0.8149799798947308,0.01588365292791691,0.7367735890113661,43971.67180419922,1.2166504635965891e-06,12.516561508178711,1.8489721696823835e-05
592,0.9928572865056703,0.001955176216892688,0.09069212258710632,35949.0450546875,1.344001243701245e-06,11.81347942352295,1.2773252819897607e-05
593,0.7027364637920972,0.022742080792644937,1.0549062336746065,21096.20644970703,1.7546950979953e-06,11.681446075439453,3.0049719498492777e-05
594,0.8240878973373043,0.005400226112623556,0.250493006396379,23135.41055932617,1.6863907797468499e-06,3.8703184127807617,6.925258730916539e-06
595,0.6658357507285959,0.0074502922827649936,0.3455866612842399,27182.805356933593,1.5351481464513907e-06,3.326305389404297,7.562542123196181e-06
596,0.9803582498403743,-0.0028775985807940716,-0.133479284880327,36856.665299072265,1.3632350334015494e-06,7.752930164337158,1.0270799975842237e-05
597,0.6931039033618871,-0.023894998247308723,-1.1083850609167658,67794.96519970703,1.0173369840164436e-06,22.314308166503906,1.77895235538017e-05
598,0.825648799114273,-0.06864269601414086,-3.1840361742522263,44813.24933886719,1.2869271459085354e-06,52.9980583190918,7.370532694039866e-05
599,0.6184675129728513,0.0993796966451444,4.609791973193566,61067.593219726565,1.0519854969473178e-06,29.747621536254883,8.725963562028483e-05
600,0.6707040355603507,-0.0029255279656532,-0.1357025206222577,55720.07481542969,1.0736263806447794e-06,1.7967941761016846,2.0473341919569066e-06
601,0.9367590066999923,0.004270157263706315,0.1980740266172803,23294.43322241211,1.6593308771945106e-06,3.329413652420044,7.431388894474367e-06
602,0.41476691057376963,0.006567521569887976,0.30463876665621115,21921.445890625,1.7091138411721757e-06,1.579150915145874,4.925860139337601e-06
603,0.6208526470698038,0.006739553392843695,0.3126185748400377,17889.969247802735,1.8847629176461686e-06,2.060154914855957,6.235386990738334e-06
604,0.8546992748208834,-0.003307290040266386,-0.15341080316517464,17682.99875512695,1.912580603797739e-06,2.5866734981536865,4.051809355587466e-06
605,0.16092156310916983,-0.01577099121771925,-0.7315477021865163,20167.397155029295,1.7871470971841702e-06,3.9114620685577393,8.542668183508795e-06
606,0.8649162943757996,0.01898291373259876,0.8805348205561784,18120.753192871092,1.887564805196845e-06,7.1899895668029785,2.1665535314241424e-05
607,0.7189199230056136,-0.002394684012982075,-0.11107897804112567,24125.53234765625,1.6352027618066257e-06,1.2947735786437988,2.0111981484660646e-06
608,0.9233791281832773,0.002055708337778153,0.09535537050947343,24796.116354492187,1.6058353833662713e-06,1.8317067623138428,3.142644800391281e-06
609,0.5737235137315683,0.01522050658209737,0.7060131137311175,55512.55782910156,1.1039182447043706e-06,6.830825328826904,9.772721568879206e-06
610,0.9425235915603858,-0.010254024335997966,-0.47563959916076504,59488.03806152344,1.088599250453999e-06,18.2534236907959,1.566407263453584e-05
611,0.9719222680470516,0.015307720693265647,0.710058597096279,41268.680045898436,1.2919046901360684e-06,45.628543853759766,5.383815005188808e-05
612,0.652021701919681,0.016243814239261568,0.7534799060775148,85044.38808886718,9.182872730750021e-07,9.146222114562988,1.1535777957760729e-05
613,0.283395345472042,-0.023410853970170814,-1.0859277132093457,39847.80651855469,1.272595930923616e-06,7.6308512687683105,1.932255872816313e-05
614,0.4827414472921859,0.009286224836164982,0.43074758885486697,24784.17595263672,1.608841879015572e-06,2.5823018550872803,7.5781126724905334e-06
615,0.8557204361006437,0.0048003890148078905,0.22266917182976909,16544.17621411133,1.96421764439322e-06,1.4514881372451782,5.090951162856072e-06
616,0.8326539089327611,-0.006617302702605624,-0.3069478969289438,16764.05228515625,1.95486841707283e-06,3.3250389099121094,7.5000525612267666e-06
617,0.7555661838384252,0.007787319029064441,0.36121986647896165,15995.931270263673,2.0069050079668727e-06,3.411349296569824,7.728734090051148e-06
618,0.8015731056023037,0.007157900296418026,0.3320238685087578,18612.976814941405,1.8528274295279964e-06,2.054597854614258,6.854311777715338e-06
619,0.49520594445260324,0.008935902869922099,0.41449767622144246,21485.958944091795,1.7407506531715625e-06,2.2667899131774902,6.7685732574318536e-06
620,0.9349090354497952,-0.0055813011752079335,-0.25889229114190926,24794.519295898437,1.5986958995768187e-06,6.016697406768799,9.562667401041836e-06
621,0.3235220019041121,-0.015150205974744965,-0.7027521742593367,51094.268087890625,1.1685370402363159e-06,5.094704627990723,1.122057165048318e-05
622,0.7122183528158148,0.013881387547464914,0.6438972048947121,64048.02015283203,1.023921897870758e-06,10.679858207702637,1.1116433597635478e-05
623,0.7307888289592951,0.07068492273272062,3.2787661910721213,43659.49704736328,1.2885472494111775e-06,17.752532958984375,5.675141073879786e-05
624,0.7276697056375004,-0.019364560800296176,-0.8982377684283822,51311.405427734375,1.1463272957099197e-06,14.614391326904297,1.6454947399324737e-05
625,0.8965602048407147,-0.008146983746921223,-0.3779031487326525,40579.16963330078,1.278509254807206e-06,10.288797378540039,1.371380130876787e-05
626,0.9737252865664511,-0.0030885482153237046,-0.14326432110835147,29045.163916015626,1.4978049281850068e-06,8.001986503601074,1.058112957252888e-05
627,0.1630540914034081,-0.02377017962353001,-1.1025952677354212,38048.591678222656,1.3220261273456422e-06,7.7012248039245605,1.4678857951366808e-05
628,0.722930313169861,0.02305188897250705,1.0692768879326646,24071.647660888673,1.6717402830937743e-06,9.901579856872559,2.7605843570199795e-05
629,0.9324112083540337,0.0021820953859468107,0.1012179160779497,27092.243904052735,1.5493588187268414e-06,2.4159481525421143,4.259893103153445e-06
630,0.6892044191223154,0.02654581732265833,1.231345030693772,41797.297233398436,1.2929016836686025e-06,16.78111457824707,2.4996246793307364e-05
631,0.8429204228216056,0.01804211634048808,0.8368953206084278,52654.22848388672,1.1460556082864772e-06,13.859273910522461,1.9095374227617867e-05
632,0.7641632826486994,-0.08186308142720336,-3.797272364510194,68976.32586523438,1.0166159625839572e-06,107.22908782958984,9.465385664952919e-05
633,0.9734505805862225,0.007650142313289342,0.3548568351492619,56179.902052734375,1.1089904421428696e-06,25.015491485595703,2.4021852368605323e-05
634,0.9618937403320846,-0.011153330311932162,-0.5173544927381647,56605.61823925781,1.0785632172984641e-06,32.12849807739258,3.244376785005443e-05
635,0.8993963817257753,0.016051047243261833,0.7445382833834026,23616.230325927736,1.6534164177535968e-06,21.568580627441406,3.6064291634829715e-05
636,0.9785912178217806,0.009127310030456276,0.42337622206157344,21278.033109130858,1.7598171841606154e-06,21.650089263916016,3.441264561843127e-05
637,0.8300149354148871,0.05634770871862115,2.6137251785587945,28033.937736328124,1.5087715595436665e-06,15.578739166259766,6.769580795662478e-05
638,0.8075497111513504,0.004559428284333432,0.2114920513645871,17889.17040551758,1.9064665496895744e-06,4.069530963897705,7.28096665625344e-06
639,0.35171236684572865,0.009481255917850314,0.4397942326385219,17385.35669580078,1.9191645874277412e-06,2.2083563804626465,9.618499461794272e-06
640,0.9989100659439352,0.0004114517198044849,0.019085456077451952,19180.30431225586,1.8203204704551871e-06,2.927011728286743,4.821555648959475e-06
641,0.9872078901240691,0.0005555092531758006,0.025767658614096554,24365.45351123047,1.6349725003331234e-06,4.664546489715576,6.722889338561799e-06
642,0.7742543100280183,0.025383362004331566,1.177423783431837,36346.961494140625,1.3636060605333886e-06,7.256164073944092,3.132592610199936e-05
643,0.9905419763070268,-0.003674783421744123,-0.17045722308117467,52916.54889306641,1.1253848916828477e-06,22.085193634033203,1.937432352860924e-05
644,0.8780351167450245,-0.05579740990686179,-2.5881992096643205,43652.77545361328,1.257626667608691e-06,67.99506378173828,7.164057751651853e-05
645,0.38683917808296275,0.05552069624102855,2.5753636660000465,64625.37659960937,1.0311918898670529e-06,20.395238876342773,4.024898953502998e-05
646,0.552695508442051,0.017401167252939723,0.8071644796142525,50446.689128417966,1.1445117015660643e-06,5.802159786224365,1.5019413694972172e-05
647,0.9565503118571765,-0.003219706655106834,-0.14934819078535155,20052.76673706055,1.7772407682348187e-06,5.875050067901611,9.48538763623219e-06
648,0.8940624147161896,0.008157631989840944,0.37839707441764653,20580.987577148437,1.7647543934666854e-06,7.08800745010376,1.6234915165114217e-05
649,0.7451772885170899,0.008753403530173863,0.40603232545177254,25138.56110424805,1.5900049818815025e-06,3.3487038612365723,7.080017439875519e-06
650,0.5773225695739598,-0.007582563728949289,-0.3517221584882642,29443.178432128905,1.4664613119912863e-06,3.2850277423858643,5.118664830661146e-06
651,0.6855582123688445,-0.00519997896053504,-0.24120441178888466,35763.56925390625,1.3529407001826684e-06,2.262824535369873,3.4682479963521473e-06
652,0.83840031748278,0.011423753579765184,0.529898252193103,59876.26596679688,1.0770499108191802e-06,8.370243072509766,1.0867962373595219e-05
653,0.5014666826456649,-0.082760711901059,-3.8389095388321177,60715.84400976563,1.079154141342366e-06,54.7503776550293,6.421408761525527e-05
654,0.9091577352185579,-0.015211759208984349,-0.7056073611304942,41463.03606347656,1.3155312393936906e-06,29.78388023376465,3.18026686727535e-05
655,-0.4262044642837264,0.0752778824503567,3.491813619815652,48256.59540185547,1.1938713391322267e-06,19.088424682617188,4.874209116678685e-05
656,0.9830088183988046,0.003648734895022235,0.16924894519897463,31790.98196826172,1.4029491209253943e-06,13.578163146972656,1.8887592887040228e-05
657,0.9849872127235255,-0.0033292265947039005,-0.15442834453407875,20004.907794433595,1.8007795204981088e-06,10.109946250915527,1.4868698599457275e-05
658,0.2766300167021927,-0.019220828799625677,-0.8915706659381444,21496.122781738282,1.7188875533039023e-06,6.003658294677734,1.591022009961307e-05
659,0.3810468150516697,-0.047591626995979575,-2.2075686234046072,20054.85753149414,1.7915359947693448e-06,6.670958518981934,6.106687942519784e-05
660,0.7017600454261367,0.02190591461346068,1.0161201207040367,17305.327665527344,1.9303793287225193e-06,7.508670330047607,2.883974593714811e-05
661,0.530550173655916,0.03809920802990737,1.7672565855017626,20013.401571777344,1.7819989162347685e-06,7.0411458015441895,3.819861012743786e-05
662,0.6129128284343632,0.017028820018782434,0.7898929105795027,23808.71087597656,1.6427539374003985e-06,7.503649711608887,2.731802305788733e-05
663,0.9976288255995541,-0.0019290264281332874,-0.08947914759932564,49863.02214892578,1.169944146515752e-06,23.277019500732422,2.0491574105108157e-05
664,0.7940096547838986,0.03526100280800211,1.6356045872376463,63961.606125,1.027756163079674e-06,23.73796272277832,4.8338468332076445e-05
665,0.9118528100501105,-0.016564193976123975,-0.7683409288942348,41836.899826660156,1.3235261467267313e-06,32.446590423583984,3.101890251855366e-05
666,0.993902817818898,0.0001790029008990457,0.008303166175775426,61218.4598046875,1.0681605171479924e-06,165.66676330566406,0.00014809001004323363
667,0.8151711563470294,0.008167229821631426,0.3788422760980844,49225.75094824219,1.1626332981335919e-06,11.621427536010742,1.17683011922054e-05
668,0.7759943832356919,-0.00713416711920929,-0.33092298962213906,24013.615326416017,1.627182796850941e-06,4.450191974639893,8.788410013949033e-06
669,0.9604525221721811,0.0019979752475612375,0.092677383507562,15070.662087158204,2.0608080000595422e-06,3.16831111907959,6.100885912019294e-06
670,0.3496454023696354,0.021283349590999173,0.9872420365458442,19110.637877685545,1.8435938906373058e-06,3.0934271812438965,1.8777482182485983e-05
671,0.8342203935962649,-0.005981642427662848,-0.2774623809530568,19776.59058959961,1.7909904096154852e-06,5.953975677490234,1.016782880469691e-05
672,0.597625762995342,-0.027215445243238136,-1.2624061580419195,21401.439861328126,1.7394805380693364e-06,7.839990139007568,2.5295950763393193e-05
673,0.9983887413718103,-0.0007299643886721516,-0.033859873728870386,36669.047657714844,1.3711013596002823e-06,10.371620178222656,1.1325959349051118e-05
674,0.9043409280059855,-0.016552126354796096,-0.7677811644170757,49131.71383007812,1.1686414826439011e-06,18.29590606689453,2.0359846530482173e-05
675,0.7407066116803959,0.04280752262074777,1.9856548251907613,77236.93166650391,9.58702648241958e-07,21.325550079345703,3.2055515475803986e-05
676,0.9669559952809313,0.020581801882354152,0.954700289033052,45327.04970019531,1.2567908476855045e-06,99.32527923583984,9.846738976193592e-05
677,-0.09975835144855108,-0.5795058339733343,-26.880755647784945,93208.71139453124,8.671040502999314e-07,91.40287780761719,0.0003031003288924694
678,0.8033768130312499,0.055560893220408955,2.5772282290763058,33874.423728027345,1.3855638122072469e-06,44.51172637939453,7.437071326421574e-05
679,0.9370126983448491,-0.006680076335143862,-0.30985969277026393,20599.40453808594,1.7780311700009867e-06,11.529921531677246,2.0713314370368607e-05
680,0.9985156033077075,0.0007458317108180154,0.034595889803916965,16476.757871826172,1.9637911337386636e-06,9.483596801757812,1.64883749675937e-05
681,0.5292721365261698,0.04470055460171154,2.0734643469083123,19624.20779248047,1.8274548164443813e-06,13.26089859008789,4.017747050966136e-05
682,0.7092677100556176,-0.1675746244617297,-7.773058127888244,20596.123233398437,1.7618865121646793e-06,70.33842468261719,0.00017391712754033506
683,0.2941055292402521,-0.07065739829360417,-3.277489452031965,24969.496077148437,1.6098321425150352e-06,16.824419021606445,5.069847611594014e-05
684,0.9887462368622544,0.005861601043206859,0.2718941831299927,31047.017770996095,1.438637377667834e-06,15.78906536102295,1.9776876797550358e-05
685,0.4542469113056123,0.06940784049506013,3.219527899479257,29287.67085131836,1.5010671528388821e-06,31.55154800415039,5.0697242841124535e-05
686,0.613569282959972,0.03327246640963158,1.5433650308990567,36007.59040722656,1.350667373536231e-06,16.239301681518555,2.2893153072800487e-05
687,-0.01816083899004661,-0.07792320160593226,-3.6145184722308286,42700.560841308594,1.241102674123788e-06,19.462688446044922,3.572002242435701e-05
688,0.8189737628139038,0.017683093121877907,0.8202417947152175,53848.20894140625,1.1209195737844352e-06,13.866131782531738,1.6458563550258987e-05
689,0.9520046565705044,-0.00666544653165333,-0.3091810798042688,59667.71025,1.0687778772570063e-06,12.986618041992188,1.1333240763633512e-05
690,0.9884953687919443,0.0039507218185202,0.1832568053851564,60380.124420898435,1.0566210635025688e-06,19.126821517944336,1.744589098962024e-05
691,0.4681479473020959,0.02567429497091857,1.1909188986252253,73733.79380078125,9.560933442295487e-07,13.411690711975098,2.103286169585772e-05
692,0.8188997587102655,0.009169710529900446,0.42534299685154947,76242.34133886719,9.28085430679786e-07,17.097915649414062,1.6310643331962638e-05
693,0.40889183356336106,-0.0783885730750643,-3.6361050310087073,73247.66847753906,9.409113152210995e-07,34.98615646362305,7.176158396760002e-05
694,0.5911547809654715,-0.023519009807321363,-1.0909445921774,55931.69319140625,1.0856238569975862e-06,23.631044387817383,3.0276183679234236e-05
695,0.9781665026063249,-0.007016762544844241,-0.3254771019529835,66099.81326855469,1.0010537981481397e-06,33.87470245361328,3.234811811125837e-05
696,0.6963370421918698,-0.02870841257376604,-1.331658420313179,44598.90664794922,1.2039481920112974e-06,23.090124130249023,4.3071839172625914e-05
697,0.5374793312724051,-0.02932415765836383,-1.3602201572104804,42381.64104589844,1.2473275842020337e-06,25.663280487060547,3.999654290964827e-05
698,0.5970035555683346,-0.031793595969190125,-1.4747666620583593,47939.493224609374,1.1691541221189702e-06,17.098840713500977,5.306820821715519e-05
699,0.9872605417058136,-0.0035825990053506753,-0.1661811888700679,56917.288197265625,1.0483668052101224e-06,57.962303161621094,4.942293162457645e-05
700,0.9080837068455637,0.017282395734963752,0.8016551853751621,77614.12443359375,9.082601418319212e-07,54.52444839477539,6.040261359885335e-05
701,0.6136948615380597,-0.036558415205261756,-1.6957859065282954,76797.94280175782,9.16682849954659e-07,48.72940444946289,6.594461592612788e-05
702,0.7873763695286754,0.01701952577334431,0.7894617909498007,74985.69943457031,9.474130982370866e-07,46.04522705078125,3.358605317771435e-05
703,0.6767259926851166,-0.03014081524419816,-1.3981013513689726,72543.94262304688,9.685664920359122e-07,31.613723754882812,5.616982525680214e-05
704,0.4335915397703757,-0.0409494838484775,-1.899468486255982,63821.19916113281,1.0131531836056042e-06,35.76115036010742,6.022301022312604e-05
705,0.7656951139516619,-0.040391268061194446,-1.8735752832940562,56923.62032617188,1.0675900343705187e-06,67.5785903930664,9.358245006296784e-05
706,0.6211908927187662,0.017175698285904113,0.7967059546888218,38160.31227050781,1.2860313792185271e-06,18.96441078186035,3.37396704708226e-05
707,0.6709283180168044,-0.022754621428967003,-1.0554879392604326,20143.74726171875,1.7726464977530737e-06,18.56796646118164,3.791849667322822e-05
708,0.9842062986330675,-0.004080008943943095,-0.18925387292642515,29743.59519628906,1.474412707356404e-06,17.749258041381836,2.2397936845663935e-05
709,0.9978038472087875,0.001333600683197533,0.061859936509977356,29414.47952050781,1.4772744415040265e-06,16.984708786010742,2.1629215552820824e-05
710,0.54000485341491,-0.04041829982546142,-1.8748291692903485,53367.195638671874,1.0977397626113747e-06,31.337398529052734,5.7008775911526754e-05
711,0.6519663265265498,0.0428769237465486,1.9888740416247739,67141.57125976562,1.0062194139908344e-06,27.014942169189453,6.153336289571598e-05
712,0.9915468109213187,-0.007149515554899373,-0.3316349368108879,64843.12650390625,1.019764768106017e-06,165.8115692138672,0.0001574185153003782
713,0.8943502112173046,-0.008264937847725437,-0.3833745265436965,68856.48773144532,9.703017504269462e-07,25.718244552612305,1.7977501556742936e-05
714,0.8477179135376413,0.020621729091186182,0.9565523386266741,47365.64999414062,1.1704937872879612e-06,24.71754264831543,4.145237835473381e-05
715,0.7388704800490353,-0.01715010592275614,-0.7955188362511811,41724.90768701172,1.2378454863137925e-06,17.643388748168945,2.7450469133327715e-05
716,0.6505815398582679,-0.027509693045833124,-1.2760550340631012,24058.183232421874,1.6414099576908224e-06,23.556673049926758,4.4883003283757716e-05
717,0.8291892372307343,0.03658361329780858,1.6969547364672408,19543.24887451172,1.8092934603853693e-06,17.71568489074707,5.803993553854525e-05
718,0.8448275334547249,0.01045288859670304,0.48486404745050654,19880.379151855468,1.801025448868324e-06,9.508183479309082,1.638329376874026e-05
719,0.04663458343281582,0.03425641787424132,1.5890062606138755,26282.24893481445,1.5721574688636374e-06,5.930980682373047,2.7580759706324898e-05
720,0.9156490659322499,-0.0032967131261041507,-0.1529201861110662,28624.31689941406,1.5109316552531643e-06,7.4527740478515625,9.784194844542071e-06
721,0.38348581351325395,-0.015755833359366637,-0.7308445950517242,32502.56826855469,1.4037155518727484e-06,7.29119348526001,1.4452662981057074e-05
722,0.7488353832350326,-0.013855796487319603,-0.6427101468976989,43067.35208251953,1.2313380143840714e-06,13.571627616882324,1.9111344954581e-05
723,0.7891761527421054,-0.009206140026308705,-0.4270328027756902,57833.404046875,1.0514643058345655e-06,11.151812553405762,1.3117748494551051e-05
724,0.9272947819680031,-0.001491014596074009,-0.06916168341143991,62827.98015332031,1.0136029543073377e-06,7.826859474182129,6.059317456674762e-06
725,0.6692301262532665,-0.06963664644707135,-3.230141212626774,56597.1881171875,1.079270873347676e-06,134.49673461914062,0.00015075955889187753
726,0.7666627644381747,-0.11712823280500465,-5.433069385860704,74487.59035546875,9.390430927358628e-07,143.72923278808594,0.000196197084733285
727,0.5259779627484328,0.06718560811947968,3.116448202988534,54819.98165722656,1.105181366669118e-06,23.203842163085938,6.965354987187311e-05
728,0.836471959412892,0.04063178212168894,1.8847316846812194,38117.92476953125,1.2962613580110955e-06,33.82380294799805,5.267613960313611e-05
729,0.9983219790620033,-0.0009490835092219569,-0.04402385688823212,20363.68735595703,1.7505496708287152e-06,22.396148681640625,3.352124258526601e-05
730,0.7666712127915489,-0.024171579052318627,-1.1212144417451924,17264.144249023437,1.9261514719174927e-06,15.042387962341309,3.288654261268675e-05
731,0.09049431212258562,0.08436289848140625,3.9132280071608694,16937.958892822266,1.9534492228965232e-06,18.03769302368164,6.251870217965916e-05
732,0.6600277756563178,-0.01569360847541584,-0.7279582532711335,19846.18087915039,1.7949362882941634e-06,7.182497024536133,1.4482170627161395e-05
733,0.7282109078398405,-0.025298365187347863,-1.1734811507019594,21673.041819580078,1.719516401298753e-06,11.289496421813965,3.261082383687608e-05
734,0.9961011561006871,0.0011829490926035188,0.054871864333133374,30503.68091455078,1.4666609232914978e-06,11.49847412109375,1.5231110410240944e-05
735,0.6212760546392054,0.015007044392731289,0.6961115310101145,29487.376630859377,1.4787249190915276e-06,4.6680402755737305,1.3766475603915751e-05
736,0.8906294207725046,-0.007971161093817493,-0.3697475004227443,47713.62023046875,1.2018286289564801e-06,13.473861694335938,1.534515649836976e-05
737,0.9448912757863265,-0.009375686946851623,-0.43489734714222417,71483.02270703125,9.77430482772156e-07,28.912643432617188,2.517561188142281e-05
738,0.3498830327103744,0.014564303743757393,0.6755747175688944,61138.6898046875,1.0454032422496383e-06,6.008389472961426,1.1314513358229306e-05
739,0.6152490895318115,0.04295531947964149,1.9925104787778742,73732.74974804687,9.593258678035187e-07,34.422874450683594,6.172722351038828e-05
740,0.9146805396275202,0.053254055776149486,2.4702240713560357,38391.53646240234,1.3179779215707738e-06,107.54871368408203,0.00013365826453082263
741,0.5319544057237127,0.10688838089654425,4.958087183984382,39370.31437158203,1.3031166149361059e-06,22.563932418823242,9.31280228542164e-05
742,0.7479817697760291,0.008388648325043477,0.3891129176295231,33140.695162109376,1.3913053869253072e-06,7.130552768707275,1.401777899445733e-05
743,0.8045322722950967,0.012599162496933571,0.5844203605763724,13849.817958007812,2.1514909075489517e-06,5.24058723449707,2.0402349036885425e-05
744,0.22940319214646884,-0.007136650409478824,-0.33103817865911594,13211.740877441407,2.224229702692944e-06,3.852138042449951,7.4547924668877386e-06
745,0.9440417901177518,0.003602804105465924,0.1671184156022185,24380.3075390625,1.6369530773145975e-06,6.094130039215088,9.796015547181014e-06
746,0.5165708907091681,-0.011161248868121212,-0.5177218001258086,21156.347596923828,1.7457147345802423e-06,4.575189113616943,8.856109161570203e-06
747,0.7143882184878418,-0.015585108322384317,-0.7229254029866242,38402.13468017578,1.3321061777402714e-06,10.88107681274414,1.643036193854641e-05
748,0.9259147079659682,-0.020386745962430758,-0.945652493111543,61998.909984375,1.0550166700197854e-06,34.0656852722168,3.191376163158566e-05
749,0.9354523131873551,0.005344294603176685,0.24789858689218763,49453.67387109375,1.1797912692823014e-06,4.88667106628418,7.403970357700018e-06
750,0.9525769174790139,0.03651605079550892,1.693820805782164,38391.477502441405,1.3431605926816533e-06,62.73223876953125,7.657548849238083e-05
751,0.9363544690503696,0.006448807702889027,0.2991321465952486,86126.64216015625,8.989547771076443e-07,11.904706954956055,1.0284652489644941e-05
752,0.9434854333227133,-0.004431444196430682,-0.20555542606759877,28591.803959960936,1.4944666974818381e-06,8.847153663635254,1.0880174158955924e-05
753,0.9758328488024847,0.0030795616201669583,0.14284747203738044,14589.603107666017,2.095118253937638e-06,5.658195495605469,1.1903434824489523e-05
754,0.9622506232761825,0.004224674527629137,0.19596428027305354,16583.52926904297,1.9616664232556295e-06,5.05783748626709,1.0329486030968837e-05
755,0.6611888174185978,0.008719556541002748,0.40446231080828954,16344.869956054688,1.971776727361392e-06,2.7710886001586914,7.697361979808193e-06
756,0.9389725496579785,0.003078117147063361,0.14278046921141863,16345.319705810547,1.9678691563020394e-06,3.867830514907837,6.567060154338833e-06
757,0.9519565199761896,-0.0019357128576901373,-0.08978930199042376,15934.053775390625,2.013949354683719e-06,2.8514413833618164,4.866438302997267e-06
758,0.8210425546203535,0.004984699420731301,0.23121853008385562,17781.064682861328,1.8870659781025343e-06,2.6638596057891846,5.7312881835969165e-06
759,0.8522681882943239,0.006819340117689194,0.3163195340517921,19329.286197998048,1.835941568434361e-06,2.432185649871826,8.268769306596369e-06
760,0.7706306820171662,0.0061581197145739175,0.2856483948786021,28533.752438476564,1.5165664523421537e-06,3.996814012527466,7.806404028087854e-06
761,0.9927450338891316,0.001311955077048215,0.06085589096696946,72129.2494296875,9.837588982073594e-07,17.499011993408203,1.3657855561177712e-05
762,0.9884549314748325,-0.005889878970148685,-0.2732058731938137,34418.03008789063,1.4119617529816264e-06,21.777009963989258,2.4055851099547e-05
763,0.970642412192377,0.020995954342787705,0.9739110207240733,44045.12423339844,1.293267579679555e-06,79.14812469482422,8.042432455113158e-05
764,0.7013124026386184,0.030309977532514146,1.405948054319079,54532.527528320315,1.1039723735275122e-06,6.510211944580078,2.4282102458528243e-05
765,0.8736305653027931,0.005337558852258832,0.2475861446976273,27706.583459472655,1.5161970338114657e-06,4.808632850646973,8.75847035786137e-06
766,0.8406038196656244,0.018836983378552604,0.8737657460124183,22561.117911376954,1.6919155307679487e-06,3.879953384399414,1.940386755450163e-05
767,0.7027536134723367,0.005709423227135279,0.26483531599005994,20932.08103027344,1.7403949729019542e-06,1.3680524826049805,4.507805897446815e-06
768,0.6469182907132078,0.003666064100708503,0.17005277169443694,16995.04799633789,1.952288061021031e-06,1.3322105407714844,3.204633003406343e-06
769,0.9123171498003957,0.0018540005621091695,0.0859990239256258,17671.767255126953,1.917003366177966e-06,1.533764362335205,2.8359045245451853e-06
770,0.5264180108915746,-0.004072585466784722,-0.18890953010215544,19132.492353271486,1.823288758749393e-06,1.3529021739959717,2.296387947353651e-06
771,0.473760640835413,0.027449951451145725,1.2732838812728173,18516.053629882812,1.8596443979496205e-06,3.8194260597229004,1.7357209799229167e-05
772,0.6088657322668979,-0.005060747208770634,-0.23474605627599737,22956.82385961914,1.666450487433056e-06,1.7221873998641968,3.7808299566677306e-06
773,0.3031614449853576,0.008523600810711658,0.39537277659666253,29020.569325195313,1.4933450882514392e-06,1.28229820728302,5.077351488580462e-06
774,0.5789397298566008,-0.009479459505101531,-0.439710904862835,42504.64549121094,1.2400202846855733e-06,4.37906551361084,5.92876040172996e-06
775,0.9829413773390717,0.0033002492953288247,0.1530842136243113,87098.6459296875,9.092496013336721e-07,12.194862365722656,8.878032531356439e-06
776,0.8590670045803958,0.04085047554601813,1.894875921644053,35578.240450683596,1.3967028244260444e-06,9.53674602508545,3.3634416467975825e-05
777,0.9505495976898215,-0.025006728977823186,-1.1599534151267563,58731.765401367185,1.1064985313378111e-06,54.74897384643555,4.852705751545727e-05
778,0.8702544027749174,0.005666146057119998,0.26282787626450577,58821.28381152344,1.0759020991415306e-06,5.593193531036377,6.2468448049912695e-06
779,0.5045501866578082,0.007948732911797067,0.3687071545881191,20345.590155273436,1.7727350131183765e-06,2.7566516399383545,6.573334758286364e-06
780,0.08968408060565825,0.01691602474001151,0.7846608280893642,13555.309647094726,2.2046258309200835e-06,1.7902363538742065,1.4866475794406142e-05
781,0.8245550977684558,-0.009108646130149571,-0.42251048488660964,16742.92415649414,1.946136974646181e-06,4.265341281890869,9.748720003699418e-06
782,0.9150780539048706,0.002526538908777514,0.11719515328398686,16254.798139648437,1.97680777680181e-06,2.1856021881103516,4.543339400697732e-06
783,0.8183949481889626,0.004084075911097122,0.1894425218474298,15859.469674804688,2.0165287006091234e-06,2.4103689193725586,4.6549107537430245e-06
784,0.8253362405237934,0.018793953208410437,0.8717697635368951,16791.33825708008,1.942059323363247e-06,3.1342506408691406,1.788623740139883e-05
785,0.2884333439471159,0.010283201533504052,0.4769930024755698,26983.904917480468,1.57117749166928e-06,1.3726359605789185,9.557215889799409e-06
786,0.685315966486231,0.018446565432860815,0.8556559552503565,40464.3025546875,1.2826324524826226e-06,5.587581634521484,1.8508317225496285e-05
787,0.9602192032133327,-0.007538964127752265,-0.3496997625822862,75004.30797705078,9.65032538458894e-07,21.255531311035156,1.4926554285921156e-05
788,0.9114127958317445,0.015495599993715171,0.718773500848038,45735.75635595703,1.2323030539771728e-06,25.635799407958984,2.626050445542205e-05
789,0.9527813776767544,-0.017451636778719432,-0.8095055414476462,59685.54728662109,1.0834218478486508e-06,36.27776336669922,3.2140589610207826e-05
790,0.8722376575019276,0.00241143693423105,0.11185607320752396,43947.286859375,1.2232371465430371e-06,3.246702194213867,3.741350383279496e-06
791,0.9763607068433711,-0.0021067811377166786,-0.09772441560774743,27700.23081933594,1.5167617767885359e-06,5.413154125213623,7.42923111829441e-06
792,0.7257036523751164,0.009371865751617523,0.434720098511842,21053.008049316406,1.7378207622023274e-06,5.896962642669678,1.1612560228968505e-05
793,0.7963160538168131,0.007964171291410171,0.3694232738843343,25505.897133300783,1.5959073580427216e-06,3.434147596359253,7.484112302336143e-06
794,0.9907895594241354,-0.0003034063468669834,-0.014073701063885662,25900.138151367188,1.5923378522392435e-06,1.4696711301803589,1.7819573940869304e-06
795,0.8973718451741196,-0.0038001009066599848,-0.17627015626136636,49037.22933984375,1.184626945788565e-06,3.3828423023223877,3.789750508076395e-06
796,0.7293181714046064,-0.021440210718535028,-0.9945181421391511,69634.4984868164,1.0273696990643808e-06,13.022384643554688,1.640372647671029e-05
797,0.8591080954556949,-0.012640332073528835,-0.5863300382080748,45530.82045703125,1.2619111358554277e-06,17.380468368530273,1.6903259165701456e-05
798,0.43294809130858714,0.08135933154842351,3.773905598197872,47973.95799462891,1.1997105214201975e-06,19.73023223876953,6.446624320233241e-05
799,0.9831809425137619,-0.0020602255550835067,-0.09556490457707824,47105.22439746094,1.1997482975001267e-06,8.61093521118164,8.705254003871232e-06
800,0.8481836115231277,-0.021186159417374107,-0.9827338070243766,20470.826371826173,1.7739790875217585e-06,10.552435874938965,3.446449773036875e-05
801,0.6736962667147542,-0.010633868703257582,-0.4932589275987304,19868.229263183595,1.7980450045674144e-06,3.1726419925689697,1.1235266356379725e-05
802,0.6978432978357932,0.02967974188568142,1.376714163252136,18003.76550415039,1.912925936924324e-06,12.770380973815918,3.6063476727576926e-05
803,0.8920639525117264,-0.010810454034027469,-0.5014499532090558,21024.937586669923,1.7724863484053942e-06,16.38268280029297,2.621541170810815e-05
804,0.5045560018275177,0.019351828680888198,0.8976471807748678,29122.461957519532,1.5058294316682535e-06,4.372720241546631,1.5627707398380153e-05
805,0.9889844181224615,-0.0027854979023201956,-0.12920713490717356,46371.46788134766,1.206445955359307e-06,11.146011352539062,1.0612972801027354e-05
806,0.86712402759679,0.010959970628347615,0.5083853778443044,56147.90146386719,1.1093295432176216e-06,11.339099884033203,1.2785182661900762e-05
807,0.8953726840804203,-0.02124534442755445,-0.9854791422796946,47603.17730224609,1.2259030068277965e-06,26.954370498657227,3.381071292096749e-05
808,0.9581604443249113,0.004598056499049646,0.21328384626987276,79815.2392758789,9.485248036184696e-07,14.03306770324707,1.1091322448919527e-05
809,0.9682087886458042,0.002794849453562904,0.12964091270395506,52046.26829882812,1.1337151685565955e-06,8.097029685974121,8.609812539361883e-06
810,0.947613858502059,-0.013188664884900565,-0.6117648128937507,39334.53119726563,1.2753866190973812e-06,20.806663513183594,2.2857078874949366e-05
811,0.15254375845662227,0.015211527854439954,0.7055966295992285,25662.232565185546,1.5921884764422894e-06,4.281497955322266,1.0130209375347476e-05
812,0.7752574848260462,0.007885041472249686,0.36575278567074326,24756.041806152345,1.6303254472276496e-06,5.067934036254883,7.76187971496256e-06
813,0.9409322163026356,-0.008838783752278562,-0.4099927426779701,31342.68458154297,1.448084168654382e-06,10.432184219360352,1.6224394130404107e-05
814,0.8906588106072745,0.022216983710509848,1.0305492634272841,47262.32057275391,1.1922116230670837e-06,22.95918083190918,3.222355371690355e-05
815,0.9897109854305791,-0.0038554756137654865,-0.17883874812620537,48137.172485839845,1.2008440507186254e-06,33.90061950683594,3.174862649757415e-05
816,0.7383584864731799,-0.022436435380940676,-1.0407286721295281,35060.78748730469,1.4115632586436297e-06,20.468456268310547,2.5085018933168612e-05
817,0.5798915773547683,0.021187849094677202,0.9828121838068788,60358.6039140625,1.0631498757168887e-06,12.23475456237793,1.8938557332148775e-05
818,0.7418330309328462,0.005833081953006707,0.27057130655132017,34246.17575341797,1.3665966791818087e-06,2.7023651599884033,6.780019703001017e-06
819,0.33092777589257366,-0.011425520455911473,-0.5299802098942407,17863.70491040039,1.8901625881308947e-06,4.64251708984375,1.4079503671382554e-05
820,0.8866281621295843,-0.00954564074728108,-0.4427807648973711,19898.292415527343,1.7868149677282296e-06,7.145954608917236,1.3471279089571908e-05
821,0.9995202483126869,0.0001865270592890842,0.008652179164568142,18529.251860107423,1.856276347546299e-06,3.978210926055908,6.375159955496201e-06
822,0.5951848839736096,0.0148689388681441,0.6897054162785616,24835.428466796875,1.6164324928793729e-06,4.9093708992004395,1.1297173841740005e-05
823,0.8832382419544569,-0.004538494895644774,-0.2105210424924904,23720.176869628907,1.6473979629306636e-06,3.3410158157348633,5.723248250433244e-06
824,0.9983837489289644,-0.00027100433837346036,-0.012570712790514933,30923.562373046876,1.4655748976999856e-06,4.530631065368652,5.8398004512127955e-06
825,0.928082137367449,-0.0038182624535375085,-0.17711259144524233,73069.80680761719,9.66341008391296e-07,6.145901679992676,5.986104042676743e-06
826,0.5570291622435825,-0.0533232708097276,-2.473434655781061,58059.29281689453,1.0928963354161965e-06,23.987133026123047,3.493167969281785e-05
827,0.870656983509688,0.061397751248400495,2.847974691325851,44768.007768554686,1.2563899126192355e-06,45.11022186279297,6.497390131698921e-05
828,0.9738294322093962,-0.0014644358080961783,-0.06792880901542611,59400.722140625,1.0603235427679524e-06,4.069502353668213,4.043593435199e-06
829,0.49775250870924925,-0.019457552298494937,-0.9025512396548295,27918.883452636717,1.5123840042074588e-06,13.039355278015137,2.3739325115457177e-05
830,0.6771396177943977,0.014604934924300981,0.6774594213489835,20868.307332519533,1.7453323810707714e-06,4.435078144073486,1.5094975424290169e-05
831,0.7385125725429407,0.02030729097580382,0.941966921793179,22556.191111328124,1.6873725317370694e-06,3.769632339477539,1.8959337467094883e-05
832,0.561444368893976,-0.015308227659140118,-0.7100821130386468,18501.547711669922,1.8759313025899203e-06,3.8095197677612305,1.3817218132317066e-05
833,0.36970448526151617,0.014092907676841038,0.6537087038978594,19003.611212890624,1.825763087098671e-06,3.6571943759918213,9.74358590610791e-06
834,0.8588863497206993,0.006224279428152293,0.28871725629494743,20996.161598388673,1.7533428474103003e-06,3.927225112915039,7.759756044833921e-06
835,0.7078156096259237,0.012179491888280079,0.5649536659851823,22604.943803955077,1.671679438168901e-06,4.338495254516602,1.0411738912807778e-05
836,0.5339384261002115,0.025244260841045304,1.170971485350585,26129.41740283203,1.571153466170969e-06,6.635106563568115,1.948513090610504e-05
837,0.9633682471750122,-0.003938025860477354,-0.18266789510012205,62233.53810839844,1.0466767456435512e-06,8.64476490020752,8.167477972165216e-06
838,0.61080619792516,0.031192937504433957,1.4469047278511067,57038.80522607422,1.1033600524824266e-06,14.749869346618652,2.4984397896332666e-05
839,0.9405582367219607,0.02339604800664576,1.0852409289453837,43107.66679589844,1.3080613439536408e-06,44.0329475402832,5.602364763035439e-05
840,0.7607557034759866,0.030636063253269598,1.421073752916036,76597.04780859375,9.75357353360025e-07,30.32942008972168,2.6374698791187257e-05
841,0.9942730863470365,-0.0006790072459482079,-0.03149619346584362,38323.92153857422,1.2890730491774945e-06,4.559424877166748,5.207021786191035e-06
842,0.975924871578724,-0.0015085686133207684,-0.06997593793759685,18641.331702392577,1.8426256674580451e-06,3.2155706882476807,5.258977580524515e-06
843,0.9375028505073184,-0.0023782101813157293,-0.11031482862684013,16817.46462207031,1.9678360727574643e-06,2.7237439155578613,4.667072062147781e-06
844,0.9982066025075425,-0.0001587753946819137,-0.007364900121991742,18446.888943359376,1.8796644269476623e-06,1.3063113689422607,2.1515352273127064e-06
845,0.17409841902648096,-0.00868779517612915,-0.40298903920659823,20458.66630957031,1.7752642385257737e-06,2.596857786178589,6.45033787805005e-06
846,0.42865594431315224,0.007212558381128969,0.33455921937695693,25407.606245605468,1.599034905103503e-06,2.671139717102051,4.537885615718551e-06
847,0.8832077657148235,-0.02175658320485232,-1.0091932860286752,29793.263962158202,1.4854619734573019e-06,15.725709915161133,2.8652963010245003e-05
848,0.9337743980752304,0.006774000489568396,0.3142164258633545,54645.4985078125,1.1500815042656298e-06,12.474016189575195,1.2632536709134001e-05
849,0.9581989564866383,0.012713670944839663,0.5897319095329482,43874.806114257815,1.2701839305585654e-06,29.80279541015625,2.9107646696502343e-05
850,0.7303141008386124,0.020535421638597576,0.9525489112104042,66122.12863964844,1.036011775598137e-06,17.39097023010254,2.0590749045368284e-05
851,0.6594108681695207,0.006920614601542121,0.3210172169640426,40673.61298193359,1.2676936752501682e-06,3.5209014415740967,7.208126135083148e-06
852,0.22093345474849707,0.010485464396610956,0.4863750971518562,32032.911704101563,1.4198702297073886e-06,3.4586341381073,7.88580746302614e-06
853,0.42730857206673833,0.011405960155182065,0.529072892601679,19998.164220947267,1.7812964017744591e-06,3.027709722518921,1.0191514775215182e-05
854,0.9995904636904084,3.0197098452648953e-06,0.00014007120846605886,20504.82798022461,1.7785274332852217e-06,2.439680576324463,3.6054386782780057e-06
855,0.7556304000011036,0.0019269215446499745,0.08938151120765371,21458.888245605467,1.744059245663431e-06,0.7338116765022278,1.7304731727563194e-06
856,0.9846068751341819,-0.005570793088386869,-0.258404866688861,27249.445907470705,1.5599745586174721e-06,13.960719108581543,1.8640470443642698e-05
857,0.948929452007581,0.0025466878220113173,0.11812977375103675,34524.44998388672,1.3883822387911161e-06,3.6843907833099365,4.659714250010438e-06
858,0.9638804192230076,-0.005053255355892494,-0.23439854179942055,64168.478911132814,1.0246986934730248e-06,9.097053527832031,8.092250936897472e-06
859,0.2577100670123737,-0.028110800052524886,-1.3039377741802545,66079.08433398437,1.0422592139027507e-06,10.593528747558594,1.4375808859767858e-05
860,0.9440041258110482,0.01113139934632655,0.5163372106108695,41330.34082763672,1.339297319968658e-06,22.921659469604492,2.4387521989410743e-05
861,0.5973015590176997,-0.0634066040167813,-2.941156635723163,85299.58391796875,9.265445511197084e-07,58.21917724609375,6.224741810001433e-05
862,0.7880394939358278,-0.01931504357423757,-0.8959408796379603,39815.67806787109,1.2734313809263793e-06,13.292510986328125,2.023297201958485e-05
863,0.9873007981232852,-0.005707942566815169,-0.2647666345964847,21807.729883789063,1.712278993452929e-06,16.382125854492188,2.4110986487357877e-05
864,0.8491251158628939,-0.007779490156313738,-0.3608567191160329,19892.440974853514,1.8113028530102436e-06,6.9878926277160645,1.1515003279782832e-05
865,0.9634278919635533,-0.007342587494695469,-0.3405907045216604,31197.71026855469,1.4615400882162613e-06,18.52079963684082,2.833767211996019e-05
866,-0.2555741735522452,-0.049359267305376216,-2.289561770745817,29186.025902832032,1.500497392901598e-06,14.261412620544434,3.618405025918037e-05
867,0.7939231291909696,0.018593730406290355,0.8624822984185503,41790.94664111328,1.2498467920509755e-06,12.142313003540039,2.1774150809505954e-05
868,0.827938431121761,-0.024685869924422888,-1.1450701589001588,42512.232061523435,1.2588360059284542e-06,32.95819854736328,4.0739007090451196e-05
869,0.9681280060022502,-0.005907559738670563,-0.2740260071604435,48113.50762841797,1.1735958258952826e-06,20.040462493896484,1.8936872947961092e-05
870,0.9944058870139335,-0.005877610131817248,-0.2726367751348549,46300.25763134765,1.2239464691568086e-06,52.30078887939453,5.0300444854656234e-05
871,0.9769445261161259,-0.06393689123109973,-2.965754353633099,42212.094283691404,1.2796250938197207e-06,227.12432861328125,0.00022595810878556222
872,0.9636451939454284,-0.011534723206577883,-0.5350456506277758,46336.60839990235,1.1939908257869508e-06,39.35338592529297,4.619053652277216e-05
873,0.3579808122497147,-0.053260314554661944,-2.4705143888748315,28568.85946142578,1.489452160550251e-06,23.705984115600586,6.638513877987862e-05
874,0.9112644139061395,0.01541691542400838,0.7151236658204295,38073.854359375,1.2893827573306305e-06,25.36957550048828,3.602946890168823e-05
875,0.6013287190867024,0.039647058421864535,1.8390546343328693,43312.295680664065,1.2326910719282064e-06,14.107332229614258,4.111464659217745e-05
876,0.21366329263905223,0.02285332537381858,1.06006638604644,29098.73836279297,1.483663479267868e-06,4.62198543548584,2.285815753566567e-05
877,0.8495645183994236,0.006592360888582423,0.30579095463627837,31036.076584472656,1.4387056822715204e-06,4.016740798950195,8.045173672144301e-06
878,0.7714799172133937,-0.025182776345370826,-1.168119486962543,50030.08961572266,1.1611613890415347e-06,17.981088638305664,2.594958641566336e-05
879,0.6355237954720934,-0.055676658850083834,-2.582598093228261,47666.76276318359,1.1851618599750968e-06,27.963449478149414,4.509552309173159e-05
880,0.7448666859523688,0.09959847625825478,4.619940208079165,39316.408072753904,1.316438775783552e-06,58.276371002197266,8.49333155201748e-05
881,0.7715126362937602,-0.15130896236220476,-7.018564794578875,65829.64428173828,1.002670449086486e-06,49.33418655395508,0.00011508726311149076
882,0.5552566152127524,-0.02613532648718783,-1.2123041458621528,24653.167264160154,1.6073866581089627e-06,15.080108642578125,3.097090302617289e-05
883,0.9417094594130494,-0.006362212446111194,-0.2951153691941617,18012.047251953125,1.9000466798232174e-06,10.8504638671875,2.097312426485587e-05
884,0.5054087540163461,0.016160987659949125,0.7496379412358942,15651.618614746094,2.051956298373778e-06,7.005540370941162,1.7843765817815438e-05
885,0.22058368968851053,-0.03442714772887069,-1.5969256761486732,16892.61376928711,1.967213962904905e-06,3.904478073120117,2.8095881134504452e-05
886,0.355421727645344,-0.017178477180938366,-0.7968348555453918,21413.338063476564,1.738728824291624e-06,2.503300666809082,1.0038264917966444e-05
887,0.9383069124593406,-0.004632124562134532,-0.21486411557087218,22706.54928173828,1.6891461022928335e-06,6.598113059997559,8.81158575793961e-06
888,0.7664396020109616,-0.04992066993077388,-2.315602797269864,38504.6528359375,1.3003158956590723e-06,21.051237106323242,4.180422911304049e-05
889,0.7889831633604836,-0.04735580703847977,-2.1966299610429867,49566.67890527344,1.1594243254425054e-06,57.3641471862793,5.886062717763707e-05
890,0.9003726120600395,-0.01820508072802805,-0.8444545298932035,60069.51416845703,1.0544000833347576e-06,25.564693450927734,2.4101804228848778e-05
891,0.792151159409681,0.08400661043730889,3.8967013541193602,71297.73761279297,9.591563630347667e-07,108.60591125488281,8.087631431408226e-05
892,0.9983679372396584,-0.005127314682488188,-0.23783383191204774,55885.49724023438,1.0968410501511251e-06,61.88206100463867,5.3416013543028384e-05
893,0.9293026430893263,0.046507295265613605,2.157271189666522,49750.29680517578,1.1835657037699879e-06,81.61665344238281,8.485373109579086e-05
894,0.1399522474028822,-0.1743531260012698,-8.0874833378869,66151.75997705078,1.0119638248192971e-06,54.61288833618164,0.00010493262379895896
895,0.8740476034344757,-0.04128401166429269,-1.9149857769321774,38071.83662890625,1.2821535730862892e-06,50.38456344604492,0.00010049746924778447
896,0.16507141799518135,0.047183114192108334,2.188619490857376,40104.34189257812,1.2814047905976086e-06,32.031280517578125,5.8266305131837726e-05
897,0.36265139411924374,0.035065972224119696,1.6265579665449044,20373.2635168457,1.7897979174399235e-06,18.540138244628906,4.570623787003569e-05
898,0.6704221911848378,-0.06040398668081166,-2.8018782744362647,17848.967407226562,1.8938933646003662e-06,19.53891944885254,9.163498907582834e-05
899,0.9058983281854108,0.006289874362414131,0.29175992005475015,33328.48648535156,1.3926864905660634e-06,9.926220893859863,1.4175822798279114e-05
900,0.635658006189916,0.0055294029399213405,0.25648495768725704,35977.898296875,1.358500827198624e-06,3.89127779006958,4.780210019816877e-06
901,0.6250832671328347,-0.03322285186175102,-1.5410636277725203,51979.932616210936,1.1355295476175125e-06,18.540281295776367,2.458292874507606e-05
902,0.9883011701551747,0.009068428465403131,0.4206449623061702,54614.239677734375,1.1272838700159263e-06,49.199729919433594,5.050384788773954e-05
903,0.6148156606826476,0.08226303691538922,3.815824560394403,36777.93376611328,1.3540956279005555e-06,30.79850196838379,6.905724876560271e-05
904,0.5172626383878242,0.041055358739329285,1.9043795620439679,44393.24073779297,1.2121837820647638e-06,6.765324115753174,3.537888915161602e-05
905,0.9949093203410722,0.00030244743236997393,0.014029221190224173,20661.00783984375,1.7716998001255043e-06,8.55937671661377,1.2614033948921133e-05
906,0.7078034876199425,-0.016095624450499557,-0.7466060261824736,18513.531168945312,1.8628986603307403e-06,12.508525848388672,2.1264699171297252e-05
907,0.7765203746235125,0.014966421646554838,0.6942272184636399,25563.365533935546,1.5862896446464607e-06,5.010805130004883,1.451464049750939e-05
908,0.725564311782135,-0.007056762523834602,-0.3273325270378083,23835.397218261718,1.6281163672378777e-06,3.0905721187591553,6.361589839798398e-06
909,0.9964298853451211,-0.0007132407525611413,-0.033084136972675406,28573.522829589845,1.5109950187585071e-06,3.36356258392334,4.089868070877856e-06
910,0.5611739472514736,-0.00916983472292336,-0.42534875762582713,32038.094732421876,1.4320431772450693e-06,3.994786262512207,6.294654212979367e-06
911,0.9866753673672937,-0.004674682324891479,-0.21683818512206593,58685.630115722655,1.0871439290110802e-06,20.774742126464844,1.853260437201243e-05
912,0.4596107455002779,-0.045748363548207334,-2.122067647522561,46891.36531347656,1.2088508577246332e-06,17.740758895874023,2.9500741220545024e-05
913,0.9932426570311068,-0.005326401609151668,-0.24706860870733316,43097.27014477539,1.2593731759309745e-06,25.300992965698242,2.4246266548288986e-05
914,0.6221808683279771,0.06862879052949186,3.1833911592875794,75414.07267382812,9.47269514924313e-07,28.015975952148438,6.975209544179961e-05
915,0.5071074076503963,-0.00852219508869748,-0.395307571265229,35500.22891601562,1.3310085477458399e-06,2.325270652770996,6.889481028338196e-06
916,0.7964498073494184,0.006168693623136138,0.28613887251599573,19888.640044433592,1.7863339671326553e-06,3.070021867752075,7.760116204735823e-06
917,0.9145216726458184,0.004318741190365612,0.20032762370703552,17853.853040283204,1.9171514067743213e-06,4.426022052764893,8.397091733058915e-06
918,0.9944148076905625,0.0013584921597849452,0.0630145438678898,15818.27275,2.0213356760605208e-06,5.2351250648498535,9.081589269044343e-06
919,0.9804480647328994,-0.0027262909215343195,-0.12646078053100435,16608.982947265624,1.9591810791591193e-06,5.616481304168701,9.624319318390917e-06
920,0.9940184521468679,0.0011292471034546748,0.052380862580463365,17432.385059082033,1.9093013891278977e-06,4.732275009155273,7.929146704555023e-06
921,0.9499128773473676,-0.003768595904334149,-0.17480877620346918,17198.439482421876,1.9139566092636685e-06,3.90745210647583,6.486797246907372e-06
922,0.9826152647638,-0.002601494668613526,-0.12067202503647835,19011.98173901367,1.832587197578119e-06,5.9773454666137695,9.219339517585468e-06
923,0.9655493144842534,-0.003480606789363099,-0.16145021348516042,26910.92591308594,1.5573207401568239e-06,6.05517053604126,7.958211426739581e-06
924,0.7616807303717582,-0.007699804920965414,-0.357160467560724,46835.40893310547,1.1799152900535972e-06,5.804809093475342,6.561408554262016e-06
925,0.9928869912875705,0.0008799893013325901,0.04081887704149465,72607.81271875,9.891815613629722e-07,12.06930160522461,9.616521310817916e-06
926,0.8586513242209411,0.015440779917131317,0.7162306358812788,51735.819640625,1.1561710910718575e-06,13.453912734985352,1.613355561858043e-05
927,0.9384664502852141,-0.008057240423696552,-0.37374034621851326,72114.40825585938,9.763558491647298e-07,22.29525375366211,1.7779369954951108e-05
928,0.7322766107401633,0.012898315313151883,0.598296758850011,54057.159376953125,1.0896455961325307e-06,2.968693256378174,9.89595901046414e-06
929,0.7425319428706267,-0.006205927527316996,-0.2878659914187275,19854.497282714845,1.7777686304412934e-06,2.9540419578552246,8.644139597890899e-06
930,0.4782577273457293,-0.01179975894220052,-0.5473395058912429,14236.444706298827,2.131106650780159e-06,3.8801791667938232,1.2578047062561382e-05
931,0.7262576502748368,0.007020969031523503,0.32567222257806094,20218.809002441405,1.784914773660023e-06,4.368533134460449,7.5136990744795185e-06
932,0.8074008687736952,0.024747742727295494,1.1479401691705622,25034.66683935547,1.6036180136997837e-06,8.77411937713623,2.5052229830180295e-05
933,0.9789494681891663,-0.002149011174675974,-0.09968328338430887,29176.95294555664,1.4950503908000863e-06,4.447611331939697,5.400463123805821e-06
934,0.9948083965549163,-0.0009974118806364677,-0.046265599881467695,44495.261278320315,1.2140777473768297e-06,6.204418659210205,6.210337687662104e-06
935,0.933850605794061,0.00425085577321093,0.19717871440603452,70471.14101074218,9.697997672790848e-07,6.159132480621338,5.389424131863052e-06
936,0.9289734592227897,-0.010743454858838717,-0.49834215281901734,54421.28244970703,1.1219556448663744e-06,19.06768226623535,2.0203166059218347e-05
937,0.9397234372205382,-0.02033850763431515,-0.9434149268353887,51080.71557666016,1.1903271013491883e-06,25.82866096496582,2.8420232411008328e-05
938,-0.04751074881870866,0.0537559237069576,2.4935035422856298,51676.79903710938,1.1138334759149612e-06,12.938058853149414,2.7802934710052796e-05
939,0.981741449225652,-0.0049673942244846956,-0.23041581728189378,33515.579892089845,1.3802095661226367e-06,17.507230758666992,2.1917456251685508e-05
940,0.9602175814043118,-0.0067093903039821615,-0.31121944031241777,19835.10912158203,1.7864242352473314e-06,13.431529998779297,2.0433686586329713e-05
941,0.8642048743956834,0.008400505265617027,0.38966290954263755,21758.876217041015,1.7214292077085068e-06,6.665327072143555,1.3031658454565331e-05
942,0.7307116717723391,0.023233396580712783,1.077696236588638,17817.848474121092,1.9006997073480475e-06,4.9774250984191895,2.775528992060572e-05
943,0.7217126979671439,0.0035207327980157654,0.16331148453797756,23529.59275732422,1.649181211009335e-06,3.88242506980896,6.75701903674053e-06
944,-0.14210146702221854,0.03566342932710086,1.6542714035005865,33485.294571289065,1.3992461449721067e-06,8.09072494506836,2.699526521610096e-05
945,0.44503473114312614,-0.06789444236937388,-3.1493279414642354,47233.52907958985,1.1994019244603248e-06,61.32021713256836,6.542709161294624e-05
946,0.9985122854433486,-0.004622454711165602,-0.21441557323392266,35179.639368652344,1.4122916654456276e-06,35.57878875732422,3.872425077133812e-05
947,0.978544753503271,0.020300587943659933,0.9416559972802647,47176.825787597656,1.2225244963851955e-06,75.02803802490234,7.0471920480486e-05
948,0.7561271652769059,-0.018810456088912283,-0.8725352604003401,36851.964633300784,1.3214770599078333e-06,13.410364151000977,2.414139271422755e-05
949,0.9754693271977889,-0.008273872031226929,-0.38378894446589334,32056.490645996095,1.4098816097858638e-06,18.5338077545166,2.5643388653406873e-05
950,0.6228870416659621,0.02236222632454365,1.0372864367025196,19250.03154248047,1.8103923275786326e-06,11.986907005310059,2.6412833904032595e-05
951,0.6709848713663833,-0.011411287198194679,-0.5293199909623038,23671.919537597656,1.6639973459322064e-06,8.79269790649414,1.540768971608486e-05
952,0.4717953734160803,0.041398597351689236,1.9203009086928384,39741.35707421875,1.2912917322729757e-06,17.03378677368164,5.8428297052159905e-05
953,0.9849783945427715,-0.011597844739895898,-0.5379735840734177,49804.90693603516,1.175725045668119e-06,59.28348922729492,5.2117404266027734e-05
954,0.9985794474202865,-0.003019865562121587,-0.14007843149390348,38972.43237597656,1.3276336783423743e-06,47.01474380493164,5.312194116413593e-05
955,0.9830421570150919,0.010786672021675128,0.5003468090724857,53202.97699511719,1.1522022609698687e-06,39.3907585144043,4.4804663048125803e-05
956,0.967956156718214,-0.008412878477666854,-0.3902368490445217,53377.94366796875,1.1274498180332055e-06,25.295608520507812,2.492636485840194e-05
957,0.9964949123722814,0.001661195953793098,0.07705565655971645,32574.357604492187,1.4023957115486958e-06,17.622098922729492,2.1558347725658678e-05
958,0.9780031268478576,0.0032422026432019804,0.15039168184892715,15769.76037109375,2.0353023003753115e-06,11.981149673461914,2.0885432604700327e-05
959,0.7968962477492122,0.012674144176619946,0.5878984346380092,18927.735474121095,1.8286627736781125e-06,5.940492630004883,2.065140870399773e-05
960,0.9020017250075978,-0.0017006559760434881,-0.07888603539938435,21981.809109375,1.7175026949347344e-06,3.303213357925415,5.036425136495382e-06
961,-0.1486760057876457,0.030418243271673993,1.4109700311634334,35208.60754345703,1.3682844347757652e-06,9.754511833190918,3.5561803088057786e-05
962,0.9219757724524936,-0.011104038571312263,-0.5150680632367173,46515.850042480466,1.2155402695513637e-06,22.79134750366211,1.8540993551141582e-05
963,0.9702981714018492,0.009351449413289192,0.43377307335755916,30327.484116210937,1.5112363695091536e-06,32.1068115234375,4.4774325942853466e-05
964,0.9324146042635062,-0.012928770901930384,-0.5997094611768385,52502.94056396485,1.1553100078214233e-06,16.830345153808594,2.2851036192150787e-05
965,0.672973656780666,-0.013077278090575671,-0.6065980638722467,37147.34492724609,1.3147461281613152e-06,5.2574944496154785,1.2404510925989598e-05
966,0.2716574016089595,0.012314792602143907,0.571229677744042,28867.267342285155,1.4836015981787953e-06,3.3316171169281006,9.388161743117962e-06
967,0.24735138332579806,0.009807781699104469,0.45494034372840425,19075.24820214844,1.8448365140197395e-06,3.35295033454895,8.598667591286357e-06
968,0.9496573359225973,0.003248800474178163,0.15069772653714048,16808.075146728515,1.956617239588854e-06,4.4832048416137695,8.694317330082413e-06
969,0.9310003437607226,-0.002661391682979351,-0.12345038706979947,20735.437939941407,1.760314586046442e-06,2.9911704063415527,4.678524419432506e-06
970,0.4838623266299709,0.010771903877969318,0.49966177910547854,25576.77446191406,1.5968310194120388e-06,3.041151285171509,5.828037956234766e-06
971,0.9212714220944971,0.006297268757454687,0.2921029138860384,41380.702502197266,1.2587110019177442e-06,6.106249809265137,6.578262855327921e-06
972,0.6264427578722833,0.013637843907624528,0.6326002744958669,76775.56287695313,9.524129444484041e-07,6.754301071166992,6.764046247553779e-06
973,0.8445478767459553,0.01902444395119653,0.8824612268021199,54631.025765625,1.1461793391064359e-06,19.96506690979004,2.0760919142048806e-05
974,0.7020918664974026,-0.03527580363865043,-1.6362911334097772,66861.23152929687,1.0643515937996942e-06,31.749408721923828,2.9762075428152457e-05
975,0.7698685983480706,-0.007264484174947677,-0.3369678311520753,65415.514828125,1.0235399704144045e-06,7.063135623931885,6.604685950151179e-06
976,0.8741978362652779,-0.0066263380069315,-0.3073670054064582,52230.20382861328,1.1189986016913844e-06,8.681057929992676,7.951949555717874e-06
977,0.9310387051808482,-0.008900638944294017,-0.41286193605729127,39299.844845214844,1.294214111173985e-06,13.654644966125488,1.4940208529878873e-05
978,0.8811666663006043,0.018411827875299398,0.854044631011898,40512.971424316405,1.2792961031937689e-06,16.476497650146484,2.384954677836504e-05
979,0.4885259212191945,-0.07068046988485349,-3.2785596428228443,42030.000118652344,1.2553492679325068e-06,21.450334548950195,5.9949892602162436e-05
980,0.3956176559460959,0.040051051806476,1.8577941306734052,49446.27585888672,1.15509512526208e-06,11.005775451660156,2.9971421099617146e-05
981,0.6823134222015903,-0.01621952275574416,-0.7523531297890405,36829.551700683594,1.3410205771961239e-06,10.436838150024414,1.6482843420817517e-05
982,0.9902649062919379,-0.002680732633488348,-0.1243475296594842,56112.617100585936,1.0862825072921974e-06,20.343950271606445,1.8950651792692952e-05
983,0.9824548100501262,-0.008089453065010478,-0.37523455057188865,39273.082550292966,1.3120517412237618e-06,31.398094177246094,3.55853044311516e-05
984,0.7077068603364535,0.048241909489584005,2.2377324005192603,29902.569916015625,1.5088807290328295e-06,37.19987487792969,5.2580599003704265e-05
985,0.6911304354500954,-0.10563569038935225,-4.899980318700129,43599.759564453125,1.2311479506930225e-06,77.81843566894531,0.00012662584776990116
986,0.9507235100731242,-0.012326847123489469,-0.5717888345699867,37112.338295410154,1.32831589364145e-06,33.074195861816406,4.1455787140876055e-05
987,0.7196464502199571,0.02500015551124392,1.1596485005969666,21853.141232421876,1.698923934335103e-06,24.632020950317383,4.7848829126451164e-05
988,0.9770477529816785,-0.0038336554575156855,-0.1778266059630699,18669.722291259764,1.8495271235093703e-06,14.735492706298828,2.3280177629203536e-05
989,0.9667175663470032,-0.0025495171108516927,-0.11826101215713473,32701.518173339842,1.4226265383401924e-06,10.432049751281738,1.1679526323860046e-05
990,0.19769633877782627,-0.013905231917474867,-0.6450032415318558,34344.975541992186,1.3921244193813947e-06,4.122095584869385,1.2415446690283716e-05
991,0.9220796067578458,-0.02461816456218515,-1.1419296015637832,51430.83495263672,1.1587712096980444e-06,36.370113372802734,3.302733966847882e-05
992,0.9209427651246533,-0.018873978668953854,-0.8754817966595296,67094.51075195313,1.0247178718654439e-06,31.293344497680664,2.656395736266859e-05
993,0.3431128924066531,-0.07366458139684627,-3.4169795994083216,64418.452645507816,1.0529552150414968e-06,18.411211013793945,4.7907531552482396e-05
994,-0.0029612308270116298,-0.14755495225592233,-6.844432590120452,56892.928474121094,1.0845785638700079e-06,55.38100051879883,6.237198977032676e-05
995,0.8918753168546213,-0.027745617780928947,-1.2869985566017734,39911.13256640625,1.2825639947028549e-06,30.621719360351562,5.178277933737263e-05
996,0.46428202290267345,0.04507252397677074,2.0907183887026286,20636.98596777344,1.7810702846221402e-06,15.078203201293945,5.9808604419231415e-05
997,0.9957511466988462,-0.001155355870043275,-0.053591934728126164,18351.128904541016,1.8622968750006706e-06,7.825969219207764,1.2571780644066166e-05
998,0.8150052412877814,0.017069382292875978,0.7917744180890152,23278.58218261719,1.6815397784677926e-06,6.376123428344727,2.2543237719219178e-05
999,0.8416473234208276,0.007489420991014978,0.3474016719081532,26484.668988769532,1.5615754016577137e-06,6.018984794616699,1.2543601769721135e-05
