state_idx,cos_sim,mean_A,mean_safe_delta,mean_sigma_i,mean_alpha_i,v_unbiased_norm,v_intentional_norm
0,0.9730103254219018,-0.004467148280785347,-0.235797862355226,42711.84747851563,1.671526131308544e-06,25.904075622558594,3.595580710680224e-05
1,0.8155253083942396,-0.018471693792916792,-0.9750260427183186,49102.35597167969,1.5253595115331484e-06,40.98306655883789,7.73178253439255e-05
2,0.7359192359019388,-0.07667118411215255,-4.047078847964988,48206.61440917969,1.529476396080922e-06,76.8702392578125,0.0002562910958658904
3,0.6568093145063935,0.05567553110090273,2.938825934109528,45318.421103515626,1.5884333758901422e-06,45.65150833129883,0.0001437382015865296
4,0.6684640868334472,0.02222503798916428,1.17314584589686,61138.14503320312,1.383196505885777e-06,28.156715393066406,5.4248037486104295e-05
5,0.8922172933946599,0.027122153960625325,1.4316394989378876,43979.036578125,1.6044898281753811e-06,26.174890518188477,7.77783861849457e-05
6,0.9207486861914461,0.007235144824049298,0.3819062131157584,53299.257143554685,1.4608082403442256e-06,21.800018310546875,2.879917883547023e-05
7,0.8653983316986019,-0.006313581420263697,-0.3332616043007477,53627.16443457031,1.4653437431535158e-06,12.818456649780273,2.1802328774356283e-05
8,0.6055497362590385,-0.05546889981653421,-2.9279189276509814,59259.325764648434,1.4247105071132794e-06,36.20336151123047,0.00012089210213162005
9,0.8323895866049063,0.0343420646712252,1.8127415812837535,56916.83975927735,1.488580278541435e-06,75.71475982666016,0.00011559282575035468
10,0.7776623492524171,0.03445549585013051,1.8187290318515692,49723.82801953125,1.5754748645910216e-06,23.18828773498535,9.300650708610192e-05
11,0.5544723863229896,0.036604026152140416,1.9321389346744717,39311.24871679687,1.7425791328518906e-06,19.955810546875,6.425171886803582e-05
12,0.08767587621478659,-0.0300506682140401,-1.5862207569190117,35357.448935546876,1.8162618394895042e-06,4.904740810394287,4.410401015775278e-05
13,0.3961378757194084,-0.018439142339511792,-0.9733078183283941,25326.513135253907,2.108332844830056e-06,8.737931251525879,2.7669173505273648e-05
14,0.248040503916791,-0.017454402322423897,-0.9213284398950119,23907.066395507813,2.177676042998334e-06,10.962888717651367,1.747820533637423e-05
15,0.6670058818334902,-0.036918157340645075,-1.9487203101052162,20121.703437988283,2.35987901491909e-06,8.859415054321289,6.278599903453141e-05
16,0.21058706201344038,-0.0061794864446342804,-0.32618341781161836,22737.02176220703,2.2289348737278196e-06,3.0083682537078857,1.0045816452475265e-05
17,-0.12121095539320045,-0.02009556691233784,-1.0607419818875192,24301.174779296874,2.1902750117415457e-06,6.013846397399902,2.6129504476557486e-05
18,0.4339189527714634,-0.04130303193095074,-2.1801753660157512,29749.192482177736,1.99871282531354e-06,12.64604377746582,6.142038182588294e-05
19,0.8861693655414455,0.052994371240583954,2.7973012467793237,48977.82959960937,1.596324719273542e-06,16.265382766723633,7.901174103608355e-05
20,0.4489915564681336,0.02164719910865479,1.1426446929810399,51835.739262695315,1.5623677063260541e-06,13.091550827026367,3.914526678272523e-05
21,0.880172364384006,-0.021190729482111485,-1.1185500009306397,57081.58525292969,1.498824912524446e-06,46.74586486816406,6.915354606462643e-05
22,0.518311043652705,-0.12012782510542842,-6.340932198530615,48102.341446289065,1.600040725991588e-06,56.69380569458008,0.0002531642676331103
23,0.9975774843354184,0.00028188650957502006,0.014879344093068748,43296.59618945313,1.6246046781991583e-06,23.909568786621094,3.520101017784327e-05
24,0.5031753477127119,-0.0229682872334617,-1.2123781641425522,35539.33354296875,1.785470807439214e-06,33.09212875366211,6.259440851863474e-05
25,0.986118356284424,0.0033055377339659127,0.17448239516837144,41226.560383300784,1.6527387619624215e-06,22.79206657409668,3.606425889302045e-05
26,0.9620276573372112,-0.0053056904458628545,-0.2800602054859622,34183.241630859375,1.8405193783182292e-06,18.28668975830078,2.755845162027981e-05
27,0.994129325987629,0.0017147916931270588,0.09051506469195902,33497.81784716797,1.838964048218102e-06,12.486551284790039,2.0302499251556583e-05
28,0.7387953842638952,0.007195663645183836,0.37982220403556205,42039.76628857422,1.6761716085713528e-06,8.468313217163086,1.6651181795168668e-05
29,0.9826035726799309,0.002646024626515706,0.1396700784156642,50195.56721386719,1.5496993962604278e-06,12.753747940063477,1.7116421076934785e-05
30,0.8224632246315602,0.012195109548110317,0.64371732968906,57579.22149951172,1.4770100940319232e-06,17.25162696838379,2.5623347028158605e-05
31,0.991051370564165,0.0015407414159559324,0.08132784261656575,46427.20310058594,1.6410393643181e-06,31.972278594970703,4.5614346163347363e-05
32,0.9670750353077145,0.006987658985218064,0.3688427041181713,44210.36242089844,1.6729810183560752e-06,21.13317108154297,3.242582897655666e-05
33,0.9867252754551289,0.0010241596547016227,0.05406013906631573,25596.565109375,2.0930607230412796e-06,3.9940102100372314,7.602655841765227e-06
34,0.8786935440479633,-0.0036599619391498865,-0.19319063243660883,19428.718283203125,2.4248817944217602e-06,4.670008182525635,8.254074600699823e-06
35,0.9929446817525572,0.000667489307010185,0.03523333944721944,15424.107888916016,2.7157717115435502e-06,4.23337459564209,1.016640817397274e-05
36,0.8362807132579587,0.005350359971576281,0.28241808080453035,14872.88030102539,2.7901647504349758e-06,3.9569718837738037,1.4181598999130074e-05
37,0.8203482221479234,0.01446537093559952,0.7635527926084712,13604.7113203125,2.8932400785184155e-06,8.799599647521973,3.79345437977463e-05
38,0.8737755297849377,-0.004214351040726272,-0.22245399170924174,11535.186635253905,3.1440227160781173e-06,5.315025806427002,1.1735984116967302e-05
39,0.8172823443598751,-0.004523595918542633,-0.23877744384246294,12578.660867919922,2.975262100694332e-06,4.309915542602539,1.0282786206516903e-05
40,0.970546920450683,0.003113646194108738,0.16435342427725527,16070.703248046875,2.6645693101435002e-06,9.319107055664062,2.2244817955652252e-05
41,0.9292500780188385,0.001715769841211857,0.09056669611607233,28475.927880371095,2.0255237148041292e-06,2.641523838043213,5.671143753716024e-06
42,0.978334284711019,-0.003003645226058476,-0.15854703695968517,74470.79621289062,1.3184181612744466e-06,13.834639549255371,1.4312412531580776e-05
43,0.7104670213725075,-0.02110219597338356,-1.1138767707639472,58619.077778320316,1.5062283471875804e-06,18.59151840209961,2.425528691674117e-05
44,0.9778063372762754,-0.008132988437983877,-0.42929877579510717,52939.72510205078,1.5806650535711303e-06,31.995065689086914,4.194290522718802e-05
45,0.5211326788795456,-0.04482305223715943,-2.3659791968894996,44155.347875976564,1.6389637225250772e-06,13.554311752319336,6.79275399306789e-05
46,0.8520725014662895,-0.005456668407641598,-0.288029558283877,27540.9304921875,2.031396891221086e-06,6.148778915405273,1.2198058357171249e-05
47,0.9983009161554627,-0.0003075433332407376,-0.016233636315967064,22867.52527270508,2.2101840513257497e-06,5.862552642822266,1.1771084245992824e-05
48,0.9946882830310864,-0.0008283346004001246,-0.04372353810804812,16634.406942871094,2.625857574761508e-06,6.488903522491455,1.4621925402025227e-05
49,0.49356743064939607,-0.010406283429945755,-0.5492943671465573,15640.61175756836,2.699928549209457e-06,3.720940113067627,1.7488677258370444e-05
50,0.427384212616506,0.010381273916189059,0.5479742430961114,16817.00784448242,2.597961982799983e-06,5.923904895782471,1.7092363123083487e-05
51,0.9375663012644443,0.003799735409419927,0.20056855755393962,13803.309331054688,2.8398822260641066e-06,3.985243082046509,1.4086715964367613e-05
52,0.9880608443038705,-0.005644875488259698,-0.29796404545564903,21745.852737060548,2.3086474958686745e-06,20.177291870117188,3.501745595713146e-05
53,0.8340945192286141,-0.06101189586323932,-3.2205052795476656,43772.31949365234,1.6866782559805995e-06,59.19721221923828,0.00012769195018336177
54,0.915179113254017,0.00927231765916639,0.4894381259996298,45907.093821777344,1.6186332251681915e-06,21.53118133544922,2.9526187063311227e-05
55,0.5792513854745943,-0.04357899728389166,-2.3003119120369364,51688.67424853516,1.5573784017059232e-06,34.90774917602539,5.866197170689702e-05
56,0.8580190017947772,-0.05410814665180803,-2.856091742326581,39732.284723144534,1.7939179493803075e-06,69.51237487792969,0.00014807777188252658
57,0.7231409330734259,-0.03251717837423484,-1.7164151867195638,33733.06263476562,1.862382567603738e-06,26.805429458618164,9.993025014409795e-05
58,0.8324060177721795,-0.010101603649733636,-0.5332118831184589,33353.7853359375,1.8758384785269554e-06,22.540931701660156,3.450395888648927e-05
59,0.9016009344528321,-0.017775231199349702,-0.938263351969977,40731.04355078125,1.6778002460609575e-06,43.74110794067383,7.865624502301216e-05
60,0.9719900251356809,0.008657798642168082,0.4570008166745492,41623.83217089844,1.6382838796891269e-06,60.02449417114258,8.492908091284335e-05
61,0.9913879613096616,-0.001997554429901696,-0.10544066032798548,38855.578168945314,1.7307596958710987e-06,21.371219635009766,2.9087077564327046e-05
62,0.31627964129332153,-0.024792690078201347,-1.308679039740255,50743.660787597655,1.5295026729780879e-06,15.206619262695312,3.9575243135914207e-05
63,0.7394247826536587,0.026874432007303828,1.4185635266665122,68128.05006542969,1.3333363687539354e-06,17.007761001586914,5.662515832227655e-05
64,0.9931700580674528,0.004169271775296625,0.22007448833108526,48353.09583740235,1.574466069924908e-06,43.713409423828125,5.6938501074910164e-05
65,0.9533551658100705,0.004250626050191288,0.22436876353930574,43268.06793359375,1.6923460114311936e-06,21.906497955322266,3.16250225296244e-05
66,0.5139350304028525,0.022834152034869888,1.205297854489392,36177.994600097656,1.8132715700514298e-06,14.967888832092285,3.273524998803623e-05
67,0.9162949139643459,0.009021993729483221,0.47622480873198025,26695.249153320314,2.064798882929944e-06,8.39328384399414,2.52122335950844e-05
68,0.43441974706861086,-0.01167283032552955,-0.6161488863564732,22973.843172363282,2.235265389437082e-06,6.201956748962402,1.619856084289495e-05
69,0.8565547564654541,0.007166395932608579,0.3782773114939472,19035.882134521486,2.456518907381205e-06,4.277020454406738,1.5734918633825146e-05
70,0.9737706293682369,0.001558401483964496,0.08226002709393777,17048.338954101564,2.5731031459466943e-06,2.1825451850891113,5.67351207791944e-06
71,0.9070700339235986,0.004985271931497114,0.2631469543473195,17320.71573071289,2.582986674291658e-06,7.609767913818359,1.9101902580587193e-05
72,0.514480257804061,-0.005894052654325929,-0.3111168309494453,17213.82455932617,2.5780394751480256e-06,4.303929328918457,7.165935585362604e-06
73,0.9374218660891146,0.006021407638851219,0.3178392478525321,28000.570732421875,2.0511713880869724e-06,10.925795555114746,1.9078181139775552e-05
74,0.7836176555506688,0.024323730135284567,1.2839250479048723,49399.59294726563,1.5536334241849187e-06,12.445211410522461,3.295732312835753e-05
75,0.8635751038507639,-0.02781964621574068,-1.4684565402420573,37164.09086523437,1.8230925404249871e-06,42.333831787109375,7.257889228640124e-05
76,0.9867270579512,-0.009535647442242372,-0.5033379556092404,57532.48891015625,1.5079607849675588e-06,59.082969665527344,6.670120637863874e-05
77,0.922765163196063,0.009192121181977054,0.48520496499823573,55714.96169335937,1.4864767358707783e-06,29.14411163330078,3.523874329403043e-05
78,0.9637153963531657,-0.0034267889933603584,-0.18088262770510358,33051.434067871094,1.8469367877486774e-06,7.982938766479492,1.2740866623062175e-05
79,0.9994944087680578,0.00014233619486758676,0.007513198214153165,25317.37269970703,2.124767240455369e-06,7.417054653167725,1.3399401723290794e-05
80,0.8944021491750718,0.010215714985822398,0.5392352356979927,19748.842607666014,2.4114969401533435e-06,9.220559120178223,2.4772947654128075e-05
81,0.9920523772107598,0.0014481145618721332,0.07643854572807979,23979.771732666017,2.199036599644689e-06,7.524697303771973,1.4698965060233604e-05
82,0.969972402247053,0.005278163205945124,0.2786071835755279,37322.51475341797,1.7657349121582337e-06,12.963298797607422,2.0184688764857128e-05
83,0.6633384664792779,-0.013972306671584148,-0.7375264572036977,73869.23026074219,1.2892280323071745e-06,14.261041641235352,2.267133277200628e-05
84,0.861864108685368,0.00452158150191515,0.23867111311314818,62909.046288085934,1.4331040197035877e-06,7.3859734535217285,9.875100658973679e-06
85,0.9923169805108728,-0.006287201747274102,-0.33186915656684735,36401.00757128906,1.858095482067393e-06,39.69700241088867,5.1529477786971256e-05
86,0.6258769259195288,0.018422297267352297,0.9724186533048121,42073.89449511719,1.6874512548341885e-06,11.553905487060547,3.1024537747725844e-05
87,0.8109575975856418,0.007149726241967977,0.3773974039618682,27777.74322631836,2.021527436676202e-06,4.880653381347656,1.1151012586196885e-05
88,0.99610724709863,0.0005162693905312637,0.027251215100767973,18775.82647192383,2.4702602179824264e-06,4.853530406951904,1.0053677215182688e-05
89,0.9803718713040289,0.0010815713626560926,0.0570906088781319,14871.180477294922,2.7863740658336786e-06,3.1323251724243164,7.87498356658034e-06
90,0.9969941210637462,-0.0004525475658830813,-0.023887666569807998,14178.798904541016,2.792390953966283e-06,2.9809811115264893,7.4302679422544315e-06
91,0.8578534610937152,-0.003703782346572691,-0.19550368715258434,21449.88952392578,2.32053303039268e-06,3.0946717262268066,6.973155905143358e-06
92,0.9547981734967835,0.0017635804421743057,0.09309037269814499,25267.293134277345,2.1317122445859763e-06,3.0601863861083984,6.979142199270427e-06
93,0.8720423310499767,0.007274018241468742,0.38395814158416725,47043.144094726566,1.6097200978488363e-06,6.637370586395264,1.2501529454311822e-05
94,0.6434987284008529,-0.01298480107591184,-0.6854010980512099,36987.426975585935,1.8356348220990511e-06,4.91688871383667,1.920820795930922e-05
95,0.9821876436336873,-0.01222996991110793,-0.6455574295825698,50970.56719384766,1.5755208053355732e-06,51.067893981933594,6.192063301568851e-05
96,0.8975498761502163,0.013330782144000061,0.7036636653856074,49934.84194042969,1.5541348727353063e-06,32.84086990356445,4.975764386472292e-05
97,0.9938358731534389,0.0006914090504158152,0.03649594010621111,29453.01630517578,1.959081789214912e-06,6.021585941314697,9.979457900044508e-06
98,0.9882154849168256,0.0012847066035746816,0.06781307712115969,19644.384702148436,2.389671090920404e-06,4.979203701019287,1.0532994565437548e-05
99,0.9922528431568969,0.0007203543183616956,0.038023812448460266,15661.959453857422,2.6958769556351e-06,3.0232512950897217,7.113318133633584e-06
100,0.8668562372410802,0.0063616964212103895,0.3358013485978533,16377.679525634765,2.6297498183702725e-06,4.053985595703125,1.4485366591543425e-05
101,0.5625433314609926,0.008986112537116014,0.47433082448808683,18344.14355932617,2.4937588524144413e-06,2.269195556640625,1.1873027688125148e-05
102,0.7028501392477599,-0.005981433872480364,-0.31572923760257504,20143.661557861327,2.392262201788495e-06,3.8106751441955566,9.14705560717266e-06
103,0.9955961534460798,0.00024332594951540808,0.012843929761203703,36267.52928295898,1.8065028267036219e-06,3.6824653148651123,5.708382104785414e-06
104,0.9326059424506966,-0.011570333888711173,-0.6107386247798074,53762.92397216797,1.5268255527415446e-06,14.899354934692383,1.7716271031531505e-05
105,0.7648391759489107,-0.02657408801920937,-1.402709906882155,41023.32984863281,1.7488005283069788e-06,19.67996597290039,4.3411659135017544e-05
106,0.6208069199047028,0.06552217860415718,3.4585799889770854,47799.92036938477,1.6420947648699591e-06,23.072053909301758,7.228881440823898e-05
107,0.9503205940796715,0.0027201339101081564,0.1435819276656526,35577.85041210937,1.8276555302612664e-06,3.523322582244873,8.264641110145021e-06
108,0.9980123778147741,-0.0003472988882340351,-0.01833212830569729,24931.27344091797,2.129878510648521e-06,4.4193596839904785,7.955577530083247e-06
109,0.9734589005268384,0.005251788553376867,0.2772150008439389,22828.3735234375,2.2488986984862133e-06,12.68281364440918,2.499082256690599e-05
110,0.9327856588803272,-0.00623800336273029,-0.3292722260022945,25732.324353515625,2.120821263418001e-06,10.399519920349121,1.7371901776641607e-05
111,0.4966840891070029,0.006846859567389958,0.36141062448751915,48658.029264160155,1.576148090056989e-06,2.6299266815185547,7.4203267104167026e-06
112,0.9649589936602461,0.004273968170918172,0.22560087445756458,60158.307747558596,1.4582706059217756e-06,13.075998306274414,1.5617250028299168e-05
113,0.9764597123868356,-0.0123004230872078,-0.6492762916566007,44886.98864746094,1.6833960220080953e-06,41.408023834228516,5.3405594371724874e-05
114,0.9916035541085105,0.006830797202100472,0.36056277454801283,43978.08719628906,1.650547427699847e-06,34.65793991088867,4.395079304231331e-05
115,0.34588634727794854,-0.011332392529390566,-0.5981789199374528,35676.204040527344,1.7989394932240536e-06,9.938704490661621,1.8511713278712705e-05
116,0.5993788974543539,-0.006680039141483345,-0.35260502920536474,27202.81737548828,2.0396532693525274e-06,3.787809133529663,6.533243777084863e-06
117,0.9533671569141271,-0.0028753239996668657,-0.1517736171007358,19612.08958642578,2.409826146474747e-06,4.212589740753174,8.736717063584365e-06
118,0.6811594627556166,-0.010248871272714115,-0.5409853861477399,20938.861114746094,2.3499896171193333e-06,6.864936828613281,1.3179150300857145e-05
119,0.8991897777876775,0.008846887914051006,0.4669818702017139,36048.72733203125,1.7895995328772938e-06,9.023018836975098,1.7416545233572833e-05
120,0.5316795622507274,-0.022997155494116583,-1.2139019716645936,52697.71074511719,1.5317042619116882e-06,23.19530487060547,3.2536248909309506e-05
121,0.4622055001415644,-0.02979870837066738,-1.5729210881522069,52511.44644921875,1.5792300350213862e-06,26.281957626342773,3.981645932071842e-05
122,0.6277820593749832,-0.03770082867567484,-1.9900335184714009,54366.766959960936,1.5242815651029699e-06,42.83487319946289,6.861775909783319e-05
123,0.6603838977197758,-0.010946807993776134,-0.5778258885312219,44859.477025390624,1.6374670196361574e-06,11.017341613769531,1.542414611321874e-05
124,0.9995406431963048,-0.00035938303365890125,-0.018969988408042527,32255.732256347655,1.8696382571572263e-06,19.439809799194336,2.9885581170674413e-05
125,0.4453726661631976,-0.020966930252377877,-1.1067367866268032,27124.019407470703,2.044754569203694e-06,8.524613380432129,1.864298974396661e-05
126,0.4945956463444467,0.05716143579354511,3.0172592271559533,21036.94122680664,2.313723723480352e-06,14.463445663452148,6.571800622623414e-05
127,0.9961751169904036,0.0012581798011907118,0.0664128631806097,25041.352943847658,2.122492296467979e-06,8.745336532592773,1.5930445442791097e-05
128,0.8981834006683431,0.009607936514616841,0.5071537252381245,40459.04958154297,1.710485374051979e-06,14.425039291381836,2.5086461391765624e-05
129,0.9525738081314762,0.004218036248254504,0.22264851492693533,80927.43969140625,1.2122772714242977e-06,10.98413372039795,1.4505624676530715e-05
130,0.5265552295013947,0.010966382390807449,0.578859120626232,35730.981689453125,1.8621713636637256e-06,7.11069917678833,1.690083990979474e-05
131,0.9896254319568063,-0.003529192332103235,-0.18628797511151726,42996.17633105469,1.670751024049213e-06,20.11548614501953,2.8499109248514287e-05
132,0.17732940125715155,-0.019168780072952637,-1.0118216546787773,38240.89119042969,1.7575521783562401e-06,11.772604942321777,2.2249842004384845e-05
133,0.9831734433793274,0.0017840706239129261,0.09417194437420033,24414.068602050782,2.1577195705123725e-06,5.837779998779297,1.0963233762595337e-05
134,0.9891658039547114,0.0014648198194577877,0.07732033065689757,17679.568849609375,2.504647280291819e-06,5.082040786743164,1.1325064406264573e-05
135,0.8642250990863609,-0.004529605553437757,-0.23909466166751275,14041.837974121094,2.8339056082778523e-06,4.11250638961792,1.0616666259011254e-05
136,0.13712832737857977,-0.009568884655916399,-0.5050923777690534,12425.51403491211,2.999576201672078e-06,2.6752302646636963,1.1301437552901916e-05
137,0.9943175857800042,-0.00024531390354418293,-0.01294886366556095,12837.204051269531,2.955514246483541e-06,1.5008450746536255,3.3723492833814817e-06
138,0.45052730698252247,-0.004830304060715896,-0.25496699470256645,12116.840206054687,3.037606920884365e-06,3.0473122596740723,4.175473350187531e-06
139,0.39822650988243924,0.027610137155181534,1.4573976307278171,13322.220163574219,2.9220462545172343e-06,4.1113200187683105,4.122352402191609e-05
140,0.5113633059134047,-0.015094313028698136,-0.796751422198578,14674.772967041015,2.802971387226647e-06,6.1956562995910645,2.655825301189907e-05
141,0.5011614917538617,-0.00325802311525602,-0.1719743419724192,27585.30450439453,2.0553095726076564e-06,2.0038723945617676,3.844312686851481e-06
142,-0.009025100946230626,0.03637266111024182,1.9199263599233551,58514.471076171874,1.447473604173052e-06,9.494744300842285,2.8060234399163164e-05
143,0.9885026927014016,0.002430156340250671,0.12827549796922494,46145.875575927734,1.6535417717869272e-06,15.215047836303711,1.8570210158941336e-05
144,0.9655271083129765,-0.008913211345542866,-0.47048274422398695,42952.62776367187,1.7186736305796806e-06,21.181739807128906,3.232601739000529e-05
145,0.6702160301807393,-0.08797262786100252,-4.643624140398881,39604.01106982422,1.7231159061176658e-06,28.57144546508789,0.00013881865015719086
146,0.9459317367171519,-0.004106589048176831,-0.21676578843298275,25811.42011621094,2.09264232286677e-06,6.631712436676025,1.2629287084564567e-05
147,0.8554714904164212,-0.0030153146226182246,-0.15916300459514504,18253.555760253905,2.481481400400694e-06,2.9894802570343018,5.438188509288011e-06
148,0.9960903304723286,0.00012902040291869633,0.006810325804338444,15959.33157006836,2.665136915265797e-06,2.661982297897339,6.201125870575197e-06
149,0.9196443199585911,0.022638550157825003,1.194973033914655,14181.798652587891,2.8512517904763853e-06,4.9560651779174805,4.549566438072361e-05
150,-0.040597816612001784,-0.001713012767454798,-0.09042116432321322,16999.78139892578,2.5645237290826786e-06,0.8881701231002808,1.806932573344966e-06
151,0.6749731823362726,-0.02475462718830952,-1.3066698948658482,17051.265721191405,2.585646665009179e-06,4.948048114776611,3.815580566879362e-05
152,0.33650034853403316,0.03426964443820732,1.8089188883567393,24420.18557470703,2.172334248845542e-06,7.64115047454834,4.1466770198894665e-05
153,0.5608938770298308,0.017768166006098287,0.9378904166293314,40932.61279736328,1.7187565956545332e-06,9.651198387145996,2.5492970962659456e-05
154,0.9768526364323968,-0.006565099399710916,-0.3465379493356014,67748.85991992187,1.3863343802005562e-06,33.17252731323242,3.263863254687749e-05
155,0.9863248790060263,-0.004494440967436226,-0.23723850340085456,54526.20327294922,1.5567990250135964e-06,19.70960235595703,2.3576643798151053e-05
156,0.8246376588403533,-0.035722238109295895,-1.8855938633036637,40831.77789160156,1.7720354952640988e-06,50.1879997253418,9.682779636932537e-05
157,0.38196629318826686,-0.07390207096646877,-3.900911557485613,34967.10041699219,1.80257173531022e-06,14.034831047058105,7.673302752664313e-05
158,0.6284522339553437,-0.017448689010511498,-0.9210268634414815,22698.970777587892,2.2657971213359083e-06,9.748454093933105,2.9467662898241542e-05
159,0.7682738992669019,-0.009157652062454434,-0.48338551684253867,20509.775908691405,2.3622988017446313e-06,5.3247389793396,1.6166583009180613e-05
160,0.731787363570454,0.015332689374232678,0.8093340877337399,16671.599650878907,2.589988322719018e-06,6.884937763214111,2.5996188924182206e-05
161,0.9237746330912802,0.04926499560152698,2.6004466208892936,16073.611663330079,2.641908619904946e-06,11.302539825439453,8.966783207142726e-05
162,0.42278056282903853,-0.012854006810661211,-0.6784971391459105,17507.312063964844,2.532504531653812e-06,6.087925910949707,2.030668838415295e-05
163,0.40156431030437306,-0.023697090549522123,-1.250847955876046,19657.671056884767,2.391273486767563e-06,11.630656242370605,3.0481394787784666e-05
164,0.8833387550283204,0.007931258944882764,0.41865050977451224,22278.463169433595,2.2684941880514243e-06,7.554704666137695,2.116919495165348e-05
165,0.723299422569132,0.01513326776073831,0.7988076428490551,29261.422828613282,1.9915057624238916e-06,9.681275367736816,2.3650201910641044e-05
166,0.9876622949221301,0.0033793544582603014,0.17837880171246356,58527.25354638672,1.4766810907586038e-06,18.192794799804688,2.1143856429262087e-05
167,0.772476374944838,0.033869008114023984,1.787771350176592,41968.212509765624,1.7834320182306143e-06,28.355594635009766,8.228053047787398e-05
168,0.9985984514553854,-0.00010493205238381398,-0.0055388252391523505,43146.618975097655,1.7147091422505574e-06,29.628190994262695,4.207109668641351e-05
169,0.7807998391830215,0.0339593901291574,1.7925421535223163,44145.53698730469,1.6484034587161416e-06,16.856904983520508,6.134791328804567e-05
170,0.35803979638696554,-0.009063305732795193,-0.47840545765121945,26894.11384326172,2.051141378337419e-06,4.359989643096924,1.1006142813130282e-05
171,0.7046469094587461,-0.0057970944489006155,-0.3059989042230309,18954.45829296875,2.4275539509506622e-06,3.188730001449585,8.855053238221444e-06
172,0.999129256421018,-0.00016012517366262947,-0.008452187231239493,14765.950813964844,2.764496259769238e-06,4.993978500366211,1.1649542102531996e-05
173,0.6924014352170725,0.056131239614612256,2.9628804509143496,13791.146142822266,2.865024176705687e-06,9.530500411987305,9.98212635749951e-05
174,0.9767069031781241,-0.0016983705733362494,-0.08964827794104525,12944.453434814453,2.94616165623676e-06,5.820764541625977,1.3862071682524402e-05
175,0.882066861019788,0.007081420382535116,0.37379188772908856,12245.922954345702,3.040326066545518e-06,5.87345552444458,2.189337828895077e-05
176,0.9840541138795926,0.0025372985635942736,0.1339309868055987,14752.174139648438,2.747642178578807e-06,7.773965358734131,1.9997223716927692e-05
177,0.9825744951781469,-0.0022984474301356813,-0.12132325964934737,17217.906210205078,2.5869433408780223e-06,9.729048728942871,2.049740760412533e-05
178,0.8919383459590076,0.01170940126113214,0.6180792786106352,23075.43378491211,2.2368482239228805e-06,12.25387954711914,3.123421629425138e-05
179,0.998601294183778,-0.0008176312582637681,-0.043158563534299296,47166.935899902346,1.6095795783599535e-06,21.383445739746094,2.8891699912492186e-05
180,0.9978759199583203,-0.0032622302985473354,-0.17219641761537377,61858.0069765625,1.435414772084143e-06,42.50082015991211,4.625583824235946e-05
181,0.6051710189674956,0.043299014816126254,2.285533072552249,46627.355001953125,1.657109771999907e-06,50.44939422607422,6.125814252300188e-05
182,0.3370745690994248,0.05419050993305997,2.8604392778089616,51210.07897216797,1.5501510158991459e-06,20.74233627319336,6.588364340132102e-05
183,0.9983699961360035,-0.0013776127954624666,-0.07271711882063353,27803.366021484377,2.016621810885145e-06,9.354464530944824,1.6157020581886172e-05
184,0.9037578237196401,-0.008860948982360941,-0.4677240819308778,19934.749729248048,2.376362719080266e-06,9.442328453063965,2.1654330339515582e-05
185,0.6598773823738681,-0.008508192801903356,-0.4491038911388521,15387.752493652344,2.7025576177544743e-06,4.666391372680664,1.4199622455635108e-05
186,0.993861408899555,0.00033474174882867436,0.017669301275348503,18510.209321777344,2.518425348919868e-06,5.377094745635986,1.1153608284075744e-05
187,0.6826816661238406,-0.007724175226810095,-0.40771962165957304,27311.783493408202,2.0605156329091734e-06,4.7434282302856445,1.0770128938020207e-05
188,0.9917102045177998,0.0014822303492812478,0.07823934329243112,35669.35190429688,1.8340413149723312e-06,8.741626739501953,1.3918396689405199e-05
189,0.8233077217003721,0.008881115936095934,0.46878859205725587,62690.19189501953,1.4364993702226671e-06,7.653043270111084,1.1497157174744643e-05
190,0.6201468785395603,0.015406920480811234,0.8132523673947879,44236.728456542965,1.7353653587460715e-06,12.660249710083008,2.3320224499912e-05
191,0.9887602164975491,-0.009084333572763817,-0.4795154095495875,29897.318532226564,2.0143147583774225e-06,52.67112350463867,7.559092045994475e-05
192,0.9910385625744289,-0.0017754753011467307,-0.09371824133881203,32211.06128955078,1.8773090140806107e-06,10.32572078704834,1.6530259017599747e-05
193,0.8177247679596026,0.007564952183180924,0.3993150532491304,20281.359279052733,2.3982269552124937e-06,4.983884811401367,1.7101951016229577e-05
194,0.999375707061817,-0.0005761499692838119,-0.030412003948359648,15876.18367138672,2.6617261310002214e-06,5.890689849853516,1.3783729627903085e-05
195,0.7356482989864767,0.01198202491160107,0.6324696838462435,15384.480713134766,2.737641349047448e-06,6.504802703857422,2.4164655769709498e-05
196,0.9948108563082679,-0.0009738750172671576,-0.0514058707790159,18220.996501464844,2.539722144270222e-06,5.1032795906066895,1.0106948138854932e-05
197,0.7171228942521669,-0.012036038943604275,-0.6353208077586344,19063.79226513672,2.427619259030184e-06,4.829835891723633,1.739036997605581e-05
198,0.8475734444163049,-0.0035253310762924273,-0.18608415920728336,21064.18305078125,2.3270582552649252e-06,3.3309953212738037,5.238763606030261e-06
199,0.5665613377495122,-0.03342964466916045,-1.7645796057830891,36706.74204394531,1.8097144259316915e-06,9.167374610900879,3.153354919049889e-05
200,0.21634752481872688,0.05808924258632135,3.0662333924766614,58725.237606933595,1.4733734750256968e-06,16.44384002685547,4.5731005229754373e-05
201,0.6740909436674167,0.05413083672818369,2.857289435165449,52195.041354248046,1.5390279655263352e-06,17.165607452392578,6.0258753364905715e-05
202,0.981310157859477,-0.004520235397682956,-0.23860005916989224,34560.07512011719,1.854327407897537e-06,14.441141128540039,2.0222956663928926e-05
203,0.9066778508453958,0.01445001895291225,0.7627424401256259,46076.98051367187,1.5881074601681975e-06,16.2104549407959,4.1128365410258994e-05
204,0.8904103493887305,0.00802344518328958,0.4235165488196891,32203.782299804687,1.8941007820263555e-06,7.099648475646973,1.9716480892384425e-05
205,0.8325478771963198,-0.012680704294093462,-0.6693493875202868,28490.41189526367,2.0112446544722652e-06,11.927675247192383,2.286809467477724e-05
206,0.8486893369730326,-0.007903001489703701,-0.41715894354299,17275.87871826172,2.552991275355583e-06,7.0865607261657715,1.6526379113201983e-05
207,0.7328692994926693,-0.015120305887274841,-0.7981234519821543,18505.704974121094,2.4919400744719084e-06,7.4027018547058105,2.4938823116826825e-05
208,0.9697355062653319,0.0018165661403984727,0.09588721614083931,22388.347682128908,2.268883877600838e-06,3.0694351196289062,6.895961178088328e-06
209,0.9953877397081966,0.0002108368844987769,0.011128998534543197,21701.332997314454,2.3307964908887234e-06,6.249464988708496,1.144826273957733e-05
210,0.8659321134336309,-0.007482178352195737,-0.39494584695051416,44692.81598828125,1.6607726701222188e-06,10.539137840270996,1.567655272083357e-05
211,0.6072310320118912,0.02776028190430276,1.4653230024999901,51791.57345751953,1.579907640648469e-06,8.597551345825195,3.447661947575398e-05
212,0.9625674866899406,-0.01240095197823216,-0.6545826965750241,51464.26459082031,1.5453410422084318e-06,26.947046279907227,3.448436837061308e-05
213,0.9537063135829781,0.004027741893821764,0.21260385126835188,49542.24115136719,1.5911159057723893e-06,13.093633651733398,1.7720114556141198e-05
214,0.1834068009257519,-0.008427378824376329,-0.4448381354594936,37636.825353515625,1.7370184435427911e-06,3.4002864360809326,1.2492996575019788e-05
215,0.798125465831435,-0.007345140577268516,-0.3877123251691253,28541.759204345704,1.9951459118949873e-06,5.251931190490723,8.770867680141237e-06
216,0.938601777419335,-0.02178591622836704,-1.1499668587665177,21874.138977783205,2.286462699885879e-06,28.670578002929688,5.3506115364143625e-05
217,0.800292255646516,0.007882229477412033,0.41606249547649987,25378.739717529297,2.1322537289378126e-06,3.4083614349365234,1.1508706847962458e-05
218,0.722522285424543,0.04227422161111414,2.2314394916121656,39565.22329736328,1.7239473566851503e-06,21.742740631103516,5.0911221478600055e-05
219,0.9639568853744028,-0.006029984822074307,-0.31829199339441,45428.38452978516,1.6580957326543503e-06,20.03826141357422,2.6281231839675456e-05
220,0.8692352014884148,0.022603172376393695,1.1931056221539451,57673.19955615234,1.4781771758569034e-06,12.793007850646973,3.6389461456565186e-05
221,0.671950093118773,-0.027174443091847286,-1.4343995741786366,40350.00464306641,1.7557871772657542e-06,36.9805793762207,7.275555253727362e-05
222,0.6844160395192291,-0.024149870230403908,-1.2747478746069814,48211.908890625,1.5942114924005954e-06,25.448007583618164,3.880268195644021e-05
223,0.9985418051839591,0.0003740343066398277,0.01974335401682371,31667.73301611328,1.909956576252133e-06,9.6917142868042,1.6778038116171956e-05
224,0.9680048920152114,0.00214398695689684,0.11317008292030173,22450.77051635742,2.23740075635398e-06,4.577290058135986,9.754469829204027e-06
225,0.8508182920381901,-0.00425952057981716,-0.2248382601712973,17454.30239404297,2.5222983605759366e-06,3.3640296459198,7.221519808808807e-06
226,0.5860939459136981,-0.011172040264846353,-0.5897147457424792,15044.397377929687,2.7330016183201925e-06,4.498324871063232,1.6211834008572623e-05
227,0.0977283541279927,0.039328106944296864,2.0759291980145766,16134.413495117187,2.662669886991455e-06,10.546318054199219,4.4878790504299104e-05
228,0.6657620456684883,0.005446004094516921,0.28746664385162013,19811.869588867186,2.418396227072496e-06,1.9821116924285889,1.184938992082607e-05
229,0.9265548664513764,0.004372071229752174,0.23077923212772897,22970.923611083985,2.247465945428054e-06,4.760517120361328,1.266181789105758e-05
230,0.9631573770571833,-0.0041876128673000255,-0.2210426205747058,45911.617326660155,1.6427942992118653e-06,8.123489379882812,1.1113716936961282e-05
231,0.6100984280102734,-0.03260154425797324,-1.7208684293233054,68838.75412695312,1.4200161802443504e-06,24.612995147705078,4.2025010770885274e-05
232,0.9814148548361611,0.0061302905529081134,0.32358661883013246,55088.33061621094,1.5218965086357597e-06,32.05911636352539,3.655137697933242e-05
233,-0.31448297107628226,-0.07215518663991682,-3.8087024871588993,48618.31586669922,1.5673691513195648e-06,18.41598892211914,0.00011466137948445976
234,0.6201307512111444,-0.012629697072190454,-0.6666569777023406,41184.97101123047,1.6756490385691012e-06,8.427543640136719,2.176797715947032e-05
235,0.7171503592230869,-0.01053810420432043,-0.556252510207368,29909.54817236328,1.9860534634961785e-06,9.784257888793945,1.8945318515761755e-05
236,0.9856873194787288,-0.002853963749523859,-0.15064611897295743,21149.965081787108,2.331024818513688e-06,10.220918655395508,1.9454751964076422e-05
237,0.6956842694395794,-0.02157010288228792,-1.1385751783309093,25560.927653808594,2.1157662444473207e-06,13.609969139099121,3.1979750929167494e-05
238,0.9645431165599115,0.0027464980375277426,0.14497355482858754,28103.805883789064,2.022822404636062e-06,8.323904037475586,1.4991623174864799e-05
239,0.9994722281616033,0.00018861560946426304,0.009956051315736132,43310.53620214844,1.6427966664824672e-06,13.777799606323242,1.894981505756732e-05
240,0.9855826048855364,0.0029838767224804326,0.15750355897492374,66191.84435302735,1.3607291005739434e-06,12.33476734161377,1.5654108210583217e-05
241,0.7306446440003348,-0.018546802222666407,-0.9789906317730395,52622.86342578125,1.5447643299394778e-06,20.62334442138672,2.8001613827655092e-05
242,0.9173496413613796,0.03315773568000042,1.750226923855138,56322.410381347654,1.5516963127179014e-06,63.00114822387695,9.197327744914219e-05
243,0.6580656621069852,0.04426583840376629,2.3365667345018037,43318.83029492188,1.6607663026333509e-06,17.197301864624023,6.916903657838702e-05
244,0.7224947512702334,-0.003326050886535485,-0.1755651793568608,30831.08992529297,1.9356366815376276e-06,3.794193744659424,5.993213562760502e-06
245,0.6047746927418964,-0.010779044786597743,-0.5689705286577487,21839.452715820313,2.2651360473945337e-06,5.538754463195801,1.6566444173804484e-05
246,0.8492760854812607,0.005498293031667022,0.29022670884831037,19864.881204345704,2.383846247495603e-06,5.698282241821289,1.3634811693918891e-05
247,0.7577617481301713,-0.004706645454005285,-0.24843969063934396,17935.438970458985,2.5145076049673128e-06,3.223987102508545,7.814133823558223e-06
248,0.9643183976404611,-0.0019469810812618,-0.10277115245587685,17136.916051757813,2.5903637390424885e-06,4.997318267822266,9.45904048421653e-06
249,0.9860420638889933,0.0014265289212600906,0.07529915039263035,19096.474529541014,2.4305859540894617e-06,3.0457942485809326,7.30298916096217e-06
250,0.550937378035718,0.009458526563427853,0.49926713968274894,24129.569462646483,2.185107117817162e-06,4.760120391845703,1.1682033800752833e-05
251,0.8244641599996161,0.006398073339717671,0.33772149968394605,43766.944071289065,1.6712305660079571e-06,5.6976213455200195,9.29267753235763e-06
252,0.9255439521788166,0.012232343385367075,0.6456827131239888,55390.890708496096,1.5140642419476912e-06,25.15593147277832,3.2121453841682523e-05
253,0.7929028408746513,0.020564296689554624,1.085483824455263,37953.045639160155,1.867353942603765e-06,16.353836059570312,5.2210405556252226e-05
254,0.39023862812309995,-0.04457938483765045,-2.353117243733163,39772.34201269531,1.704517186508814e-06,20.516353607177734,7.684092997806147e-05
255,0.996626297790051,0.0005724175633574466,0.030214989369133687,23536.287701416015,2.2045995732301567e-06,8.30691146850586,1.6358369975932874e-05
256,0.732934137945221,0.008560427465679536,0.45186109132229924,17941.525115234374,2.5109771949678536e-06,3.6225316524505615,1.482598963775672e-05
257,0.9754887417158232,-0.0013918491471222637,-0.0734685828594604,14412.72184814453,2.807267398416015e-06,3.7302019596099854,8.833481842884794e-06
258,0.9801448963043955,0.0010527026383084555,0.055566776880126595,14028.63202783203,2.8467575095911556e-06,2.597323179244995,7.0047631197667215e-06
259,0.8206605383182789,0.0035369845885231455,0.1866992883904254,15314.561961914062,2.7202779619336014e-06,2.9705920219421387,9.928079634846654e-06
260,0.20576067827795036,-0.0015906210218473,-0.08396073136460568,15629.664830810547,2.691487889868742e-06,0.9468055963516235,1.420048761247017e-06
261,-0.2238530135090248,-0.015690207567298928,-0.8282056407647274,17603.93669897461,2.5583950815254253e-06,2.1797871589660645,1.8058051864500158e-05
262,0.6360629780989564,0.04023261797978836,2.1236736997055106,23126.386529296877,2.2497620055376353e-06,6.95958948135376,5.4385862313210964e-05
263,0.6513492294163139,0.015059752841116875,0.7949271670268145,50083.8596850586,1.6071689368947588e-06,9.615153312683105,2.2812904717284255e-05
264,0.9034346728757903,0.010128389662399949,0.5346257794412884,66117.4128984375,1.4094257461621837e-06,17.632104873657227,2.4286367988679558e-05
265,0.8871627288974638,0.011174782869571777,0.589859513789316,51822.93861621094,1.6065063965882147e-06,25.0877742767334,3.256099080317654e-05
266,0.6637306044880971,0.035231271130628614,1.8596782328432406,40615.85344677734,1.7219809338858838e-06,23.104198455810547,7.466347597073764e-05
267,0.98511000620741,-0.0010144913548216614,-0.05354979906840024,45676.707015136715,1.5721301446530912e-06,6.2888946533203125,8.252828592958394e-06
268,0.9882985182639658,0.0023536102234990256,0.12423502078621587,23730.0347421875,2.180009537928183e-06,8.72997760772705,1.672572034294717e-05
269,0.7667859676252549,-0.02366871674297269,-1.2493502480520158,22177.11934765625,2.288619295111132e-06,15.20270824432373,3.569142791093327e-05
270,0.8860604629921635,-0.007757859385759543,-0.40949763576975545,32958.04255712891,1.881952500525165e-06,10.224059104919434,1.6146850612130947e-05
271,0.9900253480832755,0.00421505428734744,0.2224911124940371,59403.294634765625,1.4127101546103053e-06,21.827314376831055,2.9072241886751726e-05
272,0.9574472294260014,0.0063769953661594915,0.33660890149033407,52087.32670361328,1.5195887272639496e-06,15.188060760498047,1.978262844204437e-05
273,-0.5530452684882567,-0.03815443771115042,-2.0139772145806676,31786.499147460938,1.9737420564228316e-06,21.910924911499023,5.4628260841127485e-05
274,0.4650484873381744,0.037824402201915776,1.9965563315726906,34304.77275292969,1.8672869398842188e-06,13.396344184875488,4.793739572050981e-05
275,0.5492259370187763,-0.020121715109153372,-1.062122211180571,39203.47105175781,1.7487956959674987e-06,9.205985069274902,2.5893190468195826e-05
276,0.9590966140449964,-0.002360182133417336,-0.1245819182279225,25316.60905078125,2.096920076440422e-06,5.2008867263793945,9.985506039811298e-06
277,0.839220938290995,-0.004298682625153969,-0.2269054238281649,19482.056302001954,2.4248674170849055e-06,3.939877510070801,7.562797691207379e-06
278,0.9836614543851167,0.002022373112149388,0.10675071136113601,14745.206867919922,2.7793677073339604e-06,5.805090427398682,1.5437990441569127e-05
279,0.9949250496191533,0.006433989101999588,0.33961730869645673,14231.995263916016,2.8350353222210887e-06,32.34514236450195,7.876439485698938e-05
280,0.630968003396906,-0.0159165932809925,-0.8401553823003546,14228.29971118164,2.817929625210335e-06,10.185905456542969,2.7793284971266985e-05
281,0.77897784857864,0.008467827204304022,0.4469731981265885,14576.756279052734,2.7924324467099075e-06,4.295692443847656,1.8614377040648833e-05
282,0.3611883624900838,-0.007807359514973667,-0.41211049388892795,16498.86569165039,2.6349284365120774e-06,3.268186330795288,1.1034487215511035e-05
283,0.5618917379063083,0.02949470059496288,1.556874075797854,24625.975258300783,2.1552139217669444e-06,4.995697021484375,3.58918150595855e-05
284,0.5044330053687075,-0.03888157745877555,-2.0523591950627176,33044.21540722656,1.9008788214532825e-06,9.072449684143066,4.642080239136703e-05
285,0.8602182469960371,0.007768216046302543,0.41004431079903136,65420.672201660156,1.3893930956841521e-06,11.061800956726074,1.4039930647413712e-05
286,0.9773447077249763,-0.010800158131813037,-0.5700849939398499,57615.566448242185,1.553936028611997e-06,48.07802200317383,5.546538159251213e-05
287,0.7054122167918007,0.06670277189153964,3.5208974577463943,53083.74135742187,1.5337276509035196e-06,19.980424880981445,9.469088399782777e-05
288,0.9515147530647289,0.007061503099244423,0.37274055642583404,39007.168979492184,1.7621423628785544e-06,10.030547142028809,2.279176260344684e-05
289,0.9815158327248247,-0.0018275061359963663,-0.09646468243790733,28039.24562060547,2.010134449204554e-06,5.389322757720947,8.299884029838722e-06
290,0.9934521615167814,-0.0011896358838981737,-0.06279478109353101,19059.869290771483,2.430336908866244e-06,5.325226783752441,1.1213368452445138e-05
291,0.9058922758421873,0.00401772069062212,0.21207488331291882,14885.63437133789,2.7496013794036484e-06,2.5311498641967773,9.493669494986534e-06
292,0.5820234414762678,-0.007512918779678556,-0.3965684765640224,11859.151535888672,3.0893647336118143e-06,4.117668151855469,1.331304792984156e-05
293,0.27126537237832876,-0.009767817539120337,-0.5155930250865863,15184.355897949219,2.705674192248253e-06,4.413285732269287,9.982953088183422e-06
294,0.09270254755373465,-0.005283642877662137,-0.2788964273606151,13451.174033203126,2.8776482945786063e-06,2.0739564895629883,5.090841113997158e-06
295,0.9625684898352115,0.00248663047990582,0.13125647835582038,15757.884840576171,2.690391803952778e-06,4.017980098724365,1.06887137008016e-05
296,0.9692846207727498,-0.0072054643000001965,-0.38033953037221385,27736.782862304688,2.0473852068273475e-06,18.240428924560547,3.424074748181738e-05
297,0.9732175550768043,-0.010812917384982771,-0.5707584895199305,68529.92765014648,1.3688710038917951e-06,32.20747756958008,3.368810939718969e-05
298,0.10069654620896476,-0.050503866195804985,-2.665840250002081,41726.87748120117,1.7690071509946003e-06,11.871870994567871,5.0291226216359064e-05
299,0.2892249617048019,0.06487953460080359,3.4246581057707504,49953.36618505859,1.5710441449583355e-06,19.79339599609375,7.07625295035541e-05
300,0.3870904404367989,-0.02928179395720324,-1.5456358255967362,31207.54459326172,1.9197290822171397e-06,10.454582214355469,4.4535805500345305e-05
301,0.8805987814943009,0.005870633559179309,0.3098806569460841,22346.920774414062,2.2650394315855517e-06,6.329195022583008,1.385263658448821e-05
302,0.9968810550415333,-0.0003575193645610701,-0.01887161486819469,16625.349572265626,2.636392116539755e-06,3.4284677505493164,7.354210083576618e-06
303,0.9951546258060217,-0.0006553574656406575,-0.034592961720410605,13622.555513916015,2.875546027986517e-06,4.961121559143066,1.1981760508206207e-05
304,0.6914637520083873,0.010487265420333581,0.5535689913637243,14148.262052490234,2.817805441690075e-06,2.272538423538208,1.742584936437197e-05
305,0.5232687353552403,-0.013593193676954158,-0.717515025277573,14167.904770507812,2.8049152886420353e-06,6.320376396179199,1.713675374048762e-05
306,0.5163885679416975,-0.015800864584120337,-0.8340466575344924,16811.694603027343,2.594260620813594e-06,9.352799415588379,1.892028194561135e-05
307,0.842669051072335,-0.01476510302406328,-0.7793741133474813,20496.73848388672,2.345711201179445e-06,15.315533638000488,3.363109135534614e-05
308,0.8639601977313305,-0.01127232408181507,-0.5950082144575783,57010.05924462891,1.483491647427903e-06,12.870596885681152,1.980141496460419e-05
309,0.9915711428970229,-0.0006410986911759196,-0.03384031409663407,62872.40305517578,1.4157992037882944e-06,16.04315757751465,1.8949689547298476e-05
310,0.6851058444685018,0.026852993811044452,1.4174319141627465,49069.60539355469,1.6387555883159854e-06,32.59339141845703,4.437873212737031e-05
311,0.9603930135078257,-0.01911523413180631,-1.0089952388836245,37794.33814892578,1.7779862587051474e-06,88.76885986328125,0.00014665669004898518
312,0.9974630111507082,0.0004579267694424103,0.024171607155778516,32394.074455566406,1.8664948841036e-06,12.622343063354492,2.1325611669453792e-05
313,0.5321229392865368,0.01141896548782125,0.6027486627023235,22162.206249755858,2.272484124923263e-06,4.225523471832275,1.709325260890182e-05
314,0.745318048545494,-0.007027695698366694,-0.3709560370059071,17660.373821289064,2.534175169569771e-06,4.4321818351745605,1.2087696632079314e-05
315,0.5070011161939871,-0.014266565942993322,-0.7530588959801178,16566.027588134766,2.6236237957862966e-06,4.510157585144043,2.1467056285473518e-05
316,0.4302777307476559,0.00977865852881822,0.5161652653696256,16503.82805004883,2.66408169096557e-06,2.4675354957580566,1.539344339107629e-05
317,0.8854767215003434,0.0031256310793070143,0.16498604494097532,12885.58312109375,2.955448623305007e-06,3.301802635192871,1.0508646482776385e-05
318,0.9821408286906014,0.001375827576865796,0.07262288628066113,16564.45563183594,2.620652681752538e-06,4.152301788330078,1.0806100362970028e-05
319,0.5846315758665726,0.014093350595830416,0.743915745580608,29629.420829101564,1.9874500357628787e-06,2.7595419883728027,2.1599822503048927e-05
320,0.9418762501432214,0.0036234893222737807,0.19126542992410686,26893.03409814453,2.0707174765934794e-06,4.518603801727295,1.0680181731004268e-05
321,0.9542223249699451,0.005623631117198301,0.2968426639906761,39012.01955517578,1.7539871820072128e-06,11.542675018310547,1.9332139345351607e-05
322,0.6807135807935233,-0.042440716838929714,-2.240227921353826,52020.298228515625,1.536376272229029e-06,17.62812614440918,4.8024892748799175e-05
323,0.24555969819011944,-0.0615934776024816,-3.251203998792789,45109.85205664062,1.6477147616356476e-06,24.554006576538086,5.820135265821591e-05
324,0.7065280786787783,0.019321910386791142,1.0199046191105192,47204.049399902346,1.5702671566736244e-06,11.475369453430176,2.256849256809801e-05
325,0.9992934854884588,-0.00011297520772597869,-0.005963382186238972,47706.36616259765,1.5868512460618558e-06,18.339536666870117,2.604470500955358e-05
326,0.8560973227338525,0.014174157030583242,0.7481811031155753,33947.08699243164,1.845512109373598e-06,13.305176734924316,2.7826999939861707e-05
327,0.8479716616661135,-0.013639579858430671,-0.7199635140555325,30802.676967773437,1.9302954372864554e-06,10.775372505187988,2.0406248950166628e-05
328,0.5065818677332232,-0.03604131628645227,-1.9024363649106286,22015.10762084961,2.273882275124532e-06,12.267115592956543,3.891296000801958e-05
329,0.9973106881449295,0.0005748705664518292,0.030344470830157514,24249.52941455078,2.1724327992727215e-06,3.8963215351104736,7.958709829836152e-06
330,0.7535149722284076,-0.013190621431212773,-0.6962652997205175,33291.660851074215,1.8825952941188083e-06,12.310540199279785,2.2283098587649874e-05
331,0.9819602754825095,0.006411936806980672,0.33845328106660316,53638.649828613285,1.4856163117483625e-06,30.437463760375977,4.0109654946718365e-05
332,0.7679247856154193,0.011526784392211777,0.6084398700629843,71428.05799609375,1.2971573666565386e-06,11.05803108215332,1.8394375729258172e-05
333,0.994433119955687,0.0005657917850444596,0.029865248490962684,62308.93032421875,1.4542700917683345e-06,51.164024353027344,5.540417623706162e-05
334,0.7708677537094334,-0.03793931678496263,-2.0026220834422768,61305.45562792969,1.4188188280614306e-06,108.59126281738281,0.00013044694787822664
335,0.8192400903422895,-0.01925407246699315,-1.0163238030127424,65534.62047265625,1.3807847106199487e-06,23.75617027282715,3.6348457797430456e-05
336,0.9902630350029195,0.0025208751487276813,0.13306407890939725,36831.383671875,1.7684460215552208e-06,13.806538581848145,2.1910294890403748e-05
337,0.5308424210551924,-0.02467492831332105,-1.302462999734287,32128.01344140625,1.8837168567944494e-06,14.70909309387207,2.674369352462236e-05
338,0.9936484961888288,-0.00230317032124961,-0.12157255686511052,24893.033073486327,2.1486513596799618e-06,12.440755844116211,2.253708771604579e-05
339,0.21130413138249876,-0.01582161808476907,-0.8351421284662294,35260.70758251953,1.8232294854474224e-06,8.426419258117676,1.8017612092080526e-05
340,0.7858660819521003,-0.02607234112355048,-1.3762252598538414,53317.01148291016,1.49613129446717e-06,32.3424072265625,4.767941209138371e-05
341,0.24981169638593895,0.02092928399127728,1.1047496334509461,65836.11817382813,1.3359444700796314e-06,12.027816772460938,2.6306292056688108e-05
342,0.8056197665786409,-0.0070798055029992445,-0.3737066465151003,67839.67965136719,1.368834483583265e-06,12.329560279846191,1.3240935913927387e-05
343,0.8715375779663935,0.03071116489623944,1.621084991541629,44191.34612939453,1.6900956708499176e-06,19.557456970214844,6.073196709621698e-05
344,0.9457388762541481,-0.012061208450385273,-0.6366493770208238,48205.15377734375,1.6057774738899854e-06,53.86355972290039,7.255428499775007e-05
345,-0.171626087641097,-0.043224882865474316,-2.2816200268243656,39559.09203613281,1.7242719279906322e-06,15.25405216217041,6.616860628128052e-05
346,0.9995005105753313,-0.0001293409021465437,-0.006827243315928098,31859.077182617188,1.9072380742542411e-06,14.027288436889648,2.3485123165301047e-05
347,0.9571704244976359,0.00875561762402606,0.46216417937712356,23636.96641064453,2.173538104230201e-06,13.6776762008667,2.9936505598016083e-05
348,0.9990275744643461,-6.33673034513933e-05,-0.003344835174002019,24478.6100402832,2.187304859730397e-06,10.922078132629395,2.071914786938578e-05
349,0.9974214241342627,-0.0016553477745626802,-0.08737732489769494,26754.189381347656,2.077999011019936e-06,12.17249870300293,2.0398834749357775e-05
350,0.9992000326825269,0.0008365367307582079,0.044156486531433545,50554.79864648438,1.5193088021742734e-06,7.551469326019287,9.98256200546166e-06
351,0.9381593969354831,-0.005913760431749882,-0.31215710351177084,48021.25194873047,1.6180185778574645e-06,10.115503311157227,1.291887201659847e-05
352,0.9431627357761841,0.009070998462900255,0.4788115174460669,62400.529834472654,1.4881358343491175e-06,24.178253173828125,3.5926241253037006e-05
353,0.5220060321394253,-0.049290053417667845,-2.6017692945750373,45682.64335595703,1.633388461510948e-06,30.61708641052246,5.500322731677443e-05
354,0.5355425081810361,0.0151420256778229,0.79926992840517,33626.13806396484,1.8425765732150583e-06,4.866429328918457,2.560132088547107e-05
355,0.9867270511919748,-0.0019556474976786453,-0.10322860816070809,23802.049042724608,2.200716209310947e-06,6.735416412353516,1.2202417565276846e-05
356,0.9867855907815642,0.002445861988271539,0.12910451863239694,18024.34337084961,2.512205244316062e-06,9.410579681396484,2.073925315926317e-05
357,0.9880524329371159,-0.0016651963427701752,-0.08789718033669522,13457.116271240235,2.892334418040478e-06,6.3670830726623535,1.5142710253712721e-05
358,0.883505045106056,-0.008000824800454102,-0.4223225347456086,14437.495899414063,2.817338411180332e-06,10.254746437072754,2.601469350338448e-05
359,0.9316599022500045,-0.002734929797881515,-0.14436292674813483,16816.116560058595,2.5931641535416317e-06,5.283151149749756,1.1234583325858694e-05
360,0.8122883135038239,0.015199771791907696,0.802318049802681,15312.325059570312,2.7133274790849644e-06,5.3923797607421875,2.8990963983233087e-05
361,0.9977494165361042,-0.00024368198702573053,-0.01286272315658156,25087.35812548828,2.1835151682534766e-06,5.4000067710876465,9.459276043344289e-06
362,0.9879201128296407,0.0027989045647053125,0.14773982680014602,51423.097554199216,1.5736799313076144e-06,9.351909637451172,1.3606433640234172e-05
363,0.9973164764208421,0.0005474951722387837,0.02889946407622166,51161.50862646484,1.6121147872619305e-06,13.9846773147583,1.760786290105898e-05
364,0.9802724137260047,-0.005353673998345334,-0.2825930112923523,42550.31878125,1.7118400165993077e-06,21.400508880615234,2.7563875846681185e-05
365,0.6077067136606931,-0.029237474826427568,-1.5432964458310598,55149.64877246094,1.4934841916938582e-06,14.614221572875977,4.3709984311135486e-05
366,0.7917886986533786,0.007208447291955602,0.38049698722886954,28080.460977783205,1.9981866038641917e-06,4.701529026031494,1.3752941413258668e-05
367,0.9492588236385867,-0.0040754923207833435,-0.21512435157332732,19443.271964599608,2.3978647218828863e-06,5.6344075202941895,1.491491639171727e-05
368,0.882385690278096,-0.004256157702644038,-0.22466075112101652,18012.385490478515,2.4972186906058897e-06,4.006198406219482,1.18205243779812e-05
369,0.6723991403827498,0.008810787061988293,0.4650762912483119,14471.65926586914,2.7934067598737703e-06,6.196249961853027,1.738525133987423e-05
370,0.8130905682682383,0.004472356037570112,0.2360727531446801,12122.310677978516,3.034867391942868e-06,2.936129570007324,1.2050891200487968e-05
371,0.880920351003957,-0.002072452953359406,-0.10939416950538532,12313.042885986328,3.0451286008940656e-06,2.388756036758423,5.6943713389046025e-06
372,0.9593090302800859,-0.0012135162938097647,-0.06405530553896754,12019.394661132812,3.051701615311412e-06,2.1675617694854736,4.875097147305496e-06
373,0.9558167967034419,0.002047151798848603,0.10805865123427082,14042.527626953124,2.8538295049021316e-06,1.8826491832733154,6.797353307774756e-06
374,0.1818451285636035,-0.004105791264975441,-0.21672367754664396,16928.55598876953,2.582356257290478e-06,1.6742830276489258,4.769165116158547e-06
375,0.9417989454294164,-0.005041849561885606,-0.266133397479309,26283.513705078127,2.108286351296155e-06,9.804397583007812,1.8016251488006674e-05
376,0.9847048600260268,0.004597767794240974,0.24269259700891926,72531.50855322265,1.343652514553321e-06,27.19594955444336,2.822099304466974e-05
377,0.7880289409148993,0.011113809982162635,0.5866410675661309,66704.95608349609,1.4349970815435105e-06,20.181289672851562,1.5857964172028005e-05
378,0.968498658000692,-0.04281767242515292,-2.2601254747474786,27726.043,2.064272044016598e-06,70.9535140991211,0.00020254917035344988
379,0.33643215573550433,-0.03823613909765284,-2.0182898120316173,41194.19934814453,1.69193944107106e-06,28.255680084228516,4.971649468643591e-05
380,0.996092449668083,0.001580776315033776,0.08344107974880242,21828.414289550783,2.2808038491625856e-06,9.768260955810547,1.9425524442340247e-05
381,0.38949710045788344,-0.010802208334358004,-0.5701932136243358,16692.49548364258,2.603584603258781e-06,4.329710006713867,1.31971328301006e-05
382,0.6695958112638599,0.011751118287086876,0.620281306599331,14810.228068603516,2.809562149479153e-06,5.152496814727783,2.30666009883862e-05
383,0.3559279923913334,-0.01923229311301273,-1.0151741825414118,17182.734833007813,2.568825256752531e-06,7.134328842163086,2.448480881866999e-05
384,0.5119852791978139,-0.00671960664635838,-0.3546935949931615,18408.369072631835,2.502598891827308e-06,3.233924150466919,8.725606676307507e-06
385,0.9026076922825561,0.004509468389671947,0.23803172400092593,17190.719213623048,2.585351620733196e-06,4.43208122253418,1.3264212611829862e-05
386,0.7774225522588659,0.0060030945124078215,0.3168725917674927,19400.437158935547,2.4203286207243766e-06,2.5483696460723877,1.0048003787233029e-05
387,0.39351468840794335,-0.01868666175419795,-0.9863730996232768,30314.722506347658,1.9438302132882743e-06,6.504386901855469,1.5628656910848804e-05
388,0.9913117434363612,-0.0032440999301298953,-0.17123940838983862,46196.16631494141,1.6149424472875907e-06,26.895999908447266,3.9197024307213724e-05
389,0.7636695569398169,-0.023427732323885817,-1.2366299156811342,43395.7829321289,1.6585463793633092e-06,19.32069969177246,3.9740287320455536e-05
390,0.5559112807952623,0.023629424728023225,1.2472762239654267,50884.91880322266,1.550404871358635e-06,16.175735473632812,3.854917667922564e-05
391,0.9962783379925275,-0.007131065974346714,-0.3764124240732452,49372.22458300781,1.602928044716584e-06,75.89219665527344,9.085338388103992e-05
392,0.5658618071587219,-0.042775761168304824,-2.25791319430541,38332.81992529297,1.7670777262360334e-06,31.236438751220703,7.940829527797177e-05
393,0.9421645341440578,0.007880773663530814,0.4159856505231646,36877.96784667969,1.7666529901772998e-06,25.181676864624023,3.9584989281138405e-05
394,0.9347249430591019,-0.011563427014857073,-0.6103740463087146,33087.165435058596,1.862032030483052e-06,25.281265258789062,4.246080425218679e-05
395,0.6778722007232026,-0.021545092966722586,-1.1372550330710451,38685.230421875,1.7217230123499877e-06,18.88475799560547,2.9896064006607048e-05
396,0.9432418264394029,-0.020043568883035597,-1.0579972724251332,21787.57829589844,2.3047517119529555e-06,35.885868072509766,7.452122372342274e-05
397,0.9204548115005995,-0.005719007004616966,-0.301877068259343,27386.17514794922,2.0435986638726554e-06,12.743327140808105,2.1645164451911114e-05
398,0.8064271586811878,-0.030072596372622478,-1.5873782320226142,30354.47799951172,1.9387680372055956e-06,18.642793655395508,5.951319690211676e-05
399,0.9564030995264238,0.0048429195040254934,0.255632899297196,36636.88742578125,1.7930670085589875e-06,12.389212608337402,2.1417452444438823e-05
400,0.8942537456305483,0.011224509229829902,0.5924843134858039,45676.89330371094,1.6643572875951184e-06,22.567678451538086,3.1317722459789366e-05
401,0.9109488933830011,0.016970914497848558,0.8958075956463403,49422.948471191405,1.616068243239996e-06,35.31245422363281,5.6727822084212676e-05
402,0.3140059863135007,0.03697459245549873,1.9516992305725538,44217.11797851563,1.6853645288398968e-06,13.627358436584473,5.5941720347618684e-05
403,0.7407579692108532,0.027046449376437423,1.4276434419458277,39331.65021875,1.7307921252097996e-06,21.172157287597656,6.585261871805415e-05
404,0.4989049086655079,-0.007214433732505677,-0.38081298074332176,31491.88476074219,1.9037673031932798e-06,4.788664817810059,1.042514941218542e-05
405,0.3251998042231409,-0.014069506381876637,-0.7426571317342702,26527.045939697266,2.0704431842624422e-06,5.546199798583984,1.7156420653918758e-05
406,0.24343069570083659,-0.010726018936398803,-0.566171565798096,20885.050325927736,2.354541654353393e-06,2.4325053691864014,1.3681993550562765e-05
407,0.8915074650867927,0.005411310957542494,0.2856353709627943,18084.794739013672,2.4972669373379094e-06,3.006486415863037,1.1965200428676326e-05
408,0.21704043561724215,-0.012561635210096376,-0.6630643408385205,15559.335551025391,2.6981175491425845e-06,2.261284828186035,1.735847763484344e-05
409,0.9950037942399994,-0.0010110426245141882,-0.053367758271178505,14315.291463134765,2.7964156407891374e-06,3.0776612758636475,6.615094662265619e-06
410,0.988718804100272,0.0033555686445299114,0.17712327051460072,20358.38964868164,2.3794956513567866e-06,15.157506942749023,3.104828647337854e-05
411,0.5799189713389581,-0.02424065819157264,-1.2795401057633229,47016.50167285156,1.6228294664466029e-06,17.253347396850586,2.8657705115620047e-05
412,0.5579504561444447,0.049154233157809,2.5946000391740016,50375.51876416016,1.5744518516930136e-06,19.54256248474121,5.8898534916806966e-05
413,0.8959397595010854,0.015355542282675817,0.81054037564289,45589.55262109375,1.6510369030060066e-06,27.855215072631836,4.2759715142892674e-05
414,0.8037723917316901,0.04073518345836164,2.150201555530408,56609.69726171875,1.4603993887701905e-06,28.228891372680664,7.363910845015198e-05
415,0.9969685055446553,0.001368039627845388,0.0722118003672961,30247.651526367186,1.9383046665555277e-06,10.722025871276855,1.7826785551733337e-05
416,0.9989730305111607,0.0004660043337199098,0.024597980374206015,19453.071861816406,2.4120203792307338e-06,8.53818416595459,1.74870128830662e-05
417,0.9705583306747602,0.00343768409073694,0.18145772405518448,13236.282677978515,2.900635669932432e-06,7.065352916717529,1.922881529026199e-05
418,0.8889002912668827,-0.005436316098910302,-0.2869552642172405,17898.794552246094,2.524838018375232e-06,6.82780647277832,1.3916146599513013e-05
419,0.7658638337506561,-0.006353229179280751,-0.33535440629337665,22636.78731616211,2.2714700592957645e-06,5.050498962402344,1.1122270734631456e-05
420,0.9679022391071879,0.004397753122404209,0.2321348476139294,25500.415423828126,2.1135140161056163e-06,6.951162338256836,1.5198063920252025e-05
421,0.9803197339913353,-0.007721575002850522,-0.407582369163624,49448.944162597654,1.5903428609516297e-06,36.809669494628906,4.767686186823994e-05
422,0.6784430027727171,0.043351804214656876,2.288319554340212,48298.36999560547,1.6196459340327345e-06,28.271604537963867,6.521712202811614e-05
423,0.8420604808154587,0.019962630881402963,1.053724970148898,44242.26870556641,1.6774175522763377e-06,24.571796417236328,3.748297240235843e-05
424,0.9770857662523317,-0.002495420835766195,-0.13172047618865115,41194.461862304684,1.7051536777725203e-06,11.781936645507812,1.5497362255700864e-05
425,0.9262926599350799,0.0036944813584743985,0.19501273566104727,27760.043555664062,2.051173978291773e-06,5.168108940124512,1.0891382771660574e-05
426,0.9355530634860543,0.0058769030255470716,0.3102115899428653,23113.35927392578,2.2236067531252813e-06,7.7784528732299805,1.6753972886363044e-05
427,0.899875261402013,0.005611685226991618,0.2962121016727019,18418.521913330078,2.481326039816836e-06,5.077920913696289,1.3595239579444751e-05
428,0.9826107923764767,-0.001670409506325381,-0.08817235652184963,34365.44142871094,1.859607717097481e-06,5.889185428619385,8.851046004565433e-06
429,0.9847574470599283,0.0008717970586584412,0.046017698522220124,64488.16110449219,1.403549008549279e-06,4.224667549133301,5.2726154535776e-06
430,0.9477914045773072,0.0033694640473654913,0.17785673761245546,43260.90963623047,1.7213555403255923e-06,6.262889385223389,9.669777682574932e-06
431,0.9660046047329781,0.014741770455983882,0.7781425066645231,47477.17554589844,1.6375713505970405e-06,55.14496612548828,6.872162339277565e-05
432,0.8128064986071917,0.010220091178738136,0.5394662324927989,42584.285673339844,1.6701275245925148e-06,13.033474922180176,2.3526279619545676e-05
433,0.7570020868781284,0.008343973357238306,0.44043558832568164,26197.946166503905,2.081829135717406e-06,5.906665802001953,1.3862480045645498e-05
434,0.9418360808486889,0.001938335517646833,0.10231479746358031,21634.669661621094,2.289217776489308e-06,3.344330310821533,6.791370651626494e-06
435,0.9877205218328804,0.0010745744039216657,0.05672127528791681,16584.29040942383,2.6034238285797525e-06,3.5727713108062744,8.090004484984092e-06
436,0.99928159376995,-0.00032571172788302817,-0.01719265275101701,17840.9994296875,2.550828017948294e-06,5.689641952514648,1.1735237421817146e-05
437,0.970384169614295,-0.0005638273517061733,-0.029761556123306193,18754.744260498046,2.4683674299937258e-06,1.2826093435287476,2.588966253824765e-06
438,0.9418573155275582,0.0030930978306392453,0.16326878148582485,16507.209775634765,2.6433900157594212e-06,4.467066287994385,1.0743297934823204e-05
439,0.9127592662004006,0.005309780274698212,0.2802760865886613,27388.92978466797,2.074859518074963e-06,6.1207966804504395,1.160264127975097e-05
440,0.9954142727088839,0.0008367547962337034,0.04416799709023825,57009.5274375,1.4831855356186659e-06,8.846186637878418,1.0693011063267477e-05
441,0.46714228163042726,0.0291884814574432,1.5407103369871273,36133.312330566405,1.8897378066395688e-06,11.722747802734375,3.8505237171193585e-05
442,0.9361163458223857,-0.006988883687014938,-0.3689073498490883,30775.065877929686,1.9781748451959256e-06,18.55698585510254,2.8880553145427257e-05
443,0.6109430411325669,0.010959693773235567,0.5785060627856528,39939.50219238281,1.6936397578221281e-06,5.917830467224121,1.5583864296786487e-05
444,0.6723833648640901,0.00945058480995925,0.4988479352208547,24806.1579609375,2.1195471513138543e-06,3.219618320465088,1.1235372767259832e-05
445,0.8477759961888501,0.007291170511495255,0.38486352200867385,19316.213160644533,2.4252176796194695e-06,5.230062961578369,1.4722173546033446e-05
446,0.9552179454361253,0.003461068066520173,0.18269204428734911,19069.059059082032,2.4445940601611598e-06,6.400610446929932,1.4703053238918073e-05
447,0.9840362848688328,-0.004452592700002759,-0.2350295478471458,29490.508656738282,1.9896910167154635e-06,15.850778579711914,2.625032539071981e-05
448,0.29473106690672807,0.012783479127556592,0.674774344228968,43788.7853305664,1.6481149404050576e-06,6.1697869300842285,1.2365257134661078e-05
449,0.9553588824974883,0.0037153157701683938,0.19611247747217186,47683.21430078125,1.6012933612390066e-06,6.739867210388184,9.244674401998054e-06
450,0.663621377959237,0.03301767735214617,1.7428339625659115,56360.41312158203,1.4867883015966114e-06,22.207454681396484,6.388099427567795e-05
451,0.9843674899676634,-0.004130567158746853,-0.21803146999543457,49001.18128710937,1.5730090387990883e-06,25.407638549804688,3.2437477784696966e-05
452,0.7993963689037747,0.016289295678770455,0.8598284316747664,39406.0285546875,1.7134936793972803e-06,12.149011611938477,4.4551252358360216e-05
453,0.2860230702357326,-0.04065739071232926,-2.1460952751769926,28913.04795703125,1.9888725945344677e-06,8.6577787399292,4.820315007236786e-05
454,0.38283771173924597,-0.013509347446101444,-0.7130892124863002,25244.359938964844,2.1394400243460635e-06,5.379416465759277,1.3904843399359379e-05
455,0.8800700980882102,-0.006910096642399142,-0.3647485855695142,24869.966002441408,2.15010683045384e-06,7.712669372558594,1.3579043297795579e-05
456,0.8205955120180041,0.03823754654892728,2.018364104170813,50590.4643671875,1.549944374938527e-06,26.759235382080078,6.152927380753681e-05
457,0.9546459672650113,-0.0021551588128966006,-0.11375978793963475,43228.31437255859,1.6472340506161436e-06,4.364867210388184,6.032793862686958e-06
458,0.99729403538001,-0.0018959246738516043,-0.10007614638709574,54906.03981835937,1.4948199847194153e-06,19.9022274017334,2.3053287804941647e-05
459,0.7134710832242942,-0.006702398645523249,-0.3537852728249039,25728.008688964845,2.1569773524166943e-06,10.322759628295898,2.0238981960574165e-05
460,0.8643422554024219,0.01234192313510546,0.6514668664857369,46422.33005175781,1.6393769647537196e-06,16.954614639282227,2.7967220376012847e-05
461,0.6645993491594715,-0.011008154180811,-0.5810640393283837,31873.142903320313,1.9243050041016023e-06,8.422264099121094,2.001201755774673e-05
462,0.900431881684514,0.006752285182975981,0.35641852745454206,22427.930130371093,2.236893661157708e-06,8.704100608825684,1.9748938939301297e-05
463,0.8144101133462591,0.00724262174977503,0.38230088170347903,17461.640236572264,2.5471355339281005e-06,6.146885395050049,1.4855731023999397e-05
464,0.48664809928237723,0.01266179231669784,0.6683511211627584,15471.047010131835,2.713285330642029e-06,5.80066442489624,1.922928640851751e-05
465,0.5429513035490652,-0.009511608949311069,-0.5020690867714132,13872.244783935546,2.8632075666381894e-06,2.2644095420837402,1.4995628589531407e-05
466,-0.2650820918728224,0.008790287653243979,0.46399423252591704,12456.370108154297,3.00614682630547e-06,1.1782217025756836,1.254502512892941e-05
467,0.8879726404838917,0.006990395349556761,0.3689871427669767,11802.81341772461,3.1026037748411783e-06,1.9138380289077759,1.4358032785821706e-05
468,0.27695022754373183,-0.004798163151438672,-0.25327044083299344,12675.877506347657,2.981103806643316e-06,1.4233729839324951,6.81095480103977e-06
469,-0.25734894249802903,-0.002342840721249995,-0.1236665539592081,15085.765043457031,2.762569588306565e-06,0.9820523858070374,1.7021005760398111e-06
470,0.6519044396235185,0.0069327380986035905,0.3659437119987358,21789.13773364258,2.3295055279693616e-06,2.3961431980133057,1.0096242476720363e-05
471,0.955642940613281,0.01657207500497263,0.874754902981647,46212.05456640625,1.6139475031819003e-06,25.82108497619629,4.241209171595983e-05
472,0.958057899076949,0.0031168317429737845,0.16452157307501,47108.81921020508,1.6142622558871738e-06,9.278643608093262,1.3162089999241289e-05
473,0.4734329691781751,-0.026695605286413418,-1.4091241806077912,46984.56811181641,1.6250797701366334e-06,16.339454650878906,3.085525895585306e-05
474,0.803861780849906,0.028966074850112263,1.528970632082348,36768.60800976562,1.810506136742293e-06,31.173194885253906,8.477176015730947e-05
475,0.9921833753752922,-0.0013739432439361966,-0.07252342200304218,30660.823984375,1.9302381032511105e-06,6.545094966888428,1.0510812899156008e-05
476,0.9255540972469603,-0.0019266463390957438,-0.10169778563818577,19151.68226904297,2.4384837542039716e-06,2.827989101409912,5.465064532472752e-06
477,0.5611169284738872,-0.006600122031086136,-0.3483866145450939,16700.130103271484,2.588875910239317e-06,3.924135684967041,8.159655408235267e-06
478,0.8737703026465473,-0.002673141977280677,-0.1411014643785212,15387.459620117188,2.717956795165677e-06,3.096301555633545,6.394635875039967e-06
479,0.9223213077886887,0.00406091536645137,0.21435490886512043,16967.619052734375,2.585606228663634e-06,4.843716144561768,1.2860836250183638e-05
480,0.3317290850616743,-0.018147014096828975,-0.9578878656363184,22513.831201660156,2.25729276616817e-06,6.8639349937438965,1.764487569744233e-05
481,0.3866885043229264,0.020158028893005563,1.0640390297118045,26388.267661621092,2.109073585903547e-06,3.681638240814209,2.415777817077469e-05
482,0.8748642671599832,0.004254227009293757,0.2245588397144,63385.77416796875,1.4294261803902763e-06,5.06882381439209,6.8485155679809395e-06
483,0.662300629864628,-0.03449754448288036,-1.8209485636634013,64486.948061523435,1.44426001153569e-06,32.239707946777344,5.299307304085232e-05
484,0.7821730376269252,0.04824731147486299,2.5467282917591874,39413.211834472655,1.7927018869276528e-06,24.114471435546875,0.00011946651648031548
485,0.6699051667007103,0.012267992033331078,0.6475644225406927,41595.601698242186,1.6786956880980946e-06,5.742530345916748,2.7431278795120306e-05
486,0.8954985609210228,0.0029566250611466165,0.1560650834455167,23916.068486816406,2.1708942739742735e-06,2.8371195793151855,6.3358229454024695e-06
487,0.5066359548064311,-0.004984285369036387,-0.2630948787714269,19627.457473388673,2.4186407314050584e-06,2.035350799560547,6.30725980954594e-06
488,0.9851275293544871,0.0007240656282004636,0.03821971347334534,17466.23281640625,2.5621045189930268e-06,1.8248850107192993,4.289855496608652e-06
489,0.7432329038308008,0.0031070920808691817,0.16400746623100707,20337.493911132813,2.397314069208431e-06,0.855656623840332,5.00101759826066e-06
490,0.2939825748505492,-0.011392564530541481,-0.6013550914798329,24777.425763916017,2.1500887912695497e-06,3.9908206462860107,1.1700275535986293e-05
491,0.5866765816800117,0.01315535566230783,0.694403800526979,43657.5117109375,1.6752556797570085e-06,4.968934059143066,1.3441657756629866e-05
492,0.5281656882215474,-0.023639099180967585,-1.2477868887520756,62951.959654785154,1.4563697718518012e-06,9.252309799194336,2.4926230253186077e-05
493,0.7486662072372049,-0.04157489739255184,-2.194525750346958,40166.12960009766,1.8078469371701047e-06,53.858421325683594,8.17226609797217e-05
494,0.4386855188703454,0.039455305349290495,2.0826433498867014,36915.61596191406,1.786465162828872e-06,14.585143089294434,8.189569052774459e-05
495,0.3015241813924137,-0.01183056693223552,-0.624474993380146,25348.11881982422,2.1043361406250435e-06,4.893673419952393,2.1419922632048838e-05
496,0.845148399322743,0.017803749143378983,0.939768668072824,31334.538375488282,1.9090830184066886e-06,18.773563385009766,3.7548885302385315e-05
497,0.9587422620170972,0.007338112336805319,0.3873413403767759,18862.613169677734,2.4457125282727267e-06,12.953862190246582,3.529610694386065e-05
498,0.9336715216435605,0.009289621661145655,0.49035151557625334,23596.493916503907,2.1818315725746367e-06,13.956826210021973,3.0171158869052306e-05
499,0.9921019690765044,-0.0028681213751070183,-0.15139342746569182,34727.582548828126,1.822327062734893e-06,14.210850715637207,2.2592343157157302e-05
500,0.9607523048656609,0.007545379190516385,0.39828189528344465,62711.41037109375,1.4149038417648606e-06,14.29232406616211,2.1320303858374245e-05
501,0.9138291821140776,0.007263474628113293,0.38340159827410775,36325.82059082031,1.8426091239753312e-06,16.64312171936035,3.179475970682688e-05
502,0.8583621465690112,0.015653080356820698,0.8262458856109449,38488.78029638672,1.7863648710210142e-06,17.98724365234375,3.0152168619679287e-05
503,0.604153275598267,-0.03851428943294492,-2.032971942633231,34269.94865429687,1.8467110237829245e-06,9.69154167175293,6.020471846568398e-05
504,0.7184159563938076,-0.008115840390725803,-0.42839361826890365,23350.625348876954,2.2241161477229247e-06,4.2692646980285645,1.2572822924994398e-05
505,0.8537167140102697,-0.0059985804044836895,-0.31663431514624657,17714.6264206543,2.495108134752658e-06,4.51826810836792,1.1705842553055845e-05
506,0.7003087097041035,-0.00924280954228111,-0.4878805437466283,19019.194305419922,2.443354626692434e-06,5.986195087432861,1.9075103409704752e-05
507,0.9982023379393488,0.00019058465039307527,0.010059986894481295,20268.233232666014,2.3807254097568143e-06,7.645639419555664,1.453743243473582e-05
508,0.9923156956421402,-0.002616976504140617,-0.13813677691525486,21267.146002441405,2.326492664943722e-06,15.056977272033691,2.938842590083368e-05
509,0.8687379213705692,0.02339558856797441,1.2349332115523326,56552.44041992188,1.4824225166088362e-06,39.16499710083008,5.1358820201130584e-05
510,0.9919043967497517,-0.008269049756103673,-0.4364807554262471,61048.79189892578,1.4508383374381341e-06,54.53512954711914,6.367455353029072e-05
511,0.7657615217339797,-0.05857229928413719,-3.0917314797533435,52228.33054589844,1.5774712769857504e-06,38.46504592895508,9.731486352393404e-05
512,0.6195588615879797,-0.07253741195030138,-3.828878202282216,56561.30378125,1.5238813137375008e-06,118.35274505615234,0.00021713839669246227
513,0.7645766153921482,0.02156908679855531,1.138521544478379,36611.08592773438,1.7866259743740597e-06,32.52476119995117,7.709729834459722e-05
514,0.41713129550622124,-0.013888715404395832,-0.7331141026375078,36177.97828125,1.7780673333193523e-06,12.199383735656738,1.9443637938820757e-05
515,0.9919479604921135,0.002455317914190659,0.12960364849739575,25418.775699707032,2.1125801109933583e-06,13.972145080566406,2.7369340386940166e-05
516,0.8450063044207717,0.020859948459080114,1.1010897660703005,23286.528187011718,2.231714407078435e-06,18.153675079345703,4.883011933998205e-05
517,0.8302518233751149,0.01795896475333326,0.9479617045987903,40931.65709570312,1.689839540489776e-06,16.063749313354492,3.8180551200639457e-05
518,0.9986241191477871,-0.0005303982700469195,-0.027997006235930485,64202.66933984375,1.3790162584013737e-06,42.478275299072266,4.515600448939949e-05
519,0.8666182593162179,-0.014752163554464971,-0.7786911050657964,48721.99618017578,1.639120213794021e-06,22.401029586791992,3.363166979397647e-05
520,0.9820859454673808,0.00147843766377449,0.078039146863106,48605.92011962891,1.6333006416856238e-06,6.041929721832275,8.090949449979234e-06
521,0.9890298346205715,-0.0008837469704203049,-0.04664847311748063,40460.12275927734,1.7245098304881803e-06,4.107194900512695,5.696807420463301e-06
522,0.8033547488148272,-0.0106289355588214,-0.5610470318753152,29080.683385742188,1.976415012473781e-06,9.200373649597168,1.615219298400916e-05
523,0.9645635620683493,0.004649427836803242,0.24541946588357882,21177.262322509767,2.3304250299125232e-06,7.549387454986572,1.726255868561566e-05
524,0.7336063590962552,0.016869311546352454,0.8904444965804746,22266.463267333984,2.2674914081286525e-06,7.4232025146484375,2.3602951841894537e-05
525,0.9680548590720852,-0.010245047074732661,-0.5407835263363857,45242.73365625,1.6397841449469795e-06,20.247310638427734,3.0311312002595514e-05
526,0.9002594649878449,0.012532198859447874,0.6615105467573364,58119.03924169922,1.4626451664460477e-06,15.55781078338623,2.569320349721238e-05
527,0.6735926297005785,-0.02575941004297144,-1.359707231969601,47248.567060058595,1.6455686627419282e-06,32.4737434387207,3.4453307307558134e-05
528,0.8831070807990367,0.03545865824417622,1.8716808331447075,46435.489836914065,1.6471235445730878e-06,35.53867721557617,7.71616687416099e-05
529,0.9919123690282289,-0.002881875690319845,-0.15211944727105503,34554.521754882815,1.859527652215496e-06,13.322808265686035,2.1704116079490632e-05
530,0.9982470737039187,0.0006939105151357441,0.0366279796080681,23839.626250244142,2.1766861483956686e-06,7.99895715713501,1.532138958282303e-05
531,0.8611001668722286,-0.006201123707053017,-0.32732553799766684,19278.435030029297,2.41724049205145e-06,5.474900722503662,1.389320459566079e-05
532,0.6951632837622179,0.008612978664810488,0.4546349997847923,16932.230885498047,2.5694688268665146e-06,3.1086106300354004,1.4339593690237962e-05
533,0.9504443276757119,-0.0011975880111057564,-0.06321453313193774,16107.863487548828,2.634252153676306e-06,2.1974198818206787,4.674588581110584e-06
534,-0.5271105156215061,-0.005405716157183216,-0.28534005012674857,15606.929356201172,2.737566667530804e-06,1.064293622970581,7.058882147248369e-06
535,-0.08127116823798536,-0.009408290535442058,-0.49661543723910745,18139.13988598633,2.4957542554273735e-06,1.9966566562652588,1.048533340508584e-05
536,0.7990022839223787,-0.004669987267359355,-0.24650469284978999,23421.480796386717,2.234826138436689e-06,4.29595422744751,5.508461072167847e-06
537,0.9660760045808351,0.002950207400037781,0.15572632800789385,47594.87062060547,1.6132047345083768e-06,4.496121883392334,7.770162483211607e-06
538,0.6522560632770369,-0.04075999831784917,-2.151511404779642,54074.44737451172,1.5394038387269857e-06,23.299959182739258,5.655278800986707e-05
539,0.9343540816732991,-0.010649723772559612,-0.5621443351331313,44870.35663427734,1.652445967169572e-06,19.409515380859375,2.9965691282995977e-05
540,0.836417577773687,-0.013270866430410134,-0.7005010219500264,55308.961416992184,1.493337032784941e-06,21.89044761657715,3.5108852898702025e-05
541,0.999258190381414,0.00026262397936932747,0.01386257384937835,44197.940888671874,1.5915009306152251e-06,11.960884094238281,1.7591984942555428e-05
542,0.5203807168774591,-0.016005299101351487,-0.844837707914905,46155.84782226563,1.5829713276212307e-06,11.513508796691895,1.5464727766811848e-05
543,0.9296355784872532,-0.005835673280840467,-0.30803528303380523,28277.782517822267,2.018970724906076e-06,8.39046859741211,1.3936647519585676e-05
544,0.9980354655454763,-0.0015722888468628726,-0.0829930698047145,24685.886947265626,2.1448447902962784e-06,17.593177795410156,3.316735819680616e-05
545,0.9889404395801099,0.002032177845663736,0.10726825299135015,37978.618724609376,1.7496422092333132e-06,14.12353801727295,2.1716197807108983e-05
546,0.7293488230786916,-0.02750461029013121,-1.4518274083765819,60125.93375878906,1.393638786133453e-06,24.060354232788086,4.568339136312716e-05
547,0.9885028059778854,0.003419937367702398,0.1805209655031224,56551.741303710936,1.4715753959515443e-06,40.5149040222168,5.435711864265613e-05
548,0.9174622744495798,-0.03351140229283756,-1.768895171706259,32975.412321777345,1.98075232413767e-06,148.1605682373047,0.00025386654306203127
549,0.12335848322594589,0.11237476760704353,5.931688029784345,45296.34467529297,1.6525925023546038e-06,35.98237609863281,0.00013744663738179952
550,0.9506752862420245,-0.0035582329770727206,-0.18782088191800855,29998.813656738283,1.9789957828779473e-06,6.351767063140869,1.0783861398522276e-05
551,0.6184920196780108,-0.009179905560969672,-0.48456016497373866,26110.51237158203,2.0661217435651406e-06,5.399198055267334,1.084559607988922e-05
552,0.999179292533658,-0.0005484614806341228,-0.028950470543810156,20839.28601098633,2.3451992265757634e-06,7.575649261474609,1.5202587746898644e-05
553,0.9767706071310127,0.0026364276739258997,0.13916350447552112,15821.342100585938,2.696595504476587e-06,4.234350681304932,1.2329626770224422e-05
554,0.8827963007556382,0.00497547149672566,0.26262963962571045,16847.58524169922,2.5911348382581846e-06,5.007524013519287,1.4206562809704337e-05
555,0.8818919223262354,-0.005213203047179584,-0.2751782697333221,16649.631450195313,2.5966860834478933e-06,5.528840065002441,1.2796577721019275e-05
556,0.534211498336816,0.010751410466955689,0.5675118545574807,25043.97013330078,2.169313125269856e-06,2.90415096282959,1.2508690815593582e-05
557,0.7823547670869554,0.007647151913853651,0.403653955734677,39706.30233789062,1.7595228058847864e-06,5.262403964996338,1.0347155694034882e-05
558,0.9377347401835966,-0.01235804024888982,-0.6523176063176863,50267.8506796875,1.5929153635274724e-06,26.06178092956543,3.154500518576242e-05
559,0.972500570115839,-0.006123281957361518,-0.323216670992245,31212.464352539064,1.9623765677868367e-06,32.46742630004883,4.8332087317248806e-05
560,0.7883869723794689,0.011180205371956114,0.5901457398983401,40521.795867675784,1.7287853423354336e-06,6.761332988739014,1.8577504306449555e-05
561,0.663686860042134,0.011177920769095002,0.5900251474225322,37394.0885703125,1.7436596594063787e-06,4.542407512664795,1.8067346900352277e-05
562,0.871973041683299,0.012530488611055166,0.6614202715101879,22878.274983398438,2.231224468412588e-06,5.901801586151123,2.502740971976891e-05
563,0.967037617710944,0.0016054297082879793,0.0847424060231391,20884.661963623046,2.3230360285063473e-06,2.701213836669922,6.361117812048178e-06
564,0.7835369206535813,-0.0036922808207352996,-0.19489658055217315,17920.555931152343,2.5293116116782116e-06,2.4387826919555664,7.0103583311720286e-06
565,0.8547087395037536,0.002963353491090555,0.15642024277716723,23719.523547851564,2.2118460382917267e-06,3.0355193614959717,6.121733804320684e-06
566,0.5368084482786258,-0.01127614196076864,-0.5952097407198371,34010.46811376953,1.88238743891113e-06,5.767449855804443,1.0599826964607928e-05
567,0.8149848299007098,0.0189715575886204,1.0014112905514079,46585.54572021485,1.6647416686391479e-06,16.52764320373535,2.9541597541538067e-05
568,0.6469590159565837,-0.016469415988371712,-0.8693360596515283,51188.053436523434,1.611725498072258e-06,5.598562240600586,1.8594788343762048e-05
569,0.8639786770695308,0.015988401805589157,0.8439457862749901,36989.97727734375,1.9179727892337065e-06,23.87759780883789,5.680425601894967e-05
570,0.7769076859213386,-0.024599032919260706,-1.2984568708670154,37201.494278320315,1.7789507550174502e-06,45.33152770996094,7.015030860202387e-05
571,0.9652176632734838,0.0035976483160691745,0.18990141564896776,27345.20609375,2.0382340406203564e-06,5.9198760986328125,1.1918888048967347e-05
572,0.9965820502301808,0.00045171698033570705,0.023843824215745917,20619.94585498047,2.345873668619711e-06,2.922396421432495,6.086282610340277e-06
573,0.5055570615835376,-0.0032794535664035533,-0.1731055456514267,13889.525717773438,2.8274277872281796e-06,1.5094186067581177,4.427821750141447e-06
574,0.347755947572616,-0.020869665623697447,-1.1016026853872563,15455.403697265625,2.7131026723497254e-06,3.5940113067626953,3.2691437809262425e-05
575,0.8127917337706242,0.0053861831346194095,0.2843090019778225,18612.859751708984,2.470908177692973e-06,3.240935802459717,1.226517906616209e-05
576,0.7730719684981706,0.04698181837579324,2.4799293970662464,26842.36353466797,2.0786501711867423e-06,17.585399627685547,7.880260818637908e-05
577,0.9982642482834584,-0.0005737501307064812,-0.03028532876970793,27407.58466845703,2.0546879155558293e-06,11.07365894317627,1.8608197933644988e-05
578,0.6651538684945498,0.023943530217999637,1.263856242902577,43454.46808203125,1.662066836154213e-06,9.36191177368164,2.954892443085555e-05
579,0.9369514527409051,-0.005139338232819106,-0.27127932476111627,59727.254359863284,1.432613328665698e-06,8.468639373779297,1.1052995432692114e-05
580,0.7246480251326682,-0.032867674565407456,-1.7349160842603146,52240.67822460937,1.5628623396109835e-06,30.859346389770508,6.102333645685576e-05
581,0.9772570857823555,-0.014485414845692077,-0.7646108078915982,51927.60582080078,1.5395274440682919e-06,92.77429962158203,0.0001173174605355598
582,0.9958466995927134,0.000826239455976871,0.04361294617214717,33945.558682617186,1.8435767365100666e-06,6.508415222167969,1.0852272680494934e-05
583,0.9636830533316592,-0.00802345573219191,-0.42351710564217704,26216.559419189452,2.0838284044505283e-06,15.275423049926758,2.7995905838906765e-05
584,0.9623178332317047,-0.006732451683123479,-0.3553716186495761,20701.650354248046,2.342024242664067e-06,11.889317512512207,2.3534959836979397e-05
585,0.9923579071119405,-0.003937139744116526,-0.20782142814683255,41484.45580346679,1.6933739367634594e-06,22.14775276184082,3.617435504565947e-05
586,0.8132801575925083,0.01805664057279799,0.9531175104923721,34854.82887548828,1.8368189244036046e-06,11.785440444946289,3.4584689274197444e-05
587,0.32842015184557105,-0.029245587379132822,-1.5437246659092625,44976.89229589844,1.6510128619755652e-06,15.641006469726562,3.6578563594957814e-05
588,0.6578550006213629,-0.03889292725755617,-2.0529582927694454,62044.588635742184,1.408357410821611e-06,41.02215576171875,6.511885294457898e-05
589,0.7592231488115365,0.02788250029499541,1.4717742849411357,52524.118092285156,1.5421600748807743e-06,33.724609375,5.144466558704153e-05
590,0.48879784114429675,0.018864696709747327,0.995770652447664,48216.58404248047,1.6160324280775774e-06,11.023738861083984,1.895409877761267e-05
591,0.6436816585571825,-0.024007902886072137,-1.2672541461221516,46509.40273242188,1.5963442684066024e-06,9.368789672851562,3.739439125638455e-05
592,0.8865866882775817,-0.013909848765468939,-0.7342296244541562,30068.838405273436,1.9199588929212968e-06,6.382661819458008,1.9764169337577187e-05
593,0.7895582396092035,-0.03788821153075653,-1.9999244990014928,24081.87165332031,2.167973675253179e-06,35.72393798828125,6.299121741903946e-05
594,0.7099614791532897,0.03157263462093202,1.6665575630342737,22541.600600585938,2.2247389402576275e-06,15.725428581237793,4.8054953367682174e-05
595,0.8146652452314118,0.016165992835340048,0.8533199065317193,31873.76878076172,1.8801768024021146e-06,13.459463119506836,3.6755100154550746e-05
596,0.9046489385125425,0.0030288813612940673,0.15987912319650327,46750.88795361328,1.5980926701876035e-06,6.126774311065674,9.833368494582828e-06
597,0.5466709517304789,-0.029077876952261678,-1.5348720920376955,50132.20203222656,1.5742625349942282e-06,24.40317726135254,5.230042734183371e-05
598,0.854238307116483,0.022362924953888273,1.1804241920552845,53316.01049609375,1.5443235680417593e-06,31.990842819213867,4.6433033276116475e-05
599,0.4838849165469362,0.05350992059740482,2.824514454990895,40672.14593408203,1.738992340022006e-06,18.719289779663086,0.00010304917668690905
600,0.18658528022035256,-0.009636191482165497,-0.5086451601603873,44308.91578222656,1.6197206903970236e-06,6.919140338897705,1.4817201190453488e-05
601,0.8344248508691544,0.008210705881090326,0.43340108129301036,27204.6010390625,2.043820428069367e-06,5.457103729248047,1.579299168952275e-05
602,0.9883758158218352,0.000957283913579242,0.05053011144938903,20587.50026464844,2.3488028674047684e-06,3.800870418548584,7.914835805422626e-06
603,0.996919348257683,0.00010454911431562496,0.005518611901197626,16732.06590966797,2.623566157350662e-06,3.4546077251434326,7.552191618742654e-06
604,0.8965401281567521,-0.0018464753837776611,-0.09746597180556842,20138.55607348633,2.374248618265648e-06,2.4527571201324463,4.826448730455013e-06
605,0.8348530000205561,-0.0031954338756816705,-0.1686705768026908,22528.481053466796,2.248105517288003e-06,2.6077377796173096,5.5607938520552125e-06
606,0.6648820590847739,-0.008955399716661589,-0.47270965210811366,48378.49086669922,1.6124582972126193e-06,5.589987754821777,9.026113730215002e-06
607,0.7225263989232366,-0.016368558701684074,-0.8640123204091601,47241.46935107422,1.654733104177848e-06,8.340811729431152,1.855451955634635e-05
608,0.2850805608057805,-0.030970450537157242,-1.634771351614072,49029.71970361328,1.6456856488405445e-06,19.63019371032715,3.9242491766344756e-05
609,0.6721504724564645,0.023008375677549472,1.21449422764143,28290.914189453124,2.049647228380695e-06,16.71271514892578,5.796135519631207e-05
610,0.6792804016884495,0.013681857896385341,0.7221951549923611,28990.060927734376,1.9805218059965594e-06,4.663902759552002,1.9341820006957278e-05
611,0.9962181999360483,-0.00042803010996664346,-0.02259351573081499,24013.378407226563,2.175293416158581e-06,3.607018232345581,7.109555099304998e-06
612,0.6334184204589945,0.00718095875766152,0.3790460083899304,16826.77523339844,2.5914881765759087e-06,3.3938703536987305,1.0671991731214803e-05
613,0.611018595129512,0.016236987078237043,0.8570673287488514,18265.611357910155,2.4755990560659047e-06,2.869351387023926,2.5082839783863164e-05
614,0.5009369458995346,-0.005076498290376102,-0.26796232627187405,23456.080615478517,2.2349428827254718e-06,2.1240339279174805,6.761474196537165e-06
615,0.687198267667978,-0.009133790840494913,-0.48212600523074817,42798.70964916992,1.6954124320272483e-06,5.034289836883545,9.194432095682714e-06
616,0.9722056263408629,-0.007958704201712677,-0.4200992042179269,58692.82894970703,1.476974798443999e-06,19.403223037719727,2.457221307849977e-05
617,0.9805316416214079,-0.004435517155071241,-0.23412821734716635,39250.55077978515,1.839162123176533e-06,37.67924118041992,6.032040255377069e-05
618,0.759135148415336,0.03779904983886642,1.9952181102652844,40883.71293823242,1.7457989873107807e-06,12.835455894470215,5.660478200297803e-05
619,0.82448029816415,0.011245410375114402,0.5935875778211429,28450.839201660157,1.984431408889509e-06,8.503654479980469,2.8977385227335617e-05
620,0.8700678668616902,-0.006021819035243618,-0.31786096335956493,31208.658619140624,1.9096394266974384e-06,8.105517387390137,1.4354527593241073e-05
621,0.6844930963200594,-0.04902305855558996,-2.587676004229473,23081.013142333984,2.220132381976421e-06,15.356924057006836,7.182310218922794e-05
622,0.7459448033497267,-0.01077853916976099,-0.5689438397363644,17385.86765136719,2.5573930218054134e-06,5.492163181304932,1.9814375264104456e-05
623,0.4943768290274055,0.013729447000302151,0.724707139880629,17040.93448388672,2.5898998267407883e-06,4.243365287780762,1.9061724742641672e-05
624,0.9461245022801954,0.0038251621501975146,0.20191070488041288,19596.685288085937,2.3911026480148224e-06,3.725454092025757,1.029396298690699e-05
625,0.9857094930163365,0.0023449809807250064,0.12377952728746408,21374.220017089843,2.3450500676331796e-06,6.566995143890381,1.5524572518188506e-05
626,0.7340759474218691,0.031106848699025278,1.6419711115002629,30822.235477539063,1.9669401652343453e-06,10.666236877441406,3.8394631701521575e-05
627,0.7851938648603114,-0.01108757436381262,-0.5852562237383334,40168.08785668945,1.7548149635161796e-06,10.169353485107422,1.749389775795862e-05
628,0.6441937817889917,0.03764978068258855,1.987338956551653,43638.84397070313,1.6581400987264574e-06,12.701192855834961,3.7634436012012884e-05
629,0.7005569710250429,-0.03406949151242801,-1.7983538412447122,50798.86412890625,1.5910990727983628e-06,10.686476707458496,4.3974752770736814e-05
630,0.6375321304859773,0.023311492895598213,1.2304942320214927,37550.32788623047,1.7839198889580302e-06,21.12919044494629,3.039062903553713e-05
631,0.6178614036021323,-0.014176631106331083,-0.748311696893972,29285.738058105468,1.9680962900727323e-06,8.953187942504883,1.9988998246844858e-05
632,0.9981738170751363,0.0005944421171138186,0.031377552679919346,18024.13359814453,2.4924391277036695e-06,7.412968158721924,1.606321893632412e-05
633,0.9981108912657328,-0.0008743459904730741,-0.04615224356872439,14312.121852050781,2.798053438403847e-06,7.4894256591796875,1.7515954823466018e-05
634,0.9937712731489013,-0.0011711505333512236,-0.061819034180761956,14333.679958251952,2.8336648965864774e-06,7.270475387573242,1.6244342987192795e-05
635,0.8480763967179371,0.01415126558149488,0.7469727808432953,17189.846048339845,2.594446263803753e-06,13.241716384887695,3.967566226492636e-05
636,0.6161682241995468,-0.013883626559274111,-0.7328454885852902,15586.457928466796,2.683856476624294e-06,7.34307861328125,2.2970602003624663e-05
637,0.8270947529211263,-0.012950582624324958,-0.6835948813710969,17336.877059326172,2.580510662231059e-06,8.471216201782227,2.7368514565750957e-05
638,0.8276324876145281,0.016721401479497848,0.8826370822317834,26976.76006689453,2.1095548415556588e-06,7.432272434234619,2.7938614948652685e-05
639,0.724370469840455,0.007569714681523531,0.39956644112749734,67980.97517626954,1.383686955233294e-06,8.597992897033691,1.0123669198947027e-05
640,0.809422517262446,-0.01191124955687852,-0.628733815613977,62839.33280615234,1.4406574812492636e-06,18.120269775390625,2.6326209990656935e-05
641,0.9610606465989202,-0.0069341253971730256,-0.36601694037992216,40400.62554443359,1.8101531492584488e-06,44.55133056640625,5.7654615375213325e-05
642,0.3796309247485591,0.01771214177707597,0.9349331847191249,42078.831766601565,1.6690440695278772e-06,12.136910438537598,3.438317071413621e-05
643,0.9330550199446431,0.004044248071711545,0.2134751278003638,28336.207922363283,1.980133267192696e-06,8.129161834716797,1.7071202819352038e-05
644,0.8639905103390805,-0.00465486078056489,-0.24570624313939612,28846.721720703124,1.996975569114991e-06,5.70074987411499,1.0179568562307395e-05
645,0.7314244985947499,-0.012633949266004975,-0.6668814292201236,21057.783736816407,2.3306481289433388e-06,7.699328899383545,2.1945956177660264e-05
646,0.5317939602700317,-0.016300934040427182,-0.8604427611367584,17315.444479003905,2.5575688218245194e-06,4.49984073638916,2.2608897779718973e-05
647,-0.24617397600820023,-0.015247286859118518,-0.8048261266726986,23783.474474365234,2.191793446012628e-06,5.0976243019104,1.3472645150613971e-05
648,0.7316093816933301,-0.0049718823797951645,-0.2624401885381802,24027.471327148436,2.1940096138216687e-06,4.401933670043945,8.50277592689963e-06
649,0.9919727942738932,-0.008592988588714365,-0.45357982612242287,34017.37771435547,1.8782632251458627e-06,36.815574645996094,5.842763130203821e-05
650,0.935722570054446,-0.007723434535441953,-0.4076805243584997,37733.77916015625,1.8088320019056935e-06,19.75351905822754,3.26501285599079e-05
651,0.5341788154869496,0.026334758685342265,1.390076937977249,56579.46189013672,1.4888495381392657e-06,14.476385116577148,3.13376949634403e-05
652,0.9565302998975289,0.02919004412092534,1.5407928219832612,49526.10186376953,1.5600361927051656e-06,67.49055480957031,8.871608588378876e-05
653,0.6732720196123199,0.021539673512789542,1.1369689678741401,44070.203828125,1.6605035666076238e-06,30.982097625732422,4.856964369537309e-05
654,0.42983603134181203,-0.02024702078924098,-1.0687364558056525,39269.14279882813,1.7077150889199086e-06,6.998390197753906,2.4902394216042012e-05
655,0.9873436502265373,0.002062989720068588,0.10889465392168696,29275.818211914062,1.960947288633949e-06,8.050130844116211,1.5034005627967417e-05
656,0.973789887120332,0.003061953104789908,0.16162481103369067,21091.06998083496,2.3263260232502035e-06,8.14184284210205,1.7133877918240614e-05
657,0.9930724901387133,-0.0007174426279216681,-0.0378701192333611,21423.964033691405,2.3118539009044833e-06,3.312495708465576,7.017962161626201e-06
658,0.38441806732410105,-0.015304013360905573,-0.8078204279628106,36714.44700195312,1.7930036511787394e-06,4.843917369842529,1.4951756384107284e-05
659,0.5830472348036844,0.029965121082928384,1.5817051623206566,55706.16777636719,1.4994824698605133e-06,10.309844017028809,3.803938307100907e-05
660,0.4839756193803591,0.012707123657568611,0.6707439303114947,68253.67852050782,1.3535178293753885e-06,6.153007507324219,1.5805604562046938e-05
661,0.9726470998628693,0.008054782132687534,0.4251706657677553,61083.12904296875,1.5067001053925637e-06,36.74787902832031,3.4546384995337576e-05
662,0.6940312450159705,-0.0472535463192023,-2.4942725225169133,41669.05797998047,1.7196703067804416e-06,33.66450500488281,8.746104140300304e-05
663,0.6028997555183041,-0.01642248284956412,-0.8668586997993707,32719.149407226563,1.8515320939645452e-06,6.899280071258545,2.4494749595760368e-05
664,0.9323049840542387,0.004367686767612945,0.2305477988429969,21312.659357910157,2.3160088606263816e-06,6.744296550750732,1.56138812599238e-05
665,0.792801258767433,0.009248648153279127,0.48818873409669533,17226.343295410155,2.5557948371503276e-06,3.735950231552124,1.642134338908363e-05
666,0.9974372615066788,-0.0005172985059815449,-0.027305536830883097,16531.44219458008,2.6297714750315954e-06,5.84050989151001,1.2632886864594184e-05
667,0.5821306786877084,0.011939424370759278,0.6302210196349214,18981.165064208984,2.4581218941777446e-06,5.356805324554443,1.6704494555597194e-05
668,0.9882520145536233,-0.0011737992274777702,-0.06195884516840232,19024.74994873047,2.4457619791644936e-06,3.8976902961730957,7.947734047775157e-06
669,0.3295871834896342,-0.017963983685006936,-0.9482266282784114,32522.693288574217,1.8995136547227334e-06,7.691951274871826,1.689601231191773e-05
670,0.7571264195368469,0.023057132341397973,1.2170678420344196,38467.12226074219,1.7697161512920773e-06,7.518345355987549,2.7115574994240887e-05
671,0.9609078178954452,0.0037577840997802597,0.19835416293028577,29810.942306152345,1.9929716468474684e-06,8.941324234008789,1.5922169041004963e-05
672,0.6457871372213769,0.012562007618878589,0.663083998389434,40259.87412255859,1.7251541540297738e-06,5.775873184204102,1.368429911963176e-05
673,0.9358399799079363,0.01006507468192781,0.5312837061291913,47643.67589208984,1.5982126074776947e-06,16.74122428894043,2.1962707251077518e-05
674,0.9039452193379199,-0.009663456041924633,-0.510084316531559,44513.826619628904,1.6815025707244073e-06,19.5913143157959,2.31737649301067e-05
675,0.9920006610813001,0.0045067369430672735,0.23788754493409495,40514.06780517578,1.7171102865065086e-06,26.346181869506836,3.673022729344666e-05
676,0.9519672194738662,-0.001936208071233772,-0.10220250047119415,31214.89192871094,1.9157042835171353e-06,6.078772068023682,9.412026884092484e-06
677,0.9879331239744282,0.0008409762389409235,0.04439082541467492,22993.028073730467,2.2305977253469807e-06,2.9956345558166504,5.79240759179811e-06
678,0.7412053875230171,0.005811106805552929,0.3067385447134498,15185.284742675782,2.7083059662434786e-06,3.464791774749756,9.904288162942976e-06
679,0.3067064495774543,-0.006284577136242614,-0.33173061680236254,11484.391163574219,3.1297858207834452e-06,2.2226462364196777,9.960905117623042e-06
680,0.7739031705269354,-0.002586600610842575,-0.13653338919302116,11929.910731933594,3.065808638336531e-06,2.390883445739746,6.36004642728949e-06
681,0.8361979514278324,0.005557931256701155,0.2933747050852376,12263.905810791015,3.0192371097423105e-06,2.91483211517334,1.3926475730841048e-05
682,0.6610995779404446,-0.006290299780884506,-0.33203268588284973,12066.658596923828,3.052544784381296e-06,4.185749053955078,1.1843164429592434e-05
683,0.4983415316173464,-0.006990950574602358,-0.36901645025144975,11880.57145751953,3.0834421421891854e-06,3.4327588081359863,1.1541792446223553e-05
684,0.9397784057160472,0.010753224083303248,0.5676075860691762,14019.714059814452,2.843062445353038e-06,16.115983963012695,4.3185769754927605e-05
685,0.9918739405419745,-0.0009486546568524994,-0.05007461721414448,21432.15934790039,2.3226465926112372e-06,2.0639712810516357,2.751896545305499e-06
686,0.8194231208278476,0.010203281577523076,0.5385789397985752,47198.96399169922,1.6104857215238855e-06,8.633301734924316,1.6977206541923806e-05
687,0.8641036949058147,-0.02131629969873827,-1.1251782090838,53140.95937109375,1.5253859468384234e-06,29.804275512695312,4.3016287236241624e-05
688,0.6758935662628601,0.04012646004928702,2.118070166643503,50838.34702392578,1.5322648829470104e-06,23.038002014160156,5.357716145226732e-05
689,0.40621465750014896,-0.0931351110978113,-4.916125171295977,40331.472307128905,1.7289935975753233e-06,39.396644592285156,0.00013565448170993477
690,0.9960036865275131,-0.0025925424858642726,-0.1368470303216411,24477.446712890625,2.1349746258022525e-06,19.067068099975586,3.489277514745481e-05
691,0.5264780586005763,-0.030441426321779957,-1.6068468746817361,21994.650736328123,2.2756073145188673e-06,13.49683666229248,4.167329825577326e-05
692,0.9834806138077988,-0.0037432236808873087,-0.19758559304315615,16948.88099584961,2.5780870153449698e-06,10.703815460205078,2.1434932932606898e-05
693,0.5926225036308113,0.022384231555221703,1.1815488583373706,15692.50595336914,2.685961351997378e-06,3.555530071258545,3.684638431877829e-05
694,0.7011130269782154,0.011848377187746444,0.6254151054860144,16838.968579589844,2.6161617698444865e-06,2.9108712673187256,1.9218969100620598e-05
695,0.48609888650245087,-0.01964633154799242,-1.0370291494609225,19387.014586425783,2.4194169749649624e-06,5.772242069244385,2.1803587515023537e-05
696,0.5223125249436964,-0.03826103464226303,-2.019603920234943,23467.761764160157,2.2035423224129736e-06,8.749774932861328,4.101472950424068e-05
697,0.5779658582461766,0.010809796462205373,0.5705937520021157,17723.61066040039,2.509944654940767e-06,3.173607349395752,1.953002174559515e-05
698,0.9080901066633769,0.0023286464375806494,0.12291731047398693,19585.768521972655,2.410477890802844e-06,2.5030417442321777,6.343827408272773e-06
699,0.7331516680131478,-0.006168597281058732,-0.3256086346764815,20865.44223071289,2.3344591363770612e-06,3.2669870853424072,1.1033758710254915e-05
700,0.8183593107772219,0.017701905480206642,0.9343928630712847,27026.15803466797,2.080393169339189e-06,4.065086841583252,2.6536670702625997e-05
701,0.5072032106997328,0.025577298895547707,1.350094517867793,36672.45415917969,1.7764577132229893e-06,8.467095375061035,2.5838449801085517e-05
702,-0.16027432689195828,-0.05901715799043643,-3.1152132908332812,55605.07687207031,1.510929558865656e-06,12.007231712341309,5.332464934326708e-05
703,0.8158009503803473,0.022554863536326915,1.19055564608317,44218.94653857422,1.6651564902850754e-06,40.632408142089844,6.75937844789587e-05
704,0.9702978018667239,0.023847335181571817,1.258778599956085,32625.596443359376,1.9374760562371134e-06,49.5991096496582,0.00011631540110101923
705,0.9618538594614783,0.005898500360740398,0.31135160257532274,39755.48246191406,1.7066665967634143e-06,18.035951614379883,2.9419759812299162e-05
706,0.6235267818514973,-0.019692934265452232,-1.0394890680636326,25230.562802246095,2.09726241140737e-06,12.904850959777832,3.4607266570674255e-05
707,0.9986498812181221,0.0010131509475794118,0.05347904584004482,21715.933029785156,2.28486875024267e-06,13.912059783935547,2.764513010333758e-05
708,0.9599115985189418,-0.00677557516976969,-0.35764788648966966,19868.624106201172,2.372510001664761e-06,12.098610877990723,2.3861899535404518e-05
709,0.9849059066001411,0.0026648665080192028,0.1406646447703082,17361.125541503905,2.5468398397902907e-06,10.195940971374512,2.332547228434123e-05
710,0.9883540944574578,0.0019061957874716429,0.10061830583276046,20333.931915039062,2.358147282719118e-06,6.969308376312256,1.5160831935645547e-05
711,0.515975938446335,-0.03293980289225858,-1.738723368956887,30544.9772578125,1.9811287813548683e-06,11.218252182006836,4.2157120333286e-05
712,0.663509535172804,0.024586529624214145,1.2977968860044007,60927.582673828125,1.4513254676835083e-06,16.83321189880371,3.105639189016074e-05
713,0.9912251355582636,0.004236312107402242,0.2236132038624421,52670.72918408203,1.5777657846767515e-06,58.815486907958984,7.105474651325494e-05
714,0.7904504533617587,0.0448917264727978,2.3696041578141376,34118.79229003906,1.8814773450348745e-06,49.394317626953125,0.00010526394908083603
715,0.877085546736209,0.013798724325796652,0.7283639348277667,41514.93972021485,1.6950295187420335e-06,8.825573921203613,2.7457563192001544e-05
716,0.9947156049766208,0.000716589130865549,0.037825067498180286,27658.432134277344,2.02222844899042e-06,6.638692855834961,1.1940551303268876e-05
717,0.6855055899444488,-0.004802594415470489,-0.2535043445497625,21407.761851074218,2.3031282123565783e-06,3.2396836280822754,7.1108520387497265e-06
718,0.992226770722459,0.001609856865462425,0.08497609295995628,16560.65547241211,2.578081170103547e-06,5.948818683624268,1.4230440683604684e-05
719,0.5428750687359307,-0.009697644910740896,-0.5118889716888309,14426.48549658203,2.8138258288926983e-06,4.884422779083252,1.6861382391653024e-05
720,0.17623263612900741,-0.009320501116853763,-0.4919814837772159,14788.701383056641,2.7624150085288232e-06,3.366400957107544,1.2215442438900936e-05
721,0.7902472936824302,0.027999223656468834,1.4779355129533633,14741.99921044922,2.7853709728397614e-06,9.07371711730957,5.368180791265331e-05
722,0.7797636911365854,0.008352392032022333,0.4408799670194617,18880.65233984375,2.4600824700136344e-06,6.9050984382629395,1.821471960283816e-05
723,0.899724504171293,-0.005862290547109591,-0.3094402720991998,26636.67237841797,2.0812987947334792e-06,8.588784217834473,1.6349491488654166e-05
724,0.8952575508124314,0.018024406975068255,0.9514160640744456,57194.27884765625,1.4974623077567575e-06,20.071962356567383,3.176257450832054e-05
725,0.9285667513291039,-0.010426647749813178,-0.5503692952195096,41472.217252441405,1.7362715138557857e-06,21.103063583374023,2.9494831323972903e-05
726,0.6478247415215965,0.0563554022518065,2.9747128476354674,36006.12004199219,1.8531935696028922e-06,32.89847183227539,8.5858853708487e-05
727,-0.20550638049993558,-0.02537011445311482,-1.3391583130301186,44175.20417871094,1.6478077697268174e-06,12.615026473999023,2.1751642634626478e-05
728,0.7803423645105473,0.019197115899699992,1.0133173577437133,27239.35469042969,2.0389190766823035e-06,7.931270122528076,3.2889656722545624e-05
729,0.7279981015897583,0.012402896169758414,0.6546853204811682,22102.470357910155,2.2632210549586208e-06,6.258235454559326,1.8814809664036147e-05
730,0.5660130969055782,0.017659347012931405,0.9321464197079021,17527.669400634764,2.5316554576693457e-06,5.660775661468506,2.5785118850762956e-05
731,0.0041658566541822395,-0.009923039902611766,-0.5237864180971649,18804.545736083983,2.4976895424442063e-06,3.3140640258789062,1.1619268661888782e-05
732,0.9929324557971437,-0.0011756991973784913,-0.062059134841582916,16515.348520019532,2.606817900381043e-06,5.522240161895752,1.1644620826700702e-05
733,0.8270516294858573,-0.0041712227474970725,-0.22017747015426734,18422.02716772461,2.4911559066448605e-06,4.560424327850342,7.315617040148936e-06
734,0.9910562527803467,0.007729915836069767,0.40802263900015906,22950.93757055664,2.236855078067528e-06,35.25965881347656,6.559623579960316e-05
735,0.2154086062838431,-0.03688591415587601,-1.9470183576366196,28049.566086914063,2.019027314598104e-06,6.267927169799805,3.7975882150931284e-05
736,0.40366540072929924,-0.01149298296579825,-0.6066556660044018,22605.10551904297,2.2235099472664827e-06,4.299574851989746,1.3946697436040267e-05
737,0.7903868381495116,-0.004129849224522078,-0.21799357392732288,25673.081524658202,2.1234751678500644e-06,4.251006603240967,6.0166753428347874e-06
738,0.8655217290686046,-0.009775797930163498,-0.5160142690280131,36773.21908056641,1.7897124053013004e-06,12.705426216125488,2.0010107618873008e-05
739,0.6005136757797086,-0.018204034798818478,-0.960897696247259,30231.03058935547,1.972536973978689e-06,13.242438316345215,2.9817672839271836e-05
740,0.697350309091414,-0.014409395920608251,-0.7605981584547281,45178.26859375,1.634048914597482e-06,12.278398513793945,2.0962215785402805e-05
741,0.9031971810872294,-0.041438315266863465,-2.1873162799535577,55747.280848632814,1.5448422219824544e-06,66.65238952636719,0.00011626048944890499
742,0.7903231383351597,0.04097888615191711,2.1630653716785675,65200.088424804686,1.3863902429108447e-06,70.58428192138672,8.614112448412925e-05
743,0.9001343823479871,-0.05405360178850037,-2.8532125985502876,52508.93615625,1.5421479932495386e-06,85.37812042236328,0.00015025853645056486
744,0.6351044427979812,0.10622153470182918,5.606890401761955,43307.49351367188,1.6454160913506555e-06,37.084983825683594,0.0002222534385509789
745,0.9166389327428688,0.02518588010371164,1.3294335259778207,33263.529973632816,1.8477596279210112e-06,12.189854621887207,4.765476114698686e-05
746,0.684102178875525,-0.031963824581434465,-1.6872064760909689,28393.173203125,2.0032042861145606e-06,22.692636489868164,4.9881804443430156e-05
747,0.919558541219764,-0.019900005142427867,-1.0504192783628736,20212.000577636718,2.363202306131939e-06,23.61471939086914,5.396693086368032e-05
748,0.9107520231521095,0.008345583893667173,0.4405206002893108,26190.02409326172,2.1029674215083395e-06,11.603169441223145,2.2350619474309497e-05
749,0.9058070171537231,0.0058815599017512455,0.3104574025698874,31799.176123535155,1.9113844320715e-06,7.635087490081787,1.4585772987629753e-05
750,0.5746714649623197,0.02499282089148446,1.3192429196469404,48310.73794433594,1.5833851248317779e-06,17.28093147277832,3.64364059350919e-05
751,0.9894255719095215,0.004153492072538597,0.21924155869788986,53936.284608886715,1.5310409859938955e-06,40.87580490112305,4.8977766709867865e-05
752,0.9423842673114169,0.008974883523368138,0.4737381024041803,43534.053788574216,1.7353202552091348e-06,19.14899444580078,3.3847270969999954e-05
753,0.8329662798020792,-0.03199730698685136,-1.6889738406662111,49343.89797021484,1.5654757454514075e-06,21.141794204711914,6.674341420875862e-05
754,0.5118426503445743,-0.01634190105110026,-0.8626051996627742,23666.207150390626,2.1950971199945274e-06,6.523890495300293,2.246120129711926e-05
755,0.8899473224905871,-0.0034081215405394527,-0.1798972685466176,18753.396435302733,2.46427660295271e-06,3.3569111824035645,7.6205210461921524e-06
756,0.8636718200073664,0.009867734718301243,0.5208671408719883,17697.785431152344,2.542696090852683e-06,8.544498443603516,2.0616438632714562e-05
757,0.998914811444814,0.0006353278189288734,0.033535699328050804,26450.21338378906,2.0759886698844447e-06,9.122344017028809,1.5886054825386964e-05
758,0.6340268474462687,0.024701630266389624,1.3038724589817812,33139.80312207031,1.9062662707775164e-06,10.801252365112305,3.494359407341108e-05
759,0.9730037351629017,0.0036284040098751593,0.1915248510934317,43460.63085791015,1.6920536765993103e-06,12.520367622375488,1.837126364989672e-05
760,0.6713558102939302,0.011640106604264415,0.6144215688291333,68604.33445410157,1.3769081146699333e-06,9.164505004882812,1.693025478743948e-05
761,0.9752581821195864,0.007035033341078422,0.3713433535571831,37660.58851611328,1.800276501528733e-06,20.356576919555664,2.8978565751458518e-05
762,0.8834059165418664,0.02656662127227691,1.402315775580762,34889.165230957035,1.8883610975929445e-06,32.59388732910156,8.750314736971632e-05
763,0.9932498827313616,0.0009044803401204305,0.04774288143961735,42029.06917480469,1.657653532511364e-06,7.334149360656738,1.1567443834792357e-05
764,0.848624820540245,0.007119818732717014,0.37581873983288017,26611.6527434082,2.073093575774419e-06,6.7742600440979,1.531041561975144e-05
765,0.9699165817692841,0.002620487504264166,0.138322104616917,21460.03866796875,2.2894613628640067e-06,5.443946361541748,1.1381453987269197e-05
766,0.9952871822868965,0.0007185082670011536,0.03792636885866807,23917.779349121094,2.204077278868933e-06,5.836177825927734,1.1698747584887315e-05
767,0.7235395900325245,-0.006129436443887768,-0.3235415347924967,25029.0274140625,2.162345187084985e-06,4.837650775909424,9.373095053888392e-06
768,0.9379876022613958,0.004218884523514513,0.22269329103026253,35094.47030810547,1.8313543614059516e-06,6.782186985015869,1.2305531527090352e-05
769,0.9490879678141226,-0.0068720355734782235,-0.3627395368148286,58545.577615234375,1.466024595567812e-06,29.65953826904297,3.55398042302113e-05
770,0.9914732233204517,0.0005148810555713479,0.02717793201383995,57440.2717553711,1.4810607592120324e-06,10.870156288146973,1.3513046724256128e-05
771,0.42587689974493625,-0.014547868135194732,-0.7679073969538243,53074.105306640624,1.5572823451608593e-06,9.502801895141602,1.8453007214702666e-05
772,0.9564586838716883,-0.004137531427747463,-0.2183990780621455,50196.95477148437,1.539932032324823e-06,14.620649337768555,1.7202490198542364e-05
773,0.7356990132134076,-0.011182200626272986,-0.59025105914749,34374.49048876953,1.811469371060907e-06,10.02941608428955,2.0336876332294196e-05
774,0.8938702009488733,-0.019752464436816757,-1.042631360701147,30004.101084228514,1.960357757203361e-06,17.892837524414062,4.332987009547651e-05
775,0.6178778062716669,-0.013949833748203138,-0.7363402267584473,19095.118623046874,2.450261675204191e-06,5.531654357910156,1.9966795662185177e-05
776,0.7654937096049046,0.03496162429062387,1.8454449581750485,21460.66199584961,2.298199304600935e-06,15.354251861572266,5.7049779570661485e-05
777,0.5134859086945476,0.0315929968803181,1.6676323823449763,34082.58206884766,1.8317689389512694e-06,9.707632064819336,3.976947846240364e-05
778,0.9706397009681352,0.0025373223553605286,0.13393224265099984,51520.552258300784,1.5429067547064374e-06,7.336280345916748,1.0678450053092092e-05
779,0.9900107192346305,0.001953282705925941,0.10310378292430361,70321.01098828125,1.3281901491268853e-06,14.961987495422363,1.7011498130159453e-05
780,0.5467411121676834,0.014459444319507641,0.76323995692055,43496.68624609375,1.7147771925308785e-06,6.8517608642578125,3.189908602507785e-05
781,0.8013836893290539,0.017081803776195066,0.9016608723116099,38068.226447265624,1.827510749471739e-06,12.722043991088867,3.1584539101459086e-05
782,-0.1534779431637019,-0.01715900603673884,-0.9057359839624846,41581.735165527345,1.670661869167951e-06,4.776350498199463,2.671537185960915e-05
783,0.972030598930627,0.002029143491697712,0.10710808499739856,23595.696416748047,2.1984620976852334e-06,7.005154132843018,1.3206167750468012e-05
784,0.880247183187228,0.004408847395698359,0.23272045743986638,17709.194198730467,2.5577437960235146e-06,4.725120544433594,1.2967521797691006e-05
785,0.9990424694577789,-0.0002011115629972462,-0.010615648657476861,14436.218544677735,2.7984077408284383e-06,5.0252461433410645,1.1921566510864068e-05
786,0.904675109219568,0.0036151571024268516,0.19082561474335036,14172.782887207031,2.814419157792113e-06,3.961355447769165,1.1434366570028942e-05
787,0.5619619568655407,-0.006191193992294696,-0.3268013992481473,16574.98419921875,2.5951853824208825e-06,3.3006019592285156,1.0277703040628694e-05
788,0.8318944731783489,-0.003068523880221466,-0.16197164859165622,15247.71332055664,2.744170699946065e-06,3.579249620437622,7.46370915294392e-06
789,0.6775132731679662,-0.005686283034159773,-0.3001497375784315,18327.717982177735,2.5040328194854446e-06,3.4506595134735107,9.28478766581975e-06
790,0.9988290890400644,-0.001123901732744891,-0.05932501216010432,26045.09179663086,2.0963509504642737e-06,31.354162216186523,5.58120955247432e-05
791,0.9902547471359407,0.0006958404182340661,0.036729849301334036,61316.78389013672,1.4411773924492138e-06,4.353841781616211,5.032136868976522e-06
792,0.9427927922061157,-0.012122435732861103,-0.6398812514557335,70877.00387402343,1.3557728709995068e-06,38.521881103515625,4.06405670219101e-05
793,0.8371649528982797,-0.07069919287651902,-3.7318480387653965,41684.60998046875,1.7682830821743777e-06,77.65544128417969,0.00018474388343747705
794,0.23034167963940444,0.019266034519210797,1.0169552184404407,46833.59346484375,1.557712380890833e-06,7.9241461753845215,3.48268476955127e-05
795,0.9178897018870676,-0.004129427854554066,-0.21797133196635077,33562.882244628905,1.8321388439493437e-06,7.566147327423096,1.0950285286526196e-05
796,0.9036059642115872,0.007193541082651542,0.3797101648382104,29761.66539794922,1.9499119285948533e-06,9.427632331848145,1.853990397648886e-05
797,0.9503036254586128,0.007919829891259387,0.4180472286108385,22833.46464038086,2.223427067498281e-06,10.274968147277832,2.2920728952158242e-05
798,0.9903032312007936,0.0026633930995327926,0.14058687108794224,35275.53843408203,1.8103790984722984e-06,9.916223526000977,1.555603012093343e-05
799,0.48256736286540514,-0.011352292846292673,-0.5992293556720115,60927.451232910156,1.4332934139574503e-06,10.559268951416016,1.2901436093670782e-05
800,0.7600345330155369,-0.03647147576278514,-1.9251422789783168,48642.919700195314,1.598420559543835e-06,40.70042419433594,0.00010533247404964641
801,0.9463667937697902,0.020724173016744687,1.0939228763566236,45584.05210400391,1.6765123539776143e-06,56.70230484008789,7.25394711480476e-05
802,0.7226597660552216,-0.00863645664341397,-0.45587428194404717,34817.37919140625,1.8284907753124752e-06,5.34688663482666,1.1946368431381416e-05
803,0.9374072209278363,0.005221841051767665,0.2756342257233315,26179.445652587892,2.082266078502399e-06,7.799322128295898,1.627997335162945e-05
804,0.9655850004405759,0.0027071324728076265,0.14289564842656907,23501.677901123046,2.1982684457590753e-06,6.100452899932861,1.2497818715928588e-05
805,0.9905777037137329,0.0008416103809450762,0.044424298520918566,18992.4997800293,2.477145916828282e-06,5.122621059417725,1.0683212167350575e-05
806,0.9941528102904297,-0.0012478828961832024,-0.06586934233978849,16310.289468261719,2.6340389329164116e-06,6.178933143615723,1.334719763690373e-05
807,0.22546559567090713,-0.015068722570294875,-0.7954006330577442,21692.637865234374,2.3055957941936523e-06,3.2782790660858154,2.170702828152571e-05
808,0.9481204513852215,0.0034363554109737363,0.1813875898603413,26189.386540039064,2.127662775726914e-06,6.857894420623779,1.2083182809874415e-05
809,0.7798658766264336,0.006380882379589221,0.33681407700725585,61086.332037597655,1.472326339540103e-06,2.604729175567627,7.143268248910317e-06
810,0.994950439505815,-0.0028741529245048265,-0.1517118020450203,47322.52782446289,1.6554108134559102e-06,17.959877014160156,2.0734391000587493e-05
811,0.8912350198055403,-0.032037587846558795,-1.6911000607994666,42511.11037646484,1.7326331468292462e-06,71.11905670166016,0.0001246980536961928
812,0.04845376630659508,-0.04521426692100978,-2.3866294149650167,43671.164415039064,1.654090955910664e-06,12.354108810424805,7.217522943392396e-05
813,0.6445740509940843,-0.012959683168478085,-0.6840752524541001,25377.97396826172,2.122436397892614e-06,9.160792350769043,1.60772651724983e-05
814,0.755860002285389,-0.01321713629222126,-0.6976648833370587,18736.856068115234,2.465832418126433e-06,8.569723129272461,2.221739305241499e-05
815,0.6580304629558376,-0.01896890245014244,-1.0012711393994855,15944.081389648438,2.6765218308426977e-06,10.098538398742676,3.7845798942726105e-05
816,0.858205721293862,0.02626579345786616,1.3864366170849127,15954.503977294922,2.6576141205210563e-06,10.83745002746582,5.742484063375741e-05
817,0.46398169107637677,-0.011692016600730007,-0.6171616314892654,15487.639610839844,2.7142816463454e-06,4.852622032165527,1.8186005036113784e-05
818,0.5609013818986801,-0.01039620837200132,-0.5487625564751674,18469.527935302733,2.4671297732443956e-06,5.623222827911377,1.3154663065506611e-05
819,0.5986481771685044,0.03668423026888128,1.9363724989286364,21350.000455566405,2.2967611323918317e-06,7.275482654571533,4.735853508464061e-05
820,0.9894482023686721,-0.002076789096347594,-0.10962305226978318,26116.790639648436,2.0947630205206813e-06,9.46330451965332,1.540459561510943e-05
821,0.9922046387181144,-0.0034222566829029528,-0.18064339026541898,40941.829729003905,1.7195396189600294e-06,39.75699996948242,5.881169636268169e-05
822,0.9794195880724004,-0.0028197189357966695,-0.14883851077057098,49227.15529150391,1.5848763713667259e-06,11.476296424865723,1.440747655578889e-05
823,0.5680580373156647,0.04646822724084715,2.452819553351009,56624.12901318359,1.502190857364648e-06,18.097904205322266,6.0224829212529585e-05
824,0.9818692154404446,-0.005816959882138784,-0.30704749862775854,41833.768718261716,1.7705794367236429e-06,31.31975555419922,4.251825885148719e-05
825,0.83601939016217,0.04318474449246572,2.279501327833657,48898.397946777346,1.6075332095335312e-06,61.727657318115234,8.506963786203414e-05
826,0.5949771975605971,-0.04230051589002494,-2.2328274318303145,36488.19524707031,1.7670797490889983e-06,52.54667282104492,7.591117901029065e-05
827,0.9976314150223364,-0.000423316015559144,-0.02234468284809866,27824.57116430664,2.0305840329462334e-06,6.6709771156311035,1.1448172699601855e-05
828,0.9921582017791956,0.0016933273894241458,0.08938207411005686,25885.822495117187,2.101700548349906e-06,9.334786415100098,1.6779080397100188e-05
829,0.9983978153162715,0.0004892238801482307,0.025823621223471368,18500.7109296875,2.4926763257984402e-06,8.195093154907227,1.7239119188161567e-05
830,0.8534820957462875,0.017185422656454036,0.9071303819246671,23241.266190185546,2.2312036009514355e-06,10.510251998901367,3.153652141918428e-05
831,0.9596913867320982,0.0071363597286081965,0.376691854228734,43359.80870068359,1.6770332706648095e-06,16.664894104003906,2.801672053465154e-05
832,0.811821136831038,-0.02671959550848653,-1.4103905014744165,44110.59444238281,1.6777758954266894e-06,46.533447265625,5.75778067286592e-05
833,0.9677658095629759,0.009143717183912933,0.4826499660244923,44083.711859375,1.6722549211682865e-06,35.00914001464844,5.392497041611932e-05
834,0.9288342697904808,0.02713289709540211,1.432206573961176,37445.27912841797,1.8021808042711004e-06,37.28028869628906,8.995841926662251e-05
835,0.8972787528891517,0.007666593364923518,0.40468017029376746,34377.41443798828,1.8190549294282422e-06,9.20146656036377,2.4425462470389903e-05
836,0.9171391420010614,0.005848205827121022,0.30869681191914217,25969.450261230468,2.1100647047540328e-06,7.323248386383057,1.692360638116952e-05
837,0.9985483882305793,-0.0008497632851637183,-0.044854648548700665,17361.405524902344,2.542847213010361e-06,8.3687162399292,1.8408227333566174e-05
838,0.9952043880598711,-0.001255214230221894,-0.06625632588854852,18170.512490234374,2.49286143587458e-06,6.982933521270752,1.4883109543006867e-05
839,0.9761642917081159,0.00583770099273613,0.30814231555218524,18537.709063476563,2.4751058541703905e-06,12.537511825561523,2.8251206458662637e-05
840,0.9296265392306601,0.00966242247669655,0.51002975992048,21255.49377026367,2.335632662121244e-06,13.503138542175293,3.169326009810902e-05
841,0.9959051439804539,0.0009573623728554854,0.05053425291245614,37805.51677050781,1.779534680682409e-06,7.475611686706543,1.1369414096407127e-05
842,0.9505101093130869,-0.009622341984111505,-0.5079141161406777,61784.31180566406,1.4483487221122356e-06,21.325332641601562,2.216770917584654e-05
843,0.8703397441652021,-0.00397734087622404,-0.20994343986871455,31184.250963378905,1.996567025388899e-06,5.819187164306641,1.0149106856260914e-05
844,0.26271277625053285,-0.060795231059115294,-3.209068655005828,48464.58460742187,1.620198016868588e-06,27.490760803222656,6.24339809291996e-05
845,0.393471478045551,-0.047071027468826694,-2.4846382878658684,41825.84820605469,1.6807259543159437e-06,17.316062927246094,8.414865442318842e-05
846,0.8677125671265007,-0.007711934222202647,-0.4070734817649266,23996.49763720703,2.182653448783906e-06,9.348512649536133,1.5952437024679966e-05
847,0.933410227676307,0.007369811688536041,0.38901458668657535,19407.42893334961,2.429010965400911e-06,8.018970489501953,2.26340489462018e-05
848,0.9381130989955708,0.0024316435487361492,0.1283540000828129,20036.519604736328,2.3718762499643947e-06,2.9964420795440674,7.571656624349998e-06
849,0.00914599448530177,0.02558029499229198,1.3502526664590873,27389.410239257813,2.0603246806503283e-06,7.604374408721924,2.55601953540463e-05
850,0.687627897955295,-0.025150895618730105,-1.3275868743209398,28894.10247167969,2.0177970301482147e-06,12.48073673248291,3.9724814996588975e-05
851,0.807252999041663,0.012058680556842193,0.6365159424768478,42088.92964990234,1.6837632666456278e-06,13.855484962463379,2.2953165171202272e-05
852,0.7431809380309871,0.021635155008406785,1.1420089466583385,59223.670235351565,1.455708650684666e-06,13.097818374633789,3.5077719076070935e-05
853,0.3189027769274764,-0.025372005164226344,-1.339258113979271,53471.936653808596,1.5529066686168192e-06,26.986825942993164,3.936941357096657e-05
854,0.9091406049516281,0.03226234604080434,1.702963893924926,46738.5800859375,1.6169665828328126e-06,88.86116790771484,0.00013468255929183215
855,0.4023315022267493,0.047425206695576094,2.503333593978127,38512.202966796875,1.7553860062478607e-06,30.08666229248047,7.995553460204974e-05
856,0.5229065232272988,-0.008557445158337939,-0.4517036706028977,22534.42579980469,2.256723931254123e-06,6.4088053703308105,1.553630136186257e-05
857,0.9360209136796216,0.0024842925733271556,0.1311330722499594,23362.217498779297,2.2080274797754452e-06,4.470354080200195,8.91594845597865e-06
858,0.8558895800010538,0.005911552222926446,0.31204054348567106,18745.16630566406,2.462288894581594e-06,4.30039119720459,1.2311290447541978e-05
859,0.6385191317391788,0.01040747709377444,0.5493573745422116,21057.048041992188,2.3286762484181836e-06,5.504322052001953,1.6622012481093407e-05
860,0.6766850295587231,-0.009180826187763258,-0.4846087601437016,36693.76910961914,1.812911631644127e-06,4.007716655731201,1.230658745043911e-05
861,0.8595641127571095,0.015212133600291293,0.802970566309517,56830.03453857422,1.5233767782370578e-06,14.547357559204102,2.400538869551383e-05
862,0.8001207401455191,0.019676517168504687,1.0386224936579969,49962.823389160156,1.6051755990942743e-06,22.810619354248047,4.576582432491705e-05
863,0.9093498577437915,0.023910485954909192,1.2621120056151454,39108.36081738281,1.7294559051135252e-06,42.14883804321289,8.411785529460758e-05
864,0.9424565659214976,0.0029124924668163603,0.15373554998274228,37549.12837304688,1.7567264836352634e-06,6.067827224731445,1.2335426617937628e-05
865,0.5106029505791401,0.009608120704649751,0.5071634476859362,26178.700104003907,2.0848053256653254e-06,6.022505283355713,1.817861630115658e-05
866,0.6780191393373554,0.0038044054697470545,0.20081506610324015,18653.914696777345,2.4446576239781776e-06,1.8562753200531006,5.761290594819002e-06
867,0.6178517505097564,0.009106684430343707,0.48069519676681804,15338.920920166016,2.717131263782721e-06,3.0084786415100098,1.5591609553666785e-05
868,0.20430656922581883,-0.005502055282038123,-0.29042529876281276,15255.90287084961,2.7466153048566126e-06,2.7769367694854736,6.930947165528778e-06
869,0.9040779403942256,-0.003650716468284443,-0.1927026114152525,14047.591494384766,2.8489035735892093e-06,4.469780445098877,9.08761012397008e-06
870,0.9958343908073427,-0.0012522219044133012,-0.06609837634562166,15362.824386230468,2.7250039318488144e-06,7.466002941131592,1.756723395374138e-05
871,0.9955945699102957,0.0016733795871759747,0.08832913186745538,18758.918042236328,2.484605177508363e-06,9.136879920959473,2.1092837414471433e-05
872,0.9962247357545723,0.0013664223966276068,0.07212643502007285,37053.67637475586,1.8014124165568494e-06,16.3664608001709,2.4703664166736417e-05
873,0.9765223222340665,-0.0022655810850336373,-0.11958841374064413,64503.63105078125,1.4036248186677737e-06,7.782304763793945,8.640295163786504e-06
874,0.6891401471458145,0.011743512266417592,0.6198798237511881,56469.66426416016,1.5524431246870078e-06,14.102118492126465,1.9009765310329385e-05
875,0.8411704143258073,0.03872259530818209,2.0439673421609856,36543.50311914062,1.8265964677629008e-06,19.2643985748291,6.254357140278444e-05
876,0.9772771645750397,0.002243051054450123,0.11839916889886411,43009.420794433594,1.646374907641912e-06,8.578314781188965,1.4208087122824509e-05
877,0.9985022777475396,0.0005845953321037154,0.030857791366770002,22579.39534057617,2.2519386091015336e-06,9.847055435180664,1.8838996766135097e-05
878,0.9951719150122343,-0.002505529928346971,-0.1322540833740565,17034.700573486327,2.5621490194043537e-06,11.582877159118652,2.5226509023923427e-05
879,0.9648918485082495,-0.0033100792572787405,-0.1747221189074753,17143.887206298827,2.569993398434556e-06,6.5967326164245605,1.3927262443758082e-05
880,0.9776447429154743,0.0023157086981897283,0.12223439352108204,17040.519904296874,2.579161410976875e-06,5.036871910095215,1.177299509436125e-05
881,0.9553029039264397,-0.0025133605176911153,-0.13266742005156795,23402.84638330078,2.2429540609403266e-06,5.104085922241211,9.186885108647402e-06
882,0.9254089007845526,0.006724221758334202,0.35493720310062227,26025.23747216797,2.137268219515544e-06,7.0600152015686035,1.5731189705547877e-05
883,0.702482958454011,-0.013836572636318628,-0.7303617531570185,53159.30901269531,1.553690486071868e-06,10.718167304992676,1.3422110896499362e-05
884,0.9837417682371292,-0.009924062993241816,-0.5238404218078987,45014.08578759766,1.695503185700153e-06,34.47783279418945,4.627117596101016e-05
885,0.9870090630644501,0.006437143997853103,0.339783839478838,31824.968135253905,1.9267233618312324e-06,89.18086242675781,0.00014927283336874098
886,0.8529353533038778,-0.009165944080587577,-0.48382320998086936,35496.90033447266,1.7980443245090349e-06,12.25976276397705,2.192657848354429e-05
887,0.9908623770056184,-0.0024976748974630376,-0.13183945655292933,22652.50624658203,2.2564252226686956e-06,9.953160285949707,1.842076744651422e-05
888,0.6789810340632855,0.013293985931751472,0.701721381931909,15394.88224194336,2.70482227376705e-06,5.522095680236816,2.1371653929236345e-05
889,0.9838911885954864,-0.002939599051786512,-0.15516636767446845,13833.078516357422,2.8376979988207496e-06,7.999023914337158,2.0775600205524825e-05
890,0.21954843604449123,0.024457352239894255,1.2909782739564666,14317.392715820313,2.8205669454323383e-06,4.733443737030029,3.9331556763499975e-05
891,-0.25804247954685905,-0.011562292988221092,-0.6103141868548058,12662.803954101562,2.986318232506337e-06,1.65827476978302,1.5642750440747477e-05
892,0.9219226746462967,0.0029563274136743226,0.15604937216098108,13008.726384521484,2.962366503663709e-06,2.208411931991577,9.25992844713619e-06
893,0.9806771012167497,0.001372539957818606,0.07244934972112936,14224.785686523437,2.820187518332515e-06,3.1342687606811523,8.147737389663234e-06
894,0.99844770508728,0.00017582467586544493,0.009280883488175526,16777.46895336914,2.611412615584047e-06,2.447422742843628,5.1817505664075725e-06
895,0.6671703221498251,0.013180080218039358,0.695708883103766,24328.211631835937,2.1899198943457063e-06,6.022594928741455,2.0454510377021506e-05
896,0.8485991925963295,0.010266549999911936,0.5419185555480792,37963.91606689453,1.7739268079498155e-06,8.818803787231445,1.9923436411772855e-05
897,0.8877123151924862,-0.0070773324034839515,-0.3735761042670164,60528.26483154297,1.4799253761546588e-06,13.357081413269043,1.7048465451807715e-05
898,0.8597899938475735,0.007573549910129507,0.3997688831889849,51708.93586914062,1.5653504745817763e-06,11.382346153259277,1.6314879758283496e-05
899,0.9751341336186211,-0.0023590283052378263,-0.12452101355201912,48281.69554492187,1.5973836943136185e-06,9.279481887817383,1.3853450582246296e-05
900,0.026131776166947073,0.02991058979761439,1.5788267352570573,33322.447184570316,1.82726456237998e-06,6.680351734161377,2.9390803319984116e-05
901,0.8818087139131993,0.004168927783159263,0.2200563307492101,21686.7114465332,2.285010774431184e-06,4.155278205871582,9.633249646867625e-06
902,0.9620617411850625,-0.002659767057221171,-0.14039547089879523,16016.312569824218,2.6722993839997663e-06,4.942634105682373,1.0946256224997342e-05
903,0.8428763480589256,-0.00678571288636901,-0.3581830045903077,13884.665044433594,2.8561380827884576e-06,6.620623588562012,1.545212398923468e-05
904,0.9995412499017213,0.0004271866839712235,0.02254899559531147,15531.689380371094,2.7114783208339157e-06,10.749578475952148,2.4202670829254203e-05
905,0.985122718330581,0.0010148972499819412,0.05357122419358491,17401.349203857422,2.541310857245746e-06,2.536475896835327,5.634492026729276e-06
906,0.602872771807199,-0.010051252974698787,-0.5305541290446961,23620.972707275392,2.2070001224384484e-06,5.06125545501709,1.1947419807256665e-05
907,0.8890274639444666,0.0035207234464283738,0.18584094604215487,37740.685222167966,1.7835359341003133e-06,3.2910051345825195,7.158653261285508e-06
908,0.9206074046122121,-0.013501491860966712,-0.712674556409114,56066.55389794922,1.5118807926018255e-06,19.70549774169922,2.621985368023161e-05
909,0.939879412378338,0.013676569691864747,0.7219160177792499,41487.3186694336,1.8001918755126826e-06,40.406578063964844,5.526374661712907e-05
910,0.7068893769026147,0.026647015628318428,1.406559381592578,45933.973274902346,1.637103136767935e-06,32.94559097290039,5.8951904065907e-05
911,0.5922056742902279,0.016453536321729054,0.868497853437206,33964.397119628906,1.8386479344136569e-06,3.4728763103485107,2.3987378881429322e-05
912,0.8758135566595902,0.0028467728264125773,0.15026654699741002,20968.60836328125,2.3271813896261743e-06,2.145827054977417,5.586308361671399e-06
913,0.9957348683287992,-0.000850710812961851,-0.044904663684818456,18137.790580566405,2.5097925457053638e-06,3.855203151702881,7.975518201419618e-06
914,0.8365807298671869,0.007868678247759876,0.41534719551701405,18741.592313964844,2.472990310309541e-06,4.852914333343506,1.4595952961826697e-05
915,0.8081431712654139,0.014330931793740362,0.7564564393480223,25916.466107177734,2.117543170930172e-06,6.428696155548096,2.038619277300313e-05
916,0.9333361514317473,0.004218819765257081,0.22268987277375704,52171.15855273438,1.547675332113889e-06,6.851753234863281,9.712108294479549e-06
917,0.6243289594820091,0.00565204962215445,0.29834273121450533,59784.47400146484,1.4433295128252165e-06,1.5899169445037842,5.214148131926777e-06
918,0.9868663840446995,-0.0007257862909319938,-0.03831053844006388,38977.872389160155,1.8313825020333085e-06,7.086068153381348,1.0047464456874877e-05
919,0.9450429296938674,0.015314205192839424,0.8083584025346023,41481.56444189453,1.7068999380082263e-06,37.35466384887695,5.165526454220526e-05
920,0.652603659036996,0.015440777630246521,0.815039512786093,33509.42303564453,1.8344590233337412e-06,5.6965012550354,2.2380228983820416e-05
921,0.7349520876684933,0.007288084497543896,0.38470062714886843,21940.60766430664,2.264257116961857e-06,4.792739391326904,1.0277850378770381e-05
922,0.5746298198824435,0.0075443619053520055,0.39822819801348874,18293.08696826172,2.482978672391195e-06,2.817491054534912,1.0383741937403101e-05
923,0.7194096988554668,-0.006065405801393326,-0.32016168535021067,15342.978815917968,2.7135348608986835e-06,4.2452826499938965,1.1583241757762153e-05
924,0.5402356162655448,0.006011063378978042,0.3172932273910592,17827.325036621092,2.5310472147070514e-06,2.4988598823547363,7.976660526765045e-06
925,0.8945960924339579,0.0026785858159481995,0.14138881672058023,16346.714692382813,2.631984493485256e-06,1.5160084962844849,5.565716946875909e-06
926,0.5138923760139528,0.005033539074277824,0.26569472943207334,21639.499228027344,2.2926764281539556e-06,1.70933997631073,6.535763532156125e-06
927,0.39938890250808856,0.022336151673727555,1.1790109678161678,39773.986431396486,1.7590769967697497e-06,6.436669826507568,2.361290535191074e-05
928,0.9862536342234451,0.003833647789570871,0.2023586182916514,43463.12110131836,1.672496841851738e-06,13.277989387512207,1.861476084741298e-05
929,0.6543308206328453,-0.01954560612081397,-1.0317123704062279,50112.48065454102,1.5760468912087767e-06,10.815544128417969,2.0004072212032042e-05
930,0.5983213376011338,0.025869693368465247,1.365528523489455,43447.598521484375,1.6910301048817521e-06,36.87270736694336,5.083066935185343e-05
931,0.6551991476824356,0.01603989441680783,0.8466638173071538,36148.840516601565,1.8095395843537326e-06,10.825647354125977,4.13473644584883e-05
932,0.8529394780109887,0.014222133881260384,0.7507135551680101,22937.054513671876,2.2200919734761567e-06,8.217450141906738,3.3629599784035236e-05
933,0.9493704977672982,0.005290548618038332,0.27926094600121876,17641.199052734373,2.524625039850081e-06,5.107690334320068,1.5429966879310086e-05
934,0.3372301670131004,-0.05279040730312397,-2.786535035893178,19815.949318359377,2.3940613243161245e-06,15.930096626281738,6.82812969898805e-05
935,0.9591571127189876,-0.0037211612252010854,-0.19642102908375164,18003.446376953125,2.5210712433876267e-06,8.336342811584473,1.7100046534324065e-05
936,0.8402319595057058,0.008465615875887634,0.4468564734331656,16915.615279052734,2.5848874542939785e-06,6.085193634033203,1.7057182049029507e-05
937,0.9901387991767282,0.0010357045122875719,0.05466953292764592,16595.832024169922,2.6168803171237036e-06,3.5009677410125732,8.25661209091777e-06
938,0.8427862000146573,-0.004945431070717484,-0.2610439595023448,21342.74519140625,2.305669834174632e-06,5.443093299865723,8.463428457616828e-06
939,0.9964332531967027,-0.0006125820776974727,-0.03233506822674639,28136.387393066405,2.0403554204469607e-06,4.233856201171875,7.386271590803517e-06
940,0.9980684710806118,-0.0014185480752817413,-0.07487788243750657,41866.73389501953,1.703863255491615e-06,21.202838897705078,2.7708179914043285e-05
941,0.8025522769617955,-0.006772631795348584,-0.3574925208395987,41197.38079443359,1.6966045200963636e-06,6.2932538986206055,1.0477403520781081e-05
942,0.9892135660808409,0.002779144730710559,0.14669680643825242,56477.615188476564,1.4741246907013602e-06,16.870101928710938,1.984360278584063e-05
943,0.24923711957740532,-0.037671758204450186,-1.9884990372897673,54557.308269042966,1.5223529788280763e-06,21.869001388549805,4.552782775135711e-05
944,0.7165551583945934,0.07601772377825095,4.01258602610575,48879.9811743164,1.5654039711273997e-06,39.08787155151367,0.00010321466834284365
945,0.8801188299307414,0.009842431364896266,0.5195315065325203,34547.61076123047,1.816145708847875e-06,11.695356369018555,2.686364132387098e-05
946,0.840164626801505,-0.014482685386872808,-0.7644667337497707,26209.049744140626,2.108204618573371e-06,16.504108428955078,3.2320222089765593e-05
947,0.8838317309465995,-0.007475985871035684,-0.3946189776082772,22377.63514941406,2.267854794818966e-06,8.479903221130371,1.4978715626057237e-05
948,0.9570277197785183,0.007208037099696282,0.38047533528185046,24011.276794677735,2.190964474869152e-06,12.750127792358398,2.7426618544268422e-05
949,0.9288546172469914,0.011269402335238094,0.5948539904305501,19855.280969970703,2.402142989725996e-06,6.672402858734131,2.829991717590019e-05
950,0.7525363650102629,0.008573387162533173,0.4525451672971227,40347.94776367187,1.757612927897571e-06,5.009194374084473,1.2592020539159421e-05
951,0.9942871138920901,0.0017796128618920606,0.09393664196439908,65972.20794775391,1.3937744588087481e-06,9.424312591552734,1.179869650513865e-05
952,0.8010825270619051,0.02316021222178078,1.2225089006065395,40218.696416992185,1.7540137767286824e-06,22.469392776489258,3.4706627047853544e-05
953,0.9825603223513661,-0.006640993336016001,-0.3505440012554443,39581.77371826172,1.8010494961290836e-06,28.134117126464844,3.816838579950854e-05
954,0.9378286990246386,0.0037479047681087106,0.19783268364568943,34386.285149902345,1.8242287662908089e-06,6.586841106414795,1.2109795534342993e-05
955,0.7896623082565374,0.0076072480989936506,0.40154763786645686,23701.81344921875,2.2059828555816693e-06,4.100614070892334,1.2652690202230588e-05
956,0.6917001658776899,0.009660244147890814,0.5099147771073711,15762.64961279297,2.6871491186374797e-06,4.794323444366455,1.5377270756289363e-05
957,0.8720525987827558,-0.01025885268368634,-0.5415122536754339,18104.542349609375,2.487923356253958e-06,9.228692054748535,2.3092048650141805e-05
958,0.9611858423125212,-0.0029949174583533723,-0.15808634283478926,16940.07526269531,2.586242056259594e-06,5.650496959686279,1.1946025551878847e-05
959,0.8785375761762121,0.006238701003473969,0.3293090508815488,22869.94525708008,2.26167365363088e-06,6.043665885925293,1.502771738159936e-05
960,0.9790246384167663,0.0016076704069549308,0.08486068102155855,22345.008645751954,2.2673496123477382e-06,4.516623497009277,9.24248706724029e-06
961,0.913345737880678,-0.003347098350914296,-0.17667616712726203,42275.55445507813,1.6933494410274784e-06,5.501160621643066,8.131039976433385e-06
962,0.996486427315966,-0.0012503424680458558,-0.06599917053242253,58029.87210351563,1.4780714267115693e-06,19.318302154541016,2.635937744344119e-05
963,0.9918916266526375,0.003514417324527032,0.18550807818762594,65410.63512695312,1.4070281162538576e-06,27.836376190185547,2.7679570848704316e-05
964,0.8935279473784968,-0.030643749268594776,-1.6175264660822606,49855.825334472655,1.5707246338258192e-06,34.15349578857422,6.444989412557334e-05
965,0.8271850333579666,-0.00657168461912684,-0.34688554931747223,53749.18583837891,1.4889436224370337e-06,11.095466613769531,1.4440454833675176e-05
966,0.6093783503937614,-0.015603848172927794,-0.8236471709519848,37527.82496923828,1.7397607949314187e-06,7.830546855926514,2.0378771296236664e-05
967,0.9870984891004801,0.0016787239243372114,0.08861123203497066,23560.036141601562,2.1921986936865454e-06,15.589722633361816,3.0193550628609955e-05
968,0.9963819611970969,0.00043639287406665826,0.023034943186144012,23732.85121923828,2.182314870892493e-06,12.821634292602539,2.4102393581415527e-05
969,0.8734789685798215,-0.005831529326088013,-0.3078165449013531,22165.828802490236,2.250393027494214e-06,7.766271591186523,1.2561077710415702e-05
970,0.6487969353996008,0.018894247423333174,0.9973304831621683,36560.94360009766,1.770269379746823e-06,7.885046005249023,2.550538192735985e-05
971,0.762298325540808,-0.018564992102753912,-0.9799507823146234,68567.89326464843,1.3264035640497995e-06,16.34113311767578,2.113290611305274e-05
972,0.8892900875813237,0.017622481558761834,0.9302004813280793,39691.45490966797,1.761483479390168e-06,23.363697052001953,5.123289520270191e-05
973,0.8542780627649031,0.04814709188985827,2.541438213520262,34507.12975146485,1.917167773629015e-06,16.55803108215332,8.39572458062321e-05
974,0.9226819119116813,0.009482107849275645,0.5005118749019523,40658.609187011716,1.7124646984752583e-06,10.496265411376953,2.3456665076082572e-05
975,0.9772113742425986,0.002187515584663642,0.11546773608368939,22971.7672434082,2.223587578506233e-06,6.897569179534912,1.3517358638637234e-05
976,0.968319845336046,0.0034951937746154588,0.18449336551387713,18847.851288818358,2.456729510572484e-06,6.433560371398926,1.504627743997844e-05
977,0.7898380483503973,0.00941470326883367,0.49695393256779413,15337.034660888672,2.713913311289415e-06,4.698098182678223,1.8510518202674575e-05
978,0.9965055704591584,0.0004627737377140484,0.02442745376876691,14865.016610351562,2.7571001810390126e-06,5.017874240875244,1.2216469258419238e-05
979,0.4242979127192229,-0.012956120272857537,-0.6838871854551302,13002.597738769531,2.93383691323109e-06,5.62501335144043,1.4573411135643255e-05
980,0.9044814483791125,-0.003353907623840718,-0.17703559374561492,13528.6279921875,2.905404831169676e-06,4.426506519317627,1.0829136044776533e-05
981,0.9993810150178934,0.001326089921355471,0.06999749036570095,15839.247615966797,2.6867618285102085e-06,12.26136302947998,2.9039414584985934e-05
982,0.9449158521012733,-0.005325040198414235,-0.28108157975024256,30295.643118896485,1.9775388574443585e-06,8.303659439086914,1.2683186469075736e-05
983,0.8727572740739844,0.010453141250628123,0.5517677513409105,66163.64979296875,1.4204507143113565e-06,10.9241304397583,1.5200268535409123e-05
984,0.9358018733725658,-0.010124494597149977,-0.5344201789100438,47436.44870458984,1.6427659453381616e-06,25.787036895751953,3.17628619086463e-05
985,0.729146937697389,0.024575308208440592,1.2972045649786168,30296.465594726564,1.9757846967200747e-06,22.869409561157227,7.190848555183038e-05
986,0.983588226001016,-0.001980580222807406,-0.10454467893304847,30738.05015625,1.9132702534206217e-06,9.353666305541992,1.5137256013986189e-05
987,0.9757982871983325,0.001583907346619744,0.08360635085881091,19932.02482495117,2.400318063075028e-06,3.716376781463623,7.648603968846146e-06
988,0.7096956302466074,-0.0060554919417149,-0.319638383509097,15341.379307373047,2.7161535584278302e-06,3.3909358978271484,1.0033028047473636e-05
989,0.9214914348896404,-0.006878307539986846,-0.3630706017812319,15802.592794677734,2.6859985237329842e-06,9.033852577209473,2.0217627024976537e-05
990,0.9328101981524229,0.007309838203331612,0.38584889378356046,18043.414341552736,2.5221252797298445e-06,10.168149948120117,2.2738528059562668e-05
991,0.8343191326357468,-0.008651034278178534,-0.456643760568803,18997.380817138674,2.461876626598623e-06,8.013198852539062,1.6301792129524983e-05
992,0.9547764169661345,-0.009344131007712874,-0.4932287846058524,32920.2272578125,1.8913293620570297e-06,17.4754581451416,2.5314040613011457e-05
993,0.8818122022444006,-0.006913182664142053,-0.3649114808405958,54163.9758959961,1.5318772198927026e-06,10.005622863769531,1.3691591448150575e-05
994,0.9710865655002668,-0.002638117064711629,-0.1392526787564983,67018.36687255859,1.3992589008953952e-06,20.567785263061523,2.184054574172478e-05
995,0.5520537753225169,-0.06396201846687302,-3.3762271315879944,37245.15825732422,1.8741649119649508e-06,37.89546203613281,9.983537893276662e-05
996,0.6949727374001834,-0.055874687282287686,-2.9493383681935708,36965.91908740234,1.8041451020074638e-06,25.4747257232666,8.99330698302947e-05
997,-0.11020644402462018,0.06159130806686864,3.2510894801272596,30066.234000488283,1.9648144594986896e-06,26.001020431518555,0.00010016033047577366
998,0.46074426712105965,-0.011943374774928834,-0.6304295412241033,34595.62944580078,1.818655014884726e-06,8.12724781036377,1.6143336324603297e-05
999,0.9483375812809199,0.009695927646557134,0.5117983261140305,21854.043943847657,2.278386360372713e-06,12.321086883544922,2.9962642656755634e-05
