state_idx,cos_sim,mean_A,mean_safe_delta,mean_sigma_i,mean_alpha_i,v_unbiased_norm,v_intentional_norm
0,0.49689225348978516,-0.011111696359998724,-0.7190219277314099,42576.924465332035,1.456702876306258e-06,12.767333984375,2.5402243409189396e-05
1,0.6531289169521117,-0.015648155541715194,-1.0125696921983114,99840.27537890626,9.424154867123691e-07,22.085969924926758,2.993794078065548e-05
2,0.04171361100838488,-0.021984173255700023,-1.4225643071744767,91542.56313085937,9.910637541420114e-07,20.11940574645996,2.8825528715969995e-05
3,0.8275175392481319,-0.010553536615315811,-0.6829042115338423,82293.5040029297,1.0381444620136827e-06,21.76997184753418,2.4341143216588534e-05
4,0.9647012815452856,-0.013359917191674078,-0.8645010718678966,116029.88078710937,8.837813379379324e-07,82.28700256347656,7.210241165012121e-05
5,0.7919563278995752,0.02665291557989913,1.7246719239836938,94473.50167089843,9.69452328486709e-07,68.92655944824219,6.803393625887111e-05
6,0.6736357844787149,0.030829173716999392,1.9949115956914043,72032.80369384766,1.119986077278944e-06,57.536407470703125,7.06101200194098e-05
7,0.9669586455168439,0.0066436628950953145,0.4299018932181856,83747.38048925782,1.0309005601175062e-06,43.08623504638672,3.8395544834202155e-05
8,0.9378263047878448,-0.010456060761518816,-0.6765966888988028,82094.25335546875,1.0523020890709014e-06,68.01005554199219,6.371843483066186e-05
9,0.6803606135082293,-0.011306193907259605,-0.7316075849379904,40276.49061621094,1.4875016048689205e-06,32.99968719482422,3.599257252062671e-05
10,0.8811371228548796,-0.00893405138294992,-0.5781096458813656,48817.14843066406,1.3560751543483282e-06,25.147781372070312,3.628248305176385e-05
11,0.951781251944468,-0.00485983411116577,-0.3144728921539462,67630.94095605469,1.1537459571469473e-06,23.11541175842285,2.7161857360624708e-05
12,0.8313531939104204,0.02666455781462966,1.7254252762881341,75051.8770390625,1.1038357672361633e-06,45.24228286743164,9.511446114629507e-05
13,0.13869547943310004,0.0351351664828385,2.2735462090738285,63315.28645996094,1.196779102781854e-06,29.18418312072754,5.523011350305751e-05
14,0.6786930677423495,-0.01842618575883739,-1.1923320414649845,43278.063603027345,1.449175411998749e-06,21.735315322875977,3.977411688538268e-05
15,0.9576553976184835,0.008207567577719932,0.5310999212471895,31737.300444824217,1.7016603960994303e-06,24.08662986755371,3.966035001212731e-05
16,0.9167743920940716,0.007573582696087977,0.49007566923607443,30972.409966796877,1.6871268737149977e-06,13.17791748046875,2.143566234735772e-05
17,0.7636942911288876,0.02355477123266593,1.5241954486763678,26591.52783227539,1.8347348096660529e-06,13.934115409851074,3.6820823879679665e-05
18,0.8641352698027336,-0.01997376132196731,-1.2924734356014802,33784.259368164065,1.6350425593754841e-06,18.491270065307617,3.3403626730432734e-05
19,0.9660294539060533,-0.004016435387148677,-0.2598977708815493,45119.579463378905,1.409633549255321e-06,14.273972511291504,1.7426384147256613e-05
20,0.7518138565621674,0.007066217424298611,0.45724479049651146,47996.255734375,1.3722556149545419e-06,8.575738906860352,1.101736052078195e-05
21,0.9835207933516277,-0.007375920555219701,-0.4772852357179071,60723.7473125,1.2372885170423188e-06,37.691688537597656,3.99886594095733e-05
22,0.9838165873326685,0.0019154545138916417,0.1239463131856455,32804.54072900391,1.664896268339053e-06,13.437023162841797,1.9010713003808632e-05
23,-0.15952941752419822,0.07985143053734299,5.16707149448041,51910.82742675781,1.341973405071935e-06,35.41502380371094,8.885008719516918e-05
24,0.9855146294342039,-0.001409658722575695,-0.09121699327553347,29282.671270996092,1.7480771213434936e-06,4.732968330383301,7.35288267605938e-06
25,0.8774040485404236,0.004457081313669712,0.28841133652169104,22016.529876220702,1.9964656430594993e-06,4.691595077514648,1.0035176273959223e-05
26,0.8919987457655749,0.005404470749087053,0.3497155475167283,20933.58190600586,2.0540265548189345e-06,5.239037990570068,1.1677078873617575e-05
27,0.8917802955752407,0.004857713887668263,0.31433569553364554,21599.679954589843,2.020237564136662e-06,4.0436859130859375,9.141534974332899e-06
28,0.8470913676677727,0.004240066736094806,0.2743686345922671,23174.785225830077,1.968709195146397e-06,3.457368850708008,6.920956366229802e-06
29,0.759320535351568,-0.007266220494139489,-0.4701867021695915,22811.210255126953,1.9773662160178247e-06,4.340997695922852,8.838275789457839e-06
30,0.7509923020885216,-0.004365563878057095,-0.282489374577869,28133.61393701172,1.783913101017733e-06,2.4944212436676025,4.499911483435426e-06
31,0.7115154710230043,-0.0038402258718907966,-0.24849550598512507,28068.059247314453,1.8125156437100922e-06,2.9826455116271973,4.769892257172614e-06
32,0.8257950863462591,0.018570090928178542,1.2016439384893376,41536.3453203125,1.481916340249509e-06,9.33284854888916,2.29289144044742e-05
33,0.803162529565428,-0.015208972195696668,-0.9841507680438893,56345.01811328125,1.3054797087386999e-06,21.723690032958984,2.4948791178758256e-05
34,0.9991193144437088,0.0005927519788459357,0.038356130035257875,44152.550228515625,1.4777803479188855e-06,28.01451301574707,3.430649667279795e-05
35,0.5499006646412938,0.030487267411829614,1.9727873292714095,39194.539628417966,1.5352057309881043e-06,27.621326446533203,6.976212898734957e-05
36,0.5552054696627254,-0.0378101320378473,-2.4466393919384632,32083.497975097656,1.690269593011514e-06,15.326155662536621,4.1761457396205515e-05
37,0.7791433839264222,-0.01042189430628818,-0.6743858266048943,27875.035646728516,1.7841091202783143e-06,8.558109283447266,1.7598520571482368e-05
38,0.917883741455903,0.004637246599006665,0.3000695736239575,26993.542533691405,1.8029111451063107e-06,5.3985748291015625,9.98343421088066e-06
39,0.8287212216461873,-0.010098391670509905,-0.653452435224542,25973.129060058593,1.8554246485297595e-06,7.1720757484436035,1.7152504369732924e-05
40,0.9973500178409281,-0.0011353111833598813,-0.07346435766307638,27243.332602783204,1.8204226208685023e-06,11.176789283752441,1.7238297004951164e-05
41,0.9947597698520193,-0.0010695236546271825,-0.06920734107465008,26478.142814697265,1.8345020051838268e-06,8.539471626281738,1.300921485380968e-05
42,0.9978018947009332,-0.0005345226779707893,-0.034588195526498056,32084.5097421875,1.6887874838644626e-06,10.856640815734863,1.5985195204848424e-05
43,0.8816962308313941,0.01221702386306826,0.7905460844652693,34025.02831884765,1.6217259959355441e-06,12.176554679870605,1.8904815078713e-05
44,0.9225230802172529,0.008954110446000103,0.5794076390694037,36056.18609448242,1.6056747017738046e-06,10.909544944763184,1.721006447041873e-05
45,0.8891698360265706,0.006287646760156671,0.4068645999594722,41424.07539111328,1.4783842221661055e-06,6.211497783660889,8.903870366339106e-06
46,0.9820224039666681,-0.003551114924291776,-0.22978755139960885,56952.729041992185,1.2699571130106212e-06,13.785077095031738,1.4337794709717855e-05
47,0.45542923688440157,-0.054551035963754504,-3.529919264137339,44816.75091113281,1.422337296539454e-06,18.3962345123291,6.432804366340861e-05
48,0.9870658976864981,0.0031329734132609023,0.20273021419515896,62737.5265390625,1.2044705635752922e-06,31.80023193359375,3.1187068088911474e-05
49,0.9728677308755856,0.011267264114694964,0.7290884939199186,49538.7822421875,1.3563852570571991e-06,50.00022888183594,5.567732659983449e-05
50,0.594756317799773,-0.027147098851027694,-1.7566498143748162,45575.64023730469,1.4174622305578552e-06,23.22555923461914,4.8064612201415e-05
51,0.6798722582490804,0.018967719170851695,1.2273738915320191,38787.29170214844,1.5090980614156373e-06,16.121585845947266,4.472057116799988e-05
52,0.9990789907813231,-0.0004501142201423369,-0.02912624533470428,37152.31532446289,1.5487311967966067e-06,17.553016662597656,2.3611359210917726e-05
53,0.9582602524238452,0.003931750136036242,0.2544179097935085,47285.82038574219,1.3719626612760183e-06,12.687857627868652,1.5220102795865387e-05
54,0.9741075489084462,0.0017813453278031136,0.11526830018170889,44838.32532128906,1.40266358584555e-06,5.646255970001221,7.538645149907097e-06
55,0.8941257902895514,0.012191952295440128,0.7889237392982323,33593.14237890625,1.6406317300995329e-06,18.376916885375977,3.64002917194739e-05
56,0.8959389620186322,0.003887886867514969,0.2515795806251285,68468.93024462891,1.1599390521731842e-06,10.267189025878906,1.181157222163165e-05
57,0.7878081832340138,-0.03073277793858199,-1.9886739631844212,53571.10938232422,1.3272755146369928e-06,31.02730941772461,5.911275729886256e-05
58,0.647680393249094,0.027785662076437442,1.7979703244425118,54524.47156933594,1.3051360131784462e-06,40.00497817993164,5.350282299332321e-05
59,0.7923581463546692,0.022363980897160792,1.447141114682766,41274.95022851563,1.4857931102930594e-06,19.679492950439453,3.1385996408062056e-05
60,0.9210859880386328,-0.002871114878151152,-0.18578572411843794,29651.653256347658,1.7363028094665133e-06,3.7258665561676025,6.704523002554197e-06
61,0.9362152951532564,-0.003081153496359534,-0.19937702172677624,31322.888404296875,1.6791421527531524e-06,4.173191070556641,6.200408734002849e-06
62,0.6797715048192281,0.013682979067916963,0.8854059423311417,29379.09999951172,1.7541332352524072e-06,5.712716579437256,1.4236909009923693e-05
63,0.7878012234553624,0.009420076618104204,0.6095596414702286,36409.73983911133,1.5754550772079972e-06,6.573250770568848,1.3029373803874478e-05
64,0.9880903589825653,0.002248976845279069,0.14552806469200957,30534.139780761718,1.7155058230935876e-06,7.429360866546631,1.1866336535604205e-05
65,0.5434983743180407,-0.012173602030090564,-0.7877363199575163,45709.35224658203,1.41763168629383e-06,7.6128764152526855,1.1289514986856375e-05
66,0.9933747292473625,0.0008719777820047053,0.05642443110783981,54401.89672363281,1.2930877920771106e-06,5.079826354980469,5.958324891253142e-06
67,0.9977974117859351,-0.002887132170141387,-0.18682218010056095,59271.36329296875,1.284472974826917e-06,29.952125549316406,2.936467353720218e-05
68,0.8851428348489682,0.02838249982421594,1.836590838722891,50395.984029785155,1.3392602442873602e-06,42.44749069213867,5.789343413198367e-05
69,0.8852099372668493,-0.004958783538946044,-0.32087576764707215,39853.21071875,1.5215142794044353e-06,6.158234119415283,8.552592589694541e-06
70,0.8826866656087302,0.008019796571154826,0.5189495288373914,27203.32298388672,1.8069624630429108e-06,8.187331199645996,1.9394512491999194e-05
71,0.9980321430672193,-0.00016676014838728869,-0.010790809924742949,31354.379869873046,1.6805144972263054e-06,4.021975040435791,5.837302069267025e-06
72,0.9990367124740721,-0.00011126129223142201,-0.007199558575962923,33609.09927880859,1.6327848117973908e-06,4.553420066833496,6.565269359271042e-06
73,0.9720059465907072,-0.003748504580622903,-0.2425603528343543,43928.48336669922,1.4298033410459954e-06,10.260476112365723,1.2978590348211583e-05
74,0.8534979328000625,0.011606235877171883,0.7510228702929153,45616.951416015625,1.42652011720527e-06,12.425222396850586,2.972642869281117e-05
75,0.6614703459393965,0.011984987374958901,0.7755313362594936,59741.89151171875,1.2451525681581987e-06,11.903925895690918,2.019591374846641e-05
76,0.9571717500033031,-0.0027555498377691396,-0.1783076761749246,54303.27222167969,1.3197772489821664e-06,24.35186767578125,2.056330231425818e-05
77,0.5638844148375596,-0.06993076908414997,-4.525119726600536,44028.336189453126,1.4292524868509787e-06,58.0357666015625,0.00011125776654807851
78,0.9770191494088464,0.0030392738603478102,0.19666705057185505,33641.5751171875,1.6469886482410088e-06,11.239102363586426,1.6352136299246922e-05
79,0.9119504096362974,0.00677542592428518,0.43842808977561554,29370.915442871094,1.7360766305371065e-06,9.13693904876709,1.6306306861224584e-05
80,0.9685196900084587,-0.007517764480640206,-0.4864637526057511,29284.259478515625,1.7300623531410239e-06,21.133005142211914,3.338164970045909e-05
81,0.6574327367565124,-0.014159676350527818,-0.9162523394952216,30444.6420703125,1.7006546882572609e-06,9.055336952209473,1.5477258784812875e-05
82,0.8956010567469345,0.01641768892044022,1.0623650929632582,32856.80608105469,1.6487145889180314e-06,18.395919799804688,2.976449286506977e-05
83,0.9971714880662294,0.0008828568825531247,0.057128402094346255,29015.300725341796,1.7629157275140299e-06,8.557817459106445,1.2890314792457502e-05
84,0.8110487665355166,0.008953951950661008,0.5793973830634295,27594.11789501953,1.8062539442579243e-06,5.5095696449279785,1.1127449397463351e-05
85,0.8397829246565993,-0.005790867753803589,-0.37471874326648674,35833.86707666016,1.61158018414109e-06,5.287775993347168,7.941040166770108e-06
86,0.9642265808378482,-0.011067484323806767,-0.7161610303074927,60055.31548730469,1.247144761408783e-06,22.595542907714844,2.3272390535566956e-05
87,0.991156488089639,-0.0021748740386736145,-0.14073297840369345,45697.577938964845,1.4254154831190878e-06,10.554409980773926,1.2443102605175227e-05
88,0.9414544797328595,0.006550887971133393,0.4238985610075993,53231.696357421875,1.3089266633141693e-06,10.017136573791504,1.4857242604193743e-05
89,0.8850705788441271,-0.07950059059159428,-5.144369144997073,47215.50172314453,1.3837582590684105e-06,138.77386474609375,0.00019834212434943765
90,0.9973169463986423,0.0015472422775890298,0.1001198277073627,40719.95247998047,1.4808341103848032e-06,24.840272903442383,3.3465308661106974e-05
91,0.9850611018268579,-0.004375040680148537,-0.28310260484332583,30393.17806738281,1.6998375708540272e-06,20.87470245361328,3.2430398277938366e-05
92,0.513601218806644,-0.06935233459589617,-4.487690060837908,34851.921642089845,1.5776863294360742e-06,33.9322624206543,0.00010764849866973236
93,0.9991430699177307,-0.0005911744751592396,-0.038254052035188064,36059.51976220703,1.5710510835804e-06,42.40789794921875,5.53836980543565e-05
94,0.6222296929065732,0.08268528403598967,5.350446088195962,37583.67125195313,1.533970767630709e-06,43.71701431274414,9.18376463232562e-05
95,0.8674987157108494,0.01979497700703363,1.280904559112511,32255.377880371092,1.6637544061803744e-06,19.796030044555664,3.5770179238170385e-05
96,0.8236319522959689,-0.02102581735669244,-1.3605504720558506,32077.365826660156,1.6619917848805674e-06,16.23303985595703,2.8144871976110153e-05
97,0.8106106796762684,0.013600070287707289,0.8800410341262322,33460.92599072266,1.6377653919358068e-06,11.201241493225098,1.979465378099121e-05
98,0.8670093085670095,0.006267307229336185,0.4055484581044495,43588.84837646484,1.4514796797575275e-06,7.601129055023193,1.0122262210643385e-05
99,0.993549427519193,-0.0036229976396571326,-0.23443897876929737,56336.837974121096,1.2981802932975615e-06,28.614500045776367,2.982102523674257e-05
100,0.8429157417262612,0.013650187516704658,0.8832840481034653,61048.62612939453,1.240865459195765e-06,15.838190078735352,2.1774621927761473e-05
101,0.7843022442971995,0.015389435214808518,0.9958282710715232,63416.104846679686,1.1993016096257446e-06,18.00387191772461,2.418848089291714e-05
102,0.8179044026767567,0.01564684642608102,1.012484981204021,42662.537293945315,1.436297839733366e-06,23.663280487060547,3.184486922691576e-05
103,0.7014214155625711,-0.04503004057752541,-2.9138293139860116,37027.35278173828,1.5459839351968735e-06,66.84420776367188,0.0001255590032087639
104,0.8186670360946443,0.010176204095557249,0.6584875655994512,31615.66345629883,1.6540614880577118e-06,4.592864513397217,1.5259249266819097e-05
105,0.8356810370124943,-0.00902589226403844,-0.5840525375178346,35870.385752441405,1.5721158483627032e-06,13.813636779785156,2.096798925776966e-05
106,0.9971640568116322,-0.0006908229926552143,-0.044702164620721414,40042.70657128906,1.4871568427361107e-06,7.543137550354004,9.250537004845683e-06
107,0.6155994153188039,0.010878274879245621,0.7039175586389274,47129.12415234375,1.3823512993866726e-06,7.022005558013916,1.2178330507595092e-05
108,0.7786430014785414,0.010059115511141569,0.650910931307591,50559.37430371094,1.3408410865254528e-06,8.39073371887207,1.4327800272440072e-05
109,0.6962684411518548,-0.0246483704825197,-1.5949606869730317,58449.19596191406,1.2599895537034108e-06,24.11918830871582,3.939170346711762e-05
110,0.6945656391056132,0.0406684211611514,2.6315951798639055,50236.08481542969,1.3576658081885084e-06,45.02321243286133,7.484859088435769e-05
111,0.9189509713640893,0.009050493048020112,0.5856444189506176,43323.21630175781,1.442624724264055e-06,10.585246086120605,1.9634555428638123e-05
112,0.8754257731166383,0.005229777381164339,0.3384113903389042,42789.63940942383,1.4578360866400764e-06,7.324880123138428,1.1036055184376892e-05
113,0.6792288824431182,-0.005309694859804698,-0.3435827357113609,36388.51897265625,1.5702178208501116e-06,5.276435852050781,1.0311572623322718e-05
114,0.9962804344372237,0.0010524927738746906,0.06810529721807894,47469.85874951172,1.3710520870569528e-06,15.90272331237793,1.7792403014027514e-05
115,0.8545025363405284,-0.01412246910486237,-0.9138447120153838,43491.40654882813,1.4439409718835324e-06,23.465404510498047,3.173341974616051e-05
116,0.9353801999620682,-0.0024972995278054228,-0.16159666917010693,42695.985799316404,1.4466050251970908e-06,6.9127655029296875,7.877913958509453e-06
117,0.7419132908118155,0.016576219905564245,1.0726234055409292,39445.26209423828,1.515803173902881e-06,6.361165523529053,2.2936057575861923e-05
118,0.9867323318854768,0.00261114120773461,0.1689632009314982,53166.12350927734,1.305178360679996e-06,16.16466522216797,1.7826772818807513e-05
119,0.9011758761078472,-0.012317518609638029,-0.7970489553199479,37267.697015625,1.5685901409121741e-06,28.514554977416992,4.254411032889038e-05
120,0.9653345704359164,-0.010010832544984876,-0.6477866098468686,49751.170016601565,1.3457683560777782e-06,27.58194351196289,2.9936609280412085e-05
121,0.9917196194289186,0.0006939573517156035,0.044904984498154034,35746.20939208984,1.592126399417926e-06,6.706162929534912,8.916762453736737e-06
122,0.9511748291522516,0.005841497852191596,0.37799494428609237,30593.99162109375,1.7002212165818046e-06,11.95953369140625,2.2383414034266025e-05
123,0.9412563533755831,-0.0026758686008580682,-0.17315161766579626,30277.76780908203,1.7143581595527131e-06,6.362680435180664,9.35662683332339e-06
124,0.8983975806112413,-0.009721988703700325,-0.6290959393277016,28460.240556640623,1.7908062088986964e-06,11.48387336730957,2.136203329428099e-05
125,0.8383012319363629,0.008331947578411995,0.539148372624136,49157.52562573242,1.3503552440448575e-06,8.806280136108398,1.2019978385069408e-05
126,0.9753296985724224,-0.0035185555267043048,-0.22768067949988746,49976.57465429688,1.369160231077961e-06,16.38924789428711,1.841981429606676e-05
127,0.6626911010429325,-0.008455847241373002,-0.5471657420357227,70747.66667382812,1.1533820329264521e-06,7.697463512420654,1.1858118341478985e-05
128,0.7170235165974432,0.02309442279057113,1.494406961523791,53679.36223144531,1.3436924920066312e-06,15.32221794128418,3.710204327944666e-05
129,0.47838603909333527,-0.04099181432961892,-2.652521487771649,43846.948130859375,1.4455549187470754e-06,43.16841506958008,0.00010022793867392465
130,0.5871475081028804,-0.020293319252256865,-1.3131515707497556,32556.917358398438,1.6474686143577462e-06,11.674500465393066,2.28681255975971e-05
131,0.8815857564101343,0.014144863859604477,0.9152938444614169,32181.723620117187,1.658097066795654e-06,13.678351402282715,2.980648059747182e-05
132,0.9386929108586476,-0.008012393010025322,-0.5184704550197718,30113.780544189452,1.7069768786412881e-06,13.308411598205566,2.1962192477076314e-05
133,0.7562580627912805,0.012308353920204847,0.7964559214167695,27002.915540527345,1.8069229860181017e-06,8.15335464477539,1.8910128346760757e-05
134,0.9806892389331786,0.0016317908586999596,0.10559084507570836,22914.14432861328,1.972777244342696e-06,4.622861862182617,8.039259228098672e-06
135,0.8802394611859686,-0.006634147867910665,-0.4292861894617951,23794.850931396486,1.9368499640606486e-06,5.4934492111206055,1.0481858225830365e-05
136,0.9965670349513694,0.0013474615612653355,0.0871923042113336,43139.870288085935,1.4435786987735163e-06,11.36528205871582,1.4501869372907095e-05
137,0.7996003708535202,-0.04425909829677423,-2.8639427451925283,77987.7297890625,1.0814478930274408e-06,42.29478073120117,5.1916409574914724e-05
138,0.7012277316056084,0.02268194093649508,1.4677158526000749,65036.402930664066,1.2004710466580906e-06,18.49137306213379,2.860349377442617e-05
139,0.5578419569542055,-0.051998165488910966,-3.3647266787209014,43911.05802685547,1.4749633460167879e-06,26.262649536132812,8.430084562860429e-05
140,0.4526888375661857,-0.050007768658614705,-3.235930955772415,60349.29355664062,1.2300669056030496e-06,18.19729232788086,3.2507716241525486e-05
141,0.43906101698100497,-0.022645102083569114,-1.465332063285817,28442.263341308593,1.7697189559859108e-06,15.520819664001465,2.5341534637846053e-05
142,0.1750474852306613,-0.024092585971980406,-1.55899666876877,28521.4504921875,1.742857713334168e-06,6.480790615081787,2.3897357095847838e-05
143,0.46988180914303945,-0.025386521977261316,-1.6427254110540088,30925.73108886719,1.692436535613802e-06,11.545060157775879,2.7015566956833936e-05
144,0.70344901914831,0.012594236048648679,0.8149549437476555,30245.371719238283,1.7092393156567994e-06,5.670012474060059,1.5785282812430523e-05
145,0.9415391702236641,-0.009673291497236258,-0.6259448129710656,26806.379963134765,1.8183826601113419e-06,12.733080863952637,1.9338653146405704e-05
146,0.7396723141494914,-0.020064351260984124,-1.298335380571415,23158.38756665039,1.960152772064793e-06,4.44565486907959,2.2734018784831278e-05
147,0.6219938168910962,-0.006985066082318223,-0.4519936035977421,33752.64633691406,1.638956482414455e-06,4.01157283782959,6.273847247939557e-06
148,0.976809872846194,0.0036581527512809576,0.236713815599826,41249.43798095703,1.4795913469935008e-06,10.582058906555176,1.3489513548847754e-05
149,0.6150824358431172,0.007436209623333574,0.48118645480920813,52224.45198046875,1.3141498163347317e-06,6.450993537902832,1.1095619811385404e-05
150,0.692139632206238,0.05642402581549202,3.651117749965818,53172.50289111328,1.325572739986992e-06,52.15964126586914,9.057789429789409e-05
151,-0.11354749726821838,-0.07682262013210796,-4.971081519075313,34697.94688671875,1.6268949487783967e-06,49.227596282958984,0.00011417658242862672
152,0.9785489934577464,0.005773685740064114,0.3736069198111825,52120.12161230469,1.310052312112905e-06,16.88015365600586,2.0203293388476595e-05
153,0.704944433649575,0.01653771263698006,1.0701316554433697,39787.57807080078,1.5185350919958216e-06,7.824756622314453,1.96880482690176e-05
154,0.981236534196823,-0.002488818837915822,-0.16104789589595012,33773.05280859375,1.6359325267285202e-06,10.760833740234375,1.4271961845224723e-05
155,0.9825017885300729,0.003309675525457675,0.21416435433269146,30879.138879882812,1.6881295647855823e-06,9.907452583312988,1.5384781363536604e-05
156,0.7711070764730674,-0.013741069511845191,-0.8891648916061066,27658.754580566405,1.7794615139136344e-06,9.4774169921875,1.7620941434870474e-05
157,0.998583384834326,-0.000913672500096495,-0.059122436489493314,36776.50854394531,1.5709218807683584e-06,8.713573455810547,1.1796596481872257e-05
158,0.9973741197263553,-0.00045889670624032195,-0.02969454740847047,50577.76823291016,1.3418932181338168e-06,7.602539539337158,8.94896948011592e-06
159,0.9943042030448045,0.0015157320985766329,0.09808084923615311,43694.12794042969,1.4239023652012828e-06,12.312318801879883,1.6618145309621468e-05
160,0.8810135556853791,0.013804762430686807,0.893286368993952,35582.158619140624,1.5665191586351563e-06,27.01821517944336,6.097755249356851e-05
161,0.9316763619173444,0.012471923393735729,0.8070402673497247,49390.46412011719,1.3776433508703537e-06,37.67742156982422,4.650977280107327e-05
162,0.7850979130544812,-0.009116851981545215,-0.5899384103232748,50335.214595703124,1.351433976194146e-06,8.417755126953125,1.1689386155921966e-05
163,0.2755167138184276,0.025417852868814542,1.6447527880909876,36734.25214453125,1.5735442645678637e-06,9.089362144470215,3.204022505087778e-05
164,0.5946916105863551,0.015665811549402858,1.0137121871218882,28322.875866699218,1.7799978141742897e-06,9.080788612365723,1.8866230675484985e-05
165,0.9982686665951006,-0.0005111458046976454,-0.033075511599523766,26591.11540161133,1.8188497065177e-06,5.812393665313721,9.227581358572934e-06
166,0.9230094132166963,0.0032995691832865834,0.21351038743198214,37172.96060253906,1.5467932378396628e-06,4.7838616371154785,8.654157682030927e-06
167,0.8800641989656901,0.0035435264773012176,0.22929651388320574,41592.85457861328,1.4647896036890842e-06,6.436819553375244,9.809610673983116e-06
168,0.8999469199415494,0.00719544030493533,0.46560661768582384,57501.87374804688,1.2414045696362611e-06,18.307899475097656,2.340359060326591e-05
169,0.9585837493918015,-0.008315682984791148,-0.538095914108339,65897.89428222657,1.196316219677042e-06,48.068397521972656,4.707364860223606e-05
170,0.8029959791853829,-0.017860412944742398,-1.1557216944694468,50983.039059570314,1.3441027547951268e-06,46.0672721862793,4.730191722046584e-05
171,0.6427813351695925,0.02299993974570592,1.4882930992604666,35926.63507861328,1.5704272283942211e-06,4.657320022583008,2.2307835024548694e-05
172,0.5955449012044568,0.014770326187597632,0.955766614255233,33435.3684765625,1.638949061970309e-06,10.59874439239502,1.9433493434917182e-05
173,0.8240147091511898,0.013773717939459059,0.8912775245110904,27450.457651855468,1.8028670426001993e-06,9.088650703430176,2.3187203623820096e-05
174,0.638528345806447,-0.00902730763805531,-0.5841441243396032,28065.363310058594,1.7695462486133247e-06,5.147337913513184,1.0844421012734529e-05
175,0.8198499792074612,-0.00801888819785786,-0.5188907493047329,26937.505154296876,1.8172823107172126e-06,6.356950759887695,1.2105732821510173e-05
176,0.9631047994556255,0.003404327435329171,0.2202891436082752,26305.224498291016,1.8476980123286205e-06,6.585888862609863,1.094323943107156e-05
177,0.8675549256183861,0.004982760994429699,0.32242731438713745,37263.95815771484,1.5681499772349627e-06,5.685014724731445,8.441051249974407e-06
178,0.7689191681543033,-0.012942983754754347,-0.837521907405762,50655.915209960935,1.350563945914961e-06,7.732032299041748,1.707507726678159e-05
179,0.9929384946758072,0.0017181644409707477,0.11117995565048804,58703.968436523435,1.2631524936900004e-06,13.241212844848633,1.4571235624316614e-05
180,0.9963600678413813,-0.002271090611459081,-0.14695901477136863,46109.59994189453,1.4135321448216838e-06,22.294002532958984,2.4385362848988734e-05
181,0.8578234176473643,0.022106675316449026,1.4304912397522875,50536.74403955078,1.356248044301252e-06,23.448711395263672,4.610659016179852e-05
182,0.7136514891633203,0.00826434380631428,0.5347738295336135,40201.91993774414,1.5228754346804075e-06,6.418991565704346,1.162857370218262e-05
183,0.9098819802673094,0.005754095821723686,0.37233928430415564,27448.065739746093,1.7938124002515465e-06,5.009156703948975,1.1793598787335213e-05
184,0.9201065291637981,-0.0034384471186039846,-0.22249697935603355,24654.29019921875,1.8635692243405007e-06,4.881386756896973,8.246806828537956e-06
185,0.9994087339155923,-9.801045348954762e-05,-0.006342115814069306,28156.159475830078,1.7847276413654441e-06,4.614672660827637,6.877085070300382e-06
186,0.560430781667602,-0.011844898865620622,-0.7664664098275548,29541.92080517578,1.7304192402175675e-06,5.478827953338623,1.1797053048212547e-05
187,0.9433799665299188,-0.0028874867805475427,-0.18684512643112716,30720.656119628908,1.7142451373041494e-06,4.92696475982666,7.116592769307317e-06
188,0.9492525228810179,-0.00483223321988728,-0.3126868780827187,41823.023447753905,1.4773880543556758e-06,7.854488849639893,9.43359646043973e-06
189,0.7067671635588186,-0.03230821200246318,-2.0906180409314947,68202.66623779298,1.1696179643250147e-06,25.33831214904785,2.9389593692030758e-05
190,0.8380209398238901,-0.02257923635450571,-1.4610699864661971,73298.89371972656,1.1362673378056e-06,31.749969482421875,3.8015085010556504e-05
191,0.9923167577563133,0.0016395093234041252,0.10609029585180181,52228.55876953125,1.3148577112082601e-06,14.193645477294922,1.747043279465288e-05
192,0.92102287908828,0.011299655512281565,0.73118449478064,50584.45084033203,1.3631107534873811e-06,32.06534194946289,4.0204158722190186e-05
193,0.36942993645995065,-0.007227615820167501,-0.4676886491091509,27583.842298583986,1.8163883351840861e-06,3.841275215148926,9.778901585377753e-06
194,0.8032876029885834,-0.031952438091637045,-2.067596421647544,39961.31865820313,1.485421300364716e-06,32.26533126831055,5.9572685131570324e-05
195,0.8352597397030053,0.02069926466442206,1.339419715896297,31514.939006347657,1.686421244776505e-06,14.500238418579102,3.243630999349989e-05
196,0.4418817898951412,-0.02839749289877776,-1.8375610190648295,24268.198309082032,1.9217368318890738e-06,6.062890529632568,3.180319254170172e-05
197,0.7795658067408501,-0.003363367874723035,-0.2176387092126705,40640.11707666016,1.4951479148034665e-06,5.668817520141602,6.250055321288528e-06
198,0.9943765069474999,-0.00036692830286114744,-0.02374340398754985,56001.082537109374,1.2887143854703098e-06,6.746170520782471,7.850042493373621e-06
199,0.9930825230694202,-0.001696844336016695,-0.10980036225026837,63549.752560546876,1.2017070893081187e-06,10.830628395080566,1.072307895810809e-05
200,0.9849253671381831,0.0066948862169663725,0.4332164808781871,54336.64319238281,1.3319479194929914e-06,61.39930725097656,6.27038607490249e-05
201,0.937202416945778,-0.012872759949549227,-0.8329778257322392,43533.917026367184,1.4265262418707374e-06,75.57552337646484,0.00010149522131541744
202,0.9495562526762849,-0.006827989309393917,-0.44182939100492463,35341.538354003904,1.576952449744283e-06,10.243416786193848,1.6231149857048877e-05
203,0.8509610913117912,-0.007016250504088105,-0.45401150278520447,29439.53114501953,1.7316770236490806e-06,7.002567768096924,1.3275381206767634e-05
204,0.7949282008449703,0.04447804005925287,2.878110152491833,30638.24147265625,1.6967536021654025e-06,28.86825180053711,7.444537186529487e-05
205,0.907869067874532,-0.00428636825610268,-0.2773647395157966,27095.472911865236,1.8165703362283403e-06,5.681849479675293,9.081773896468803e-06
206,0.9942770964788938,-0.0013078219993552262,-0.08462728503733606,28815.606560302735,1.774040664508405e-06,8.023622512817383,1.2560674804262817e-05
207,0.7754007519296371,-0.016414222593007174,-1.0621407918887587,23043.764611816405,1.965773431477722e-06,6.779944896697998,1.798238190531265e-05
208,0.9800843769483442,0.003470142063225211,0.2245479137446778,32571.89707861328,1.6671953555859004e-06,9.472245216369629,1.4468832887359895e-05
209,0.76919414321684,-0.011435829492957886,-0.7399961176796623,34382.799487304685,1.629743631762204e-06,8.063532829284668,1.2710185728792567e-05
210,0.9660752100905801,0.016914875357074415,1.094537313885129,43902.631268066405,1.4288157586752496e-06,38.05922317504883,4.317849379731342e-05
211,0.9856417167624425,0.0015624078211326849,0.101101168269647,47513.9767006836,1.3952932581266807e-06,9.878926277160645,1.098420125345001e-05
212,0.9915389510373366,-0.007597312903032748,-0.4916112168779555,50377.06065234375,1.3392758961425125e-06,47.64579772949219,5.792961019324139e-05
213,0.9968340112810624,-0.012685634739135868,-0.8208692218647936,54295.474651367185,1.2832109196344334e-06,149.12428283691406,0.0001523487298982218
214,0.6162219181519877,0.014058068012361423,0.9096774097261727,34745.004040039064,1.6014747981188236e-06,11.393425941467285,2.151367334590759e-05
215,0.8219088058409222,0.01201941904317017,0.7777593601048354,28472.119380371092,1.757586038444616e-06,15.085114479064941,3.5813500289805233e-05
216,0.9884935540427955,-0.00422986207684673,-0.27370830573457744,32046.66248828125,1.6454357355018334e-06,22.724435806274414,3.470512092462741e-05
217,0.9995902941078205,-0.00015446082099135916,-0.009994938096760237,23253.695837646483,1.9439299901557222e-06,3.4833030700683594,5.64942183700623e-06
218,0.9435111414185822,0.002881956670531721,0.18648728094693473,21177.921603759765,2.03435027677452e-06,3.2884974479675293,7.174513484642375e-06
219,0.7447328949305865,-0.007212972284183529,-0.46674108690704613,23672.321302490236,1.9397387779708118e-06,3.732853889465332,8.112884643196594e-06
220,0.7170105388906987,0.006230884505231085,0.4031915958891034,29916.55888183594,1.7492080202913302e-06,3.2246286869049072,7.207748240034562e-06
221,0.8341889890507128,-0.004077327103761233,-0.2638379864924842,33194.223904785154,1.6629984361938586e-06,3.92313551902771,6.105040938564343e-06
222,0.9496974542302269,0.008168038330571588,0.5285420403831397,37928.209944091795,1.5471342386867888e-06,7.445953845977783,1.6566584235988557e-05
223,0.9884171467251236,0.002745960631183434,0.17768717237592863,49861.521844726565,1.3586514148307298e-06,14.592437744140625,1.630774022487458e-05
224,0.8256588063710013,-0.01777548139104633,-1.1502258954946285,41979.9142368164,1.4549450844637117e-06,30.016206741333008,4.356361387181096e-05
225,0.8307699911578456,0.05275449644748325,3.4136677698213833,47585.79380175781,1.4028312102018726e-06,80.01863861083984,0.00013436083099804819
226,0.8594417674543962,0.006037007821215875,0.39064611385229897,38620.10089111328,1.5366817743310001e-06,5.805363655090332,1.048973990691593e-05
227,0.8940106715556364,0.0037175337170393874,0.24055627269070567,31797.192102539062,1.6725833402676906e-06,5.684587001800537,9.245281034964137e-06
228,0.8749591143307324,-0.009673783532521256,-0.6259766518683563,37753.12441503906,1.5420049046457555e-06,11.217541694641113,1.8145787180401385e-05
229,0.8440528603404832,0.010401345835604467,0.6730561645511213,36967.51030859375,1.5600022600674603e-06,4.885340213775635,1.6830486856633797e-05
230,0.5605732404349804,0.021943404438848627,1.419926215533551,23173.96137158203,1.9716342418662067e-06,7.323729038238525,2.5184652258758433e-05
231,0.8877257679094053,0.004654278330475184,0.301171672529142,28619.11232788086,1.7754685972606e-06,3.631572723388672,7.844258107070345e-06
232,0.9331843063681493,0.001987251679873698,0.12859220477749203,41314.041317871095,1.473712460993687e-06,2.9532065391540527,3.93295704270713e-06
233,0.994972489487421,-0.0006306786429917417,-0.04081031005269513,55398.969923828125,1.3203485730641172e-06,5.358584880828857,5.7595780162955634e-06
234,0.9996292818258089,-0.0006591132567307145,-0.042650273108065795,42953.266194335934,1.468173054463692e-06,27.333721160888672,3.32355011778418e-05
235,0.7413200543313527,0.035014278720619865,2.2657237354376263,44816.44991259766,1.434215378099923e-06,55.12444305419922,7.587471918668598e-05
236,0.8568800272981464,-0.007812473372274434,-0.5055339421175219,32668.132682617186,1.6551120949811014e-06,9.084081649780273,1.2531796528492123e-05
237,0.9457865693373142,0.0025503518454157116,0.1650296085200419,25919.14759399414,1.8534183538924696e-06,4.8644585609436035,9.165116352960467e-06
238,0.9933460552212063,-0.0015339317828678188,-0.09925852469264419,27577.950479003906,1.776652772723067e-06,6.179272651672363,9.19656940823188e-06
239,0.6083031179738329,-0.019584101836009213,-1.2672591293717828,24195.614256347657,1.925102520579074e-06,8.770565032958984,2.1429334083222784e-05
240,0.9509079889182734,-0.0052352681199019195,-0.33876668816417377,26489.786910888673,1.8295267858038007e-06,7.417599678039551,1.0933085832220968e-05
241,0.9964428440740325,0.00033124325919017307,0.02143427601462831,25168.367760009765,1.8929107137227132e-06,3.786698579788208,6.380174909281777e-06
242,0.4938673263984584,-0.026066612729311364,-1.6867331077844283,40333.76887695312,1.505402204653804e-06,8.946911811828613,2.4249569833045825e-05
243,0.16444130263770493,-0.03276984671705442,-2.120489760931696,73815.47209277343,1.1306048697530468e-06,16.262798309326172,3.056657442357391e-05
244,0.6687712192721444,0.015476384822721486,1.0014546554390924,72482.70150488282,1.139644121869562e-06,14.608949661254883,2.2012409317540005e-05
245,0.9714878718523143,-0.004128898616678624,-0.2671751050954886,43534.88624902344,1.4347255022650076e-06,24.764041900634766,2.9366989110712893e-05
246,0.822613264935907,-0.053407137945106396,-3.455899264683664,64284.609071289065,1.2031726667886653e-06,79.86036682128906,0.00010376744467066601
247,0.9267087635292094,-0.00927255866125637,-0.6000139661501606,34270.5239243164,1.6132161652311258e-06,15.858246803283691,2.2662588889943436e-05
248,0.6990217989917826,-0.02401831738438944,-1.5541908550307542,36679.39459912109,1.5467048909684423e-06,18.94096565246582,3.336750523885712e-05
249,0.1552934840343076,-0.02909747937674296,-1.8828561396716452,22881.452444580078,1.97701456370843e-06,9.975234031677246,3.1772662623552606e-05
250,0.7226740622426785,0.014260300772921657,0.9227636014864091,19349.342890625,2.1411013457708333e-06,5.1985554695129395,2.268958451168146e-05
251,0.9597394469491703,-0.00310901583794633,-0.20117995387230975,20648.37497314453,2.0745852426767506e-06,6.790841102600098,1.2214254638820421e-05
252,-0.01006482315202331,-0.020071348141166054,-1.298788138648447,21043.987969482423,2.0566236317499903e-06,3.4204699993133545,1.9848579540848732e-05
253,0.5461868032056912,-0.02228597689245416,-1.442093587462994,27004.07733935547,1.8243325381029998e-06,11.938516616821289,2.754506203928031e-05
254,0.9965899837452028,-0.0010771378467888306,-0.06970004452413367,29767.19531591797,1.724538575606287e-06,9.880626678466797,1.4337220818561036e-05
255,0.8185702701134446,-0.009574524536887943,-0.6195537446836465,33621.64998095703,1.6336281299405668e-06,13.10247802734375,1.4664019545307383e-05
256,0.6465804355598246,0.0295197641057443,1.9101815785660279,43398.279819335934,1.4418984922020624e-06,31.32696533203125,4.907096445094794e-05
257,0.4858204302873214,-0.0397575034899743,-2.572651004400994,50486.146827636716,1.3301033378331093e-06,15.087773323059082,3.315605499665253e-05
258,0.9959780407849632,-0.0015087501242755307,-0.0976290556972816,52961.81933984375,1.3050425161437627e-06,19.093351364135742,2.1604742869385518e-05
259,0.9467251154624476,0.0091616941059374,0.5928400798505409,66943.79948242188,1.1741742742035047e-06,20.003623962402344,2.2466250811703503e-05
260,0.7061748026671886,-0.020246104070402008,-1.3100963440790843,63397.17851660156,1.2106898791731462e-06,32.53386688232422,3.8646277971565723e-05
261,0.6234982513736739,-0.06305375101241088,-4.080117754733646,51482.363100585935,1.32676057987542e-06,83.59284973144531,0.00013294773816596717
262,0.9584344701245098,0.009480682036744714,0.6134813311501898,33819.573545898435,1.6150858780315346e-06,25.530960083007812,4.093853567610495e-05
263,0.9682186166819441,0.00621557401601762,0.40220087610050254,29505.01637133789,1.7328888060460185e-06,16.105939865112305,2.5641649699537084e-05
264,0.9386450632532918,0.007624275724557356,0.4933559423709497,27317.382200439453,1.8008441586119081e-06,11.695648193359375,2.0435889382497407e-05
265,0.9490922532658026,0.002516834555490196,0.16286075278156673,27721.98554345703,1.787086649125556e-06,7.689210891723633,1.2791087101504672e-05
266,0.799616262449685,0.007011829918534741,0.4537254530369659,35239.18716650391,1.605797361579169e-06,10.35461139678955,1.8167389498557895e-05
267,0.5490763452661309,0.04461190386590192,2.8867722873443262,49359.97876855469,1.3723216220040338e-06,38.29393768310547,7.749546057311818e-05
268,0.5041951792488611,-0.0542534678486329,-3.510664058376284,56103.42105371094,1.2956662251265327e-06,33.74119567871094,9.068920917343348e-05
269,0.851321992299201,0.016500350743484802,1.067714020924363,51179.833388671876,1.3410497523144644e-06,36.703697204589844,4.7561145038343966e-05
270,0.27427056155187934,0.05911898152930483,3.8255044673235887,51070.19854541016,1.3277847316585361e-06,13.163663864135742,3.933408879674971e-05
271,0.8415755480096344,-0.007341567602502946,-0.4750623054392697,31080.35990185547,1.6992813978985374e-06,7.501410484313965,1.0055175152956508e-05
272,0.973681710000729,0.003128167071635393,0.20241920272499764,27763.510357910156,1.7686428063443315e-06,6.468001842498779,1.1318517863401212e-05
273,0.9606141011535488,0.003161726293968043,0.20459077184937138,27064.880413330076,1.8102039524536965e-06,6.719332695007324,1.1236742466280703e-05
274,0.9952641045153559,0.0012559225876852267,0.08126894857653906,34444.46910986328,1.6056742965588805e-06,9.643686294555664,1.297888138651615e-05
275,0.9262541849204987,0.005233760951117545,0.3386691614347125,41574.14587451172,1.4718441698356908e-06,8.710617065429688,1.1855633601953741e-05
276,0.875947445770539,0.0061860498295133156,0.4002904083548712,43425.786078125,1.4430576623410412e-06,8.02097225189209,1.155265090346802e-05
277,0.7101554537171609,0.011339354416978349,0.7337533539412148,54032.01790185547,1.3069581551259848e-06,7.368607521057129,1.4410825315280817e-05
278,0.8125892643104067,0.01555825452103181,1.0067523261452316,42834.756640625,1.4707037406672955e-06,22.335622787475586,3.4561886423034593e-05
279,0.6433838178454984,0.03223124019558436,2.0856373057521025,37504.962916015626,1.5819064986231402e-06,27.12787437438965,7.272785296663642e-05
280,0.7031519531025056,0.008883328138150045,0.5748274174911,45573.05430712891,1.4194218520752254e-06,6.032993316650391,1.0408968591946177e-05
281,0.7276959466523907,0.007406043512165575,0.47923444903966095,31537.970139648438,1.6668984783750146e-06,4.57480525970459,8.90601131686708e-06
282,0.7705782086016362,-0.007708007606009339,-0.4987741122762144,23398.49419189453,1.9472488464111266e-06,5.501438617706299,1.2925756891490892e-05
283,0.8000477692423094,-0.004838061263959281,-0.31306400245219296,28918.73210205078,1.7408678159903191e-06,3.586763858795166,6.230255621630931e-06
284,0.9875427243659392,-0.001234864046982755,-0.07990628062373123,34748.726677734376,1.5870189505818955e-06,4.333297252655029,6.023241439834237e-06
285,0.7718214556215819,-0.008050177921279478,-0.5209154624109861,28983.471393554686,1.7861695726209273e-06,4.580570697784424,1.059521582646994e-05
286,0.9399283518844462,0.0018541223622700143,0.11997759765723606,42201.07324023438,1.4928617720460142e-06,2.9250032901763916,4.132599769945955e-06
287,0.9896632041417739,0.0010551034363093916,0.0682742294382944,46661.396711914065,1.4205287847210393e-06,6.113790512084961,8.085510671662632e-06
288,0.7953236314551168,-0.07589576405687344,-4.9111059923552185,64419.3008359375,1.2163587908793836e-06,31.071365356445312,9.572237468091771e-05
289,0.7879168008615792,0.024427734733789095,1.5806836642539945,57694.82994335938,1.2566835537517281e-06,36.739585876464844,6.122796185081825e-05
290,0.42177319272277747,-0.01279056944642252,-0.8276593962067418,42802.244205078125,1.4411434258705607e-06,19.664030075073242,2.3922077161842026e-05
291,0.2790914285133868,-0.14479213364276672,-9.369291211641604,45209.98228857422,1.4368544268987916e-06,42.31120300292969,0.00015550640819128603
292,0.511136852315479,-0.015434749013937661,-0.9987604619942306,35354.7432734375,1.5692245718641636e-06,22.10390853881836,3.427624687901698e-05
293,0.9582364951583379,0.009515892150755689,0.6157597271062701,42828.10218164063,1.4383120600875489e-06,68.54298400878906,8.016416541067883e-05
294,0.9134491702349085,-0.018990963838689978,-1.2288780206350003,34850.24693603515,1.6009232849709242e-06,36.788658142089844,5.262347622192465e-05
295,0.8776507769293713,0.012857378521124667,0.8319825155690761,28191.74521948242,1.7774979745845427e-06,14.480228424072266,2.7587366275838576e-05
296,0.23536431643917974,-0.028383848753005324,-1.8366781259693286,25643.423430175782,1.8522828829583502e-06,6.348933696746826,3.132498386548832e-05
297,0.9824972312253181,0.0012485896347829574,0.08079444371599101,35814.12557958985,1.5917383071747142e-06,7.113711833953857,9.393103027832694e-06
298,0.7003591562752784,-0.017551938725614887,-1.1357607703668977,43278.14721386719,1.4416664864841349e-06,15.270115852355957,2.1764664779766463e-05
299,0.9488387814833733,-0.011753347734611666,-0.7605422675029838,60212.399091308595,1.2466568864695099e-06,38.79679870605469,4.037214603158645e-05
300,0.8252812447440353,-0.01588950812363804,-1.0281872714674716,59335.68868945313,1.2561907032174177e-06,17.050806045532227,2.1808309611515142e-05
301,0.6012686561785175,0.04402700135518359,2.8489240851287203,61929.082518554686,1.2126476768400765e-06,20.803157806396484,4.4383468775777146e-05
302,0.8461473602173166,0.016385347712162494,1.060272339780699,38155.480237304684,1.5505254974196342e-06,17.764606475830078,5.1455499487929046e-05
303,0.8081376320446833,0.006041898301728519,0.39096256982911926,37859.65121728516,1.541674166110878e-06,4.476635456085205,8.083035936579108e-06
304,0.7562348017661864,0.01577986299358674,1.0210922924272186,29910.584916503907,1.719858035505828e-06,7.000492572784424,1.8707552953856066e-05
305,0.8895941046796443,-0.005510249567580338,-0.35656034308367635,33531.44479833984,1.621752073187197e-06,6.474184036254883,9.828977454162668e-06
306,0.9886609304987202,0.0018590008484643352,0.12029327749892786,33945.081016601565,1.6294509162262756e-06,7.8723063468933105,1.093894024961628e-05
307,0.9746255989652313,0.0034032016128275693,0.22021629324959377,41132.45881835937,1.467824161204917e-06,10.59041690826416,1.3447609489958268e-05
308,0.8615047600676188,0.008747716926930297,0.5660522105961172,25662.60925830078,1.864183997293785e-06,8.538880348205566,1.55347770487424e-05
309,0.9012435582662647,-0.006590459835095671,-0.4264591995445297,41001.74521044922,1.5175290245588377e-06,8.428731918334961,1.356179745926056e-05
310,0.9471608901574857,0.006481359516599547,0.419399474478284,45215.70473339844,1.4088297065312776e-06,16.761930465698242,2.079469595628325e-05
311,0.2812835917532741,-0.05822645063215771,-3.767750073625718,46309.37463671875,1.3995194153536152e-06,33.46830368041992,7.536860357504338e-05
312,0.8985644763409224,0.051711198119778916,3.3461574320222485,27244.524713378905,1.803764525839478e-06,38.3311767578125,0.00014332924911286682
313,0.8799084840501241,-0.004718730833413622,-0.3053423015139962,39883.76450195313,1.510473191305913e-06,6.270814418792725,7.5444199865160044e-06
314,0.9664002350529345,0.004524977134371548,0.29280477765833735,26898.762474121093,1.7996677815455204e-06,10.323299407958984,1.91647977771936e-05
315,0.8185975411364614,-0.005272763959517651,-0.3411929901444426,30164.085397460938,1.7117812792034033e-06,6.339448928833008,9.286103704653215e-06
316,0.5927025782464335,-0.00621672550666438,-0.40227538740802693,35211.097131347655,1.5907021149961113e-06,3.269068717956543,8.313234502566047e-06
317,0.8778476507443533,-0.0060356067179322785,-0.3905554504692039,27447.61328857422,1.7937261249327054e-06,5.75783634185791,9.701886483526323e-06
318,0.9040440430996348,-0.010771677854201765,-0.6970198181001035,26786.02237231445,1.8328222148496907e-06,12.641403198242188,2.295798185514286e-05
319,0.9964697939694412,-0.0002951308234363048,-0.01909749211327033,26724.247776855467,1.831448488260392e-06,2.868102788925171,4.351270945335273e-06
320,0.9874806178974218,0.0005526892416984182,0.0357637277988447,33513.35813085938,1.6615097106559878e-06,2.492621421813965,3.6037558857060503e-06
321,0.6938426305489106,-0.012004216036255245,-0.7767755953415509,46628.85794726563,1.3984364974582537e-06,9.137920379638672,1.2508042345871218e-05
322,0.614725196027685,0.03827843533225423,2.476942626170061,61413.704854492185,1.2298751279327526e-06,20.852588653564453,4.318369610700756e-05
323,0.692276945132079,-0.03058090604282497,-1.9788465507248312,28215.87901074219,1.7891675210775111e-06,17.882341384887695,6.917304563103244e-05
324,0.9905820323505751,-0.0029843506880004927,-0.19311305089630082,43229.01016455078,1.4528510821737429e-06,37.18484878540039,4.464923404157162e-05
325,0.822799486349923,-0.0035535296621582355,-0.22994380562213762,31949.116372314453,1.6677648799352655e-06,2.637381076812744,4.0852587517292704e-06
326,0.9807892599606808,-0.0014348776250846212,-0.09284887227130188,22158.79671020508,1.9792892609148352e-06,3.2652363777160645,5.5952273214643355e-06
327,0.5802519670230512,-0.009341268811493272,-0.6044601013825724,26179.662885009766,1.8319013025103452e-06,1.4902732372283936,8.215677553380374e-06
328,0.5963746024900397,0.006208215935275076,0.4017247452534652,25338.30028173828,1.8805681513573395e-06,2.0130608081817627,6.074569228076143e-06
329,0.8776353565727287,-0.0038005272940768433,-0.24592666797666937,25662.52160595703,1.8906810344678226e-06,3.5600051879882812,6.398825462383684e-06
330,0.8313258195706278,-0.0035777496329915067,-0.2315110451825011,27069.125710205077,1.8232822941206303e-06,2.6197104454040527,4.498393082030816e-06
331,0.8076346640968202,-0.014915247182356454,-0.965144243884797,24830.43706201172,1.9059935364909552e-06,10.73248291015625,2.2799935322836973e-05
332,0.19074460974284035,-0.008580160659655974,-0.5552098849605132,24641.896010498047,1.898755138831401e-06,3.9808945655822754,6.337425475066993e-06
333,0.7518291994547703,0.011629330153177957,0.7525172677562247,24236.223100097657,1.911520989546902e-06,3.8798089027404785,1.5138714843487833e-05
334,0.996778954857883,-0.0013656713713782226,-0.08837063489521782,30718.302119873046,1.728461342444635e-06,9.279949188232422,1.3195221072237473e-05
335,0.8618582741179404,-0.0353669402640066,-2.288543957890384,45136.591859375,1.4291471099345945e-06,33.91999816894531,5.882099867449142e-05
336,0.9402954203320076,-0.018244720639431028,-1.1805896939651657,62675.9870859375,1.2035783388702198e-06,46.3636589050293,5.485824658535421e-05
337,0.726045433669436,0.05339266216785877,3.454962557908678,44615.853841796874,1.4073608407274218e-06,57.32839584350586,0.00011417591304052621
338,0.6182901824897107,-0.058666641795907144,-3.7962342122194306,72692.06921972656,1.1126906482051142e-06,45.726200103759766,8.427650755038485e-05
339,0.1615513642825106,-0.026031955874180588,-1.684490512416637,44600.68289941406,1.4400357447620557e-06,12.945294380187988,4.522750532487407e-05
340,0.7563803246627883,0.012227475546819515,0.7912223979241145,36060.680571777346,1.5701165441495577e-06,11.976764678955078,2.123360536643304e-05
341,0.8907724404231838,0.005954387654229841,0.38529988139497184,40130.21568896485,1.4936950593956897e-06,7.982970237731934,1.5469111531274393e-05
342,0.9981642657627927,-4.385179945221074e-05,-0.0028375870213774804,31153.050979980468,1.686122022092506e-06,4.519836902618408,6.8029548856429756e-06
343,0.8723550480337099,-0.005684121702638491,-0.36781135946118865,30885.44017895508,1.6986093996671448e-06,5.950855731964111,1.1447051292634569e-05
344,0.09707706433234801,-0.010397218843534294,-0.6727891128159146,33094.5507265625,1.647706946513697e-06,2.473264217376709,9.39759502216475e-06
345,0.9916169869618818,-0.001418135855699592,-0.09176553639648505,38842.77382617188,1.5332798119812798e-06,6.609034061431885,8.418513971264474e-06
346,0.9896426713344257,-0.0035613088960042352,-0.23044718868220396,58755.859028320316,1.2468604716517774e-06,17.51462745666504,1.8875582100008614e-05
347,0.9667866935589531,-0.004933537814973066,-0.3192421530728499,72197.67893945312,1.1536260953804791e-06,19.014881134033203,1.8315344277652912e-05
348,0.9286001216715066,-0.0222515092323696,-1.4398632346351747,60127.300952148435,1.2288895917393078e-06,50.30337142944336,5.131838406668976e-05
349,0.7162073849215902,-0.04975325988682442,-3.2194620583342184,36593.95597167969,1.576083281657898e-06,51.33393096923828,0.00012684274406637996
350,0.7174485302566689,-0.024736934038710034,-1.6006915076178398,23564.53733935547,1.942155284704593e-06,24.155763626098633,4.3592011934379116e-05
351,0.5482493170958647,-0.01899587949841687,-1.2291961059226455,27209.00956298828,1.7856179911231756e-06,10.14397144317627,2.316248537681531e-05
352,0.6361583011810279,-0.02243214065335036,-1.4515516347061124,27112.970614257814,1.8161978178596917e-06,11.536005020141602,2.8338152333162725e-05
353,0.9960700332830058,-0.000752698301419291,-0.04870602706846452,22914.806905517577,1.9616012693157436e-06,5.508896350860596,9.20239654078614e-06
354,0.9908418488884067,-0.0035172520877584934,-0.22759633583595593,24547.792400878905,1.8865638347201944e-06,10.886966705322266,1.8509970686864108e-05
355,0.9969931140799648,0.0004970730233192792,0.03216488210899505,26623.254813476564,1.8356754371369405e-06,8.047751426696777,1.3392064829531591e-05
356,0.8005820499290287,-0.040324655971236016,-2.6093506276792624,40203.04863037109,1.4941441863368534e-06,9.470558166503906,3.964874485973269e-05
357,0.9729872634863924,0.0021872428444602585,0.14153334607864757,60905.89553955078,1.2295763846022827e-06,6.702247619628906,7.6151454777573235e-06
358,0.9985197824926751,0.0013338952716256162,0.08631444907446818,58814.6815961914,1.260171682797423e-06,46.89919662475586,4.661062121158466e-05
359,0.5083832211907348,-0.0802816308242143,-5.194909137766845,37179.968270507816,1.5662606430643046e-06,50.463748931884766,0.00018380158871877939
360,0.8106679530768218,0.0357058103239129,2.3104717532359644,50586.06600195313,1.3429933119377052e-06,31.938993453979492,5.0526719860499725e-05
361,0.6911028360929902,0.03576914986344938,2.314570363956024,35178.48594116211,1.5989247597908143e-06,7.281033992767334,3.494280463200994e-05
362,0.6780286333670287,-0.007300954747823816,-0.47243430588672725,27378.444073242186,1.8024056594278154e-06,4.7029242515563965,8.397562851314433e-06
363,0.6616852736173165,-0.02929244125392463,-1.8954718430011512,22143.257610839843,1.98951173050854e-06,9.391507148742676,3.6587043723557144e-05
364,0.5452505153145522,0.022368771408777525,1.4474511018157727,28205.798125,1.7748617310149755e-06,7.017536640167236,2.547515759943053e-05
365,0.7429394372632397,0.022074824428164597,1.428430214472955,32341.88985888672,1.6542499805152887e-06,20.663564682006836,3.104863208136521e-05
366,0.9407332527200555,-0.006477664024752276,-0.419160344503359,45614.43842773438,1.4010588807989839e-06,13.615347862243652,1.6024530850700103e-05
367,0.7090546573076171,0.014539237098667758,0.9408131708909767,64452.69163671875,1.1941662577513869e-06,13.929425239562988,1.8352238839725032e-05
368,0.7659094152999206,-0.017099874734114485,-1.1065083581252613,64862.34437109375,1.2034619188845677e-06,27.548690795898438,2.7702091756509617e-05
369,0.9081000742625858,-0.011753528899203253,-0.7605539904037596,68991.48719824219,1.188769469226259e-06,35.78855895996094,3.806037057074718e-05
370,0.37859319004209063,0.0328338087374573,2.1246286514954478,49162.483642578125,1.3805374125518629e-06,20.442039489746094,6.748442683601752e-05
371,0.607212620127129,-0.03753824793008524,-2.4290461614407004,32636.633348144533,1.6604512814902633e-06,19.159671783447266,5.5901615269249305e-05
372,0.8614945431474965,0.005982085519274181,0.3870921704994437,27894.685826904297,1.7741794267953004e-06,4.085043907165527,9.78233219939284e-06
373,0.623154052253205,-0.01307247863907322,-0.8459013355630594,23977.06630859375,1.905834492081042e-06,7.334920883178711,1.46430984386825e-05
374,0.994250771047033,0.009141055652038732,0.5915045951120415,19498.586682373047,2.120781610500714e-06,38.091800689697266,7.808153168298304e-05
375,0.7289583217966228,-0.007529746141350527,-0.4872390686783152,23407.882812011718,1.9503973018159496e-06,3.3479952812194824,9.43670511333039e-06
376,0.638155358950992,-0.015825811589434836,-1.0240655601347652,28884.851298339843,1.7651277286775493e-06,5.331353187561035,1.8484088286641054e-05
377,0.9515051594100283,0.012255748182424408,0.7930518796068446,46332.24080126953,1.3994417430396147e-06,27.583478927612305,4.011195414932445e-05
378,0.5870882307160622,-0.044184103337128,-2.8590899289610583,64743.853155273435,1.2090540977108595e-06,23.11493492126465,4.64707009086851e-05
379,0.9397814299411072,-0.01668848138380637,-1.0798876847185177,58980.958521484376,1.266042774678201e-06,43.51361846923828,5.139840141055174e-05
380,0.9173723549514786,0.009862629770924143,0.6381966209875705,51266.60120507813,1.3574463122510188e-06,26.322267532348633,3.3215026633115485e-05
381,0.8596199638283342,0.05431948617852427,3.514936009776521,43723.62429589844,1.4507907071448066e-06,101.06513977050781,0.0002135315298801288
382,0.6744979199837436,-0.016701394317198918,-1.0807232621101037,30577.38418408203,1.7065437292497636e-06,14.5581693649292,2.4980190573842265e-05
383,0.9760687624966489,0.003931859327997427,0.2544249754486416,29017.62194970703,1.7333186123798233e-06,10.319331169128418,1.809403875085991e-05
384,0.9655705997951514,0.003656842884441881,0.23662905599614434,22307.624380615234,1.999137514285768e-06,7.33150577545166,1.4523028767143842e-05
385,0.8846464082500485,0.004285833395586211,0.2773301294592255,20456.942158447266,2.075476597970534e-06,4.071106433868408,9.298104487243108e-06
386,0.6973895811751967,0.018859444299929813,1.2203675799939016,21616.16316723633,2.0301759649943202e-06,4.859806537628174,2.387778295087628e-05
387,0.19779552383817772,-0.011119911701862311,-0.7195535307155406,23419.144516723634,1.957480098257513e-06,3.5190982818603516,8.878198968886863e-06
388,0.9955381275467503,0.0004938396947827904,0.03195565805877131,27059.73447949219,1.8288216344734335e-06,3.302710771560669,5.5029049690347165e-06
389,0.7489257805041569,0.013128828284162525,0.8495476402429595,30214.21659033203,1.733070012236486e-06,4.757782936096191,1.8221540813101456e-05
390,0.910505987781949,0.004096011478098141,0.2650470255463717,35192.33838330078,1.581390627059949e-06,6.380005836486816,1.0545770237513352e-05
391,0.949357624258162,-0.00441301001284763,-0.2855595458816229,50790.409921875,1.3362680230628665e-06,10.033181190490723,1.1819432074844372e-05
392,0.0029684829094047314,-0.039850272240611016,-2.578653937144564,43747.867860351565,1.4154763191235086e-06,12.02015209197998,4.8652844270691276e-05
393,0.5156308467544636,0.0795005493424599,5.144366475824773,52546.73105761719,1.3168017822622498e-06,17.675947189331055,9.257869533030316e-05
394,0.578936471073492,-0.03405415555248817,-2.2035955428697616,48726.658310546874,1.4048101835115533e-06,52.06756591796875,7.516322511946782e-05
395,0.875211147632025,0.012332950658139037,0.7980475410356256,51506.15856689453,1.336675323094897e-06,18.762069702148438,2.5067931346711703e-05
396,0.9958233862351039,0.0006481351734904886,0.041939897093598806,37941.44862744141,1.5519246294048585e-06,6.034599781036377,8.731570233067032e-06
397,0.5595227592047698,-0.012450793535082848,-0.8056729845146772,31364.419161132813,1.6735920996108454e-06,5.864716529846191,1.4056706277187914e-05
398,0.9879516190895753,-0.002692667524824226,-0.17423865193154917,32029.118317382814,1.6763679300117397e-06,15.203493118286133,2.0921701434417628e-05
399,0.6784968670852642,0.0072089056795155105,0.4664779427539854,24182.0314699707,1.9198282683613018e-06,4.002866268157959,9.909186701406725e-06
400,0.7657658168120013,-0.004282806678263245,-0.2771342749241708,29385.90757421875,1.7470832337197678e-06,3.846168041229248,5.653620064549614e-06
401,0.7643074990378664,0.007363388315277821,0.4764742924532727,35704.963190429684,1.618182313333129e-06,4.630807876586914,1.0956619917124044e-05
402,0.9820412852206536,0.0006645753530900542,0.04300371752613731,43324.751454589845,1.438403109283485e-06,2.797138214111328,3.5829725675284863e-06
403,0.9926629528986787,0.001021041793835065,0.06607014942745518,48990.67090576172,1.3805882242899485e-06,8.814948081970215,1.02788344520377e-05
404,0.6871009820118897,0.025928313272805693,1.677783948394248,49201.511578125,1.3640128699143396e-06,32.04423522949219,4.8131019866559654e-05
405,0.6380295795148125,-0.0204717412699719,-1.3246970035055519,32479.077737304688,1.6703043566189965e-06,56.673404693603516,5.946590317762457e-05
406,0.953646844165303,0.025915411810596943,1.6769491132865066,58954.30419921875,1.2475340157700133e-06,63.385311126708984,8.170598448486999e-05
407,-0.18095683915265173,-0.01405375967709076,-0.9093986235326643,37017.533653320315,1.5763042168961978e-06,6.216090679168701,9.328839041700121e-06
408,0.7579002417247944,-0.011238108491599574,-0.7272018753836414,32621.692720703126,1.6642866000636744e-06,9.575190544128418,2.3400480131385848e-05
409,0.997038131807246,-0.0005896333917334183,-0.0381543307379415,31501.742600585938,1.6719549642137428e-06,6.659504413604736,9.294200026488397e-06
410,0.8046533334702839,-0.007847470382779203,-0.5077985484514892,36774.744666992185,1.5560763223962605e-06,7.1718950271606445,1.3549405593948904e-05
411,0.4999153355217523,0.009053873570461906,0.5858631677072511,52660.37544970703,1.3248926816113986e-06,10.38943862915039,1.2425451132003218e-05
412,0.9574119664116245,-0.006655450864046555,-0.43066467577494005,39495.30121679688,1.493314316285152e-06,21.582889556884766,3.349644975969568e-05
413,0.9739125295420279,-0.005239495169251397,-0.33904021446235616,53606.985,1.3075866583144047e-06,35.82437515258789,3.737119914148934e-05
414,0.8944016674462913,0.02387144017581929,1.5446866416123513,38776.91218847656,1.5150000646057725e-06,75.84882354736328,0.00013320412836037576
415,0.688445912636751,-0.03524264947831479,-2.2805012794880932,44714.098484375,1.4225694270879221e-06,16.592670440673828,3.890441803378053e-05
416,0.6583486669701208,0.008147540013976374,0.5272156237284696,31160.766736328125,1.69803261589682e-06,5.699534893035889,1.2610213161678985e-05
417,0.9287414114899245,0.00337703784543065,0.21852327340267172,29129.692538574218,1.7456964949085282e-06,6.978115558624268,1.072936356649734e-05
418,0.785943032128405,0.005415867189357115,0.3504529948143123,27103.021417480468,1.795088014922554e-06,6.21034049987793,1.1472015103208832e-05
419,0.6760377751062622,-0.020680534531777216,-1.3382077158879597,31211.551509277342,1.6955485156838123e-06,9.915409088134766,2.7666133973980322e-05
420,0.5835228370952312,-0.03891190877579293,-2.5179337837560043,34407.49627636719,1.6076309018377093e-06,16.03791046142578,4.1426104871788993e-05
421,0.6934582842703231,0.018321505932810744,1.1855583601236526,31257.304787841796,1.7212684820113625e-06,9.903833389282227,1.985105154744815e-05
422,0.7403414102185977,0.014842237656694823,0.9604199022376511,33988.09612280274,1.6461527813311536e-06,7.5107011795043945,1.5519186490564607e-05
423,0.9843080942482455,-0.0019771962778688487,-0.12794153414184828,32427.05453222656,1.695299129107092e-06,6.042191028594971,8.375912329938728e-06
424,0.9538736667971054,0.002619108058728805,0.16947872442801998,38775.39097924805,1.5404678401623145e-06,6.782670497894287,8.734386938158423e-06
425,0.9792698133136412,0.00467085915223677,0.3022445937141831,47002.53854736328,1.3912182964120568e-06,15.33470344543457,2.0009101717732847e-05
426,0.8932268041856009,-0.009524374655368872,-0.616308617808586,37105.67008691406,1.5620702390127637e-06,21.445934295654297,2.625906745379325e-05
427,0.8157256015655295,0.04573803912451387,2.9596428840831277,53035.065544921876,1.3171386071422442e-06,39.27924728393555,7.650026236660779e-05
428,0.9455786916410929,-0.005545683434070494,-0.3588532177416311,38807.71451025391,1.5248367658191328e-06,11.889286994934082,1.4257911061577033e-05
429,0.9130052107469164,0.003231683809352143,0.20911762229066447,32241.64281665039,1.650428641525546e-06,3.886718511581421,8.230374987761024e-06
430,0.9512452430282531,-0.002843121562142541,-0.18397431680599868,33752.194187011715,1.6151467291914153e-06,9.078240394592285,1.2320283531153109e-05
431,0.8491300519506529,-0.00821228128209287,-0.5314049382936584,29386.761122558593,1.7398190124344034e-06,8.58645248413086,1.41116406666697e-05
432,0.7827524486626645,-0.01455079466646551,-0.9415610445196823,35682.1169609375,1.5827141595529333e-06,11.357636451721191,1.7897125871968456e-05
433,0.8058281061247399,-0.004560697117031226,-0.2951161664830853,42574.08297460937,1.450741990161584e-06,4.139064788818359,5.469098596222466e-06
434,0.9371185113499859,0.008608745728700446,0.5570595837628206,48976.46998535156,1.3536822780596986e-06,14.815926551818848,1.877520298876334e-05
435,0.9185173661355156,-0.016568698959360487,-1.0721367359035856,57173.494766601565,1.270610947490462e-06,27.856307983398438,3.309946623630822e-05
436,0.5655835621248032,0.0433315873411984,2.803924842105208,57955.6691640625,1.2703645873500992e-06,15.719334602355957,4.99988418596331e-05
437,0.7585934724163752,-0.008355868056184807,-0.5406962324182876,46949.15736865234,1.3898277513970295e-06,11.645957946777344,1.3405741810856853e-05
438,0.9917086716607856,0.00652552815302635,0.42225756356567073,37657.85527197266,1.5685710294448184e-06,31.613187789916992,4.548651850200258e-05
439,0.41679792158946816,-0.008636554228927526,-0.5588590319112215,32284.668653320314,1.655334316903457e-06,2.163452625274658,7.77170862420462e-06
440,0.3171646759451978,-0.01056790956123611,-0.6838342642411855,29625.54378515625,1.7248192033359962e-06,2.950758695602417,8.341226930497214e-06
441,0.991574585839845,-0.0012016458934291992,-0.0777567815706669,29141.810975097655,1.745400894197776e-06,3.6143600940704346,5.4031006584409624e-06
442,0.9899325122814651,-0.003458675057010499,-0.22380590022606767,32068.56179174805,1.6664903039151155e-06,14.112298011779785,1.919685564644169e-05
443,0.24421405463843415,0.041381673490687845,2.6777487146912615,41701.677437988285,1.4665971336197693e-06,8.277545928955078,2.8799084248021245e-05
444,0.5472315752315309,-0.04625990711459285,-2.9934122129138467,60665.928265625,1.2348727440483764e-06,20.96488380432129,3.23422827932518e-05
445,0.8110563285990313,-0.024239986158117875,-1.5685347233151548,61926.817956054685,1.2401666940207736e-06,24.68170166015625,3.2902677048696205e-05
446,0.9949598479474666,-0.002825823428892814,-0.1828549794238013,53982.90137841797,1.308977207872708e-06,24.41460609436035,2.6962938136421144e-05
447,0.9954125691141792,0.0019813549948576453,0.12821063875101837,54326.97346972656,1.3119361674121917e-06,48.88877868652344,5.36922161700204e-05
448,0.9892760626082636,-0.00458318690930396,-0.2965714486713597,57353.39374707031,1.2774206888650094e-06,47.33063507080078,5.4367887059925124e-05
449,0.8780648858401854,0.006030985318019196,0.39025640631188846,26935.440676269533,1.8090732509878347e-06,7.686539649963379,1.478668946219841e-05
450,0.7537875681132247,0.022465198083056515,1.4536907335496276,36895.533009277344,1.5515449631139247e-06,14.408778190612793,3.311901309643872e-05
451,0.7407032528298626,-0.005514805409117232,-0.3568551450525358,23817.276327148436,1.931978025781694e-06,4.437338829040527,7.7596941991942e-06
452,0.7051317123289107,-0.007774200560450334,-0.5030573633804956,22522.409362304687,1.967893298309643e-06,4.2552385330200195,9.227982445736416e-06
453,0.3989231876448528,-0.0169870941266892,-1.099210486843107,23126.66844580078,1.9546775941171353e-06,3.628460645675659,1.3295609278429765e-05
454,0.9921380156278206,0.0006319259957997771,0.040891024463126965,33507.34786621094,1.662860048220396e-06,2.5462841987609863,3.7744216569990385e-06
455,0.9485887851415621,0.002947010198874526,0.19069680142331855,28801.786771728515,1.7889208052732638e-06,4.73361873626709,7.564533007098362e-06
456,-0.12631057578819158,-0.030985353815741974,-2.0050177857845237,31326.354723632812,1.70097410374171e-06,6.146310806274414,2.177122405555565e-05
457,0.9966234951156834,-0.002032167441360471,-0.13149863925548994,34993.15911816406,1.6129085324254931e-06,14.292716979980469,1.922280171129387e-05
458,0.5634357642461983,0.030608547388203733,1.9806351825228412,48018.79907666016,1.3824173961530287e-06,18.10893440246582,3.398336048121564e-05
459,0.6835492222039793,-0.04733310239670978,-3.062857139735089,54943.460820800785,1.2917645748595177e-06,29.31073760986328,6.407194450730458e-05
460,0.22374028091428305,-0.04052751303696782,-2.6224772173313595,47664.32065527344,1.387401194924912e-06,17.924264907836914,5.817645069328137e-05
461,0.816442954184401,-0.013808780476137343,-0.8935463709497252,38042.667509765626,1.5153128736811455e-06,18.591032028198242,3.601602293201722e-05
462,0.5981421081668868,-0.02430297687756834,-1.5726107623879564,35886.157369628905,1.5751025377242167e-06,12.316496849060059,3.354980799485929e-05
463,0.878225805079732,0.013571632225473935,0.8782008479237382,34854.93625927735,1.586482584497524e-06,14.12911319732666,2.183839023928158e-05
464,0.6538159779548719,-0.019236708040570406,-1.244779775330257,30788.187400390623,1.695909971157961e-06,12.98941421508789,3.090577956754714e-05
465,0.4981539621074518,0.015222066875839428,0.9849981060068999,35504.16181933594,1.585334761374541e-06,4.817038059234619,1.6336578482878394e-05
466,0.9984120832425719,-0.00027064883495922265,-0.017513297767134346,39168.90459814453,1.499628297908793e-06,10.949217796325684,1.4347326214192435e-05
467,0.9685304897503134,-0.012896868188904358,-0.8345378353089713,46144.15773339844,1.3908019710468534e-06,37.329524993896484,4.634274955606088e-05
468,0.4166558222678971,-0.018293889373242608,-1.1837713321798837,41403.79480957031,1.489238460651712e-06,14.547922134399414,2.6456043997313827e-05
469,0.9952449701407157,0.004104450094462146,0.2655930763030569,42764.64211083984,1.4548675505186305e-06,60.285011291503906,7.275350799318403e-05
470,0.9975410255150153,-0.0002699499588019023,-0.017468074493783306,39680.525439941404,1.519153967065117e-06,9.51535701751709,1.2813567082048394e-05
471,0.7129264667117405,-0.005848998937359239,-0.3784803287442865,34962.89127978516,1.6049128324413182e-06,4.703671455383301,9.528574992145877e-06
472,0.573344592200922,-0.016267313016941683,-1.052634484016175,32900.476368652344,1.6340090470116364e-06,13.73852825164795,2.6683666874305345e-05
473,0.9579402096235998,0.008596787966787261,0.5562858141471275,30347.384974609377,1.7088067735038852e-06,19.18333625793457,2.789318205032032e-05
474,0.9798177063504622,0.004072278287400017,0.26351128483009245,35437.59358349609,1.5812780533302797e-06,11.612504959106445,1.621923911443446e-05
475,0.9824948566437907,0.0015533136128305176,0.10051269509932578,43087.87120654297,1.4543087066177818e-06,6.129090309143066,7.498301329178503e-06
476,0.5578284376549807,0.028086424124483596,1.8174322050202687,47893.350169921876,1.3724907519818463e-06,8.652119636535645,2.5558259949320927e-05
477,0.8473516744507086,-0.023025486578231644,-1.4899461981370885,44053.884100585936,1.4391073696319265e-06,24.254854202270508,3.632651350926608e-05
478,0.984342246055943,0.010707251068701974,0.692850853253803,26782.967716308594,1.8326582320694814e-06,76.01370239257812,0.00013244400906842202
479,0.6974255148938147,0.027448233366990368,1.7761357968170122,40004.43960791016,1.4907789489769774e-06,15.391233444213867,4.020548294647597e-05
480,0.9076600486863617,0.004592054841827767,0.2971452798607373,38788.85339135742,1.524609249601212e-06,5.703249931335449,1.0300577741872985e-05
481,0.9845315687787076,0.0015319944498253086,0.09913316265126423,34883.846695800785,1.5922471764620427e-06,8.356724739074707,1.2248442544660065e-05
482,0.8698188078720164,0.004155630799067276,0.26890490626092994,32485.796557128906,1.6435757770573877e-06,6.126852989196777,9.9505723483162e-06
483,0.9990302855749824,0.0002719837466840596,0.01759967798943765,36001.748575683596,1.555436764951881e-06,4.040516376495361,5.825222615385428e-06
484,0.7749211596990172,0.008491047692123648,0.5494435126960927,38205.414641601565,1.5184094187155406e-06,5.620481014251709,9.425273674423806e-06
485,0.9683508934288443,0.004676599251187879,0.30261602728107334,40495.46451416016,1.5000198612968819e-06,12.793614387512207,1.7506959920865484e-05
486,0.7782980693499266,-0.017971516228274205,-1.162911028529178,44844.751592773435,1.433820901925149e-06,14.921079635620117,2.4628170649521053e-05
487,0.9424081039200114,-0.008721503773879905,-0.5643559950744207,40033.85666455078,1.5362989808780472e-06,20.383691787719727,2.9961975087644532e-05
488,0.905871347395508,0.04231631906888768,2.7382282889714005,59746.57203613281,1.2383705342686692e-06,80.79938507080078,0.00010146357089979574
489,0.9972798472325851,-0.001291277612908726,-0.08355672152925461,35266.08674267578,1.5997077279584615e-06,8.702982902526855,1.1399455615901388e-05
490,0.9974714626335127,-0.0009877468123953182,-0.06391567895211264,26660.239527832033,1.8150285719139413e-06,11.606127738952637,1.8071012164000422e-05
491,0.4119525615589157,0.03248525447215123,2.1020742051139227,23736.442602294923,1.917360671291361e-06,8.279454231262207,3.673781975521706e-05
492,0.9122939204503744,-0.003355835686636358,-0.21715131212921404,24179.86270703125,1.914475124080149e-06,4.256932258605957,6.84891574564972e-06
493,0.9120238963907012,0.004831945011384737,0.3126682285240579,26442.476106689453,1.8427779620696365e-06,5.4850945472717285,1.0324783943360671e-05
494,0.9528840435229505,0.0032368850986202228,0.20945419025608208,23114.381627441406,1.9410197264715e-06,4.407035827636719,8.424541192653123e-06
495,0.9641822724924815,0.0014471511604052631,0.09364307513110075,26232.061446777345,1.8345654234174687e-06,2.074049472808838,4.034716312162345e-06
496,0.9273041597514636,0.0064907328436942064,0.4200060090251711,26355.054181640626,1.8500446362101696e-06,9.114116668701172,1.607809645065572e-05
497,0.8379995458235903,-0.010249068823730915,-0.6632025376089149,34667.94946435547,1.6158403176297094e-06,9.407265663146973,1.4573279258911498e-05
498,0.8241194697310907,0.018048506258550895,1.1678929429184992,55964.38274853516,1.2836740828250343e-06,14.931495666503906,2.2638263544649817e-05
499,0.986839203344979,-0.004299851112677979,-0.2782371958187781,58451.60663574219,1.2629880779700493e-06,20.462684631347656,1.9465598597889766e-05
500,0.9890404035175304,0.02233398233556378,1.4451999508055469,37367.7336328125,1.5370713094812715e-06,92.58135223388672,0.0001655464875511825
501,0.041056457318481995,-0.04781605385089999,-3.0941082353682106,41662.896887695315,1.5025286417679087e-06,11.820704460144043,4.3557876779232174e-05
502,0.8347105945141059,-0.008132016441138428,-0.5262111156042736,28725.597436035157,1.7510590642523525e-06,9.65876293182373,1.6346433767466806e-05
503,0.9980832748329397,0.0009327207806876853,0.060355023394941136,25310.70455908203,1.8542124316414587e-06,9.552253723144531,1.571502252772916e-05
504,0.9931643411596446,-0.0016308972719663313,-0.10553302236034677,26470.388580566407,1.8269355231912616e-06,8.636002540588379,1.3948312698630616e-05
505,0.8983294661972571,0.01317981530395984,0.8528469371348294,30731.521521972656,1.6946547820423145e-06,14.080633163452148,2.3360173145192675e-05
506,0.9976895363302198,0.0004745736837045551,0.030708982125919507,33615.63002539062,1.624730420879461e-06,8.93359088897705,1.2076971870556008e-05
507,0.9676639257100167,0.0017227116687994202,0.11147420023864797,32746.934567871092,1.6794100861047516e-06,3.284041404724121,5.3638323151972145e-06
508,0.44779722442992503,0.01823583960972117,1.1800150152756717,45515.60765039062,1.4268074886875315e-06,12.832637786865234,1.7057771401596256e-05
509,0.9799827760738747,0.002431445859415587,0.1573353727793684,42512.80084008789,1.4915711329009417e-06,8.655949592590332,1.0595041203487199e-05
510,0.8039088187503195,-0.06917421740683816,-4.476164353107119,62062.137138671875,1.2119207100224402e-06,37.46796417236328,6.283370021265e-05
511,0.9631773453801454,0.004043751080712214,0.26166533021786087,54461.2920834961,1.2985997024099387e-06,11.708069801330566,1.4774864212085959e-05
512,0.998230494528393,-0.0002721365801985902,-0.017609567626868296,68025.78665820313,1.1797826662641427e-06,27.8765926361084,2.3984250219655223e-05
513,0.9642246968348891,-0.008371789389109563,-0.5417264790269712,42707.039003417965,1.4567015484712073e-06,35.900238037109375,4.9565613153390586e-05
514,0.4351545529808051,0.01561226209857541,1.0102470789947873,34148.620082519534,1.6203007964211633e-06,9.051941871643066,2.7781039534602314e-05
515,0.9914632463590236,-0.003437768675176808,-0.222453078255332,31619.59522705078,1.6730728200149313e-06,19.142581939697266,2.9107841328368522e-05
516,0.9661197055846464,-0.0033295606534389476,-0.215451092431993,34930.15603466797,1.5920360277480187e-06,9.05457878112793,1.2987900845473632e-05
517,0.6375201246188862,0.010790645346707635,0.6982471773244697,38784.34518896484,1.527591732500634e-06,4.913496971130371,1.304632951359963e-05
518,0.7369871933473359,0.006613109516009501,0.4279248278973517,38621.08762548828,1.5320415556824676e-06,6.640629291534424,1.2496218005253468e-05
519,0.7970593570231482,0.008833658033635597,0.571613336297596,50655.79658740234,1.3517347820912156e-06,7.726500988006592,1.4763331819267478e-05
520,0.6153551692280443,-0.007416015317230053,-0.47987971023724313,31990.457557128906,1.6909728829102854e-06,10.511345863342285,1.571361644892022e-05
521,0.7252599315168962,0.02533028744930532,1.639086555438628,51020.939325195315,1.3280273715110663e-06,13.285348892211914,2.529976518417243e-05
522,0.6400309826581712,0.015589041995075575,1.0087445394149013,38406.174938476564,1.5237015653115434e-06,3.8689067363739014,1.928089841385372e-05
523,0.9878686999277186,-0.0018825377561104567,-0.12181631702055067,30612.103671875,1.692362374624693e-06,7.390350341796875,1.0215120710199699e-05
524,0.8125792550304907,0.004907539518875809,0.317559840636301,29618.690252197266,1.738631239539263e-06,4.10849142074585,7.720097528363112e-06
525,0.9916887765853254,-0.0021463149930779344,-0.1388849635414175,34976.91937280273,1.5837608188778041e-06,10.350595474243164,1.4542579265253153e-05
526,0.969708975625141,-0.0027843377353118097,-0.18017049971831983,40817.67895019531,1.4700658594302619e-06,7.456818580627441,1.0013759492721874e-05
527,0.6975983278042049,0.019490254191617637,1.2611863829613967,38641.57066064453,1.5269079693504914e-06,9.037205696105957,2.9094606361468323e-05
528,0.889756997469533,0.01435302570876449,0.9287636990375352,66555.71103125,1.1985339029322694e-06,13.308762550354004,3.006241786351893e-05
529,0.8841782912408488,-0.006762350060282031,-0.43758196937800065,39991.77051464844,1.520932171755371e-06,21.512975692749023,3.0949158826842904e-05
530,0.9976054917455386,-0.0006414190256288181,-0.04150530480219931,48796.76484521484,1.3734760489314525e-06,17.15517234802246,1.9637835066532716e-05
531,0.7736960919900558,-0.005172479123177701,-0.3347037022795438,29572.58234375,1.7375346879120182e-06,5.028811454772949,8.09177799965255e-06
532,0.6090183746950807,-0.016887813118057704,-1.0927861552288707,29356.68858203125,1.737973406481638e-06,8.200778007507324,2.471382322255522e-05
533,0.9988972101328019,-0.0007496240538713809,-0.04850709692075285,30861.06333203125,1.7118353016210398e-06,13.421670913696289,1.9455970686976798e-05
534,0.9409129912483638,0.011273920934800782,0.7295192471973639,39351.004120117184,1.488053919365523e-06,21.379016876220703,2.7067608243669383e-05
535,0.9014583016097103,-0.006525444373160491,-0.42225214229076335,39773.06425097656,1.5066080219704368e-06,8.823556900024414,1.3241590750112664e-05
536,0.7975728699727845,-0.006183196124555317,-0.40010574920170494,34815.69407080078,1.5920695256461522e-06,5.6069440841674805,1.0585791642370168e-05
537,0.867091049931981,0.012805617177381476,0.8286331132857147,46511.82804492187,1.3943093626090087e-06,12.655259132385254,1.7613563613849692e-05
538,0.4854381156553363,-0.06496539656101712,-4.203817595241003,42502.92182470703,1.4936402037300327e-06,34.55956268310547,7.647863822057843e-05
539,0.8476264241999738,0.026335064153918602,1.704104214280661,67560.91475634766,1.189148575517765e-06,40.79792785644531,5.001783210900612e-05
540,0.9660639190172714,-0.010803163519673415,-0.6990572103352647,41350.72706884766,1.4752307164833821e-06,30.610506057739258,4.106651613255963e-05
541,0.8827195495718302,0.0088519552811862,0.5727973249326143,34162.453017578126,1.6192627704533424e-06,14.696954727172852,2.5377090423717164e-05
542,0.9089015739731057,-0.003950494019416669,-0.25563079959221513,39256.3774897461,1.4983000169124112e-06,9.75005054473877,1.4232728972274344e-05
543,0.8623979286819937,0.013872972292103191,0.8977001312546322,31735.50442626953,1.6647191522680948e-06,15.630537986755371,2.6787696697283536e-05
544,0.8769020785701863,0.007172568224309036,0.46412659816672047,38914.20775683594,1.4980983591025945e-06,6.588339805603027,1.3544593457481824e-05
545,0.8331612347533899,0.010193852353831691,0.6596295590696177,44035.54314648437,1.4370336523513855e-06,9.378437042236328,1.6952275473158807e-05
546,0.69262363337864,0.0070369192685043385,0.45534894887380406,40795.7832890625,1.4932181925660883e-06,5.256946086883545,8.11335939943092e-06
547,0.8317685930023659,0.007402742864108407,0.47902086883984807,44108.3262163086,1.4367183135935532e-06,3.6438448429107666,8.569555575377308e-06
548,0.9878736450037288,-0.007896018457984344,-0.5109400247383425,60375.48541113281,1.2361781096183548e-06,28.13033676147461,2.970319110318087e-05
549,0.6539369288862306,-0.03309875139368405,-2.1417727106243687,31489.30323095703,1.717648909773471e-06,22.572826385498047,5.721236448152922e-05
550,0.9184310792629433,0.030601046298406372,1.9801497977650646,49178.38259179687,1.3490131014208046e-06,58.40184783935547,6.0293827118584886e-05
551,0.5939763352425026,-0.019088343821984245,-1.235179339627369,37473.72556884766,1.5513298162147822e-06,9.479004859924316,1.7545331502333283e-05
552,0.6933792745392207,-0.01103325094873445,-0.7139458377266497,29705.388849121093,1.7174905477316598e-06,7.517239570617676,1.708951822365634e-05
553,0.6748637282968718,-0.008943856213861573,-0.578744102421103,26804.8369921875,1.8061942612350775e-06,6.217816352844238,1.094875915441662e-05
554,0.7198352683370097,-0.013822929783893578,-0.8944619523523611,27115.72681689453,1.79957935950321e-06,8.179288864135742,1.694559796305839e-05
555,0.9983067422942179,6.924303911405217e-05,0.004480617707031452,30480.750884765625,1.716941525126281e-06,8.702301025390625,1.2641928151424509e-05
556,0.5669054476486153,-0.017534739136368303,-1.1346478096257469,29184.551625488282,1.746578236017226e-06,6.684755802154541,1.9203604097128846e-05
557,0.2779006483337056,-0.02078640054868968,-1.3450581539394952,41347.31425830078,1.502862283268489e-06,5.191658973693848,1.976670500880573e-05
558,0.5310999169126073,-0.06139620400966194,-3.972860266532978,57120.024693847656,1.279461894446814e-06,25.940509796142578,6.317086081253365e-05
559,0.8917177606599977,-0.0075145100288184245,-0.486253161698045,37923.601232421875,1.5537882193228953e-06,11.121317863464355,1.7466245481045917e-05
560,0.9344086949591357,-0.005576249764834017,-0.3608311211469459,46104.43904345703,1.4239100366318421e-06,12.053778648376465,1.536021227366291e-05
561,0.7916369565191496,-0.0236800477269447,-1.5323019108669673,56163.056557128904,1.2833283042895786e-06,27.828845977783203,3.9554219256388023e-05
562,0.8870304514200001,-0.021069385270089343,-1.3633696892179255,41340.82440136719,1.4878964911527e-06,22.214359283447266,3.5360510082682595e-05
563,0.8535735321492602,-0.037016373178228514,-2.395276395065045,44470.907197021486,1.4242289104317409e-06,27.097721099853516,4.9033107643481344e-05
564,0.9373036820353406,-0.01146935464828316,-0.7421654823768704,55823.944660644534,1.289238915383995e-06,20.278059005737305,2.4450871933368035e-05
565,0.9753586414675427,-0.0030221070566241693,-0.19555621133485124,43549.01897265625,1.43622575734508e-06,17.252897262573242,2.0489773305598646e-05
566,0.9272892097704675,0.03915156605994268,2.533441662738781,37435.00363476563,1.5246774242884472e-06,39.77347183227539,0.00014465782442130148
567,0.8992201569874525,0.0080301131874661,0.5196171022759979,39428.64411035156,1.4947295845706855e-06,12.802945137023926,1.860889096860774e-05
568,0.9778151055017472,0.0031541925562789275,0.20410327449336446,34445.22139599609,1.6300529525087632e-06,10.217434883117676,1.4008915059093852e-05
569,0.9983794386459699,-0.0008871701505870701,-0.05740750747988885,37360.332651367185,1.551697886793504e-06,9.16466236114502,1.2070677257725038e-05
570,0.7778217845005848,0.008621300409467987,0.5578719791410839,34695.52979492187,1.6089208990931593e-06,9.113686561584473,1.297883045481285e-05
571,0.902084377709297,0.006931504493508804,0.44852771003924397,49085.731977539064,1.3552523030780514e-06,11.27690315246582,1.6189662346732803e-05
572,0.7602791471750545,0.019770940527304492,1.279349192998212,63104.54394921875,1.2235495586668163e-06,22.21302032470703,2.6088628146681003e-05
573,0.9563134010304942,-0.007483693870714701,-0.48425909232401304,36558.81986914062,1.567486236840985e-06,38.2425537109375,5.319176852935925e-05
574,0.8795792932983433,-0.008096529589702377,-0.5239148123664957,36799.061081054686,1.565910935211019e-06,8.14744758605957,1.2544583114504348e-05
575,0.10649596640002063,-0.008776608126180672,-0.5679217186447947,29640.191255371094,1.7180270387263118e-06,2.762296199798584,7.0858786784810945e-06
576,0.49722157798987987,0.009060796324205827,0.5863111291688405,25089.401037353517,1.8762587413924432e-06,2.8050355911254883,9.803753528103698e-06
577,0.8845484403648434,0.004796948068620906,0.3104036265735095,22396.97803588867,1.9804624684971513e-06,4.212944507598877,8.77206457516877e-06
578,0.7460379387823508,0.01079447878777945,0.6984952337957772,25197.350704345703,1.8861112403723505e-06,5.373193740844727,1.2894678548036609e-05
579,0.5054724643632166,-0.022134001149718457,-1.4322594552144188,25558.757318603515,1.8666959984976022e-06,8.51223373413086,1.7177282643388025e-05
580,0.6673226262296336,0.00879890458765092,0.5693644906742429,28268.863927001952,1.7774462658566615e-06,3.282254934310913,8.099441402009688e-06
581,0.7690356025522412,0.012302488987403689,0.7960764100305615,24611.8122565918,1.930886430699932e-06,4.638205528259277,1.7674390619504265e-05
582,0.6983929247647706,-0.011223247529709844,-0.7262402438631508,30005.55880859375,1.7595609335026945e-06,6.888660430908203,1.5112578694242984e-05
583,0.893840096387817,0.009799952840898634,0.6341408867782139,42710.97308056641,1.4725337915622155e-06,16.453964233398438,1.98679535969859e-05
584,0.8926823003980078,-0.012664742715535564,-0.8195173289947386,57081.05765722656,1.2628325575189596e-06,18.407365798950195,2.4835810108925216e-05
585,0.9901625692438583,-0.0019952975386226678,-0.12911284075246027,49292.54082617188,1.348682219616339e-06,27.925907135009766,3.327813828946091e-05
586,0.6282042554523095,0.040548210370236974,2.6238165120694394,51248.70391796875,1.3271326860836754e-06,17.573148727416992,7.804604683769867e-05
587,0.7962480264825821,-0.0037937912590088655,-0.24549078881268502,31826.52858251953,1.666260817400782e-06,5.077373027801514,8.599734428571537e-06
588,0.9985388440750012,0.0008840362740123813,0.0572047188234136,34498.375403320315,1.5852138444285812e-06,15.075325965881348,2.2776272089686245e-05
589,0.4756947396277342,-0.010587236048813129,-0.6850848535214983,23910.656647949218,1.915247588015489e-06,5.004364490509033,1.1700630238919985e-05
590,0.9985557484183856,-0.00010585475086997809,-0.006849709042091622,23208.111832763672,1.979369021809887e-06,4.226104736328125,7.057417860778514e-06
591,0.6612659202481733,-0.01030790489324502,-0.667009735245674,22023.086782348633,2.015989202863704e-06,4.274104595184326,1.127538507716963e-05
592,0.8785693219032824,-0.005673775992648759,-0.36714190341239433,29199.74664501953,1.7631380414388759e-06,5.63281774520874,9.50279900280293e-06
593,0.9826621834697014,0.0020749800258868523,0.13426898017014452,29837.85663232422,1.7422109982713153e-06,7.235809326171875,1.0763568752736319e-05
594,0.48339789083616175,-0.0476348281892066,-3.0823813828334106,37735.72788623047,1.5419815711436991e-06,21.702478408813477,4.547899152385071e-05
595,0.47132263633997373,0.01562148729418904,1.0108440281660847,57655.41459179688,1.266566459034817e-06,11.95080280303955,1.9448585589998402e-05
596,0.9229601186041175,0.006783863376304902,0.43897406518925275,54700.54110742187,1.3051593568474306e-06,15.263327598571777,1.6839328964124434e-05
597,0.8633131515455266,0.02334453074633494,1.5105910884714677,62501.6858203125,1.225012301666388e-06,29.52579689025879,3.479338556644507e-05
598,0.9054361022785302,0.028649110879594687,1.8538428575670194,44042.624190917966,1.4716435699720461e-06,79.03551483154297,0.00010643577843438834
599,0.8905522173068928,0.005848475850217536,0.3784464805259036,33762.285991210934,1.6339555554871775e-06,5.049678325653076,1.1550223462108988e-05
600,0.9649294893378858,-0.0023511122216914506,-0.1521370983497302,28912.103678955078,1.7510086494179942e-06,6.393884181976318,9.374903129355516e-06
601,0.47024956966241094,-0.0064084708263721125,-0.4146829519187031,25981.20648876953,1.85138379240365e-06,2.3402655124664307,8.389833965338767e-06
602,0.9636400958291792,-0.003954994504525217,-0.255922019526025,28140.692951416015,1.7854240536320736e-06,7.793582916259766,1.2044604773109313e-05
603,0.9855776720385119,-0.0031967544353104,-0.2068573926151707,29941.67543359375,1.7184523506951054e-06,10.691864013671875,1.49686929944437e-05
604,0.4897086645207429,-0.022740128647285644,-1.4714810958741373,28920.55277709961,1.7468291236198138e-06,7.562509536743164,1.8114162230631337e-05
605,0.9859704327479968,0.0017076858570190198,0.11050190151826843,30928.395636230467,1.7253705923918661e-06,5.193924903869629,8.163045094988775e-06
606,0.8076796832829265,-0.00684247621355981,-0.44276681778682603,31820.890633789062,1.6957735212527946e-06,5.146195888519287,8.097240424831398e-06
607,0.9895106703986966,-0.003022812187862306,-0.19560183936550676,38901.20915234375,1.5369344920406904e-06,11.498364448547363,1.52427837747382e-05
608,0.9277400002931253,0.009208761623250124,0.5958857513605685,53664.91881445312,1.312798060519238e-06,14.345712661743164,1.6066103853518143e-05
609,0.9748510331426874,0.006786990507379555,0.4391764173540995,46347.08398388672,1.4258564964492118e-06,28.80341911315918,3.4174030588474125e-05
610,0.9826200922358956,-0.005430440017265504,-0.3513959815983022,56818.03272070312,1.2766080898510475e-06,39.61971664428711,3.905409903381951e-05
611,0.5702595063315972,0.05968560567518184,3.8621699027771994,46894.65262939453,1.3913577668570602e-06,22.138957977294922,8.245548815466464e-05
612,0.8257152816789428,0.003128024083597002,0.2024099501742011,36253.115190429686,1.5602024105728416e-06,2.8296351432800293,5.744318968936568e-06
613,0.5018036222459147,-0.032897069214213905,-2.128722146176466,34423.14005761719,1.5991702812204602e-06,7.734738826751709,3.2880598155315965e-05
614,0.5690816975429613,-0.013235050043288872,-0.8564210978627155,23674.4676328125,1.9399657585650173e-06,4.283570766448975,1.3084873899060767e-05
615,0.9433070935752237,-0.0038824194049079143,-0.2512257889648672,25213.483228759767,1.9016315845762794e-06,5.143190383911133,9.920589036482852e-06
616,0.9680180826213699,0.0023497529393859177,0.1520491411421184,26780.419298339842,1.8191109104505568e-06,4.308133125305176,6.901194410602329e-06
617,0.7870886243166817,0.005332715729267236,0.34507238314256644,35526.30419970703,1.6169077080227783e-06,3.4844810962677,7.3856849667208735e-06
618,0.9841447231930929,-0.004001220212933938,-0.25891321878975226,34329.198967285156,1.638655433806007e-06,11.327535629272461,1.5133766282815486e-05
619,0.6389544301322224,0.029142314713982112,1.885757370011977,51256.46431298828,1.3326316967198638e-06,10.008268356323242,3.274366463301703e-05
620,0.573725740933786,-0.051240027002842754,-3.3156686251097067,72872.42433984375,1.1350748348788714e-06,40.990474700927734,5.807573688798584e-05
621,0.2562409924407083,-0.023145693382534364,-1.4977246079636315,61151.14672216797,1.242434950027215e-06,16.118772506713867,2.0675315681728534e-05
622,0.9959443055097013,0.01328698067186537,0.8597814543247401,44344.04759423828,1.4341082874557262e-06,158.7262420654297,0.00020780311024282128
623,0.9835776975151237,0.0024165672267967885,0.1563725978113547,29022.48075878906,1.7255877977022144e-06,9.239188194274902,1.5753948900965042e-05
624,0.694986706453779,-0.013360803912452415,-0.8645584502971431,28307.679828125,1.7549880950073976e-06,9.9591646194458,1.9169789084116928e-05
625,0.8390654978463931,-0.009745529905856304,-0.6306192567408953,27555.804528320314,1.7751168383628887e-06,9.509201049804688,1.599593997525517e-05
626,0.9981799218515048,0.0003687678819889273,0.02386244051337073,25251.81896948242,1.8783040772166231e-06,7.507200241088867,1.1833442840725183e-05
627,0.8105280373016347,0.011064493937932931,0.7159675267283806,24217.909063232422,1.9375796205570335e-06,8.4210844039917,1.743022039590869e-05
628,0.96669773411129,0.0014371062865496814,0.09299308575688965,24170.815756347656,1.924711865686567e-06,2.507312297821045,4.782070845976705e-06
629,0.5872159695680447,-0.009866875123598124,-0.6384713316676187,35119.45821679688,1.6105962410993325e-06,3.8863744735717773,9.644195415603463e-06
630,0.41261533587792987,-0.014608434325456492,-0.9452908241481711,46688.22365576172,1.4025706840619809e-06,5.576976299285889,1.2883812814834528e-05
631,0.9934590555760596,-0.0029221874088948565,-0.1890905543009524,65483.480772460935,1.1880939770223229e-06,24.214344024658203,2.3719690943835303e-05
632,0.6950689511341356,-0.035710446958401296,-2.3107717832007895,39414.201475585935,1.5187614319495044e-06,28.584802627563477,7.584375998703763e-05
633,0.6148337568772893,-0.06035172219599201,-3.905273347055146,58341.08181933594,1.251530402314962e-06,23.734893798828125,5.196878555580042e-05
634,0.2221794705083287,0.027816299730165837,1.7999528430545446,33289.272465820315,1.6495612928963563e-06,11.119668006896973,2.214457344962284e-05
635,0.6372323280396782,0.0412378663115295,2.6684431584710366,30116.446192871095,1.7118935773319678e-06,36.47722625732422,9.021440928336233e-05
636,0.37373646806298355,-0.025960409333309977,-1.67986083841614,26078.969935546877,1.8270088215865707e-06,9.00388240814209,2.6077706934302114e-05
637,0.8615406851601887,-0.006335325523924515,-0.4099498243505578,29800.294005615233,1.7470850517808458e-06,7.775541305541992,1.290534964937251e-05
638,0.8767830967175312,0.027108628476949243,1.7541604516677847,28370.353737792968,1.7772574421052056e-06,28.0654296875,4.739478026749566e-05
639,0.8915084760507003,0.01174276961649834,0.7598577726579847,38199.96575244141,1.5235951352628804e-06,13.940747261047363,1.913072082970757e-05
640,0.890709577125076,0.010021928138531032,0.6485045897846214,34822.25413818359,1.636010373429377e-06,10.151686668395996,1.7138079783762805e-05
641,0.9351888145829927,0.0028722110446653838,0.18585665548072883,40869.634179199216,1.5051162641492154e-06,4.0747833251953125,5.597680228675017e-06
642,0.980718437402867,-0.006239601425091459,-0.4037556552657122,52434.22249707031,1.326364899535461e-06,24.79486083984375,2.6851779693970457e-05
643,0.653358306641871,-0.03779582067373197,-2.445713324101358,26900.393334960936,1.844494892618604e-06,34.649444580078125,9.431731450604275e-05
644,0.8437961112484119,-0.010317008331172219,-0.6675988056517878,57116.86582373047,1.2728758671619592e-06,11.902337074279785,1.2993673408345785e-05
645,0.959048719114186,0.004722461855159176,0.30558373057765875,35059.57005273437,1.5856766089877418e-06,9.273123741149902,1.306130889133783e-05
646,0.47671655592426665,0.008526436385161972,0.5517334642447969,27041.81021582031,1.8070706341643663e-06,3.983773708343506,1.3756617590843234e-05
647,0.9993093676174826,-0.0004689907609279569,-0.030347719203756136,30108.052020996092,1.7159879469416015e-06,11.727470397949219,1.7377216863678768e-05
648,0.9989580672692332,0.0007387589421578973,0.04780403113168308,29193.14461621094,1.7524056126509422e-06,13.407177925109863,2.0166269678156823e-05
649,0.9328949709439737,0.005591544561686059,0.3618208255053555,32684.5256640625,1.6673368705254942e-06,8.507979393005371,1.266722483705962e-05
650,0.8951756316971038,-0.004921838114291876,-0.31848508222919786,28507.59840625,1.7770842882634561e-06,5.444454669952393,8.81425785337342e-06
651,0.9296634394450624,-0.00558113461556389,-0.361147212828601,41375.06163183594,1.4764157538176164e-06,6.646113872528076,9.818652870308142e-06
652,0.962118100382798,0.011281147607480923,0.7299868748172353,50184.415610839846,1.3687303579492317e-06,27.092273712158203,3.1550916901323944e-05
653,0.8665647305931548,0.01606347957066418,1.0394447141799337,28946.486424316405,1.7991653641672016e-06,11.128762245178223,4.516455010161735e-05
654,0.9115978760264873,-0.023951499003376484,-1.5498671334704004,52925.8434609375,1.3018181757524227e-06,61.59769821166992,6.526878860313445e-05
655,0.876368339174493,-0.011241478702192827,-0.7274199568753518,33407.12881445313,1.6424060826786131e-06,11.103931427001953,1.9866223738063127e-05
656,0.8285379715769046,-0.006077248685834433,-0.39325004246177525,25843.062791748045,1.8571904614653923e-06,7.2169952392578125,1.1581159924389794e-05
657,0.7464455550731606,-0.007344183801175162,-0.47523159590147096,28357.474540771484,1.7692565014439401e-06,5.138895034790039,1.0761607882159296e-05
658,0.9971754213332866,0.0020865478828775283,0.1350175195977606,30059.86351879883,1.722676132811871e-06,19.34849739074707,2.816240885294974e-05
659,0.996796812080967,0.001712767616184626,0.11083073486226391,31450.827189208983,1.6951836253472986e-06,16.505830764770508,2.2765985704609193e-05
660,0.9443829846270548,0.006876337075431978,0.44495790557299164,28335.4310390625,1.795628436578241e-06,9.837692260742188,1.6444198990939185e-05
661,0.844772759469399,-0.01308445518847838,-0.8466763208904003,31674.33927685547,1.6882664808366061e-06,9.252360343933105,1.6921829228522256e-05
662,0.9595498331378074,0.0050496497019927224,0.3267555866776371,29988.442800292967,1.7280925188169349e-06,7.4093146324157715,1.2319838788243942e-05
663,0.965297136252743,0.004084193859585346,0.26428232440903193,34991.374525146486,1.6304980726647888e-06,9.66616439819336,1.3896386008127593e-05
664,0.9208259001956318,0.009176336092621884,0.5937875417996987,47006.677279541014,1.4071964201357554e-06,14.742353439331055,1.7232569007319398e-05
665,0.5415501775064129,-0.0652379578049573,-4.221454642249257,55744.90175292969,1.3092240241230438e-06,30.94365692138672,7.206507143564522e-05
666,0.9089097156892124,-0.016002075650845736,-1.0354713546344851,45220.952682128904,1.421313263620229e-06,25.69951820373535,3.710687451530248e-05
667,0.9328985100747837,-0.048317975749065475,-3.1265868812110496,60158.81840820312,1.2319252706368993e-06,119.54312896728516,0.00013522087829187512
668,0.5941382635276743,0.035453865649986635,2.2941687748914275,41745.61558642578,1.4710404456838324e-06,32.36384201049805,8.216720743803307e-05
669,0.7746930202637738,0.00779011965594983,0.5040874652086009,41869.543006835935,1.4601722786418863e-06,9.082132339477539,1.4549847946909722e-05
670,0.3042179507650083,-0.0394370992221985,-2.551918103968358,33919.772993164064,1.612526586355147e-06,14.172837257385254,4.971446833224036e-05
671,0.5392864681350509,-0.036596781468638935,-2.368125217592693,48279.88763671875,1.3509693064524737e-06,18.93518829345703,4.5436354412231594e-05
672,0.9247945509583874,-0.008183537868416427,-0.5295449932374185,52005.640264648435,1.3085944637953902e-06,22.74976348876953,2.6142737624468282e-05
673,0.7714639150004684,-0.023154454105788196,-1.498291501794979,57926.513934570314,1.2426689966825486e-06,22.144309997558594,4.137199357501231e-05
674,0.7438926543348856,-0.018681370968991255,-1.2088447102590942,89894.1138671875,1.0045495282782077e-06,26.10174560546875,3.250906593166292e-05
675,0.19403966733121505,-0.03727874993928064,-2.412254418798916,71178.76650878906,1.1349133908055245e-06,43.145843505859375,7.091520092217252e-05
676,0.7514519636861565,-0.021038436822780494,-1.3613670595992462,48518.29691455078,1.3704039110789417e-06,19.51451301574707,3.2472478778799996e-05
677,0.8074883242162542,-0.007322844104293521,-0.4738507347357288,32704.43510986328,1.6449007709713445e-06,9.476797103881836,1.6393150872318074e-05
678,0.6865196082028682,0.011750751122181949,0.760374244438431,37218.5586352539,1.5411500566984499e-06,10.053378105163574,1.9128456187900156e-05
679,0.821974244340671,-0.006223298687457159,-0.4027007285055361,34645.0497890625,1.5924536369386795e-06,6.897752285003662,1.0963292879750952e-05
680,0.9996583101986807,-0.0002881980924174017,-0.01864888503653271,35633.97494433594,1.577169931843326e-06,17.622461318969727,2.35731786233373e-05
681,0.5809282996923858,0.025739861957092842,1.6655895341556475,52455.95313085937,1.3031678396127955e-06,18.539194107055664,3.217181074433029e-05
682,0.9604591409122706,-0.003191506942266452,-0.20651783486971254,26611.640896240235,1.8290285175836211e-06,4.907700061798096,7.918885785329621e-06
683,0.9983332742591661,-0.0008758372830061787,-0.05667417387980313,31613.253077148438,1.6829146126786772e-06,8.813910484313965,1.2161003724031616e-05
684,0.3942867422181421,0.03326321664254763,2.1524150208937916,48089.68654785156,1.389215753387625e-06,7.716445446014404,3.0003682695678435e-05
685,0.7346001966911667,-0.03894442802466952,-2.5200380576902517,53735.20917480469,1.3189192830863204e-06,36.50853729248047,4.25190337409731e-05
686,0.9557940838056215,-0.008902026075981775,-0.5760373342192757,44910.310963378906,1.4486775476489481e-06,24.196352005004883,2.814112121996004e-05
687,0.36137765111724723,-0.020608878396141755,-1.3335709501674824,35531.75538378906,1.5925664308075252e-06,21.95197868347168,2.9330640245461836e-05
688,0.628308612482816,-0.016537848654966974,-1.0701404569721364,28263.562682861328,1.76803309175371e-06,7.301203727722168,2.086778658849653e-05
689,0.7582344903366897,-0.019723951827734388,-1.2763086216712167,30648.163169433592,1.7002903365887175e-06,18.473546981811523,3.2227966585196555e-05
690,0.9300415960960957,0.007043860579124622,0.4557981111242364,34232.48271582031,1.6042344583830032e-06,15.672828674316406,2.1589417883660644e-05
691,0.9559704545331403,0.00630103439926665,0.4077308948768965,44498.94599560547,1.4216460933927974e-06,13.456579208374023,1.7642534658079967e-05
692,0.8479769342667646,-0.01502109279074806,-0.9719933613302312,31331.831148681642,1.6912486340540346e-06,13.069820404052734,2.2062549760448746e-05
693,0.9826684474741725,0.0034124439924122433,0.220814354371001,32480.013757324217,1.6844909362242413e-06,11.00841999053955,1.640730806684587e-05
694,0.8631387653772239,-0.014482859723057538,-0.9371650718088577,37743.15120654297,1.5665342648653159e-06,12.954005241394043,2.134481110260822e-05
695,0.9742918865223584,0.006416450946943961,0.41519933407055487,52936.05801123047,1.3215947175966714e-06,19.07931137084961,2.0825213141506538e-05
696,0.8233728022202313,-0.03182320794795768,-2.0592341244771633,54651.09190869141,1.300057197256981e-06,28.1495361328125,4.147605432081036e-05
697,0.9865516458084193,0.009626834980225322,0.622938678413867,51005.028234375,1.3386529144839382e-06,54.73333740234375,5.8917088608723134e-05
698,0.5650570233839259,0.05781424110678977,3.7410765867019498,47700.78230273438,1.3755764773670203e-06,45.60063552856445,7.929798448458314e-05
699,0.9883551699247575,0.000870504316355336,0.056329085259885454,38368.76872705078,1.5427296249496145e-06,5.90503454208374,8.03967395768268e-06
700,0.7576355401369997,-0.014707179650632778,-0.9516804924546515,35749.64129248047,1.5745583198036924e-06,16.651161193847656,3.1872685212874785e-05
701,0.3641048002355203,-0.010781459742907586,-0.6976527900826202,26764.201028808595,1.8337296189319022e-06,2.4234085083007812,1.0153543371416163e-05
702,0.7926206934864845,0.005648444145099091,0.36550271590509975,29168.453743896484,1.7496548535369244e-06,3.90596604347229,7.44833960197866e-06
703,0.9980614259195251,-0.00042361230128999504,-0.027411344192301713,31284.024513427736,1.673167235340861e-06,5.31856107711792,7.825169632269535e-06
704,0.6247930790385329,-0.034233970225708676,-2.2152310923650522,39520.44866748047,1.5141300430566354e-06,20.973682403564453,3.817469405476004e-05
705,0.7191005516295627,-0.021598052754081082,-1.3975790035434201,51870.95827197265,1.3158031201504293e-06,17.144866943359375,2.411935565760359e-05
706,0.8814413648032384,-0.043279459246070115,-2.800551707865954,49320.78868847656,1.37024130130465e-06,27.11963653564453,6.179726915434003e-05
707,0.9392667699230445,-0.010339469287944018,-0.6690522219361716,61831.524063476565,1.2235140033126533e-06,19.998123168945312,2.5164375983877108e-05
708,0.8314271394942205,0.020351026037604948,1.3168856940284956,58543.36352636719,1.2600798780813498e-06,34.422462463378906,4.3865711631951854e-05
709,0.7254527869620572,-0.05742167747617487,-3.715674357438551,56405.475689453124,1.2780827833599179e-06,34.958534240722656,8.017017535166815e-05
710,0.9271649154434047,0.01008765602781779,0.6527577471900752,39348.74959472656,1.5074198780424027e-06,42.40485382080078,6.14155360381119e-05
711,0.9284154189828127,-0.023884568809659487,-1.545536176670404,31522.521138671877,1.6698567819626272e-06,32.675228118896484,5.190897354623303e-05
712,0.7913791763070047,-0.008914446758844275,-0.5768410587853722,27758.4329921875,1.7779511964888138e-06,7.1023478507995605,1.3181904250814114e-05
713,0.8060054673944826,-0.01063571672963658,-0.688221968814614,28300.71034765625,1.7547278705278193e-06,7.064486980438232,1.3494156519300304e-05
714,0.9161844026408436,-0.003338884953714035,-0.2160544545237322,26454.150967773436,1.8530118381996055e-06,4.859781265258789,7.537000328738941e-06
715,0.6321770163285467,-0.011490850383914999,-0.7435564405862439,30313.522498779297,1.7249724357351194e-06,6.089968204498291,9.932931789080612e-06
716,0.8902853326765338,-0.007863657425575902,-0.50884598876473,34922.514872070315,1.6162910366542633e-06,7.51397180557251,1.136010541813448e-05
717,0.9953878234972472,0.0015927933275501985,0.10306737079098896,32426.032267089842,1.66361905107944e-06,15.11972713470459,2.1842921341885813e-05
718,0.854986328097474,0.02433350600951124,1.5745862587109631,48228.18933154297,1.3630102081172146e-06,29.651975631713867,3.4207103453809395e-05
719,0.9087871776866906,-0.03116559809586868,-2.0166811345262885,69031.39498730468,1.1603354714817307e-06,62.21085739135742,6.450353976106271e-05
720,0.9183096051294174,-0.01693083491767557,-1.095570034151901,71204.70002539063,1.1294350765798314e-06,40.5545539855957,3.90080786019098e-05
721,0.7982508812196673,0.03995187952030724,2.5852287984215274,43941.905308105466,1.43544684907301e-06,58.40578079223633,0.00011464449926279485
722,0.9189587096779308,-0.0064834092342250646,-0.4195321087647742,38905.65124023437,1.5089279791082496e-06,12.681488037109375,1.8475348042557016e-05
723,0.3486607483379947,-0.011355574301593023,-0.7348029194013734,33737.836172363284,1.620548081981839e-06,6.016693115234375,1.538599462946877e-05
724,0.8543952644510691,-0.01294714605724982,-0.8377912440279245,32157.01820410156,1.646588772360315e-06,12.0465726852417,2.0523977582342923e-05
725,0.9244247961911954,-0.008049632866880175,-0.5208801927228836,35090.06741821289,1.5988223476795414e-06,11.862222671508789,1.6598361980868503e-05
726,0.9978409053061917,-0.0014358291421829562,-0.09291044357744171,34491.623998046874,1.6131200366280153e-06,9.319647789001465,1.327802601736039e-05
727,0.7703025069105138,0.007983742135851074,0.5166164980619379,35389.01137597656,1.5882106372812745e-06,5.586826801300049,9.436208529223222e-06
728,0.6897799324234459,0.01260528256852092,0.8156697481983831,39091.28583398437,1.5319718552078045e-06,2.2831177711486816,1.090318437491078e-05
729,0.8581256727166141,-0.008199717046559663,-0.5305919246402185,60540.74309814453,1.2521891267608804e-06,9.777121543884277,1.0909318916674238e-05
730,0.6066312556466031,0.01949929937061377,1.2617716835156745,71219.61301953124,1.159128442035547e-06,11.648550033569336,1.9617024008766748e-05
731,0.9917508779798804,-0.004099435866670092,-0.26526861281734593,42361.174921875,1.5055776636653516e-06,35.13621520996094,4.727721170638688e-05
732,0.41597024520151676,0.03489239012923366,2.2578364995820395,47512.328791992186,1.390050193445192e-06,10.571198463439941,3.196583566023037e-05
733,0.8454450199042288,0.003170874570948547,0.20518274372628678,26295.656737792968,1.8332593680648839e-06,3.5660085678100586,6.5564918259042315e-06
734,0.9943341565012874,-0.0011727532899047772,-0.07588718265343088,28958.121340332033,1.7355817914745204e-06,5.51953649520874,7.86133296060143e-06
735,0.9979919704277346,-0.0010082874762172849,-0.0652448358350636,27396.14088574219,1.7954211175261574e-06,10.572608947753906,1.6192576367757283e-05
736,0.987653766412899,0.0034198582776630536,0.2212941221311226,32068.34619042969,1.662404234887012e-06,13.083403587341309,1.9166482161381282e-05
737,0.9436175167948472,0.0054127287886166844,0.35024991340556344,28994.64915673828,1.7515509676923895e-06,9.588841438293457,1.4678550542157609e-05
738,0.9639961176298683,0.00341664573492794,0.2210862431002812,38250.405186523436,1.5624273933416427e-06,7.382771015167236,1.038090977090178e-05
739,0.982961862840329,-0.0007586512620103893,-0.049091234606651886,48925.28362255859,1.3895665438795777e-06,2.9016807079315186,3.233414872738649e-06
740,0.9976967633736719,-0.0014290487107454682,-0.09247169158808896,61074.519051757816,1.249046840150546e-06,21.49069595336914,2.138257877959404e-05
741,0.9307047126164347,0.047143232328996205,3.0505709200902316,25833.8146875,1.8480539873997004e-06,63.613983154296875,0.00020136928651481867
742,0.5231939917102818,0.03763913022090375,2.4355741097276433,53175.03393994141,1.3309347966508123e-06,12.538804054260254,3.534608913469128e-05
743,0.6164804579204749,0.01121971038196763,0.7260113601080624,29784.508658447266,1.7280263879159828e-06,6.085973739624023,1.3690858395420946e-05
744,0.49988941200956305,0.008760517982695778,0.566880548546984,36218.13632421875,1.5544262849914217e-06,1.8426023721694946,8.784324563748669e-06
745,0.8071612561029406,-0.0031347791000508863,-0.2028470575964318,34599.59671508789,1.608347397239821e-06,3.0790841579437256,4.2558531276881695e-06
746,0.999184427373398,-0.00031973729904521476,-0.020689741843085335,37851.44457910156,1.5254790184370404e-06,3.553457498550415,4.63753849544446e-06
747,0.7638197605001753,0.0065298154802896895,0.42253499036116887,31918.31626855469,1.6802291666337657e-06,3.008526086807251,7.496120815631002e-06
748,0.913920811709995,0.008317338395065814,0.5382030333319314,63344.97820458985,1.2042563084865118e-06,12.120789527893066,1.601833719178103e-05
749,0.7131885464188673,0.0103967421224343,0.6727582648775619,73677.89836914063,1.1314665222829397e-06,6.567174434661865,1.2883325325674377e-05
750,0.8244084092783074,0.016412570012320528,1.062033855763747,41110.66012109375,1.5151587377425483e-06,24.331005096435547,6.099012534832582e-05
751,0.9404570245439794,0.00577099155745176,0.37343258312011085,50370.5398828125,1.34252596114656e-06,18.01457405090332,2.1198402464506216e-05
752,0.7581906929791781,0.01693777100776707,1.0960188585894066,33065.07502148437,1.6140230273892198e-06,13.711028099060059,2.7405352739151567e-05
753,0.9665855172857091,0.0015360768154254242,0.09939732667162628,29046.331727539062,1.7430327575371555e-06,3.2701823711395264,5.161258286534576e-06
754,0.9192799488313423,0.008137497851683837,0.5265658098156123,25947.60102001953,1.8464139766562008e-06,7.6962571144104,1.551424247736577e-05
755,0.5544318162565331,0.011871451273792554,0.7681845780613832,32974.90777880859,1.6517808189547172e-06,3.349027633666992,1.0588049008219969e-05
756,0.9972232689530651,-0.0005597048875248438,-0.036217700173805996,25439.78645654297,1.894383394705456e-06,4.497872829437256,6.83496773490333e-06
757,0.9421959884741328,0.003381340422006436,0.21880168695929758,40876.376866210936,1.5210922417783026e-06,5.889389991760254,8.413419891439844e-06
758,0.9935996518126943,0.0007898366117125147,0.05110919383927826,47755.34744189453,1.4040999885423935e-06,4.9144606590271,5.9099011195939966e-06
759,0.9156756675360213,-0.007878706773801753,-0.5098198104947231,66391.71228808594,1.1932705625699405e-06,11.896537780761719,1.2091232747479808e-05
760,0.9775629315460733,0.002806297462431737,0.18159148215112525,59542.01654296875,1.2683978474213008e-06,21.968557357788086,2.2313604858936742e-05
761,0.8918963372808075,0.03630822303743618,2.3494530155503948,31341.71588671875,1.714277724050908e-06,56.540409088134766,0.00012426270404830575
762,0.19111760139071643,0.030560267433558438,1.9775110559327005,45085.89455322266,1.4216644223997928e-06,7.692232608795166,2.303056317032315e-05
763,0.8447260462914769,0.006908799023380253,0.44705847164638707,25656.190864257813,1.8379798856472028e-06,5.52028226852417,1.1534723853401374e-05
764,0.8983621373761199,-0.006436260346493005,-0.41648117189166656,21992.439555664063,1.9872937499093162e-06,6.1242194175720215,1.337362209596904e-05
765,0.9018833459487112,0.004234644672922588,0.27401778066429233,27185.324590820313,1.8193962664192386e-06,4.8641557693481445,8.657020771352109e-06
766,0.9847093335743045,0.002912211372036368,0.18844501927005178,31753.617337158204,1.6875650505796306e-06,8.821889877319336,1.392403464706149e-05
767,0.8584612545276092,0.005246195153115502,0.33947376080466635,37048.08426708984,1.5502303751544003e-06,4.438249111175537,8.100122613541316e-06
768,0.9983760309927356,-0.0004370144650678416,-0.02827857898014291,40384.190079101565,1.5095960364610959e-06,7.470735549926758,9.815923476708122e-06
769,0.605366443256548,-0.03339982946091973,-2.161255040350437,65470.37183105469,1.214853071173982e-06,19.619813919067383,3.412637306610122e-05
770,0.797476713051324,-0.025798447367564804,-1.66938051200545,75150.59217480468,1.1295829023350144e-06,30.590978622436523,6.289171142270789e-05
771,0.9935901598467319,-0.00031738741026136674,-0.020537683911642995,40859.357329589846,1.4938631521136305e-06,31.923982620239258,3.8922775274841115e-05
772,0.2595522358613729,-0.06242101024450949,-4.039174007536906,51215.98906201172,1.328026385675502e-06,20.677553176879883,7.14581401553005e-05
773,0.2585975289587048,-0.023677344056353387,-1.5321269602223915,29540.657608398436,1.7256038837395894e-06,12.974663734436035,3.018780262209475e-05
774,0.03079050571745913,-0.01958805981917149,-1.2675152447830635,35054.35459716797,1.5860943480026698e-06,7.736220359802246,1.7971671695704572e-05
775,0.7820641722859241,-0.020788658066295426,-1.345204234664542,35893.77258789063,1.5832220562023112e-06,15.162826538085938,3.810300040640868e-05
776,0.9956672121872242,-0.0013359820653996918,-0.08644948250533255,40111.13629052734,1.4908302736216017e-06,20.859107971191406,2.894894169003237e-05
777,0.8346284484640104,-0.012048570593474599,-0.7796457150966534,30346.51259765625,1.7077798199807879e-06,9.629084587097168,1.8673170416150242e-05
778,0.7865538387071827,0.03197202162937683,2.0688636442750585,41766.55823828125,1.4760030029242803e-06,9.158402442932129,3.657795241451822e-05
779,0.6713301716936871,0.007887948509901287,0.5104178299771303,46557.91477734375,1.3868769233564624e-06,3.6353647708892822,7.948627171572298e-06
780,0.42182046091103925,-0.03444887346316696,-2.229137172505005,43845.073224609376,1.4572633686392692e-06,11.283865928649902,3.3022050047293305e-05
781,0.9898521466882053,-0.00479238775570688,-0.3101085352682515,56603.17757421875,1.2836309736634806e-06,29.44786834716797,3.6060577258467674e-05
782,0.7579070512581829,0.02282325440571457,1.4768600444282816,49811.607323730466,1.3371787230682906e-06,19.765993118286133,3.26011395372916e-05
783,0.7647850236755254,0.016310236531202414,1.055412003034771,35578.54719873047,1.5835953434498248e-06,11.44808292388916,2.7292770027997904e-05
784,0.31007921736267186,-0.009884329594083714,-0.6396007854080269,35786.766110839846,1.5694887279444248e-06,5.022339820861816,1.227458142238902e-05
785,0.85372245227747,0.006446914194981215,0.4171705671405619,40609.220834960935,1.47330358634075e-06,11.989703178405762,1.693010563030839e-05
786,0.5646220717769838,-0.007659852576144886,-0.4956580693893921,44931.29823291016,1.4099435759698407e-06,5.443233966827393,1.1474056009319611e-05
787,0.43653176229657437,0.02157976556790092,1.3963956659652468,40741.34415039062,1.4859681359336696e-06,10.97903060913086,2.6014635295723565e-05
788,0.8085497129895927,0.021892334200518535,1.4166215336898322,36799.89224951172,1.5909343141761062e-06,16.293004989624023,3.8680198485963047e-05
789,0.9983481477311325,0.0018179782540406304,0.11763876427543303,50652.91772021484,1.344800362081415e-06,33.49079132080078,3.6735877074534073e-05
790,0.9945047700531008,-0.004919269133062476,-0.3183188471399708,38823.8299399414,1.5387409472929455e-06,42.03228759765625,5.566819527302869e-05
791,0.7223970064066196,0.03752849704306952,2.4284151955330673,43439.78428564453,1.4510248004250955e-06,36.13798522949219,5.6701777793932706e-05
792,0.7527147820067005,-0.03210690177314045,-2.0775915448439344,36468.943889648435,1.5815051295351286e-06,17.083099365234375,3.6966328480048105e-05
793,0.9456153752695885,0.00196815006053021,0.1273561663979167,29048.741549804687,1.7469814727540718e-06,4.41618013381958,7.34607510821661e-06
794,0.7725647854359448,-0.008493016704178534,-0.5495709246409084,31557.601219970704,1.669892880524351e-06,4.261566638946533,1.211132803291548e-05
795,0.892647262342598,-0.006791833706795876,-0.4394898138390184,35744.96977734375,1.5846091322564775e-06,9.004247665405273,1.3073580703348853e-05
796,0.7134202479818699,0.020369885805167933,1.318106082526378,42783.504153076174,1.4506791694752883e-06,10.961593627929688,2.3460133888875134e-05
797,0.9888825283943851,-0.0011179501849407395,-0.07234095236596884,25855.30153979492,1.8524449675860928e-06,3.245734691619873,5.337920811143704e-06
798,0.7485196945647444,-0.005131631440267315,-0.3320605073291024,42672.27070361328,1.4673402171154843e-06,4.531428337097168,6.6250026975467335e-06
799,0.993599267414835,-0.0037401525925274915,-0.2420199076686304,56345.800619140624,1.2784265927787805e-06,29.638858795166016,3.3882708521559834e-05
800,0.9792927047583696,-0.006182364600096895,-0.40005194244712133,57259.6065859375,1.2807380463594476e-06,29.22096061706543,3.2319232559530064e-05
801,0.7020850557680552,-0.009153872149592861,-0.5923339322788947,43273.151953613284,1.4773202381890395e-06,13.670648574829102,1.4798971278651152e-05
802,0.6563789790394119,0.010936662268766422,0.7076957228371125,51513.515220214846,1.3281671707107805e-06,5.606529712677002,9.914429938362446e-06
803,0.9166046743504077,0.002716132741950219,0.1757570524624803,24308.536696289062,1.8998771943554687e-06,3.3548502922058105,6.686976121272892e-06
804,0.8366556561867471,-0.004748928267621833,-0.3072963341525315,23899.63477758789,1.921868520903934e-06,4.736945629119873,8.4148341557011e-06
805,0.8478927088587275,-0.0046881050806903135,-0.3033605529989261,24593.440224365233,1.9032605566218887e-06,4.273060321807861,7.684354386583436e-06
806,0.609727361721352,0.017858355711648927,1.1555885738678089,27610.48708105469,1.7870887557977087e-06,5.543134689331055,1.8814384020515718e-05
807,0.8872166776973661,-0.007345732109691118,-0.47533178472393317,33969.89242675781,1.6276260830135554e-06,9.206128120422363,1.3915630916017108e-05
808,0.8679332570050019,-0.005985872558701839,-0.38733722438693763,28083.127025878905,1.788989809433765e-06,5.816720962524414,1.0374284101999365e-05
809,0.976503051973855,0.0025827062859969823,0.16712321794597654,44990.894560058594,1.4344321184276811e-06,6.323493480682373,8.805554898572154e-06
810,0.7499609971750872,-0.061214639023622626,-3.961111456806635,68246.46585693359,1.1766586425688754e-06,36.5186653137207,6.938452861504629e-05
811,0.7439572796172133,0.0292065833892264,1.8899161037705097,68795.20713574218,1.1737555518436318e-06,28.941387176513672,5.237332879914902e-05
812,0.8919513816725749,0.010039585851981255,0.6496471950856457,51412.46073046875,1.3209925367503034e-06,28.887924194335938,4.2109193600481376e-05
813,0.9795242339525199,-0.015605161714394704,-1.009787623322508,52677.83284863281,1.3055033025730844e-06,94.81273651123047,0.0001018336188280955
814,0.8436980293800891,-0.015464385678562525,-1.000678208037653,35173.355452636715,1.5923289449424744e-06,31.914295196533203,4.5184697228251025e-05
815,-0.012774365449798064,0.0394643279611464,2.5536800365962598,36996.07282666016,1.5539198976896827e-06,13.710461616516113,4.5839569793315604e-05
816,0.7652795833776069,0.016567718637588606,1.0720733006883512,31955.574141601563,1.6509265086243238e-06,12.735453605651855,2.0503695850493386e-05
817,0.9634442006025956,0.0028810463796230036,0.1864283773283713,36563.59723486328,1.559636645507414e-06,10.840761184692383,1.5009662092779763e-05
818,0.3035002399205709,-0.00958061899512291,-0.6199481083313394,27987.401224609373,1.7814626509739416e-06,5.2041449546813965,1.7261838365811855e-05
819,0.7958696133263322,-0.006631063146174299,-0.4290865815443773,35026.727399902345,1.5975966560690293e-06,4.380212306976318,7.975286280270666e-06
820,0.4722224039958779,0.015293204872395848,0.9896013436910291,63822.22234375,1.2085432668904237e-06,8.269524574279785,1.1373671441106126e-05
821,0.8543766849423167,-0.013560780273259857,-0.8774986336669929,46974.4816953125,1.414984667728414e-06,20.7919864654541,2.294205842190422e-05
822,0.8588070073753761,0.028441856888739455,1.8404317491991542,44984.56276171875,1.4259086431956882e-06,60.104026794433594,9.861297439783812e-05
823,0.8594779969769383,0.00933617100405917,0.6041302295781498,36743.17486816406,1.578323568248404e-06,10.085844039916992,1.604830686119385e-05
824,0.028814153520570963,0.01232838236080353,0.7977519330699101,29122.48343701172,1.7376456726685961e-06,4.0560994148254395,1.3189033779781312e-05
825,0.7307661966360048,-0.005871099519471046,-0.37991042570150935,23761.957275878907,1.9190428563691274e-06,5.019257068634033,1.022551987261977e-05
826,0.9991237632430167,-0.0002802203438345021,-0.01813265637268236,23724.737741943358,1.9221922627409693e-06,5.148133754730225,8.819021786621306e-06
827,0.6705282231283161,-0.07472167922545901,-4.835132647561273,29862.738108154295,1.7154987570074274e-06,27.06330108642578,9.615378803573549e-05
828,0.6941633442034271,0.013914730258160556,0.9004022293213861,27403.720974609376,1.791107601157471e-06,8.002808570861816,2.192308056692127e-05
829,0.8858416463275615,-0.005414961909869943,-0.35039441547764644,33066.82120605469,1.6590097887897416e-06,5.616013526916504,9.042977580975275e-06
830,0.9997584723162887,0.00020457016951764385,0.01323744214001673,26012.401025878906,1.8674848035080774e-06,7.232332706451416,1.2275537301320583e-05
831,0.9943208778294969,0.0008939840503979015,0.05784842515965825,26444.139718017577,1.842124504726349e-06,4.493168830871582,7.527552952524275e-06
832,0.8608944516590388,-0.0028168053185360265,-0.18227143044233568,31329.828438964843,1.7029392805789127e-06,2.5449647903442383,4.016924776806263e-06
833,0.9815187473855084,0.002441150474698705,0.15796334450957863,47834.91830078125,1.3749200085644042e-06,9.971884727478027,1.1156089385622181e-05
834,0.6562953941687482,-0.03325953689230596,-2.152176909535578,40986.14498925781,1.5072302300010574e-06,17.267778396606445,6.498395669041201e-05
835,0.7737820931115031,0.041233037109318645,2.668130667725199,60473.93562695313,1.2448108056219249e-06,31.569843292236328,5.5864027672214434e-05
836,0.36226236230710324,0.030117134356896575,1.9488365503756568,36712.095971191404,1.572065220886256e-06,19.24346160888672,4.22172925027553e-05
837,0.6443768324124048,-0.00847307175560481,-0.5482803156369037,32110.555962890627,1.6811337435090592e-06,4.616039276123047,9.165646588371601e-06
838,0.772228838029116,-0.0069461198556895545,-0.44947344915496773,26275.27214135742,1.8230128273834935e-06,5.419803142547607,1.005479680316057e-05
839,0.5953160054814162,-0.011807239041510483,-0.7640294966459475,25414.295360839842,1.8629884394201773e-06,4.382321834564209,1.1838153113785665e-05
840,0.8690384984761381,-0.004433958922232639,-0.2869151197491832,24104.585265625,1.9117505217216365e-06,3.6484529972076416,6.2459112086798996e-06
841,0.9309178792763845,-0.0030213899820323827,-0.19550981046691807,27019.585236328126,1.8098249299307534e-06,4.221060752868652,6.719286375300726e-06
842,0.5416958578713512,-0.016362672164780157,-1.0588050376458145,26096.495479248046,1.8639906661320856e-06,4.113647937774658,1.7339240002911538e-05
843,0.7393985918144816,0.005885584250322618,0.38084771185135946,23501.41599487305,1.9621042882035993e-06,3.02024507522583,8.402053026657086e-06
844,0.831698614126036,0.0075115521584441765,0.4860617621502561,26755.43346557617,1.8404358295754717e-06,4.473659515380859,1.205066655529663e-05
845,0.9697648472114752,0.002826097996752592,0.18287274631604117,38215.53952050781,1.5558588718223006e-06,6.896220684051514,1.0333609679946676e-05
846,0.8436859689920996,-0.036179981017749815,-2.341154658465783,50519.062540527346,1.357158485065914e-06,42.79682922363281,5.3652784117730334e-05
847,0.9764446454439326,0.006221463315822778,0.4025819642405759,64554.50697265625,1.199634974082637e-06,42.93111801147461,4.2876108636846766e-05
848,0.9949775332515142,0.003071088555480519,0.19872573384427217,60031.5014453125,1.237843058123232e-06,49.540611267089844,4.893350342172198e-05
849,0.9696376341693183,0.015602096875253836,1.0095893019793163,44354.24562792969,1.4402984256756927e-06,104.1436538696289,0.00014891271712258458
850,0.43482441597719257,0.06820683928333414,4.413566702786955,33978.99970605469,1.6527076536862216e-06,31.942827224731445,0.00012375715596135706
851,0.897176498825017,0.017317577433977546,1.1205955874605924,31445.610961914062,1.6721628382259633e-06,27.74688720703125,4.757560964208096e-05
852,0.43330549305011284,-0.03683975809027638,-2.383847886141515,32224.494405517577,1.658167925801653e-06,11.7691068649292,3.627893966040574e-05
853,0.984848766541189,0.0020116062787100767,0.1301681559227644,24785.12072680664,1.8847045031812535e-06,5.839146137237549,9.896008123178035e-06
854,0.886646872694865,-0.003770349247018798,-0.2439738898528035,21853.43470336914,2.0110150282238833e-06,3.600785732269287,6.836326065240428e-06
855,-0.30140240143422353,-0.015863969098378193,-1.0265346777878221,26039.930048095703,1.8596364998403021e-06,3.2212798595428467,1.1355167771398555e-05
856,0.8813627878945066,-0.008869463111502725,-0.5739302315111183,34157.50705175781,1.6372388580624023e-06,10.939608573913574,1.3604766536445823e-05
857,0.8257085455036615,-0.008080786962528673,-0.522896129550545,38332.36803125,1.5446733664960284e-06,7.055163383483887,1.1865145097544882e-05
858,0.7938478694967077,-0.026563351421724727,-1.7188763558202196,43257.04995996094,1.4612807043069906e-06,24.086894989013672,4.364842243376188e-05
859,0.9993531491018023,-0.0002036192508652297,-0.013175909558453757,68303.08336328124,1.1627535774495873e-06,38.928741455078125,3.5887038393411785e-05
860,0.9362233443963492,-0.006957288728497999,-0.4501961708886379,49931.43029785156,1.3591889664853571e-06,23.693323135375977,2.4533539544790983e-05
861,0.5898460088718358,0.03302198109114404,2.1368050145016095,63232.580572753905,1.2219084604788636e-06,33.975704193115234,5.285848237690516e-05
862,0.9892531806678905,-0.0033420137733693503,-0.2162569159542108,29416.725810058593,1.7299559547773775e-06,17.036462783813477,2.488719837856479e-05
863,0.98507215187734,0.0025684647545102953,0.16620166887807106,33049.641602539064,1.6379919671387033e-06,11.647071838378906,1.683794653217774e-05
864,0.995542946078379,-0.005588048670277079,-0.3615946113883937,35473.69857666016,1.5930536538265718e-06,44.88303756713867,6.727279105689377e-05
865,0.7297534104208786,0.00816812462036881,0.5285476240721041,23856.624922851563,1.9309084170507254e-06,4.369969367980957,1.1926869774470106e-05
866,0.31904011630263385,-0.034845711678179556,-2.254816003991352,22931.38051611328,1.97082000245644e-06,6.998805999755859,3.331774860271253e-05
867,0.8670881334745376,-0.012015193494139296,-0.7774859308901171,32210.961639648438,1.6818915048589304e-06,12.480255126953125,2.020916872425005e-05
868,0.7864416928923668,0.008993357696811902,0.5819472723551411,44665.78753564453,1.4109218107169848e-06,6.577154636383057,1.1436331988079473e-05
869,0.9991729669547968,-7.799670098763922e-05,-0.005047054606595564,57199.024633789064,1.2660399677207686e-06,12.267045974731445,1.234625142387813e-05
870,-0.06279609968579179,-0.031107312122373387,-2.0129095328135964,49156.63106738281,1.3639727309258305e-06,13.705799102783203,3.811931310337968e-05
871,0.6160262660129698,0.021939652399292933,1.4196834264375515,56817.700598632815,1.2639025529715864e-06,13.45287036895752,2.1400705009000376e-05
872,0.4933373087527315,0.043681985595721146,2.8265986103830785,36246.42292871094,1.5858568923099978e-06,24.579357147216797,0.00010068466508528218
873,0.7105461028319072,0.008166182270067462,0.5284219373711039,36325.67517529297,1.572113449096951e-06,4.064858436584473,8.929046089178883e-06
874,0.9687879310275247,-0.0014664591724333179,-0.09489246888514989,28149.865611328125,1.7758963515097898e-06,3.4504899978637695,4.7764242481207475e-06
875,0.7833424557789374,-0.007872458654501752,-0.509415503659994,25536.6245078125,1.868578508629419e-06,6.118958473205566,1.1673209883156233e-05
876,0.7466226115051018,0.00937334658523311,0.606535808094176,28625.062589355468,1.7820666402681399e-06,5.4969635009765625,1.1748090400942601e-05
877,0.75314401018867,-0.010184947847821904,-0.6590533612624402,32535.53189331055,1.6663906402309948e-06,6.6527323722839355,1.260643512068782e-05
878,0.8647067002482565,0.007980769233248985,0.5164241258002547,35220.82533496094,1.5905207392191757e-06,6.970157146453857,1.2939402949996293e-05
879,0.6143914773755584,-0.015385633338808274,-0.9955822571307056,53480.05179785156,1.299274527830867e-06,7.673977851867676,1.4374621969182044e-05
880,0.6555014436011894,-0.029599515881193895,-1.9153422015227712,57275.76765234375,1.2784798706023708e-06,32.824893951416016,3.368261968716979e-05
881,0.917386643497339,0.0113729190494022,0.7359252731448274,52435.97794335937,1.3187314925928437e-06,33.34830856323242,3.58025572495535e-05
882,0.9858337188699852,-0.008576455973896443,-0.554970160060718,39239.7362109375,1.5143704185701916e-06,72.790771484375,7.89117839303799e-05
883,0.6891870624834548,-0.007818005051861558,-0.5058918891664211,34700.837838867184,1.6338983671664691e-06,6.978955268859863,1.2326493560976814e-05
884,0.19048598117675442,0.016826645860497036,1.0888281097585464,35509.58231591797,1.5782976833395384e-06,7.166193008422852,1.57602880790364e-05
885,0.8845093361327064,0.005589905798209121,0.3617147834721583,24301.235702636717,1.8886552125944333e-06,4.982612609863281,1.083429015125148e-05
886,0.886465783907138,0.006777335307543396,0.43855164322655776,23576.814704589844,1.928783173986248e-06,6.166601657867432,1.3339688848645892e-05
887,0.9520389502441732,0.001924696272878863,0.12454433414908209,23840.739216552734,1.9373600865632313e-06,3.0478010177612305,6.179016054375097e-06
888,0.9922983616306671,-0.0008105693000444059,-0.05245077635273822,23248.301676025392,1.9545890304341193e-06,3.717581272125244,6.189706255099736e-06
889,0.28383416990800814,-0.010959093565855997,-0.7091472198860171,28468.381538085938,1.7798154251326014e-06,4.085422992706299,1.1173970051459037e-05
890,0.8162440087558913,0.006160359331356178,0.3986280130813805,30052.875002197266,1.715837948293074e-06,3.42680287361145,8.081015039351769e-06
891,0.6869130152906592,-0.002134916745018795,-0.13814739926439615,38349.77985302734,1.5599942410284913e-06,2.3794443607330322,3.066509407290141e-06
892,0.7167286502920108,-0.019357372615912322,-1.2525878068639094,63787.575328125,1.2024359603618393e-06,18.253280639648438,2.6718143999460153e-05
893,0.555290763025792,0.014268477048090795,0.9232926765207972,57251.768112304686,1.2647936096925805e-06,15.628360748291016,2.4750046577537432e-05
894,0.9739975741258958,0.003334586459090929,0.2157763051044073,60135.039331054686,1.2324669934273094e-06,22.095600128173828,2.3152102585299872e-05
895,0.6876223975480314,0.03553618775874637,2.299495720428603,43333.41258984375,1.4425391117430574e-06,13.956269264221191,4.345631168689579e-05
896,0.8386219688337399,-0.029802690856291312,-1.9284893626337634,31739.914068847655,1.6798448182085602e-06,36.31005096435547,6.361008854582906e-05
897,0.6826444370883396,-0.021258126748073012,-1.3755828794407283,33611.859190429685,1.6097072812836435e-06,15.221534729003906,3.217215999029577e-05
898,0.7705548009340197,0.010504565480423765,0.6797353596616809,29923.695850097658,1.7376362956306596e-06,6.460205554962158,1.6466618035337888e-05
899,0.9641916446779417,0.0018329985112739862,0.11861070356904331,30994.02497705078,1.7027221802403086e-06,5.055582523345947,7.798249498591758e-06
900,0.8338486233000181,-0.0024445497029013255,-0.15818330368915504,28335.211661865233,1.7704731272338851e-06,2.9647812843322754,4.668248038797174e-06
901,0.6077219955285997,-0.005585597792965327,-0.3614360186342151,38745.383307128905,1.5430397970991947e-06,5.469138145446777,8.12788766779704e-06
902,0.985990927760028,-0.004315554590979824,-0.279253345367404,51045.96665332031,1.3437332838039716e-06,23.230520248413086,3.086827200604603e-05
903,0.996666047873709,0.0016392314864932466,0.10607231742395581,53165.24114599609,1.3068531623028364e-06,14.738900184631348,1.6351641534129158e-05
904,0.7972577600742393,0.018310372760353813,1.1848379485085039,67392.3468564453,1.1726587142922179e-06,20.675174713134766,2.3756920199957676e-05
905,0.9046000852274149,0.011308231093041155,0.7317394083068389,58102.82633203125,1.2668678024262608e-06,24.081815719604492,3.0273593438323587e-05
906,0.9396161001192593,0.018717171304627717,1.2111612986096747,54811.439046875,1.3004327030313049e-06,82.46443939208984,9.2526082880795e-05
907,0.7123246603231632,0.012046739900184318,0.7795272535606271,37231.834750488284,1.5449229870483057e-06,5.7245073318481445,1.2256379704922438e-05
908,0.7040593609545234,0.006152997838690183,0.3981516614536723,33513.63254101563,1.6227845726487517e-06,3.0597920417785645,7.527728030254366e-06
909,0.7012342039586278,-0.0055378118721996295,-0.3583438602675535,25540.402254394532,1.84294636012565e-06,3.1869711875915527,6.153454705781769e-06
910,0.5493379351277399,0.008862090041605843,0.5734531307374113,26124.614303710936,1.865711022262309e-06,2.6702070236206055,1.0245796147501096e-05
911,0.9953064517450919,-0.0014061840247211888,-0.0909921505630719,36239.27372998047,1.5673622162153418e-06,9.139418601989746,1.2425218301359564e-05
912,0.9993383643480647,-0.0004282606109524614,-0.0277121296408882,37295.80994970703,1.5626311271958772e-06,8.312458992004395,1.179596711153863e-05
913,0.937246566179821,0.020769894940284715,1.3439900997028404,45591.24180957031,1.3987429377667754e-06,29.895463943481445,7.314574031624943e-05
914,0.440137333727779,-0.01825122206608566,-1.1810103919553525,42420.94501171875,1.459076025637408e-06,18.189197540283203,3.9894923247629777e-05
915,0.94662498133701,-0.033647389033779944,-2.177274265096994,46792.280409179686,1.3846413414412633e-06,147.38999938964844,0.0001734855759423226
916,0.7189502419274696,-0.05614250590274116,-3.632901000353258,34864.948388427736,1.5979355408877997e-06,28.912151336669922,7.031666609691456e-05
917,0.4202763152849468,-0.09184136408151636,-5.942922890252714,31930.27342578125,1.6753305598102013e-06,36.71892166137695,0.00010680909326765686
918,0.9971493209629372,-0.0038561820167517676,-0.24952800522425103,34113.13898291015,1.6136425877781718e-06,79.13839721679688,0.00010989020665874705
919,0.7637306862579578,-0.045243632278117375,-2.927650526457217,28268.062993408203,1.7805848687656876e-06,58.14799499511719,0.00010301378642907366
920,0.8399002721954657,-0.09137716134537657,-5.912884997262858,33428.267790527345,1.6515979935548858e-06,116.19767761230469,0.0002481589908711612
921,0.9795702234317455,0.01852997668715092,1.199048203510744,27281.90852685547,1.8037844337150692e-06,84.32330322265625,0.00012626255920622498
922,0.5904204003356676,0.14892611795308036,9.636795404674961,35729.873236083986,1.5841316202582723e-06,113.88700866699219,0.0002083548461087048
923,0.1962245837180372,0.08370626038566258,5.416512002825586,38750.66209570313,1.5352871340164956e-06,31.642127990722656,9.943637996912003e-05
924,0.580802201377377,-0.04748161663593146,-3.072467283058043,30151.010373291014,1.7424830674348237e-06,50.45415496826172,8.390999573748559e-05
925,0.7364238970083221,-0.021905561682306226,-1.4174774650567339,28134.671459472655,1.8033156996908594e-06,22.538164138793945,5.148068885318935e-05
926,0.6860571471584662,-0.03998342909382691,-2.5872703260547767,27246.904900878908,1.8262508302793298e-06,29.53823471069336,8.47328410600312e-05
927,0.4435005542528987,-0.06738830668019079,-4.360600632516905,31552.008187988282,1.7030409995200812e-06,33.55946731567383,0.00010174640920013189
928,0.5362956252548671,0.11400501311005315,7.377100817164923,35616.155341796875,1.6171765635833333e-06,25.18558692932129,0.00015033700037747622
929,0.5465045033245144,0.023073395462280932,1.493046313281396,33767.30517895508,1.659605249578748e-06,15.962274551391602,3.313662455184385e-05
930,0.6903899195818967,0.014820827161350723,0.9590344598049889,33431.40492871094,1.6597091569084184e-06,12.029300689697266,2.326198409718927e-05
931,0.8901269375449501,0.011095139915482765,0.7179505839629555,31977.967764404297,1.6918354345568287e-06,15.572406768798828,2.7248288461123593e-05
932,0.9922102092260472,-0.004217831721511882,-0.27292983870273013,38198.4048696289,1.5769123238090698e-06,33.46187210083008,4.15091599279549e-05
933,0.4901134743934827,-0.0320466895666726,-2.073695299359462,42851.80424023438,1.4855664155826778e-06,16.50234603881836,3.356447268743068e-05
934,0.9795916666867907,0.006009633233442055,0.38887474355614493,50308.66290405273,1.3702880275278905e-06,19.82903289794922,2.1822224880452268e-05
935,0.9880046911142626,-0.004445071029091491,-0.28763416823970633,64957.214135253904,1.1895922718641068e-06,19.81325912475586,2.028849303314928e-05
936,0.9892839930924227,-0.0054737195366468434,-0.3541965371974352,45651.61421826172,1.415830546387063e-06,43.56382369995117,5.441935354610905e-05
937,0.9604664480918285,-0.009892790241507372,-0.6401482617629706,43742.009422363284,1.4306752212997217e-06,29.390268325805664,3.6036482924828306e-05
938,0.747320794928294,-0.013999688905585781,-0.9058997814925424,39422.71419580078,1.5152680220341614e-06,18.03384780883789,2.6418734705657698e-05
939,0.9846354059332857,-0.0018181243160665251,-0.11764821573955019,33266.461647460936,1.6322004570464747e-06,21.670198440551758,3.2650896173436195e-05
940,0.966077311272056,-0.003603758464107272,-0.2331940393249815,35107.363640625,1.5783910026110222e-06,10.094393730163574,1.369285109831253e-05
941,0.7594907733023472,0.04267153731802937,2.7612139521850474,29542.393661865233,1.747605162250576e-06,15.842978477478027,7.118193752830848e-05
942,0.8169923112369076,0.020033160150068105,1.2963170485389046,43809.34593310547,1.4215071378363208e-06,10.36189079284668,2.950823363789823e-05
943,0.44358182301281146,0.02064414086658343,1.3358527340330693,52686.32168066406,1.2991161331256327e-06,8.414731979370117,1.7576512618688866e-05
944,0.8828424549561975,-0.013662824636228895,-0.8841017779753864,49305.48666796875,1.3509768671290477e-06,18.947847366333008,2.2127518604975194e-05
945,0.9039140317179278,-0.02080916585243194,-1.346531264079642,55043.7155991211,1.3024460117532282e-06,28.433835983276367,3.9297756302403286e-05
946,0.8462998091723696,0.017053347029950778,1.1034976171495505,43139.95947216797,1.470543907714541e-06,31.631011962890625,4.007933966931887e-05
947,0.7949903791454933,-0.04900962273119786,-3.1713423650085297,48136.38922314453,1.3572257219204463e-06,46.037376403808594,7.679378904867917e-05
948,0.7917225828589803,-0.031599977213259134,-2.044789183939582,33086.47458813476,1.6339367656940577e-06,35.3456916809082,5.4385862313210964e-05
949,0.5406634755921139,-0.03441379908326335,-2.226867559708254,25763.974805664064,1.8304264177383814e-06,12.971772193908691,5.076914021628909e-05
950,0.9895930245225284,-0.0026845651441065018,-0.1737143585010839,24627.901916015624,1.8784803907511794e-06,12.988781929016113,2.0896583009744063e-05
951,0.7987413169803554,-0.008614128899332805,-0.5574079210103464,27864.420852539064,1.7718006200057838e-06,7.728490352630615,1.4201028534444049e-05
952,0.6282642976237343,0.02129990918790976,1.3782865611706296,29240.994180419922,1.748450111626004e-06,9.932924270629883,2.8490634576883167e-05
953,0.8022143233671495,-0.010253611375687173,-0.6634964796280802,32213.760912597656,1.671603273007495e-06,9.273550987243652,1.5128578525036573e-05
954,0.16094886895747712,-0.025125213808922284,-1.625816534421322,25198.04307836914,1.8933991795659402e-06,7.0405659675598145,2.6992593120667152e-05
955,0.41242844293426506,-0.019443910850551905,-1.2581875718572204,30135.11839160156,1.7191425701435533e-06,9.142510414123535,2.6243815227644518e-05
956,-0.6312757221534064,0.05251427946490359,3.3981236735562956,44710.46926611328,1.4287426732890336e-06,14.814360618591309,4.642839849111624e-05
957,0.6728871437690859,0.01753016806480577,1.134352022143781,38863.233034179684,1.5538167835385982e-06,6.2541022300720215,2.4378834496019408e-05
958,0.14336431517442824,-0.03726562154050556,-2.4114048989515897,55872.544112792966,1.2791556897224175e-06,16.188919067382812,2.6230860385112464e-05
959,0.2413218485203014,0.07340871198350135,4.750172421257834,71731.00063769531,1.1252898874606884e-06,39.650882720947266,5.729734766646288e-05
960,0.7246908757034733,-0.06951875612697464,-4.4984589593224635,48558.83356005859,1.3884347877080954e-06,54.34742736816406,0.0001399690518155694
961,0.893052714019123,0.01300343307921371,0.8414334964552344,53765.94684326172,1.3114353655926013e-06,17.64564323425293,2.3858809072407894e-05
962,0.7449138037750493,0.017829576932465757,1.1537263403603732,32352.972607177733,1.671272919668644e-06,9.460192680358887,2.2090061975177377e-05
963,0.6145082130848065,-0.013620774231324469,-0.8813807566104479,33908.052471679686,1.6119622234869576e-06,9.766468048095703,1.481338495068485e-05
964,0.8714254801585528,0.007768509200250975,0.5026890836282978,30222.99430810547,1.7110309228529208e-06,6.482856273651123,1.2838504517276306e-05
965,0.9967712226332544,0.0005435087732353869,0.035169672857285186,25309.59083886719,1.882588498937669e-06,6.66556453704834,1.0843623385881074e-05
966,0.9026942888958546,0.005402856087253321,0.3496110650662805,37734.820407226565,1.531881644069202e-06,7.698750972747803,1.1361493307049386e-05
967,0.8381037053495765,-0.005827938331374227,-0.37711752715000885,36329.196158691404,1.5719395755823045e-06,4.982349872589111,9.240512554242741e-06
968,0.81170526325262,0.006051315244571919,0.391571926688525,55743.94320556641,1.2965095550880076e-06,6.766989707946777,9.636451977712568e-06
969,0.9552833271152756,-0.00855855573184097,-0.5538118610816423,50888.41086914062,1.3570390111419704e-06,34.9110221862793,4.113454997423105e-05
970,0.6628608482483667,0.04012005614650798,2.5961112665931307,54115.47525097656,1.312006642916095e-06,33.34408187866211,6.49692228762433e-05
971,0.6024169607513409,0.028183353980092044,1.8237043968959583,46605.869267822265,1.3979489212449362e-06,9.51572322845459,2.5255179934902117e-05
972,0.10809488197731243,-0.013184375800856586,-0.8531420403453449,27326.570192626954,1.797143579944971e-06,4.901721477508545,9.11701954464661e-06
973,0.8742292811550468,0.0038932654150796793,0.2519276187205804,26115.187157226563,1.8378521094099282e-06,3.363283157348633,7.166845080064377e-06
974,-0.23044611992886765,-0.0070072977809725314,-0.4534321849182963,23290.84092578125,1.961785567719365e-06,1.8386842012405396,4.880007054453017e-06
975,0.862112905466163,-0.004609175293203004,-0.29825311970378493,30648.67926953125,1.708383746350719e-06,4.7854695320129395,7.469358934031334e-06
976,0.7252058787555354,0.008364213745147115,0.5412362699761467,29301.666231445313,1.7598325964428874e-06,6.201463222503662,1.0823079719557427e-05
977,0.6532134127743263,0.013557620409773048,0.877294163434722,30184.92786352539,1.7539556597780837e-06,8.060388565063477,1.6746515029808506e-05
978,0.936151026940432,-0.010758571588556897,-0.6961717304558749,39119.80083154297,1.5407235990062967e-06,14.91397476196289,2.2457101295003667e-05
979,0.45381302923898426,0.0235179954948214,1.5218157434484683,48926.08864990235,1.3778084137229076e-06,12.649389266967773,2.730002779571805e-05
980,0.8800973598051348,-0.006665322718104639,-0.43130346928631424,51566.72961425781,1.3251186474133036e-06,21.62462615966797,1.9029088434763253e-05
981,0.9303039335079053,0.042391448429723214,2.7430898021109833,33697.35242480469,1.672352315647426e-06,108.17559051513672,0.0002823629474733025
982,0.9922518392241719,-0.0007059833234839665,-0.04568316787570386,47579.67356396485,1.3853731199021656e-06,6.303403854370117,7.601237030030461e-06
983,0.7303398256938903,0.0068086604371636935,0.44057864741712455,33736.209380371096,1.6246054293765692e-06,4.060977458953857,8.596331099397503e-06
984,0.7469588008003455,-0.021699898610851916,-1.4041693028005566,26946.835056640626,1.8202800945325893e-06,12.630951881408691,3.123769783996977e-05
985,0.9870178144045825,0.0012880513144139063,0.08334795238294018,29836.201986816406,1.712513782547244e-06,5.076879024505615,7.1306785685010254e-06
986,0.8049818038957013,-0.01224954071490486,-0.7926502032904991,43872.47289550781,1.4416831592042979e-06,13.840665817260742,1.932537452375982e-05
987,0.37166237078328956,0.01634866078251072,1.0578983812035259,43452.67856542969,1.4431099938120572e-06,7.599489688873291,1.8023330994765274e-05
988,0.8180838281785209,0.008573304612360996,0.5547662399775205,33957.79622363281,1.6558018623627733e-06,5.139086723327637,1.1342732250341214e-05
989,0.7259883090301783,-0.008187863577151,-0.5298249036428482,45784.6512421875,1.4301688188526495e-06,5.443146705627441,7.292984719242668e-06
990,0.8367715874451194,-0.0220646746264336,-1.4277734353664826,50098.42208642578,1.3422625144302582e-06,15.290998458862305,2.4517898054909892e-05
991,0.9200217279410406,0.011153265225676265,0.721711789383918,39855.767436523434,1.535865633156675e-06,26.640111923217773,3.5844346712110564e-05
992,0.9684622483288146,0.014595986241940107,0.9444853265250779,38002.251216796874,1.5711179454497115e-06,60.2765998840332,8.541090210201219e-05
993,0.597951974876255,0.03994374076766592,2.5847021514160744,51874.54707568359,1.3328604553878187e-06,19.93099594116211,4.162895129411481e-05
994,0.6949227397849876,0.00806440595935639,0.521836138339706,27839.122704956055,1.7887282502647295e-06,1.7659029960632324,7.796536010573618e-06
995,0.9101776577063797,-0.003477231764545439,-0.22500667814438383,25709.013416503905,1.8407095421023958e-06,3.850132465362549,6.494218723673839e-06
996,0.8411913033732321,-0.009236385874079999,-0.5976732769948484,26649.784204589843,1.837348448552174e-06,7.395036220550537,1.7134943846031092e-05
997,0.8115535595977424,0.006671020548861568,0.4316721677390079,32997.964703125,1.6497263677042345e-06,6.177243232727051,1.1460251698736101e-05
998,0.6987995736846392,0.01648892762095781,1.0669748470562186,35917.873896972655,1.5689199334411518e-06,7.353484630584717,2.060056613117922e-05
999,0.5838507862641956,-0.014306153358356768,-0.9257306564978932,36339.08006982422,1.5856714124146527e-06,5.652542591094971,1.639858601265587e-05
