state_idx,cos_sim,mean_A,mean_safe_delta,mean_sigma_i,mean_alpha_i,v_unbiased_norm,v_intentional_norm
0,0.8658688469942694,0.008496518149689273,0.4641077016326801,35193.637712890624,1.724154068911185e-06,19.630796432495117,2.9807901228195988e-05
1,0.8313084653540287,0.01153217514715569,0.6299252479755696,65465.751995117185,1.2631349738615396e-06,30.041109085083008,4.294113387004472e-05
2,0.9945905515495239,0.002278902146142143,0.12448111316404256,56406.406463867184,1.345915699863038e-06,32.366554260253906,3.833935988950543e-05
3,0.5934505809486746,-0.010682065735339684,-0.5834894823709653,63985.322762695316,1.2733460079364469e-06,22.457807540893555,2.476156259945128e-05
4,0.8253940948513845,0.024198327227675,1.321792037059612,68658.934140625,1.2253359138077324e-06,39.65658187866211,7.9426979937125e-05
5,0.5273509513265873,-0.030933800960206547,-1.6897057139728808,43993.65780810547,1.541393488462057e-06,29.664209365844727,5.430969758890569e-05
6,0.5032693943527266,0.031819662457664245,1.738094375811379,61135.7740078125,1.3270341121967613e-06,35.96432876586914,5.676848377333954e-05
7,-0.11625434679760874,-0.019082522748874217,-1.042350009533874,59141.316495117186,1.3504986426853765e-06,10.059046745300293,2.4284006940433756e-05
8,-0.33630659750869846,-0.03353377592111675,-1.8317248778411626,47801.58434033203,1.4958388739662355e-06,13.632474899291992,3.427583578741178e-05
9,0.9809452120867098,-0.0030503495573943533,-0.16662010217801157,37923.358126464846,1.680591730673395e-06,19.40104866027832,2.430674430797808e-05
10,0.7997497861679232,-0.018230812289613114,-0.9958267894641747,83104.81224511718,1.1502645636604158e-06,34.539215087890625,4.370834358269349e-05
11,0.8604094298532654,-0.002521745348674538,-0.1377460057469592,44314.86875,1.5320423790601146e-06,9.268824577331543,1.1374387213436421e-05
12,0.868554329311866,-0.005776134811231503,-0.3155114370772226,44276.07223242187,1.5577241873220727e-06,12.38294506072998,1.6034329746617004e-05
13,0.9988305303121187,0.0003035071432955361,0.016578556088783634,36151.48783935547,1.710395997869644e-06,10.240737915039062,1.4872315659886226e-05
14,0.9953451508612652,-0.002637987711353732,-0.14409554503175032,43690.26027050781,1.5651426039344621e-06,26.939149856567383,3.69696608686354e-05
15,0.7991358760077084,0.0056223197034399154,0.3071095511639739,31196.759988769532,1.8210669918821694e-06,4.006905555725098,9.892145499179605e-06
16,0.885547410373649,0.004677488679388224,0.25549978028154274,36416.02857275391,1.69396784181352e-06,4.230453014373779,9.721376954985317e-06
17,0.9601962150572356,-0.0023932358917189787,-0.13072639751980678,29503.688909179687,1.882070419778966e-06,4.858590126037598,7.317581093957415e-06
18,0.8783920865241965,-0.005380300903054879,-0.293889690131522,45327.6614038086,1.5516280046651644e-06,9.314152717590332,1.1259413440711796e-05
19,0.4500443517633406,-0.012823612058926806,-0.7004677697905342,52553.41889697265,1.4569567168055231e-06,10.992515563964844,1.466318735765526e-05
20,0.7434460566051043,-0.039174214630181996,-2.1398241485477176,66676.42602050782,1.31754170464641e-06,33.399810791015625,5.0575265049701557e-05
21,0.9927121786983271,-0.004972825791614715,-0.2716320624643663,77673.09442089844,1.2160033645871755e-06,95.211181640625,7.820905739208683e-05
22,0.6410823738682652,0.009106024563114493,0.4974009419555414,47548.17115087891,1.5090322251907575e-06,8.836017608642578,1.4613229723181576e-05
23,0.9941411654119594,0.0011257190754191434,0.061490469810383586,28407.58291064453,1.908181729752039e-06,8.106366157531738,1.3492932339431718e-05
24,0.8601959535477963,-0.0068416547659869275,-0.3737136333808206,26355.84472241211,1.9692879988488873e-06,6.680617809295654,1.1564637134142686e-05
25,0.5090084210737638,0.0173907645613604,0.9499406260319954,30923.492320800782,1.82435183234837e-06,4.444793224334717,1.932927807501983e-05
26,0.9907082596820054,0.0032305405262559217,0.17646272417210063,29812.98093017578,1.8844143849707665e-06,12.82027816772461,2.311770003871061e-05
27,0.9719755733805168,-0.004202495013852644,-0.22955406763572647,37271.944922363284,1.7115974534063736e-06,13.317413330078125,1.8676284526009113e-05
28,0.8651319655827803,-0.009004891716489705,-0.4918767340176913,61206.26045703125,1.3823786807383612e-06,18.066884994506836,2.119849159498699e-05
29,0.9810125383688922,-0.005298531033901557,-0.2894231515604321,32850.59708740234,1.8622593543918365e-06,20.701581954956055,3.58078905264847e-05
30,0.48718089800560427,0.031812901408021246,1.737725065094312,46117.0889140625,1.536922476501982e-06,12.542479515075684,3.173298682668246e-05
31,0.4491343766331832,0.007398099116780832,0.40410844972601867,27877.197242675782,1.9524449868678107e-06,4.463871002197266,1.201790746563347e-05
32,0.7987818523768926,-0.006685462341288492,-0.3651818906172419,27217.38102026367,1.9485374849494414e-06,5.435276508331299,1.0467946594872046e-05
33,0.7798039722890743,-0.002779560844597795,-0.1518287341246545,25415.896147216798,2.032976525658756e-06,1.8439077138900757,3.33044999933918e-06
34,0.7867812300295985,0.004460762329548961,0.24366147589201828,23229.609764648438,2.0948007345653654e-06,2.197600841522217,5.430182227428304e-06
35,0.9676270667623965,-0.002424429439369454,-0.1324302914503295,24277.51291003418,2.08698115953811e-06,3.7423176765441895,6.958792255318258e-06
36,0.9914565961774995,0.0009619906845329207,0.05254708784526639,16039.151151123047,2.537673715348506e-06,2.840564012527466,6.395569016603986e-06
37,0.4792664692349991,-0.008395845031823588,-0.4586086055881966,21466.687063964844,2.2108970623080697e-06,2.1860525608062744,7.071937943692319e-06
38,0.6577343784244853,0.012204366337098718,0.6666425364843458,57908.36079101563,1.4306778338676072e-06,6.828955173492432,1.0648969691828825e-05
39,0.9564154782921859,-0.009419971389059778,-0.5145497477672102,28759.374145996095,1.9378672833954993e-06,18.802709579467773,3.0477111067739315e-05
40,0.9943547476323771,-0.004224136129843182,-0.2307361764038343,32270.44189111328,1.8547381536624304e-06,41.40138626098633,6.345712608890608e-05
41,0.45925370716544645,0.015759575101101226,0.8608397051617184,37930.298733398435,1.7151158967750406e-06,11.503823280334473,1.8934664694825187e-05
42,0.7554379249688145,0.010494306726049351,0.5732334691750478,25362.9356574707,2.0286410870299227e-06,7.233288764953613,1.7839951397036202e-05
43,0.8854892551402261,-0.0013873190248525997,-0.07577991745703244,26013.62252392578,1.9954571577678744e-06,1.373175859451294,2.6752982194011565e-06
44,0.5193031224494311,-0.004079016114872117,-0.22280924499233787,18725.90090209961,2.3519017598409165e-06,1.2026339769363403,3.3413455184927443e-06
45,0.8189622854441793,-0.003935451744471898,-0.2149672879919606,20268.016298095703,2.270203175466212e-06,2.673098087310791,5.4127012845128775e-06
46,0.957087892238177,0.001085491719259648,0.05929311961574821,22634.31480078125,2.150200958491336e-06,1.3852198123931885,2.5352801458211616e-06
47,0.7976724511582957,-0.0028695676094157795,-0.15674519896532518,19179.041011230467,2.3396745748635206e-06,1.6018129587173462,3.6916942462994484e-06
48,0.5116271964831165,-0.013898087606614663,-0.7591591499667966,28744.544097167967,1.941496227297136e-06,4.285030364990234,1.165935282188002e-05
49,0.7729346175861082,0.01995052110770197,1.0897629281246757,75719.30617675782,1.2559374980039438e-06,14.375760078430176,1.6602667528786696e-05
50,0.7217650691664204,-0.03048583398906664,-1.665236288059785,33745.00799755859,1.8549084263611857e-06,25.599924087524414,5.03002738696523e-05
51,0.6635480569015421,0.03982777837371691,2.1755239448099704,53315.44120166016,1.4322220007498734e-06,18.371822357177734,3.669920624815859e-05
52,0.6596063094020946,0.00791785126505864,0.4324990175687631,42411.05780371094,1.625717179840449e-06,4.060458660125732,1.0656152880983427e-05
53,0.8688462030566825,-0.0034086567476179406,-0.18619201664973128,24601.733395996092,2.0489705428472496e-06,2.5574512481689453,5.021018750994699e-06
54,0.9989810243783889,-0.00014262775316560328,-0.007790795893626399,22240.10001928711,2.142327788612717e-06,1.509176254272461,2.8658653263846645e-06
55,0.6430430592019262,-0.0069770149078201,-0.381107448495682,20887.74332836914,2.2302172485456664e-06,2.1225197315216064,5.961779606877826e-06
56,0.6523269326364082,-0.01572998617626313,-0.8592234609945834,18227.38228955078,2.3850673103847533e-06,3.1250619888305664,1.3654743270308245e-05
57,0.9537066029621727,-0.0012059773589185206,-0.0658744406129696,15080.014422851562,2.6331363444256522e-06,1.2599537372589111,3.297997636764194e-06
58,0.7887124429804246,-0.004394305364870761,-0.24003137841080333,14307.315497558593,2.6743539368175155e-06,1.1333832740783691,5.4031884246796835e-06
59,0.9950111859513265,-0.0003101889318377316,-0.016943537304439288,20095.912119873046,2.2997661009105776e-06,1.7841273546218872,3.665362783067394e-06
60,0.265689741450239,0.029136999798689084,1.591558538545109,41372.28922705078,1.6392662334260554e-06,4.801567077636719,1.9855420759995468e-05
61,0.5883303349716856,-0.04938944637203437,-2.6978136263351202,66937.1066640625,1.3176969870068572e-06,13.767143249511719,3.779484177357517e-05
62,0.39189479128463184,-0.06999997491945874,-3.8236283265520177,35311.26261083985,1.7570379687969493e-06,7.278406620025635,6.963709893170744e-05
63,0.9465411043514517,-0.009318190968027733,-0.5089901671902988,66376.14572460938,1.294902543534334e-06,20.027101516723633,2.5259150788770057e-05
64,-0.23283698372006553,0.037776489895351595,2.0634758370666195,30141.52040673828,1.8895611917472493e-06,17.495304107666016,6.1608268879354e-05
65,0.977669886865679,0.001884076362126179,0.10291443326803469,34140.29776757812,1.7540911753789106e-06,7.314493656158447,1.1170573998242617e-05
66,0.8901858141469715,0.020076180419194855,1.0966268520542493,32266.21070288086,1.8016226168173837e-06,18.764530181884766,3.5106339055346325e-05
67,0.5451996551956917,-0.014041412262328017,-0.7669880129643825,23469.199368408204,2.110050219665542e-06,3.7293663024902344,1.5534697013208643e-05
68,0.9768977912938533,-0.0034954490902234397,-0.19093289920141837,21969.55527807617,2.177241636806457e-06,7.35565710067749,1.4259369891078677e-05
69,0.3553150213042882,0.008866237529316028,0.4843029873373201,26453.981311035157,1.9972038011370527e-06,2.2929608821868896,8.500315743731335e-06
70,0.7957702086106339,-0.012626451475904731,-0.6896982117872617,23058.341428710937,2.1360739091467687e-06,6.975583553314209,1.606329169590026e-05
71,0.9982293017398073,-0.0004607939661187706,-0.025170078469073914,50088.26986962891,1.4996132558152302e-06,13.63962173461914,1.67550279002171e-05
72,0.5585632740144899,0.013745490189774041,0.750823778328995,58505.429692382815,1.4051468625107234e-06,6.719827175140381,1.1747826647479087e-05
73,0.9886408451115363,0.00288006844475735,0.15731878904890287,70889.36089990234,1.2931635789651519e-06,23.890384674072266,2.5188161089317873e-05
74,0.9889135497309974,0.0042705016845591215,0.23326881514537876,39693.46137695313,1.697077987538293e-06,28.888813018798828,3.874355024890974e-05
75,0.9337325920041729,0.004939995020291994,0.2698387380045141,42335.903222167966,1.5994654573518802e-06,10.626233100891113,1.6113099263748154e-05
76,0.8955564691584693,0.007950519161652889,0.4342834452764923,27192.890076171876,1.9516298991600264e-06,7.206792831420898,2.135461545549333e-05
77,0.8880744337672275,0.0032456683808485868,0.1772890572301771,21767.091288085936,2.1721145076906763e-06,2.051900625228882,4.674373485613614e-06
78,0.5849552929420674,-0.007448076558479484,-0.4068383815865292,20331.461832275392,2.250123361994552e-06,1.3243277072906494,5.979026354907546e-06
79,0.6089699720641956,-0.01039312722109666,-0.5677067126062242,16967.71757727051,2.476938947346202e-06,2.234478712081909,1.137993240263313e-05
80,0.37167521180166024,-0.015746825241062353,-0.8601432659692715,16523.278625732422,2.4962105730424245e-06,2.1750760078430176,1.2846026038459968e-05
81,0.7797333570039292,-0.007109393757247813,-0.3883384156366069,12805.85499267578,2.8374224226682873e-06,1.601806640625,9.624724953027908e-06
82,0.8685173775181765,-0.00467749890041439,-0.25550033858753096,13407.119521240234,2.755597510666699e-06,2.3873698711395264,7.802255822753068e-06
83,0.6106151211485,0.00774093056609731,0.42283502844762005,16797.067790771485,2.4610284660980245e-06,2.417102813720703,7.4904842222167645e-06
84,0.3903858028189618,0.02139622170523287,1.1687318386534662,31097.911313720702,1.8672940246079867e-06,6.955428600311279,1.5396271919598803e-05
85,0.8070477562798442,0.012482106446905318,0.6818136126525599,52753.098545898436,1.4656818077054622e-06,7.730169296264648,1.236658681591507e-05
86,0.6181474971688178,0.034147910804117755,1.8652709403600167,37816.72610009766,1.7421905081029443e-06,24.54632568359375,4.17185656260699e-05
87,0.7762194394135963,-0.024565252945997717,-1.3418347238167636,30718.85762207031,1.9122171134430095e-06,20.163055419921875,4.285739851184189e-05
88,0.6471365324953987,-0.005571679545094653,-0.304343419545601,36373.778302734376,1.724039315857966e-06,4.09455680847168,7.722772352281027e-06
89,0.7686259900471412,0.006819517479215368,0.372504422136529,31820.81780957031,1.8099791491559662e-06,4.597388744354248,9.90764510788722e-06
90,0.8203465527080649,-0.004463962044426666,-0.24383625481811583,26494.895501220704,1.9754134553064425e-06,3.448693037033081,5.876783234270988e-06
91,0.662145127258989,0.005984645510179913,0.32690097565642406,30910.271907470702,1.8227123485562946e-06,3.7604174613952637,7.833549716451671e-06
92,0.8004112560556595,0.014872400146371362,0.8123792979770633,26763.037611328124,1.9730458810437856e-06,4.617388725280762,1.857438837760128e-05
93,0.5852184929796794,0.006467217680920598,0.35326065112449123,34798.3807890625,1.7610801809606487e-06,2.8830721378326416,6.903974735905649e-06
94,0.7177111413528608,-0.009743532168075558,-0.5322236992426136,43944.72913330078,1.5775721251893688e-06,5.154778480529785,1.1108915714430623e-05
95,0.9936885677552254,0.0008835339885439017,0.04826152566418764,57944.631682373045,1.4035538222313234e-06,11.199713706970215,1.199826965603279e-05
96,0.8737206077460324,-0.015694552430465816,-0.8572879535275831,36369.206896728516,1.7900747569250787e-06,18.141416549682617,3.1020095775602385e-05
97,0.9780907462165611,0.023509117119198137,1.2841451193749946,40721.71243554688,1.6812693868803076e-06,101.8318099975586,0.00013696483802050352
98,0.6034615179478162,0.06134780436263415,3.3510183796870607,35911.04381103515,1.748358084424527e-06,19.349966049194336,0.00011036441719625145
99,0.8776884708431668,0.00706263887496549,0.38578451054585516,22727.473358398438,2.1264834842496317e-06,4.014952659606934,1.2529440937214531e-05
100,0.5797024732203643,-0.008320044066961657,-0.45446810815573996,21450.58323071289,2.1984187107276008e-06,2.8151743412017822,8.230968887801282e-06
101,0.5687041303340947,-0.009698663853235695,-0.5297728446561121,19543.75677319336,2.2973424629610543e-06,2.9944655895233154,9.425625648873392e-06
102,0.7236657576008764,0.00732220682219047,0.39996296356410754,14702.187869628906,2.6561654019404952e-06,1.4551864862442017,8.11558584246086e-06
103,0.7306863591420875,-0.0033349649973295715,-0.18216673143841502,15781.018733642579,2.5334447428324945e-06,1.3302379846572876,3.8540033528988715e-06
104,0.8861783328207476,-0.0025155823201227045,-0.13740936090422526,13001.718807617188,2.798780377365226e-06,1.4125593900680542,4.744113994092913e-06
105,0.9991109784268137,0.00024482955163833566,0.013373393489047394,13058.86698461914,2.8126410355398804e-06,2.3533623218536377,5.846870408277027e-06
106,0.7108052812645874,0.006941616978077092,0.3791738974190939,14873.529646850586,2.6553480630914272e-06,2.7396278381347656,1.0339949767512735e-05
107,0.45887342996267066,0.022390678522241407,1.223052333188238,20462.03273132324,2.264784464193529e-06,3.1415464878082275,2.1568635929725133e-05
108,0.2433448583653465,-0.021973719869422936,-1.2002766833719052,37578.96893701172,1.7126787578857807e-06,6.035538196563721,1.4275646208261605e-05
109,0.5580348253405831,0.017654317123590963,0.9643367317968853,64760.29380908203,1.3258874126547073e-06,8.07097339630127,1.3183966984797735e-05
110,0.4241657281317414,0.03225456230337964,1.7618500324555966,52238.38688867188,1.4875100883391572e-06,19.524694442749023,3.158269100822508e-05
111,0.839192912044119,-0.014285639699980625,-0.7803285170117651,55391.2292211914,1.4368853928046179e-06,14.97953987121582,2.357290759391617e-05
112,0.45009060190369793,0.057371676311515026,3.133829218351647,51764.330599121095,1.4466514636492718e-06,33.15376281738281,8.453146438114345e-05
113,0.841231903739689,-0.005364594762654478,-0.29303176920505203,40605.39537304688,1.6191097054795954e-06,11.424768447875977,1.4049658602743875e-05
114,0.82913574966384,0.02092553848232847,1.1430215765283616,29185.620481933594,1.8748777988817837e-06,7.844847679138184,3.131528137600981e-05
115,0.32504328176487346,-0.013520884065303076,-0.7385550547925598,27158.927669921875,1.9470523931233402e-06,4.435794353485107,1.0556584129517432e-05
116,0.870607987381068,0.012526338834700763,0.6842297308171776,29414.400901367186,1.8755629003894945e-06,4.776335716247559,1.6533778762095608e-05
117,0.9815944597994818,0.0018586507327033165,0.10152560195783022,28403.729990234377,1.9265622040408838e-06,4.812962055206299,9.36075684876414e-06
118,0.7876070047296593,0.007868536055735889,0.4298052590136596,34711.486643066404,1.7506591098818609e-06,3.1568257808685303,9.470009899814613e-06
119,0.976666465704987,0.0019145473986477998,0.10457886126986649,52738.604244140624,1.4547592867765212e-06,6.7535247802734375,9.709679943625815e-06
120,0.992583845211656,-0.0012871403603893414,-0.07030783007987847,62370.87002734375,1.354642875780299e-06,20.792394638061523,2.175782537960913e-05
121,0.9755093268395073,0.016824603422932856,0.9190150468617847,71308.56619091796,1.283952903050461e-06,83.76377868652344,9.057946590473875e-05
122,0.5716733068477438,0.018203548779587825,0.9943375670846831,44129.58682861328,1.5613880708564925e-06,13.119828224182129,3.394776285858825e-05
123,0.9985887250135504,0.0002937607707723964,0.016046177240027135,34641.96702294922,1.7324623016395974e-06,5.738536834716797,8.584383067500312e-06
124,0.8752044373129974,0.0037159196889349475,0.20297572675064457,24631.94128588867,2.0475300613490305e-06,2.8859310150146484,6.621696229558438e-06
125,0.551792794079297,0.01022009441597589,0.558255093004306,24086.17236230469,2.0573493952506327e-06,2.3436458110809326,1.3448456229525618e-05
126,0.9911432701474752,0.0007319262061119089,0.03998021110515115,21621.25287060547,2.1766183996005036e-06,2.728071928024292,5.10639620188158e-06
127,0.5300022644774061,-0.006275157762057184,-0.3427697081347776,21815.13389477539,2.1921812016108326e-06,2.058168649673462,6.111371021688683e-06
128,0.9350073079076764,0.0021488921616839747,0.11737954120089819,22998.34814355469,2.1231259263220346e-06,2.1385271549224854,4.783163149113534e-06
129,0.6311211579459305,-0.009517939251179587,-0.5199010738658845,43764.96473876953,1.601732693819134e-06,4.476952075958252,9.760640750755556e-06
130,0.986914447801276,0.0021568949032996607,0.11781667720797563,63752.45217431641,1.3532116683340785e-06,14.061604499816895,1.476817578804912e-05
131,0.9489310606285224,0.007836462504221955,0.42805329638448847,38458.04106787109,1.7107425181619106e-06,18.611873626708984,2.698661046451889e-05
132,0.7012157061700849,0.01732602537046723,0.9464043589915858,46852.31075146484,1.5272924216206228e-06,14.159130096435547,2.4011276764213108e-05
133,0.8998404722150479,0.005950096694291359,0.32501380596483054,38448.763010253904,1.6795012126269729e-06,7.154439926147461,1.2137282283219974e-05
134,0.5434674239277237,0.011347237806336768,0.6198233635705241,25105.79904980469,2.035954308757468e-06,3.314019203186035,1.2839249393437058e-05
135,0.8908571732566221,0.0034887868556159347,0.19056898608583936,26285.68242944336,1.995463301556712e-06,4.068131446838379,7.905082384240814e-06
136,0.5307269817437162,0.004825325529423324,0.2635751141392023,22401.191465576172,2.149197943834682e-06,1.0420644283294678,4.313038971304195e-06
137,0.9127277569112695,-0.004726501579578242,-0.2581770257198253,23493.061610839843,2.103206972166754e-06,4.197755336761475,7.306030056497548e-06
138,0.7234944935183565,0.0073839747102033716,0.403336928291226,22039.47366088867,2.1654547863813227e-06,2.259758710861206,7.884801561885979e-06
139,0.9415636512389631,0.0017269808731129582,0.0943333621682861,32737.220415527343,1.7835039979572048e-06,1.9325919151306152,3.3584492484806105e-06
140,0.8462834632981576,-0.017974313210007455,-0.9818159680654079,73991.07932275391,1.2472704570670145e-06,13.554764747619629,2.5337887564091943e-05
141,0.9589988906833122,-0.007892315439318056,-0.4311041669740887,44184.6309506836,1.5879634814557768e-06,17.464445114135742,2.443469020363409e-05
142,0.6626700243050722,0.0578463276817174,3.1597562337031633,46492.618737304685,1.5626597253385116e-06,37.53611373901367,6.8437191657722e-05
143,0.6254007780431573,0.010827188846348843,0.5914165828982216,66688.44863232422,1.3122684306512838e-06,6.290499210357666,1.47520577229443e-05
144,0.8293266230730545,0.0072240695932112705,0.3946023860918166,28596.35416357422,1.897493514771986e-06,4.569991588592529,1.029203940561274e-05
145,0.5882487105389123,-0.0018630597575937204,-0.10176643736502598,23816.756650390624,2.0951512621664275e-06,1.0241177082061768,2.1016876416979358e-06
146,0.6346296316884092,-0.003735795424554044,-0.2040614046499821,27810.35252758789,1.933354951391672e-06,2.3906753063201904,3.772039008254069e-06
147,0.00979104743658196,-0.01039778506393118,-0.5679611392659933,29226.20161254883,1.907733795505048e-06,2.2563769817352295,6.4185965129581746e-06
148,0.3597028339268634,-0.018344391537363475,-1.0020308606728638,29496.813731445312,1.903068586580338e-06,3.788602352142334,1.5096665265446063e-05
149,0.7478734261732468,-0.00707667984663863,-0.38655147449239236,41588.889951416015,1.6247358748795063e-06,3.2682907581329346,7.380712759186281e-06
150,0.8747972417860084,-0.00901011940763635,-0.49216228766215725,65494.48144726562,1.3184496171318223e-06,11.240159034729004,1.353571133222431e-05
151,0.6080335987463132,0.05640214978479894,3.080870498078381,42582.67609912109,1.6498511620345405e-06,56.585628509521484,7.757878483971581e-05
152,0.8640231926895042,-0.017811946123169668,-0.9729469449943707,45453.383005859374,1.577855901602177e-06,11.857699394226074,3.496116551104933e-05
153,0.6373657973886067,0.018891459424799882,1.031913503821745,38093.206629882814,1.6704018891514714e-06,3.654569149017334,2.3327440430875868e-05
154,0.9161645996910011,0.003418220136086126,0.1867144003089661,27021.453770019532,1.9563619106686954e-06,3.4566473960876465,7.882933459768537e-06
155,0.07819817624114674,-0.018559900552245708,-1.0138026702324978,29341.66872167969,1.8628687816706736e-06,4.809651851654053,2.2103289666119963e-05
156,0.03396403032727891,-0.008270448181466545,-0.45175901814709724,34256.623140380856,1.751110923735284e-06,2.2319812774658203,6.852596015960444e-06
157,0.23525527485378142,0.023014229753828615,1.2571127475654789,56824.18990917969,1.3856309043969633e-06,16.274972915649414,3.63605868187733e-05
158,0.7511950689094319,0.0047369810670394,0.25874944971212444,38733.53075488281,1.6739178928114875e-06,3.180478811264038,7.362812539213337e-06
159,0.8946127003468775,-0.0068472583368982395,-0.37401971881143664,54908.14970361328,1.4349398264198531e-06,10.544918060302734,1.4147533875075169e-05
160,0.7016736196057315,-0.02915782934463807,-1.5926963166944785,57341.89528515625,1.3939551303910795e-06,21.34028434753418,4.259424895280972e-05
161,0.7442538519339913,-0.024015565928137136,-1.3118090151697543,48083.68671240234,1.5443307869003103e-06,19.785858154296875,3.384228330105543e-05
162,0.17566645653856666,0.049226429245326025,2.688909095953326,41561.557966308595,1.642583554683984e-06,22.87790298461914,4.40677504229825e-05
163,0.50304806151118,0.013241869633434584,0.7233143709717914,34927.81942578125,1.7336099763135515e-06,4.1047282218933105,1.58747370733181e-05
164,0.6111248816095486,-0.007716366977818106,-0.42149328465336594,23312.79583935547,2.106256114900299e-06,3.12847900390625,6.982035756664118e-06
165,0.6140029869549642,-0.007216081485246646,-0.3941660494227786,23962.741900634766,2.0775161129460003e-06,1.5823087692260742,8.658415026729926e-06
166,0.48707465966881835,-0.013025275191930622,-0.7114832718483823,19140.264963378908,2.317961129323251e-06,1.8504890203475952,1.2260704352229368e-05
167,0.6555404536123329,-0.003261490688052924,-0.17815332356866537,20204.084561523436,2.2580297872241884e-06,0.9160196185112,3.096587533946149e-06
168,0.4811883355514765,0.006652259529265512,0.3633682440735349,17871.20213696289,2.4199868985652054e-06,1.319167137145996,5.957594567007618e-06
169,0.47767280533483153,0.0056256098870342535,0.30728927178823623,27065.260564941407,1.9890654895062998e-06,1.4152731895446777,4.425823135534301e-06
170,0.9985518579307224,-0.00011802758732163454,-0.006447054112760008,60616.63450415039,1.3872860045347769e-06,14.363349914550781,1.4987113900133409e-05
171,0.9696587129965263,0.004306758908870199,0.23524930371094607,48451.66273828125,1.5245880051196514e-06,17.773344039916992,2.1977004507789388e-05
172,0.9971886980883569,0.0002944528661643573,0.016083981761363365,48779.6151953125,1.5011265489259024e-06,35.89070129394531,4.362605250207707e-05
173,0.9918608378747279,0.00949499775666081,0.5186479341555293,42653.2044116211,1.5920040859656015e-06,63.60625076293945,9.307955042459071e-05
174,0.068959737075824,0.018735070672572497,1.0233710370043103,36934.97650439453,1.6880911723128871e-06,6.686172962188721,2.7416133889346384e-05
175,0.8103704508151788,0.00827725367734847,0.45213075666357966,29899.11513671875,1.8562668459212619e-06,5.918379783630371,1.5322566468967125e-05
176,0.9087325851361099,0.0037707771629694195,0.20597222199057344,30537.62044091797,1.8531343023355174e-06,4.439398765563965,7.914279194665141e-06
177,0.9632139323676704,-0.0026415460776058417,-0.14428991467278907,26010.676229736328,2.007312426102893e-06,5.129879474639893,8.535985216440167e-06
178,0.6974211596266987,-0.005531202685064084,-0.3021324406308109,27445.28437792969,1.9533676424685506e-06,2.622556209564209,6.0283468883426394e-06
179,0.8365206986764683,-0.005843307314947461,-0.31918061964863476,23353.38415185547,2.1016468556116537e-06,5.066373825073242,7.867423846619204e-06
180,0.9011918677868999,0.0039383291183880745,0.21512445959701665,30414.173625976564,1.856062555690376e-06,2.58906626701355,6.664095508313039e-06
181,0.9045584389813572,-0.012901714798836414,-0.7047339977290915,60411.01218457031,1.3546315163177095e-06,19.040531158447266,2.8710453989333473e-05
182,0.8916403990820921,-0.01964472320115319,-1.0730592430301373,97201.63690917968,1.08879733113323e-06,36.09162902832031,3.8903323002159595e-05
183,0.991220240683125,-0.008685403887247376,-0.4744252604238056,83900.39711035157,1.150929321320996e-06,64.1187515258789,6.139565812190995e-05
184,0.7522344564080876,0.07217583867423169,3.9424811446714565,54225.29455712891,1.4528470656621524e-06,72.51065826416016,0.00013350100198294967
185,0.7077134768628591,0.005001389172787892,0.2731922880713258,50098.45110498047,1.4903563858984335e-06,5.295064449310303,9.150308869720902e-06
186,0.9983622611471559,-6.555497197922789e-05,-0.003580827680217086,27615.634845458986,1.934023245591877e-06,7.757166862487793,1.2824712939618621e-05
187,0.8257727717267673,-0.0030777047893773236,-0.16811433471180656,23557.998525634765,2.0893105595106668e-06,2.237025260925293,4.5176489038567524e-06
188,0.9657928625397705,0.0024362147276761905,0.1330740425696416,25384.679142089844,2.026563843056948e-06,4.410200119018555,9.136238077189773e-06
189,0.7992146978811281,-0.003287848843765752,-0.1795930925248,24413.354317138674,2.0637699597385124e-06,2.171022653579712,4.423029167810455e-06
190,0.9843211027316483,-0.003064770251591689,-0.16740780781483386,21003.365835205077,2.213735055201066e-06,7.330539226531982,1.3544804460252635e-05
191,0.8692452129651638,0.00967609185899123,0.5285398882632104,24904.32433959961,2.0296596670350787e-06,4.196033000946045,1.3485642739397008e-05
192,0.8895231603614976,0.011811692825320925,0.6451934207604079,43836.56372949219,1.5596236095185862e-06,10.64758586883545,2.0805231542908587e-05
193,0.9043140138438572,-0.014899424733911709,-0.8138554696264324,46793.30080761719,1.5530868261760571e-06,33.775779724121094,4.139047086937353e-05
194,0.6834721364371099,-0.01833780789223365,-1.0016712403724375,30939.550560058593,1.9092054069686116e-06,18.717281341552734,4.432924833963625e-05
195,0.982552127425414,0.0032912310139067563,0.17977783775608389,52107.24037792969,1.4386402040342242e-06,15.484701156616211,1.8109371012542397e-05
196,0.13020658964375226,0.017586297142388272,0.9606212572242527,34699.74446923828,1.757866319634056e-06,9.342307090759277,2.7982061510556377e-05
197,0.8669828165407516,0.008829950031083845,0.4823208451108418,26514.602462890623,1.961617557069022e-06,5.508758544921875,1.3947489605925512e-05
198,0.9860664302947909,0.0014161644890114218,0.07735555136228908,24312.16036645508,2.071032338775399e-06,4.246906280517578,8.487906598020345e-06
199,0.9759992788562809,0.0014103187229554477,0.0770362364381375,24447.53857763672,2.0563581232577027e-06,3.477039337158203,6.612782271986362e-06
200,0.9495487979171193,0.004188997070756004,0.2288167656919203,30570.531095703125,1.8533640341534414e-06,4.881101608276367,1.015511134028202e-05
201,0.6401314146226649,0.020631797659947285,1.1269764889349203,42409.42432763672,1.6124633118691467e-06,6.992705821990967,2.5202598408213817e-05
202,0.48883846761559363,-0.024840133987730533,-1.3568496283051015,54872.88477001953,1.436844448545096e-06,22.251220703125,2.8900767574668862e-05
203,0.9866962799472481,0.007170456747027355,0.39167387650918084,32105.829937255858,1.8299632797275189e-06,33.730533599853516,5.384137693908997e-05
204,0.6660822691975556,0.008803583769552098,0.4808806333882795,48716.44612890625,1.4937982824700613e-06,9.542664527893066,1.2918407264805865e-05
205,0.5962816405744481,0.007673640511836411,0.41915942487971547,44795.60922363281,1.5431608214516286e-06,8.049149513244629,1.3429798855213448e-05
206,0.8664210618722463,0.007452954430191168,0.40710482694556743,25940.139485595704,1.9851586498250134e-06,5.2642951011657715,1.1472718142613303e-05
207,0.8354680531385171,0.0030535612305244452,0.16679553430309407,25161.581296142576,2.0154358816380105e-06,1.4708069562911987,4.823709332413273e-06
208,0.39927313412899706,0.010829130630578509,0.5915226495245762,23591.10567138672,2.0803938909536406e-06,3.519639253616333,1.0016296073445119e-05
209,0.9842364951302499,0.0013809419609657936,0.07543158130197125,26258.505626464845,1.978212543587189e-06,2.685070514678955,5.267103460937506e-06
210,0.5932463012108674,-0.007412368340373559,-0.4048878815413847,29626.197200927734,1.9011213375542472e-06,4.655214786529541,6.929011306056054e-06
211,0.2790977718413702,0.017623417653687617,0.962648901357891,54851.298747070316,1.4343853407840833e-06,8.007612228393555,1.0851660590560641e-05
212,0.9831567577286843,0.0019497769483767958,0.10650321487757064,37588.33506152344,1.7234739882034558e-06,11.524065017700195,1.6328232959494926e-05
213,0.9805490662305246,0.014710732273569782,0.8035484682710702,36290.19650830078,1.771359798454873e-06,57.2950439453125,0.00010407526860944927
214,0.6982493618482453,0.020370192178318636,1.1126867391016169,48171.58575732422,1.5025557944716821e-06,14.76911449432373,3.522031693137251e-05
215,0.4231325390930008,0.012183595710434697,0.6655079766996578,33563.02943164062,1.7518850785899565e-06,5.9345221519470215,2.058320023934357e-05
216,0.6976152324326077,0.0038398843235117946,0.2097470818661868,22684.17182836914,2.138422543894171e-06,1.4399805068969727,4.132281446800334e-06
217,0.9988010090163518,-0.00042452196424835176,-0.02318878270472461,22263.578543701173,2.1592301865361405e-06,4.1754302978515625,7.670806553505827e-06
218,0.8136176011550532,-0.0037346854833243833,-0.20400077601788014,17044.63488696289,2.4889865893033566e-06,2.3444693088531494,5.871212579222629e-06
219,0.9880730707289586,0.0005722552127235052,0.031258457505223984,16148.40294091797,2.5432778371917753e-06,1.3712117671966553,3.0339253953570733e-06
220,0.8321046450183877,-0.005990316900279866,-0.3272107655936641,13551.934277832032,2.7794647926535422e-06,3.024609088897705,1.0973421922244597e-05
221,0.5307961211397327,-0.01038441316155524,-0.5672307220799393,16718.19170654297,2.4757747357825335e-06,4.668705463409424,1.2727374269161373e-05
222,0.8194819117015416,-0.013487950132614574,-0.736756095320397,17018.24680932617,2.4598181415074792e-06,6.740589141845703,2.5993196686613373e-05
223,0.9980259195834966,0.00014349964259111303,0.007838421355047434,30023.410658691406,1.8423289036826828e-06,7.671581268310547,1.2199065167806111e-05
224,0.8142220716013816,-0.028475355097445237,-1.5554173338561095,54690.38075292969,1.4187724401677863e-06,15.069798469543457,2.8315749659668654e-05
225,0.6984036478075126,0.03282592151003147,1.7930595471690502,80213.25923046876,1.2109738198194603e-06,29.05777931213379,3.0356348361237906e-05
226,0.4478165890656011,-0.12213103807497169,-6.671198057884615,37344.728989746094,1.7358155220900467e-06,59.16884994506836,0.00016209986642934382
227,0.7432621981913776,-0.09778013937401857,-5.341072066309716,51058.62449072266,1.4514768095770514e-06,73.44569396972656,0.00011448173609096557
228,0.959447986443317,-0.0036353582852862317,-0.1985751985308496,56561.653513671874,1.3703978998423558e-06,21.081483840942383,2.5103950974880718e-05
229,0.9885163297750187,0.010793179827854453,0.5895588987115773,35156.61148486328,1.7369828883774724e-06,57.918853759765625,8.314810111187398e-05
230,0.7131468459673553,0.025213947816543496,1.377268566259732,35757.753071289066,1.714249367026782e-06,15.043654441833496,3.850900975521654e-05
231,0.362156233376565,-0.007683446045821581,-0.41969503532165925,25403.96454345703,2.0076904630120216e-06,4.868724346160889,7.793605618644506e-06
232,0.6181495226538433,0.0254085830530042,1.387900181547203,21200.001554199218,2.1998227958689346e-06,11.919668197631836,4.330705996835604e-05
233,0.43522884623861796,-0.06463794714719183,-3.5307367747852036,28921.127361816405,1.8797217728118935e-06,13.635916709899902,6.819602276664227e-05
234,0.6618774494968003,0.011973537712760584,0.654033919586785,25627.187844726563,2.031888587446842e-06,12.200078964233398,2.625132583489176e-05
235,0.2474313696676217,0.06996846052094004,3.8219069066942413,29929.470235107423,1.8896671610006042e-06,35.744163513183594,8.347557741217315e-05
236,0.8666824740137937,0.009580711033025753,0.5233298745683319,31998.581354492188,1.824208193696376e-06,10.479269027709961,2.1186842786846682e-05
237,0.988900041751845,0.0021213227035669145,0.1158736069327021,45270.86289013672,1.5734186478116175e-06,11.241724967956543,1.6812007743283175e-05
238,0.9753015235651413,0.002077205843900284,0.11346379929357164,62578.71872509766,1.3550152330504442e-06,9.371941566467285,1.1212642675673123e-05
239,0.7215770624637848,0.01223896702575347,0.6685325396366434,64812.60809521484,1.3262576763408887e-06,11.841193199157715,1.8407083189231344e-05
240,0.9816751033866581,-0.008114787589760685,-0.4432563258467186,68223.54470996094,1.3010278630294273e-06,45.93036651611328,4.1925311961676925e-05
241,0.8764065417932033,-0.019412658951756565,-1.0603831322373274,47459.66609472656,1.5346754616099359e-06,47.497825622558594,6.0545524320332333e-05
242,0.3345111292558718,-0.03449812690591991,-1.8844008930322294,64980.131283203125,1.2988707969340788e-06,20.503162384033203,3.756452861125581e-05
243,0.8788849261610101,0.009171202685172538,0.5009611848564759,38643.788584472655,1.680949251715574e-06,12.257965087890625,2.689916618692223e-05
244,0.675009890397978,-0.01096318427926663,-0.5988450996967556,52304.319598632814,1.4238385578485388e-06,13.92017650604248,1.7763901269063354e-05
245,0.5033827236403642,-0.011991567261010853,-0.6550187526739965,30054.865837890626,1.8611930795419188e-06,5.657863616943359,1.2531535503512714e-05
246,0.606853069324172,0.021484747714071467,1.1735674197436214,36842.26657373047,1.6717206702030023e-06,13.369534492492676,2.5070374249480665e-05
247,0.8409833592105549,0.004397889733096918,0.2402271683649869,32997.405882324216,1.7743865807089928e-06,3.9131429195404053,7.0745954872109e-06
248,0.9934980312305159,0.00036304442585087315,0.0198306778263478,29871.072575683593,1.8733349070095406e-06,3.3336994647979736,5.5914024414960295e-06
249,0.984862953397674,-0.003872441350000232,-0.21152545348492988,67202.89252978515,1.2935648080571123e-06,22.736900329589844,2.6207575501757674e-05
250,0.891859720570791,0.01703286913933144,0.930391203690234,66466.0681040039,1.2989779663200913e-06,34.782344818115234,4.345331763033755e-05
251,0.8382564119068244,-0.049788954841012194,-2.719636089849409,40361.510907714845,1.655387292831378e-06,63.81476593017578,0.0001121948953368701
252,-0.20126432051413548,0.0368325847974085,2.0119166433065536,67131.15426855469,1.267185349476387e-06,10.791991233825684,2.0752531781909056e-05
253,0.5587916304519632,0.011304865757999999,0.6175088632516184,34080.4913125,1.7518724275518908e-06,6.357548236846924,1.565910133649595e-05
254,0.8864872177092129,-0.0041350542230784255,-0.22587023034484072,24918.298012207033,2.0416657810929586e-06,3.4697105884552,7.036747774691321e-06
255,0.741315240482756,-0.009104318556875182,-0.4973077542966971,20084.233388427736,2.2896520527445085e-06,4.151971817016602,1.1659661140583921e-05
256,0.6561388023788679,0.0034164452767031692,0.18661745166548263,20696.78665576172,2.2357384794313214e-06,1.4974068403244019,3.8163693716342095e-06
257,0.2274566969406794,-0.005413909238546652,-0.29572548769777063,17849.40997314453,2.397748593230568e-06,1.2007228136062622,3.469961711743963e-06
258,0.06286485352927355,-0.013105360795622129,-0.7158578103132347,16210.312033813476,2.533032471735383e-06,1.9398341178894043,1.193278694699984e-05
259,0.5987964615594477,0.010495150884439655,0.5732795798763298,15436.548853759765,2.5769551598185817e-06,2.585090398788452,1.1831516530946828e-05
260,0.8972705626089496,-0.004772338757120708,-0.26068080276634886,17465.47453149414,2.4497621720804133e-06,4.3369269371032715,8.16016017779475e-06
261,0.852615442965785,0.007609733581900053,0.41566861866373056,32005.56771142578,1.8422248944803539e-06,4.036511421203613,9.903877071337774e-06
262,0.9973523279151039,-0.00015267648481077245,-0.008339690589783035,66825.6082475586,1.3094032912449898e-06,18.828750610351562,1.8222764992970042e-05
263,0.9228604448441917,-0.010964038902981596,-0.5988917820484114,39759.61691210938,1.690044358099136e-06,20.976688385009766,2.988027517858427e-05
264,0.9601767058963172,-0.0440000711601829,-2.4034282676808822,36277.02704833984,1.7315975493759149e-06,119.88642883300781,0.0001647621247684583
265,0.8283368558753297,0.12805037952727136,6.9945319116122535,45918.24188427734,1.5457446594716222e-06,44.4412841796875,0.00019762772717513144
266,0.7936736377825294,-0.006372938231094879,-0.348110798208399,28492.410067382814,1.9005961032722654e-06,5.605821132659912,8.274661922769155e-06
267,0.2504001235355065,-0.00807512332258272,-0.4410897334199628,18360.811553710937,2.3650577326511884e-06,2.875413179397583,7.895099770394154e-06
268,0.7672735500668263,0.01263705932941982,0.6902776475546444,15103.613240234376,2.643458080798308e-06,3.6448092460632324,1.836918090702966e-05
269,0.6210283685417374,-0.01348911593179102,-0.7368197750968436,14081.496869628907,2.7014199390695347e-06,4.061979293823242,1.649673140491359e-05
270,0.007247343678394875,-3.14866686450439,-52.1657559590186,14375.817994262696,2.703563618138653e-06,207.00958251953125,0.0009527134825475514
271,0.966357233298672,-0.00264668675435497,-0.14457071530533538,44329.81864501953,1.5653613709234617e-06,15.461289405822754,2.1468569684657268e-05
272,0.9800918603691556,0.004393929474770143,0.2400108460600697,67796.01642285156,1.2366784413738022e-06,43.49812316894531,5.071283158031292e-05
273,0.6337099011795903,-0.08163020604988992,-4.458909714092946,60686.39336230469,1.301483489099639e-06,109.34451293945312,0.00023355735174845904
274,0.7629960628942488,0.026616615176914674,1.4538868601664958,79029.62456347657,1.1483871993822316e-06,69.67456817626953,9.107157529797405e-05
275,0.9800937334249309,0.008164044508727706,0.4459469003913193,88792.82734960938,1.0745437076202012e-06,77.23605346679688,7.849917892599478e-05
276,0.6420374695139709,-0.017177619151431393,-0.9382979243307905,57120.14216992188,1.3346667477817492e-06,26.062528610229492,3.532825576257892e-05
277,0.31797429343467026,-0.05118458515575875,-2.7958699972329426,47372.147782226566,1.4619172504780212e-06,20.13681983947754,9.415789099875838e-05
278,0.5906844943354751,-0.021931770887501235,-1.1979852923288312,49655.89811425781,1.4613874486138396e-06,19.267372131347656,4.0051625546766445e-05
279,0.9842397128301862,-0.0027702979096165966,-0.15132276222078064,53617.15956640625,1.4177152691009987e-06,26.596315383911133,2.8113134248997085e-05
280,0.4829346461998735,-0.018963716023978075,-1.0358603963701487,51165.796743164065,1.462655573704554e-06,22.840394973754883,3.696466956171207e-05
281,0.9973483707267338,-0.0024021209277248715,-0.13121172734161965,64180.777165039064,1.3190577407588215e-06,42.409000396728516,4.499816714087501e-05
282,0.9176284363738315,-0.024359692004620122,-1.3306063106753527,53441.909337890625,1.4453290827401598e-06,103.394287109375,0.00014220885350368917
283,0.4185813650358017,0.06430993626521747,3.5128197440837283,56681.4623359375,1.3648227612424061e-06,45.02589416503906,0.00013680847769137472
284,0.7841849667370296,0.010367262722010858,0.5662939087949321,49563.40135449219,1.466735867053024e-06,21.729764938354492,3.352485509822145e-05
285,0.9324542163255847,0.013268697681588823,0.724779806994971,41040.13780810547,1.5828419907877347e-06,21.681034088134766,4.4187843741383404e-05
286,0.9113922437176806,0.015024686906433014,0.8206977005222147,37947.84168457031,1.65451865938847e-06,15.555391311645508,3.3911364880623296e-05
287,0.732936406194365,0.027894749190502506,1.5237027340308382,40112.56062109375,1.6243836683009365e-06,17.23462677001953,5.1952458306914195e-05
288,0.15974149574026064,-0.029429022002127037,-1.6075097495324306,49492.46622265625,1.4780721902893621e-06,19.167564392089844,3.404215385671705e-05
289,0.9528902191477218,-0.004337978247387017,-0.23695460642321803,55634.12248144531,1.4113921402266476e-06,14.687952995300293,1.518689896329306e-05
290,0.869501806240805,0.011041716477192938,0.6031347860413996,39327.884166015625,1.6657965786432915e-06,28.92153549194336,3.360969640198164e-05
291,0.16595863272614603,-0.0239827843986797,-1.3100183804621657,60502.92919921875,1.354362934455041e-06,21.29639434814453,4.5402379328152165e-05
292,0.5814807445171528,0.00909264991490111,0.4966703747828359,59645.122802734375,1.3440226554412647e-06,6.6992387771606445,1.7028827642207034e-05
293,0.9000883033690273,0.004547789049429309,0.24841516089953822,32274.617532226563,1.7905290532329308e-06,10.283943176269531,1.911899926199112e-05
294,0.8714972291477281,0.009425781105295307,0.5148670935318759,32626.03304785156,1.7780202827467458e-06,11.936394691467285,2.1052030206192285e-05
295,0.8554915205126536,0.013986016708820045,0.7639621260579684,38601.70733789063,1.6628726608311743e-06,18.583784103393555,3.516366996336728e-05
296,0.9923532595578922,0.0010098409942928526,0.055160828779357844,40807.86870849609,1.6276767105885978e-06,5.513134479522705,8.59315423440421e-06
297,0.5449699467966933,-0.01188681831088981,-0.6492970212973749,63991.89227929687,1.309281987164209e-06,13.348518371582031,1.2631952813535463e-05
298,0.9328746068302577,0.015542760265187914,0.848996567372473,54756.990113769534,1.4094094218646061e-06,59.98947525024414,7.813217234797776e-05
299,0.9504312706395244,0.038238639734747344,2.0887199777832155,53772.51435449219,1.409336345648186e-06,87.13478088378906,0.00018699697102420032
300,0.7120491047809001,-0.018223109676157898,-0.9954060474420564,44677.532758789064,1.5311963770053773e-06,38.1572151184082,3.381038550287485e-05
301,0.6849907643151983,-0.021862546765972605,-1.1942040436603552,43402.234211425784,1.5584188217969745e-06,33.00486373901367,5.037027221987955e-05
302,0.6437200710633602,-0.01808516541761769,-0.9878710793931905,21190.24080981445,2.2081019397434845e-06,8.614099502563477,2.2593047106056474e-05
303,0.9804626692485419,-0.001963728884719258,-0.10726531542218753,20254.560877685548,2.25261285655321e-06,4.215879440307617,8.003545190149453e-06
304,0.6251446380303339,-0.007963826623104235,-0.43501034248779014,18263.1512800293,2.3830025527369486e-06,4.775437355041504,9.498645340499934e-06
305,0.3040151254888506,-0.016954238845487985,-0.9260961590247054,21208.10880517578,2.21986362200945e-06,6.020873546600342,1.5648221960873343e-05
306,0.9391546955668079,0.0049412844036785695,0.26990916835604445,15579.693865966798,2.539767941046477e-06,4.54108190536499,1.4216383533494081e-05
307,0.7807612366883182,-0.001966063534322892,-0.10739284164440832,17449.326842529295,2.4227244627087228e-06,2.0077919960021973,4.016334514744813e-06
308,0.9360524880091481,0.009510004803451851,0.519467668295065,27815.360953125,1.947320041610126e-06,7.551064491271973,2.233749910374172e-05
309,0.9040011152991281,0.01183192690250528,0.6462986724518942,30766.932373046875,1.8693298865444864e-06,10.22701358795166,2.3858281565480866e-05
310,0.9878764003258014,0.005016396052902578,0.274012013106452,48077.74527124024,1.5317064793469866e-06,17.5864200592041,2.522718205000274e-05
311,0.5644095946554397,-0.008631001322355863,-0.4714536138139946,43134.05426074219,1.5953081358727778e-06,5.575413227081299,9.132473678619135e-06
312,0.8285127859759047,0.009387880965056465,0.5127968635073041,54043.01623144531,1.4600138618771022e-06,9.525455474853516,1.4839907635177951e-05
313,0.6114875641570217,0.031194160122051125,1.7039273857299306,58701.210208984376,1.3979102680114294e-06,22.39330291748047,3.576771268853918e-05
314,0.8410153676659374,-0.01603814180524909,-0.8760559326252216,75648.32996533203,1.2554054267357407e-06,21.291780471801758,2.6954578061122447e-05
315,0.9039761627389007,0.00886499156354585,0.48423492859846706,67933.67619042969,1.2868532779355006e-06,21.46792984008789,2.979296914418228e-05
316,0.7560771199702057,0.011435988866679436,0.6246712377123108,40793.6634375,1.6104973811230565e-06,10.305538177490234,1.831911868066527e-05
317,0.9429084876353769,0.003929333698754517,0.21463310025925017,26465.68455810547,1.988878596374e-06,6.20868444442749,1.2094824342057109e-05
318,0.4870569248972069,-0.014172067204240477,-0.7741248146200301,24107.566536621092,2.0641990341093034e-06,3.333279848098755,1.401207464368781e-05
319,0.9887946450252797,-0.00013857334817397548,-0.00756933098894409,21296.07832788086,2.2053110462385197e-06,1.9004652500152588,3.4262650387972826e-06
320,0.8740078551335869,0.010515931649824495,0.574414693471218,18751.429451416017,2.3380448327692002e-06,7.281920909881592,1.8421820641378872e-05
321,0.9873703289587222,0.0024009604150650203,0.13114833633205664,16950.90594018555,2.4605279500609855e-06,6.335261821746826,1.3116949958202895e-05
322,0.9768683010879641,0.0045591573404457015,0.2490361342585256,16244.529962890625,2.5328678627855265e-06,10.700746536254883,2.334938653802965e-05
323,0.5839352035943554,0.01045104648115776,0.5708704526458079,25177.3308112793,2.078201978299962e-06,4.990975379943848,1.671386053203605e-05
324,0.8139337480202039,0.010174731857812803,0.5557772412256902,71485.9327939453,1.2443656600415208e-06,19.258953094482422,2.2277039533946663e-05
325,0.9972704041343813,2.5254903072196466e-05,0.0013795056767132152,76589.94882324219,1.1837523225485911e-06,82.81831359863281,7.853261195123196e-05
326,0.4622019452761852,-0.054629568784019415,-2.984046307305644,34059.31684375,1.7815113981095329e-06,39.35306930541992,0.0001053238520398736
327,0.7176832231194844,-0.018135150601100852,-0.9906014341353749,63681.78420996094,1.2888516091423805e-06,14.534735679626465,3.9136430132202804e-05
328,0.8477957999477232,-0.013949844911967449,-0.7619863038205033,59783.77606542969,1.3357024512098536e-06,30.433185577392578,4.714635360869579e-05
329,0.7128948398749262,0.011216231192282322,0.6126673524285117,54946.186206054685,1.3874512054421806e-06,12.329784393310547,2.2302665456663817e-05
330,0.779881537015505,-0.009199748864141542,-0.5025204708225967,28759.375045410157,1.888869306447371e-06,5.414798259735107,1.085224994312739e-05
331,0.923709314264195,-0.002407152593518865,-0.13148657343809028,30188.019538330078,1.8707401732381337e-06,4.487632751464844,7.711024409218226e-06
332,0.571558141630851,0.00972855729475468,0.5314057225235918,28604.960252929686,1.8970280414488832e-06,3.3026368618011475,1.0724412277340889e-05
333,0.32285608334145594,-0.013874742768164047,-0.7578839782873602,26474.46890991211,1.979548417122712e-06,5.561002731323242,1.2181039892311674e-05
334,0.9972113250552922,-0.0006361072716584401,-0.03474626648705861,31803.338492675783,1.8487774032291333e-06,6.865533351898193,1.07001533251605e-05
335,0.9065480282763939,-0.006170097030128053,-0.3370309462127237,55975.06583740234,1.4178710493708909e-06,11.51712703704834,1.252010952157434e-05
336,0.8199929969190523,0.028701929061818,1.5677935472652096,28825.730752441406,1.934669901633979e-06,27.22939109802246,5.6679687986616045e-05
337,0.7644911821449799,-0.06294485898929325,-3.4382547439367728,45163.353192871095,1.6098129677124633e-06,42.874610900878906,9.434400999452919e-05
338,0.5114430090155034,0.03375961678293849,1.8440610467833387,53722.55033154297,1.4244463946190776e-06,10.809124946594238,2.6059526135213673e-05
339,0.9862653892932883,-0.0005760462519283238,-0.031465536506427805,34218.12596875,1.7386892828056717e-06,2.039747714996338,3.2436953461001394e-06
340,0.5806668866648037,-0.013866919126056233,-0.757456625283096,24158.415416503907,2.083050419332437e-06,4.100781440734863,1.4460128113569226e-05
341,0.824743112072671,0.0022302750608670196,0.12182494220241648,21931.974726806642,2.167500962000893e-06,1.5162807703018188,3.5757207115239e-06
342,0.6655969025791304,-0.005990686050488406,-0.3272309297893764,19611.518949951173,2.2754614510952155e-06,2.7714765071868896,5.71609007238294e-06
343,0.8259521604553254,0.00394863466716646,0.21568738248770386,17071.0649921875,2.4912235587764354e-06,1.8973214626312256,5.618244358629454e-06
344,0.9857893886148992,-0.0007589114711568179,-0.041454234830787445,14548.492815429687,2.6964259323494915e-06,2.375997543334961,5.048420916864416e-06
345,0.8206889247987251,0.006366524854981487,0.34776047856036746,15796.66476928711,2.5787997957185567e-06,4.255231857299805,1.1842262210848276e-05
346,0.3455687972685887,-0.005077055296846084,-0.2773254200566184,18928.956252441407,2.338276588080693e-06,1.9298051595687866,4.769805400428595e-06
347,0.8952768306668476,0.0032190925260161376,0.17583739683377547,27447.606621826173,1.9850187947739245e-06,2.8856983184814453,6.110042704676744e-06
348,0.9845083833639103,-0.008691940688358315,-0.4747823219502075,79155.50824194336,1.2303799652624777e-06,29.381046295166016,2.6897667339653708e-05
349,0.9850832400390321,-0.00957810932504158,-0.5231877607410463,41541.4928125,1.6457484210788903e-06,39.371421813964844,5.175049227545969e-05
350,0.9656672195825862,0.012551061789692803,0.6855801797442294,43018.77625219727,1.663292980738112e-06,22.982566833496094,3.889997606165707e-05
351,0.7729423017327954,0.013883657300089215,0.7583709192730712,40070.283122070316,1.6724800056157333e-06,5.260386943817139,2.196994137193542e-05
352,0.4064345438638202,0.012562097431616164,0.6861829827182078,28458.878477539063,1.9304007811061607e-06,3.6100268363952637,1.1577693840081338e-05
353,0.7608495729930451,-0.006175544015767981,-0.33732847844200115,22471.08933569336,2.1150342985509045e-06,2.6435129642486572,6.691419457638403e-06
354,0.6359944912618781,-0.010241026514597988,-0.5593984729171948,20992.149135009764,2.216678242157554e-06,3.617152214050293,1.1497927516757045e-05
355,0.9494373100237268,-0.0020340647880590715,-0.11110729326136783,15367.632331054687,2.5969044088305518e-06,2.7504734992980957,6.539248261105968e-06
356,0.9333725586866773,-0.0029909298658595653,-0.1633744036478505,15789.138043945313,2.565819167521473e-06,2.8044960498809814,7.950985491333995e-06
357,0.8661635607233382,-0.019888802110197078,-1.086391633957533,16833.91731933594,2.4643269075411627e-06,12.9308500289917,4.3346397433197126e-05
358,0.5500253938904565,-0.029081136134345775,-1.5885070818888198,17067.105085693358,2.455838198360106e-06,7.46454381942749,4.07014085794799e-05
359,0.5914573123115917,0.013086638972475334,0.7148351628995585,40863.566892089846,1.5903162033874605e-06,11.03956413269043,2.266010233142879e-05
360,0.39727135175674755,0.025697998370565047,1.403708995873736,33439.96417822265,1.804971229684091e-06,9.057733535766602,1.893955413834192e-05
361,0.9973730852149066,-0.0012222138110087428,-0.06676132890409125,51950.429981933594,1.4802614812129167e-06,9.962646484375,1.172322481579613e-05
362,0.7697109189358744,-0.03213038403124415,-1.755067007755575,42398.228503417966,1.6361217944357575e-06,17.20724868774414,3.998602551291697e-05
363,0.8532919048167843,-0.048325287483538364,-2.6396857759367864,39585.68705517578,1.676592459959512e-06,29.854753494262695,7.032393477857113e-05
364,0.8314851115014127,-0.028953732951657592,-1.581547901992257,50766.832521972654,1.46492671739721e-06,17.548351287841797,3.239749275962822e-05
365,0.89336777835139,0.006929669943800962,0.3785213112041837,30745.291557617187,1.8479937358205998e-06,10.65658187866211,1.806804539228324e-05
366,0.9351954674716257,0.004426728194427064,0.24180241975276232,27448.905236572267,1.952636647409422e-06,5.336571216583252,9.781785593077075e-06
367,0.8189930008295656,-0.010422704782842946,-0.5693223360839976,25208.246670166016,2.0376069993528776e-06,8.955102920532227,1.677506043051835e-05
368,0.8437659391731318,0.009910696173493829,0.5413547457470249,26402.96227734375,1.9695253414717337e-06,6.541050434112549,1.8006989193963818e-05
369,0.9965540704759741,-0.00011224104002259327,-0.006130973911431296,24597.580868652345,2.043244312864512e-06,5.427331924438477,9.489508556725923e-06
370,0.8382561610157035,-0.009824139417105148,-0.536626731687548,42944.53711767578,1.5871530598149845e-06,11.236278533935547,1.6264020814560354e-05
371,0.8780569936502606,0.017578594910350583,0.9602005360364112,58951.87991992188,1.3894385300134096e-06,29.32564926147461,3.730157550307922e-05
372,0.9976862207246459,0.0015788086933674096,0.08623971150149785,40648.9921328125,1.6348333731778746e-06,72.82215118408203,0.00010308290075045079
373,0.7429701275211218,-0.021422677947500354,-1.1701769654190752,71684.1660048828,1.264665045722104e-06,14.030138969421387,2.246872099931352e-05
374,0.9539639756737324,0.003762885317220321,0.20554114347962038,64988.04518554688,1.3164265911340334e-06,13.456366539001465,1.5438814443768933e-05
375,0.631444226827598,0.016068046035688403,0.8776893998189322,51428.72002392578,1.45684506181368e-06,11.506915092468262,2.5636254576966166e-05
376,0.9952138564142984,0.004577454864859267,0.2500356050831078,42677.44585498047,1.5618083038827275e-06,17.371488571166992,2.3781629352015443e-05
377,0.5721486900719005,-0.010779718111715613,-0.5888235756030806,28738.686423583986,1.9139975485637883e-06,4.924382209777832,1.203017291118158e-05
378,0.9268104333269083,-0.0030375541776657394,-0.16592117655074373,23613.37394604492,2.089631592850094e-06,3.079606294631958,6.686050255666487e-06
379,0.7882396168347575,-0.00400653560963454,-0.21885012196025008,23314.370001220705,2.115242399033711e-06,1.7431975603103638,5.218660589889623e-06
380,0.999185615885758,-0.00010047421939023771,-0.005488231557093328,19453.57022631836,2.3016642340238927e-06,3.125093460083008,6.299513188423589e-06
381,0.5083222687281539,-0.009007316969725827,-0.4920092093076233,34534.003037841794,1.7975929514304112e-06,3.5120441913604736,8.325340786541346e-06
382,0.9085534785611854,0.0040255342694313825,0.2198878911001578,49374.90913671875,1.5219748878103349e-06,5.30253791809082,7.094351985870162e-06
383,0.9397261146481714,0.0036336349715347417,0.19848106547889757,70845.55032861329,1.2781835896115957e-06,6.30776834487915,7.58924807087169e-06
384,0.9942385205737957,0.0001413244748476634,0.0077196065553503555,76981.70458447265,1.2352304043832176e-06,30.00015640258789,2.6976938897860236e-05
385,0.9659511419054545,-0.010342108486718796,-0.564919901922699,49806.50574609375,1.5115985061701458e-06,30.80198860168457,4.246573007549159e-05
386,0.9353509935934134,-0.010392123114184991,-0.5676518649918533,73918.5459140625,1.2303090939894579e-06,22.767915725708008,2.2531770810019225e-05
387,0.7908917206783154,0.003871985636225228,0.21150056090316952,33472.82009179687,1.7555065014515011e-06,3.691768169403076,7.481699867639691e-06
388,0.94415205868895,-0.0028172970574647234,-0.15389000989826446,23833.780532470704,2.0900228754701685e-06,3.3462445735931396,6.170928827486932e-06
389,0.5479933829065916,-0.011990442043444193,-0.6549572895982401,19785.046041992187,2.2770965094771118e-06,2.7632718086242676,1.0640124855854083e-05
390,0.6888417431390096,-0.007973978890989828,-0.4355648926731403,19481.739283691408,2.2964081946435502e-06,3.4489264488220215,8.440854799118824e-06
391,0.24082228195911187,-0.010913758769629538,-0.5961453161765458,19072.49051611328,2.331882586133941e-06,2.10145902633667,7.164777798607247e-06
392,0.7557190495372093,-0.00601764881519501,-0.32870372447270224,17715.287361083985,2.429645335841211e-06,2.2088141441345215,7.460331289621536e-06
393,0.6630001749538703,-0.009199988863162058,-0.5025335803566249,18595.15659765625,2.3509983608813717e-06,1.5717222690582275,8.234498636738863e-06
394,0.39930807178463035,-0.0287307319288457,-1.5693668543753867,26393.693072509766,2.0219922759144e-06,5.68090295791626,2.2439991880673915e-05
395,0.4953084113684894,0.024272326287296798,1.3258341085151184,65791.744578125,1.305872694040096e-06,7.252540111541748,2.103700171574019e-05
396,0.7128179583321621,0.013179765445976353,0.7199220364654432,69126.60868066407,1.2806154435710165e-06,10.707895278930664,1.5106777937035076e-05
397,0.896309025201832,-0.01986524062358373,-1.0851046282445436,51089.45190673828,1.4702575405179906e-06,24.35592269897461,4.55194604001008e-05
398,0.5515766940396899,0.033386100649028944,1.823658369901183,40752.400924804686,1.6294397550551164e-06,12.668204307556152,4.029300907859579e-05
399,0.3378338810603987,0.010682286659257162,0.5835015499602731,27509.65223828125,1.9296682088518397e-06,2.154547929763794,1.0853393177967519e-05
400,0.9352140033490358,-0.0062402809161245815,-0.34086462036578724,23054.058728759766,2.105552960896371e-06,6.919351100921631,1.3960997421236243e-05
401,0.8523459864801107,0.0038442867217895684,0.20998755530605626,21926.75133959961,2.170887683982148e-06,2.2923178672790527,5.219379090704024e-06
402,0.5784423449940125,-0.0055303568005389755,-0.3020862356423817,22054.274206054688,2.1763314678995707e-06,1.6662846803665161,4.928755060973344e-06
403,0.9941966190826048,0.0003978799102367754,0.02173350629193443,20824.325412841798,2.2714756392680474e-06,1.4099559783935547,2.876231519621797e-06
404,0.8280314892472838,0.005187338403401457,0.2833494452173484,18836.52459472656,2.329506753937964e-06,1.8683140277862549,6.333554665616248e-06
405,0.9981641377992337,-0.00017863591424640513,-0.009757679808285185,25537.58835449219,2.045517552270349e-06,1.2905054092407227,2.0441259493964026e-06
406,0.7946297347282171,0.009935901052498405,0.5427315189450169,77245.74925341796,1.2053571777968576e-06,12.090832710266113,1.2464487554098014e-05
407,0.9919123721000481,0.0033952735639371833,0.18546098324178975,60085.812843261716,1.3688412792562595e-06,38.156795501708984,4.055619137943722e-05
408,0.8521338273108434,-0.007611018920402343,-0.4157388280704084,37562.19662646484,1.7653763338996785e-06,12.479124069213867,1.981379318749532e-05
409,0.9617790175821589,0.003809306859889932,0.20807684046691213,52860.76775390625,1.4353650933126165e-06,10.171542167663574,1.1898392585862894e-05
410,0.608886536236799,0.007435064534857108,0.40612762215889336,27408.261685791014,1.960230207534222e-06,3.83250093460083,1.1187744348717388e-05
411,0.5117042632696047,-0.006656970705873915,-0.3636255839990422,21520.91120019531,2.1878344754583874e-06,2.0258145332336426,6.2647404774907045e-06
412,0.5146104620083601,-0.006229776380342365,-0.3402908281519989,20028.464704345704,2.2821065004560574e-06,2.1346285343170166,6.378445505106356e-06
413,0.6216252219979924,-0.005500264415609083,-0.30044249083298946,18560.521460449218,2.359206271439965e-06,2.309537410736084,5.267218057269929e-06
414,0.6402620913990131,-0.011470959162170282,-0.6265814300028157,17519.98737573242,2.4153514951583195e-06,3.0171148777008057,1.0521139301999938e-05
415,0.9988217244644012,2.0758808063627398e-05,0.0011339142139532058,15088.07938256836,2.6148011792347955e-06,1.2889608144760132,2.8785946142306784e-06
416,0.8939883952118716,-0.0014187269666889337,-0.07749552230149534,15294.769730957032,2.6087069786140576e-06,1.1286571025848389,2.848522854037583e-06
417,0.9980805949658935,-0.000135460814692975,-0.007399314196809687,15910.503343017579,2.56474587914724e-06,1.0044689178466797,2.214198275396484e-06
418,0.8624381460720802,-0.002413042278796547,-0.13180828737424716,24749.387782714843,2.0663190842204316e-06,1.9261314868927002,3.20792742058984e-06
419,0.8622011362821316,-0.03885613735853407,-2.122449724238213,78442.79045800782,1.2192905607638594e-06,29.735198974609375,3.996821760665625e-05
420,0.9902263867691248,0.0038903096548472305,0.2125014789283541,54431.825841796875,1.4436306660352117e-06,24.590593338012695,2.968956505355891e-05
421,0.9563161237988175,-0.0055532808056908065,-0.30333842002612493,45814.91133496094,1.5813714685803375e-06,24.161346435546875,3.258546348661184e-05
422,0.76349877458056,0.012926143338134967,0.7060683647048756,39125.348358398434,1.6737713067828775e-06,12.17335319519043,1.7302558262599632e-05
423,0.8580718210188336,0.0037049249133560176,0.2023751560304972,30809.776033203125,1.8577981532716926e-06,5.078408718109131,1.0328350981581025e-05
424,0.6524487223149367,0.007109423344935097,0.3883400318131747,30443.204885253905,1.8537595955464061e-06,2.1026933193206787,8.312874342664145e-06
425,0.8712646427245334,0.005105444078257259,0.27887610845164945,28475.193047363282,1.920052546415168e-06,4.571993827819824,8.996540600492153e-06
426,0.6971018627875836,0.01974140465604932,1.0783403013450645,34195.77294091797,1.7505170465654504e-06,7.231758117675781,1.9949446141254157e-05
427,0.8829845298536709,-0.0035008907742773558,-0.19123014184067127,28189.88854711914,1.9409432349970135e-06,2.622802734375,5.550048626901116e-06
428,0.29454214777236937,-0.026337822698445052,-1.4386583001686868,34365.8632866211,1.7591380929877759e-06,7.802483558654785,2.0387780750752427e-05
429,0.9093791576647798,-0.013780952709052986,-0.7527608574979789,33461.644221679686,1.8103621668617993e-06,17.924707412719727,3.2556952646700665e-05
430,0.9485797393489995,0.008729117968573839,0.4768130669883277,63271.465978515625,1.338350901415357e-06,18.515907287597656,1.98277357412735e-05
431,0.7516003321309803,0.02800842278416165,1.529911958722649,78202.66109179688,1.2068961161105604e-06,20.326133728027344,2.780426621029619e-05
432,0.9535288764062274,0.016105302179688374,0.8797244526557408,66546.46113574218,1.296192582441144e-06,42.82262420654297,4.6369961637537926e-05
433,0.7731947931746873,0.04287150458899211,2.341782258307738,84391.62186279296,1.1846748389559678e-06,38.442115783691406,5.561750731430948e-05
434,0.8603800956326734,-0.0033437398123715694,-0.18264604062950318,31181.23303125,1.82859439154783e-06,3.930309534072876,8.06896514404798e-06
435,0.8883044577122924,-0.0027496616285269805,-0.15019554083220538,27097.387705078127,1.9485172725926436e-06,2.68581223487854,4.4457369767769706e-06
436,0.9092943465856824,0.002170933983322572,0.1185835378263701,26367.36714819336,1.984298297679111e-06,2.665210485458374,4.6330337681865785e-06
437,0.9941395516741937,0.0014115432981308858,0.07710312675251527,23267.70804345703,2.1238767604841192e-06,5.791126728057861,1.0842916708497796e-05
438,0.7194171415691104,-0.014639009470534762,-0.799630733419594,21085.285889892577,2.2110490231148354e-06,6.055715084075928,1.529273322375957e-05
439,0.9154494702255804,0.006282824031504711,0.3431884649279375,19756.449544189454,2.2766677852002014e-06,5.287605285644531,1.1191188605153002e-05
440,0.9420584510648998,-0.0057581891570767,-0.3145311865607938,25649.767958496093,2.0218506728147808e-06,5.822754859924316,1.1114098924736027e-05
441,0.9986430959985475,0.0003279378616233872,0.017913042090298155,73718.51502148437,1.2711508578540963e-06,11.697677612304688,1.2124857676099055e-05
442,0.9467068238470674,0.005416886568361577,0.2958881192220095,32061.773873535156,1.8480999241773696e-06,13.746068000793457,1.9323526430525817e-05
443,0.7599700084158617,0.031861024744495446,1.7403537196434409,43307.938611816404,1.5727979741866874e-06,19.66025733947754,5.115898238727823e-05
444,0.19414545803410466,-0.009742327129445717,-0.5321578760784632,34912.92901025391,1.7598905013181983e-06,4.809772491455078,1.091629656002624e-05
445,0.653487752374399,0.0067910638550502675,0.3709501918175049,29076.934942138672,1.8953560669013373e-06,2.880887746810913,8.212337888835464e-06
446,0.8334673415321018,0.004273350107047543,0.23342440532845024,25250.94789160156,2.029573213415951e-06,3.059366226196289,5.354307177185547e-06
447,0.8258391817566425,0.0077657667258891755,0.4241916609923062,23484.781458007812,2.0888365293798503e-06,4.914637565612793,1.0861951523111202e-05
448,0.7912015880869516,0.017254275629941723,0.9424851527259872,23167.29221459961,2.11530870696031e-06,4.620908260345459,1.7603380911168642e-05
449,0.8419284131881537,-0.003295366927091229,-0.18000375490571865,21966.14630126953,2.1836045757042904e-06,2.0560431480407715,4.58119666291168e-06
450,0.506345510179263,-0.015595960532835062,-0.851902540561604,21806.057418457032,2.1952904868074794e-06,4.81962251663208,1.578676346980501e-05
451,0.6807606411011864,-0.011913716848631207,-0.6507663076931081,40094.57421826172,1.6580652129101389e-06,3.7283823490142822,1.4445184206124395e-05
452,0.8618941847824141,0.008722378859629419,0.4764449547442127,63561.2819375,1.3231234032081655e-06,10.501652717590332,1.2170148693257943e-05
453,0.6191013082035768,0.01966961923791817,1.0744191462515742,75490.0880673828,1.224665856995286e-06,9.805354118347168,1.5382252968265675e-05
454,0.9458592164395,-0.0166871543741636,-0.9115071287955787,84984.52253613282,1.1835226092038534e-06,50.64584732055664,4.6215140173444524e-05
455,0.988079511026863,0.003958499130338023,0.21622621183517748,50150.95701318359,1.4988274426819794e-06,22.071758270263672,2.7414769647293724e-05
456,0.9400250426761887,-0.010523599313182632,-0.5748335264043494,53485.133920898435,1.447801294112793e-06,32.06326675415039,3.9300961361732334e-05
457,0.9970014489975622,0.00040385305226480026,0.02205977890964826,39997.43713769531,1.6447934607756108e-06,7.018407821655273,1.014737063087523e-05
458,0.9988522117765195,-0.000417682997854258,-0.022815215919038158,43183.31487011719,1.5537420442986324e-06,10.90804386138916,1.3865911569155287e-05
459,0.9950319663994961,-0.0013509483011946823,-0.07379322918470635,44652.35493554688,1.5470773474799732e-06,9.617212295532227,1.175004399556201e-05
460,0.9864764302470197,-0.0044864690386370466,-0.24506566069586613,52010.13798095703,1.4473257484905465e-06,18.074634552001953,2.2555297618964687e-05
461,0.8573868019283631,-0.0037198779798428704,-0.2031919415886882,28997.306013671874,1.893598820612932e-06,4.27811861038208,7.158981134125497e-06
462,0.9637145640952561,-0.0011187543575082377,-0.061110034064210464,27321.638702392578,1.9411629623764145e-06,2.7443864345550537,4.8519164010940585e-06
463,0.9906114320575733,0.0009865000111213401,0.05388586768791666,38310.57455517578,1.6804516813338102e-06,4.179331302642822,6.5210806496907026e-06
464,0.9514738664778565,-0.005968316140434171,-0.32600901189805986,31889.2846015625,1.8697392554273386e-06,11.272363662719727,1.7797010514186695e-05
465,0.9661605296723206,0.004146429363622104,0.22649157784748428,49281.561750976565,1.544971230280438e-06,12.213665962219238,1.4882057257636916e-05
466,0.9942522473658183,-0.003255314009377375,-0.17781593311138288,46185.69263525391,1.5674348656788564e-06,28.682842254638672,3.6728459235746413e-05
467,0.6251344803095221,0.03392869888181585,1.853296865846477,36526.8205234375,1.7262075594295362e-06,32.92751693725586,5.051198968430981e-05
468,0.9976805113343885,0.00035258481065697067,0.01925933932249468,57466.48454345703,1.4043207443834979e-06,6.030407428741455,6.7892087827203795e-06
469,0.8961882016010477,-0.004047409017412256,-0.2210827616142128,26791.676839599608,1.9751149825927124e-06,4.070436954498291,6.690675490972353e-06
470,0.9628541911025386,-0.0017282966098372695,-0.0944052320255989,24513.590670166017,2.0444746944872205e-06,2.5929784774780273,4.362084382592002e-06
471,0.9790143438301709,-0.0013175102997461305,-0.07196673582282903,22705.979314208984,2.1324262103075315e-06,3.0824780464172363,5.954380867478903e-06
472,0.9724520105420548,0.0028902606634847324,0.15787552148032552,23990.26471826172,2.0795948902838465e-06,4.133564472198486,8.27238181955181e-06
473,0.8616337436158327,-0.0064196661040896675,-0.3506632279632379,22289.87816064453,2.1471454173636076e-06,4.220560550689697,8.150887879310176e-06
474,0.9582415792398337,0.0019632540699136567,0.10723937947945825,22452.960355224608,2.1525386148617076e-06,1.9764496088027954,4.478963546716841e-06
475,0.8107695714702038,0.012363978142160548,0.6753610570236562,56322.575622314456,1.426646612387089e-06,6.726036548614502,1.2666287148022093e-05
476,0.8373291581120834,-0.013823430801807441,-0.7550811503109509,35247.21208447266,1.7922237753836904e-06,13.628555297851562,2.4424940420431085e-05
477,0.9592521480052019,0.0066452658908927546,0.3629862285968365,35680.847514648434,1.7571206139223983e-06,19.39849090576172,2.7196958399144933e-05
478,0.9599085903812726,-0.00887680310136328,-0.4848801135521877,52125.45175439453,1.456705537732806e-06,19.765588760375977,2.5243589334422722e-05
479,0.8179307748384677,-0.003995876257603186,-0.21826787317492308,24898.80958203125,2.0241781343010204e-06,3.6501893997192383,7.749281394353602e-06
480,0.5847223101873671,-0.006395820388497266,-0.34936069673074927,23882.074932128908,2.0927855255488e-06,2.1212873458862305,6.747356565028895e-06
481,0.5444502379861611,0.00839888800649073,0.4587748228496692,22423.7014296875,2.144859699946516e-06,3.0614728927612305,7.4771423896891065e-06
482,0.9994357437678133,6.439627824365868e-05,0.0035175360262669464,21535.416249023438,2.186390260409283e-06,1.8474972248077393,3.37673191097565e-06
483,0.8356740955939099,-0.002930977917308955,-0.16009963149294823,21084.857368164063,2.1918094490081495e-06,1.4385285377502441,3.3440485367464134e-06
484,0.9509934934142329,-0.0017917211621820944,-0.09786968919467054,17832.329049804688,2.4072859855983603e-06,1.8971033096313477,4.240108864905778e-06
485,0.4598259821058949,0.016540947853624942,0.9035208488847438,26616.89527392578,1.9806599292024122e-06,3.37288236618042,1.2905486073577777e-05
486,0.851157486750221,-0.02089261903762374,-1.1412234084374127,69289.41506152344,1.299630765397538e-06,19.24353790283203,2.5803774406085722e-05
487,0.8554332466636589,0.012525815969018235,0.6842011701778774,71725.98239648438,1.2679180607146835e-06,13.2904634475708,1.825822255341336e-05
488,0.7981681536195818,-0.018845852248488577,-1.0294222901971883,50553.20090820312,1.4991433154266527e-06,26.91082000732422,3.7680842069676146e-05
489,0.36927132090521175,0.01659357993447557,0.9063957858466126,36237.88539257812,1.7300601902255053e-06,6.749411582946777,2.194199441873934e-05
490,0.9255148675350284,0.003942423343023061,0.21534809958128256,32704.16729248047,1.795340150720349e-06,6.539294719696045,1.3022406164964195e-05
491,0.6677480111809753,0.011350008370312735,0.6199747008661622,30280.00303515625,1.845076696273648e-06,2.999875783920288,1.1285359505563974e-05
492,0.7072634251327211,-0.002939001021569477,-0.16053787977450412,24566.558977783203,2.0590003621540557e-06,1.8541840314865112,3.320529231132241e-06
493,0.9940072050495546,-0.0006465495575722815,-0.03531665840877085,23963.776914794922,2.0818225543267463e-06,2.5351667404174805,4.3945692596025765e-06
494,0.7878395547359835,0.008188993216170865,0.4473096806580305,23762.87232348633,2.088907675744661e-06,4.412003993988037,8.697192242834717e-06
495,0.7232468766210199,-0.008997952974654165,-0.491497717169992,29503.18571435547,1.8936224719117952e-06,3.857537031173706,9.005530046124477e-06
496,0.9975778473373706,-0.0006264339130599623,-0.0342178758984535,59353.400959960934,1.3839360256867789e-06,12.160452842712402,1.2864414202340413e-05
497,0.9534786778343801,0.005588609437264108,0.30526818580929016,64105.93935400391,1.3765993156015118e-06,10.19406795501709,1.301744759985013e-05
498,0.8409350153837388,0.019945411930633584,1.0894838481080538,42854.96494921875,1.6323440293015532e-06,29.73847007751465,3.972401827923022e-05
499,0.8360672748898935,0.011792964492449057,0.6441704177641873,79473.40124267578,1.189900342153668e-06,10.99937629699707,1.302864620811306e-05
500,0.481199967846238,0.012106820123159646,0.6613142421928909,35810.82765527344,1.7110203469867912e-06,5.850978374481201,1.3056075658823829e-05
501,0.5826554810179657,-0.00883900402765832,-0.48281540411333423,24062.236783691405,2.0603584808111035e-06,3.2082631587982178,8.36396520753624e-06
502,0.9939575559838865,-0.00041422278586464236,-0.022626207785898224,22408.48833544922,2.1597512726441752e-06,1.728757381439209,3.217254516130197e-06
503,0.989140124880876,0.00040715921926845456,0.022240372600175,21896.818545898437,2.1588493655803745e-06,1.290486216545105,2.451525006108568e-06
504,0.92354373078196,-0.001290773648057007,-0.07050629217448039,21252.089103515624,2.2146672868573573e-06,1.0074642896652222,2.4251530703622848e-06
505,0.5359621088368038,0.0036597450992471056,0.19990728633177296,19799.52303881836,2.279191330635173e-06,1.1266274452209473,2.9215477752586594e-06
506,0.6710275208514146,-0.0039465176032049175,-0.21557174150723513,21820.445064697265,2.1892357274191338e-06,1.4127962589263916,3.903394372173352e-06
507,0.5453524880460473,0.029628661839977886,1.6184147325698255,50330.746373535156,1.4888850018667031e-06,8.41993522644043,2.2003616322763264e-05
508,0.9313696337836936,0.008885700865953737,0.4853661386510569,68653.54243359376,1.2862507197189344e-06,22.158296585083008,2.3751877961331047e-05
509,0.9189793766249152,-0.012708163851507703,-0.6941616098719735,39002.573588867184,1.677741349287889e-06,15.114625930786133,2.853853948181495e-05
510,0.6597612154297611,0.027982370181276504,1.5284888800645973,38729.95003417969,1.6799206084836666e-06,29.08578872680664,4.50341212854255e-05
511,0.9330528239411832,0.005385226171780006,0.29415872447096203,34260.95401220703,1.7719787446183801e-06,4.886001110076904,1.273163070436567e-05
512,0.44685426073479495,-0.0135876922943994,-0.7422043394889244,26946.36950341797,1.9592175360568693e-06,5.654444694519043,1.3240507541922852e-05
513,0.9833164783323324,0.0017112793610135602,0.09347569405480412,26646.745821777346,1.9765086795348305e-06,5.071982383728027,9.038630196300801e-06
514,0.7786809419319259,-0.002228234846742948,-0.12171349901224379,23998.37079321289,2.089024812606579e-06,1.474727749824524,2.982127625728026e-06
515,0.5185969672204951,-0.02458879805541727,-1.3431208349536885,23909.50544970703,2.090030523922871e-06,6.417915344238281,2.1878051484236494e-05
516,0.9231783158679582,0.003458607438887628,0.18892048731403344,27909.91995751953,1.937157800669222e-06,3.983841896057129,5.978769422654295e-06
517,0.8500876062439567,0.016154678230041276,0.8824215345475536,28667.446199951173,1.9165067846635718e-06,10.016186714172363,2.0819990822928958e-05
518,0.29703786773047863,0.02317169357051102,1.265713937931141,44917.450142089845,1.575440433348695e-06,5.527041435241699,1.608428829058539e-05
519,0.9327533056711,-0.006974264155841868,-0.38095719339637113,57532.985920166015,1.4085114578424163e-06,11.230088233947754,1.3302071238285862e-05
520,0.6594696214905537,0.019665484487294854,1.0741932926048445,59587.211903808595,1.3868796654943801e-06,16.470046997070312,2.5982208171626553e-05
521,0.6596130432983386,0.022705345876444655,1.240240496617683,50348.83870214844,1.5198247477528843e-06,26.647815704345703,4.2880375985987484e-05
522,0.6263115831307288,0.02850069781110088,1.55680163603503,61177.46925292969,1.3547958947559082e-06,22.17575454711914,3.475180346868001e-05
523,0.7627806066666253,0.006756334474837251,0.36905315911000935,22815.800932128906,2.115759139782304e-06,5.267354488372803,1.4905515854479745e-05
524,0.8607970546679983,0.004282741405199906,0.23393738884994134,25652.245708251954,2.0129573295087773e-06,3.9921681880950928,8.125283784465864e-06
525,0.8741130693743671,-0.0017065595507477199,-0.09321788253059739,22562.709958496092,2.1311784223838807e-06,1.060519814491272,2.2317494767776225e-06
526,0.7869008108884096,0.002944465745520057,0.1608363809285155,21946.21278100586,2.154193616380272e-06,1.3985168933868408,3.6192307106830413e-06
527,0.6467530803121972,-0.013061559111472562,-0.7134652185950565,20810.505107421875,2.215044193977685e-06,3.7323415279388428,1.1375156645954121e-05
528,0.5318685864028478,-0.007953853914529064,-0.4344656004211773,22361.152296386717,2.153558860329647e-06,2.254948377609253,7.507578175136587e-06
529,0.9416610258387456,-0.0013575028770210994,-0.07415126162439308,24559.535889892577,2.0678193579518937e-06,1.4062179327011108,3.1182614748104243e-06
530,0.9215578162911446,0.010157139557144122,0.5548162920361599,60586.86091113281,1.3522094639512035e-06,18.726835250854492,2.0217266865074635e-05
531,0.5741224834997013,-0.015946867050982742,-0.8710702060401274,38411.82407861328,1.6730945329164168e-06,19.74981689453125,2.9501845347112976e-05
532,0.9866219767203751,0.008712833518559022,0.4759235568930653,51057.74037890625,1.48150918798657e-06,60.1164665222168,7.661353447474539e-05
533,0.5860001714334439,0.02570602872572814,1.4041476402233835,46115.01102685547,1.5439066289563943e-06,25.038124084472656,4.301844091969542e-05
534,0.6883526485102093,0.003965763692564854,0.2166230260617893,25855.527233886718,2.0158239005645874e-06,3.078460216522217,1.0070204552903306e-05
535,0.8232723891112763,0.0036667021935203356,0.20028730564984015,22075.512968017578,2.1583396213432213e-06,2.484097480773926,5.601228167506633e-06
536,0.4688224058888383,-0.009652676605673908,-0.5272608702926964,20801.593536376953,2.2218951365878044e-06,2.6750800609588623,8.365927897102665e-06
537,0.6283569272338387,-0.006947300027989395,-0.3794843242535448,18366.42412109375,2.392505927751619e-06,2.7050538063049316,7.876637027948163e-06
538,0.40099180128561895,0.003587751813386639,0.19597477682081427,17778.387547119142,2.4182117153288413e-06,1.080149531364441,3.2352745620300993e-06
539,0.8334747567288358,-0.004450854426672807,-0.24312027372533776,15216.941552490234,2.6077004999475625e-06,1.6618269681930542,6.759299594705226e-06
540,0.9979690259514331,3.4500972303339594e-06,0.00018845563179761205,14016.954324951172,2.7309542438294713e-06,1.447528600692749,3.46865203937341e-06
541,0.5018944519574923,-0.01219764450252768,-0.6662753678231886,21232.905067382813,2.1957025780682715e-06,1.3348193168640137,1.0093256605614442e-05
542,0.8680868439410877,-0.007596036951434939,-0.4149204637638898,56326.33117480469,1.4091555625825653e-06,5.96591329574585,8.217741196858697e-06
543,0.976368412523251,0.004829198855344856,0.263786687910887,83719.6674765625,1.1878375618968013e-06,14.546416282653809,1.4152702533465344e-05
544,0.9347957619392508,-0.007015335117967729,-0.3832006241170803,49266.34422900391,1.531454529012732e-06,14.975204467773438,2.1766447389381938e-05
545,0.861588559114436,0.020652070787681165,1.1280838736955614,43178.95970214844,1.618236400962132e-06,22.541749954223633,3.3518270356580615e-05
546,0.7712591711881684,0.004390499977040555,0.23982351564059762,42725.09094189453,1.5862395982407956e-06,5.4272332191467285,8.428150067629758e-06
547,0.8514911223307535,-0.004288602914386396,-0.23425756371554082,31310.760778808595,1.8231977641219678e-06,5.35033655166626,9.228331691701896e-06
548,0.9832155379873666,-0.0004047347032955302,-0.02210793758197795,22557.89310473633,2.1289407598349972e-06,1.043263554573059,1.9871870335919084e-06
549,0.9085336423245708,0.0021930500139111693,0.11979158798819872,24578.713384765626,2.0603175292487507e-06,2.456611156463623,4.221653853164753e-06
550,0.8178159321976197,0.004136712864307536,0.2259608307714053,21981.707529296877,2.1678614635946863e-06,1.2815302610397339,4.6439604375336785e-06
551,0.7817315526703504,-0.002977603108894165,-0.1626464524522592,16823.08661303711,2.492172523966712e-06,1.2796399593353271,4.135643393965438e-06
552,0.9839670889102131,-0.001448487746594858,-0.07912115375635662,22181.626256835938,2.194878095587331e-06,3.1526358127593994,6.368015874613775e-06
553,0.8519105212415378,-0.0034676625394361935,-0.1894151066192133,34810.63021142578,1.7639172573967174e-06,2.9844348430633545,4.423507107276237e-06
554,0.9619973848142027,-0.008355518229260112,-0.45640582330465446,71678.13017626954,1.275277681164057e-06,15.895086288452148,1.6875510482350364e-05
555,0.9751034673763835,0.0062614089219874295,0.3420187013750118,38881.38522705078,1.7309110664539946e-06,29.85162353515625,3.749820461962372e-05
556,0.648833495976149,0.02638038044281186,1.4409829438140929,61998.42426367188,1.3596465741992919e-06,14.727842330932617,3.057070716749877e-05
557,0.9949559253198834,0.0001654560517962862,0.009037752473135168,40848.482894042965,1.625884287470579e-06,5.8703203201293945,8.839232577884104e-06
558,0.9980965411524934,0.0001949959513450743,0.010651318718097486,23008.056631347656,2.127038694255459e-06,3.2333340644836426,6.180839136504801e-06
559,0.6311308514239578,-0.011082145387286715,-0.6053431457733004,23398.875428710937,2.095033614643892e-06,3.9281609058380127,1.1095514309999999e-05
560,0.7754246614747816,0.0031008637811016245,0.16937935483321812,22730.723115478515,2.1368535148019453e-06,1.5266222953796387,4.2590650082274806e-06
561,0.8481953932033245,-0.0016882137706224131,-0.0922157758206946,22115.614753173828,2.1745669341636574e-06,1.1348434686660767,2.296856337125064e-06
562,0.786009752930948,-0.0030416357580509796,-0.16614412586459787,20358.68978613281,2.2570313928616715e-06,1.1154781579971313,3.5812372516375035e-06
563,0.5848179952227818,0.015978419516292797,0.8727937052309611,30626.496912841798,1.8781494594372808e-06,3.615156650543213,1.3651530935021583e-05
564,0.9911166157491756,0.0012457736431292941,0.06804824424325531,72993.90634521484,1.2512114660648546e-06,19.303842544555664,1.8160650142817758e-05
565,0.6581064684443215,0.019625637432572177,1.072016715722601,42462.74967675781,1.6239186233497815e-06,14.313039779663086,3.1551680876873434e-05
566,0.988194007793549,0.009069066261697784,0.49538215825796467,46299.32017529297,1.5634823251931124e-06,59.85772705078125,8.002921822480857e-05
567,0.6319823190513142,-0.005821461171272287,-0.31798731159561855,37801.15413378906,1.6908026673492745e-06,4.510931491851807,1.1351330613251776e-05
568,0.7404263659894781,0.02067734490570399,1.1294644289559297,31719.56634082031,1.8137548165176901e-06,6.467129230499268,3.0176684958860278e-05
569,0.9678611748150315,-0.0029669702762715328,-0.16206565224405686,27525.256682861327,1.9410157381365153e-06,5.442286491394043,9.296117241319735e-06
570,0.7031519979489681,0.006242505759571298,0.34098614861540155,27473.007748535158,1.9422739201388853e-06,2.8545806407928467,7.089408882166026e-06
571,0.9180590599260744,-0.004000498073552753,-0.21852033192801842,28249.140018920898,1.950985113416438e-06,4.596880912780762,7.244959306262899e-06
572,0.9979302045137093,0.0034973576753909567,0.19103715238605945,32112.71650317383,1.82402776878547e-06,15.759222984313965,2.7102574676973745e-05
573,0.4184952216602634,-0.013022207309618063,-0.7113156940495855,24661.108368164063,2.073092379712845e-06,2.805781841278076,1.1389934115868527e-05
574,0.6973725538789313,-0.011206609516549499,-0.6121417849276197,25653.021368896483,2.0312731685219095e-06,3.904906988143921,1.20958457046072e-05
575,0.8561079948370005,-0.01618239010741322,-0.883935248222783,40498.40883959961,1.6416067195586292e-06,14.914432525634766,2.3163041987572797e-05
576,0.9955127123686937,0.0017686637486581701,0.09661021760788012,59400.03226269531,1.376555337625104e-06,15.68123722076416,1.7833761376095936e-05
577,0.9963878901456491,9.686355162357208e-05,0.005291005035708487,67138.68875317383,1.3132776525989595e-06,15.200349807739258,1.4258792361943051e-05
578,0.6997904898683102,-0.10241163866801778,-5.5940597554527045,49876.763708496095,1.4976947136783091e-06,39.43496322631836,0.00011749668919946998
579,0.8840803429287454,0.029240601868098143,1.597217623533892,64054.73378710938,1.3099760574072033e-06,34.773136138916016,4.9580325139686465e-05
580,0.7176645225023625,0.031230303220524235,1.7059016403677383,23998.335896972658,2.093342111450017e-06,21.49492645263672,7.932235166663304e-05
581,0.9638203925455759,0.0043747937116473375,0.2389655878866099,22924.848868164063,2.1266884722774452e-06,9.18734073638916,1.7770960766938515e-05
582,0.6043420236154936,-0.029109222017519698,-1.5900412249882083,19962.46836730957,2.269066164290387e-06,13.397120475769043,3.126425144728273e-05
583,0.8511895630918693,-0.00549442997585671,-0.30012379458870647,17427.08994824219,2.4451651029755657e-06,3.9041714668273926,8.822073141345754e-06
584,0.9942187627152638,0.0011230742257951896,0.061345999445169073,16343.04139453125,2.515289697940051e-06,3.076018810272217,7.071002528391546e-06
585,0.4355039205534097,-0.02859820287107914,-1.5621276823621035,15971.23068774414,2.5521109396177636e-06,3.4167890548706055,2.585485162853729e-05
586,0.9957342689938892,-0.0002682848998440162,-0.01465460157392987,12873.89380871582,2.8532936975441197e-06,1.807043194770813,4.395253654365661e-06
587,0.45889510069990247,-0.004239298429407515,-0.23156439095929027,14049.58902392578,2.7110639845497074e-06,1.7288120985031128,4.44418219558429e-06
588,0.9970357498821639,-1.172962509450759e-06,-6.40710612008052e-05,15379.493186767579,2.5812616582336026e-06,1.447195291519165,3.2723485219321446e-06
589,0.3836146512697178,-0.03747346432470472,-2.046923586056128,23356.117361572266,2.129703475997443e-06,6.822890758514404,3.5821631172439083e-05
590,0.7930621827757851,0.0065375132355137595,0.3571004249827299,66702.79638574219,1.3087826084133992e-06,4.301441669464111,7.0452006184495986e-06
591,0.5906190601201827,-0.029910582921675914,-1.6338141871421028,65295.143528564455,1.3728962320181677e-06,22.399810791015625,2.7836131266667508e-05
592,0.9330843634012744,-0.009096552991386831,-0.4968835736279594,73216.36633691406,1.2617252527716348e-06,17.24041175842285,1.7780252164811827e-05
593,0.5816457311524287,-0.0544193432729009,-2.9725631000587627,63226.412598632814,1.3608452203049273e-06,47.98088073730469,5.60352455067914e-05
594,0.5766348328237788,0.009239380048877416,0.5046852561778093,72395.8541875,1.2313736876459085e-06,13.712559700012207,1.1793327757914085e-05
595,0.5853477520344578,-0.014786329176641804,-0.8076778191789581,49469.8706796875,1.4519745581730222e-06,9.379171371459961,2.121911347785499e-05
596,0.7746547015400143,0.03158650012938039,1.7253582843465358,36663.299493164064,1.6815522594336646e-06,20.033884048461914,4.793600965058431e-05
597,0.527338835801827,-0.010783786645587917,-0.5890458122735877,32441.688243164062,1.78820227426843e-06,6.368466377258301,1.3299712009029463e-05
598,0.9129119089635028,0.005291148521427539,0.28901989450427934,32967.341749023435,1.780370967369619e-06,9.309645652770996,1.751341187627986e-05
599,0.6131037323133359,0.021161693329142785,1.155921129174926,34044.776384765624,1.7538742091636948e-06,11.280904769897461,3.025388105015736e-05
600,0.18291608323205127,-0.006173275748451164,-0.33720457823811173,39397.81109863281,1.6612810031071587e-06,3.4157865047454834,5.3990947890270036e-06
601,0.3929816007678757,-0.011238599800300043,-0.6138891991983214,56456.64995654297,1.3858466247744203e-06,7.21488094329834,8.304372386191972e-06
602,0.8427921734904539,-0.019303584951589615,-1.0544251524350698,47429.18795849609,1.5610416174677367e-06,16.116493225097656,3.618516348069534e-05
603,0.799606375487772,0.015247665218413847,0.8328775075989693,48316.762705566405,1.5553459752956784e-06,18.200458526611328,2.8690841645584442e-05
604,0.8272647697401756,-0.022385646228448658,-1.2227774527884143,58888.17305175781,1.3719486733670465e-06,20.830799102783203,3.693408507388085e-05
605,0.6846422349718886,0.013697245573175948,0.7481884990615331,31069.75972265625,1.8554794199681083e-06,15.621463775634766,2.9768963941023685e-05
606,0.9593653603576477,0.003836877394111856,0.20958283351548698,25982.06181591797,1.988195584137597e-06,7.2307891845703125,1.3519412277673837e-05
607,0.890842276240476,0.0069528585758083785,0.37978795037512003,24766.7025859375,2.038658406626156e-06,5.785473346710205,1.2957129911228549e-05
608,0.8843475600392232,0.006946245959492527,0.3794267475734476,23372.930606445312,2.0855853193279633e-06,4.063234806060791,1.2157141100033186e-05
609,0.758928959754111,0.009097906593926541,0.49695751184036147,29435.890990966796,1.893808918428034e-06,3.8413093090057373,1.2850267012254335e-05
610,0.8510012111520588,0.01402995654886668,0.7663622643045861,32976.92920849609,1.8141500299360818e-06,10.710049629211426,2.4865054001566023e-05
611,0.8705825596323896,-0.012207002529577503,-0.6667865339678838,48688.09583251953,1.5349332456659438e-06,20.530548095703125,2.2326599719235674e-05
612,0.989800760826851,-0.00443119002156488,-0.24204613939197583,35202.85181982422,1.7783202446817113e-06,22.33806037902832,3.261294841649942e-05
613,0.8663100274411415,0.013199323722111514,0.7209903736860631,60775.422033203125,1.354958978394306e-06,14.491902351379395,2.035663419519551e-05
614,0.9120094224548705,0.002998826123117697,0.1638057231299028,34155.91676611328,1.7653154857351389e-06,7.399186611175537,1.1471724974398967e-05
615,0.8124975945196508,0.006626123522093875,0.3619406095996738,25045.775565673826,2.0265250759252145e-06,3.2743277549743652,8.540399903722573e-06
616,0.9813423062669973,-0.0007946992326561167,-0.04340907979708997,24059.935068847655,2.0666065947994507e-06,1.763288140296936,3.112140802841168e-06
617,0.5882877043610144,0.011050650773274957,0.6036228066102115,21099.484145263672,2.2187903460345362e-06,4.100848197937012,1.247240652446635e-05
618,0.9916260901322297,-0.0006275340896769213,-0.0342779711553683,20777.686510253905,2.243609312664195e-06,1.883193850517273,3.367283625266282e-06
619,0.2500152972489106,-0.02555325665036629,-1.3958027281640315,25028.585224609375,2.045717008184271e-06,7.662688732147217,1.8991488104802556e-05
620,0.7808724392160381,0.010486643010817927,0.5728148519015529,32189.858750976564,1.8566364523297072e-06,5.777228355407715,1.243902624992188e-05
621,0.6625444223760139,-0.017805018998470725,-0.9725685627127928,68702.86806347656,1.3017281355641877e-06,14.55178451538086,1.721585613267962e-05
622,0.8015800847242084,-0.02289829884221237,-1.2507802207597352,31210.829892578124,1.882243982007749e-06,16.070188522338867,4.236592576489784e-05
623,0.8912428551363999,0.010926335953399754,0.5968323232245824,68769.76653320313,1.2670565925878982e-06,14.280343055725098,1.6597192370682023e-05
624,0.5529112644505562,-0.020035883387538315,-1.0944256959553336,41251.715106445314,1.638926060809878e-06,14.648874282836914,2.4316597773577087e-05
625,0.9631555751785218,-0.0030210817352036867,-0.1650213976911388,33718.61331152344,1.7464368300948617e-06,5.881551265716553,8.440804776910227e-06
626,0.6717754629466238,-0.0048162430947747015,-0.26307900175578386,26581.12284033203,1.985491128283469e-06,3.267252206802368,5.930226052441867e-06
627,0.9786480406375863,0.0020191205175250212,0.11029098816698175,25939.67347265625,1.9908908660131404e-06,4.429934501647949,8.260522008640692e-06
628,0.7843997402459886,-0.011149478727005517,-0.6090211137349515,28163.110655273438,1.918412051761003e-06,8.649856567382812,1.6070147466962226e-05
629,0.8180238722062582,-0.01624980999425475,-0.8876179436722714,20773.54442871094,2.263369346312244e-06,10.731193542480469,2.783578383969143e-05
630,0.6947184136622803,0.02988946674292817,1.6326607521687146,39828.06422314453,1.6758680100838862e-06,18.922100067138672,3.300950993434526e-05
631,0.9208561078836606,0.013941714584543607,0.7615421986579267,64966.246583007814,1.3296694280234838e-06,25.729679107666016,2.6834230084205046e-05
632,0.9442134342794092,-0.019643801996039288,-1.0730089237839928,65924.12841699219,1.320500737328984e-06,33.35429763793945,3.8452009903267026e-05
633,0.8270002860660685,0.06310930741971324,3.447237456823948,49117.29804980469,1.4799962445605102e-06,74.05919647216797,9.713649342302233e-05
634,0.5642087367514682,-0.057824250228320336,-3.1585502907541225,59475.364765625,1.3569309812812716e-06,32.69590377807617,5.7542947615729645e-05
635,0.6965244050615982,0.007977813876142579,0.43577437214622344,52381.0980234375,1.4347894293794457e-06,7.825644016265869,1.1932631423405837e-05
636,0.6427786006458803,-0.010075453889367437,-0.5503543528205584,28859.32723925781,1.9026078943807301e-06,4.884004592895508,9.073952242033556e-06
637,0.5891402302341259,-0.014166503700674718,-0.7738209177993044,28984.522098876954,1.9040608134993483e-06,6.16105842590332,1.6749125279602595e-05
638,0.9879203624928388,0.0026584460938610392,0.14521304901600718,37127.37179785156,1.6838506143264466e-06,10.026344299316406,1.5075433111633174e-05
639,0.830462857399543,-0.010576008513869197,-0.5776962889203028,24263.43644873047,2.0812106333029786e-06,5.2270121574401855,1.4240003110899124e-05
640,0.6210209712671427,-0.026546235597266234,-1.45004249658402,21149.292701660157,2.2292099249791643e-06,7.005539417266846,2.675516952876933e-05
641,0.591160168089066,-0.026272699749637515,-1.4351010710117393,22737.020110595702,2.171120239231817e-06,8.836555480957031,2.9174332667025737e-05
642,0.8913362749479301,0.00883653639731816,0.4826806140469243,43333.07919335937,1.589495676191483e-06,10.953872680664062,1.545533632452134e-05
643,0.947338523867238,-0.00982366811095864,-0.5366009873992917,58595.93416503906,1.3722910162292632e-06,20.426767349243164,2.4263526938739233e-05
644,0.6653406855814434,-0.02549735605223804,-1.3927492540632151,47445.903616699215,1.571236203062613e-06,21.51097869873047,3.2499123335583135e-05
645,0.8558987669487411,-0.05572420348088696,-3.043838846359911,70219.01704248047,1.2818422299379093e-06,77.495361328125,9.544281056150794e-05
646,0.7677360663214029,-0.04466652313049483,-2.4398320611808524,58278.32315039063,1.3692324369690795e-06,39.71405029296875,0.00012189828703412786
647,0.9717316749229244,-0.0055709005771775654,-0.3043008697618807,77764.33403320312,1.1853787642529365e-06,44.87811279296875,4.714463648269884e-05
648,0.8869441224191422,0.017034964377168678,0.9305056524561732,33297.12125805664,1.7754969805016703e-06,19.651723861694336,3.679192377603613e-05
649,0.9772942152644895,0.0057777736159806544,0.3156009539701609,37010.24002880859,1.6650064385192136e-06,20.49609375,3.172354990965687e-05
650,0.702238897333248,0.01631736287827097,0.8913079038638559,33060.22516845703,1.7683116033644727e-06,7.920847415924072,2.4285069230245426e-05
651,0.8660834388665781,0.005596207910462705,0.3056832393488683,30940.87783154297,1.8358340757341907e-06,4.825394630432129,1.1402295058360323e-05
652,0.6889294727385826,-0.012193511270621255,-0.6660495971337591,30870.247046875,1.8667360043138418e-06,6.883487701416016,1.788368717825506e-05
653,0.6239318421687814,-0.019969150429634,-1.0907805228184697,37331.32929394531,1.7146906339378727e-06,9.949095726013184,2.4529610527679324e-05
654,0.9712485506383216,0.0035876134894509163,0.1959672211135519,60544.72319433594,1.3838229521861514e-06,27.002901077270508,2.8877191653009504e-05
655,0.9750538178477294,-0.007471169608017114,-0.4080997997293235,35618.57971289063,1.7664343548092602e-06,30.690738677978516,4.3975876906188205e-05
656,0.5190222511079793,0.008915292692835966,0.48698254133736485,49794.62155371094,1.4932660230758754e-06,4.1703877449035645,7.760333573969547e-06
657,0.1319749432530458,0.008524964197304861,0.46566151809570816,38525.49485986328,1.6790504228183595e-06,4.007035255432129,1.2339055501797702e-05
658,0.610837448627191,-0.012231015371065438,-0.6680981941651899,25301.548865966797,2.0446577440509483e-06,6.376749515533447,1.3954932910564821e-05
659,0.549805556621603,-0.0072492230091626515,-0.39597634820897315,21078.537401367186,2.212901443711329e-06,2.2279272079467773,6.711965852446156e-06
660,0.8686808572781625,0.0011615813554255849,0.0634493852220697,18875.764256347655,2.3459371774527056e-06,0.6509352922439575,1.8881047481045243e-06
661,0.7592174460418922,-0.005504449215414537,-0.30067107833027773,18969.269830566405,2.3197974270697425e-06,1.8991819620132446,5.534362117032288e-06
662,0.5937513145758611,-0.011742420970654567,-0.6414095647513186,16527.03902709961,2.5024283076133893e-06,2.903488874435425,1.282728771911934e-05
663,0.988768347134865,-0.0002240076981965191,-0.012236035529661715,16866.039375732424,2.4840712114347764e-06,0.9852632880210876,2.0658408175222576e-06
664,0.5954685824255438,-0.01049894356454016,-0.5734867485086406,25346.80294873047,2.0114391458233422e-06,4.8105268478393555,1.103651084122248e-05
665,0.6931597366544577,-0.00840780381232245,-0.45926183342033633,45275.29916357422,1.5494833764438546e-06,9.676457405090332,1.0212237611995079e-05
666,0.9409753582691237,0.00431904660261084,0.2359204978636407,82418.0672109375,1.1764964820455873e-06,12.571672439575195,1.2684621651715133e-05
667,0.9234056471274132,-0.01175098709447523,-0.6418774745431026,60086.14408789062,1.3826899268863323e-06,22.097192764282227,2.3979473553481512e-05
668,0.8289682905240972,-0.07143308192398484,-3.901909333706536,41641.99864794922,1.6554960059967e-06,66.4887466430664,0.00016280038107652217
669,0.8331907420367693,0.04203614807191815,2.296152344223784,35339.21474804688,1.7339486863177873e-06,26.52716636657715,0.00010262041178066283
670,0.308974685312571,0.03199655239371299,1.747756684561292,22726.34385546875,2.1347993340021944e-06,7.381607532501221,3.8580503314733505e-05
671,0.6767989412513109,-0.008001933820856483,-0.43709188267317817,21558.79025341797,2.1822740733493894e-06,3.134946823120117,8.922513188736048e-06
672,0.5631428795754052,0.008522128616386683,0.4655066293613415,19269.4691027832,2.3538266386528325e-06,2.6669974327087402,8.950603842095006e-06
673,0.8572375593319319,-0.0048776328916136785,-0.2664323139023219,16821.601174072264,2.4644308553675016e-06,2.633906602859497,8.308631549880374e-06
674,0.9945959301886266,0.00055681911830757,0.03041528737654877,16263.53392626953,2.513869308511747e-06,1.8404408693313599,4.020172582386294e-06
675,0.6500008163005797,-0.005409063514764333,-0.29546079836412387,12963.653829101562,2.837938396900919e-06,1.831543207168579,7.615548383910209e-06
676,0.9449146456216788,-0.002803749864031561,-0.1531500177394684,12697.118075683593,2.8440434398223266e-06,2.9822537899017334,8.932468517741654e-06
677,0.9648511335167468,0.002638223362947365,0.14410841709505678,13829.725702636719,2.730297149457198e-06,4.463097095489502,1.0051798199128825e-05
678,0.9699287468943633,0.0027571516942388095,0.15060467279913017,18647.44433618164,2.3696808432864924e-06,5.290071964263916,1.1100250958406832e-05
679,0.7498489335861516,0.00979117194690393,0.5348259402863914,38713.3806953125,1.7080444287150337e-06,3.2531261444091797,9.357015187561046e-06
680,0.7650562907158385,0.027847435148134744,1.5211182857814034,35400.743707519534,1.779869830868421e-06,18.771507263183594,4.382701445138082e-05
681,0.6390375425417035,-0.022472073191625568,-1.2274983771167636,39665.3468569336,1.662703217642363e-06,13.222734451293945,2.9105594876455143e-05
682,0.7663574403455455,0.04604335313775257,2.5150390340784106,48297.353525878905,1.5154799807041075e-06,29.09503746032715,5.308118124958128e-05
683,0.6499217447349028,-0.004865182136505235,-0.2657522128026518,37575.77518261719,1.697621434149916e-06,6.298691749572754,9.99208896246273e-06
684,0.9854090682114052,-0.001398046277450575,-0.07636587519411578,26084.550426269532,1.988902733904566e-06,3.6232833862304688,6.131700502010062e-06
685,0.7845202225116663,-0.004751433511034121,-0.259538889627063,21140.569095458985,2.2144435917271856e-06,2.7580490112304688,5.5266286835831124e-06
686,0.5231173482867726,0.008479848665742555,0.4631971597206149,21366.97745776367,2.1917390221753426e-06,2.013125419616699,7.812796866346616e-06
687,0.6396218428833444,-0.0101333201574185,-0.5535151982626673,19557.666612060548,2.3116548227179308e-06,4.225992202758789,8.91235231392784e-06
688,-0.06056628579353044,-0.01383027027715024,-0.7554547448970856,20003.810912597655,2.2819254801409935e-06,1.7099698781967163,1.1322449608996976e-05
689,0.6975009504380568,0.010985770456609163,0.6000788308170137,18053.10727294922,2.3901705764647627e-06,3.9415340423583984,1.1748012184398249e-05
690,0.9970568786836678,-0.0017389583311646622,-0.09498761022965009,25904.095051757813,2.0129945408241344e-06,7.851085662841797,1.373473605781328e-05
691,0.9716345285996311,0.004142093067539923,0.22625471512644446,55543.07375878906,1.4413989972629778e-06,11.535590171813965,1.4020019989402499e-05
692,0.6415620544049712,0.018998146170136707,1.0377410839316932,47704.36602197266,1.5722503452809917e-06,7.928415298461914,1.7775248124962673e-05
693,0.9942571000459588,-0.00011405218316271926,-0.006229904492792134,50342.085579101564,1.5026922088037198e-06,27.479236602783203,3.427622505114414e-05
694,0.06959295398149778,-0.026722407426378922,-1.459665579976704,45247.208921875,1.5476398007410333e-06,8.728050231933594,2.2986285330262035e-05
695,0.8424770808553466,0.00961381576731368,0.5251381637843201,31796.212190185546,1.8023795000707404e-06,5.689472675323486,1.4043610462977085e-05
696,0.6493594137028548,-0.004175569607221784,-0.22808331357308362,26742.050252685545,1.9738605793765545e-06,2.131288766860962,4.65830453322269e-06
697,0.5069104987087173,0.006513539187974283,0.35579088383818636,25499.980285888672,2.0040984313630463e-06,2.321475028991699,5.7258530432591215e-06
698,0.9590322274689055,-0.0008791686349003398,-0.04802307572379631,25190.588096923828,2.044754532394723e-06,1.0568283796310425,1.6957243360593566e-06
699,0.8125733628543713,-0.00906321534988518,-0.4950625622557008,24092.15241040039,2.070203026954179e-06,3.590693235397339,9.607885658624582e-06
700,0.7455579410557955,0.012253624561620591,0.6693331823426364,37984.82798486328,1.718434867394739e-06,8.72744083404541,1.3761462469119579e-05
701,0.8420784260229452,-0.03134607642078806,-1.7122255524619023,69723.91793261719,1.2971120951386423e-06,22.352819442749023,3.6569992516888306e-05
702,0.8374394886864286,-0.024072899443002227,-1.31494075988468,76705.34894580078,1.2371934113889083e-06,22.58810806274414,2.578130442998372e-05
703,0.9868703593326152,0.006187177716719975,0.3379639493625816,53771.91018115234,1.482043763592628e-06,30.523630142211914,2.8989870770601556e-05
704,0.8186898805305503,0.022503462508217376,1.229212964589254,29809.14259326172,1.8961333332636623e-06,14.211690902709961,4.5168435462983325e-05
705,0.6203070462578646,-0.022855529120658354,-1.2484439982247864,60468.40458105469,1.3354208455586496e-06,17.038467407226562,3.128477692371234e-05
706,0.753426769704181,-0.023751696176041733,-1.2973955834536273,24971.681913085937,2.0158527375748436e-06,8.242157936096191,2.5347626433358528e-05
707,0.9279352469022782,0.011941317064330813,0.65227392204139,34669.725458007815,1.7443123759685765e-06,23.285850524902344,3.585286685847677e-05
708,0.7225211996773836,0.013675692161972251,0.7470111810166752,29397.717748046874,1.8612699975841584e-06,4.3874382972717285,1.4523708159686066e-05
709,0.8244911236166116,0.003507292881420707,0.1915798459405814,27819.885744628908,1.9402972046078053e-06,1.9478996992111206,4.647001787816407e-06
710,0.9636525962049473,-0.0013011488537125015,-0.07107301995236599,24958.550033447267,2.0321326458536103e-06,1.9466819763183594,3.793768200921477e-06
711,0.9873726516415099,-0.0010797699643481597,-0.05898057858723602,25788.52741772461,2.0175212574255914e-06,2.462852954864502,4.2644924178603105e-06
712,0.9789157182830868,-0.007941468465570247,-0.433789066557694,63241.86053515625,1.359025630958377e-06,23.342954635620117,2.7452191716292873e-05
713,0.46063952580628864,0.03137733419635083,1.713932954731751,49005.64062304688,1.5774852974974352e-06,20.426639556884766,3.235166514059529e-05
714,0.6806408628988726,-0.017268820052691206,-0.9432796168223283,40509.597799316405,1.688349754086941e-06,14.490864753723145,3.2774973078630865e-05
715,0.8425192627142488,0.017411306472032158,0.9510626925986824,38506.0888359375,1.67088740636503e-06,6.781717777252197,2.567939918662887e-05
716,0.954194379715061,-0.0041584337188434,-0.2271472951205112,26677.786166992188,1.9656269902853516e-06,6.99014949798584,1.138385141530307e-05
717,0.9182181165328803,0.007637804720124605,0.41720195634560037,23516.29738305664,2.102254595398421e-06,6.489486217498779,1.6577889255131595e-05
718,0.6850490079552036,0.005709816131737176,0.3118888931865171,23257.526505371094,2.109447063002139e-06,2.7138185501098633,6.514930191769963e-06
719,0.47059621242609906,-0.005942907410996856,-0.3246211037205212,20898.304901367188,2.237048895042102e-06,1.4711644649505615,4.494670520216459e-06
720,0.41578459817966196,-0.014557908878012992,-0.7952007529342697,20230.668052246092,2.278161373029158e-06,3.1224169731140137,1.3010603652219288e-05
721,0.9828040678621398,0.004877690582102861,0.2664354651461454,19528.184734375,2.3207413556245363e-06,11.163500785827637,2.3468055587727576e-05
722,0.8605757364983306,0.009815572895037736,0.5361588001422202,26135.00670703125,2.0132110763041784e-06,4.633902072906494,1.2190324014227372e-05
723,0.9875270938739575,0.004117595119786064,0.22491655683307613,71372.62767675781,1.2685897014413762e-06,20.2270450592041,2.0343015421531163e-05
724,0.9582120356861413,0.0053339989924168696,0.2913605278383544,32307.019104980467,1.8427727822249814e-06,11.461484909057617,1.918730777106248e-05
725,0.4680556695804201,0.05437842887878281,2.970328221596397,49934.478660644534,1.507955779740049e-06,29.15641975402832,8.442500256933272e-05
726,0.9148021887255431,-0.0018954215623244789,-0.10353414533076805,42656.98006347656,1.5975081588405488e-06,3.212800979614258,5.921201136516174e-06
727,0.9343982932926684,0.0038439327278510906,0.20996821899554832,25218.47234277344,2.0125216739740717e-06,4.356998920440674,9.059632247954141e-06
728,0.8648257064643969,-0.002803667283766747,-0.15314550693442708,25678.27954296875,1.9982825432243306e-06,2.342494010925293,4.465028723643627e-06
729,0.9428928523341795,0.004173352979369248,0.227962234086182,25240.81286694336,2.023191784685149e-06,6.051843643188477,1.2555081411846913e-05
730,0.9639438471943749,0.0008227738740425381,0.04494260883315638,27939.623836914063,1.9258448746463473e-06,1.0941919088363647,2.186264964620932e-06
731,0.9564645691670632,0.004314344323944244,0.2356636439729125,28917.071877929688,1.9090969746456575e-06,4.79412317276001,1.0344795555283781e-05
732,0.9071948597671995,0.008002384842586672,0.4371165189600543,44335.62311474609,1.5709100422133922e-06,8.115257263183594,1.3430869330477435e-05
733,0.6269512774390049,-0.022490004739550977,-1.228477857104655,49092.287853027345,1.498560468027064e-06,24.217504501342773,3.103295966866426e-05
734,0.3280385774407266,-0.04603828851390228,-2.5147623877047574,30849.15679248047,1.8892252769323633e-06,19.607715606689453,8.517000242136419e-05
735,0.9166471372152383,-0.019376506272356323,-1.0584083542578415,48627.67735498047,1.5155463072764054e-06,60.71215057373047,7.961334631545469e-05
736,0.8805086917556375,-0.005344484798213767,-0.2919332969588845,32743.55365673828,1.7997272591887884e-06,9.434776306152344,1.6456593584734946e-05
737,0.6718975655165906,-0.011183346908877092,-0.6108711049631194,33170.316205078125,1.7753917196511326e-06,5.718843460083008,1.428697032679338e-05
738,0.6635469342728737,0.05873145916069347,3.208105019536728,32221.470045654296,1.8056866266383273e-06,15.346193313598633,8.047837764024734e-05
739,0.9255726911304911,0.004648589675206627,0.25392122184455695,23295.903260253905,2.1279553736369645e-06,5.500978469848633,1.2182013961137272e-05
740,0.9992672367742905,-0.0002194728420710801,-0.011988326807508354,25152.047560058592,2.0346500384668617e-06,7.195817470550537,1.338956099061761e-05
741,0.9863782654368094,0.0019339628948583645,0.10563939938249,29954.08451171875,1.8956998023559699e-06,6.635462284088135,1.1185209586983547e-05
742,0.6795818199531102,-0.0277304780082292,-1.5147297030190543,45281.571165039066,1.5798868288138678e-06,17.59231185913086,3.685575211420655e-05
743,0.9616063419963596,-0.014768445916391438,-0.8067009768223276,60878.23224609375,1.362536456061132e-06,35.78828048706055,3.9364567783195525e-05
744,0.9143073839207669,0.05221475147083036,2.852141061728317,65186.55648535156,1.312942874296351e-06,56.758209228515625,9.42319820751436e-05
745,-0.27568639043247767,-0.03396604090376981,-1.8553366096189305,56391.92654980469,1.4001758131593514e-06,21.611675262451172,2.82137389149284e-05
746,0.7417157833542267,0.011762589711419082,0.6425112475531599,42383.51159033203,1.5831640830506517e-06,9.980586051940918,1.6814594346215017e-05
747,0.48022880043754573,-0.008427842720899628,-0.4603564243620765,27514.75894189453,1.9399932856715495e-06,4.689890384674072,7.144897608668543e-06
748,0.8235318642236329,-0.0015805223401094315,-0.08633331650967162,24426.918211914064,2.051945503481284e-06,1.4665913581848145,2.5258707410102943e-06
749,0.6753355389938098,-0.003291159323912138,-0.1797739218133358,20701.155333984374,2.248995754878698e-06,1.6676076650619507,3.966074473282788e-06
750,0.9238317851047533,-0.006064337664420853,-0.33125402262122955,23930.03926586914,2.0658114426432614e-06,4.344314098358154,9.92838067759294e-06
751,0.7205873253626521,-0.010703692627885526,-0.5846708142078512,21022.676983154295,2.2271644126107824e-06,4.609435081481934,1.4568820915883407e-05
752,0.7460121336260185,0.015342352045910806,0.8380496128202253,40156.85002832031,1.661286610498589e-06,8.771087646484375,1.9274770238553174e-05
753,0.6692206394702523,-0.01454059253356527,-0.7942548773790454,67998.87977001953,1.3117638704663553e-06,8.116741180419922,1.2605989468283951e-05
754,0.9985745063197259,-0.004297236191860964,-0.2347291416602576,43060.475130371095,1.6221344535706667e-06,40.653656005859375,5.3198295063339174e-05
755,0.957719601302366,-0.022199751597554444,-1.212623278058225,59175.73098876953,1.3894588481714359e-06,47.79443359375,5.44618014828302e-05
756,0.9136707375755868,0.002602340440481066,0.14214837412447748,47086.507579589845,1.5500677300415722e-06,5.6620893478393555,1.0750065484899096e-05
757,0.9638686790562342,0.007557349334731054,0.41280721919078867,39033.27469873047,1.6317370057414387e-06,16.172988891601562,2.4799724997137673e-05
758,0.8272806000739689,-0.003904339970127055,-0.21326786078772073,24049.06729272461,2.061319886846192e-06,3.1599395275115967,5.320922355167568e-06
759,0.765676792182229,0.01768412384050442,0.9659648724818344,23980.17751904297,2.0824141839372725e-06,9.098594665527344,2.436744762235321e-05
760,0.6157769164500537,0.010483626913603031,0.572650102774717,22433.722200195312,2.1540365639489795e-06,3.7367684841156006,1.1464682756923139e-05
761,0.8142797154465716,0.0042799617578546095,0.23378555539086468,26754.028514160156,1.9789558405789304e-06,2.20149827003479,6.116816621215548e-06
762,0.5620500652704801,-0.008666480504001069,-0.47339160313609907,46462.95974609375,1.5357434742207386e-06,5.10703706741333,9.04157423065044e-06
763,0.8491265205483349,-0.012491596985753181,-0.6823320170264855,66556.73944970703,1.3556396808043032e-06,15.655329704284668,1.778447585820686e-05
764,0.5960782812859591,-0.0310018613100268,-1.6934233936118692,51601.96425,1.4885170062345272e-06,16.62261390686035,3.184721936122514e-05
765,0.8527526087079476,-0.019910549036612126,-1.0875795224382316,39204.33225,1.6549147848311645e-06,17.29869270324707,3.528066008584574e-05
766,0.47377597473573296,-0.013501167834037282,-0.737478089544394,60083.46891503906,1.3674620642113712e-06,15.775397300720215,1.9152494132868014e-05
767,0.7970606133481147,-0.012673520679551657,-0.6922692861423557,43922.234162597655,1.5316018833553428e-06,11.436084747314453,1.9948294720961712e-05
768,0.955907890084736,0.012316739407821556,0.6727807223458672,30019.634415527344,1.8625005315815162e-06,18.68056869506836,3.703087713802233e-05
769,0.7989294346934632,-0.004377862678824935,-0.23913322494429484,24472.042897216797,2.0635261569420055e-06,3.568962574005127,6.017453415552154e-06
770,0.7683593687947992,0.015818130325878577,0.8640381836809451,23685.571015380858,2.104194516945651e-06,3.559335231781006,1.7705082427710295e-05
771,0.764846277854852,-0.006658748749346687,-0.3637227065679596,25550.146826171876,2.0150668781595652e-06,2.6568727493286133,6.989704615989467e-06
772,0.6457051068726741,-0.012143394620620689,-0.6633120612590027,32563.527034423827,1.8352987475297012e-06,3.4753196239471436,1.0895810191868804e-05
773,0.7645277414292551,-0.01519998488294238,-0.8302730512182641,60873.17634814453,1.366087105454707e-06,5.5312628746032715,1.6542471712455153e-05
774,0.9331277084351641,0.02184254618178935,1.1931115461227677,62720.09871923828,1.3562018836646396e-06,52.77849197387695,4.789832019014284e-05
775,0.884851938841982,-0.011913232893017177,-0.6507398724494281,39962.041760742184,1.6871958142036098e-06,28.396026611328125,4.6544326323783025e-05
776,0.3246796152972607,0.01615388708095964,0.882378319388655,46878.884296875,1.5271041509577151e-06,10.820911407470703,2.28280605369946e-05
777,0.6080510872601441,0.012112688706811287,0.6616348034889908,21712.511083984376,2.185350892069441e-06,4.645247459411621,1.6017809684854e-05
778,0.7449662081145366,-0.00457003325501136,-0.24963021240010003,22197.570838378906,2.1463670005399353e-06,1.6408617496490479,4.639096005121246e-06
779,0.8365477112373225,-0.0034970434488698007,-0.19101998830237762,22194.515106445313,2.1555083304099155e-06,2.179396390914917,4.789745162270265e-06
780,0.48798199582110563,-0.0041506538045332116,-0.22672233067204092,18911.555853515623,2.3497578059522625e-06,1.3965297937393188,3.210572913303622e-06
781,0.41130593355385,0.009092281182352387,0.49665023340107345,19763.136319580077,2.283404395805176e-06,1.5414193868637085,7.5664688665710855e-06
782,0.7870045021374585,0.003025911228307054,0.1652852004518422,16912.501955078125,2.4717008044146937e-06,1.0079569816589355,3.823060978902504e-06
783,0.5831956515750187,-0.009203738014077348,-0.5027383712820034,23518.073618164064,2.098672854138102e-06,2.524146556854248,8.529586921213195e-06
784,0.9395922684857265,-0.011593873625202516,-0.6332954213025804,67132.45547045898,1.3272773382970677e-06,16.390785217285156,2.0072999177500606e-05
785,0.975347480773431,0.00511525822866951,0.27941218955111413,48378.83293994141,1.5125752556105315e-06,13.363297462463379,1.6222433259827085e-05
786,0.9615207793185332,0.009252957106285462,0.5054268796049085,39401.982123535156,1.7419782010464109e-06,46.933837890625,6.492250395240262e-05
787,0.8947676786210322,0.005440220558683406,0.2971626983410548,46521.395041015625,1.5148460413792953e-06,6.661463260650635,1.3590393791673705e-05
788,0.7844783420683858,0.005143574917119939,0.28095893999206484,24878.577947021484,2.0450544619407427e-06,4.590236663818359,1.0810572348418646e-05
789,0.7364793929474215,-0.007471255703387268,-0.40810450254095276,21251.61046069336,2.196886049980615e-06,3.212730646133423,1.036471439874731e-05
790,0.9619482467437698,0.001831108594999146,0.10002116002023476,19008.356758300783,2.3485283660010307e-06,3.0235936641693115,6.306070190476021e-06
791,0.9693117129836618,-0.002172018129813705,-0.11864275746521136,17198.278216308594,2.4442879266353603e-06,3.259622812271118,6.5783888203441165e-06
792,0.7328290974082476,-0.009624797813341898,-0.5257380391746371,14668.007114501954,2.640129627596694e-06,2.6711246967315674,1.187991256301757e-05
793,0.8993839059228673,-0.002690629039542488,-0.14697098711357168,14264.536337158203,2.679023457256531e-06,2.517542600631714,5.977892669761786e-06
794,0.9708159937590549,-0.0017459164952552144,-0.09536768798464992,13575.154387939454,2.7652750815461606e-06,2.8181228637695312,7.034160262264777e-06
795,0.9787331946163034,-0.0011397881745245208,-0.06225897016956635,15975.98503125,2.532335341172096e-06,1.9723395109176636,4.5631368266185746e-06
796,0.5360763698394543,0.010477151044827852,0.5722963695724368,26778.45203930664,1.983018156397015e-06,1.9462487697601318,9.251760275219567e-06
797,0.7014483737667154,0.020286983039732063,1.1081415829112944,53509.02712792969,1.4593199383375137e-06,11.563369750976562,1.7691723769530654e-05
798,0.9993385776488887,-0.0022780767472257214,-0.12443602716678091,45324.871599609374,1.5774133536416154e-06,35.44585037231445,3.9960996218724176e-05
799,0.9437522123965866,-0.018273799939449196,-0.9981749159569953,70250.2878173828,1.2780966723127746e-06,36.59461212158203,4.5198681618785486e-05
800,0.8067988374353172,0.013917819974049464,0.7602369966254625,63377.967748046874,1.3476759862386924e-06,17.6887264251709,2.4590297471149825e-05
801,0.4025717107930662,0.01672941356782126,0.913815464621593,37700.22120458984,1.6950648720613533e-06,10.246492385864258,2.498765752534382e-05
802,0.976699478702242,0.0016476022332434837,0.08999744038720954,24773.47505908203,2.0446992636210865e-06,3.5065462589263916,6.388593646988738e-06
803,0.5476228326809849,-0.004498768445580721,-0.24573749466214587,22895.520834472656,2.1291700684001923e-06,2.048771381378174,4.768557118950412e-06
804,0.8717732504252409,0.003468561241030681,0.18946419664928482,23412.654254394532,2.0991371256813968e-06,2.805868625640869,5.941109975537984e-06
805,0.8757118717471194,-0.006552136913283935,-0.35789921824836674,27694.466219238282,1.968708299983607e-06,6.550435543060303,9.475607839704026e-06
806,0.44264172309716837,0.010482348897307155,0.5725802933309804,44445.54995849609,1.567429772061495e-06,4.504841327667236,9.437652806809638e-06
807,0.3923808957570865,-0.03918046573374826,-2.1401656043367474,56280.99047705078,1.4250377400104937e-06,17.78865623474121,5.094949301565066e-05
808,0.9842315320406612,0.004264517046055367,0.23294191455243632,43850.400672363285,1.5961410928342443e-06,15.622274398803711,1.9182185496902093e-05
809,0.9083088645677045,0.015651624159243406,0.8549430704894853,38252.158247070314,1.6989016139211638e-06,23.281599044799805,3.972043487010524e-05
810,0.703939786451719,-0.02257357015310913,-1.2330424742029988,58163.487357910155,1.375364521804667e-06,7.6242170333862305,2.8357382689137012e-05
811,0.9821507948586389,0.0018318523419395012,0.1000617859186326,28735.39263623047,1.8974091616980722e-06,5.325707912445068,8.940950465330388e-06
812,0.47205910173532817,-0.0034657664101255116,-0.1893115338143449,25144.232261474608,2.020257785274382e-06,1.0136983394622803,2.453430170135107e-06
813,0.8091039813144938,0.0036374455643155544,0.19868921256058486,23573.58451586914,2.0804644980795677e-06,2.113553524017334,4.266627001925372e-06
814,0.8671348638994252,-0.002629688905629524,-0.14364223703156684,23634.78648852539,2.103415993622529e-06,2.373208522796631,4.065793746121926e-06
815,0.6442917872054743,-0.021725795464492256,-1.1867342388406432,25532.918934570313,2.0235492936562144e-06,4.950888156890869,2.1439287593238987e-05
816,0.9571927466669579,0.0109348276986187,0.597296170213076,23255.847057128907,2.1234894304032966e-06,15.797065734863281,3.2766416552476585e-05
817,0.8152782734889398,-0.026811174060125138,-1.4645143047888947,53425.323276367184,1.4521784975019325e-06,21.12696075439453,4.190012623439543e-05
818,0.9788625026551162,0.0033425571165240395,0.18258143790143772,61281.435310058594,1.3577529071907642e-06,9.678153991699219,1.1472635378595442e-05
819,0.8218355201379213,0.032101573724252395,1.753493294250148,88349.35944091796,1.1374275483145642e-06,36.88845443725586,3.693876351462677e-05
820,0.7309283013830669,-0.03960652935845809,-2.16343859759465,39549.48857373047,1.68915370067787e-06,31.803524017333984,7.843220373615623e-05
821,0.7726715880552391,-0.06014194439290675,-3.2851503512569074,53564.816842773434,1.432065056860156e-06,69.30345153808594,0.0001418932224623859
822,0.8701568073981351,-0.014288345305147217,-0.7804763060440806,34286.75893310547,1.7808626267570947e-06,16.3631591796875,3.818830373347737e-05
823,0.6134007025578454,0.01661589366718096,0.9076146351467962,63275.56770703125,1.3195483185430061e-06,35.43130874633789,3.557972013368271e-05
824,0.9901034685472149,-0.004573774882280963,-0.24983459235926309,42913.78969140625,1.5890709502758825e-06,28.51861572265625,3.883480530930683e-05
825,0.6571007740451638,0.028462505402501982,1.5547154413535889,30923.92435205078,1.818746976745931e-06,15.82369613647461,3.903806646121666e-05
826,0.9992122037836452,0.00022037576060113785,0.012037647180438052,25602.642623535157,2.0096511234155203e-06,7.3595099449157715,1.2693795724771917e-05
827,0.9549839700141941,-0.004668955609580085,-0.2550336760083856,21263.500259277345,2.2337445483512054e-06,7.709483623504639,1.6586214769631624e-05
828,0.9623837151977441,0.004112843799150767,0.22465702410909225,21065.8182421875,2.2130672730852236e-06,5.6514105796813965,1.1109107617812697e-05
829,0.9776324537815033,-0.0011436522245257424,-0.06247003726004578,16236.802711303711,2.5221397138032497e-06,2.1503400802612305,4.717063802672783e-06
830,0.9206508542978299,-0.0026745956684539147,-0.14609519177314578,15246.895989257813,2.603205689538975e-06,2.1790173053741455,5.649623290082673e-06
831,-0.0750794631042219,-0.01104257343819323,-0.6031815960632494,21918.514094970702,2.1936376178953054e-06,2.0270392894744873,7.378125246759737e-06
832,0.8909372877691087,-0.0012047462915318072,-0.06580719567270858,32308.04107788086,1.821110904061766e-06,1.0754427909851074,2.024932655331213e-06
833,0.7349993469617185,0.015114477591653224,0.8256023623862159,48030.32881396484,1.5314995787418344e-06,8.067002296447754,1.6595295164734125e-05
834,0.91218925626414,0.015089493332554866,0.8242376401714393,69755.22665625,1.2834442870343858e-06,26.704540252685547,2.5571805963409133e-05
835,0.7857425800231729,-0.030233343496388697,-1.6514444288327028,42720.160411621095,1.6357124968842205e-06,46.71684646606445,6.640617357334122e-05
836,0.5440914313601029,0.012386777906898506,0.6766064549883137,49028.91479736328,1.536803958585185e-06,8.098319053649902,1.4902318980603013e-05
837,0.23073741053751037,0.01680898717263777,0.9181620360278306,37352.524458007814,1.729034247482332e-06,6.418960094451904,2.1747271603089757e-05
838,0.881359266032849,0.0035738495563186557,0.19521538992118598,22958.36649584961,2.105522763062749e-06,3.9511923789978027,7.835526048438624e-06
839,0.9960432003900187,0.00048713270229032223,0.026608786666141134,23108.295484375,2.1188327668121098e-06,3.0007097721099854,5.289332875690889e-06
840,0.44618201271927554,-0.007365720423143461,-0.4023398192327785,21647.73853100586,2.1793425970852135e-06,1.3772590160369873,5.9352551033953205e-06
841,0.9947418222914309,0.00023342962074582375,0.012750691856203995,20157.516721191405,2.268393858611686e-06,1.0091952085494995,2.0451277578104055e-06
842,0.4125405955899059,-0.006262476354709998,-0.34207700805296987,21158.49988647461,2.219555605777878e-06,2.2073490619659424,5.568418600887526e-06
843,0.9979250743531005,0.0003920904741020581,0.02141726829292173,19032.178068115234,2.3221039017000696e-06,6.573246002197266,1.3463486538967118e-05
844,0.5704164114727667,0.017700879846371885,0.966880140505122,35706.04518603515,1.7413198345598393e-06,3.757091760635376,1.548162254039198e-05
845,0.9907218385322352,0.0008736121266830792,0.04771956101195988,55177.01467041016,1.4502675708151752e-06,16.82044792175293,1.932005034177564e-05
846,0.7479619248314424,-0.0369261527437401,-2.017027631567085,39844.295225585935,1.6665386286884593e-06,27.11748504638672,7.918094343040138e-05
847,0.6556257468894003,0.046404672895364256,2.5347755048662437,54465.20355712891,1.4333938992515886e-06,19.642574310302734,5.22322443430312e-05
848,0.8185530002037862,0.004306367390959183,0.2352279177179277,32761.212864746092,1.8054995273098082e-06,4.1071624755859375,7.79862511990359e-06
849,0.9534943522946998,0.0011026341779047893,0.06022949695785049,23655.064018066405,2.089077614611377e-06,1.5831464529037476,3.0823393899481744e-06
850,0.5740917088280397,-0.005326674543328567,-0.2909604423948575,20257.748275390626,2.3020220077090183e-06,1.751714825630188,5.749515821662499e-06
851,0.8633261368191448,-0.0026655380010272,-0.1456004322566585,18600.325583251954,2.3655257150686997e-06,1.7058049440383911,4.516694389167242e-06
852,0.9724158151805233,0.0005659633957205669,0.030914777814687,17321.382637207033,2.447861525941771e-06,0.9208014011383057,1.8391181129118195e-06
853,-0.10323997386549434,-0.007861333030033295,-0.4294118061139263,15787.900165527344,2.5672592199840354e-06,1.816205620765686,5.824930212838808e-06
854,0.2485249989419752,0.008192973711980238,0.4475271084006541,15421.789960693359,2.580556865287304e-06,1.4030855894088745,6.719629254803294e-06
855,0.8127153709996465,0.004658484951797391,0.25446173432209773,16248.846239257813,2.5382469662492733e-06,2.402390480041504,7.025290869933087e-06
856,0.7206992018813816,-0.004883232195679818,-0.26673816626385355,25617.21882421875,2.0154710096237413e-06,2.1497833728790283,4.8378456085629296e-06
857,0.7222732416360379,0.014555891299266193,0.7950905461626792,57163.41080517578,1.4112600745158657e-06,6.245217800140381,1.1716471817635465e-05
858,0.8794662752845827,0.011272045532016819,0.615716114812815,63239.08205566406,1.376281786345278e-06,16.318500518798828,1.7398730051354505e-05
859,0.7317435274072995,-0.017567772257082625,-0.9596093672016878,37984.652595214844,1.7157318279049775e-06,12.80496883392334,2.889091774704866e-05
860,0.7020408160652158,0.020062108506258506,1.0958581979943856,42103.13631054688,1.6097086891805039e-06,13.22680377960205,2.6970945327775553e-05
861,0.4715086522878576,-0.008229604290983534,-0.4495279908246287,31959.517157714843,1.8360594785962363e-06,6.827425003051758,1.1410498700570315e-05
862,0.9093662701410304,0.003934070378698575,0.214891833260637,23219.13687084961,2.105965772182684e-06,2.7036375999450684,6.665142791462131e-06
863,0.8950397565624193,-0.002668897229004371,-0.1457839243116719,20651.292014892577,2.2337582313491054e-06,1.7140032052993774,3.886994363710983e-06
864,0.7008415620937887,-0.010667708475516442,-0.5827052417278082,19034.57649291992,2.3354809552412206e-06,3.3212225437164307,1.1631905181275215e-05
865,0.05008567672081977,-0.015993256505761676,-0.8736041502815376,18707.376506103516,2.3448068499723377e-06,1.8668843507766724,1.0168665539822541e-05
866,0.7731448579380399,-0.006034441938130649,-0.3296210199520486,16768.660983154296,2.471913700132666e-06,3.3158347606658936,6.986303560552187e-06
867,0.6293838575104397,-0.004461658038956999,-0.24371040247904738,15009.070563964844,2.618850113165958e-06,1.662598967552185,4.971049293089891e-06
868,0.35544224940195046,-0.01926547463987521,-1.0523434421548499,24406.29332836914,2.103244729072253e-06,4.659566879272461,1.7369588022120297e-05
869,0.885887968468279,0.01049063131986274,0.5730327064287344,55808.75476171875,1.4348254467971925e-06,10.848618507385254,1.2883304407296237e-05
870,0.8779967534458003,-0.017636416338112984,-0.9633589321548154,66071.34013476562,1.3026924956131231e-06,18.528488159179688,2.134036913048476e-05
871,0.8636206255866496,-0.021292855654826377,-1.1630856457970713,35409.37289111328,1.7854072024552848e-06,27.852279663085938,3.9295417082030326e-05
872,0.7456672449458407,0.032581374252443805,1.7797015735073642,54871.05318310547,1.4216848502689492e-06,27.673437118530273,4.5689361286349595e-05
873,0.09543450822335242,0.01629697280769825,0.8901941313016236,32089.165240234375,1.8307297784160561e-06,8.27087116241455,2.069332003884483e-05
874,0.6002881315098233,0.015852983129560034,0.8659419581832861,29557.417008544922,1.8671022939375465e-06,4.620378494262695,1.744066867104266e-05
875,0.6283769098706421,-0.01410736441847537,-0.7705905361471744,21455.447786865236,2.2097578349705203e-06,3.1090610027313232,1.1947906386922114e-05
876,0.567886205010471,0.012010722649310026,0.6560650828389872,18911.850388916017,2.33978534455451e-06,3.797086000442505,1.227462780661881e-05
877,0.871192212126795,0.004335300573263752,0.23680834307614154,17679.829663085937,2.414650394108281e-06,3.310547351837158,6.729359938617563e-06
878,0.7639977039178226,-0.005694508596788946,-0.31105274539782024,13500.921064453125,2.770741523941663e-06,3.425675630569458,7.86931013863068e-06
879,0.998777286857771,0.0003828287596903488,0.020911363060558536,14500.729776245118,2.6757218667964435e-06,5.909419059753418,1.3669192412635311e-05
880,0.7783255866525726,-0.018093290129678665,-0.988314877826221,16363.769375732421,2.5054612880847107e-06,9.597536087036133,2.4470673452015035e-05
881,0.6129689027580855,-0.017453489157186586,-0.9533668492791965,28258.230654296876,1.943182540205084e-06,7.752326488494873,1.9923176296288148e-05
882,0.8044405945321719,-0.019623575061762617,-1.0719040622615623,52908.439822265624,1.474451023162275e-06,17.597749710083008,2.3896875063655898e-05
883,0.2588385013492621,0.05372736422191625,2.9347649336484207,51873.44916650391,1.4720267640384743e-06,19.44916534423828,4.320316656958312e-05
884,0.9793760968137715,-0.007224876977236841,-0.3946464880566263,50956.614494628906,1.5073277062715974e-06,25.78030776977539,3.3222033380297944e-05
885,0.44721345135942536,0.06530065269998782,3.5669359266670386,42112.49311328125,1.626760641623419e-06,28.669557571411133,0.00010117988858837634
886,0.6537401330542341,0.004688792607417568,0.2561172379229781,38627.72310009765,1.6598806664621657e-06,4.359663009643555,8.340392923855688e-06
887,0.8588087735557295,-0.004624042132312844,-0.2525803545019056,27421.13178564453,1.9612013545810845e-06,4.0476861000061035,8.374978278880008e-06
888,0.710065616582959,-0.0029317853125262814,-0.1601437340690883,25120.89741796875,2.0168227216693594e-06,2.0723214149475098,3.583060106393532e-06
889,0.9269014196108158,-0.002468588375500964,-0.13484239744404045,21398.637775878906,2.201709988841724e-06,2.7661309242248535,5.839333425683435e-06
890,0.9262774986265505,0.0013896171563819433,0.07590544894220584,23700.321600830077,2.073109969816993e-06,1.2656291723251343,2.4528169433324365e-06
891,0.9217049355588646,-0.00861456657939861,-0.4705558942250482,25162.425603027343,2.0415815741871176e-06,9.841015815734863,1.553972288093064e-05
892,0.5740128157060163,0.024571055468944395,1.3421516766603887,38688.30499536133,1.6921576192730821e-06,7.338116645812988,1.9488159523461945e-05
893,0.5101954438299897,-0.023185058535233942,-1.2664439761598223,62397.569067871096,1.367162941707337e-06,12.811205863952637,2.0986810341128148e-05
894,0.898770865757836,-0.018875480601506595,-1.0310406880608896,53108.594157226566,1.4590838858603684e-06,17.275514602661133,3.466293856035918e-05
895,0.8150003225581293,0.032412313773775424,1.7704669354109839,40888.265130371095,1.6229032594824033e-06,17.830060958862305,4.930724389851093e-05
896,0.5639108675762831,-0.010237877048864601,-0.5592264387642463,54915.83177001953,1.4135595724686358e-06,7.529908657073975,9.89168620435521e-06
897,0.9949801417708781,0.0009957355921949946,0.0543903454316019,30274.03400390625,1.8525990506119906e-06,8.010013580322266,1.3406601283350028e-05
898,0.6610412739029599,-0.005209131343156143,-0.2845398470976453,22799.655988769533,2.150176517516485e-06,2.9863059520721436,6.2975518630992156e-06
899,0.9882470703112701,-0.0006980677435726363,-0.03813075077880645,19940.965255371095,2.259803957331704e-06,1.5636378526687622,3.0948206131142797e-06
900,0.3489763414453624,-0.011731262631530995,-0.640800059653649,20935.287549560548,2.2438830528428755e-06,2.1518948078155518,8.345597962033935e-06
901,0.935555760826737,0.004665758262854223,0.25485902643851244,17615.04909069824,2.4123872244135916e-06,4.89348840713501,1.1296455340925604e-05
902,0.9313297674276035,-0.0057528826162113805,-0.31424132588595804,21808.582849853516,2.1746339055014757e-06,5.757739067077637,1.487478039052803e-05
903,0.8081417555373769,0.015075928551411731,0.8234966873142125,32838.88750292969,1.779558996416648e-06,14.70887279510498,2.919727558037266e-05
904,0.9522356884147808,0.005559245223611834,0.30366421610448746,41738.40249462891,1.646273322716978e-06,13.60537052154541,1.904893906612415e-05
905,0.9962032899079185,-0.0003546991147287333,-0.01937482954872744,46495.09561132813,1.5917919964814217e-06,8.51150131225586,1.0648893294273876e-05
906,0.9698826999722371,0.00551796990056037,0.3014096225194362,87937.1325546875,1.1616668351291659e-06,18.434452056884766,1.842673373175785e-05
907,0.867820882469799,0.03484041226201119,1.9030976423499322,57501.405173339845,1.430141618544108e-06,29.15926170349121,6.252446473808959e-05
908,0.6255081233530054,-0.01114952782552664,-0.609023795657286,37921.21993115234,1.670684802702971e-06,10.319952011108398,1.9290220734546892e-05
909,0.9263143754141562,-0.007270438147357452,-0.39713518867208314,30586.06524194336,1.8495702571652344e-06,8.935059547424316,1.451359366910765e-05
910,0.9222608230097292,0.002638321019671868,0.14411375142579785,24457.877114746094,2.072558384162318e-06,2.527452230453491,5.487646376423072e-06
911,0.858787269278774,0.0018912863074337079,0.10330826413929538,22745.646310791017,2.1229831932719422e-06,1.1687734127044678,2.7075182060798397e-06
912,0.7850056595647454,-0.009538589625150284,-0.5210290650538684,20685.175649169923,2.2354119305103637e-06,3.8646299839019775,9.634179150452837e-06
913,0.6352179260451405,-0.012050415065243805,-0.6582332128431523,19413.646607421873,2.3144521364289723e-06,5.214138984680176,1.3139309885445982e-05
914,0.8650929870253948,0.010076836928635795,0.5504298989636724,20417.041028320313,2.2414171417539687e-06,5.8408026695251465,1.4372832993103657e-05
915,0.9939222190037956,0.002867786668228756,0.15664791811374687,22464.102183105468,2.1559839356242604e-06,11.481514930725098,2.1742980607086793e-05
916,0.8916469743504931,0.00919180471491224,0.5020865353239273,62893.10421972656,1.3590787110336183e-06,13.409262657165527,1.4530914995702915e-05
917,0.9797844905346719,0.006943790823515654,0.379292639990159,39884.24150244141,1.6912415650548931e-06,19.45194435119629,2.5246185032301582e-05
918,0.9400523993816717,-0.0735598339754188,-4.018079509435484,70415.0861928711,1.2616846230639367e-06,151.70970153808594,0.00016203011909965426
919,0.854274695187144,0.08037839993722604,4.390531956568892,33812.051680175784,1.7549618475694544e-06,48.22426986694336,0.00020533859787974507
920,0.36525934676603433,-0.007243022229877876,-0.3956376412973315,33099.41889794922,1.764237852441637e-06,3.825305461883545,6.2290650930663105e-06
921,0.08017494870857765,-0.06744478271793,-3.68405534395036,29730.575049316405,1.8862017388624295e-06,22.741504669189453,4.21095137426164e-05
922,0.6015551995961577,-0.03535746126342372,-1.931340555440845,27383.90956201172,1.9512188721354134e-06,14.546868324279785,2.88057817670051e-05
923,0.33563056941987385,0.0798981435906888,4.364298779017912,19963.34130493164,2.3005482531979442e-06,14.630115509033203,7.285481842700392e-05
924,0.7466921126476712,0.041353154323799636,2.258844984540174,18772.321972167967,2.3501399722370167e-06,15.954572677612305,4.866119707003236e-05
925,0.7408892323049547,0.008262211026341233,0.4513090777049245,13523.929892333985,2.7647369616644835e-06,4.65483283996582,1.2482347301556729e-05
926,0.5615662660655202,0.03245165652090951,1.772615965357914,14313.59100012207,2.682479324225933e-06,4.959747791290283,3.651721999631263e-05
927,0.3305055856635204,0.02177314360440026,1.1893205496096124,18506.81540625,2.3646013997551755e-06,3.714622974395752,2.056986886600498e-05
928,0.6762087892275908,0.013281940112682375,0.7255031520347368,22144.151850097656,2.180263484660315e-06,3.530726671218872,1.3830478565068915e-05
929,0.6701550974792021,-0.011916784769991412,-0.6509338876248155,32602.347138671874,1.8015066895074416e-06,4.7553510665893555,8.636099664727226e-06
930,0.5231605901380838,-0.020653904041745243,-1.128184012048143,37944.6274440918,1.7231843245708811e-06,7.334899425506592,1.8951206584461033e-05
931,0.9164655897587853,-0.006892155750639944,-0.3764721628754414,55781.53483398438,1.4213239237387876e-06,8.06908893585205,1.0451893103891052e-05
932,0.865276380003623,0.020731013370445802,1.132395976606703,73527.72772021484,1.2733366109255334e-06,33.32884979248047,3.34130490955431e-05
933,0.9634068773594514,-0.0142011625612048,-0.7757140984903164,54117.825817382814,1.4742926910866374e-06,34.58759307861328,4.3880409066332504e-05
934,0.81976033439583,0.03918055500288726,2.1401704805100454,49325.05767578125,1.5170373876493175e-06,21.807518005371094,6.204874080140144e-05
935,0.1137406556927911,0.009325652353441422,0.509397732545228,35036.18196630859,1.7713579766348848e-06,6.580670356750488,1.019045157590881e-05
936,0.9653439486448487,0.0019684428832731863,0.1075228094916192,23549.23484008789,2.1113309456971178e-06,4.484990119934082,8.374641765840352e-06
937,0.6369504321921791,-0.009949828879510058,-0.543492302558873,22033.24569116211,2.153585619839223e-06,2.165539026260376,8.91967738425592e-06
938,0.7524883872228381,-0.005588301191023513,-0.3052513483881561,22037.72813793945,2.179891846247995e-06,1.914614200592041,6.743704034306575e-06
939,0.8346622294102254,0.003614714935650412,0.1974475910350861,19500.22148852539,2.311108663766788e-06,2.3835513591766357,5.580689503403846e-06
940,0.9941422496223586,-0.0008453127914848167,-0.04617375846258513,21298.91296899414,2.2109506667544057e-06,2.7496771812438965,5.401745966082672e-06
941,0.712190147349203,-0.007585250457326397,-0.41433127006110543,18407.512931396483,2.382662635346938e-06,2.8755369186401367,9.863305422186386e-06
942,0.5557979921320959,-0.003184355949335352,-0.17393997103159597,30336.96669580078,1.87157188872586e-06,1.4792089462280273,2.9867217108403565e-06
943,0.8906974646889426,0.01578239007491358,0.8620859338959261,65156.9961015625,1.3073907819297848e-06,16.52029800415039,2.0116316591156647e-05
944,0.9641532183759188,0.006541513286710069,0.3573189209047566,45362.270278808595,1.577434933130427e-06,13.951371192932129,2.1374240532168187e-05
945,0.8276563453722374,0.03204954354126451,1.7506512349245977,37921.50113427734,1.7230337722125472e-06,20.786279678344727,6.676307384623215e-05
946,0.42514711726559046,0.019227199651281217,1.050252736683101,52940.076752929686,1.4331435446237867e-06,11.466026306152344,2.238007255073171e-05
947,0.46657079577211513,0.007974474010671032,0.4355919377348031,34761.01273779297,1.7380154934193335e-06,5.645444393157959,1.040031565935351e-05
948,0.7788372317159672,-0.004503336165661399,-0.24598699852137348,22062.797061035155,2.1611781391784446e-06,2.2711477279663086,5.2574951041606255e-06
949,0.7060255693971581,-0.007801286219588558,-0.42613185229108896,20741.842572143556,2.227977331766438e-06,2.316849946975708,7.88249872130109e-06
950,0.7476223856582229,-0.011263013894955314,-0.6152227771602912,16921.8429954834,2.4766097198885942e-06,3.893782138824463,1.3812619727104902e-05
951,0.21613681659471004,0.007484134573084278,0.40880798866425677,18944.97083251953,2.3427309446458762e-06,1.2780754566192627,6.508017122541787e-06
952,0.9267997632031926,0.0029722936678742715,0.16235643336146413,15305.642737792969,2.617955035910686e-06,2.948087453842163,7.455148534063483e-06
953,0.6202357003005853,-0.004182696185301569,-0.22847259065280554,18349.527754882813,2.379978789097622e-06,1.543847680091858,4.088098648935556e-06
954,0.7351697085329425,0.007007287233448746,0.3827610222564938,27313.657285888672,1.957831630818972e-06,2.063842535018921,6.2769927353656385e-06
955,0.718251344076274,0.007014516570476655,0.3831559123671533,55033.215787597655,1.436192555237718e-06,2.0467913150787354,5.060335752204992e-06
956,0.9669368642738769,0.00710846205610898,0.38828752306313924,83867.79556396484,1.1858013055180266e-06,19.096115112304688,1.908804006234277e-05
957,0.9818784890520164,-0.00290688297045118,-0.1587834864309227,38833.09381347656,1.6951504047280455e-06,20.899492263793945,3.0317591154016554e-05
958,0.3824352355554092,0.038840025870882144,2.121569661914766,35243.428498535155,1.7461782160882768e-06,22.349416732788086,4.8482746933586895e-05
959,0.7339841817262692,-0.0048690593196578725,-0.2659639972689564,58762.678751464846,1.3801282153834852e-06,5.307649612426758,8.684223757882137e-06
960,0.9235360317064926,-0.003874841014628158,-0.21165653104111645,25702.616006347656,2.0039781520777802e-06,4.531120300292969,8.475226422888227e-06
961,0.9211064421649486,-0.0032739651765820196,-0.1788347210656499,22379.341572021483,2.153514551309614e-06,3.2579970359802246,6.866646344860783e-06
962,0.7632283527676521,-0.0076930086062293925,-0.4202173737495193,19885.081862304687,2.290079334810937e-06,2.952881336212158,8.109821465041023e-06
963,0.8770297170844507,-0.004836903362171561,-0.26420753335516883,19220.94697314453,2.3160529608645303e-06,2.5944125652313232,6.8969520725659095e-06
964,0.6097265335110572,-0.018828440436999352,-1.0284711999188936,21365.858392822265,2.1960633317775903e-06,4.995249271392822,1.7506094081909396e-05
965,0.49114565346503664,0.015250274658574342,0.8330200437830979,17256.459603271484,2.443837356644236e-06,4.708624362945557,1.2657245861191768e-05
966,0.8782593479950092,0.005545463541546569,0.3029114154071599,22611.871229736327,2.178906404267227e-06,5.077619552612305,1.0004704563471023e-05
967,0.9970841336127572,0.0007867326730741171,0.04297392017141945,53344.696679199216,1.4414886322604232e-06,18.90882110595703,2.2989164790487848e-05
968,0.8789542451811911,-0.014126783900164355,-0.7716512919597072,57139.36179248047,1.40945570018171e-06,18.430227279663086,2.3060221792547964e-05
969,0.9962929436032051,0.0006234254433464965,0.03405354341077451,80364.16524902344,1.2005637500251679e-06,31.91555404663086,3.066744466195814e-05
970,0.24257926568421495,0.028765509511359165,1.571266520050703,43962.01139306641,1.615051149235247e-06,18.198993682861328,3.0069602871662937e-05
971,0.9703844219186584,0.004980374770597117,0.27204441246744654,60087.68035888672,1.3579677495637154e-06,17.125110626220703,2.1794930944452062e-05
972,0.6934371777007,-0.012041761546657042,-0.6577605292624689,25392.53219213867,2.034647247219982e-06,6.900746822357178,1.6520212739123963e-05
973,0.6224377200709804,-0.01565086415748227,-0.8549015566994382,26246.5162734375,1.9989609109480706e-06,4.838672161102295,2.0108585886191577e-05
974,0.8255958041360912,0.004056346651714777,0.22157096452758254,24218.583140625,2.0636570508158965e-06,2.6102023124694824,5.719991804653546e-06
975,0.9963898906744906,-0.0020530085073489504,-0.11214206137050461,28595.053720703127,1.916813471531873e-06,10.626007080078125,1.9061775674344972e-05
976,0.8059074215227711,0.01080983192692809,0.5904684910048285,38995.54981323242,1.6810948964442711e-06,6.429071426391602,1.4667335562990047e-05
977,0.9982493926118647,-0.00013994792756316966,-0.007644415025697886,34059.222419921876,1.7726185097616909e-06,2.54787540435791,4.0046397771220654e-06
978,0.9958917424982833,-0.0013987930225442743,-0.07640666486148735,54352.68219628906,1.4629068790746321e-06,19.0498104095459,2.0966146621503867e-05
979,0.9813774477704673,0.0018747274798721104,0.10240376664209108,60251.57637548828,1.372010144557109e-06,10.909297943115234,1.2182661521364935e-05
980,0.9025897617932728,-0.013900285263613038,-0.7592791932033933,48016.42808300781,1.5319059190591393e-06,17.489023208618164,2.8971904612262733e-05
981,0.47078440380079367,0.0406667462884469,2.221351125284262,45087.03909619141,1.5757980534619786e-06,18.63799285888672,5.40843466296792e-05
982,0.9704462386893428,0.002544570403161259,0.13899278512067947,32084.33968847656,1.8090201602376457e-06,7.976068019866943,1.3537823178921826e-05
983,0.9918913149318429,0.000996511067290121,0.05443270442592544,26667.696163085937,1.9633911997369594e-06,4.899635314941406,8.510309271514416e-06
984,0.7805752839481945,0.0032842986920059523,0.17939917158628613,26579.927876464844,1.954232474025144e-06,2.188563346862793,4.320289008319378e-06
985,0.4168447819876744,0.015635989536081724,0.8540890560692692,27853.220376220703,1.9314667763644027e-06,3.925642967224121,1.559214615554083e-05
986,0.08347791247116623,-0.01897952660124414,-1.0367240219809182,26780.8061953125,2.0107888635906905e-06,4.190277576446533,1.8502270904718898e-05
987,0.6929011235394837,0.00449154844166425,0.24534311435665865,35775.13545703125,1.731429667718938e-06,2.246626853942871,5.089993464935105e-06
988,0.9924092779468559,-0.0008080730989799134,-0.04413960426042051,54146.61579736328,1.4167882082155594e-06,23.02657699584961,2.8962929718545638e-05
989,0.8487980918967716,-0.029787124323422752,-1.6270704733910575,41683.15618261719,1.6205851394758743e-06,52.971778869628906,8.35982573335059e-05
990,0.9735392949619958,-0.014439146701306292,-0.7887135731388314,60665.44943798828,1.3591145882103704e-06,63.28885269165039,6.716621282976121e-05
991,0.3293611762873323,0.020942079936217745,1.1439251250185736,47699.243546875,1.5186126105326634e-06,11.247321128845215,3.158548861392774e-05
992,0.6461541016963182,-0.00822181121426137,-0.44910230740202534,48078.87229492187,1.4801997547478075e-06,7.135728359222412,1.4522541277983692e-05
993,0.925996995490894,-0.007638799140759595,-0.4172562748637547,31652.143088867186,1.8068886925524843e-06,9.16495418548584,1.8166183508583345e-05
994,0.7884174731268108,-0.00506680506014966,-0.2767655184933479,27866.457791992187,1.9211052393476255e-06,3.8523261547088623,7.521639417973347e-06
995,0.16370930523546895,0.03945074081677833,2.154928916246845,26893.04708203125,1.969221578530329e-06,5.806888103485107,3.7179430364631116e-05
996,0.9959007004189528,0.0009590899715085932,0.05238864138153868,26498.332258056642,1.9890652901547006e-06,7.6660685539245605,1.3250972187961452e-05
997,0.9869449421139135,-0.003134735142343655,-0.17122951972903297,23496.78101611328,2.1365854064796754e-06,9.440096855163574,1.805519059416838e-05
998,0.9938404830514785,-0.0034518536511461465,-0.18855157326585611,62025.66012792969,1.3733582406332488e-06,20.859569549560547,2.458435483276844e-05
999,0.9427240476658842,-0.01012671867631812,-0.5531546037030027,45724.31632910156,1.5576016563985862e-06,26.32229995727539,3.197992919012904e-05
