state_idx,cos_sim,mean_A,mean_safe_delta,mean_sigma_i,mean_alpha_i,v_unbiased_norm,v_intentional_norm
0,0.5715075185934337,0.029004900384292546,1.7862857446554703,44620.4651484375,1.3937899486793931e-06,28.73830223083496,8.337517647305503e-05
1,0.9426027896127154,-0.00784031796576113,-0.48285110551145505,48549.29924853516,1.3569158646365142e-06,24.852947235107422,2.9214472306193784e-05
2,0.6800379451146951,-0.024634990288527062,-1.5171619757036847,63437.2654140625,1.1880888918988112e-06,28.167922973632812,3.134795042569749e-05
3,0.886433719922718,0.0345432680498397,2.127369736620677,47306.05108300781,1.3674287137802428e-06,64.3749008178711,0.00010329546057619154
4,0.10847632391579361,0.03716185631929783,2.2886372064234073,51191.68884130859,1.296597292059842e-06,29.70631980895996,4.8052963393274695e-05
5,0.6768572857087695,0.03218265154645133,1.9819896266140027,47137.39239111328,1.3633212880131964e-06,24.81620216369629,6.820025009801611e-05
6,0.9052992776015018,0.011002569385568144,0.6776004257082864,52879.37953320312,1.2805181817202193e-06,19.12029266357422,3.377402026671916e-05
7,0.6754877538139884,0.016190885956871043,0.9971262922786489,102403.35802636719,9.421088665065931e-07,29.89385986328125,3.0641072953585535e-05
8,0.9003078505125857,0.009461860054274069,0.5827148346983383,106614.55544335938,9.123232700865725e-07,33.42782974243164,3.401769572519697e-05
9,0.6011872809979989,-0.031653274183968676,-1.9493875758013004,53553.108765625,1.2953429276636015e-06,48.73918533325195,4.941317456541583e-05
10,0.9954738744948534,-0.011388734514792836,-0.7013826575476574,50572.33486914063,1.3163737368947118e-06,291.5091247558594,0.00030367239378392696
11,0.6711711544299019,0.050747178008126045,3.125298120537577,66258.84158007812,1.1591000379885475e-06,48.83884048461914,7.56571680540219e-05
12,0.9480664120891016,0.0180816518604968,1.113570346055036,30988.922095703125,1.6861855780245602e-06,33.26969909667969,5.586726911133155e-05
13,0.9046140200501596,0.027407476252341675,1.6879073355843688,23095.129822265626,1.9644919100939572e-06,24.730358123779297,5.0912745791720226e-05
14,0.9143040765178926,0.010413508687924686,0.641322737697086,22684.411896972655,1.961001136001582e-06,10.854135513305664,2.2955071472097188e-05
15,0.464539466956609,-0.026109905728950018,-1.6079956069485115,21955.626936279295,1.9945825877988427e-06,14.40148639678955,3.229847061447799e-05
16,0.9637352995147637,-0.006659304648000986,-0.41011762855369016,22585.294633300782,1.9478623589429557e-06,13.585073471069336,2.216960274381563e-05
17,0.676047869310632,0.0312666887742075,1.92557946071044,21429.05777246094,2.0185316612593033e-06,9.264841079711914,4.019653715658933e-05
18,0.7939650354925092,0.008910575364539415,0.5487636068205446,25218.56431567383,1.8635978286478802e-06,5.900896072387695,1.488062844146043e-05
19,0.8832792223569591,-0.004566027940525472,-0.2812018145828969,26419.716541259764,1.811469013333724e-06,5.878814220428467,9.264327673008665e-06
20,0.44437226400102037,-0.00912193849947992,-0.561780543610108,33020.70903173828,1.632223979368906e-06,5.899107933044434,9.351617336506024e-06
21,0.6923644422596558,0.015064990924206816,0.9277873109279097,50542.717416992185,1.3290578704564952e-06,10.509060859680176,1.6620262613287196e-05
22,0.895680352848069,-0.020170809495698074,-1.2422324842680366,74689.49523535157,1.112807685700608e-06,39.838504791259766,3.5314827982801944e-05
23,0.5502668051194446,0.08165883816040803,5.029012911558145,30275.074051757812,1.7484828612395592e-06,43.8798713684082,0.0001367064396617934
24,0.9822286009405629,0.008766260836706775,0.5398759023154902,71069.36565820313,1.1345047735865838e-06,38.63391876220703,3.96522918890696e-05
25,0.4280510613914449,0.023974481408948412,1.4764841047171446,45211.61357861328,1.4100273401974952e-06,14.421621322631836,2.4987779397633858e-05
26,0.9984350280986969,-0.00027302087360735026,-0.01681416891823909,26283.33033251953,1.8597097840530292e-06,6.483826160430908,9.751909601618536e-06
27,0.6113801725801948,-0.00996771861372047,-0.6138684646566888,21074.24271435547,2.0409280906145472e-06,6.064236164093018,1.2740988495352212e-05
28,0.9913888525424334,-0.001275513107850978,-0.0785533082854258,25833.59721362305,1.8375900789560592e-06,4.937517166137695,7.758289029879961e-06
29,0.9016806352318508,0.002613906285479626,0.160979126759772,29162.233411621095,1.7339705889006477e-06,3.769864797592163,5.743284873460652e-06
30,0.9835267143454249,-0.0034463332563037324,-0.21224468574287017,52979.30137890625,1.2992713094366326e-06,9.796380043029785,1.033516582538141e-05
31,0.9069830141095019,0.006676406855165856,0.4111708791581051,67981.44195751954,1.1819401086183195e-06,9.447234153747559,1.2020311260130256e-05
32,0.78420267894252,0.0277316885461753,1.7078741615704591,52669.392182617186,1.3212644013645796e-06,14.501729011535645,3.673366882139817e-05
33,0.7138606976260902,0.029161531254303263,1.7959319591422005,38023.56286669922,1.5294971108770529e-06,28.31008529663086,5.534649972105399e-05
34,0.9829667374085413,-0.00222319853424512,-0.1369171345753566,34713.20376318359,1.5828211743215363e-06,9.745105743408203,1.3264027984405402e-05
35,0.9991956499566504,0.00017267019909803595,0.010634007050156139,23652.710463623047,1.9321007864206554e-06,7.031135559082031,1.1048440683225635e-05
36,0.9753668656587169,0.0019472668177504225,0.1199236994956858,25126.205072998047,1.8657272736251392e-06,4.455716133117676,7.226126399473287e-06
37,0.3732557235122923,-0.011386224662174708,-0.7012280866339999,28917.715774414064,1.7364383080845704e-06,6.557328701019287,1.1126337994937785e-05
38,0.8517023956225735,0.0036701490139414237,0.2260285254389368,34211.97875537109,1.6149899971233187e-06,2.4509224891662598,5.9073622651339974e-06
39,0.987233042193175,-0.0028775618935448933,-0.17721652967946977,50966.577931152344,1.3246009576752908e-06,9.164916038513184,9.881417099677492e-06
40,0.9907899480267768,0.0012664382950971734,0.07799443001165941,77442.71632763672,1.1019371528653853e-06,11.0537748336792,1.0407654372102115e-05
41,0.9920145835410944,0.002751201968152801,0.16943457109891702,62801.10229736328,1.228902340883261e-06,25.977283477783203,2.6361300115240738e-05
42,0.9529417834592696,0.008105798947048416,0.49920092523389886,49105.29181445313,1.3568260490201715e-06,29.535860061645508,3.101018592133187e-05
43,0.9996465662673448,0.00046817043975466623,0.02883258247822596,48066.36253515625,1.35701085423542e-06,42.30174255371094,5.2794766816077754e-05
44,0.7644270163430917,0.014302228866978574,0.8808121111741208,25961.913205566405,1.8626526351473122e-06,6.545263290405273,2.5202258257195354e-05
45,0.9895904430556955,-0.0019010580358086084,-0.11707790146270047,19429.90898144531,2.108301750321899e-06,5.21497106552124,1.0081125765282195e-05
46,0.8444401675727619,-0.006425267291521356,-0.39570428501320315,20199.337950927733,2.0741608990083214e-06,5.919086456298828,1.1503835594339762e-05
47,0.7625272672012516,0.014585089803249551,0.8982322867819078,19391.672893310548,2.1158699465551064e-06,8.363375663757324,2.174362089135684e-05
48,0.991237136710592,0.0020863153143566822,0.12848709202635092,24880.067215820312,1.8706397156329791e-06,8.037535667419434,1.3250645679363515e-05
49,0.6349768221845137,-0.010713174301223385,-0.6597778403213581,24688.208278808594,1.8989133108815014e-06,6.223863124847412,1.2464037354220636e-05
50,0.9963138177085884,0.0012511298128621933,0.07705164712923776,26846.883487304687,1.7890083476114937e-06,7.603155612945557,1.2378209248709027e-05
51,0.994977397182359,0.0008823343896408602,0.05433913998505864,38508.84244311524,1.5235384455412559e-06,4.832065105438232,6.5351032390026376e-06
52,0.7393022064996488,0.015508020288591983,0.9550715638499974,60322.16238476562,1.2416012116939855e-06,8.694197654724121,1.527314816485159e-05
53,0.6161646024043519,-0.0428849888946505,-2.641100066101496,74365.3915048828,1.1234267407599558e-06,60.74238204956055,4.94351152156014e-05
54,0.9763435407408078,-0.014031884999379688,-0.8641628074203168,42013.27205078125,1.4764951425234955e-06,50.33295822143555,6.307772127911448e-05
55,0.9229340726800541,0.016921339322024324,1.042111740117509,52265.375455566405,1.3003577720597296e-06,21.482093811035156,3.244780236855149e-05
56,0.30584657408763055,-0.01143098059065095,-0.7039844097368789,28919.508799072264,1.7607164929076958e-06,6.193137168884277,1.2733828043565154e-05
57,0.9774847663783963,0.001674101458458998,0.10310063233217269,20124.80174267578,2.102882498137442e-06,2.253819704055786,5.535905984288547e-06
58,0.9987565366076282,-0.0002805184732801576,-0.0172759134937151,25103.374229003904,1.8653477176597825e-06,4.014959335327148,6.10400820733048e-06
59,0.9943531040738847,-0.0006233492598856607,-0.03838937152420951,23156.850290283204,1.928757017152222e-06,3.057244062423706,4.996666120860027e-06
60,0.6828434951387117,0.014259006487389073,0.8781502326815945,34644.70745751953,1.5866737358211174e-06,2.596555709838867,1.4423636457649991e-05
61,0.9701059119625555,-0.0024603083343679552,-0.15151969656542968,49188.48292480469,1.3464322501183068e-06,6.674389362335205,8.070522198977415e-06
62,0.9812041498761211,0.0034741725836069932,0.21395918890763682,49912.3863527832,1.3602274325902834e-06,16.477895736694336,2.110196146531962e-05
63,0.8828538817122402,0.015038463439855307,0.9261535984686062,46317.88877294922,1.3770641001700752e-06,18.75551986694336,2.616529309307225e-05
64,0.9951357838590537,-0.0037229790416536293,-0.22928209721962708,60810.789701171874,1.227298142660523e-06,23.219669342041016,2.418873737042304e-05
65,0.5136480045903296,-0.014144946944703658,-0.8711258012082421,26518.82692089844,1.8325096772316024e-06,10.564380645751953,1.60060626512859e-05
66,0.9992776134560895,0.0004737152669571394,0.029174064284994024,20031.80380078125,2.090752242258404e-06,16.553010940551758,3.108757664449513e-05
67,0.6442408728370977,-0.0180991153748911,-1.1146458480012869,25325.26293041992,1.8630473439821028e-06,11.117507934570312,1.8877723050536588e-05
68,0.8797918617725952,0.009748604047024123,0.6003741508769382,23360.258870117188,1.933330119474046e-06,2.430590867996216,1.330828763457248e-05
69,0.7273470958023202,-0.011612578985424149,-0.7151682655522,29350.03818310547,1.7180998440133894e-06,6.2957258224487305,1.4503024431178346e-05
70,0.994767559173844,-0.001192924185888744,-0.07346701555512927,46932.13633154297,1.3819798907852791e-06,12.06855297088623,1.5022446859802585e-05
71,0.7866514824843939,0.010202305549684048,0.6283156544088406,61803.74305712891,1.2218113447972443e-06,10.593552589416504,1.2954101293871645e-05
72,0.9547582686655294,-0.012077399102660721,-0.743794516228738,70947.95122070312,1.1429908979782024e-06,42.83523178100586,4.238176916260272e-05
73,0.9072421495138971,0.06006221119081162,3.698970526398859,56911.002865234375,1.2465849172061082e-06,50.33301544189453,0.0001268218329641968
74,0.3436181747202563,0.032976586570939874,2.0308846339278217,50897.89117919922,1.3251791656686622e-06,14.649758338928223,3.477586142253131e-05
75,0.9357866533820524,-0.004430823630720674,-0.2728751688085475,24981.80735498047,1.894391761524781e-06,8.505861282348633,1.3467775715980679e-05
76,0.26428720162104485,-0.016095648978619266,-0.9912610607363493,20959.995723632812,2.0415841752681227e-06,3.4558441638946533,1.6439085811725818e-05
77,0.9091993618911902,-0.0071922445965516175,-0.44293908355751266,27286.501560791017,1.7853582239440026e-06,7.807677268981934,1.2857449291914236e-05
78,0.7766178923380128,-0.014071826328320353,-0.8666226202644919,30735.493416503905,1.6789745929303495e-06,9.637580871582031,1.590119063621387e-05
79,0.6748929675775376,-0.02480490656243194,-1.5276263804711503,52696.22506738281,1.296991117576675e-06,14.112430572509766,2.1395937437773682e-05
80,0.8685580627874938,-0.01683570185372176,-1.0368377006686407,65747.36838671875,1.182368181702525e-06,26.165502548217773,3.48628091160208e-05
81,0.9661496887405236,0.0025599817183534356,0.157658147053998,79657.68450488281,1.0780542649221694e-06,11.4496488571167,1.0836749424925074e-05
82,0.8824792710372994,0.02407275944357037,1.4825366217033096,57606.80668017578,1.2563541384858613e-06,47.27137756347656,5.892012995900586e-05
83,0.9983339139113621,-0.0017856783931955622,-0.1099721707726292,54235.402028808596,1.282619537557567e-06,89.91584777832031,0.0001033074440783821
84,0.8731610355915862,-0.004697859214453091,-0.28932072973849604,21088.413750976564,2.054553382295642e-06,5.524068355560303,9.482244422542863e-06
85,0.9856340504309841,-0.006270977580520209,-0.3862022523340074,21793.8034765625,2.014647969366879e-06,12.250509262084961,1.7522956113680266e-05
86,0.9819275757815167,0.0030769954683804142,0.1894987767140879,29743.08822998047,1.7119077754203507e-06,8.65311050415039,1.276558032259345e-05
87,0.5840767547609008,0.015753198179157324,0.9701710044624098,39367.204637695315,1.4992580758873338e-06,6.809640407562256,2.5983532395912334e-05
88,0.9875481600795297,0.0050093678273796785,0.3085051912341646,50328.0926850586,1.352743263382524e-06,21.872507095336914,2.516921449569054e-05
89,0.9752882365042986,-0.004560623075594826,-0.2808689524441036,39581.31958496094,1.5225996381174898e-06,19.134355545043945,2.823459180945065e-05
90,0.9372410471865819,0.02643244078468912,1.627859139130488,65943.72919824219,1.1815404136494132e-06,29.54400062561035,4.503733362071216e-05
91,0.9911475833929001,-0.0013723817133685509,-0.08451902465914589,42282.711599121096,1.4629848786214232e-06,10.789764404296875,1.3765158655587584e-05
92,0.9374179189565403,-0.0021355179516494927,-0.1315172685975898,22270.132020507812,1.9755642860826217e-06,3.558161735534668,6.056995516701136e-06
93,0.7587263024324615,0.006382972569371725,0.39309953691032856,23551.161278808595,1.9268267914255915e-06,3.5151052474975586,8.562634320696816e-06
94,0.7577691094653005,-0.007553870261661532,-0.46521003646301595,23181.614836425782,1.9323522514351844e-06,5.28110933303833,1.0416469194751699e-05
95,0.6730699725450202,-0.004850329884059813,-0.2987107355646858,25437.16110449219,1.8636565312326177e-06,3.0488147735595703,6.188990482769441e-06
96,0.7982055601751251,0.0076730357371225895,0.4725489201430459,30279.031416259764,1.6871011600686163e-06,2.4151837825775146,7.844797437428497e-06
97,0.9700177610607664,0.002593025150675081,0.15969314842716623,48203.416095214845,1.368117055264277e-06,5.057847023010254,6.274674433370819e-06
98,0.9390439808801336,0.004986128489689749,0.3070739814357942,60604.21875048828,1.226019067499565e-06,7.718145847320557,8.655307283333968e-06
99,0.9943543456956978,0.00642937200008509,0.3959570761724975,49085.6534921875,1.389200404285202e-06,62.07316589355469,6.992512498982251e-05
100,0.8341084036440612,0.025773518546673882,1.5872789825014892,60384.62991796875,1.2489724174684704e-06,41.422359466552734,5.339593917597085e-05
101,0.9575727860840519,0.0034515239198937638,0.21256435615212263,50873.13013769531,1.324497445721389e-06,7.316087245941162,9.176446837955154e-06
102,0.9985128638334556,2.3114096204399193e-05,0.0014234967196395845,22543.760723144533,1.971322938066837e-06,7.833122253417969,1.2877377230324782e-05
103,0.7856790671553958,0.009845290700553797,0.6063286616185792,22181.271358642578,2.0036852256994807e-06,6.37638521194458,1.4560073395841755e-05
104,0.7055641437963384,-0.013459609187395952,-0.8289188275612693,22733.309020751953,1.9759767635827077e-06,7.570746421813965,1.8945409465231933e-05
105,0.7545199636005911,0.006656385445859687,0.4099378475821412,20919.390502197264,2.0292605918017244e-06,3.778200626373291,9.533273441775236e-06
106,0.9872509744779712,-0.0007790621801993911,-0.04797905347897738,25353.25259765625,1.8540419163660099e-06,2.487764835357666,4.074390290043084e-06
107,0.6397983896166156,0.006274497186583632,0.38641900957346004,30033.67947998047,1.7007614686562768e-06,2.0481033325195312,5.084950771561125e-06
108,0.8415499213762305,-0.007482084572428244,-0.4607890678801646,39040.67482421875,1.4961598762168704e-06,5.229299545288086,6.814535936428001e-06
109,0.9776065968479735,-0.0019263067129373548,-0.11863285774349891,66092.96359960937,1.1738096144276583e-06,5.249186992645264,5.095619144412922e-06
110,0.8886300601004536,-0.015072685831704465,-0.9282612068347178,81049.77733007813,1.0753772017556414e-06,36.869388580322266,3.1327093893196434e-05
111,0.6644455559306592,0.057597316494360014,3.5471683757273533,39565.30410498047,1.5412525582942042e-06,32.6894416809082,7.675836968701333e-05
112,0.7985766123368162,-0.021713655003785488,-1.3372496331217785,59564.70284277344,1.2252011896476781e-06,17.216697692871094,2.0284709535189904e-05
113,0.991661594695876,-0.0012376155330533828,-0.07621936137572982,34299.94112060547,1.6047116671069925e-06,8.222112655639648,1.1024387276847847e-05
114,0.7904018280156369,-0.009994405368317387,-0.6155119858781373,23622.64606640625,1.928977320363436e-06,9.520670890808105,1.2787466403096914e-05
115,0.49661196537981045,-0.024691593940920045,-1.5206479486263764,28373.81776879883,1.7650241099718974e-06,10.662359237670898,2.258728454762604e-05
116,0.8279522366353107,0.005136550219631749,0.31633780197376504,30377.540859375,1.6903724807343889e-06,4.859090805053711,9.180363122140989e-06
117,0.9784852720258959,-0.00428126174754158,-0.2636643024953737,61856.11483154297,1.2006022750215063e-06,20.114971160888672,2.124684579030145e-05
118,0.9989237499891904,-0.0019322681934669282,-0.11899999941769632,64623.23968652344,1.1885390985111603e-06,22.04252052307129,2.107916043314617e-05
119,0.9949005401327677,0.005019438341871334,0.3091253904501402,33509.39600146485,1.6229529165643768e-06,27.816394805908203,4.2538002162473276e-05
120,0.9814292559789656,0.0037669531165721347,0.23199026936021738,43615.6647290039,1.440304437459574e-06,13.19752025604248,1.4428223039431032e-05
121,0.9319256218738081,0.006947812481929893,0.42788557204394695,31529.16103173828,1.6763178168191115e-06,10.650745391845703,1.698881169431843e-05
122,0.8315066258846788,-0.009156693770071245,-0.563920969661788,19477.04589868164,2.1195261847452864e-06,8.182804107666016,1.3313969247974455e-05
123,0.9468969385607203,-0.0027502950691681654,-0.16937871913229646,19097.669795532227,2.136676258654596e-06,4.896590709686279,8.298825378005859e-06
124,0.7811685876546869,-0.005132499752470352,-0.31608835130667995,20461.296711669922,2.073538466110757e-06,3.45280385017395,8.425705345871393e-06
125,0.6067059450572786,0.007655305020191691,0.47145696235396356,21935.35377636719,1.985373361413416e-06,3.7497801780700684,1.0809752893692348e-05
126,0.9495003066785601,0.004194182590874581,0.2583014757264489,22569.566626953125,1.9552047650182774e-06,5.879368305206299,1.139228515967261e-05
127,0.8244442835740052,0.007004898449832108,0.43140124868246443,25805.265076416017,1.8449960904993686e-06,2.4699292182922363,8.168142812792212e-06
128,0.7322781977296655,0.012816314186333794,0.7893010845323102,37872.86425097656,1.5396498028625619e-06,4.774729251861572,1.2161690392531455e-05
129,0.9748357834961191,-0.005379622336550221,-0.3313075571400277,63979.72959326172,1.1929363935971083e-06,18.223772048950195,1.6943198716035113e-05
130,0.7701512353688204,0.02799389970729561,1.7240226072811164,34983.559004394534,1.6195282703455337e-06,39.2855110168457,4.756260750582442e-05
131,0.9941264958615854,-0.0013779574069208791,-0.0848624073902407,30710.618205078124,1.7297630996941524e-06,20.449331283569336,3.0476197935058735e-05
132,0.6746527137980715,-0.05450538506196218,-3.35674975790871,46510.890599609374,1.3783659215334526e-06,24.180234909057617,4.6401335566770285e-05
133,0.9913367535467384,0.001551528694177209,0.09555190854347985,20759.53037792969,2.048237490479292e-06,14.306594848632812,2.6077534130308777e-05
134,0.884921729154937,0.010889686287024145,0.6706484463161806,26220.919478271484,1.831230832357851e-06,9.725698471069336,2.0166316971881315e-05
135,0.6269615157967918,-0.06258198628216484,-3.854152522054313,22810.93248168945,1.9650221223383454e-06,26.82240867614746,6.0762868088204414e-05
136,0.4535456457754666,0.06534474315286934,4.024298709377921,36358.572571777346,1.5577884522727249e-06,35.29649353027344,7.800454477546737e-05
137,0.9057314457707275,-0.010588160464827403,-0.6520787815112898,25643.19495239258,1.8433128902491287e-06,8.61707878112793,1.7688586012809537e-05
138,0.8531256396867736,0.014817250423070477,0.9125300502688349,29418.614551269533,1.7216302365037349e-06,8.969719886779785,1.538610376883298e-05
139,0.7630395618446816,0.012753973317790459,0.7854617814037703,34608.807545654294,1.6069323859331718e-06,4.083620071411133,1.1348340194672346e-05
140,0.962672638314244,0.005185307349490742,0.31934054167855647,44297.10922851563,1.4245286799473124e-06,8.960916519165039,1.2026096555928234e-05
141,0.9277016197228037,-0.009183615978383115,-0.5655789914541395,61940.52777050781,1.2275888188963447e-06,20.9180965423584,1.95000375242671e-05
142,0.9187182420408442,0.015466539497287393,0.9525169422101126,28025.227783203125,1.7939271336393273e-06,18.67194366455078,4.374029231257737e-05
143,0.9558555005804819,-0.06935056599427107,-4.270999926841374,34627.04312060547,1.6178155576108041e-06,194.24293518066406,0.00022663972049485892
144,0.9655470247633456,0.005620989758164574,0.34617232753198024,38626.35237011719,1.5051848088175799e-06,11.267194747924805,1.7038753867382184e-05
145,0.98032223216741,-0.0034612738853859056,-0.21316481414848687,18977.56867285156,2.1626548357248813e-06,7.686647891998291,1.38512468765839e-05
146,0.9991626166924755,0.00048441885816023024,0.02983325194395441,17138.567413330078,2.2581048768896437e-06,5.595406532287598,1.1285340406175237e-05
147,0.9122409585268505,0.006143656523311359,0.37836110182242716,20904.16205786133,2.0432014524945024e-06,6.517738342285156,1.5476796761504374e-05
148,0.6585833484160027,0.0060477273401671455,0.3724532403894759,22379.607382080078,1.9893494267395852e-06,2.6880252361297607,7.094112334016245e-06
149,0.814326059526722,0.008421803492604482,0.5186622716786127,22864.308462280274,1.956365663550049e-06,4.670217990875244,1.2698854334303178e-05
150,0.9015887407170534,0.00433084569780475,0.26671796247507734,22954.849112060547,1.947016290790222e-06,3.7488319873809814,8.030982826312538e-06
151,0.866291935324761,0.005351728787599896,0.32958971469969306,27830.39476245117,1.7613215763143304e-06,4.109254837036133,7.952143278089352e-06
152,0.5635377665944439,0.019976218069423304,1.2302484441168409,31563.477861816405,1.6780042749698063e-06,5.358134746551514,1.860840347944759e-05
153,0.7891394819469805,0.00857572718733885,0.5281417630068296,50375.10554199219,1.3428537585630822e-06,7.39155387878418,1.1078996067226399e-05
154,0.9823171299809186,-0.004551956680965238,-0.28033522686741535,59497.04638867187,1.231882063454966e-06,37.01618576049805,3.618255868786946e-05
155,0.9437294257588932,0.00724587055002007,0.44624167294603306,33291.9516484375,1.631376501601258e-06,19.02643394470215,2.8048078092979267e-05
156,0.8033272838064758,-0.029330417504619167,-1.8063329292338262,64279.565108886716,1.1881511445747094e-06,25.30485725402832,2.9105072826496325e-05
157,0.5159533867747975,-0.029182716635701707,-1.7972366747001145,40833.665981445316,1.4985569773342145e-06,10.053677558898926,3.149424810544588e-05
158,0.525274523306213,-0.011613995670269914,-0.7152555130142197,23780.112441894533,1.941148323898386e-06,5.538044452667236,1.5922563761705533e-05
159,0.5570065396394219,-0.03235774324132074,-1.9927727630636691,32039.043384765624,1.6502123975678279e-06,15.996733665466309,2.6686355340643786e-05
160,0.7316129234281894,0.0169106872882675,1.041455727657569,48921.064545898436,1.339440517633438e-06,13.918214797973633,2.6251658709952608e-05
161,0.7449890350182721,0.011303681125797504,0.6961445890046164,38386.67398535156,1.507233010500235e-06,5.6851606369018555,1.2482974852900952e-05
162,0.6336341968875094,-0.010563989817228593,-0.6505902163835771,54574.74018945313,1.2893875465654657e-06,7.321070194244385,1.0211855624220334e-05
163,0.8470783103860525,-0.006732163607216398,-0.4146046951697646,44156.04515234375,1.4577477781041085e-06,9.716252326965332,1.1628662832663395e-05
164,0.9815107686580986,-0.008583283682403266,-0.5286071346934857,56386.66140039062,1.2607558407823302e-06,31.998390197753906,3.364303847774863e-05
165,0.8203327189731716,0.028549278326375792,1.758225962473007,58223.03470117188,1.2462390803444353e-06,22.095491409301758,3.06108413496986e-05
166,0.9914381250529817,0.0014366018800850804,0.08847406559378942,20676.701404296877,2.082122453947505e-06,7.290760040283203,1.3806453353026882e-05
167,0.8758368976270502,-0.006915967506277445,-0.4259243784079338,23239.45823071289,1.9347047815639945e-06,5.9640913009643555,1.0051336175820325e-05
168,0.861812205724984,-0.008808459312647227,-0.5424747230326762,19174.715779785158,2.150676313467032e-06,6.202559471130371,1.5330149835790507e-05
169,0.7578417108894224,-0.017313101847466036,-1.0662386912607622,20922.932021728517,2.035435127913845e-06,8.99910831451416,2.368673995079007e-05
170,0.9994907189820189,-0.0004311741461325824,-0.026554141558704492,19279.982530029298,2.1253708403237916e-06,5.742985248565674,1.0639196261763573e-05
171,0.9319173463543113,0.006740836089711255,0.4151387956716138,22802.60996166992,1.9523251719085257e-06,7.869400978088379,1.3687740647583269e-05
172,0.8767416422048832,0.012105520713357696,0.7455264040007766,28133.12830505371,1.7554244400474109e-06,10.48535442352295,1.7756152374204248e-05
173,0.9882985603091006,0.0025348995238933096,0.15611344371714175,34582.66543066406,1.58370904638532e-06,6.087897777557373,8.830510523694102e-06
174,0.9898621191304927,-0.005529119244835506,-0.3405144219319056,58468.487229003906,1.2483654973521513e-06,22.100139617919922,2.1721507437177934e-05
175,0.998996525398734,0.00016340589174260246,0.010063458627515136,36394.84982397461,1.5734349075844173e-06,30.011425018310547,3.849848872050643e-05
176,0.9966132150555909,-0.010752508479889906,-0.6622002614191317,31896.209203125,1.6875618554309597e-06,84.90845489501953,0.00011485192226246
177,0.9990075333914589,0.0002277172399979017,0.014024115036810244,42541.29597119141,1.4440126515522586e-06,10.353982925415039,1.2766925465257373e-05
178,0.9865156711756693,0.00165900227063803,0.10217073898301031,18831.595103271484,2.172368024047783e-06,8.124225616455078,1.4572354302799795e-05
179,0.9287149319475485,0.0018988029705031355,0.11693902179219434,20277.379010009765,2.0630794885858054e-06,2.2033188343048096,4.618445473170141e-06
180,0.9465702630821616,0.0022015272250865844,0.13558249283878723,19759.442283203123,2.115568293163633e-06,3.239905834197998,6.2122385315888096e-06
181,0.5877965976933514,0.015451079358261824,0.9515648194451357,22628.536049804687,1.9760282713096418e-06,5.826288223266602,1.7274018318857998e-05
182,0.9301453071291061,-0.006341089885898793,-0.39052016447862287,28001.269462402342,1.75287263801703e-06,7.225461006164551,1.1516165614011697e-05
183,0.9132221136613288,-0.006178728078157197,-0.3805210064466109,36356.328154541014,1.567083432655961e-06,5.740141868591309,8.817771231406368e-06
184,0.7376525211423178,0.010543892009252683,0.6493524797456112,51094.832709472656,1.3208845070381533e-06,5.636532306671143,1.0902944268309511e-05
185,0.8639923495568049,0.011942836345060798,0.7355073808661757,76051.61972460938,1.0936996294433434e-06,9.696499824523926,1.5588973838021047e-05
186,0.8249540659990389,0.016264768271020916,1.0016763828771174,49858.255716308595,1.3711824634899308e-06,24.26877212524414,3.189853669027798e-05
187,0.9644392558759636,0.013655976101325972,0.8410122122799818,45396.9600053711,1.415190686480798e-06,37.14936447143555,4.3907151848543435e-05
188,0.997901697049737,0.0005483942924537466,0.03377322087239582,53911.56629931641,1.2880092107657419e-06,5.117957592010498,5.851177775184624e-06
189,0.9843211730426674,-0.00239223238554596,-0.1473271947700959,20179.288262207032,2.091261255237308e-06,7.868687629699707,1.2649383279494941e-05
190,0.9658932403159134,0.0035014391357896407,0.21563841734229625,20764.080537109374,2.043456227932272e-06,5.5955023765563965,9.79365358944051e-06
191,0.49622128793884906,-0.013506267425431775,-0.8317923056415204,18840.468736816405,2.131586870401077e-06,3.7190701961517334,1.3002559171582107e-05
192,0.773363058349925,0.002947970012407032,0.1815526596907818,18278.08027368164,2.171666299922857e-06,1.6621036529541016,4.15594877267722e-06
193,0.8248898146437948,0.0032267967973252667,0.19872438945122198,22628.69459008789,1.955500324195371e-06,1.1500498056411743,3.773944854401634e-06
194,0.8231735159641087,-0.002226697345787084,-0.13713261117061604,24215.69231542969,1.8791601249302805e-06,1.463214635848999,2.4998262233566493e-06
195,0.9432658792790666,-0.0018956364093210656,-0.11674400705247218,26672.577865722655,1.7994809187549991e-06,2.561480760574341,4.147523668507347e-06
196,0.9992616015679305,-0.000293735769488531,-0.01808990931811352,38713.80684057617,1.5028757400947727e-06,10.423429489135742,1.3510947610484436e-05
197,0.921224252071705,-0.017896928684643564,-1.1021940485548793,70056.4295961914,1.1408222674540024e-06,20.39995002746582,2.0469893570407294e-05
198,0.9685994205396757,-0.013029429088673588,-0.8024259050619257,55951.92654980469,1.3155275073838322e-06,33.86181640625,3.724613270605914e-05
199,0.791610859255475,-0.4241783938613756,-25.89413659119124,29104.04264819336,1.7878440297721745e-06,623.1215209960938,0.0010680966079235077
200,0.9053066101130682,0.07226439483641688,4.450449980250616,51615.35722753906,1.3282848321337684e-06,92.38850402832031,0.00012148773384978995
201,0.9037002640076555,0.14783958852985318,9.104797671693447,21887.888544433594,1.991843223033104e-06,145.76625061035156,0.00036441319389268756
202,0.038218449174798205,-0.20380423701660325,-12.551417121235621,20447.272236083983,2.0686350573257096e-06,66.35386657714844,0.0002216115826740861
203,0.4230185445242711,-0.1819895865265442,-11.207947615091879,21197.195182128908,2.050518157600458e-06,73.02796936035156,0.00022740261920262128
204,0.8962416409740072,0.042965982787429,2.646088127917172,21114.83778881836,2.0243460706625706e-06,52.964134216308594,0.00011261649342486635
205,0.9355164742088833,0.021350364324520203,1.314876139231442,18624.804162353517,2.151413250585311e-06,46.257816314697266,8.817554044071585e-05
206,0.7770465098722892,-0.0811011656178293,-4.994668283588534,21997.00485180664,1.975963649432821e-06,55.28754806518555,0.00012660557695198804
207,0.8065191711538715,-0.4041145782000851,-24.887660384353257,21732.00796875,2.0028686641645007e-06,238.4449005126953,0.000774395011831075
208,0.792294256868321,0.02640779386118484,1.6263412422398942,19823.82165551758,2.0663459936094863e-06,29.069744110107422,5.8574314607540146e-05
209,-0.029692166527081655,0.14795038981819938,9.111621441444074,21450.665775146485,2.0121494681904745e-06,44.68004608154297,0.00020807651162613183
210,0.14060624070711691,0.0860381016528962,5.298712715559472,21909.87740966797,1.968980597009403e-06,15.97158145904541,8.672349213156849e-05
211,0.821662863608063,-0.41264253085572716,-24.4262408468145,23727.159076660155,1.900407971740212e-06,379.96759033203125,0.0006873448146507144
212,0.41273254248409474,-0.3958450727542213,-24.378377487408827,27578.476734375,1.7608021984497597e-06,140.01904296875,0.00044623325811699033
213,0.8497696597168678,0.048535567982869475,2.9890946718612854,23157.863779785155,1.937423317854132e-06,62.90585708618164,0.00012461682490538806
214,0.8359900419040877,-0.17074122437853287,-10.515209881484768,22758.125318115235,1.9397148638413774e-06,67.98162841796875,0.0002983566955663264
215,0.5135895130628894,-0.2371006297970921,-14.601997229569518,26079.999201171875,1.8236076763192659e-06,153.40756225585938,0.0003404505259823054
216,0.9100848167827934,-0.04875264557001752,-3.0024635369244024,23342.546012939452,1.934733825192117e-06,85.9034423828125,0.00015492693637497723
217,0.5873196167406662,-0.06937760953789614,-4.272665421148281,22065.595317626954,1.9767346588484087e-06,46.729000091552734,0.00012200999481137842
218,0.9469705522399984,-0.022750298409281236,-1.4010919946880658,21972.048973876954,1.9826363400699403e-06,49.41630935668945,8.461268589599058e-05
219,0.7227190278650111,-0.05624844795283916,-3.4640974251221333,23496.652931152345,1.9196034097582247e-06,53.91643142700195,0.0001054134190781042
220,0.9503894049626542,-0.029706990346762482,-1.8295244138048015,23432.791536621095,1.9051482007603594e-06,64.15562438964844,0.0001031594947562553
221,0.8565246320154466,-0.05289108314673477,-3.257331919525016,25052.255805908204,1.8469511055677633e-06,74.89872741699219,0.00012096121645299718
222,0.8355926266632316,-0.04416359262164815,-2.719843712186766,24178.774314208986,1.90726860553169e-06,57.26622772216797,9.921361197484657e-05
223,0.6507252098143097,-0.09703835633793369,-5.976170588922938,23827.453787109374,1.9008511947700068e-06,64.06566619873047,0.00015453198284376413
224,0.9847502398878645,-0.015455209779381984,-0.9518191941290206,23527.277271972656,1.8993514417890429e-06,67.2053451538086,0.0001112311874749139
225,0.9471387006403809,-0.027673290771685604,-1.7042776964659956,21789.188873535157,1.9777621083395667e-06,57.8896484375,9.524470078758895e-05
226,0.9906757422561733,-0.013011921454515005,-0.8013476859711594,23808.13669506836,1.909958601510346e-06,55.39280319213867,8.915069338399917e-05
227,0.9900022368442587,0.01421319975191576,0.8753291949431062,25422.24133959961,1.8469787682505552e-06,66.95892333984375,0.00011491450277389959
228,0.9467452102118888,-0.025903315876169432,-1.5952726358600717,24613.34824560547,1.8758671979679793e-06,63.2674560546875,0.00010141256643692032
229,0.9880994038477746,-0.011731456593657073,-0.7224894207408663,29452.57403173828,1.7054270925007312e-06,63.372493743896484,9.25831263884902e-05
230,0.9936509271907933,-0.00470141231367917,-0.2895395496762582,35136.77062890625,1.5765433295704716e-06,37.09333419799805,4.99623674841132e-05
231,0.9931098846342942,-0.003791059888236449,-0.2334749006467619,50394.86013427735,1.316308909851706e-06,39.873714447021484,4.520165020949207e-05
232,0.4371155829181314,-0.05701176043376179,-3.5111065230788383,66211.11068554687,1.1421018694766798e-06,36.52604675292969,8.455414354102686e-05
233,0.8293843908501024,-0.010907238918348763,-0.6717294365868226,67580.72676464844,1.1484268926925303e-06,28.65605926513672,2.955675336124841e-05
234,0.6702817942888822,-0.015960426880884414,-0.9829333194807034,65570.84519335938,1.148031588007388e-06,14.411537170410156,3.178373663104139e-05
235,0.9844830854615003,-0.0010462434924681271,-0.06443358919606758,68899.92396777344,1.1352976588419738e-06,11.137372016906738,1.143500139733078e-05
236,0.9823575454631048,-0.0014356572951104427,-0.08841589271084703,55515.017466796875,1.2568076409802928e-06,12.503937721252441,1.394083028571913e-05
237,0.749795377670723,0.005337387845597627,0.3287065184147833,46141.856352539064,1.3617357047307054e-06,11.148865699768066,1.795746538846288e-05
238,0.4676586502901897,-0.024227067495596083,-1.492039783926489,36325.31912890625,1.5451056300739563e-06,6.844792366027832,5.7081379054579884e-05
239,0.3173778734002199,-0.015204823539526785,-0.9363989939219743,38778.87258105469,1.4939559324188443e-06,5.111268997192383,3.567380190361291e-05
240,0.6922042455720118,-0.009160045339042454,-0.5641273782271055,41497.43158984375,1.4244197518692176e-06,10.393217086791992,2.5448798623983748e-05
241,0.6787272387318758,0.0064548265952075355,0.3975247140475037,42480.98716113281,1.4158802202414782e-06,10.973509788513184,1.7805361494538374e-05
242,0.31895040155150256,0.025984384664407865,1.600265310161592,41739.110350585936,1.4374749742051891e-06,15.58221435546875,5.90680938330479e-05
243,0.8966906133966425,0.005999743216252105,0.36949810676089656,40503.502708007814,1.4546321796686145e-06,9.548515319824219,2.1044046661700122e-05
244,0.11368499148414624,0.010747842573694925,0.6619129085369786,50399.60311914062,1.2966640430285638e-06,6.224123477935791,1.5130405699892435e-05
245,0.32297325532341564,0.008185370510360623,0.5041013919599117,55008.33107421875,1.2467845118397435e-06,6.870323181152344,1.2583135685417801e-05
246,0.9851303001176321,0.0012498944014058438,0.07697556350736619,56280.9313046875,1.2506361310213169e-06,12.145669937133789,1.3867474990547635e-05
247,0.9293580352214279,-0.0024364397691646784,-0.15004973537945435,55980.8089765625,1.2448827650755568e-06,11.341142654418945,1.3147630852472503e-05
248,0.5869781036694993,-0.011057179610188208,-0.6809636320788929,84057.23731640624,1.026934421035434e-06,13.376263618469238,2.9950193493277766e-05
249,0.7980660281503404,0.0035249560860896338,0.21708672409467517,74378.62587304687,1.0816972763453074e-06,13.305824279785156,1.2910492841911037e-05
250,0.7800724627008622,-0.005324506934199331,-0.32791323906873854,59651.575953125,1.1874361572234331e-06,11.961984634399414,1.8183132851845585e-05
251,0.587987976796609,-0.006291878519015073,-0.38748945028982307,52899.03506640625,1.2662032118464196e-06,13.560351371765137,1.646582859393675e-05
252,0.9256525242372573,-0.003047916753437004,-0.1877079450515719,53987.75893164062,1.261622076126796e-06,12.532938003540039,1.6718140614102595e-05
253,0.9370619594564655,0.0039882062460757884,0.24561628792799076,58036.15795019531,1.2112004913579861e-06,11.323266983032227,1.7405964172212407e-05
254,0.6096404617637626,-0.004446404327755531,-0.27383471621731,49843.036296875,1.3198196508740575e-06,8.796673774719238,1.2302631148486398e-05
255,0.5673044350745126,-0.004982394645962323,-0.3068440302298012,50814.97702636719,1.3026206141527034e-06,10.509160995483398,1.262483056052588e-05
256,0.9433272332551055,-0.001519673328658103,-0.09359007504073892,52858.754309570315,1.2795878819801621e-06,7.974878787994385,7.893637302913703e-06
257,0.9821300144105352,-0.0009171768120845545,-0.056484933340520044,48807.28350195313,1.32802177311103e-06,8.905159950256348,9.691808372735977e-06
258,0.952619826117541,-0.0014634328874684006,-0.09012647071735694,45701.970831054685,1.3739104382684119e-06,8.571098327636719,1.0028980796050746e-05
259,0.9964407714821786,0.0003817109290470493,0.023507917010643805,51116.00187109375,1.2919292624721867e-06,13.16826343536377,1.4498525160888676e-05
260,0.8017964863463178,-0.005530255154931861,-0.3405843776974985,46244.978112304685,1.3629107981660976e-06,15.827180862426758,2.3924758352222852e-05
261,0.9844591424249941,0.001699679838074257,0.10467589355606113,54296.281375,1.2606094511510937e-06,19.40545654296875,2.078209763567429e-05
262,0.9362931530743637,0.002647749567978746,0.16306338742881615,48501.74321484375,1.3319688799540568e-06,16.335779190063477,1.8011778593063354e-05
263,0.9948448971614674,0.0006569666621850573,0.040459721213542695,51837.160555664064,1.2791707093245853e-06,17.71783447265625,1.9589157091104425e-05
264,0.875019869937294,-0.017006919817077724,-1.047382270831596,47965.18201660156,1.3421489175591058e-06,21.81296730041504,6.023068999638781e-05
265,0.9877006372017857,-0.0015564080196692224,-0.09585240499250881,53928.45039453125,1.2708733191727143e-06,21.071582794189453,2.360982762183994e-05
266,0.9943102512453085,0.0007866274068903963,0.04844496290856287,48376.05267675781,1.3283101366131358e-06,15.970467567443848,1.9370181689737365e-05
267,0.9218153058335081,0.00590656974427635,0.3637599576010919,59714.50186132813,1.2034021987200743e-06,17.22567367553711,2.7540780138224363e-05
268,0.8655829222530534,0.010430808517994468,0.642388159037245,51112.1163671875,1.3053706600041012e-06,15.074050903320312,3.654013926279731e-05
269,0.11080018405859647,-0.015981102213529077,-0.9842066233528026,41466.99797070312,1.438485752894396e-06,11.636091232299805,3.585253580240533e-05
270,0.4009370588845454,-0.006722105979786283,-0.4139852896118956,44120.24638378906,1.4121628377367924e-06,8.476520538330078,1.5171409359027166e-05
271,0.6584076550977587,-0.0075338076660188555,-0.4639744683996032,38503.09147753906,1.4932539145377656e-06,8.750274658203125,2.2230338800000027e-05
272,0.3195125113391751,-0.007562291047812749,-0.46572863608106047,50664.365764648435,1.3094768167163172e-06,9.044702529907227,1.4385965187102556e-05
273,0.6749507279314689,-0.0054524626341305995,-0.3357934744671133,48328.45902050781,1.3243082778508709e-06,10.89803409576416,1.302170039707562e-05
274,0.793087946869992,-0.003899137028579503,-0.24013090196240428,50739.75050683594,1.3107800287252861e-06,12.172982215881348,1.4199347788235173e-05
275,0.9821451645120806,-0.001414890491540205,-0.08713695554202074,52402.49502929687,1.283027203998782e-06,17.0591983795166,2.0565157683449797e-05
276,0.8856747297434954,-0.003697726553431863,-0.2277269062301745,44823.08828515625,1.3761259057988835e-06,14.018156051635742,1.8526765416027047e-05
277,0.904635525947304,-0.003272045184590025,-0.20151104095041,52407.072842773436,1.29019860302618e-06,11.229095458984375,1.6435851648566313e-05
278,0.6663487725320459,-0.005717514759685789,-0.35211688282904197,47767.33201855469,1.3439900381159118e-06,10.031826972961426,1.8402452042209916e-05
279,0.9530895294831535,0.0021456950546369217,0.13214403213573245,54991.94440722656,1.262246623184427e-06,13.378927230834961,1.6519366909051314e-05
280,0.4774379419088637,0.003925215375714517,0.2417369540127219,39966.60448144531,1.4580897272454174e-06,7.0250444412231445,1.0706779903557617e-05
281,0.9050461609693093,0.0031601563374963385,0.19462029318360768,39138.13350976563,1.4838300327200663e-06,13.593446731567383,1.633872489037458e-05
282,0.1707129403672139,0.007976610163473168,0.4912447495734985,35279.13283105469,1.5673573519456286e-06,8.364896774291992,1.8005017409450375e-05
283,0.6512477767287629,0.004252930921848831,0.26191953008109986,36395.18312597656,1.538010450577791e-06,6.435986042022705,1.133999558078358e-05
284,0.8152662024349776,0.0038137070265835227,0.2348696394616046,42499.30704296875,1.4253586342983386e-06,7.381101131439209,1.163442175311502e-05
285,0.8893078489517727,-0.00234274607524791,-0.14427954801145113,50421.319157226564,1.310059070101024e-06,9.071489334106445,9.78937532636337e-06
286,0.5879364682243788,-0.007850223627656921,-0.48346115217258445,49917.43031054687,1.316636114113332e-06,11.933333396911621,1.7764918084139936e-05
287,0.988106513224957,0.000791106825622956,0.04872083083847472,66905.06118457031,1.139990339755453e-06,9.45652961730957,9.480187145527452e-06
288,0.9101919627199467,-0.0033663175013046182,-0.207316863181543,64944.835779296875,1.1603508842406396e-06,12.024163246154785,1.5112469554878771e-05
289,0.7843438215201964,-0.0035096331042354903,-0.21614304824373196,71219.94177539063,1.109916847934673e-06,12.093214988708496,1.3339372344489675e-05
290,0.9942422655726929,-0.0012071666358097256,-0.07434414614084907,53711.144805664066,1.2513220279874163e-06,11.41271686553955,1.36339440359734e-05
291,0.9814788330796963,0.0014521854565747651,0.08943379033565912,57941.35758789063,1.2193808780381601e-06,15.002030372619629,1.543862344988156e-05
292,0.9903567919510228,0.0010682458879148103,0.06578862109805496,51617.22776855469,1.281706454388897e-06,10.981411933898926,1.3368882719078101e-05
293,0.903998515872707,0.0037982542122230755,0.23391796779091606,51695.422169921876,1.2822055562756807e-06,13.684270858764648,1.8552034816821106e-05
294,0.5678033276681891,-0.022459064427339477,-1.38315615959092,43188.46949707031,1.4014539601055487e-06,14.807992935180664,5.2908246289007366e-05
295,0.5145530861447857,-0.006847077089495741,-0.4216817170710525,32498.870663085938,1.6390094054979747e-06,8.389750480651855,1.641022572584916e-05
296,0.4021893824063135,0.011485463763574913,0.7073397915457534,39839.26978222656,1.466143234756166e-06,6.390635013580322,2.4220815248554572e-05
297,0.8608066082058955,-0.006939430247224092,-0.4273693466418614,44873.34463867187,1.4112820307094847e-06,16.312944412231445,3.077279689023271e-05
298,0.9518956983187261,-0.0026204172728692176,-0.1613801101730423,40811.32566308594,1.451119505167403e-06,12.927302360534668,1.9454721041256562e-05
299,0.7026842341230505,0.009935374280908373,0.6118765177836721,51678.52671875,1.292646547922861e-06,18.925189971923828,2.7598318411037326e-05
300,0.9814897738432745,-0.002112359290923008,-0.130091027342735,58306.776067382816,1.2112489740517346e-06,16.111425399780273,1.9714963855221868e-05
301,0.8378205109443433,-0.00848242064503212,-0.5223954186237315,65593.96743359375,1.1502608463450838e-06,10.089412689208984,2.3906835849629715e-05
302,0.8759884527823791,0.005132698414021562,0.31610058600813506,62794.6742265625,1.1685265683364901e-06,16.70822525024414,2.0263261831132695e-05
303,0.6199124129769463,-0.010817638592761412,-0.6662113419823726,52790.546075195314,1.275731693383706e-06,19.50711441040039,2.8445050702430308e-05
304,-0.0195717633755876,-0.021597377862508538,-1.330088629389982,50806.46755664062,1.3024040410687094e-06,19.219533920288086,4.145590355619788e-05
305,0.339830136346892,0.014711831171603008,0.9060377367765063,48842.40657519531,1.333125645125187e-06,13.48025894165039,2.9494354748749174e-05
306,0.9970186175891695,0.00029043501519250434,0.017886630207774097,49659.435858398436,1.3174788203761757e-06,16.58473777770996,1.7756961824488826e-05
307,0.6417506971450413,-0.009652158549078152,-0.5944344918595129,43162.99686328125,1.4174188076672537e-06,11.36700439453125,2.6196488761343062e-05
308,0.7192770260472623,-0.007306052394199126,-0.4499480111481922,49644.97556933594,1.3292716696441005e-06,17.124670028686523,2.4445254894089885e-05
309,0.6957706179166976,-0.01289356359299669,-0.7940585397235631,54236.43025292969,1.263205357104698e-06,18.966676712036133,3.940685564884916e-05
310,0.7609378257359614,-0.004520768649070791,-0.27841449154204656,53889.481021484375,1.2754828527541716e-06,10.429716110229492,1.5239897948049475e-05
311,0.8122910610883675,-0.0038472032060139064,-0.23693252356133138,66053.08183789063,1.1529244661761412e-06,15.483506202697754,1.6323641830240376e-05
312,0.9771709328813813,0.0008614724674005682,0.053054344870777696,63103.40564453125,1.1724083347298122e-06,11.13856029510498,1.0964913599309511e-05
313,0.9984301438623491,-0.0004120803375967226,-0.025378236882360287,48549.48570117188,1.3304576574202902e-06,9.162263870239258,1.0787185601657256e-05
314,0.9786160920659275,-0.0009017427898026668,-0.05553441899227009,47766.15884375,1.3459178336242797e-06,8.92849349975586,1.052184870786732e-05
315,0.9719987428519989,0.0017446339153724783,0.10744441978363056,57456.547734375,1.2386777479630006e-06,12.67824649810791,1.5175882253970485e-05
316,0.7128704204972736,0.008665226454941131,0.5336536338892286,50677.29153613281,1.3157015469081784e-06,9.925353050231934,2.6638548661139794e-05
317,0.7211368620384281,0.00577973978586779,0.3559490517300568,46133.89280859375,1.3650478212214119e-06,10.825420379638672,1.8376362277194858e-05
318,0.3559172459356085,0.011887533035269623,0.7321014903923804,41688.35070410156,1.4464861044256284e-06,9.011544227600098,2.914254946517758e-05
319,0.45947022123036246,0.010256061771283947,0.6316262664453655,38706.69604296875,1.497467173804986e-06,6.7117791175842285,2.5043482310138643e-05
320,0.21070644956775014,0.00908733499907273,0.5596494644243986,39377.02864550781,1.493744379139192e-06,10.800021171569824,1.8177162928623147e-05
321,0.9076150003545046,0.003063666593364452,0.18867790923590821,39052.64116210937,1.4813734002497282e-06,10.228351593017578,1.3157313333067577e-05
322,0.34870757398253405,-0.010195474296594259,-0.6278949472231324,47120.430178710936,1.3527281091167836e-06,9.090842247009277,2.0841607693000697e-05
323,0.7084170413986967,-0.007477113881032797,-0.4604829446022658,48100.29678515625,1.3423618846497728e-06,8.444168090820312,2.1989990273141302e-05
324,0.770940163378833,-0.005682976421336344,-0.3499898166912416,52820.89467480469,1.281640254138671e-06,14.12834644317627,2.158896495529916e-05
325,0.9311501886051863,-0.0023658225158816226,-0.14570072568816234,44656.516875976566,1.3885189329542646e-06,10.421992301940918,1.3769242286798544e-05
326,0.9628038054774688,-0.0011422559038446348,-0.0703465762940936,51054.223358398434,1.3014025442402648e-06,10.770805358886719,1.2311403224884998e-05
327,0.9986555543279402,-0.0006277564925010719,-0.03866079382492367,46621.260640625,1.3556833306906974e-06,11.965791702270508,1.4155781173030846e-05
328,0.9970452314490037,0.0004989172861058989,0.030726147103604308,42960.19161523438,1.4065103868073073e-06,10.852326393127441,1.3781123016087804e-05
329,0.9831945892609193,0.001273493579748274,0.07842893432747404,42282.27593847656,1.4361643373278338e-06,10.192928314208984,1.4234925401979126e-05
330,0.9852206009861776,-0.0008542984443775813,-0.05261252797473583,44263.03715625,1.4041824013377225e-06,9.053553581237793,9.715650776342954e-06
331,0.9535721863630215,0.002464316850146622,0.15176656362919447,52251.31255273437,1.2940482713280056e-06,12.951812744140625,1.7010714145726524e-05
332,0.97375867509357,0.001316683595270623,0.081088819657775,55355.816368164065,1.254135747502925e-06,9.235616683959961,1.111861456593033e-05
333,0.6226778153066599,-0.009436101047716566,-0.5811284494461735,58912.086772460934,1.2195704077385183e-06,12.913688659667969,2.4818460587994196e-05
334,0.809667291471502,-0.0061656298809330545,-0.3797143454109867,55674.63695410156,1.2528949183678375e-06,18.96027183532715,2.164956458727829e-05
335,0.8599022423012176,-0.006629401314666461,-0.4082760122286754,53334.66417285156,1.2752867734138741e-06,13.83141803741455,2.612437674542889e-05
336,0.9483064217387074,-0.0018899314908278981,-0.11639266591894823,56339.0643359375,1.2364272166610164e-06,10.939654350280762,1.2311130376474466e-05
337,0.8308588556943532,-0.006189017429578627,-0.3811546828779151,58759.549265625,1.214574957671746e-06,15.049084663391113,2.0531519112410024e-05
338,0.9992663480380856,0.00027094527739442674,0.016686341969079355,64203.79115625,1.1775138101300402e-06,17.401620864868164,1.7459207811043598e-05
339,0.8627949455688189,0.005215181647464327,0.3211803698418934,59270.36918945312,1.2142716309294662e-06,13.967788696289062,2.1317728169378825e-05
340,0.9986611935394847,0.00035255796545597773,0.021712512696640637,46559.202751953126,1.3723026733902582e-06,10.614384651184082,1.2766254258167464e-05
341,0.9035863691713063,-0.0026290951106800586,-0.161914540485526,40137.8952265625,1.4621389181471094e-06,9.207706451416016,1.239503671968123e-05
342,0.9019052784379876,-0.002638006564913456,-0.16246335821805952,42797.261989257815,1.4309584865220674e-06,10.387468338012695,1.2773067282978445e-05
343,0.9780598127168559,0.0019841472710600294,0.12219500631386263,42648.12543554688,1.4116889369399536e-06,9.318225860595703,1.345687542197993e-05
344,0.3830177552624549,-0.00650460011292739,-0.4005900486629083,42785.436561523435,1.4154609260918552e-06,5.047558784484863,1.3141516319592483e-05
345,0.5894014491529798,-0.01484933368699,-0.9145059190434957,45253.19309765625,1.3793726652478212e-06,10.028604507446289,3.331605330458842e-05
346,0.0892831431512784,-0.004689533224996175,-0.2888079682368191,44752.27721289062,1.396256496085791e-06,3.5519771575927734,7.507989721489139e-06
347,0.7143118833754817,0.019214398394780695,1.1833312816104284,51508.588087890625,1.307516804793848e-06,8.809940338134766,4.771045132656582e-05
348,0.15624545967840398,0.014677278391503512,0.9039097812340916,44377.39381054688,1.3831516469248112e-06,7.031278133392334,2.768113699858077e-05
349,0.8565678252894393,-0.003132705431860556,-0.1929297112210633,52715.449446289065,1.286376503872308e-06,6.23295783996582,1.0687655048968736e-05
350,0.9966898460431733,-0.0005429411198119369,-0.0334373836716418,51674.26173339844,1.2929458444285074e-06,8.988298416137695,1.0714639756770339e-05
351,0.95810116173035,0.0014413677439592848,0.08876757443493927,49269.3012578125,1.3270306520878445e-06,9.429705619812012,1.0579223271633964e-05
352,0.9401458848016496,0.002040298509286857,0.12565311701448248,48301.51141210937,1.336287253195138e-06,9.386025428771973,1.0906408533628564e-05
353,0.999560514247035,-0.00015557954185407486,-0.009581467755168138,48378.673647460935,1.3296659527976205e-06,11.231107711791992,1.3682974895345978e-05
354,0.6889279842851717,0.007506491363644691,0.46229217606688794,51996.98304492187,1.2956827352144278e-06,14.924598693847656,1.986094684980344e-05
355,0.5449588828055937,0.013472814442635204,0.8297320818347158,45531.71899511719,1.3709118441630844e-06,17.45931625366211,2.785804826999083e-05
356,0.8736314257979153,0.006009822808689055,0.37011886504806557,49598.89219140625,1.3257573701545033e-06,19.538841247558594,2.247216434625443e-05
357,0.9010035796745034,0.004528916814354964,0.2789163016258384,46429.255366210935,1.3671809781242433e-06,19.275999069213867,2.178844079026021e-05
358,0.9360512090968536,0.0032943796395764613,0.20288652295615156,48469.04593066406,1.3498389387385568e-06,14.579230308532715,1.7392902009305544e-05
359,0.9935773826076635,0.0008782977959151938,0.054090543722579196,51160.14584472656,1.3043463511229956e-06,16.657726287841797,1.855708433140535e-05
360,0.8327109423875824,-0.006995561713779608,-0.43082623969118294,49053.99717578125,1.3398174483403398e-06,10.781025886535645,2.3702747057541274e-05
361,0.8911024007791315,-0.0021230008848346013,-0.13074639685798378,46382.015583007815,1.3677656893327618e-06,6.279262065887451,9.716203749121632e-06
362,0.653328546198274,0.0028259384263068644,0.17403726471406009,51686.79300390625,1.3061521429799817e-06,5.013951301574707,8.422509381489363e-06
363,0.8113931978971688,-0.00498171619412334,-0.3068022473299343,51719.63934960937,1.2978709335084203e-06,10.871328353881836,1.64608281920664e-05
364,0.5984662907607315,0.010992384529151657,0.6769731846701486,46496.090024414065,1.3645622467093366e-06,14.88760757446289,2.65918188233627e-05
365,0.6119835875430507,-0.021284049525398026,-1.31079209899127,54148.37117773438,1.2688830441393604e-06,17.044876098632812,5.068098471383564e-05
366,0.5001480416225929,-0.01370324828084141,-0.8439235003474614,56016.45571972656,1.2578019786746764e-06,13.01952838897705,2.7479254640638828e-05
367,0.7468923358293101,-0.012666536526214713,-0.7800769294552785,54620.190481445316,1.2696953635189505e-06,10.039913177490234,2.9868007914046757e-05
368,0.6834894419618742,-0.006608800079654882,-0.4070072717077319,68041.59827929687,1.1259638824956754e-06,5.806234836578369,1.5426518075400963e-05
369,0.8179971000573172,-0.0021319941292449384,-0.13130025169201337,70908.28551757813,1.106965436026557e-06,5.2750396728515625,8.257606168626808e-06
370,0.8813039604033033,-0.0017267663544060076,-0.10634403436519096,44364.13477636719,1.3992680249212745e-06,3.34374737739563,6.230928192962892e-06
371,0.8205856734247088,-0.0025129896949487598,-0.15476411258367978,44494.4691875,1.3901538721080774e-06,5.5511674880981445,8.331754543178249e-06
372,0.8383994720123097,-0.0027214683256270855,-0.1676034052932544,43721.54114160156,1.4079772733636496e-06,6.465513229370117,9.767590199771803e-06
373,0.860784508517959,-0.0026575108017030794,-0.1636645393866236,41043.83218457031,1.4585933921669208e-06,6.5789899826049805,1.0095775905938353e-05
374,0.7317766010040272,-0.005158094946753331,-0.3176646480728682,46617.74188476562,1.3606693699077202e-06,6.323817253112793,1.2078713552909903e-05
375,0.640679514066838,-0.0058784708803521395,-0.3620294707039187,44974.39762402344,1.377887289669811e-06,5.702132225036621,1.3863204003428109e-05
376,0.47184465662838443,-0.0046085501023492475,-0.2838205697067337,45591.7300703125,1.3785337492675239e-06,3.888369083404541,1.002900353341829e-05
377,0.5055674469119087,0.005082282616153764,0.3129956961500941,40634.48096777344,1.451327523725205e-06,6.092416286468506,1.0434507203171961e-05
378,0.3930153632946303,0.013080022686002762,0.8055417448159863,45456.84535351562,1.3730036777810983e-06,10.524214744567871,2.724910700635519e-05
379,0.5961916179921336,0.008446313488163881,0.52017173577224,45399.57876171875,1.354815698636993e-06,10.775617599487305,1.7959462638827972e-05
380,0.5581621135262076,0.010368908457724597,0.6385760033742915,42020.45737304688,1.4300251495760647e-06,11.870829582214355,2.3612190489075147e-05
381,0.7517516324158642,-0.006364316139686314,-0.39195056849631316,39982.71941113281,1.4632542653558477e-06,5.561566352844238,1.68051974469563e-05
382,0.9930290496738325,0.0008613395041655576,0.05304615624305907,50029.28423632812,1.3104535528999863e-06,12.288869857788086,1.3148121070116758e-05
383,0.9707564369889402,0.0028619777036918274,0.17625676716321542,50374.64614941406,1.302806303587301e-06,19.044004440307617,2.1254460079944693e-05
384,0.9475564349477327,0.0025354129995373512,0.1561450664502326,48652.97918652344,1.3367650058736902e-06,13.085758209228516,1.3212787052907515e-05
385,0.5748120974767581,0.00676219094191705,0.41645394819994636,50657.51879785156,1.310074437262904e-06,12.169053077697754,1.591815635038074e-05
386,0.8775835356286429,0.005545920454646399,0.34154913541757626,47219.56783789062,1.3556399510676076e-06,22.191396713256836,2.2732736397301778e-05
387,0.9173009883732856,0.0042576652893088355,0.26221109919499846,51866.63587304688,1.2914595789112564e-06,21.7225341796875,2.02293049369473e-05
388,0.9302834936918564,0.007551577906515261,0.4650688602732957,49691.346688476566,1.3161463092530515e-06,39.840579986572266,4.572976104100235e-05
389,0.968644683217627,0.006032272037655305,0.37150141548435794,51784.493361328125,1.280792655682136e-06,43.16639709472656,4.7331592213595286e-05
390,0.9497931299785279,-0.005791477184916242,-0.3566719071207597,51236.58754785156,1.2841347603458597e-06,27.882665634155273,3.413950253161602e-05
391,0.43786143928457366,-0.026958969769445004,-1.6602857707394938,50359.28631542969,1.3168943612612157e-06,18.56337547302246,6.228476559044793e-05
392,0.9385978031751282,0.003350802622186109,0.20636136921217035,43890.78536816406,1.401278818209271e-06,14.087629318237305,1.8397922758595087e-05
393,0.5882489934710609,-0.013278662894644175,-0.8177751318750812,46206.89290625,1.3642546844035186e-06,10.869787216186523,3.0927916668588296e-05
394,0.17502515770780736,0.011334114622275921,0.6980188557733056,52211.36515527344,1.2888674913511275e-06,12.260229110717773,2.0590368876582943e-05
395,0.7286108917589774,-0.0045364280474073145,-0.27937888582190296,49254.39143652344,1.3230516769030535e-06,8.390568733215332,1.0784131518448703e-05
396,0.9985322883509047,-0.0002758991038656464,-0.016991426609598535,42278.729025390625,1.4367459679710542e-06,7.813653945922852,9.661614058131818e-06
397,0.9457550700209928,-0.00214083748300996,-0.1318448754126988,45520.778903320315,1.3739782979181018e-06,6.351013660430908,9.231203875970095e-06
398,0.8043403106930792,-0.009372300057285891,-0.577199223757023,45565.90415576172,1.3993052241082182e-06,5.400763988494873,2.2141102817840874e-05
399,0.7970581220521372,-0.0066802604831994504,-0.4114082073588717,50648.03119140625,1.3088302867506461e-06,6.057300090789795,1.735688238113653e-05
400,0.9623667415450154,-0.0024486337594575077,-0.15080071024032105,55746.56573046875,1.2572996826525613e-06,10.847537994384766,1.41934115163167e-05
401,0.9858410449290114,-0.0016655838457248925,-0.10257606958574558,57802.484970703124,1.2302322575639187e-06,16.805864334106445,1.9152865206706338e-05
402,0.9897774770727,0.0012237088299891527,0.07536290797959118,50847.93623925781,1.3015683435357212e-06,20.278621673583984,2.122823389072437e-05
403,0.9257148689100492,0.006344145576424798,0.3907083511765382,50266.23112207031,1.3131509675746895e-06,30.656307220458984,3.20061226375401e-05
404,0.9732433819322412,0.0041847159332848985,0.25771846543239735,46437.72800878906,1.3664663445963972e-06,40.241722106933594,4.345496927271597e-05
405,0.9457781747599409,-0.005730376856959389,-0.35290900349492244,53619.668362304685,1.271043579124788e-06,24.744598388671875,3.358162211952731e-05
406,0.9603869524412224,-0.006841434975837972,-0.4213342438143591,56344.283122070316,1.2341393624975406e-06,42.32430648803711,5.0782276957761496e-05
407,0.9645980438264428,-0.0012786446585015278,-0.07874616687868519,49843.11011425781,1.321978348401987e-06,12.498621940612793,1.4580224160454236e-05
408,0.8936399407377494,-0.005414303976755137,-0.33344344861624386,46256.386037109376,1.3617618043614008e-06,14.556822776794434,2.287125971633941e-05
409,0.17767013635979553,0.0094073653346902,0.5793587417808679,48159.131140625,1.3445751866262606e-06,6.280807018280029,1.633183637750335e-05
410,0.6776014799509511,-0.013338418381605903,-0.82145521258939,43374.956192382815,1.4115194390980179e-06,4.933894157409668,3.07381633319892e-05
411,0.8759657696529194,0.001972741859043051,0.12149259656144423,44245.93784277344,1.4110301524355245e-06,7.193746089935303,8.725063707970548e-06
412,0.9417960329904885,0.0011421800618275464,0.07034190551390902,43306.96271875,1.4204857059698213e-06,4.42680549621582,5.9640810832206625e-06
413,0.9694277296484556,-0.0017145371586451614,-0.10559089135256985,40346.058954101565,1.4640736120751527e-06,6.576340198516846,9.936904461937957e-06
414,0.9905179614494677,-0.0007529741170763933,-0.046372403063190404,42775.11848925781,1.4262716406594355e-06,5.794344425201416,7.184888090705499e-06
415,0.8432116511890073,-0.004036148639049279,-0.24856885152926392,44614.655958984375,1.401196908942118e-06,7.775400161743164,1.3058720469416585e-05
416,0.9996860681439075,-0.00045356199241990434,-0.027932911702601898,47873.93773339844,1.3481133706120906e-06,9.109199523925781,1.1105455087090377e-05
417,0.802729673943271,0.003456279550438798,0.2128572347670081,48291.999735351565,1.3391459729542886e-06,8.762228012084961,1.0406077308289241e-05
418,0.8345660416193332,0.006039035162956964,0.37191792697571313,42772.49524609375,1.4232544090467188e-06,17.188549041748047,1.957576569111552e-05
419,0.9744000449881399,0.0033593343828661345,0.2068868032690925,44942.81168066406,1.3795368423556915e-06,21.6508846282959,2.5054918296518736e-05
420,0.9891895676489754,0.002240641700071099,0.1379913833417299,43641.859018554685,1.3956917410625028e-06,20.54191017150879,2.410052366030868e-05
421,0.9579558307310084,0.005196591290082029,0.32003547053384296,42393.48013671875,1.4373666597088773e-06,28.515605926513672,3.457438651821576e-05
422,0.9966343872559661,-0.0012786064583371463,-0.07874381429659823,45878.66427246094,1.3701854808537064e-06,30.08998680114746,3.4145497920690104e-05
423,0.9804334680562732,-0.0029209700965163966,-0.17988985222641082,43508.921103515626,1.402627382221352e-06,21.962203979492188,2.7902466172236018e-05
424,0.8388409222892551,-0.017680348499223883,-1.0888558163022515,45489.046879882815,1.3753420907077987e-06,25.123395919799805,5.710392360924743e-05
425,0.8842305556747639,-0.0050993976989223795,-0.3140497397069798,50687.418345703125,1.310807160213977e-06,13.80250072479248,2.0974939616280608e-05
426,0.8564785228728885,-0.0026426912413076284,-0.16275186707519612,56228.00194921875,1.2344136992956575e-06,8.393970489501953,1.0731416296039242e-05
427,0.5136880636712818,0.007777621625488353,0.4789899104241594,48910.46081640625,1.3233993604358536e-06,15.09188461303711,1.5547731891274452e-05
428,0.6492518300600922,-0.006543949706122707,-0.40301341907451127,56677.732063476564,1.2590722108950283e-06,14.59915542602539,2.1817158994963393e-05
429,0.969562095512632,-0.0010741313634974846,-0.0661510819579289,47865.686861328126,1.3556613692674108e-06,6.678836345672607,9.170695193461142e-06
430,0.9328813695965623,-0.0029893140869592365,-0.18409886154012758,48565.22958886719,1.3286071150999642e-06,7.66830587387085,1.2588309800776187e-05
431,0.6799527019923428,0.003847310883112416,0.2369391549258093,51651.42123828125,1.2989819404712767e-06,6.49368953704834,1.1646282473520841e-05
432,0.9014324809796427,-0.002330744411700331,-0.1435404177188747,56958.98526757812,1.2407058940776613e-06,8.197723388671875,1.0665476111171301e-05
433,0.9266624971413455,0.0024177781278617453,0.14890044600456798,56142.42804101563,1.2462613687838774e-06,12.103219985961914,1.3213558304414619e-05
434,0.9059377512313695,-0.0028524470266181154,-0.17566981418740357,53250.02778222656,1.2771831706392172e-06,8.038057327270508,1.1387198355805594e-05
435,0.9414891392681407,-0.0023877855275730047,-0.1470533321158425,60998.242233398436,1.1961843246878576e-06,9.900293350219727,1.3279349332151469e-05
436,0.5417246776344703,0.011335623501307904,0.6981117810745318,54474.9334375,1.2731861161227929e-06,17.927532196044922,2.7506624974193983e-05
437,0.7472175421758268,0.007162272058534931,0.44109320521692225,59058.76944335937,1.2133149804251792e-06,22.03438949584961,2.1928704882157035e-05
438,0.9794529255827868,-0.0032473088009040588,-0.19998763459606522,42165.103608398436,1.4238718351433068e-06,22.814712524414062,2.9832153813913465e-05
439,0.9431629380657255,-0.005348554212213214,-0.32939420639994266,44405.08112597656,1.3991347194914944e-06,23.035383224487305,3.162498614983633e-05
440,0.9885286779359654,-0.002845765452365446,-0.17525832507069336,43932.49821582031,1.3998586717713351e-06,31.65935516357422,3.8090474845375866e-05
441,0.993614485055268,-0.0026793165950747006,-0.1650074634213403,38752.82539550781,1.4697210888701838e-06,40.22852325439453,5.396763299359009e-05
442,0.921518551454164,-0.006680976996456202,-0.4114523342960248,41313.88483886719,1.4341735787448476e-06,28.679832458496094,4.050054121762514e-05
443,0.8709181100031715,-0.008658773590002474,-0.5332562299850815,40840.251106445314,1.4502142264648676e-06,14.520644187927246,2.9399207051028498e-05
444,0.9888563401101482,0.002804553725374926,0.17272027393242206,48211.37302050781,1.3389713777623773e-06,29.071210861206055,3.1321826099883765e-05
445,0.9131476519687043,-0.003524629744910938,-0.21706662615992367,45199.95406054687,1.381549960066221e-06,8.97958755493164,1.3710832718061283e-05
446,0.9966253754871012,-0.0006155330527169837,-0.037908005297892705,41791.00123535156,1.444846266590301e-06,12.118112564086914,1.4779567209188826e-05
447,0.9885564496617132,-0.0013440187793059767,-0.08277227482993373,43746.57569335937,1.4128843419658612e-06,10.639365196228027,1.2998487363802269e-05
448,0.5128007878026385,-0.009601691640903071,-0.5913264543397977,33808.88996826172,1.5955355502024455e-06,6.029790878295898,2.0668539946200326e-05
449,0.6593160696801222,-0.011394957842732312,-0.701765925265709,37769.01537109375,1.509055033223539e-06,8.551952362060547,2.9531178370234556e-05
450,0.7478152244799734,-0.004336732735737114,-0.267080519553278,42348.905701171876,1.4257141628784143e-06,6.697610378265381,1.4286530131357722e-05
451,0.9913677997032334,0.0006333766978331785,0.039006917843064245,42307.4516015625,1.431221185484096e-06,10.75641918182373,1.3199347449699417e-05
452,0.9630714620206556,0.00233456794971063,0.1437758928058929,43936.11073339844,1.3938748512860753e-06,12.241900444030762,1.4285453289630823e-05
453,0.9881834140518896,-0.0017702015162530192,-0.10901901719209758,42143.52737109375,1.4152858305572874e-06,15.865687370300293,2.0971992853446864e-05
454,0.996707729021892,-0.0008694239602388043,-0.05354404275346249,47715.12715722656,1.3409445128466226e-06,15.616308212280273,1.888129008875694e-05
455,0.9734045982452705,-0.0034093730927851544,-0.20996846991938378,50473.14469238281,1.3163147058378366e-06,20.52583122253418,2.7766975108534098e-05
456,0.9297018191643042,-0.00558865890609644,-0.3441812108793904,42211.06444628906,1.4224051823860159e-06,14.39299488067627,2.8024436687701382e-05
457,0.9979528181726686,-0.0005050495167306155,-0.031103804533995038,44065.14578515625,1.389479339564053e-06,16.187374114990234,2.032891643466428e-05
458,0.9965177986142287,-0.0010459434367089443,-0.06441511006605408,39809.36924707031,1.4657109443880208e-06,17.98945426940918,2.4294984541484155e-05
459,0.855006181897368,-0.0070632414892741165,-0.4349943428932472,42468.34659375,1.426135764585309e-06,19.810091018676758,3.0288489142549224e-05
460,0.7596793928308175,-0.013827416386614604,-0.8515704742844462,46297.03272167969,1.3682381239273471e-06,21.153593063354492,4.218571484670974e-05
461,0.916118670901324,0.0019898385090461415,0.12254550492441944,50411.02926953125,1.318421698644638e-06,9.887869834899902,1.0543943972152192e-05
462,0.8962990549020288,0.0016143623655024513,0.09942156125338641,53050.80496582031,1.2739362765384606e-06,6.0944390296936035,6.5126537265314255e-06
463,0.6360230807117316,0.007507012913942214,0.4623242960827901,49329.04984570313,1.3208995203438531e-06,11.564189910888672,1.650952071940992e-05
464,0.575517694098069,-0.005401328358984003,-0.3326443367163379,47491.61298925781,1.359854936155494e-06,7.018649578094482,1.1610338333412074e-05
465,0.8828268820162812,-0.004856143353363399,-0.2990687618708065,43399.69515625,1.4078603095318514e-06,4.241107940673828,1.1772983270930126e-05
466,0.9450342659843094,0.0009274846406754351,0.0571197477003795,45074.89419628906,1.389322765183829e-06,4.576680660247803,5.2072200560360216e-06
467,0.5633335719886908,0.006821655950612507,0.42011613962040145,48133.41979101562,1.3451205233106917e-06,11.666080474853516,1.3369188309297897e-05
468,0.8153846447390554,0.005624910710953505,0.3464138019718003,48230.74287109375,1.3476635322100873e-06,16.216737747192383,1.5876437828410417e-05
469,0.406722926811414,0.01821971966993994,1.1220733423258884,49635.82265625,1.3235115332984444e-06,33.004764556884766,3.202090010745451e-05
470,0.8622071261650358,0.016108387877573762,0.9920455941532387,54214.546408203125,1.2587256494519688e-06,58.4662971496582,6.397606921382248e-05
471,0.9983615093259316,-0.0018253629705069039,-0.11241617139992724,51386.732884765624,1.2925565973095926e-06,63.638633728027344,6.903351459186524e-05
472,0.9419655516394881,-0.01074051854032427,-0.6614618531556449,54441.02086914062,1.2615355250297477e-06,58.961585998535156,7.216128142317757e-05
473,0.9750732691433278,-0.004059122846850433,-0.2499837331301736,54049.63699707031,1.275859440992298e-06,42.482059478759766,4.5912933273939416e-05
474,0.9203889654925393,-0.0067103385137316385,-0.41326058252496783,44551.29200878906,1.38006038834938e-06,22.8392333984375,3.491789539111778e-05
475,0.9322316506549156,0.0015948059061170329,0.09821716392213323,48330.62031347656,1.3349966089467432e-06,8.242280006408691,1.0002489943872206e-05
476,0.7998962215214575,0.0025995850002973157,0.16009714105296496,42241.08334667969,1.4237427012262012e-06,7.844737529754639,7.966674274939578e-06
477,0.6161238671589847,-0.005364383391403713,-0.3303690567446415,39662.35278613281,1.4685293894649923e-06,8.745024681091309,1.5416018868563697e-05
478,0.5209512233827185,-0.01219629061186374,-0.7511165275177318,38754.29344335938,1.4944467977905628e-06,10.04234504699707,3.172496144543402e-05
479,0.1664610246582313,-0.006330731118715219,-0.3898822130322444,44268.615794921876,1.3993849725326357e-06,7.345203876495361,1.3045066225458868e-05
480,0.7614063215173257,0.005075566377491839,0.312582072203087,47770.8396015625,1.3531959173852451e-06,8.768012046813965,1.5905283362371847e-05
481,0.5040409411102492,-0.018161744267704758,-1.1185028892927364,47075.06777050781,1.357363315286261e-06,13.03388500213623,4.549089499050751e-05
482,0.9984086901526803,6.749376031448207e-05,0.00415664733564273,48863.94822851563,1.3406134380434085e-06,8.880571365356445,1.0089118404721376e-05
483,0.8173543679251156,0.003746963133018349,0.23075917315975045,50340.70037304687,1.3193847262261047e-06,14.759222030639648,1.2225554200995248e-05
484,0.6585853392647419,0.0069428365167947615,0.42757912397934317,42937.62209277344,1.4080831017018698e-06,7.35192346572876,1.6288520782836713e-05
485,0.9948479525681942,0.0007351332188179712,0.04527365968504986,48253.97845410156,1.3407192840545974e-06,11.043150901794434,1.2982065527467057e-05
486,0.931611039781147,0.003373838206075041,0.2077800306995547,44542.96388964844,1.4037900914728773e-06,17.153657913208008,1.889222585305106e-05
487,0.9792398098007788,-0.0023198067236414326,-0.14286681305206883,41263.618771484376,1.4415068972302354e-06,14.75956916809082,2.1034995370428078e-05
488,0.985133597757989,-0.0011364645656290998,-0.06998991294549299,44226.656541015625,1.3947469083186858e-06,14.010431289672852,1.853882713476196e-05
489,0.6085309187907152,0.011564015645910829,0.7121774605524874,44873.969452148434,1.387281773054654e-06,22.54611587524414,3.1119681807467714e-05
490,0.6905813180148778,0.011866694623001198,0.7308181431550806,49269.2513046875,1.323335437905112e-06,36.622920989990234,3.6736662877956405e-05
491,0.988315761549225,-0.004165136792938737,-0.2565126712793549,47595.45717578125,1.337933321134372e-06,52.04533767700195,6.236742046894506e-05
492,0.9991703067284781,0.001251708073250917,0.07708725967316624,50596.49515722656,1.3118748128496731e-06,60.583831787109375,6.643184315180406e-05
493,0.9849309679205994,-0.00453518581774175,-0.2793023822961612,55124.57412109375,1.255192141250035e-06,54.38623809814453,6.129215762484819e-05
494,0.9592335961708012,-0.005885387970671637,-0.3624554642315126,51378.722305664065,1.2928457920077853e-06,38.84964370727539,4.9899019359145314e-05
495,0.7964196002356465,-0.014563288307958751,-0.8968896274473074,51594.98268164063,1.2957441891937855e-06,34.73611831665039,5.809339927509427e-05
496,0.5085830236459703,0.015987278420748697,0.9845869891105288,45563.06877148437,1.3762332824590678e-06,18.129776000976562,5.575242539634928e-05
497,0.5083028521560841,-0.01486301933231812,-0.9153487584544961,45710.28120996094,1.3708534783186295e-06,12.234465599060059,4.403499769978225e-05
498,0.5856181704103635,-0.0027781122478338473,-0.1710918582587439,46672.24843457031,1.369830883337419e-06,5.259640693664551,7.177635325206211e-06
499,0.9838595422093064,0.000922235287795082,0.05679646287282951,44614.632809570314,1.3874710664047942e-06,8.514256477355957,9.662152478995267e-06
500,0.9929104504469511,-0.0014378712632429518,-0.08855224138509948,41588.12854492188,1.4456663915769852e-06,10.775979042053223,1.5303539839806035e-05
501,0.9906590657833423,0.0010606208432050548,0.0653190277366941,45413.503388671874,1.3844613226278485e-06,14.591113090515137,1.5559358871541917e-05
502,0.8518038994938582,0.0044036197615054,0.27119980074539674,46546.4774921875,1.3608450313895275e-06,16.42327117919922,1.7325577573501505e-05
503,0.9193952547899031,0.006078083586793532,0.37432274967554563,51017.538693359376,1.2940909092523637e-06,29.0059871673584,2.850781129382085e-05
504,0.9361750808282051,0.006033615450303356,0.37158415043019855,51945.25974707031,1.2940331557303759e-06,38.00306701660156,3.395620660739951e-05
505,0.8957963752046775,0.009942730834761828,0.612329575960191,56641.24139355469,1.2319477783799168e-06,48.95199203491211,4.237161920173094e-05
506,0.9692421005583364,0.007752522025953748,0.47744413518441725,51466.74665527344,1.2945398716393804e-06,58.87267303466797,6.224018579814583e-05
507,0.9809747361663821,-0.0074594101723476245,-0.4593926501336462,44351.90657910156,1.3857024556887342e-06,54.48789596557617,7.298646232811734e-05
508,0.9500259431910318,-0.009942003792960789,-0.6122848006157576,44459.734841796875,1.389175770903871e-06,47.17102813720703,6.66925116092898e-05
509,0.9497411980317086,-0.008181576721979347,-0.5038677490232382,42997.58739550781,1.405735511956453e-06,29.273357391357422,4.690824061981402e-05
510,0.9050506439359562,-0.007979591570832648,-0.4914283614940598,44310.09737011719,1.399647673596543e-06,18.687711715698242,3.451057636993937e-05
511,0.8563967097364606,0.007134876659571961,0.43940604166909625,42983.577267578126,1.4022325526577152e-06,22.221874237060547,2.137822775694076e-05
512,0.997691823521019,-0.00011198691110640202,-0.006896787103109522,42896.38639648438,1.4190752433813334e-06,11.835721969604492,1.4041358554095495e-05
513,0.9990143718687398,-0.00034035576220805885,-0.020961032035567585,44817.0406640625,1.3820555358550406e-06,14.123093605041504,1.6545560356462374e-05
514,0.9721439702506407,0.003792219347981974,0.23354630673288848,51365.88686230469,1.2870406178779666e-06,29.11841583251953,2.8241052859812044e-05
515,0.9994250114685005,-0.00024505372148966463,-0.015091793578743452,45813.350923828126,1.358310794932216e-06,27.68305206298828,3.175996243953705e-05
516,0.9868458886116215,0.0034759099633913867,0.2140661865770236,49619.32298925781,1.3119515634747317e-06,31.915315628051758,3.2204112358158454e-05
517,0.973880154266827,-0.002866469397934116,-0.1765333910884159,48752.6316015625,1.343866562793194e-06,19.396568298339844,2.439905256323982e-05
518,0.9967568651674904,-0.0006455170019026706,-0.039754586402783225,46024.62468359375,1.3686086112113598e-06,18.465923309326172,2.2027146769687533e-05
519,0.9987274109590182,0.0004929177073676846,0.030356659126330853,55703.312439453126,1.2513377162588575e-06,25.07660675048828,2.613218384794891e-05
520,0.9892308846301328,-0.0018698271062956935,-0.11515452425946515,56008.615640625,1.2439292309284565e-06,18.910053253173828,2.137039518856909e-05
521,0.8697230789464812,-0.004345947749158176,-0.2676480321767575,59362.09171972656,1.214861549973526e-06,12.208185195922852,1.7310958355665207e-05
522,0.8682936263304005,-0.002576320052148923,-0.15866435401777393,54843.37089453125,1.255182934991487e-06,8.108409881591797,1.0822956028277986e-05
523,0.5333031204737384,-0.004125726240725826,-0.25408554666681715,53677.773260742186,1.2740668463984418e-06,4.531463146209717,1.0074836609419435e-05
524,0.8140807034622043,-0.002222627088788482,-0.1368819417334741,46880.006953125,1.3547435358345472e-06,6.011051654815674,8.058482308115344e-06
525,0.489080357285273,0.003482114436125915,0.21444829308495678,51717.15229101563,1.3074600593731665e-06,7.251379013061523,8.39702261146158e-06
526,-0.09380313826976606,0.01914495040127492,1.179054281546623,47839.14309082031,1.3472592320279615e-06,12.617632865905762,4.5267195673659444e-05
527,0.6980870420242385,-0.012061331271556891,-0.7428049683499994,51476.15270703125,1.3019425369470414e-06,14.952075004577637,3.797880344791338e-05
528,0.9521230843682277,0.004545650432997548,0.27994685246523854,55891.02296972656,1.2427426615185672e-06,30.387222290039062,3.178402403136715e-05
529,0.8933393350483244,0.007332904836543477,0.45160173635784245,53954.10761132812,1.2647637023789219e-06,40.729774475097656,3.7445010093506426e-05
530,0.9805216976657585,0.004126722318346056,0.2541468907579884,51489.30003710937,1.2844867530257588e-06,52.73814392089844,5.4594347602687776e-05
531,0.9849257042236444,-0.003001498138400066,-0.18484922431029902,52666.177430664065,1.2809122119209332e-06,51.08033752441406,5.809626600239426e-05
532,0.999463676189763,-0.0006797755332221745,-0.041864420441792824,53409.503954101565,1.2766817805235828e-06,61.706268310546875,6.619708437938243e-05
533,0.7509160488504836,-0.027463204936935527,-1.691339423043366,49196.19055859375,1.3199746168445872e-06,46.07966613769531,9.467142081120983e-05
534,0.6962279702564653,0.010941380301750825,0.6738320559947811,44495.09881933594,1.3940528568253006e-06,28.20760154724121,3.5488967114361e-05
535,-0.05987593918694492,-0.02217315465639392,-1.3655482195073083,50108.977080078126,1.3277862970030882e-06,12.832889556884766,4.874661681242287e-05
536,0.9453363792648732,-0.004576686840257317,-0.281858249888395,43137.568376953124,1.4012493122047848e-06,12.087935447692871,2.2158781575853936e-05
537,0.8541475711616188,-0.004102951133052543,-0.2526829267773928,43276.283555664064,1.4107089171828341e-06,5.586203575134277,1.1828858077933546e-05
538,0.9658233843966766,-0.0012772816540555043,-0.07866222535916347,42430.81803027344,1.4198182020501332e-06,5.1031599044799805,7.381478098977823e-06
539,0.6671403159291422,-0.004336574679870842,-0.2670707855794653,39812.71454199219,1.475508660549333e-06,4.040409564971924,9.525574569124728e-06
540,0.4760108455687292,-0.005360734639322582,-0.3301443459632925,39360.4226015625,1.4792565963384634e-06,3.814939022064209,1.104670900531346e-05
541,0.7950491762600295,-0.003636068083882013,-0.22392962908959124,48160.77240722656,1.34382310704588e-06,4.9244771003723145,1.0468850632605609e-05
542,0.15288078099059255,0.022365947532655143,1.3774214947805803,51734.77140429687,1.3075825058492674e-06,20.356035232543945,4.282050213078037e-05
543,0.8124856306027836,-0.011304983459149539,-0.6962247940551667,56394.37303125,1.2420825193586386e-06,15.126276969909668,3.781013219850138e-05
544,0.9511175919779029,0.0036991017540006607,0.22781159885588737,46467.09053613281,1.356425740272636e-06,19.864578247070312,2.214062806160655e-05
545,0.9491760483174962,0.0036161755317753183,0.22270453326846407,46748.37579394531,1.3565379740253262e-06,20.902318954467773,2.0961071641067974e-05
546,0.964040234952429,0.0026314297443527633,0.1620583204259254,45139.833940429686,1.383105179497651e-06,21.616397857666016,2.2957659894018434e-05
547,0.9524800188579793,0.0036784237549107846,0.2265381307690172,45671.31789550781,1.3695614947590568e-06,22.90930938720703,2.5024728529388085e-05
548,0.977254354095498,0.0024117686042246064,0.14853034556419537,47273.48962792969,1.3476413669729496e-06,30.794099807739258,3.054930493817665e-05
549,0.9972115429084755,-0.0016111236425244663,-0.0992221023823056,45391.82704785156,1.3750855636297292e-06,40.307762145996094,4.944170359522104e-05
550,0.7763691213983077,-0.017289744706417698,-1.0648002264655807,46200.862694335934,1.3664327447649774e-06,40.745670318603516,6.950411625439301e-05
551,0.8971585083414864,-0.011959904002167275,-0.7365585036826663,54071.52732910156,1.2646459927256122e-06,30.277679443359375,5.601570592261851e-05
552,0.996576219440457,0.000676062425103966,0.04163574625184414,43024.627317382816,1.410534708532767e-06,17.135902404785156,2.1429324988275766e-05
553,0.547787617450599,-0.008309565513409577,-0.5117500223832014,43635.05147558594,1.3953617907319962e-06,6.0419440269470215,2.1262894733808935e-05
554,0.9209662734706059,-0.002444865165103235,-0.1505686188942645,44577.531328125,1.3882642655167473e-06,10.064667701721191,1.4411838492378592e-05
555,0.8591413259544038,-0.009152895887461801,-0.563687074579397,45537.06464453125,1.3713930532723857e-06,9.687020301818848,2.6233647076878697e-05
556,0.8648659667457979,0.0023705297568631946,0.14599062420015974,50799.196421875,1.3115861322349019e-06,8.584270477294922,9.43624309002189e-06
557,0.6779433888049807,-0.008162265621619019,-0.5026784622878855,48874.064876953125,1.3242941069838251e-06,6.995751857757568,1.9311961295898072e-05
558,0.8288849014381695,-0.002999423245107403,-0.18472144065094284,51876.30396679688,1.2963663945379553e-06,4.977827548980713,9.327974112238735e-06
559,0.9879694753509969,-0.000908591568320358,-0.055956205492908424,46949.179057617184,1.3578898625849752e-06,6.170131683349609,7.716053005424328e-06
560,0.12839882304425645,0.006232271609904835,0.3838185198395929,47811.17359960938,1.3526302307653522e-06,4.668632984161377,9.754437087394763e-06
561,0.9854984444150847,-0.0012053199047836896,-0.07423041400378552,42500.50116015625,1.4265154750916017e-06,7.460681915283203,1.0514552741369698e-05
562,0.8879752420036005,0.0037582833855837167,0.2314563383116903,49989.549203125,1.320964390840638e-06,11.991470336914062,1.2901967238576617e-05
563,0.8809398015754957,0.005433408077271098,0.3346199871309084,52200.35437792969,1.2869046269170817e-06,20.440292358398438,1.9677656382555142e-05
564,0.8287295868894299,0.004469258448101604,0.27524220215382217,53765.134465820316,1.2702676923364792e-06,13.923474311828613,1.4920240573701449e-05
565,0.8986532207765239,0.003588617379207155,0.22100734643350392,54531.78169824219,1.2605759325137426e-06,14.73880386352539,1.3939823475084268e-05
566,0.9958628322545089,0.0007617777310231067,0.046914579381195635,53303.17554296875,1.2767688031941641e-06,19.63643455505371,1.9641836843220517e-05
567,0.8140249648333795,0.004747403837372138,0.2923719677180117,49660.241524414065,1.312082165621741e-06,13.921892166137695,1.460202838643454e-05
568,0.34083282998966796,0.007686728808627245,0.4733922168999815,45050.72189257813,1.3696349843438111e-06,11.349483489990234,1.1993722182523925e-05
569,0.5197341392848958,0.006393847186985741,0.39376925734257034,42678.457124023436,1.4226276073220341e-06,6.866604804992676,1.4953263416828122e-05
570,0.39944527979009187,0.009161700584247019,0.5642293175847192,42907.93677636719,1.4160942241818341e-06,9.539999961853027,1.9770026483456604e-05
571,0.7451634240816067,0.010534696594223217,0.6487861741018853,39586.881591796875,1.4739492375701927e-06,8.37338924407959,2.7393694836064242e-05
572,0.48486890403110655,-0.008525417807241333,-0.5250434269567147,39302.19045800781,1.4729784188679313e-06,8.719061851501465,1.795506068447139e-05
573,0.7537315581321632,-0.004110630954837859,-0.25315589362074853,37533.85295996094,1.5091118701273854e-06,7.6624956130981445,1.2417113794072066e-05
574,0.7195197444956771,-0.007316459050260258,-0.4505889118623901,45620.50624316406,1.3744212640998084e-06,12.224992752075195,2.380809746682644e-05
575,0.79133169844492,-0.0029342654293661773,-0.18070865398836664,43344.01558984375,1.405023080550563e-06,5.496968746185303,9.673175554780755e-06
576,0.9792870457236712,-0.0008354611952771795,-0.051452423678884016,40178.51202050781,1.471320887937826e-06,5.526823997497559,8.1140678958036e-06
577,0.937874576145529,0.003331218328928679,0.20515525771372012,38738.32082910156,1.4922307976247991e-06,12.549674987792969,1.6520882127224468e-05
578,0.9756505304380216,-0.002718786766570453,-0.16743825972637263,39256.83733691406,1.480171158279463e-06,11.383520126342773,1.780505590431858e-05
579,0.6524972980865617,0.00467642172613327,0.288000488011079,41086.766602539064,1.4532737201736556e-06,10.163235664367676,1.070707367034629e-05
580,0.9788453062532246,-0.002129991550939914,-0.1311769215984282,41453.809038085936,1.4520709419232326e-06,16.668367385864258,2.182447315135505e-05
581,0.9577821157003323,0.0043066870156482345,0.2652301342469476,47208.792471679684,1.3543873217492525e-06,28.430845260620117,3.106567601207644e-05
582,0.9986020160064316,0.0010173672670376552,0.06265522798253129,47033.309432617185,1.358144453862446e-06,47.645164489746094,5.429186057881452e-05
583,0.837102149944831,-0.02226558138451293,-1.3712403799587032,48055.34860839844,1.3321796433005954e-06,38.59903335571289,7.650195038877428e-05
584,0.9989789453547762,-0.00024263739665587346,-0.014942982634803939,45251.916484375,1.383565106431451e-06,46.395267486572266,5.123440132592805e-05
585,0.9221737619832152,0.011266875983869657,0.6938779202871008,51183.789919921874,1.3028007592405143e-06,58.4000129699707,5.9399095334811136e-05
586,0.9873996662203584,-0.004849953525169179,-0.29868755725645835,42327.656859375,1.4078134753381285e-06,40.10137176513672,5.612928725895472e-05
587,0.9975640586992764,0.0009613099687598938,0.059202902635063726,41590.152541015625,1.432315320781297e-06,32.99879455566406,3.9395778003381565e-05
588,0.95515211291546,-0.003308761258431357,-0.20377222435161235,44780.16169140625,1.3919560273603992e-06,14.682387351989746,2.0305820726207457e-05
589,0.9959958302599479,-0.0008214947975684209,-0.05059229394905206,44069.77570996094,1.3914231801725848e-06,12.319169998168945,1.5484298273804598e-05
590,0.5847191508862325,-0.017000499805698396,-1.0469868902353698,43620.55713574219,1.4043254920160273e-06,10.80884838104248,3.816572279902175e-05
591,0.9659547990922106,0.0010304117097542265,0.06345857851167856,43653.2997109375,1.4116645614902562e-06,5.712531089782715,7.102666131686419e-06
592,0.8560768530127668,0.003235103917547761,0.1992359888787662,43249.38147265625,1.4320513313203915e-06,8.459748268127441,1.0990910595864989e-05
593,0.7859939145235694,-0.0037013899860773663,-0.22795252112367406,40571.91188476563,1.4525326787231493e-06,6.821212291717529,1.0126249435415957e-05
594,0.6015517286240186,-0.004943220502068044,-0.3044314649780575,42718.03265820313,1.425137121810961e-06,5.975131511688232,1.0813779226737097e-05
595,0.9619827448513496,-0.0013715797488724592,-0.08446963515157621,47523.811209960935,1.3612980705948314e-06,6.507404327392578,8.73655517352745e-06
596,0.9721841629488756,-0.0022370499721742847,-0.13777018443203684,45574.557442382815,1.3789935098709378e-06,10.412901878356934,1.4827300219621975e-05
597,0.9991223434804519,-0.0003446698449570468,-0.021226717640885313,42954.04451757813,1.4099719182812461e-06,12.01539134979248,1.431179407518357e-05
598,0.9190995881790599,0.004231916856176386,0.2606253651141252,45331.932924804685,1.3694566966260075e-06,19.37993621826172,2.1872738216188736e-05
599,0.9936032259612574,0.0013851682607101288,0.08530649253309151,48601.697453125,1.3308284030449102e-06,23.611278533935547,2.6807774702319875e-05
600,0.9813198223653198,0.004521198500292969,0.27844096421046904,50248.173609375,1.3058353692871617e-06,42.344722747802734,4.509024802246131e-05
601,0.9775878289621889,0.005216641034041876,0.32127024711797014,56555.886123046876,1.2411011791107076e-06,52.051979064941406,5.24413408129476e-05
602,0.9960644425674632,-0.002928419104945912,-0.18034860427841465,59011.545833984375,1.2064765549609848e-06,59.39380645751953,6.377746467478573e-05
603,0.7789668300711909,0.017587460489138628,1.083135247499521,52404.350807617186,1.2796011108623232e-06,56.460269927978516,5.685580617864616e-05
604,0.9288581939724302,-0.012587856816572466,-0.7752313881203501,52768.31294140625,1.2845550907722676e-06,41.163909912109375,6.587934331037104e-05
605,0.9498408704485647,-0.004578926551452847,-0.28199618396600645,51273.62352050781,1.3026211674032972e-06,23.775833129882812,3.072410254389979e-05
606,0.9923877812489158,-0.0005995399672216694,-0.036923060676300176,44879.24162988281,1.3884910477606396e-06,9.368734359741211,1.1436620297899935e-05
607,0.7432560019571527,-0.0073720449364678056,-0.4540122049894493,40252.23096679687,1.4563639988275184e-06,9.649683952331543,2.2489259208668955e-05
608,0.5166388707055287,-0.004087869157488767,-0.2517540934563377,44421.141790039066,1.3985359599626338e-06,5.538508415222168,1.067144694388844e-05
609,0.9730482891000326,-0.000987272036124254,-0.06080179351971767,43006.442189453126,1.415179480048895e-06,6.020822048187256,8.09644643595675e-06
610,0.9955400693144824,0.0003503141672531086,0.02157432691801134,43120.132697265624,1.425903191068862e-06,8.506388664245605,1.0125889275514055e-05
611,0.9996218736952954,-0.00023903440576658787,-0.014721090086359268,44998.293923828125,1.3915195000240252e-06,10.940597534179688,1.2552935913845431e-05
612,0.8154234493303786,0.006093518990972927,0.3752733491288567,43197.49342285156,1.421729114693627e-06,14.91616153717041,2.067654895654414e-05
613,0.3020916100901368,-0.01993680453502906,-1.227821135844717,44741.144078125,1.3891129664226226e-06,8.417074203491211,3.788662070292048e-05
614,0.8088853157589744,-0.006146892705094429,-0.3785604041923585,43163.36368945312,1.4050322824316506e-06,7.926712989807129,1.6774898540461436e-05
615,0.8318448666810986,-0.004600600489134617,-0.2833309875818969,49836.47105664063,1.3192344675566764e-06,8.690919876098633,1.4803670637775213e-05
616,0.9500980985938529,-0.0035886149036976705,-0.22100719397763463,54428.060284179686,1.2630223657784014e-06,15.25731372833252,1.9521257854648866e-05
617,0.9652603206004602,-0.003899946391699735,-0.2401807471190766,55603.29768847656,1.2463542494522624e-06,21.649402618408203,2.5532353902235627e-05
618,0.8996563838987517,-0.00700216142181603,-0.43123268702346657,52356.23044042969,1.2870215775726228e-06,21.4466609954834,2.8761236535501666e-05
619,0.48488114965599377,0.008457031219093117,0.5208317942354751,50090.66086523438,1.3187493597932694e-06,13.491703033447266,1.700350367173087e-05
620,0.24030290353430173,0.010504280437690255,0.6469129752250686,43895.18681542969,1.3945833672931046e-06,10.512331008911133,1.8421400454826653e-05
621,0.7632581162275082,-0.007499696451566453,-0.46187370696612456,41789.370990234376,1.4396651676127715e-06,8.630195617675781,2.2153635654831305e-05
622,0.9971564553432928,-0.0008584799705721054,-0.05287004999802218,42622.72477929688,1.4045943816089046e-06,13.705199241638184,1.7417238268535584e-05
623,0.9400063114361389,-0.003136982417683942,-0.19319311218797533,45080.94380761719,1.3788544998790652e-06,9.6585111618042,1.5512294339714572e-05
624,0.9975048863875952,-0.000846347977913613,-0.05212289330198106,49248.61046386719,1.323522891102846e-06,14.75115966796875,1.758574762789067e-05
625,0.853359138535914,0.003228191039818055,0.1988102547862676,56210.26476855469,1.2519412206223766e-06,11.240327835083008,1.3399749150266871e-05
626,0.9624370902758742,0.0011787000151356703,0.0725910107039104,48064.63143945312,1.3380433987196039e-06,8.28880786895752,9.521992069494445e-06
627,0.9984648229360132,-0.0003083693246954583,-0.018991126378452707,51411.068491210935,1.2949373087162236e-06,7.5555291175842285,8.474265086988453e-06
628,0.9658783029439989,-0.0007074733820712292,-0.04357021056350212,47744.87178808594,1.3419182043611873e-06,3.8539745807647705,4.635418463294627e-06
629,0.9829769071957063,-0.0005452394500930897,-0.03357892784394851,46050.51491601562,1.362564919250965e-06,3.07814884185791,3.7182317100814544e-06
630,0.547967838186708,-0.002469821086155334,-0.1521055456007687,44692.75080273437,1.3927145980169811e-06,3.7073326110839844,4.923028882330982e-06
631,0.9967953092310833,7.605081420653881e-05,0.00468363909155675,44303.59201757813,1.3985100598997396e-06,3.9861860275268555,4.801752311323071e-06
632,0.998977275555489,-5.800315366238262e-06,-0.00035721621229316237,46851.718142578124,1.3563635795131529e-06,6.9530930519104,7.988453944562934e-06
633,0.552725870895356,0.006221213510824928,0.3831374995813705,51582.0185390625,1.2999854350943847e-06,9.536447525024414,1.6457321180496365e-05
634,0.9931063522289967,0.0004000288871271085,0.02463604042965497,53555.63527636719,1.2781078187680068e-06,9.539358139038086,1.0301005204382818e-05
635,0.8847606014885238,-0.005152778476059479,-0.31733722975091294,57267.514206054686,1.2336504451398213e-06,12.890816688537598,2.1463669327204116e-05
636,0.9483391324208439,-0.001767857180534266,-0.10887463974485204,51947.40890625,1.2986139252215935e-06,8.757197380065918,1.1040828212571796e-05
637,0.833950179508745,-0.0049283051996821545,-0.30351289633358225,48303.286955078125,1.3289540040191583e-06,7.067476749420166,1.4469588677457068e-05
638,0.7344442719809037,-0.004417296504728627,-0.2720420919144501,51184.826333984376,1.2955005530432672e-06,6.652948379516602,1.2146012522862293e-05
639,0.8114121395119219,-0.0031917276581949414,-0.19656463360045678,51531.07938378906,1.3031242955697438e-06,7.7513651847839355,1.1892818292835727e-05
640,0.7279744333253142,0.00610652517282569,0.3760743433377031,50045.47487109375,1.3102244122023113e-06,13.647037506103516,2.0744448192999698e-05
641,0.9120269495266224,0.0012608450826877475,0.07764996837030182,54249.175361328125,1.2813356230132674e-06,4.372142314910889,7.209171144495485e-06
642,0.9424102239999095,0.0009134358269602258,0.056254542326932035,61147.68680859375,1.200684529900934e-06,4.669959545135498,5.75697549720644e-06
643,0.6387358786477283,0.004565162471649136,0.28114851411657016,54930.19608203125,1.2590950642635946e-06,7.319895267486572,1.1746112249966245e-05
644,0.9979705493044775,2.669669698697541e-05,0.001644133530037772,55367.44341308594,1.2604203675989894e-06,6.825957775115967,7.46508385418565e-06
645,0.9988392390546782,-9.191601780566172e-05,-0.005660708023002458,54126.971145507814,1.2732910279950298e-06,8.824272155761719,9.543192390992772e-06
646,0.80877468182344,-0.0035955789663358146,-0.22143608032616838,50680.22777148437,1.3191075115414786e-06,9.009163856506348,1.2089272786397487e-05
647,0.9066801614735056,-0.004555267598449342,-0.2805391318843341,45756.650040039065,1.3738132368368995e-06,11.542861938476562,1.816915573726874e-05
648,0.9585960750044891,-0.0020757463353490713,-0.12783619454741724,47556.726567382815,1.341743572424071e-06,8.600069999694824,1.1719561371137388e-05
649,0.7821979230545413,-0.004748248173307788,-0.2924239666983761,46325.74519140625,1.368832515923761e-06,6.3747758865356445,1.245438488695072e-05
650,0.9323709244329312,-0.0020809424906408826,-0.12815620316671267,41393.00361230469,1.4505268933370742e-06,5.848260879516602,9.055575901584234e-06
651,0.87941399093232,-0.002909970741488409,-0.17921244975901468,41851.85012109375,1.4305303148494664e-06,5.319184303283691,8.95867015060503e-06
652,0.8385202724293392,0.0015379313843070386,0.09471450932938354,43387.71315429688,1.4214904269625944e-06,4.490379333496094,4.37661628893693e-06
653,0.8458844148075371,0.004167237544886677,0.2566420474608948,42578.286609375,1.4262598698007693e-06,10.487980842590332,1.4262685908761341e-05
654,0.9952705820192039,0.0008910270365135741,0.054874482323295455,49598.22440136719,1.329168658508514e-06,24.5883846282959,2.779800706775859e-05
655,0.685680496957669,0.012607514966849571,0.7764420481516221,46667.633990234375,1.3621685253445708e-06,21.790742874145508,3.286936771473847e-05
656,0.999264888002879,-0.00018273826911651314,-0.011254055721653677,48904.06237890625,1.3219850473734948e-06,21.477201461791992,2.4742501409491524e-05
657,0.994675522260844,0.001301507240055472,0.08015417390421352,53643.58131640625,1.269318097922668e-06,23.586383819580078,2.473584572726395e-05
658,0.9510271548161633,-0.0030274097070408907,-0.18644500519806348,55542.61205566406,1.255789604294186e-06,16.49941062927246,2.0564713850035332e-05
659,0.7626865983025822,-0.010489963443736622,-0.6460312537963839,55162.19638867187,1.256533721893389e-06,17.02568244934082,3.237764030927792e-05
660,0.9316179722173971,0.0028280759941353467,0.174168908225662,58376.44877929687,1.2091778609259465e-06,14.013898849487305,1.60216568474425e-05
661,0.9980164475123782,0.0002707742325178967,0.01667580805858168,55730.98020507812,1.2667337284535311e-06,11.363303184509277,1.3001974366488867e-05
662,0.9837986116700884,0.0006943669357065126,0.04276304149916486,48191.94063964844,1.3445795187461878e-06,8.288111686706543,9.357357157568913e-06
663,0.7846355403380669,0.0032214146092073206,0.19839292387875795,46156.988049804684,1.3905903969480763e-06,7.96196174621582,1.0924435628112406e-05
664,0.8359618085908709,0.0037101462309088494,0.22849178018376248,52758.60904296875,1.2850499948673247e-06,8.70592975616455,1.2612885257112794e-05
665,0.9371229554531538,0.0014565513908085992,0.08970266924855567,54953.339184570315,1.2630964164375983e-06,5.397459506988525,6.482767275883816e-06
666,0.9958018409609918,-7.824515619459816e-05,-0.004818779076877716,44509.48134375,1.3962217222390343e-06,2.6229491233825684,3.233813913539052e-06
667,0.5881929717295523,0.005059297327050917,0.3115801320999781,52122.53318359375,1.293160122524725e-06,9.566877365112305,9.396071618539281e-06
668,0.6155266944540468,0.012405563648882456,0.7640047442609179,51863.52936328125,1.288612673489283e-06,15.466476440429688,3.185424066032283e-05
669,0.9525954458404268,-0.004596388701766317,-0.28307160190444824,51714.225833984376,1.2884036824815154e-06,20.23981475830078,2.448405030008871e-05
670,0.986005672316865,0.003706069730104942,0.2282407262177906,50322.561479492186,1.3309279219724194e-06,41.4791374206543,4.4910586439073086e-05
671,0.9879164078772137,-0.006004388969632082,-0.36978421851876814,45641.38359082031,1.3775950873769051e-06,54.89305877685547,6.9543304562103e-05
672,0.9984289537406452,-0.0021705157773393388,-0.13367263256352033,47375.9123046875,1.3541016694609334e-06,57.07354736328125,6.72990718157962e-05
673,0.928381971366569,-0.013831243328099362,-0.851806158976663,47115.17195898438,1.362121007901622e-06,44.945899963378906,7.1982569352258e-05
674,0.7103082929473651,-0.02929007697980565,-1.80384853165095,48738.68089648437,1.3277902970379796e-06,28.489599227905273,7.976848428370431e-05
675,0.7550300239564974,-0.014176142753409308,-0.8730470154736109,49037.038955078126,1.3400022563062911e-06,17.58180809020996,4.234613516018726e-05
676,0.7442625946795826,-0.005595316065922962,-0.34459119641771174,43513.344053710935,1.4054546243071052e-06,7.841974258422852,1.6619615053059533e-05
677,0.9289698070356396,-0.004346683075062942,-0.2676933177031325,48852.105071289065,1.332719492451548e-06,10.065982818603516,1.708002673694864e-05
678,0.992612290275812,-0.0012050853880648917,-0.07421597113840342,45532.02463476563,1.3889237509099778e-06,12.15689754486084,1.594354944245424e-05
679,0.9754476552688746,-0.0020404841077634214,-0.12566454721794895,38855.18595214844,1.4929345106503997e-06,10.193134307861328,1.504919691797113e-05
680,0.6994567882692357,-0.012323255043926671,-0.7589357150366488,41009.23265429687,1.454798332059973e-06,5.1382904052734375,3.0136086934362538e-05
681,0.4715276611562053,-0.003111682501405622,-0.191635000310666,42630.16793261719,1.4278614182689771e-06,1.842202067375183,6.774567282263888e-06
682,0.8517315432149135,-0.00540540267526263,-0.33289525614689286,39670.507454101564,1.475038935069214e-06,2.597033977508545,1.3481162568496075e-05
683,0.8550481078943049,-0.003927926407836954,-0.24190391469762176,41289.10260058594,1.43776055383842e-06,4.016651153564453,1.0980704246321693e-05
684,0.9282311002973411,-0.001426694005826251,-0.08786388268283653,44353.04051757813,1.392492224880676e-06,4.663883209228516,7.3278160925838165e-06
685,0.9770911243709076,-0.0008174420908124779,-0.05034270535507329,43287.779357421874,1.402525859627338e-06,4.607460021972656,6.4428127188875806e-06
686,0.9752316294463188,-0.0014629236137906805,-0.09009510676510794,41207.37927441406,1.4447224600075348e-06,7.405501365661621,1.0497647053853143e-05
687,0.9952412656903431,-0.0006967012437510552,-0.042906801385541135,40397.659766601566,1.467432026417109e-06,9.38715648651123,1.2215676179039292e-05
688,0.47308353486745663,0.007092126748192257,0.43677326044002485,41553.26569921875,1.444717188919395e-06,10.502524375915527,1.5059544239193201e-05
689,0.5447393303835169,0.011984580108592557,0.7380781978225212,39712.25397558594,1.4704554374396535e-06,7.551527976989746,2.5765240934561007e-05
690,0.7200730062046669,0.004989587136829767,0.3072869844801126,39318.503177734376,1.482958394105464e-06,6.941383361816406,1.260055614693556e-05
691,0.9515163759037456,-0.002163831406031134,-0.13326097118831712,46519.83497460937,1.370654881527249e-06,9.579922676086426,1.2546311154437717e-05
692,0.9533423168855333,-0.0016912279856840912,-0.10415538070338948,44921.95129882813,1.3753765402179429e-06,8.191720962524414,1.0085154826811049e-05
693,0.8307515719721987,-0.004706344792687645,-0.2898433196193339,47904.605198242185,1.338278945123316e-06,7.8343305587768555,1.498604251537472e-05
694,0.9764312545797497,-0.001915729815338238,-0.1179814725929326,49102.50477832031,1.3240075562331113e-06,9.48628044128418,1.3221001609053928e-05
695,0.9897929665008453,0.0009449927912803451,0.058197998596830385,53646.7345234375,1.2713066006974573e-06,13.87380599975586,1.458300175727345e-05
696,0.9598467902163451,0.0035388445882809237,0.21794205657815968,57640.011809570315,1.2286998276745593e-06,23.167470932006836,2.2088048353907652e-05
697,0.9672687919923822,0.002323673262306975,0.1431049363625408,51805.82225976563,1.294374929779519e-06,19.887428283691406,2.082244463963434e-05
698,0.9767504093998453,0.002044662991195036,0.12592190648495447,53147.19344238281,1.2767364183724435e-06,19.55162811279297,1.9967852495028637e-05
699,0.998368406484145,8.965896952183184e-05,0.005521706229478362,45359.85463964844,1.3728492695763336e-06,10.77138614654541,1.3061023310001474e-05
700,0.9798602049955769,0.0012692135440461041,0.07816534553178409,49458.762357421874,1.3247989211326754e-06,12.386285781860352,1.4270293831941672e-05
701,0.9315629583568084,0.002677421193457062,0.164890733874087,47386.594588867185,1.3434913948592805e-06,12.92348575592041,1.5593857824569568e-05
702,0.8553678453451558,0.004481143971042604,0.2759741798512455,48792.133228515624,1.3348420147755642e-06,15.74870777130127,1.9388397049624473e-05
703,0.9607963669527088,0.002772347801842212,0.17073685108532602,54208.83030273437,1.2660349883393946e-06,17.797733306884766,1.783500010787975e-05
704,0.8176865879962674,0.003498060805543714,0.21543036066638693,42172.090905273435,1.4349200826510304e-06,9.01967716217041,1.3099335774313658e-05
705,0.7303323156221454,0.0033493730073282783,0.20627332544690807,46096.569383789065,1.369605463758052e-06,5.541069984436035,9.608589607523754e-06
706,0.7418941761995592,0.0028298561940472205,0.17427854300058226,46690.79453125,1.36122981623096e-06,5.224790096282959,7.949552127684001e-06
707,0.9430714091872738,0.0011696012678804207,0.07203065840823152,45628.62804296875,1.375907394652351e-06,4.674117088317871,5.732877070840914e-06
708,0.6488904389792982,0.003729846826630068,0.22970505424544796,44479.62228173828,1.4077664572063718e-06,5.005350589752197,8.983953193819616e-06
709,0.9967047738478498,-0.00037763162784353445,-0.023256690580232046,47917.12847265625,1.3496453927975708e-06,6.477652072906494,7.65152981330175e-06
710,0.9409546367270074,0.0012892639667026358,0.07940016391389014,50076.42020800781,1.3175845185319482e-06,6.063897132873535,6.8633071350632235e-06
711,0.8142426038238787,-0.002035358304350459,-0.1253488712650869,51030.25282910156,1.3087760192277867e-06,4.1262664794921875,5.967924153083004e-06
712,0.8830800255502511,-0.0046286961991010974,-0.28506128024052224,49331.79078125,1.3336480829843384e-06,8.833696365356445,1.7021513485815376e-05
713,0.9252392780480647,-0.0020802711629259256,-0.12811485901067934,48346.90366894531,1.3394877885972387e-06,7.386754035949707,1.0051507160824258e-05
714,0.9964972044943964,0.0006452628216859874,0.0397389325480339,52790.175263671874,1.2808464035819408e-06,20.34075355529785,2.133783527824562e-05
715,0.9773454343991106,-0.004149214418208885,-0.2555320814264624,58668.94054785156,1.233027998122701e-06,30.20651626586914,3.494715929264203e-05
716,0.9787186910774673,-0.003844417070619205,-0.23676093759232975,59014.396328125,1.2203850355702624e-06,33.28276443481445,3.669776924652979e-05
717,0.9609853290158614,-0.006140968227622249,-0.37819554137563194,53743.531796875,1.2782127754909976e-06,32.6790657043457,3.886538979713805e-05
718,0.8752219121106363,-0.009865628389955708,-0.6075811715109262,51370.074086914065,1.3015884393219657e-06,27.032575607299805,3.676358028315008e-05
719,0.8392997775521388,-0.016981425280660545,-1.0458121731458523,56028.44395019531,1.2433280771664465e-06,29.332334518432617,5.191180753172375e-05
720,0.9273120060135355,-0.006872142248256604,-0.42322537125323684,42648.598286132816,1.4216411190529415e-06,30.66115379333496,4.004888978670351e-05
721,0.9035992545298817,-0.01109762096134784,-0.6834542391181839,41416.67704394531,1.4292359977147633e-06,28.321928024291992,4.6873978135408834e-05
722,0.841173504314372,-0.006947622677456735,-0.4278738828114317,44280.04017578125,1.3932584495741856e-06,18.130619049072266,2.6638268536771648e-05
723,0.7065878136462254,-0.004377818907414023,-0.26961083828551113,43342.24701757813,1.410403144618659e-06,4.582457065582275,1.14247004603385e-05
724,0.7113580316903726,-0.003628879611855305,-0.22348692234221285,43674.74175195312,1.4050893457840928e-06,4.206259727478027,9.934640729625244e-06
725,0.9987784657821281,-2.5083472007272677e-05,-0.0015447820154321338,42613.644732421875,1.4220795110536568e-06,5.233117580413818,6.331872100417968e-06
726,0.9331311504167402,-0.001493809042559636,-0.09199720607924433,46105.50700488281,1.3710687669470196e-06,6.7716383934021,9.102297553909011e-06
727,0.6661920952686596,-0.008734264675854376,-0.5379053978401398,46911.824041992186,1.3538831294482123e-06,13.818460464477539,2.027059417741839e-05
728,0.4611586229773339,0.00442370193563176,0.2724365745625214,45305.07557373047,1.389323168161611e-06,4.350369453430176,8.870023521012627e-06
729,0.14684242969676314,0.011294947206093461,0.6956067048520909,47174.89368359375,1.3632658836737585e-06,8.889381408691406,1.8434222511132248e-05
730,0.5925373933171496,-0.0173776722920007,-1.07021530428374,50571.97191015625,1.3016427940115296e-06,11.402128219604492,3.9124832255765796e-05
731,0.9797227419723593,0.0016876629507823736,0.10393582569924313,50654.16422753906,1.3088114455633019e-06,16.993650436401367,1.8611963241710328e-05
732,0.9127477267851671,0.0029842356779215973,0.18378610440084167,55867.501768554685,1.24456800501992e-06,15.835493087768555,1.6649499229970388e-05
733,0.9372324897740169,0.004297226144533399,0.26464748031673074,48889.967439453125,1.3208512441409747e-06,19.880325317382812,2.2414915292756632e-05
734,0.9945944921182248,0.0010792167229439502,0.06646426714268444,46175.70801953125,1.3733923382325779e-06,19.151762008666992,2.197840512963012e-05
735,0.867609066065076,-0.007597667574383618,-0.467907322588227,45926.778016601565,1.3619877458989287e-06,19.234806060791016,2.8125539756729268e-05
736,0.46703750271091515,-0.02245226601683162,-1.3827374750370827,46462.35324609375,1.355077661404874e-06,20.34307289123535,5.53456338820979e-05
737,0.9657966340236509,-0.005433920415219098,-0.334651539798245,42570.7219453125,1.4060777757989934e-06,29.41313934326172,4.102239108760841e-05
738,0.8377773793117372,-0.012726894503718934,-0.78379411494337,45996.05411914062,1.3730023206205511e-06,24.09988021850586,5.0966435082955286e-05
739,0.8305277493172326,-0.012385494988972923,-0.762768802725668,50112.74197167969,1.3140450144812721e-06,20.537796020507812,4.2660678445827216e-05
740,0.9491370917531471,-0.002145694711149842,-0.13214401098185624,49258.26240625,1.3185957534660861e-06,7.535430908203125,1.0621466572047211e-05
741,0.9933385036630772,-0.0006433825841468617,-0.039623136890465455,44343.77511425781,1.396644452032638e-06,6.118235111236572,7.8305383794941e-06
742,0.7873272133749113,-0.0064361990417317735,-0.39637752399372994,42672.94826855469,1.4222075361593565e-06,9.672759056091309,1.848538340709638e-05
743,0.12743969685778103,0.015819175977848716,0.9742342903108248,58866.934689453126,1.2172860878274421e-06,7.787125110626221,3.18956736009568e-05
744,0.7332968640034947,-0.003556660383839715,-0.21903925399013904,49979.5263984375,1.3072086185733391e-06,7.44627571105957,1.1586760592763312e-05
745,0.6901165763226778,0.004810731343423244,0.296272033562228,40796.756994140625,1.4458188148609157e-06,10.043577194213867,1.0847673365788069e-05
746,0.9748155301941355,0.001799191028385145,0.11080435524118727,42322.4065390625,1.4252622397710582e-06,12.748577117919922,1.4575658497051336e-05
747,0.9511778920111936,0.0030861237349041623,0.19006094697320788,42503.68961816406,1.4226333746294044e-06,14.94312858581543,1.8472268493496813e-05
748,0.8405656963977921,0.010380582151702785,0.6392949354466113,45330.07880859375,1.3751154370249514e-06,29.113134384155273,3.2241161534329876e-05
749,0.8982346801850262,0.006603759802882101,0.40669686296889634,47675.25541992187,1.3449542754797335e-06,30.09052276611328,3.1991934520192444e-05
750,0.9058464525432411,0.009681889713590052,0.5962655050550753,47179.05375976562,1.3509880093074127e-06,43.71747589111328,4.831352271139622e-05
751,0.9590746421913832,-0.007754351964017834,-0.477556833115945,52325.59406542969,1.2865214191905205e-06,38.35212707519531,5.071679697721265e-05
752,0.4968320258368208,-0.01627166030489318,-1.002100833287034,49020.6488984375,1.3290236469596446e-06,14.597066879272461,4.2038005631184205e-05
753,0.9822888423127836,0.0007763251571540266,0.0478104921261042,50618.08634667969,1.3034779312977941e-06,8.857133865356445,1.038483424053993e-05
754,0.5160554326077769,0.0072278992572470495,0.4451348991364991,51803.81338085938,1.308605899495149e-06,11.56317138671875,2.384819890721701e-05
755,0.6314160078020236,0.006243772452794263,0.3845268067646545,52293.88158203125,1.295796121029495e-06,13.608904838562012,1.895913010230288e-05
756,0.9005292446469052,0.0022161331239242406,0.13648200666355162,54965.777052734375,1.264134845847005e-06,11.366068840026855,1.2735222298942972e-05
757,0.7835558909732209,-0.011832136437408831,-0.7286898547118549,55692.87493359375,1.2522616329988554e-06,27.955751419067383,4.726336192106828e-05
758,0.7245648030650171,-0.009328290160226342,-0.574488845486467,57156.36524804687,1.2393559876039341e-06,13.840899467468262,3.145995651721023e-05
759,0.6207009735784721,-0.0027634993386330678,-0.17019191269618528,53698.098826171874,1.2782530205719323e-06,5.972832679748535,9.021252481034026e-06
760,0.59703182880214,-0.003263607740927431,-0.20099141546864188,58458.71418652344,1.2301485287989928e-06,7.56118631362915,9.53437302086968e-06
761,0.9745711175558311,0.0010373983407044648,0.06388885474446088,48628.85187304688,1.3470640189622774e-06,8.97866153717041,8.769063242652919e-06
762,0.9131807843376022,0.001739300373960511,0.10711595015034454,44477.8068359375,1.3928283135170898e-06,8.873291969299316,1.0106482477567624e-05
763,0.6926442886672783,0.004575963012181909,0.2818136724633547,48353.89811523438,1.346042591169807e-06,11.769417762756348,1.3189241144573316e-05
764,0.9973112411617234,-0.0007437571672692941,-0.045804771186111384,52252.27999316406,1.2914256529917552e-06,16.799877166748047,1.9367169443285093e-05
765,0.8597026260865158,0.004717152447579101,0.29050891610854707,49221.105892578125,1.3227499437112028e-06,19.395341873168945,1.9048235117224976e-05
766,0.9912359262223296,0.0019712750522354926,0.12140226230565332,48075.82357128906,1.3291488144945444e-06,32.06795883178711,3.463660686975345e-05
767,0.9556024548496134,0.004149912917201372,0.25557509894337854,47779.0135390625,1.345198220829928e-06,28.98135757446289,2.806462907756213e-05
768,0.9501518053649299,0.005765145201795227,0.3550502347324949,46448.70243652344,1.355871439449458e-06,36.235260009765625,4.1899969801306725e-05
769,0.9416967384598872,-0.013679212442338499,-0.842443237526016,43395.21443066406,1.3936765456219378e-06,52.47108459472656,8.126442844513804e-05
770,0.7049349188906737,-0.029783319746920636,-1.8342252097942424,49104.84140039062,1.333599190950447e-06,62.338409423828125,0.00011410361184971407
771,0.7383720268212087,-0.02681639727787654,-1.6515053506761765,48611.41988867187,1.3345285375424864e-06,44.590179443359375,0.00010085720714414492
772,0.5272873708988254,-0.011921284732836377,-0.7341801107435147,50035.76652148437,1.3207134054069514e-06,19.073713302612305,3.3663913200143725e-05
773,0.9236815447262491,-0.003266685646766076,-0.2011809703111036,45186.60679394531,1.3741043094674857e-06,12.851653099060059,1.840169534261804e-05
774,0.16756018977961248,-0.009789318497266811,-0.6028815769017275,46473.98974609375,1.371448588197328e-06,10.622357368469238,1.6122825400088914e-05
775,0.8021450421097747,-0.004527818190983622,-0.27884864218757205,49967.3527265625,1.3183882081797643e-06,7.975143909454346,1.2809820873371791e-05
776,0.9868583746071163,-0.0012336641298477948,-0.0759760116271008,48164.2868203125,1.3445582798809784e-06,9.60451602935791,1.1858151083288249e-05
777,0.7732641508310288,0.007235206589572005,0.4455849259730193,45507.65795996094,1.375232338844975e-06,7.9496331214904785,1.8917247871286236e-05
778,0.9410923711063102,-0.0015131006225162693,-0.09318529063777904,50286.89335058594,1.31558317556804e-06,6.963274002075195,8.23686241346877e-06
779,0.581949952036136,0.00416202906212272,0.2563212796461713,47350.151670898435,1.345711035222826e-06,8.591592788696289,1.0404687600384932e-05
780,0.9983300041189668,-0.0007303084417732022,-0.04497652263779149,48301.32202734375,1.3407693861334819e-06,17.068296432495117,1.9285724192741327e-05
781,0.9979662359128039,-0.0008450075064355228,-0.05204033949001463,49403.92349316406,1.3434494028886807e-06,19.231698989868164,2.1661771825165488e-05
782,0.9377342864369288,-0.007736840022773513,-0.47647834877048884,48742.71978125,1.3323132544122411e-06,30.061235427856445,4.13320267398376e-05
783,0.9958911957638342,-0.0023719075764087123,-0.1460754781172654,47017.62819726562,1.3559301442423377e-06,39.37089920043945,4.6766872401349247e-05
784,0.9952239352267899,0.0004568819740346405,0.02813737493992896,46874.05307421875,1.358732529216171e-06,34.613365173339844,4.0651902963873e-05
785,0.958167834356704,0.007898977915676512,0.48646371686083906,46497.320064453124,1.367898728058085e-06,58.36917495727539,6.784470315324143e-05
786,0.965193579308004,-0.006740737060067087,-0.4151326968662626,42729.049919921876,1.4066046173782533e-06,52.45119857788086,6.856596883153543e-05
787,0.9375281305726993,0.007817017552774787,0.48141613435104275,49426.12976660156,1.322576063218447e-06,64.56468963623047,6.564481736859307e-05
788,0.9785027821426716,0.00452673740545278,0.2787820813043699,50041.40436816406,1.3113181710967002e-06,55.981082916259766,5.990778299747035e-05
789,0.9971316805904038,-0.0005203952335513029,-0.03204888053271001,50643.45663085938,1.3087585607431533e-06,50.430564880371094,5.498417158378288e-05
790,0.9773012232643316,0.004924691386865326,0.3032903373096578,56949.539640625,1.2230355400774984e-06,45.75339126586914,4.648287358577363e-05
791,0.9946766841948457,-0.002572743361822472,-0.1584440812066786,51527.80544335937,1.2897163691254518e-06,52.32012939453125,6.0611731896642596e-05
792,0.9429441079375422,-0.007611784242587573,-0.46877670682470624,48588.7815859375,1.3298314711008754e-06,34.8896484375,5.237746881903149e-05
793,0.8822640510856617,0.005319794592716752,0.32762302643905344,51928.629796875,1.2879223603898185e-06,26.536861419677734,2.928008689195849e-05
794,0.9882973116163615,-0.0028570888705793203,-0.1759556851811652,54638.68515429687,1.2631372876612615e-06,38.666099548339844,4.4864904339192435e-05
795,0.9596395435614906,-0.004884174769311759,-0.3007950949403102,51111.30426171875,1.2991470416087734e-06,32.69445037841797,4.276719846529886e-05
796,0.8883711829083594,-0.003531000479583084,-0.21745897201793593,55950.492534179684,1.2630434019363378e-06,23.574541091918945,2.60759552475065e-05
797,0.8440404039506161,-0.0057118286714104086,-0.3517667013667859,56947.474453125,1.2300248637707332e-06,20.428306579589844,2.9953082048450597e-05
798,0.6840472541208402,-0.01150134612041761,-0.7083179168709142,58472.75476855469,1.219065200622223e-06,14.546217918395996,3.948829180444591e-05
799,0.7866061277511198,-0.007622855174456964,-0.46945851739865513,46246.51161230469,1.3650006442458003e-06,11.73268985748291,2.821464659064077e-05
800,0.9163645748697311,0.0039066997289963195,0.24059665580974296,42445.275567382814,1.4283300352340354e-06,6.987717151641846,1.5580662875436246e-05
801,0.5413934285928278,-0.009267044544539608,-0.5707169942208407,47994.60055859375,1.3500536632181046e-06,10.554475784301758,2.1638259568135254e-05
802,0.9304690619484564,-0.0020436468615230795,-0.12585932747507378,48520.53944433594,1.340818157434419e-06,7.1458330154418945,1.0516543625271879e-05
803,0.7372552658660989,0.0026848451691653726,0.16534794426959676,49044.66107421875,1.336225441584591e-06,7.120528221130371,8.367290320165921e-06
804,0.383501159457997,0.013671725395439226,0.8419821428499943,51588.19936816406,1.3052066093397624e-06,24.284099578857422,3.0768551368964836e-05
805,0.6593682168810779,0.015537456510129279,0.9568844127897256,51675.67894433594,1.2914819457953164e-06,34.61449432373047,4.209944017929956e-05
806,0.9315067134367148,0.012642870190478477,0.7786194227031865,53437.80111035156,1.2747293496998096e-06,57.407169342041016,5.899933967157267e-05
807,0.9932904713536672,0.004486683563343459,0.27631533926317636,49224.00956933594,1.3284407879929847e-06,56.20534896850586,6.327587470877916e-05
808,0.9971590364228465,-0.00239857603068119,-0.14771787230127445,50501.660907226564,1.3075057082927064e-06,62.49930953979492,7.083523087203503e-05
809,0.6761183237718064,-0.034511669080684364,-2.1254236934555526,52878.308216796875,1.2913041103680387e-06,74.80382537841797,0.00012075139238731936
810,0.9664581767589847,-0.009269581782557417,-0.5708732516822338,52366.36595214844,1.2868010716427115e-06,69.53865051269531,8.370407158508897e-05
811,0.9494072098062344,-0.009691764425086695,-0.5968736456156474,51905.712958984375,1.28299310964856e-06,55.888160705566406,7.244846347020939e-05
812,0.9647196341479994,-0.0038874125890406694,-0.2394088446915703,48458.70320117188,1.3296039087710705e-06,28.27410125732422,3.615352034103125e-05
813,0.9583470394022704,-0.005261493789497869,-0.3240325333736729,45039.19679394531,1.381977850528749e-06,26.673532485961914,4.0441467717755586e-05
814,0.8738359520121146,0.0041997207239452975,0.2586425452707382,43190.31518652344,1.4116760182608159e-06,16.92932891845703,2.062553357973229e-05
815,0.466196200831009,-0.00790171163180988,-0.48663207455537594,47596.61151855469,1.3492914440813614e-06,8.145303726196289,2.0308247258071788e-05
816,0.6993252778029435,-0.002937904296782575,-0.1809327560161786,39895.88944921875,1.4672193963322114e-06,4.6862993240356445,8.20941204437986e-06
817,0.13916496541000695,-0.00909362822365691,-0.560037036772991,47736.994407226564,1.348712079480307e-06,4.53113317489624,1.8211578208138235e-05
818,0.7272504421773264,0.006488700474102482,0.39961085901557947,45567.81734960937,1.3833894129593674e-06,15.487351417541504,1.900949609989766e-05
819,0.9895764617626492,0.0016425574556799493,0.10115797430725144,47043.13741503906,1.3572281762659188e-06,25.16323471069336,2.7906195100513287e-05
820,0.4611021801030697,0.02863100623363664,1.763259229050252,46190.8277421875,1.3721051219451537e-06,28.598791122436523,7.13713452569209e-05
821,0.9669029957200053,0.004896006672074006,0.3015237704039845,51213.36708496094,1.30201350660727e-06,36.99821472167969,3.801978164119646e-05
822,0.9975395098881286,0.0017962905237271026,0.11062572576636329,49293.794318359374,1.3299647894077268e-06,48.2009162902832,5.296419476508163e-05
823,0.9206877532135544,0.005651816296770858,0.3480708000569642,50130.08846191406,1.3065408811901715e-06,28.777889251708984,3.2817191822687164e-05
824,0.866223619682157,0.014875294116639152,0.9161047090683881,46496.330099609375,1.3527451172519392e-06,51.60231018066406,6.163519719848409e-05
825,0.906991612988793,0.012786253280933482,0.7874497640286517,47929.19892480469,1.3370008409360774e-06,67.01031494140625,7.274920790223405e-05
826,0.9946059556182637,-0.003634648931716148,-0.2238422296760509,47414.30516113281,1.3390180857886913e-06,78.74015808105469,9.314318594988436e-05
827,0.9748393722576957,0.007273690429996693,0.4479549784344801,50079.355514648436,1.30835455326685e-06,84.6385498046875,9.046835475601256e-05
828,0.9819716495475279,-0.006223353407696897,-0.3832692865286376,49830.21215625,1.3218606198495355e-06,76.06159210205078,9.326518193120137e-05
829,0.9448511929407326,-0.015226218313896549,-0.9377166050828637,43059.61529101562,1.422289118378857e-06,66.43008422851562,0.0001089127836166881
830,0.9862671266853014,0.0022042762521956123,0.13575179346976565,42240.73932128906,1.4201215862893508e-06,33.08339309692383,3.93783011531923e-05
831,0.8015851070992097,-0.015871519602236595,-0.9774579066249255,44976.506763671874,1.389678696178464e-06,38.28443908691406,7.145815470721573e-05
832,0.8423628203514465,-0.01177282297468785,-0.7250369963492719,47247.05396972656,1.3541533216111335e-06,31.13589096069336,4.8352765588788316e-05
833,0.8077471276626724,-0.004218512934553362,-0.25979987584160713,41840.26179589844,1.426883024862589e-06,8.221510887145996,1.3215589206083678e-05
834,0.3911035039184795,-0.011566166425656528,-0.712309917728645,43033.63908398437,1.4114762146824162e-06,8.525856971740723,2.4448769181617536e-05
835,0.8887963655061372,-0.0017645187575637375,-0.10866904078457722,43343.189646484374,1.3990389336663978e-06,5.167993068695068,7.299479875655379e-06
836,0.592359800320333,-0.006061708518888335,-0.3733142804176177,42944.085916015625,1.4046455623005008e-06,6.491496562957764,1.61535463121254e-05
837,0.9874256064718536,-0.001131822096729378,-0.0697040034644844,43409.93484863281,1.4040856891758397e-06,9.391534805297852,1.2273354514036328e-05
838,0.8999760061095516,0.003722272736519729,0.2292385989563906,50271.239626953124,1.3214086891917926e-06,18.90374755859375,1.82846106326906e-05
839,0.36220560089615855,0.01274983571787633,0.7852069646091677,45783.05278515625,1.3743458631685351e-06,18.018056869506836,2.8800088330172002e-05
840,0.36867618046873213,0.0388869222809608,2.394876520990324,47683.62990136719,1.3412467396408279e-06,53.62162780761719,9.253617463400587e-05
841,0.9960763848779066,0.0022219222463553266,0.13683853355161893,46551.70603027344,1.3581346354325663e-06,52.00879669189453,5.780372521257959e-05
842,0.9881382835541604,-0.0029700718057788754,-0.18291381307894597,46770.942690429685,1.3639670204821127e-06,46.968509674072266,5.547470573219471e-05
843,0.9607767434856425,-0.0062828266802287674,-0.3869319868828585,44735.48275683594,1.3845703917997913e-06,37.95914077758789,5.1819752115989104e-05
844,0.9212075899947377,-0.008924071394170608,-0.5495947686249376,42073.8382421875,1.4363426559133988e-06,28.9786319732666,5.012412657379173e-05
845,0.9931696137076308,-0.001418257308902241,-0.08734430318945206,43442.3745078125,1.4056801440358595e-06,25.601842880249023,3.307444058009423e-05
846,0.9278240742861693,0.0063840153934597394,0.39316375991326685,39314.59234472656,1.474813985735075e-06,29.773113250732422,3.780857878155075e-05
847,0.993587593253367,-0.0028696549065807355,-0.17672957272012438,49730.567739257815,1.3097903970237556e-06,44.164222717285156,5.249055539024994e-05
848,0.9856263077762366,-0.004572326602902982,-0.28158972182154524,48563.63841894531,1.3342985822372656e-06,50.8753662109375,6.349015893647447e-05
849,0.9775676660474824,-0.0023981885491474062,-0.14769400899780005,49332.79745703125,1.3279510044923076e-06,23.42131233215332,2.961557765956968e-05
850,0.9583002877922496,-0.0026821810831268666,-0.16518387478995472,53315.505723632814,1.2902191517897414e-06,17.1549015045166,2.236722684756387e-05
851,0.9821997944409102,-0.0020436480208866517,-0.12585939887523698,52453.99763769531,1.290774710364769e-06,19.193553924560547,2.4088449208647944e-05
852,0.9928296402659111,0.00068270529846787,0.042044851949028995,50330.589765625,1.320872755063657e-06,10.313185691833496,1.0353065590607002e-05
853,0.9967748018044333,-0.00022068975912627254,-0.01359132303492396,49820.18255175781,1.317936973097768e-06,6.944725513458252,7.627040758961812e-06
854,0.9983975408601854,1.8843657973313887e-05,0.0011604989904782591,49216.52908789062,1.3211586976264274e-06,9.082756042480469,1.0350626325816847e-05
855,0.6546466864895548,0.013022532051989779,0.8020011465505906,45372.45045019531,1.3634379435727074e-06,28.774030685424805,4.470010389923118e-05
856,0.9967089719039322,-0.00020280897043153246,-0.012490122978194648,45724.07134863281,1.3690652760472572e-06,21.598661422729492,2.512571336410474e-05
857,0.7425276173031393,0.0042921203033979794,0.26433303375377637,45533.3036171875,1.3692324323354952e-06,12.324013710021973,1.4514596841763705e-05
858,0.8517079101129769,0.002989771155721924,0.18412701041856877,47144.85171972656,1.363458799295015e-06,11.80677318572998,1.169882762042107e-05
859,0.9539757076363657,0.002347697195138508,0.14458446596543392,46794.27266015625,1.3556737648300532e-06,17.929384231567383,1.846627492341213e-05
860,0.9253528633352589,0.0035704939773059576,0.21989120488390904,47321.995953125,1.3526365728176154e-06,19.108266830444336,2.1776599169243127e-05
861,0.9948000025289253,-0.00133544595512872,-0.08224431185069989,46136.39433105469,1.3712373289486995e-06,18.19673728942871,2.2676396838505752e-05
862,0.9403348490852249,0.004548389147687796,0.28011551799916723,45078.9300859375,1.3916110430778759e-06,22.60880470275879,2.7596866857493296e-05
863,0.9216177271935457,-0.007939240591850721,-0.4889433200843902,48156.81559277344,1.3389459952014146e-06,15.219013214111328,3.542771810316481e-05
864,0.9775022742829849,-0.003692838401078257,-0.2274258661731061,42540.656163085936,1.4250600516291498e-06,22.787363052368164,3.375688538653776e-05
865,0.991304842023883,-0.0027929600613281207,-0.1720062705557255,43615.93449707031,1.4034285932621843e-06,26.768186569213867,3.7140580388950184e-05
866,0.4551765114846897,0.02796538753143258,1.7222666662980946,47995.66433203125,1.3417741546059247e-06,35.31829071044922,8.666361827636138e-05
867,0.6527083278754896,0.021706029437230896,1.3367800076222625,44769.47826855469,1.387413404571416e-06,47.44950485229492,8.178239659173414e-05
868,0.9966565416475895,-0.00236874873101976,-0.14588093855970455,48762.225762695314,1.3293150048772148e-06,88.97518920898438,0.00010239921539323404
869,0.9689518952798963,-0.010466545498184283,-0.6445890443160882,51663.99188964844,1.2950140640924338e-06,89.79473114013672,0.00010789694351842627
870,0.8917080889672799,-0.00975380106031784,-0.6006942123368417,50389.46037988281,1.3046544340666482e-06,44.716636657714844,5.792434239992872e-05
871,0.5517892543840156,-0.019585055422229623,-1.2061584368675085,49768.156146484376,1.3094267800100347e-06,28.600141525268555,6.0879439843120053e-05
872,0.8650917404575232,-0.012872282570142488,-0.7927479340240953,44180.29671484375,1.3895367614868773e-06,34.97871017456055,6.474224210251123e-05
873,0.9983523297698261,-1.6075883612187147e-05,-0.0009900437977281077,45219.46568945312,1.379951028303275e-06,33.411678314208984,3.884458419634029e-05
874,0.9050310993980041,-0.006798845742397499,-0.41871135804117704,47010.95115917969,1.3673619854287298e-06,25.9453182220459,4.132408503210172e-05
875,0.9716315525302549,-0.0026660159130608503,-0.16418833222761953,44870.51298144531,1.3896314352173019e-06,18.094873428344727,2.551588295318652e-05
876,0.5928703497422638,0.0111764474783003,0.6883088216772496,42446.1266875,1.428878970657695e-06,24.872211456298828,3.328350794618018e-05
877,0.1333249212964278,-0.029588422860849506,-1.822222357701872,47095.30610253906,1.353278779238018e-06,24.024150848388672,5.778873310191557e-05
878,0.9057499288518033,0.00340221077839188,0.20952737410695432,45955.6256953125,1.3646238806698284e-06,16.996366500854492,1.671635254751891e-05
879,0.9496647586294569,0.0035886780651851894,0.22101108381911905,54398.70549902344,1.2588307759686555e-06,25.61667823791504,2.3338714527199045e-05
880,0.9869309291904007,0.0026251691496503586,0.1616727576099253,49016.46876660156,1.317107636776834e-06,36.465824127197266,3.857973570120521e-05
881,0.7793503205365082,0.012619399339646516,0.777173955016672,50863.930040039064,1.294907094518708e-06,44.32817840576172,4.479301060200669e-05
882,0.9854005593529858,-0.004734815038050117,-0.29159667828507746,47631.06661230469,1.33635941687889e-06,53.94520950317383,6.685981497867033e-05
883,0.9990316081915552,-0.0001353591937052726,-0.008336184400575536,46697.147216796875,1.3499900387954362e-06,72.38014221191406,8.304859511554241e-05
884,0.9865135479442076,-0.005304604271779653,-0.32668752059737927,45691.777849609374,1.36353220666398e-06,78.5819091796875,9.582503844285384e-05
885,0.9763066439062447,-0.007048556556499054,-0.4340899617117995,47346.04503222656,1.3417214758509467e-06,69.44026184082031,8.686700311955065e-05
886,0.9976022435700947,-0.0020385422812358653,-0.12554495856228007,46965.73135742187,1.3573651418670523e-06,59.7555046081543,7.091638690326363e-05
887,0.9932449817036031,-0.001996801478686495,-0.12297432395997,45919.0310546875,1.3645059580584241e-06,36.29756546020508,4.576256105792709e-05
888,0.9441696146512284,-0.0061708889731351855,-0.380038230041033,40593.28405078125,1.444222204495505e-06,29.829145431518555,4.3283602281007916e-05
889,0.9963853540773548,0.0013157567474083578,0.08103173912648913,40959.70458398438,1.4494035427319489e-06,43.84536361694336,5.4962201829766855e-05
890,0.9424612897908659,-0.005001956676137068,-0.30804877064175556,40736.139743164065,1.4631136703240717e-06,23.571701049804688,3.675866173580289e-05
891,0.9508610288304798,-0.004575343628944114,-0.28177552734189265,48195.50272753906,1.344802358762979e-06,28.94395637512207,3.787207606364973e-05
892,0.8266044164847123,-0.0069809897867245995,-0.4299288180408532,46357.95746679688,1.3588214201110462e-06,9.031224250793457,2.143940764653962e-05
893,0.8896699094636434,0.0029610763883443666,0.1823598244178027,48449.27927050781,1.3360382561569307e-06,15.68964672088623,1.7067732187570073e-05
894,0.7447490863700909,0.005970686540386424,0.3677086323893849,46617.79461914062,1.3592982634330613e-06,20.110855102539062,2.1716312403441407e-05
895,0.6142843011936365,0.008902129690224527,0.5482434744486764,46632.735043945315,1.3591537902534044e-06,20.78900718688965,2.739050250966102e-05
896,0.5691411072947612,0.013710617857876277,0.8443773605651177,47615.97751855469,1.3567541968979417e-06,32.395591735839844,3.676864071167074e-05
897,0.9462503311413293,0.005167402231871879,0.3182378433091363,45825.18617871094,1.3707656053042296e-06,31.973108291625977,3.715963248396292e-05
898,0.8609715706726625,-0.010629457466354334,-0.6546220843376123,52712.63014257813,1.2801348015894203e-06,28.68532943725586,4.350686867837794e-05
899,0.9781129421647554,0.00282813424191718,0.1741724954533707,44963.48170117188,1.3951534798935623e-06,35.2995719909668,4.032609285786748e-05
900,0.9492122774474816,0.0090392297028479,0.5566868683199354,46697.08856835937,1.3529482574928917e-06,65.25431060791016,7.132790051400661e-05
901,0.9754452971793224,0.007832148423212431,0.4823479788948574,51107.272220703126,1.3028862965062948e-06,87.12499237060547,9.409055928699672e-05
902,0.9967991429257488,-0.0014247317524039693,-0.08774303602350716,49005.42055664062,1.3263446720775988e-06,60.795387268066406,6.966076034586877e-05
903,0.9785972261892535,0.006606039892366735,0.40683728376982925,42134.39752832031,1.4209312001649246e-06,60.03867721557617,7.167475268943235e-05
904,0.9686987299650118,-0.006463096849068622,-0.39803404303608875,40481.219200195315,1.445814684415828e-06,38.13398742675781,5.507711830432527e-05
905,0.9869399133131689,-0.004972594849055458,-0.3062405033331969,37017.35046582031,1.5238811983583275e-06,51.99604034423828,7.364585326286033e-05
906,0.9749333601560495,-0.007253361521645438,-0.4467030093288762,37175.69924316406,1.5279626305736027e-06,43.61800003051758,6.290859164437279e-05
907,0.9329524297406054,-0.011114892700750438,-0.6845179304762473,39572.1563515625,1.4810136101024214e-06,29.667001724243164,5.1649891247507185e-05
908,0.9701754993799355,0.0024882194796525202,0.1532386226875076,45113.99479394531,1.3918736030830542e-06,19.001550674438477,2.001255597861018e-05
909,0.9625967438922471,-0.003490116630446743,-0.21494111345158,43194.42570117187,1.42074777923005e-06,13.626522064208984,2.008405135711655e-05
910,0.7613231341446153,0.003149804131052456,0.1939827457846705,43783.864724609375,1.399655113140078e-06,9.811627388000488,1.0486220162420068e-05
911,0.9566409769381388,-0.004581440840799088,-0.28215102811846443,45163.93375488281,1.3715130551286287e-06,25.526317596435547,3.5592827771324664e-05
912,0.9817580247925048,0.0022325560428824707,0.1374934228598508,44135.140223632814,1.3996481224701592e-06,28.481494903564453,3.165469388477504e-05
913,0.9941245923006236,0.0007821796072258998,0.048171042259620524,49725.74358203125,1.3213783765199244e-06,30.817562103271484,3.304880010546185e-05
914,0.93637968392402,0.0051519424024027176,0.31728573960839324,50869.91754003906,1.2987997729738196e-06,36.900394439697266,3.847792322630994e-05
915,0.9985203521966621,-0.0011896549096477092,-0.0732656750413772,52636.868557617185,1.2720838586654826e-06,52.94619369506836,5.8649995480664074e-05
916,0.9988555244167666,0.00023811983839892482,0.014664765857358705,58707.539392578125,1.2101795028323071e-06,51.04448699951172,5.309394691721536e-05
917,0.7591107175356583,-0.012836669996115052,-0.7905547103800609,60341.86270703125,1.2040107359974867e-06,30.800840377807617,5.151603909325786e-05
918,0.5070414859943567,-0.02149790561325095,-1.3239625659150709,54641.54096582031,1.2695094282175424e-06,22.436073303222656,6.795523222535849e-05
919,0.6914224830299313,-0.011455624101690117,-0.705502096468579,56220.51488964844,1.2521294856349968e-06,21.45799446105957,4.2819490772672e-05
920,0.729628767468677,-0.01029909024315922,-0.6342762030045938,57362.31091503906,1.24071793697297e-06,19.61771011352539,3.9170805393951014e-05
921,0.9732555734756423,0.0015962648164762282,0.09830701186999145,57066.3161171875,1.2458746271530197e-06,22.95340919494629,2.2848500520922244e-05
922,0.9418061045760582,-0.0038854941484387866,-0.23929069627341654,61941.12747265625,1.1892102078828866e-06,24.354406356811523,3.1649411539547145e-05
923,0.8518771781002443,-0.00910481621881593,-0.5607260567661317,57725.48952734375,1.2234716380662448e-06,23.36626434326172,4.438646647031419e-05
924,0.9737901564591545,-0.0031099068199125775,-0.19152564380552203,55696.45574023438,1.2496097802889903e-06,31.337167739868164,3.8597965613007545e-05
925,0.9943545813618184,0.0010549369918961419,0.06496898403947969,56991.9490078125,1.2336631223852943e-06,30.71266746520996,3.214080788893625e-05
926,0.8659287573323917,-0.012487573445370413,-0.7690553711704269,50593.90641503906,1.3063933710329052e-06,31.55975914001465,6.303103145910427e-05
927,0.7692674862220513,-0.0077025193145496456,-0.47436468552619193,49142.502702148435,1.3210806979599561e-06,20.634931564331055,3.476049460005015e-05
928,0.8679721737232099,-0.0031997382757089025,-0.19705797271493358,40060.45238378906,1.4639746561721061e-06,11.2323579788208,1.6409527233918197e-05
929,0.9648092078107885,-0.0017423346250485653,-0.10730281648646312,46499.73428515625,1.358194604783443e-06,9.576595306396484,1.4564824596163817e-05
930,0.9820185049759304,-0.0009278216438206317,-0.05714050225930552,45979.26149609375,1.372087991525603e-06,9.225860595703125,1.105850788007956e-05
931,0.2798631889166857,0.012550731222516359,0.7729449841491023,49090.864640625,1.3388779292865325e-06,11.46490478515625,3.114447827101685e-05
932,0.9228987007383345,0.006554468190747839,0.40366120682390233,54110.589454101566,1.2792180520988617e-06,38.505611419677734,4.036720929434523e-05
933,0.845645925388998,0.008572022201240514,0.5279135890167825,59610.76065234375,1.2022562003002525e-06,35.28485107421875,3.2340885809389874e-05
934,0.6975382984911572,0.022774067729383448,1.4025558437996364,50353.26567871094,1.3112252703862525e-06,67.1507568359375,6.878075510030612e-05
935,0.8682270379230705,-0.018889323659185536,-1.1633113415848548,47128.48709277344,1.3548533763377559e-06,65.001220703125,0.00010092644515680149
936,0.9820862765198315,-0.007958278193521419,-0.4901157632242126,45330.65934960938,1.366840592348574e-06,72.96675872802734,9.43140039453283e-05
937,0.9874016808148451,-0.005988384482071295,-0.36879857169352226,51451.49944042969,1.2954899865972919e-06,95.0394515991211,0.00011003319377778098
938,0.99865019782358,-0.0024158144663816053,-0.14877951262907527,48714.98734570313,1.3303098527086173e-06,85.29912567138672,9.727013093652204e-05
939,0.7749279919178924,-0.0203591165810644,-1.2538294991776155,49308.932360351566,1.3249636303037325e-06,30.499942779541016,7.257705146912485e-05
940,0.9137878708788438,-0.0291972634692399,-1.7981325509498125,46703.485129882814,1.3495675539985929e-06,25.04159927368164,0.00010047084651887417
941,0.7344198437257249,-0.01101214077330168,-0.6781898858766876,50527.02155859375,1.2995475676137163e-06,17.574289321899414,3.807300527114421e-05
942,0.7199553257141339,-0.006067631582761407,-0.37367905617691954,49135.00903222656,1.328650856779516e-06,11.875640869140625,2.37789918173803e-05
943,0.9887862709139131,0.0012226276605022833,0.07529632345020604,50623.55284863281,1.308680573188256e-06,16.980594635009766,1.86496017704485e-05
944,0.45419860131151,0.02086697738444088,1.2851064386368511,49487.24611621094,1.3050285219155526e-06,16.169269561767578,5.3545532864518464e-05
945,0.6370095535036013,-0.007826579075548228,-0.4820049869794299,58589.406866210935,1.2257250503971418e-06,14.052996635437012,2.7141788450535387e-05
946,0.8699619813892978,0.0053512908855706184,0.3295627462170543,53290.35688085938,1.2758068354452677e-06,26.39521598815918,2.9230073778307997e-05
947,0.9919691174757868,0.001583035625444479,0.09749228349512226,57331.352676757815,1.2321514529860303e-06,29.170467376708984,3.0346171115525067e-05
948,0.9548043942613866,-0.0033132086452551997,-0.20404611957549323,54651.0375390625,1.2612218434731194e-06,31.514951705932617,3.768613169086166e-05
949,0.9117255733358236,-0.006610598239039687,-0.40711801252852897,51700.11584960938,1.2817862107931577e-06,30.961532592773438,4.2991403461201116e-05
950,0.6823986459607395,-0.010779509033612864,-0.6638631081648232,51173.05552050781,1.2998523874014492e-06,18.299335479736328,3.892471067956649e-05
951,0.2781027595785818,0.010176385893738232,0.6267193754591133,47482.76183691406,1.3479225044973294e-06,17.327138900756836,2.322941872989759e-05
952,0.9663678087547333,0.0018450197648294875,0.11362674792385387,48581.891827148436,1.329896679491546e-06,20.207786560058594,2.0131437850068323e-05
953,0.9974921810633098,-0.0005411207732250383,-0.03332527643750456,47867.4890703125,1.3439593164876464e-06,19.99530601501465,2.40449771808926e-05
954,0.8171236388545147,0.006860676143930856,0.422519223725321,50466.894752929686,1.30835133008328e-06,31.261425018310547,2.558865526225418e-05
955,0.9691802011890303,0.004795063623057404,0.29530712676475784,51888.283563476565,1.2789624051791662e-06,52.628089904785156,5.628505823551677e-05
956,0.9524435113969263,0.006305039821233672,0.3882999976877696,51040.13412792969,1.2992145048223166e-06,57.619327545166016,5.529031477635726e-05
957,0.9881885805343161,0.0035813043984654377,0.22055697173554625,48056.865751953126,1.3293282260848424e-06,74.10549926757812,7.994250336196274e-05
958,0.9940439779905834,0.0023768406054897858,0.1463792819369215,50734.81613085938,1.2961361421904367e-06,85.7804183959961,9.204517118632793e-05
959,0.9268184073041487,0.010043975463140335,0.6185647925615005,52301.16202929687,1.2829059057556372e-06,80.49181365966797,7.85016527515836e-05
960,0.9980884354904173,-0.0020171602336942814,-0.124228131191421,53625.35325976562,1.2774516936689998e-06,130.0408477783203,0.0001421801862306893
961,0.9914286076887907,-0.0033890144989810983,-0.20871467261576987,51297.36810742188,1.3008193002640822e-06,55.692848205566406,6.754108471795917e-05
962,0.9912783549625899,-0.0024281130042897317,-0.14953692612315123,51485.9536875,1.2858424101091912e-06,47.98556900024414,5.803031308460049e-05
963,0.9980451345110913,-0.0006068278263331579,-0.03737188824224346,51330.907875,1.2981134394276981e-06,40.855865478515625,4.791970786754973e-05
964,0.9572225157302291,-0.005485190288305287,-0.33780902843674243,48395.74185253906,1.3337559065194448e-06,36.531883239746094,5.060496914666146e-05
965,0.9972600464108706,-0.0007709662295424195,-0.047480459067123636,51580.671046875,1.2875544913730707e-06,26.965850830078125,2.9940996682853438e-05
966,0.7954499374525434,-0.010011514030081827,-0.616565633993285,51301.2361015625,1.3054836446363348e-06,27.296342849731445,5.3462259529624134e-05
967,0.9267342664188227,-0.007526548672279064,-0.4635274185264393,51285.24299414062,1.3019093510307286e-06,41.8468132019043,6.252656021388248e-05
968,0.900101374180604,-0.007193310796153395,-0.44300474615674174,50918.362908203126,1.30052213632073e-06,32.919677734375,5.047955346526578e-05
969,0.93200103459323,-0.005114579243878993,-0.3149847050741607,51610.252703125,1.2904232445997446e-06,28.0205078125,3.8734578993171453e-05
970,0.9957575052160312,-0.0013533085864156221,-0.08334439367160175,55156.80135546875,1.2490648485082147e-06,33.7730827331543,3.802875289693475e-05
971,0.9952094541078463,-0.0012701944458868887,-0.07822575501266094,57856.89215136719,1.2312642558391939e-06,33.698974609375,3.808666588156484e-05
972,0.9969660218583678,0.00040194333314842756,0.02475394283895428,57224.120634765626,1.231371002571933e-06,40.43910598754883,4.109208384761587e-05
973,0.9140151473649849,0.004916254632520083,0.3027707542799492,54250.78555664062,1.2589094575684061e-06,37.65773391723633,4.020321648567915e-05
974,0.8227315054559718,-0.011138267142404037,-0.6859574607405098,55023.382125,1.2632406932424318e-06,41.70774841308594,6.633415614487603e-05
975,0.9996242536294947,4.7874511978889144e-05,0.0029483831058609257,54559.86073925781,1.2441267265656995e-06,22.78615951538086,2.510561353119556e-05
976,0.6377636605604675,0.00597982532961426,0.3682714506961126,55951.60982421875,1.243967170113725e-06,19.83677864074707,2.5757995899766684e-05
977,0.6147936164676415,0.00657275139345321,0.40478718981045086,54618.19864257812,1.2650384718113378e-06,23.11846160888672,2.5141269361483864e-05
978,0.95279694444208,-0.0028394857625955536,-0.1748715862724835,59297.83715234375,1.2158670463847054e-06,21.254804611206055,2.527055039536208e-05
979,0.8906329247043439,-0.004937452097449065,-0.30407621400998774,48089.59877539062,1.327104704824288e-06,18.764385223388672,3.0464243536698632e-05
980,0.9864095535204065,-0.003094107977156339,-0.19055266174995172,51704.996787109376,1.294624414797565e-06,47.83209228515625,5.781483559985645e-05
981,0.9908427918932082,0.00317827369502837,0.1957360624867776,50570.81166601562,1.2838578451094728e-06,62.11104202270508,6.587788084289059e-05
982,0.9897306661172057,0.002160676015877968,0.13306664442371013,50082.090974609375,1.3101714960492852e-06,53.227745056152344,5.745353701058775e-05
983,0.9892065743530936,0.002552219634421252,0.15718011404256976,48398.445313476564,1.3430477205076361e-06,71.37034606933594,7.675829692743719e-05
984,0.8697369098426224,0.011320338917269322,0.6971704699781526,54243.272458007814,1.2664435526989767e-06,70.1785659790039,7.523016392951831e-05
985,0.9979016225923927,-0.0012324752009334956,-0.07590279066295738,49696.26693847656,1.3144095618669972e-06,95.9289779663086,0.00010906608804361895
986,0.9965104476572855,-0.002382316247470835,-0.1467165029266161,49226.12600976563,1.3179138117708744e-06,90.68071746826172,0.00010716001270338893
987,0.8128883995010214,-0.02364917686256786,-1.456450011644173,53310.16617871094,1.2696057225834345e-06,65.17001342773438,0.00011226447531953454
988,0.8387834798842189,0.011634859254806961,0.7165404105021325,54820.6465234375,1.2500481001527271e-06,60.323551177978516,5.90003292018082e-05
989,0.9363756124913827,0.009374072588709528,0.5773083862630838,51514.7958984375,1.2916460384700198e-06,80.48985290527344,8.332012657774612e-05
990,0.8736573985950442,0.012634618517863206,0.7781112380527676,46105.98304492187,1.3636636167556532e-06,74.6690444946289,8.292991697089747e-05
991,0.98439666161383,-0.005639294939083906,-0.3472996640611982,48769.665107421875,1.3234938541914539e-06,67.53740692138672,8.321968198288232e-05
992,0.9721453117719118,-0.007363438304434345,-0.45348215993129787,47915.38331347656,1.3381379920303112e-06,57.21760177612305,7.75628795963712e-05
993,0.9528995298056573,-0.006889929782804332,-0.4243208281923815,47409.54996777344,1.3482255313783762e-06,43.4562873840332,6.169143307488412e-05
994,0.9861774896745602,-0.0037182393769832406,-0.22899020187356525,45140.960354492185,1.377644912190068e-06,45.783756256103516,6.05254499532748e-05
995,0.9717643186998398,-0.005574148594600904,-0.3432875838635562,43389.95508007812,1.3986058020231468e-06,38.686038970947266,5.705422518076375e-05
996,0.9948697955079352,0.0007691914360907656,0.047371157252589086,48666.43715917969,1.33918238108657e-06,25.21981430053711,2.8247675800230354e-05
997,0.9883658311033521,-0.001955265036936502,-0.12041627505103787,44557.37630371094,1.38998542764525e-06,28.850446701049805,3.828737317235209e-05
998,0.9175560192124774,0.004330853670734291,0.26671845349315343,42593.869059570316,1.4107097999229796e-06,24.150941848754883,2.616427264001686e-05
999,0.9254257966216819,0.004464079390394944,0.27492324650048144,43983.47023828125,1.4073298241926748e-06,33.127193450927734,3.782187559409067e-05
