state_idx,cos_sim,mean_A,mean_safe_delta,mean_sigma_i,mean_alpha_i,v_unbiased_norm,v_intentional_norm
0,0.7406768888849676,-0.011142886780997877,-0.5418924508333548,43980.853295898436,1.285230375238565e-06,10.594176292419434,1.717407394608017e-05
1,0.5205369329414449,-0.05174094933696627,-2.516226754853755,67052.33964355469,1.0409136962329317e-06,52.4268798828125,8.382184023503214e-05
2,0.7549771256151844,0.041759114288198014,2.030797694619966,52348.673626953125,1.1726790473681556e-06,29.90526580810547,6.6531021730043e-05
3,0.7919454732557075,0.08658452766558257,4.210713329777652,58455.81102539063,1.11405283900788e-06,90.20161437988281,0.00016897980822250247
4,0.510139077888415,-0.03669623746359542,-1.7845836941842907,81560.96933300782,9.459801022400716e-07,60.068119049072266,6.664312240900472e-05
5,0.6599757905762375,0.07823464804645379,3.804648292960686,49172.64727832031,1.2245574120295422e-06,56.079254150390625,0.00013700744602829218
6,0.9063220373964913,0.009759064981881636,0.4745954746567228,34980.95035791016,1.4265026890541402e-06,15.041224479675293,2.5851546524791047e-05
7,0.7332752396899442,-0.006368951361788959,-0.3097300305127196,35433.39439794922,1.4120225688784567e-06,12.294788360595703,1.136582977778744e-05
8,0.8040629678052593,0.06690872329056351,3.253854477628217,42878.635381835935,1.3093245343728628e-06,74.28649139404297,0.00016051404236350209
9,0.5792110464077393,-0.05740178734726175,-2.791520351877535,34556.71531347656,1.4923189675608002e-06,33.43195724487305,7.586532592540607e-05
10,0.9111884736759661,0.029159571415595466,1.418066245328233,56270.26170019531,1.1502994603493405e-06,57.25893020629883,5.878756201127544e-05
11,0.019651289350161947,0.04446621708045701,2.162447472239234,28539.508596191405,1.578089370456109e-06,7.067756652832031,4.7692039515823126e-05
12,0.9570036994942123,0.002753338561875659,0.13389828063344741,18229.49669921875,1.9841387557838043e-06,6.721045017242432,1.2492793757701293e-05
13,0.8307962711414226,0.009625809096990196,0.4681150751452666,21796.892459472656,1.815647887969597e-06,7.02229118347168,1.4338564142235555e-05
14,0.9906917358853715,0.0009135207974801522,0.04442565320487167,30399.475523925783,1.5572336922548285e-06,4.307504177093506,6.003787348163314e-06
15,0.500204021583437,-0.04478022126661751,-2.1777178865721347,32616.52697705078,1.503761011283611e-06,6.224492073059082,2.7344378395355307e-05
16,0.8534586046770098,0.01662185466010479,0.8083414770506516,32174.8552253418,1.5216241766069787e-06,10.068342208862305,1.5103292753337882e-05
17,0.7170081892109218,0.023175153666022023,1.127036562907232,48066.577753417965,1.2647542590475502e-06,6.543548107147217,1.5795440049259923e-05
18,0.7885727156134309,0.04566450223049322,2.220721570281553,38064.15726660156,1.4284246418656104e-06,7.705714225769043,4.4758991862181574e-05
19,0.876435158384211,-0.044088612876281415,-2.1440841098837415,43328.68237353516,1.314194079845271e-06,97.7163314819336,9.773359488463029e-05
20,0.3821942182093403,0.021696111432388875,1.0551088985037598,24115.02233203125,1.7126927582688666e-06,5.173829078674316,2.927395144070033e-05
21,0.6259119872041826,0.010450978709422175,0.5082441002733431,18418.31551538086,1.984207716532605e-06,3.5665841102600098,1.3023352948948741e-05
22,0.17471922322534542,0.010102330340362143,0.4912888962133702,19627.185087890626,1.9046841697503528e-06,1.8032445907592773,6.49022831566981e-06
23,0.6000787932326787,0.006675754136238382,0.3246502312323738,22120.822478271486,1.8364733645157417e-06,1.5311039686203003,4.3302438825776335e-06
24,0.06074123425447273,-0.01430795923811204,-0.6958138631710963,21349.794849121095,1.8449703360967901e-06,2.498196601867676,6.652193860645639e-06
25,0.9514604407045651,0.003996292433809125,0.19434467420925255,21343.536587402345,1.856412282534579e-06,4.141563415527344,7.025559625617461e-06
26,0.4490517518276236,0.032247567537637974,1.5682393395744316,23071.333728515627,1.784836958650111e-06,5.938953876495361,1.92575989785837e-05
27,0.8495070805235285,-0.005641408758334558,-0.2743487283223477,31694.484433349608,1.5204007392319148e-06,4.593510150909424,5.7973279581347015e-06
28,0.8587239089440744,-0.004300659839649297,-0.2091464399227646,44262.19986572266,1.29060723834567e-06,3.611159086227417,4.20531887357356e-06
29,0.4893893725804905,0.01456897013673861,0.7085071479841635,63448.46841308594,1.1096911056416566e-06,8.170355796813965,9.717590728541836e-06
30,0.4421225761381937,-0.03701269796524085,-1.7999735621959658,47912.84831347656,1.2771793880756057e-06,19.696744918823242,3.4338649129495025e-05
31,0.7729385203199081,-0.1503438803762396,-7.311409996896811,34852.63510742188,1.4795668368049513e-06,207.73426818847656,0.0002555245882831514
32,0.4568767374928183,-0.21427200068718724,-10.420314042439546,54422.16562109375,1.1565417147024554e-06,62.43519973754883,0.00020022749959025532
33,0.8394978426355137,-0.018877239765385766,-0.9180236614158331,24131.017184082033,1.7120636852748033e-06,22.6954288482666,4.346609057392925e-05
34,0.6418186379404446,0.05122712639845643,2.4912389059313096,23778.47437060547,1.7417926011056686e-06,11.185473442077637,5.535453601623885e-05
35,0.33366084081694275,0.03923858971189635,1.9082214478284238,23981.23222290039,1.7411507372404651e-06,7.6977620124816895,3.459909203229472e-05
36,0.027571787340577063,-0.05766374305647455,-2.804259584005172,24356.39442895508,1.724578553904497e-06,15.003093719482422,3.997412204626016e-05
37,0.04017686814803799,-2.8258100656189775,-52.43649506234658,22916.03099902344,1.781285337846875e-06,232.15480041503906,0.0009584413492120802
38,0.604813543957684,0.014305912058068805,0.6957143062579974,54049.224467773434,1.165746191557542e-06,19.560922622680664,2.2494605218525976e-05
39,0.8038107303634313,-0.05264202769490872,-2.5600473167400177,71202.71809570312,1.0032016806338108e-06,82.93415832519531,0.00013361888704821467
40,0.5445096880870098,0.039161432064828014,1.9044691754332936,63268.112083007814,1.0723664587298497e-06,39.1581916809082,5.52047167730052e-05
41,0.7872638127849019,0.0253691921134764,1.2337353829599647,61556.57187988281,1.0790661598399305e-06,32.90689468383789,5.928087193751708e-05
42,0.37885278465226363,-0.013746996092452295,-0.6685335273117091,59394.3509140625,1.1020547117098292e-06,16.000991821289062,2.211589162470773e-05
43,0.6048550418605808,-0.014517872840772633,-0.7060222228937301,40714.81959960938,1.3452931663468848e-06,14.48955249786377,2.4384435164392926e-05
44,-0.06991001563475055,-0.03958400200849844,-1.925019277657663,34982.28132470703,1.4395346713096905e-06,28.233051300048828,5.433052501757629e-05
45,0.8269381823013192,-0.008463992077828518,-0.4116144676898399,52309.09603759766,1.187440977831632e-06,11.456613540649414,1.1336531315464526e-05
46,0.9070230265990381,0.004825640793042495,0.2346769169944876,76827.02915478515,9.866738032368958e-07,8.557135581970215,9.806881280383095e-06
47,0.9985403442592429,0.002489195442152706,0.12105267201059636,60264.259427734374,1.101893068645529e-06,92.85281372070312,8.287472155643627e-05
48,0.9508638565126956,-0.0163131472931762,-0.7933286536285808,27586.707828613282,1.6240168813973834e-06,54.91932678222656,8.26437899377197e-05
49,0.9441418134503321,-0.007299749661413038,-0.35499591014769527,47330.29343212891,1.2627426879229059e-06,24.533567428588867,2.3322867491515353e-05
50,0.7471894986800932,0.019075235536325046,0.927652442150812,29006.745078125,1.5631963000837934e-06,23.06060028076172,4.475195237318985e-05
51,0.9862834302111344,0.0057621833642178405,0.2802221477034126,17571.049079589844,1.9941950639115166e-06,43.07469940185547,8.016925858100876e-05
52,0.986951555840766,-0.0074468515696551095,-0.362149659005262,30260.566982910157,1.557331955732982e-06,28.882810592651367,4.09967869927641e-05
53,0.9327900053330931,0.006898468537449274,0.3354811097183567,32802.300451171875,1.5014257685897319e-06,17.549787521362305,2.3563194190501235e-05
54,0.9942959400060594,-0.0023050095782038774,-0.11209548423818759,75515.44338671875,1.0013208041970679e-06,18.618614196777344,1.472662825108273e-05
55,0.9958376175103067,0.0007878376337715487,0.03831352454834719,58953.68445410156,1.12796963589104e-06,15.637514114379883,1.4513892892864533e-05
56,0.8366865691545963,-0.032660225572853675,-1.5883074133558548,42133.15056640625,1.3411730027403621e-06,28.005367279052734,4.519409412750974e-05
57,0.8280532373388021,-0.05904873091917182,-2.871613267304848,49767.94322314453,1.2134101466281512e-06,54.787353515625,7.887906394898891e-05
58,0.7439124502568591,0.017108649766693126,0.8320149288721923,24811.14186230469,1.6898317688136558e-06,9.127806663513184,3.170229319948703e-05
59,0.9093896575696558,-0.004175571212431974,-0.20306322431567714,23893.90945678711,1.739223597133973e-06,5.378568649291992,8.850796803017147e-06
60,0.9879671137072,0.002585777124121311,0.1257495593950061,25172.652052490233,1.7228265254173656e-06,8.968951225280762,1.2564287317218259e-05
61,0.7136213278790442,-0.01972454310013105,-0.9592290770041335,23664.715417480467,1.752909156694715e-06,8.63215446472168,1.7857599232229404e-05
62,0.4869775926933979,-0.019706095331271704,-0.9583319390473296,19757.21833300781,1.9050459261717782e-06,5.364651679992676,1.5056003576319199e-05
63,0.9013117638979472,-0.005265329872449493,-0.2560595440934934,20816.073684570314,1.8711380569455502e-06,5.057549476623535,8.274573701783083e-06
64,0.3522717409322519,-0.03934300463045341,-1.9132992752561369,23375.64247216797,1.7553476420579817e-06,9.038423538208008,2.853287514881231e-05
65,0.9984014751076086,0.003685870759416163,0.17924848188183382,32312.49048852539,1.5094113534665975e-06,40.416603088378906,5.778934792033397e-05
66,0.9012468739016964,0.06376387278218454,3.100916483822506,37743.7303984375,1.4054917199163572e-06,85.30329132080078,9.876702097244561e-05
67,0.5647390091704304,0.05494124156731254,2.6718609485927294,64285.52540136719,1.088979181851565e-06,27.982877731323242,3.978995300712995e-05
68,0.6082485590977389,-0.02669994353684907,-1.2984514807211958,71379.1685649414,1.0240834648039876e-06,18.64381217956543,2.0946599761373363e-05
69,0.5425385606023992,-0.1177125512245118,-5.72450785246022,51048.24256347656,1.194022665168898e-06,111.37616729736328,0.0001468216214561835
70,0.30487159921609913,-0.05696070427358073,-2.770069933102239,43971.7509140625,1.2810390227274361e-06,15.55671501159668,5.4427568102255464e-05
71,0.4054131408859984,-0.040518176455144855,-1.970449343523753,25589.584631347658,1.6931607808311794e-06,16.018041610717773,4.3842705053975806e-05
72,0.9573261431277755,0.020288103243864312,0.9866357081116485,23645.49316870117,1.750808241457536e-06,33.48523712158203,6.034299804014154e-05
73,0.23705363044552552,-0.05172853126090119,-2.515622848361139,22102.206145019532,1.8238398641479347e-06,33.02833938598633,6.116315489634871e-05
74,0.3031677524941094,0.06695599523338377,3.256153371034747,17997.20071166992,1.985337913151165e-06,16.76712989807129,5.580754077527672e-05
75,0.6892625051444868,-0.015782335876503354,-0.7675146338718969,20696.84872265625,1.8469957474320037e-06,13.989811897277832,2.4096802007989027e-05
76,-0.25448607781470683,0.09925455620375673,4.8268725847014355,22001.195032226562,1.7956660987655078e-06,20.498624801635742,0.0001125501876231283
77,-0.1384036918553339,0.0418455099199786,2.034999221707787,20341.06723852539,1.880982010492153e-06,7.043493747711182,3.834660674328916e-05
78,0.11084471199073011,0.0328289277236019,1.5965116088867395,20895.452639160158,1.8555798050820241e-06,5.512881755828857,3.6408400774234906e-05
79,0.8275252704155334,0.03344915648341842,1.6266741053151748,23688.57702807617,1.7349993567902355e-06,7.744716644287109,3.789854235947132e-05
80,0.6828087758775104,0.029078362609506886,1.4141169600285175,32228.60241870117,1.5107337468315807e-06,10.66681957244873,2.8145714168203995e-05
81,0.8929186637582469,0.026646372322523787,1.2958462459023021,53644.729612792966,1.1828561792892724e-06,25.681392669677734,3.351619670866057e-05
82,0.9559974511888424,-0.01832088955016843,-0.8909676581043835,53442.7502421875,1.1951830792929768e-06,29.0671329498291,3.0510916985804215e-05
83,0.813813642349489,-0.1042039833728999,-5.067569387210633,42800.75577636719,1.3345592065365409e-06,149.93896484375,0.00017205059702973813
84,0.6848153494186916,0.05919790006594202,2.8788675485445956,37894.1176171875,1.3711049831317099e-06,17.552064895629883,5.5705473641864955e-05
85,0.6470363368422041,0.008976796118672413,0.4365527663508319,16394.239238769533,2.0835188089594025e-06,5.390105247497559,1.3439446775009856e-05
86,0.7870065484581927,0.009607837112298828,0.4672410751646375,16792.225990722658,2.0768175223288495e-06,4.781122207641602,1.269901440537069e-05
87,0.4800021430867732,0.041828299842219425,2.034162274209419,18258.335924072264,1.9931462396065918e-06,9.11296558380127,3.4002579923253506e-05
88,0.8140210625787275,0.020419015133149865,0.9930021161998244,14504.222708496094,2.204279448203895e-06,3.178201198577881,2.3601507564308122e-05
89,0.9503604054818988,0.0010673099587579253,0.05190461149946141,15145.650712890625,2.158607319518696e-06,0.9889621138572693,2.3355714802164584e-06
90,0.941728033470138,0.0010924391398957783,0.05312667484999713,14343.807247558594,2.234410730551024e-06,1.066179633140564,2.7320204480929533e-06
91,0.8432773040846795,0.00390656403329792,0.18998107043062568,14782.252762695312,2.190367406006744e-06,1.2866997718811035,5.227609563007718e-06
92,0.6488168771552935,0.013371693234425941,0.6502820822833453,15634.110927490234,2.1481256271104304e-06,2.500905752182007,1.4860439478070475e-05
93,0.628118736065597,0.0072863182772307505,0.35434272522033544,18262.544275878907,1.974833790649731e-06,1.9786406755447388,7.666488272661809e-06
94,0.9822524392632951,0.0021854274350047048,0.10628005580140135,27818.36781689453,1.6354148099680323e-06,5.352473258972168,7.214272045530379e-06
95,0.9096255670832603,0.028680833378361865,1.3947846188159665,45363.67322949219,1.2801800464077442e-06,27.27227210998535,3.5752414987655357e-05
96,0.09441391148801025,-0.057811688953818614,-2.811454377103064,42154.145736816405,1.360105278833018e-06,28.95846939086914,5.081162817077711e-05
97,0.7841033103376591,-0.2903330009294776,-14.119255137705709,30967.818892578125,1.5402657863874922e-06,272.0353698730469,0.0005553131923079491
98,0.44381954922751166,0.0698889657233794,3.3987873758741376,35835.25575683594,1.4117655309179695e-06,18.760814666748047,6.660610233666375e-05
99,0.4883881684664785,0.025908168466350828,1.259946473724919,16602.13137890625,2.074429708271991e-06,7.512125492095947,3.385751188034192e-05
100,0.5648193906600975,0.03546838803007456,1.7248718482450842,15285.506580322266,2.1484995093790545e-06,7.073046684265137,2.7710975700756535e-05
101,0.5446032895115115,-0.019717744518632077,-0.9588984535253997,15773.036861328124,2.1594407529000086e-06,6.9593119621276855,1.5856958270887844e-05
102,0.594447499810859,0.05323863607224648,2.5890611245743207,14843.241299926758,2.1883235560324848e-06,9.667645454406738,3.9120855944929644e-05
103,0.4041447051313833,0.03917072348718616,1.9049210288652043,15354.631321289062,2.1745110355446265e-06,4.391219139099121,2.833974576788023e-05
104,0.5372705206930278,0.012484665708553621,0.6071448298460956,15231.237231689453,2.1904699528579396e-06,1.6824069023132324,9.448043783777393e-06
105,0.5860909227075537,0.0064438253439406895,0.31337124544106687,16612.61514916992,2.089443472784929e-06,1.839173436164856,4.750149855681229e-06
106,0.998093740072688,0.0002691439075768294,0.013088803159374197,17106.024104736327,2.0496210773284323e-06,1.6878215074539185,2.9138955142116174e-06
107,0.4787267700413677,0.010692450284635753,0.519987163473287,18964.241997314453,1.9633084490820783e-06,1.7236137390136719,6.778764145565219e-06
108,0.20363428359600727,-0.04009572248530636,-1.9499048812511532,21111.789407226563,1.8614740139983075e-06,3.3940482139587402,2.5827222998486832e-05
109,0.9934783612362091,0.0018749959475717888,0.09118338625363788,43721.98230053711,1.2999084609834756e-06,9.952981948852539,1.0747654414444696e-05
110,0.8179040519016499,-0.04342388731384004,-2.111757678569981,59063.95458984375,1.1374542364470468e-06,41.4260368347168,3.961559559684247e-05
111,0.47477729892791776,-0.12031028748316919,-5.850838999450161,29626.272475097656,1.6055982121874158e-06,46.9756965637207,0.00015102096949703991
112,0.7470591201817909,-0.12137940439597769,-5.90283148537375,60472.31200097656,1.0998431403218025e-06,110.7205810546875,0.00015036523109301925
113,0.7634698410398069,-0.022811018892825437,-1.1093282357421712,31501.14207861328,1.5000673776080345e-06,22.814973831176758,4.085122418473475e-05
114,0.7230628465803364,0.041946429399738985,2.0399070615969475,20023.632994628908,1.8933604164236346e-06,47.2323112487793,8.013813203433529e-05
115,0.7241780017737381,0.030736107108421958,1.494735137977208,21310.432039550782,1.834703489837082e-06,19.210670471191406,3.609808481996879e-05
116,0.9970044786462363,-0.0018082555758156301,-0.08793771892063146,23612.626241455077,1.7470485162202688e-06,12.98593807220459,1.827672531362623e-05
117,0.12128469523503474,-0.02594076628623638,-1.2615317462720408,18355.878634277346,1.9668609963426178e-06,6.134387493133545,3.125728471786715e-05
118,-0.46511669914104703,-0.05785200013710707,-2.813414760111301,17163.290531738283,2.032550747852072e-06,14.820430755615234,7.781235035508871e-05
119,0.46004670341069415,-0.01300174606846413,-0.632291091224927,17071.17994140625,2.0402445495768833e-06,12.040414810180664,1.611729931028094e-05
120,0.5461057094265901,0.06268117771835219,3.048263675517409,18472.38194140625,1.974078114033084e-06,17.156448364257812,9.900843724608421e-05
121,0.9435501090010487,0.004738401581899519,0.2304343655924888,19924.685885009767,1.9012085895555213e-06,11.02144718170166,1.781628634489607e-05
122,0.9740094798006415,0.006552525826613356,0.3186574851848566,23153.336147460937,1.7746481762851435e-06,20.62601661682129,2.8998993002460338e-05
123,0.9776653951674898,-0.00899004549291431,-0.4371970999082898,32863.04633984375,1.5043097561085968e-06,21.58856201171875,3.064642078243196e-05
124,0.9622452575417026,0.013219551244514918,0.6428832279821295,42560.81195507813,1.3474774117127917e-06,26.799266815185547,2.9470742447301745e-05
125,0.7389266026166317,0.10083910104358626,4.903930972136086,46704.46268261719,1.2569116786117371e-06,73.10617065429688,0.00011952821660088375
126,0.9569911153691733,-0.0128625985836865,-0.6255241758792527,50286.67807128906,1.20230089454295e-06,70.3641357421875,7.82471033744514e-05
127,0.9034619143736762,0.00471357590246501,0.22922706190747685,32563.802826171875,1.4948419368338556e-06,13.5665922164917,1.6557729395572096e-05
128,0.8179666251388488,-0.013719501738218684,-0.6671964426502066,25867.667013183593,1.6643054379304884e-06,15.817717552185059,2.9328675736906007e-05
129,0.12650859310514845,-0.013826626064954927,-0.6724060319693735,33079.03961474609,1.4874053815283282e-06,9.70445442199707,2.0539508113870397e-05
130,0.9933377502053717,0.0005024194465945948,0.02443328291962609,52697.795869628906,1.1801443776995875e-06,6.317417621612549,6.465889327955665e-06
131,0.6234401841016065,-0.03265468683523196,-1.5880380576526745,89078.32811230469,9.218127578996191e-07,43.93479537963867,5.140028224559501e-05
132,0.7221164984299296,0.0749295519823755,3.643917358365059,41454.93298730469,1.344201974785487e-06,43.32714080810547,0.00013031858543399721
133,0.9299679326762185,-0.028366919907460108,-1.3795186160789878,32837.33666552734,1.5191718204831042e-06,54.39952850341797,7.78539979364723e-05
134,0.60146873595968,0.01729778852899407,0.8412129822550578,42689.08199267578,1.3041887833123112e-06,10.894493103027344,1.56644109665649e-05
135,0.9464105113255621,0.003607324033966901,0.1754286568764124,35267.393982421876,1.4316176911295978e-06,14.321061134338379,1.9414206690271385e-05
136,0.5183571698055449,-0.01518645302392071,-0.7385361092093082,22706.95136328125,1.780284992052666e-06,8.228069305419922,1.602167685632594e-05
137,0.4966847139196351,-0.019469384208318438,-0.9468203825649103,29877.64841040039,1.5758873895824668e-06,4.9894843101501465,1.6172210962395184e-05
138,0.9324902110572829,-0.004747375152145928,-0.23087076148065708,28674.858877441406,1.629631137183709e-06,7.4203667640686035,1.0857733286684379e-05
139,0.6781500534048228,-0.019056734636175028,-0.9267527203532244,77118.68866113281,9.71111539107445e-07,13.327494621276855,1.559902011649683e-05
140,0.7503238942755274,0.01451825470790493,0.706040793567585,96010.198890625,9.033820976566636e-07,15.038113594055176,1.4516526789520867e-05
141,0.5961562434525174,0.040320278427549414,1.9608253161692208,52722.01900976562,1.2076276425037955e-06,35.044376373291016,3.648480196716264e-05
142,0.8705986435411533,-0.02486698468557669,-1.2093124107733155,40632.93815625,1.3354307837689568e-06,37.13113784790039,4.0665669075679034e-05
143,0.6849720351222446,0.025731207787951894,1.2513406557171238,34067.24120410156,1.4446089980450333e-06,13.449319839477539,3.436159386183135e-05
144,0.8261940440271394,-0.005942038343059446,-0.2889687191435229,20400.674688476563,1.858614862932034e-06,5.618077278137207,1.1224180525459815e-05
145,0.970014269766532,0.0018905710687831712,0.09194082378047837,21019.21582128906,1.8595636366376546e-06,5.925459861755371,1.0002937415265478e-05
146,0.6601999669094848,-0.006671869515249013,-0.32446131727947625,19442.008592773436,1.942264090298038e-06,2.431536912918091,6.800753908464685e-06
147,0.6684741581159986,0.014020997960361548,0.6818585791274976,16096.26151586914,2.107472022500388e-06,2.430389165878296,1.3480281268130057e-05
148,0.8098413885435526,0.0021897508653952163,0.10649030960154918,15718.882775634765,2.162824063868504e-06,1.1291704177856445,2.9587924927909626e-06
149,0.7661337318120423,0.006085837095780785,0.29596183143753196,14902.036464599609,2.181884988664687e-06,2.0696475505828857,6.215826033439953e-06
150,0.9896497690494808,0.0009342160709980649,0.04543209011010997,17529.42670703125,2.036385418074312e-06,3.491917610168457,5.836486707266886e-06
151,0.8180651518983556,0.013124663812533096,0.6382687340829722,25435.745708496095,1.704231976268557e-06,7.780763149261475,1.3968769053462893e-05
152,0.9893378326570401,-0.009701753863868835,-0.4718083636674127,42016.71695263672,1.3454837622229304e-06,27.361661911010742,2.7139836674905382e-05
153,0.4970420131014941,-0.04114612335675486,-2.0009871827923833,28738.832921142577,1.6482246688048972e-06,21.0344295501709,3.512757393764332e-05
154,0.8518611747218225,0.06312829610065775,3.0700075988617064,42212.84985791016,1.3250887769098178e-06,38.949790954589844,7.151411409722641e-05
155,0.9823045817504432,0.017471725826299498,0.849671769477854,52202.71225830078,1.1747781533830391e-06,100.20684051513672,0.00010276168177369982
156,0.35740403009670896,-0.005145228617229609,-0.25021887059313536,16474.185217773436,2.0729632898800207e-06,3.1825053691864014,6.949793714738917e-06
157,0.5249101545712114,-0.01280133208221237,-0.622544709669974,19990.962719970703,1.918548287411092e-06,4.538861274719238,1.5131413420022e-05
158,0.6340028558944838,0.013011384710375953,0.6327598303758273,28440.768780273436,1.6020002495372425e-06,5.579134464263916,1.1139060006826185e-05
159,0.6390523895315833,-0.020669864059871434,-1.0052012116731692,26772.96865917969,1.6335986718111588e-06,8.223699569702148,1.9143286408507265e-05
160,0.6461941209966525,-0.016921016849097633,-0.8228901065912888,48782.70909619141,1.245253565533198e-06,19.21658706665039,1.7722479242365807e-05
161,0.9681510269090339,-0.017435248930854224,-0.8478978526589792,45306.396941894534,1.290002511088982e-06,57.539337158203125,5.743833025917411e-05
162,0.9818543153956342,-0.02060342973547786,-1.0019704278042636,35420.02355957031,1.498479576019725e-06,71.76985168457031,8.291687845485285e-05
163,0.4700511740333098,0.030795819138918726,1.4976390083284095,60689.68728808594,1.1015380405587399e-06,11.92819595336914,2.6078470909851603e-05
164,0.9584177170278512,-0.005682368561022231,-0.2763406544991375,22280.075705566407,1.7852498273683256e-06,12.104249954223633,2.054210017377045e-05
165,0.9903098921676933,-0.0013828546828689352,-0.06724994411000575,25828.372533203124,1.6883467479965928e-06,6.604554653167725,1.0111998562933877e-05
166,0.9983392116993539,-0.003752059564067237,-0.1824673258201268,36351.028972167966,1.4311175822955027e-06,41.15314483642578,5.237579534878023e-05
167,0.9974544104143234,-0.0007751484630072167,-0.03769643438314397,28264.249090332032,1.5954674837464028e-06,5.941781520843506,7.803118023730349e-06
168,0.9985434406454554,-0.00019157319193708266,-0.009316442725576876,27716.611971923827,1.613959127117615e-06,2.7086780071258545,3.717605750352959e-06
169,0.648924422498249,0.05165368437238575,2.51198295103004,45789.65202441406,1.2529720132365648e-06,8.887009620666504,3.5482073144521564e-05
170,0.9167573615579223,-0.03831362529225559,-1.8632392770369608,56460.26444775391,1.1753683843077551e-06,62.10014724731445,5.5996708397287875e-05
171,0.8873701870126748,-0.0461007452037684,-2.2419366089508905,39833.71471289062,1.3803561666930398e-06,35.7547607421875,5.376952685764991e-05
172,0.8078768855800318,0.039713202890171356,1.9313024773163878,43215.769442382814,1.350093045856461e-06,39.317081451416016,4.973555405740626e-05
173,0.8336914934004799,0.01191042485631316,0.5792187825923558,42813.76186962891,1.330498330225605e-06,15.150177955627441,2.0722894987557083e-05
174,0.4524673588151541,-0.02270950928339965,-1.104391697113,26001.94483203125,1.6604493814780731e-06,16.139942169189453,3.92379479308147e-05
175,0.8468266854576689,-0.01940061152117876,-0.9434758812057052,25779.49891845703,1.6488794580944065e-06,14.202285766601562,3.839870259980671e-05
176,0.9364874155122469,0.013809350890073336,0.6715659187169333,26905.831252441407,1.6414379312262657e-06,24.488393783569336,3.4425109333824366e-05
177,0.8407481366041256,-0.008495355602394406,-0.4131397149195582,53819.316895507814,1.1781081838620556e-06,11.510771751403809,1.2627915566554293e-05
178,0.9726827143922145,-0.0030040299006192385,-0.14608971240731378,98085.16721972656,8.714961889614494e-07,13.097415924072266,9.126233635470271e-06
179,0.8187746217366038,0.03378740203930091,1.6431234076246282,54266.521159667966,1.1725349970817321e-06,22.976810455322266,4.909995186608285e-05
180,0.8057703111927722,0.0714289281280037,3.4736776640045126,59367.10998535156,1.136829232964139e-06,42.55384063720703,8.781252836342901e-05
181,0.8670386486807994,0.006355295734477746,0.30906594036294255,49954.10188183594,1.2089709995603556e-06,4.713191509246826,7.312060461117653e-06
182,0.9969087507925124,0.001119080343302135,0.054422269725073816,24620.208545898437,1.7076755595496688e-06,7.469250679016113,1.1227104550926015e-05
183,0.9662353203823875,-0.00173192211525722,-0.0842255277411314,25443.221735839845,1.6799489581208497e-06,5.551721096038818,7.683706826355774e-06
184,0.8265397754817272,-0.005250104180842559,-0.2553190997631621,18232.87170703125,1.9514265932160094e-06,4.249074935913086,1.03042275441112e-05
185,0.9874019633149305,-0.0010094135892826674,-0.04908903900322078,21581.640177978516,1.8207857910376839e-06,2.3560760021209717,3.4984750527655706e-06
186,0.7490585712557166,0.014878054213628275,0.7235382912804347,21061.10294897461,1.851375559108406e-06,5.731015682220459,1.4621221453126054e-05
187,0.9993516556678551,0.0002434927889239238,0.011841357337960637,22104.414397705077,1.8270251318860228e-06,6.199142932891846,9.057781426236033e-06
188,0.5656115595270965,-0.019636841017419818,-0.9549640155817535,27033.99692993164,1.6356061286462822e-06,8.107941627502441,1.3242903150967322e-05
189,0.7427292010004759,-0.011405582699116085,-0.554667680241209,37893.07262451172,1.3918311077385871e-06,6.158650875091553,8.911400072975084e-06
190,0.9489593424523288,0.01969200806922566,0.9576468579632538,48656.97703564453,1.2688079564715664e-06,32.801239013671875,3.5479184589348733e-05
191,0.726386886308987,0.04833777379335237,2.350726093114112,36718.10428540039,1.4670433665919615e-06,21.07932472229004,5.095047163194977e-05
192,0.8345964432134483,-0.047472786089024575,-2.308660664625847,34661.95762841797,1.447182518572214e-06,53.15620040893555,8.35912796901539e-05
193,0.43020839382096704,-0.018333082411454222,-0.891560612122017,33142.19437353516,1.471368680311219e-06,9.73956298828125,1.9570285076042637e-05
194,0.6779918147532633,0.018439344365766375,0.8967282631970286,17687.989924316407,2.013564815637819e-06,8.441312789916992,3.0021104976185597e-05
195,0.8549382468976633,0.0037925807148287195,0.18443791980786914,20616.823284667968,1.8642169817949264e-06,2.3978781700134277,5.449051514005987e-06
196,0.6241321927544139,-0.007641353185699219,-0.3716085146394168,22543.6249296875,1.7998795992169085e-06,2.724351167678833,6.782910077163251e-06
197,0.867085980922932,0.008921336478116708,0.43385569501431637,23096.223060791017,1.782868259265471e-06,8.018074989318848,1.3075990864308551e-05
198,0.8886457866098111,0.005962209616164163,0.28994967325657955,20662.41458227539,1.8665637941921933e-06,3.957925319671631,8.289954166684765e-06
199,0.8547456640538075,0.010688267746272387,0.5197837614277511,24271.19735424805,1.7388569637956136e-06,7.438190937042236,1.415418773831334e-05
200,0.6887770798635691,0.012108404764243687,0.588846791889479,24423.564970458985,1.7264432280618362e-06,3.9643983840942383,1.2874627827841323e-05
201,0.9773216745783039,-0.006810571425761782,-0.33120656379415936,41987.63601123047,1.3451284554789917e-06,21.726444244384766,2.23277929762844e-05
202,0.9971847091079706,-0.0037393690494286415,-0.1818501703006458,37971.72073876953,1.399962358478205e-06,23.552431106567383,2.6712359613156877e-05
203,0.9670887957806688,-0.027935589061108587,-1.358542460254804,33920.31851904297,1.4974236434154262e-06,44.093017578125,6.867563934065402e-05
204,0.9738878698021294,0.055735278412012826,2.7104759484830985,50258.94679833984,1.2077723295105525e-06,134.80389404296875,0.0001337388384854421
205,0.9291988664017631,0.007740961588829221,0.37645259524048336,33834.85291748047,1.4448613003584653e-06,12.369562149047852,1.9518765839166008e-05
206,0.9790746175739072,-0.0013739126675522662,-0.066815082777339,15563.70884375,2.1349869274022153e-06,4.6415581703186035,8.423714461969212e-06
207,0.6844098160934976,0.013721623156377915,0.6672996098552713,18870.611663330077,1.944360368528512e-06,4.920313835144043,1.4635790648753755e-05
208,0.7696390061862379,-0.008396278841045992,-0.4083214887199273,20831.55812158203,1.8723065859097787e-06,4.099503993988037,1.1308838111290243e-05
209,0.6153091148584459,0.007320344361851069,0.35599745605890154,18457.381343261717,1.9641886240619092e-06,3.1773464679718018,1.1136524335597642e-05
210,0.6287344678594613,-0.011538100978280898,-0.561112209068272,17952.008078125,1.9863999313031167e-06,10.296380043029785,1.8941713278763928e-05
211,0.9767632556219576,-0.0029396171431041876,-0.14295723985143274,18459.228714355468,1.9805870948763226e-06,10.082112312316895,1.5433188309543766e-05
212,0.6779043011587959,0.009893854239101305,0.4811504439726932,30267.981596191406,1.5504062225580335e-06,8.160404205322266,1.5811465345905162e-05
213,0.4317628522270099,0.03484607670422769,1.6946080740389606,42126.75328857422,1.344072581013617e-06,19.333314895629883,3.303434277768247e-05
214,0.9020490252571399,0.011947914601575103,0.581041955558248,37774.93259082031,1.4184576350882704e-06,15.291930198669434,1.746831367199775e-05
215,0.9553831115989393,0.01284389045487242,0.6246143762938475,37403.589444335936,1.4414391287092522e-06,25.575090408325195,3.0956412956584245e-05
216,0.6842276773991659,0.04650591412902117,2.2616404779950554,49388.501377441404,1.2561725693421275e-06,24.528514862060547,5.184213296161033e-05
217,0.6690912103198253,0.013156093455330182,0.639797196724554,56075.1946640625,1.1411846261958936e-06,4.733489990234375,1.4000119335833006e-05
218,0.5796204789166038,-0.0023732165773731146,-0.11541247548742442,17803.11740917969,2.004675104820586e-06,2.0586705207824707,1.995460934267612e-06
219,0.5340501251975814,-0.009444191521356452,-0.4592827864297055,18683.62033154297,1.963363898969155e-06,3.5578465461730957,1.0647697308741044e-05
220,0.7480264603940896,0.014916572569246453,0.7254114868479963,23562.339247558593,1.7785775920278664e-06,7.05328893661499,1.6821688404888846e-05
221,0.3205120235065167,-0.020360803552611478,-0.9901712145973219,28953.798398193358,1.5920728972170327e-06,5.128875255584717,1.1709737009368837e-05
222,0.999273673777612,0.00016314249624351974,0.007933822613654457,33351.299955810544,1.4831313962682e-06,11.619653701782227,1.3709424820262939e-05
223,0.8521096548211817,0.016060325538897132,0.7810336170960457,52616.2077265625,1.1941491376925538e-06,9.738890647888184,1.2349715689197183e-05
224,0.9176955058362235,0.023885806330526407,1.1615964863479198,50273.86423535156,1.2225106753463088e-06,30.609161376953125,3.109621684416197e-05
225,0.9995001692921544,0.006208731119801824,0.30193832076012816,43763.24312304687,1.3020404095815147e-06,77.6900634765625,9.496665006736293e-05
226,0.7588623797597095,0.03469387995697605,1.6872065568201284,39954.04823535156,1.3256893011129789e-06,15.228402137756348,5.699487519450486e-05
227,0.7126649698584122,-0.014504378446002284,-0.7053659736830598,21134.964089355468,1.83832369421007e-06,4.783716678619385,2.1290166841936298e-05
228,0.8531766225689815,-0.008033176764191234,-0.39066338286309976,26005.28574951172,1.6772278531361853e-06,6.232535362243652,1.2298368346819188e-05
229,0.9384335096591555,-0.008680271931218737,-0.4221324261078836,31624.43797607422,1.5235891769697628e-06,9.991247177124023,1.4993645891081542e-05
230,0.9705175926350365,-0.005713395679043078,-0.277849541859932,33172.490072265624,1.4956283070785318e-06,13.156192779541016,1.5259105566656217e-05
231,0.8305171783065819,0.01695930429519727,0.8247520727416103,34232.11499121094,1.4726552431668586e-06,10.398331642150879,2.4078717615338974e-05
232,0.8428625339051099,0.009161502764266818,0.4455352803827476,46480.29485302734,1.2722682259598583e-06,8.188261985778809,1.2331210200500209e-05
233,0.44009466672425684,0.03166117523737345,1.5397223522815124,60688.0369765625,1.1364517376051343e-06,11.932372093200684,2.5801651645451784e-05
234,0.8665090782460513,-0.03615877387416845,-1.7584461709883323,43541.561065917966,1.3373552998753038e-06,42.945560455322266,5.2173367294017226e-05
235,0.9069798858497421,0.017093168779985526,0.831262069223416,43116.327020507815,1.3148782173056167e-06,20.31060218811035,2.5701607228256762e-05
236,0.7305819154314557,0.020190230573263166,0.9818760383434781,49905.71383007812,1.2117819837077561e-06,16.600727081298828,2.8173273676657118e-05
237,0.5639883995369741,-0.002611747113931956,-0.12701251231763713,20044.48413720703,1.869460736711181e-06,3.3054184913635254,3.5569960346037988e-06
238,0.5589209430041746,-0.009462104447078384,-0.46015391429915553,27907.676380371093,1.6114495752690017e-06,7.969798564910889,9.143652277998626e-06
239,0.9011751007731649,-0.0028254175434157523,-0.13740357120383545,22836.06640722656,1.792031983803273e-06,2.820725440979004,4.899451141682221e-06
240,0.662036748616549,0.008182324147661908,0.3979166057265082,28784.212212890627,1.608914334387753e-06,3.4347729682922363,7.5422085501486436e-06
241,0.9366559406949452,0.007694745646408902,0.3742050564475355,73911.14756054687,1.0080844511704704e-06,13.941570281982422,1.2289918231545016e-05
242,0.9955951853570796,0.0015879466986185036,0.07722382406097243,35440.973637695315,1.4873550495861468e-06,20.37278175354004,2.484646211087238e-05
243,0.3942646528990205,0.06720237651330578,3.268135199284503,29315.88555859375,1.6200739198785905e-06,11.37622356414795,5.588155909208581e-05
244,0.9759826179531326,0.0039802119602193485,0.1935626607673691,46246.40476513672,1.2600417038329754e-06,6.868015289306641,7.4053550633834675e-06
245,0.9768494782675141,-0.0008718003415726226,-0.042396735515411704,28497.284057128905,1.5820505033136743e-06,6.007627487182617,7.560855465271743e-06
246,0.5072046421867281,-0.008294769489970662,-0.40338496265466045,19897.31666064453,1.9196241627894216e-06,3.562039375305176,6.968625712033827e-06
247,0.7815029324218407,0.013251297632173658,0.6444270943205038,21499.68600073242,1.8580002998764842e-06,5.168634414672852,1.2258512469998095e-05
248,0.9975082968097876,0.00033657936619358873,0.01636827343140675,22288.229266601564,1.7985976639036125e-06,3.004330635070801,4.67089330413728e-06
249,0.7848550868547576,0.0018829035532049957,0.09156794295613527,24386.29861694336,1.741920816323975e-06,0.8267322182655334,2.1797372937726323e-06
250,0.8951991049854418,0.0052052674172859865,0.25313863215466587,20393.583759033205,1.8900702609011624e-06,4.535436153411865,8.097201316559222e-06
251,0.9994388811505796,-0.00022286671564889282,-0.01083828572664934,24831.775356933595,1.722930188207088e-06,6.213624000549316,8.666802386869676e-06
252,0.9927042113276859,-0.003707489580777898,-0.18029983206801864,40084.75219482422,1.3809947574336331e-06,18.597270965576172,1.9323510059621185e-05
253,0.9150336176064646,-0.02350165914477469,-1.142914930656021,35491.21683447266,1.4857192081616198e-06,22.770387649536133,3.041428317374084e-05
254,-0.07806893999218996,0.11792838461472581,5.735004098818407,22750.538766601563,1.8559924033055055e-06,30.029088973999023,0.0001358417939627543
255,0.49928002911285835,0.02090654379428797,1.0167112416919863,59061.129571289064,1.1257153108372208e-06,10.98838996887207,1.794981290004216e-05
256,0.7986014820575356,-0.003939670772806319,-0.19159109237232763,19942.590563476562,1.8924407796865703e-06,3.8387694358825684,6.6883790168503765e-06
257,0.8202980017619294,0.00225181158259189,0.10950839950977036,19437.67412939453,1.92907534289434e-06,1.6658520698547363,3.554279373929603e-06
258,0.5030980467829498,0.014374848229473536,0.6990667580604586,27222.645129394532,1.6521983767671936e-06,5.5677080154418945,1.014914596453309e-05
259,0.5276803535414979,0.006759798817326422,0.32873742866239447,46195.03748144531,1.2792686271492675e-06,2.8939785957336426,5.6557837524451315e-06
260,0.8761247626095648,-0.014184532996270371,-0.6898114914335685,57226.62331640625,1.1419422519207948e-06,18.762439727783203,2.1137162548257038e-05
261,0.9451707639133323,0.004726379571486831,0.22984972026542821,41583.54778759766,1.3432570686725825e-06,13.427881240844727,1.668626100581605e-05
262,0.9088176045660177,0.02035033503641612,0.9896621176272833,40722.400040039065,1.3186987171472578e-06,38.69562530517578,5.0257614930160344e-05
263,0.3955014868542361,-0.014604226462410655,-0.7102217069760381,28724.52887841797,1.565046146274772e-06,10.418968200683594,1.2952741599292494e-05
264,0.9851239584776113,0.000967218262520603,0.04703702775315568,21514.850213378908,1.8542552195605472e-06,5.953335762023926,1.0080648280563764e-05
265,0.9824602449880736,0.0008194139417589344,0.03984911970064944,32217.202095703124,1.5037103508041385e-06,2.2708044052124023,3.4517181575210998e-06
266,0.3739465883178975,-0.02152305677612562,-1.04669303521324,43831.66037353515,1.2966638090597441e-06,7.317012786865234,1.528181746834889e-05
267,0.9983560041849691,0.0010958884737287996,0.05329442024679197,69015.37151464843,1.0475241635053746e-06,18.08272933959961,1.561118187964894e-05
268,0.6984647737181592,-0.06192165294769846,-3.01132704073619,50112.13969824219,1.2479465401764768e-06,55.91310501098633,8.26602044980973e-05
269,0.8012555400479318,0.01816506961687108,0.883389940839304,51244.40099169922,1.226224584988437e-06,22.42762565612793,2.241329275420867e-05
270,0.8849142575324621,0.012371418717763136,0.6016374877546719,38143.84320019531,1.371845516933394e-06,8.274277687072754,2.0114939616178162e-05
271,0.05570980573769099,-0.01585219204112821,-0.7709118260895307,21894.724872558592,1.787683741972408e-06,7.361212253570557,2.107739055645652e-05
272,0.12164733937468634,-0.02959036762315503,-1.4390164010026378,26716.616213867186,1.661232435116986e-06,8.057723045349121,2.770593528111931e-05
273,0.7263668599679138,0.04503635194436295,2.1901738401706026,23301.87840551758,1.7865298859161081e-06,9.795315742492676,4.9414116801926866e-05
274,0.7838894925937707,-0.014705392419974561,-0.7151415333875114,45036.643103027345,1.287705305276189e-06,8.647655487060547,1.3333928109204862e-05
275,0.8686256996603533,0.009557820451011273,0.46480870268340263,83051.80945654296,9.681355826714993e-07,13.607893943786621,1.1200048902537674e-05
276,0.9986085114279785,-0.001684645395483427,-0.08192640202540837,36421.84426318359,1.4731779881271868e-06,18.984437942504883,2.1216588720562868e-05
277,0.7016698834043574,-0.13514304123569076,-6.57217427293319,36598.25126123047,1.4634892771677494e-06,120.5925064086914,0.00013532940647564828
278,0.033810325857617056,0.10051351991387056,4.888097556631263,49062.64349121094,1.2254491234634479e-06,30.005359649658203,8.029268065001816e-05
279,0.6356245529429481,-0.026924277322349588,-1.309361111880413,28678.67679638672,1.5656917568824504e-06,11.584668159484863,4.393518247525208e-05
280,0.4208658610490792,-0.03166580490453386,-1.5399474987568746,21285.818826660157,1.8414120393989292e-06,11.771942138671875,4.361830360721797e-05
281,0.9553240923478346,-0.005827990191316761,-0.28342241559799564,25163.984271972655,1.6955256499860284e-06,15.981868743896484,2.347643385292031e-05
282,-0.2475894571057953,0.01613127850770767,0.7844841482661382,20511.82294091797,1.8901386506039713e-06,2.321385622024536,1.3462134120345581e-05
283,0.5052779473301893,-0.006542694061265299,-0.31817935420092147,15472.430869140626,2.136572406731847e-06,2.9040117263793945,7.308884960366413e-06
284,0.9709326815062158,0.0018277666298484863,0.0888865657586193,15366.478865722656,2.155683265259078e-06,3.2297205924987793,6.797542027925374e-06
285,0.8605836829596265,0.0043183281536103325,0.21000567201787715,15065.01712475586,2.175862968543116e-06,3.3540711402893066,7.872908099670894e-06
286,0.7751420816664231,0.017506287650722107,0.8513525540097026,16845.54770263672,2.076451382807667e-06,8.453899383544922,2.310311538167298e-05
287,0.8809985831654108,0.01020414285912058,0.49624016570034113,23560.950076660156,1.7758553327705308e-06,7.079010009765625,1.337739286100259e-05
288,0.9805442342649949,0.004072043729676651,0.19802855399536481,34377.7216352539,1.4784368020955546e-06,9.75754165649414,1.3006656445213594e-05
289,0.8780781588622588,0.01629906082739111,0.7926436112676661,60381.278306152344,1.1492127278220345e-06,15.021389961242676,1.9581195374485105e-05
290,0.6228155340983764,0.09516780802154681,4.628128934880545,38805.373208496094,1.396082888831457e-06,44.66836166381836,0.00010280559217790142
291,0.3876830544861581,-0.01680886452006931,-0.8174359992636021,46950.508338867185,1.2577421044211944e-06,7.339183330535889,1.4259833733376581e-05
292,0.9762993398354208,0.001009699697469783,0.04910295280040519,21277.48070361328,1.8195082515469752e-06,5.595829963684082,9.731285899761133e-06
293,0.9143651291041255,-0.00338665064884528,-0.16469703554277634,22419.85167919922,1.7869989661368433e-06,7.489300727844238,1.1775233360822313e-05
294,0.9028247865322182,0.00679661113672209,0.3305276575653927,28933.218221191408,1.6056046112146388e-06,7.164266586303711,1.1628351785475388e-05
295,0.7407179429379149,-0.023364102783119158,-1.1362253936078341,34369.38732275391,1.4687659235015794e-06,15.672521591186523,2.519046211091336e-05
296,0.7955194476108755,-0.00973326941564384,-0.47334100416949937,51488.31463867187,1.1793213805112125e-06,13.316001892089844,1.6076173778856173e-05
297,0.8909339576024167,0.012482964926017501,0.6070621186748393,47070.75152636719,1.2599119562926132e-06,25.439836502075195,2.527927244955208e-05
298,0.9528635746201582,-0.013011105554195573,-0.632746254663382,55572.40415478516,1.164474255544598e-06,23.620466232299805,2.272064557473641e-05
299,0.6967754273538389,0.06251516086365029,3.0401900692749524,41454.13277929687,1.3289707930362144e-06,31.98632049560547,5.354741369956173e-05
300,0.9563720656630476,-0.010180493283127081,-0.4950900573892577,48322.42895605469,1.2216333607645865e-06,30.434228897094727,3.2613468647468835e-05
301,-0.11962348622981156,-0.030379664464470987,-1.4774008886297683,38565.99770703125,1.3603206581120522e-06,14.357056617736816,4.166056532994844e-05
302,0.6340939672793902,0.008880933231802444,0.4318908348665675,26180.820434570312,1.6635806578541146e-06,5.689193248748779,1.4896080756443553e-05
303,0.5215498563773475,-0.006824942992774815,-0.33190547098258094,23577.159975341798,1.7692352205205915e-06,3.7543225288391113,8.734125003684312e-06
304,0.7824053079179463,0.007284040328638349,0.3542319457455126,36873.907446289064,1.3964180946174848e-06,4.836571216583252,9.046530976775102e-06
305,0.9781594503228802,-0.0026596459410371475,-0.12934189188706238,52932.299765625,1.1870234233062752e-06,8.177379608154297,7.4827562457358e-06
306,0.9798093511707159,0.005064904555347719,0.2463126115052035,52301.04002832031,1.2272605271867404e-06,24.600557327270508,2.302388020325452e-05
307,0.990351118873214,0.012070971543922454,0.5870263678017952,27565.277788574218,1.6903897806299631e-06,42.12591552734375,6.868185300845653e-05
308,0.5534492529088564,0.0421339397991774,2.0490259256674053,52762.41343017578,1.191527543434214e-06,19.64013671875,2.979697637783829e-05
309,0.49889755434718885,-0.014673253130871372,-0.7135785597629504,23197.53017236328,1.7605203319105224e-06,11.780105590820312,2.1361051040003076e-05
310,0.6130179967994771,0.010605343764454378,0.515751064997877,22795.91108154297,1.7643398872021524e-06,5.310454845428467,1.493207582825562e-05
311,0.8397859352297621,-0.008602193384094996,-0.4183353691970529,19861.27256665039,1.9191788326932372e-06,5.133708953857422,9.81843095360091e-06
312,0.933201861513216,-0.0013717164267427332,-0.0667082768536777,22590.039717529296,1.8120596717004712e-06,1.401713252067566,2.132185954906163e-06
313,0.3967223866248299,-0.008387595216622846,-0.40789919325796503,27958.32371875,1.6214548152690426e-06,1.9024063348770142,6.174951977300225e-06
314,0.9982685975033546,0.00016726993344770547,0.008134545021249152,29742.29808911133,1.584067602996976e-06,3.2634384632110596,4.24375184593373e-06
315,0.9926957403345014,-0.003358762695123667,-0.16334080964836062,44388.55338232422,1.299942760545325e-06,11.232799530029297,1.1274658390902914e-05
316,0.5081026002298146,0.03781730257074291,1.839102485445087,80168.26761621094,9.89189028012024e-07,9.252957344055176,1.9043120119022205e-05
317,0.7690948335174824,0.012661033811903678,0.6157218301918386,45843.624413574216,1.3060580443883783e-06,12.842416763305664,1.8161577827413566e-05
318,0.6683926478959661,0.03303958975456031,1.6067563656088715,41054.75549121094,1.3266710121893509e-06,23.766508102416992,3.6854296922683716e-05
319,0.9472226844733345,0.014529819610999155,0.7066032091969052,27737.520869628905,1.5956895405440158e-06,9.267992973327637,3.210436261724681e-05
320,0.9993502162284994,-0.00011683814564689498,-0.005681984421073914,20675.043372314452,1.866141768679599e-06,5.706618309020996,8.432723916484974e-06
321,0.9984542739436175,-0.0004154927124006842,-0.020205927660519762,30407.973840820312,1.548633470694844e-06,7.465625286102295,9.872581358649768e-06
322,0.8346069390279188,0.005924286068228495,0.288105403926822,35463.138946289066,1.4464556115188459e-06,3.1722629070281982,6.881803074065829e-06
323,0.6437380821015767,-0.020364671265000765,-0.9903593062639556,64216.42652587891,1.0709080677040059e-06,12.710949897766113,1.710145443212241e-05
324,0.5977017442145505,0.030556424246144232,1.4859969367797885,53988.73372802734,1.1834448400340334e-06,18.97922134399414,3.2995343644870445e-05
325,0.9553432778173913,0.011440679249812695,0.5563744691771979,37357.90029638672,1.4428228460212805e-06,41.385868072509766,4.405616346048191e-05
326,0.18137142989110655,-0.04286899056274881,-2.084772359027735,58228.52616503906,1.1181113671718308e-06,15.581524848937988,3.5302393371239305e-05
327,0.8922874291270048,-0.009505619136746687,-0.4622700878092213,24284.88508984375,1.7132385876765465e-06,14.486207008361816,2.424600643280428e-05
328,0.9216692918723863,-0.017697570289046234,-0.8606548667515044,27576.034711425782,1.6374845930082492e-06,22.895381927490234,3.870482760248706e-05
329,0.7998909140995258,-0.02898827453990536,-1.4097358650944414,47982.68639453125,1.2443479148058312e-06,19.205204010009766,3.514877607813105e-05
330,0.6304499769061209,-0.03972088988316413,-1.9316763053516406,28741.227767333985,1.5978461595080665e-06,9.636744499206543,2.987268817378208e-05
331,0.06728798029637925,-0.02546340192646322,-1.2383169234041376,38918.769947265624,1.3751912953742277e-06,7.650584697723389,1.303447425016202e-05
332,0.7127910863845175,-0.045392475174319706,-2.207492556018012,54859.40058105469,1.1612311398179121e-06,39.15773391723633,4.287367846700363e-05
333,0.9397882072635744,0.016413626359036208,0.798215075641697,53227.12418994141,1.1808088584633492e-06,33.421451568603516,3.317275695735589e-05
334,0.966707483145775,-0.011405227581805896,-0.5546504104444917,49097.55939892578,1.2539277515553205e-06,40.79026794433594,3.833855225821026e-05
335,0.9267851467850186,0.03249351527522516,1.580200084120927,44048.9813515625,1.3362533093000533e-06,69.76215362548828,7.640860712854192e-05
336,0.7552827945360092,-0.06457464939088013,-3.140345559267628,38462.00917480469,1.3682185378670482e-06,24.899341583251953,6.400028360076249e-05
337,0.9215190761988712,-0.04492735424703614,-2.1848731465083153,29399.172239257812,1.5845127951236225e-06,56.85220718383789,0.00012313303886912763
338,0.15083472353868674,0.048016376445613206,2.3350961401332815,21275.95679003906,1.839840607367193e-06,26.03502655029297,6.69407527311705e-05
339,0.8949664646147204,0.013188027881821636,0.6413502076253667,31712.41608105469,1.4958262991541561e-06,27.39488983154297,4.5220549509394914e-05
340,0.7889211913191337,0.01865251065195928,0.9070948049676137,42348.87311328125,1.3250199706003238e-06,13.381196975708008,2.7936182959820144e-05
341,0.9596074169142005,0.007379455794997756,0.35887211861355967,53708.922294921875,1.1789191529484694e-06,19.269893646240234,2.2982880182098597e-05
342,0.9511722927616231,-0.020049644926338452,-0.9750391833828819,86152.81756347656,9.445362762934616e-07,55.62980270385742,4.01581492042169e-05
343,0.7404077930719035,-0.06069321384679856,-2.951586518538534,32555.872298339844,1.5255584511680463e-06,79.09322357177734,0.00016816034622024745
344,0.3815296470590219,0.07100411006096702,3.453018232743185,39764.80435302734,1.3730882814538839e-06,15.429576873779297,5.377531488193199e-05
345,0.758582720046485,-0.02402057106992756,-1.1681502633318648,40220.49325732422,1.3511118679538423e-06,15.497632026672363,2.791101360344328e-05
346,0.7349673348894354,-0.0143095105229023,-0.6958893040809302,25669.081098144532,1.6563380047984077e-06,12.857365608215332,2.4229628252214752e-05
347,0.7634437483624601,0.011767932823457854,0.5722892177115689,21787.493118652343,1.813426244269839e-06,6.418847560882568,1.3416593901638407e-05
348,0.9382431517883962,0.00841074401744122,0.4090249482490966,24428.788684326173,1.7395327209412962e-06,8.953204154968262,1.5752964827697724e-05
349,-0.1247627789876487,-0.03856250205238039,-1.8753424635944584,22136.085581298827,1.826760899744994e-06,2.9376773834228516,3.238079443690367e-05
350,0.45658020395508925,-0.023876718563384466,-1.1611545369226102,32646.592088378908,1.4876095075166715e-06,11.109206199645996,3.008918974956032e-05
351,0.15396889516528292,-0.026065823105173906,-1.2676134150028986,49918.08174121094,1.206571921908369e-06,12.781400680541992,2.7132688046549447e-05
352,0.9261798513720466,0.005959115295637119,0.2897991925986478,42387.66629394531,1.3354192526966917e-06,15.041257858276367,2.0091332771698944e-05
353,0.7524380862566014,0.11209650167177561,5.4513923738641745,40710.321525390624,1.377343502638595e-06,67.95789337158203,0.0001309676590608433
354,0.3242064686651969,-0.13305077146219543,-6.470424590140274,28664.481341796876,1.6375137247753962e-06,52.48004150390625,0.00012089672236470506
355,0.9815529994856645,-0.0033527208130647987,-0.16304698540506762,43549.74625390625,1.3010108501719442e-06,10.736933708190918,1.3341295925783925e-05
356,0.9987909786220691,0.0006831579465786577,0.03322282109238469,27643.0140859375,1.6232970111541912e-06,40.72188949584961,5.366588811739348e-05
357,0.8973953728637215,-0.021347089942585433,-1.0381355491177078,24729.040156494142,1.7288995180955657e-06,18.506641387939453,3.505957647575997e-05
358,0.3525176583197315,0.04407218081946146,2.143284998511849,30164.7433203125,1.5613703526506706e-06,13.415973663330078,3.619062772486359e-05
359,0.508172647469597,-0.026760306394155456,-1.3013870015900648,19904.709244628906,1.9115240778295763e-06,5.200140953063965,2.5499935873085633e-05
360,0.812143596986907,0.006685716814252797,0.3251347286621872,17992.076630859374,1.9851897751965497e-06,5.301785945892334,1.3418497474049218e-05
361,0.8504134333578628,0.011646873150507385,0.5664019351642774,21633.84940283203,1.8132189628277772e-06,10.889967918395996,2.6202298613497987e-05
362,-0.16551578064214728,0.0188735402746158,0.9178437505758886,20730.790460449218,1.865413486960589e-06,3.770315647125244,1.643199175305199e-05
363,0.9031494299789422,0.005278567445095268,0.25670330372464545,29337.16028808594,1.5852266790000817e-06,5.653048515319824,9.386746569362003e-06
364,0.8868941057566292,-0.0059472624075074445,-0.28922277189867296,36328.102504394534,1.4435591785370326e-06,6.920788288116455,9.780203981790692e-06
365,0.8764168342140853,0.05003217440772839,2.433126903574069,33291.76283251953,1.4931091518018096e-06,47.872886657714844,6.957828009035438e-05
366,0.8087219235099063,-0.02303118393751327,-1.120035135847912,41590.22191943359,1.3476296405124784e-06,29.541234970092773,3.2293075491907075e-05
367,0.9551763702654418,-0.0038549830526056644,-0.18747262315003582,41386.06343554687,1.3152703779504274e-06,9.049362182617188,1.2040527508361265e-05
368,0.8626315377970591,-0.020462742384813326,-0.9951286268642354,28006.6436875,1.6006441402656035e-06,19.231910705566406,4.101626109331846e-05
369,0.9974040243233755,-0.0006178101926756274,-0.03004487849860768,25913.477223632814,1.6683367478045947e-06,9.641980171203613,1.4313737665361259e-05
370,0.14427122540458356,0.02707014887387971,1.3164550269599704,26816.58890576172,1.652275217973557e-06,4.7391180992126465,1.6887899619177915e-05
371,0.3438152984807755,-0.012470035716016988,-0.6064333551028657,31077.53667529297,1.5455616770553314e-06,3.3710861206054688,9.358993338537402e-06
372,0.4734586768245603,0.0336152714054133,1.6347524806921285,59828.81213916016,1.1106736803761909e-06,11.708240509033203,2.521367605368141e-05
373,0.8444751565560782,-0.018122265634962272,-0.881308329932017,62505.52927587891,1.1147562618168374e-06,21.15498161315918,2.1530830053961836e-05
374,0.9930068888814039,-0.0010579026529771393,-0.0514471225124978,34176.47640527344,1.5003041372170777e-06,12.023414611816406,1.4778119293623604e-05
375,0.9683800664051897,0.00470082233206622,0.2286068399079084,30797.132885986328,1.5724793590885066e-06,22.4349365234375,3.7340760172810405e-05
376,0.5197651997852131,-0.021670705333437082,-1.0538733682953239,48455.57274462891,1.2315745197664943e-06,8.602961540222168,1.7746178855304606e-05
377,0.49670399701248846,-0.033246704045604716,-1.6168285913240301,25472.160582519533,1.6635155900607984e-06,8.657369613647461,5.340476127457805e-05
378,0.7471996583327524,0.01070253086946538,0.5204773948582521,27524.161588867188,1.6461158367825164e-06,9.397266387939453,1.6868139937287197e-05
379,0.6022676866575726,0.013283413880882939,0.6459889474620366,25463.909063476563,1.6712000008400263e-06,6.00809907913208,1.825782237574458e-05
380,0.549427698817003,-0.020578694375775478,-1.0007675164802226,23927.94175390625,1.7342801882547902e-06,3.107306718826294,1.3180712812754791e-05
381,0.9956979374213106,-0.000919836258859581,-0.04473278195097704,25503.397227539062,1.6999974789601987e-06,5.943620681762695,8.594242899562232e-06
382,0.9762956068279419,-0.0025074082984228065,-0.12193838587584992,35152.70909448242,1.4266960264656464e-06,7.426653861999512,9.317062904301565e-06
383,0.6056655687244127,0.029436032030617832,1.4315108690759,53895.90638232422,1.1874513293337448e-06,12.455349922180176,3.102266418864019e-05
384,0.9941379873475854,-0.0030133754600091328,-0.14654419859044857,41523.554819335935,1.3470423512135406e-06,12.608471870422363,1.3675664376933128e-05
385,0.7492937279562085,0.13023109455875773,6.333300193402462,39611.796077148436,1.3896746729133862e-06,49.24542236328125,0.00012380772386677563
386,0.7375504988024633,0.011303588314334924,0.5497075663832315,51669.57561083984,1.1984128961077028e-06,6.372518539428711,1.1019119483535178e-05
387,0.7915307171326861,-0.005873960279943115,-0.2856579982149923,23656.105232421876,1.7410851192359873e-06,3.912393569946289,9.974270142265595e-06
388,0.774741583669009,0.008107151961663148,0.3942608887739825,22408.38680517578,1.7906371191334097e-06,5.4506072998046875,1.5512783647864126e-05
389,0.7894714734135847,-0.0048337829805125045,-0.23507288170363203,24398.28770825195,1.7341922756907904e-06,2.3174185752868652,4.70431450594333e-06
390,0.913862714028032,0.00389860494475382,0.18959401005010404,21722.735530273436,1.8379736016932891e-06,3.004941940307617,5.73295710637467e-06
391,0.6829853296302589,0.01153657418718363,0.5610379593172092,32312.37058544922,1.5058782258710823e-06,6.868934631347656,1.0899130757024977e-05
392,0.7367411794051407,-0.012120156274783729,-0.589418282471111,48294.097814453125,1.2368306702327503e-06,7.532388687133789,9.906948434945662e-06
393,0.7625221980536465,-0.013507780965928695,-0.6569001980195778,60847.78911669922,1.1112252592965963e-06,9.467662811279297,7.588093012600439e-06
394,0.7043103060334467,0.020721722471343795,1.0077231507578421,56077.815466308595,1.1814722356218387e-06,27.690340042114258,2.620157647470478e-05
395,0.9763921007421688,-0.032575729061073797,-1.584198242837013,34185.06735449219,1.452488832924967e-06,112.17422485351562,0.0001235246891155839
396,0.5835902150379428,-0.012178450188883574,-0.5922531880571666,39988.68232324219,1.3324433308682655e-06,6.007930755615234,1.4328857105283532e-05
397,0.7049695271519425,0.011306576111778849,0.5498528666910691,16288.984123046876,2.093170739665187e-06,4.120826721191406,1.971613528439775e-05
398,0.2209289614411228,-0.009990359130489516,-0.48584359693561696,20141.544599365236,1.8875514678971158e-06,3.6658034324645996,7.649012331967242e-06
399,0.9054622336786804,0.004517613875891777,0.21969718469189503,24327.155145751953,1.7365547044419897e-06,3.8128724098205566,6.053430752217537e-06
400,0.9511056622299654,0.013412450910271805,0.6522641787802826,23177.794079589843,1.7524575027301519e-06,15.465483665466309,2.4851287889759988e-05
401,0.8956276863514785,0.009081770510917563,0.4416578016802291,25440.128469726562,1.6965614941374398e-06,7.276683330535889,1.29341742649558e-05
402,0.9822638024321176,0.000911825900565772,0.044343228258724894,32793.38517871094,1.4929945214934512e-06,2.291806936264038,2.956653588626068e-06
403,0.9836452934719885,0.008287512465729244,0.40303204453485636,48191.62085791016,1.243617068904022e-06,24.108869552612305,2.5166482373606414e-05
404,0.7216038070236699,0.022020460021046077,1.070882374003082,41301.664654296874,1.3794669342568007e-06,8.123749732971191,1.989518386835698e-05
405,0.9946845762825881,-0.0077949085600751535,-0.37907610358603583,47017.04426074219,1.2731163268059193e-06,73.18392181396484,6.292865873547271e-05
406,-0.1364839251304245,0.023566289303955316,1.1460579757254428,51615.1574453125,1.1940969547400297e-06,8.558563232421875,1.910989340103697e-05
407,0.8931743213065033,0.004228356708268399,0.20563024866667678,17961.77513598633,2.018123171313931e-06,6.207461357116699,1.0990262126142625e-05
408,0.8055017752961371,0.01386046780088572,0.6740517977017568,18376.75406152344,1.9824349431008754e-06,5.651027679443359,1.6264491932815872e-05
409,0.9770557161240091,-0.0034197135319627946,-0.1663049246936129,19290.05789111328,1.9367812677383478e-06,5.111323833465576,8.937352504290175e-06
410,0.804707957539909,0.005224801468485365,0.25408859737348033,19035.94032739258,1.9685150928867965e-06,2.525994300842285,5.970475285721477e-06
411,0.716839979458492,-0.008957393246863787,-0.4356091805490349,20736.69651599121,1.854064768247593e-06,3.7418859004974365,6.865141131129349e-06
412,0.9786686745072234,-0.002726526934006238,-0.13259439780464863,22630.007868041994,1.8064133994254036e-06,4.127027988433838,5.929428880335763e-06
413,0.8847472854825844,0.004993970760313134,0.2428630127796963,28042.589986328127,1.6184169033037427e-06,3.0610737800598145,4.828002602152992e-06
414,0.9652164260290814,0.01086264530458065,0.5282639590909941,38756.90534472656,1.385418666221618e-06,14.941352844238281,1.7282322005485184e-05
415,0.9793094869521493,0.004598459444410249,0.22362880529654836,65364.54437988281,1.0892521664384397e-06,22.59214973449707,2.042636515398044e-05
416,0.8819099483133672,-0.04323821799570679,-2.102728348574511,38409.455123535154,1.4205675511478391e-06,55.88534927368164,8.297715976368636e-05
417,0.9894690860214201,0.007535953823293603,0.36648281248226555,42633.77115869141,1.2963596968353222e-06,33.42133331298828,3.474107143119909e-05
418,0.2794061786321654,0.012373716487937527,0.6017492311776935,36814.89600439453,1.4123950456263416e-06,5.858465194702148,1.2891258847957943e-05
419,0.9098127687151553,-0.0027969033738826175,-0.13601689165521635,17854.662506347657,2.004870943193169e-06,3.554506778717041,6.192699402163271e-06
420,0.6801063432625825,0.016064342769513077,0.7812289800201085,20317.7357956543,1.8800009654779955e-06,3.090202569961548,1.3515661521523725e-05
421,0.9237337588270261,-0.006323381620442555,-0.30751391728215566,24149.093830078124,1.7335354914037295e-06,5.479254722595215,8.827865713101346e-06
422,0.5929384256770637,-0.016656828437683374,-0.8100422953771266,22766.406006103516,1.7825406406561718e-06,3.581559419631958,1.219617115566507e-05
423,0.7104992503249017,0.025952174338090345,1.2620865340303553,28290.364282470702,1.6157629273604008e-06,7.720891952514648,2.0424151443876326e-05
424,0.9835493054014679,-0.002746844306481041,-0.13358245691188467,30153.55542285156,1.5695386886417267e-06,7.1953301429748535,8.793866072664969e-06
425,0.9887957182892819,-0.0021784327610829754,-0.10593989610412342,43473.01196264649,1.3259171794276509e-06,7.906948566436768,8.31493434816366e-06
426,0.8094829263516656,0.025414689465038606,1.2359479757852383,64425.48744482422,1.0977393033179622e-06,11.254056930541992,2.2895721485838294e-05
427,0.8704930861666814,-0.01361522999787098,-0.6621255781569916,40381.03841186524,1.3917226120279038e-06,13.482694625854492,1.83549418579787e-05
428,0.8515139563527585,-0.07428132523603635,-3.612393285010165,38603.74255419922,1.388824803379916e-06,114.51871490478516,0.0001289184729102999
429,0.5094057017098315,0.019597963520550307,0.9530733545282096,52010.7415859375,1.1807030064909173e-06,17.31842613220215,2.088733162963763e-05
430,0.923762311936295,-0.005474067678727532,-0.26621072337483354,22851.1288046875,1.770829505639634e-06,10.093598365783691,1.7469244994572364e-05
431,0.8179914024990258,-0.012259151165401317,-0.5961777769728883,30796.492103027344,1.55362616161837e-06,10.03170108795166,1.9714289010153152e-05
432,0.6127050386169193,-0.03915754575279114,-1.9042801792426516,36916.59277929687,1.4032782218059195e-06,11.213563919067383,3.000711694767233e-05
433,0.870547516923994,0.010176155947047873,0.4948791273381638,33401.83965429688,1.4847118877072877e-06,12.113377571105957,1.5958659787429497e-05
434,0.9866428678992197,0.0025653327292366303,0.12475532302990572,29221.739611816407,1.5767681649074976e-06,8.094975471496582,1.0834661225089803e-05
435,0.18063761340232035,0.0278778210334208,1.355733129179402,41981.33702880859,1.334904191656714e-06,7.486163139343262,1.7056150682037696e-05
436,0.9272334489443332,-0.007668101106308048,-0.37290929930485306,37135.11911572266,1.4229620893878515e-06,9.472627639770508,1.2232818335178308e-05
437,0.8714590883487189,0.007292804813522545,0.35465817355232193,48144.78873925781,1.2628684046472574e-06,7.157595634460449,8.700715625309385e-06
438,0.48892368040621054,0.052087318428723745,2.5330711148220773,37743.002092285155,1.4309889083223087e-06,14.22860336303711,4.677537071984261e-05
439,0.9637733147262766,0.011593537052265323,0.5638081343330991,40396.59688574219,1.3736754977400497e-06,41.411739349365234,4.364980850368738e-05
440,0.8710001392800016,0.010009329446765794,0.4867661470235857,56517.21771728516,1.1467264139167687e-06,17.381311416625977,1.6891794075490907e-05
441,0.24741075799404458,-0.03405818980491966,-1.6562921536462678,27679.20062890625,1.595854172132082e-06,11.286974906921387,4.43413300672546e-05
442,0.8449412972548782,0.00514879649938708,0.25039238114247464,21039.23838574219,1.8418085861633858e-06,5.317013263702393,1.0617823136271909e-05
443,0.9623402913829094,-0.0038789447730329663,-0.18863791143338063,21913.399565185548,1.8432442349512798e-06,5.0057854652404785,8.335119673574809e-06
444,0.39907879079860314,-0.025871931797372346,-1.258184239418072,22101.09864868164,1.8161859235771896e-06,6.921855449676514,2.1147399820620194e-05
445,0.902616452456136,0.0030358826855769595,0.14763875297874296,28523.643598144532,1.5952076454366858e-06,5.105412006378174,7.921888027340174e-06
446,0.9059368504538488,-0.005185940365839141,-0.25219873359141615,31312.201061523436,1.5191225973283027e-06,10.459004402160645,1.2117725418647751e-05
447,0.7818687718379228,0.01922310550236932,0.9348435426151034,40430.24158496094,1.3530070258227292e-06,11.32801342010498,2.2202004402060993e-05
448,0.5215999988398196,-0.040458015515132256,-1.967523642144156,55375.635814453126,1.175752730887035e-06,19.300203323364258,2.8201844543218613e-05
449,0.46898819237101413,0.08808191068275681,4.283532929308763,54683.9840234375,1.1672121196180666e-06,29.517980575561523,6.878692511236295e-05
450,0.9872701220644774,0.002571825493167777,0.12507107421974384,32356.274162597656,1.4917261841009517e-06,15.726405143737793,2.094352566928137e-05
451,0.10312879498306382,-0.018840407367434538,-0.9162324560676912,32596.061024414063,1.4684611514062027e-06,12.793817520141602,2.6189898562734015e-05
452,0.3463509691083205,-0.014673278340327396,-0.7135797857301687,25898.602156005858,1.67633850243688e-06,4.063464641571045,1.6343108654837124e-05
453,0.684096284224163,0.039029936369365685,1.898074376124229,23571.99264892578,1.7521914122196294e-06,12.069076538085938,4.1508163121761754e-05
454,0.3383198652312963,-0.019858197655856093,-0.9657288643743501,36179.43126220703,1.4315901380091323e-06,8.287954330444336,1.775040254869964e-05
455,0.9690837694723784,-0.003881338308170067,-0.18875431202571286,63835.836375,1.0598222825728227e-06,13.949005126953125,1.2633518053917214e-05
456,0.966991187983898,-0.013001620940992123,-0.6322850061202494,82469.34023144531,9.585645850193386e-07,49.20226287841797,3.659526919363998e-05
457,0.9842478554116647,-0.06342654302602314,-3.0845117179931494,29678.862600585937,1.6249354119750318e-06,214.9989776611328,0.0002923188148997724
458,0.34008719198438775,-0.07474349985748216,-3.634869412000465,59063.95377929688,1.1188539158377664e-06,28.160354614257812,5.9774403780465946e-05
459,0.9688357333831666,0.010545457691228798,0.5128387307321878,22017.89566503906,1.7979989470311584e-06,17.35373878479004,3.975677100243047e-05
460,0.5949022150217883,0.01700510376832383,0.826979358114531,18604.94755371094,1.960064171804024e-06,3.374375104904175,2.238394517917186e-05
461,0.7859351990596698,0.010827054345289308,0.5265331264497809,20366.069269042968,1.8860387211367666e-06,3.4203550815582275,1.2779308235622011e-05
462,0.6368312967552954,0.01948463342785024,0.9475619710875072,26725.670357421874,1.6665130102656596e-06,5.901607990264893,2.2181839085533284e-05
463,-0.13030517495852628,-0.014942014300147662,-0.7266487498824739,20478.37689916992,1.8909660188744893e-06,4.891788959503174,1.3530000614991877e-05
464,0.785354468518557,0.008122067186957155,0.3949862347411589,16899.226599853515,2.0463439687205002e-06,1.9272162914276123,1.0543026291998103e-05
465,0.5922758848583157,0.030729722557476236,1.4944246493195161,17903.818900634764,1.9801043842722607e-06,9.119251251220703,3.802174251177348e-05
466,0.9807483090184698,0.003555950879048447,0.17293031642182963,19911.143436035156,1.8919277097046917e-06,7.761420249938965,1.3343798855203204e-05
467,0.9990542609047837,0.0006682410641741408,0.03249739453786192,33757.905783203125,1.4858652809509153e-06,13.79199504852295,1.6504367522429675e-05
468,0.9380304157570415,-0.015860601125265102,-0.7713207703157232,51739.67614526367,1.2160542410133628e-06,21.46880531311035,2.112930451403372e-05
469,0.15101880795154954,0.1013120154778805,4.926929389590278,33783.25473339844,1.522837512250312e-06,37.759098052978516,9.569785470375791e-05
470,0.2859771676065996,0.041204693778331636,2.00383553528114,47489.336325683595,1.2620783854096419e-06,6.21178674697876,2.62590419879416e-05
471,0.9832159530583481,-0.0017194190742555629,-0.08361748929791468,26734.594987792967,1.6335912759202515e-06,8.088581085205078,1.1041007383028045e-05
472,0.9941022794736423,-0.0008198119633598707,-0.03986847598641766,24424.463291503907,1.720977830176376e-06,5.290844440460205,7.58023998059798e-06
473,0.8052995772532681,-0.004330433807225246,-0.21059438501795102,20627.170570556642,1.8691105480794783e-06,2.2981348037719727,3.904221557604615e-06
474,0.9971964973416423,7.720932536928338e-05,0.0037547855752155515,30364.169193847658,1.5785683723801942e-06,2.4201433658599854,3.005716507686884e-06
475,0.6355952708522795,-0.012706194071404876,-0.6179180298106938,26472.61388720703,1.647707123233757e-06,4.0340189933776855,6.758412837370997e-06
476,0.9973865465824282,0.0003833891190745993,0.018644689966020672,32306.854817993164,1.5064837342291514e-06,4.315845012664795,5.696143489331007e-06
477,0.856824624452139,0.01573558752428053,0.7652412033277003,70213.71855175782,1.049039131564772e-06,13.47063159942627,1.4228788131731562e-05
478,0.8946942506026573,-0.025651316210621302,-1.2474554288911237,48955.52243701172,1.2579927123247256e-06,32.33100128173828,3.8747599319322035e-05
479,0.8226425218869208,-0.09205594816978285,-4.4767953177609705,37006.40474560547,1.4055239488394975e-06,91.59607696533203,0.0001132004035753198
480,0.36038316986872343,0.02279227850952627,1.1084168675810173,35241.76270654297,1.4252822994685716e-06,7.20435094833374,2.138078707503155e-05
481,0.9598219907432631,0.002479578450705071,0.12058498574871229,16319.001948730469,2.0759372004988013e-06,3.366285800933838,7.973063475219533e-06
482,0.15593702049412636,0.0059534554280054,0.2895239461923418,18293.534159179686,1.996726923859842e-06,1.1239125728607178,4.406659627420595e-06
483,0.6789641620560335,-0.026708710204009275,-1.2988778146548032,17778.173357421874,2.0339894413582526e-06,5.5232648849487305,2.2688078388455324e-05
484,0.5129948538034798,0.022332532093575965,1.0860588272457234,16738.06509863281,2.083642352300563e-06,4.146264553070068,1.587169936101418e-05
485,0.9969901871162562,-0.00045263987958981875,-0.02201244062841279,16985.143509521484,2.058754357486721e-06,2.3650059700012207,4.052747044624994e-06
486,0.9820018369471221,-0.0008765996159484546,-0.04263013020072578,15617.480284179688,2.1680902482625254e-06,1.9968889951705933,3.563874315659632e-06
487,0.3776998012073047,0.008509910000861747,0.4138475134291259,16693.80196435547,2.0794826179667226e-06,1.6012276411056519,6.498316906800028e-06
488,0.6107170028892787,0.008189881035243202,0.39828410657369284,17821.980696533203,2.0079982114171176e-06,2.952411651611328,8.332080142281484e-06
489,0.9229546924064386,0.0018476494863876435,0.08985349381517511,21515.902649169922,1.8192631479234964e-06,2.2615270614624023,3.621260020736372e-06
490,0.7007896473043178,0.038808909853780986,1.887325581616723,31819.697590820313,1.5273968796024024e-06,10.508724212646484,3.350914630573243e-05
491,0.8163621165725509,-0.012543119774810919,-0.609987523830868,38565.81022851563,1.3845283930117645e-06,9.299089431762695,1.1386981896066573e-05
492,0.877356545231355,-0.061383435332185314,-2.985152848313319,46437.20327441406,1.272934458133918e-06,56.22684860229492,7.69569305703044e-05
493,0.8936394192149033,0.044710860690368885,2.174344795433968,36602.24349902344,1.461790783596286e-06,71.35545349121094,0.00010192225454375148
494,0.8738970921826146,-0.040656497597243185,-1.9771760727965981,41238.69674633789,1.3369675499801704e-06,41.727718353271484,5.202169268159196e-05
495,0.7155507369904817,-0.01636489814119448,-0.7958453617686255,36498.847870117184,1.3828629996837107e-06,19.115304946899414,2.2229654859984294e-05
496,0.48137578744187354,-0.00943756100262043,-0.45896033605227854,17414.746701904296,2.022590007767046e-06,5.133931636810303,8.50436572363833e-06
497,0.9872900574205588,0.002022413092647443,0.09835246547071563,17337.324193847657,2.0199361726572347e-06,4.681741714477539,9.140278052655049e-06
498,0.9968722548663603,-0.0005318136295574392,-0.02586275861645744,16632.790248535155,2.104066397906671e-06,6.1603264808654785,1.0270664461131673e-05
499,0.6677274232682967,0.02193681608102342,1.06681466510977,18245.59819140625,1.9806848561272663e-06,6.890410423278809,3.2654534152243286e-05
500,0.8954531994490332,-0.0063009040618131375,-0.3064208056339949,14655.496069580078,2.1956957277991932e-06,8.429519653320312,1.495581182098249e-05
501,0.8703094735732537,0.008608205819054209,0.41862776139124447,16615.971616455077,2.0690723959382077e-06,9.799283981323242,2.0032668544445187e-05
502,0.8813665636105641,-0.009699916519231725,-0.4717190113112417,20846.93679296875,1.85722390877882e-06,13.76422119140625,2.357206176384352e-05
503,0.5831998654866685,0.09487053723008686,4.6136722863556665,31036.279944335936,1.5330352099852297e-06,22.145845413208008,0.00012299498484935611
504,0.857755132973574,0.012505944000121824,0.6081796196446514,48796.97269921875,1.2377816988694642e-06,10.395221710205078,1.5261704902513884e-05
505,0.894393591873444,0.023105202102268955,1.1236347313112747,47082.01417724609,1.271960845116386e-06,32.02690887451172,3.697595820995048e-05
506,0.8527133541289403,-0.03658552868142336,-1.7791997883366344,39323.38335058594,1.4007174063711855e-06,53.38712692260742,8.612612873548642e-05
507,0.04864479855003141,-0.10466922939183484,-5.090194880083007,43908.862922851564,1.2965144351716035e-06,15.195185661315918,6.736281648045406e-05
508,0.9511548474074497,0.026247232649627573,1.2764355869032897,20916.913611816406,1.8259558087174168e-06,19.920373916625977,7.352769171120599e-05
509,0.06956621471340027,-0.017935449366783592,-0.8722232223285258,19594.861397705077,1.9114426387759096e-06,6.099610805511475,1.4836835362075362e-05
510,0.10521253319259256,-0.03976864053381306,-1.9339984789156008,19532.026822265623,1.9226319184760105e-06,4.643766403198242,3.0069570129853673e-05
511,0.4861489167586701,0.047003470263887806,2.2858372520132435,21773.824457763672,1.8462704464283206e-06,15.342841148376465,4.674475349020213e-05
512,-0.08395397977778175,-0.02950403981570319,-1.4348181722963274,22000.04446533203,1.8048471321416137e-06,6.571976661682129,2.4750615921220742e-05
513,0.7117528011238187,-0.038522640141642625,-1.8734039292694553,24453.526082519533,1.7098070550157955e-06,24.832923889160156,4.723256643046625e-05
514,0.8552514677283735,0.014631514867868201,0.7115487760922696,33866.76969970703,1.4755505550933945e-06,20.590755462646484,2.887201844714582e-05
515,0.8799785766358288,-0.025105020359338474,-1.2208883818098795,49610.006453125,1.2212916779181831e-06,37.695457458496094,4.576020364766009e-05
516,0.9713750994845985,0.008821538108449734,0.4290023761041544,54363.827235351564,1.1637502701773829e-06,41.1700439453125,4.108569191885181e-05
517,0.9628973165982928,0.00583085540338505,0.28356175442646603,47611.33232128906,1.2487758754636214e-06,12.094808578491211,1.347941633866867e-05
518,0.3450265970878723,0.052209231562457395,2.538999902229337,47426.16034716797,1.2420915972613362e-06,27.805912017822266,5.3568510338664055e-05
519,0.42238208089762036,0.03025867795582584,1.471517164153693,38399.33286914063,1.3693942096592856e-06,29.9508056640625,6.194432353368029e-05
520,0.5599599637438045,-0.010022417462589368,-0.48740263352035945,21478.60332373047,1.824235026470891e-06,7.992681503295898,1.519857960374793e-05
521,0.8075882427836436,-0.013641902431153886,-0.6634226917798286,25884.898423339844,1.6852595724680627e-06,15.715079307556152,2.63528163486626e-05
522,0.5538327523565535,0.015581995451151054,0.7577718296750268,26280.67946972656,1.6810302177738433e-06,4.367431640625,1.4514940630760975e-05
523,0.7960777197612999,-0.016382265305406186,-0.7966899485766646,46623.80384765625,1.2710420789094541e-06,13.923681259155273,1.5673271263949573e-05
524,0.7053432873006807,-0.03871894495679879,-1.8829504767204057,75313.37348730469,9.916532010677645e-07,23.753734588623047,3.396984175196849e-05
525,0.884172342036608,0.010533944432482486,0.5122788266317748,54563.251499023434,1.1688592415155938e-06,15.574983596801758,1.9805429474217817e-05
526,0.7688897452840802,0.05709581468480074,2.776640520536903,34754.59370654297,1.485928292067959e-06,30.5472469329834,7.14887646608986e-05
527,0.5850224325240195,-0.02356672102906321,-1.146078971054696,59377.90824804687,1.108861252155652e-06,11.545286178588867,2.09230202017352e-05
528,0.9842530311747019,-0.0011739607709038541,-0.05709117321484031,19598.764122558594,1.88853706811999e-06,3.4358363151550293,6.2710487327422015e-06
529,0.9715160966435973,-0.0024122243744541458,-0.11730947320240588,18293.742040283203,1.9843136433650753e-06,4.930187225341797,8.956662895798218e-06
530,0.8407042145631339,0.0030698566512212377,0.14929094920664515,21766.99078808594,1.8377498682365075e-06,2.77237606048584,3.924580596503802e-06
531,0.7637820191723603,-0.005496237806940204,-0.2672888842992488,25973.130271484373,1.685968615333018e-06,2.6854159832000732,4.105138486920623e-06
532,0.9994497892495374,0.0013552464762524785,0.06590732266544273,22582.025197753905,1.7857447792363345e-06,23.48116683959961,3.43470492225606e-05
533,0.8974255835267692,-0.010488139150232658,-0.5100512587539605,29472.25462207031,1.5694766283955435e-06,10.477436065673828,1.4787451618758496e-05
534,0.9503874736531435,0.01270073850137,0.6176527186507587,38302.36724609375,1.3771739731075783e-06,18.60856819152832,2.346089604543522e-05
535,0.9361764606010573,-0.014734032240157902,-0.716534323483615,53472.52338476563,1.1884461045052396e-06,24.29022789001465,2.76791524811415e-05
536,0.8872490822222001,0.009396346320387933,0.4569560147660412,54999.116731201175,1.1964265251491414e-06,8.430024147033691,1.1790525604737923e-05
537,0.7467187419949497,-0.07692775738440688,-3.741092573716055,34207.29053662109,1.4703801496825049e-06,52.09794616699219,0.00011045296560041606
538,0.6693731036970848,-0.15678566177357464,-7.624681842670874,49906.56649804687,1.1998335844741839e-06,191.89810180664062,0.0002274027356179431
539,0.930442525415071,-0.0069470827742181525,-0.3378452805500127,20161.496041015624,1.8609733555175776e-06,13.7991361618042,2.4354949346161447e-05
540,0.9419205880206384,-0.012085905765507957,-0.5877526375822669,21950.024771972658,1.8138992140798754e-06,16.92314910888672,3.248134453315288e-05
541,0.9546135379229007,0.00968854474000994,0.4711659875361697,28970.105827392577,1.6194314610318048e-06,19.73382568359375,2.4561904865549877e-05
542,0.9129260519441492,-0.009749472140953185,-0.47412896286464057,29123.69679589844,1.5876782271402544e-06,10.651772499084473,1.54441331687849e-05
543,0.7405206965054051,-0.015073232273682667,-0.7330300432286047,23641.886137695314,1.7448508188993886e-06,10.080714225769043,1.5500878362217918e-05
544,0.8868381602164509,-0.004881911181616797,-0.23741341601607618,36232.5341796875,1.4141794915032597e-06,8.088769912719727,9.097352631215472e-06
545,0.3479638567697348,0.018299736240151014,0.8899389463141745,45798.15747216797,1.3013339178821427e-06,6.828765869140625,1.5025755601527635e-05
546,0.9949575731017669,-0.0035681424903211767,-0.17352320964977244,45454.751942871095,1.303554616256853e-06,25.758501052856445,2.7074092940893024e-05
547,0.8015676730835,0.08191076170692968,3.9834222749789143,34093.967168457035,1.5031568804553352e-06,54.38216018676758,0.00011197924322914332
548,0.6659002493754657,0.03588948566894305,1.7453503504547385,37261.647764648435,1.4023644474709783e-06,13.512714385986328,2.7523026801645756e-05
549,0.826632544556579,-0.0022365024252175136,-0.10876389613529998,37366.02588574219,1.3874218871061639e-06,3.214353322982788,3.366511691638152e-06
550,0.9992708806130882,1.4689287891484604e-05,0.0007143583501258976,24025.58512890625,1.7215699810292796e-06,2.911078453063965,4.511402494244976e-06
551,0.6194188327140732,-0.009335080991045559,-0.45397660555898844,22510.359081787108,1.7962811129878276e-06,2.8453352451324463,8.025240276765544e-06
552,0.8971173335086454,-0.005756352433423908,-0.27993858228264995,22415.83470751953,1.813077017917275e-06,4.708924293518066,8.817532943794504e-06
553,0.6727135592910397,0.01089917895318813,0.5300406358867731,33566.1789362793,1.4896456003138864e-06,2.093783140182495,9.287253305956256e-06
554,0.9589766981819295,-0.010049058942986125,-0.48869824186582406,34281.26689111328,1.473008313394979e-06,12.569971084594727,1.528196662547998e-05
555,0.9019229363881334,0.03172055029347033,1.5426098351483022,76199.25206152344,9.887649902371601e-07,39.389713287353516,3.827601904049516e-05
556,0.8480237680067453,-0.03334995484028895,-1.6218498059591229,55139.751658203124,1.1857038555286204e-06,27.17156410217285,4.799941598321311e-05
557,0.8015558059023468,0.042103865054184494,2.0475633533921322,35436.76305908203,1.4348195004481378e-06,34.3453369140625,5.58244064450264e-05
558,0.20993326630683545,-0.010089930262434186,-0.4906858649925591,40586.581454101564,1.334643346376085e-06,3.9831526279449463,1.0529097380640451e-05
559,0.8795250803676227,-0.004382352436441192,-0.21311925256643183,18448.978648925782,1.9607249360103397e-06,5.028284549713135,1.0728076631494332e-05
560,0.46026304712039273,0.005365434167556817,0.26092774053852597,21597.648947753907,1.8396662727379622e-06,1.7037105560302734,5.113665793032851e-06
561,0.9339824975335155,0.0014574539376774468,0.0708777987057702,26321.601203125,1.672427261835693e-06,1.6554796695709229,2.536445890655159e-06
562,0.780770319133043,-0.006771355817513792,-0.32929945996351967,33038.915919433595,1.4877252881420282e-06,4.486690521240234,7.010686204012018e-06
563,0.9911218886149338,-0.008419227380087147,-0.40943750473161855,36033.70793652344,1.4372244630762786e-06,28.97652816772461,3.5043129173573107e-05
564,0.9910808268724222,-1.4862953707445836e-05,-0.0007228039348730837,47786.32269238281,1.2452502624389163e-06,16.314992904663086,1.6569143554079346e-05
565,0.5604855381459983,0.02794084080881924,1.3587978592814671,42637.83709960937,1.3430601368775606e-06,7.866405487060547,2.0094184947083704e-05
566,0.9629103926309491,0.015463399927274201,0.7520043817636751,33795.38202246094,1.4892656957095975e-06,36.80926513671875,4.8298839828930795e-05
567,0.7506933577638458,-0.05297959909448271,-2.5764638339892407,40588.14186669922,1.3536792521707428e-06,37.90694046020508,6.665360706392676e-05
568,0.37130990699071315,-0.02096727023544016,-1.0196644440957356,23025.880344726564,1.7462148663843872e-06,6.919089317321777,3.2666383049217984e-05
569,0.7623999341479051,0.00921115548713675,0.4479499540858332,24047.691208984375,1.7243216271198341e-06,11.499004364013672,1.628637983230874e-05
570,0.599984111063922,0.011315588957011312,0.5502911725706847,22653.137609375,1.7706858478033697e-06,6.051636219024658,1.70773910213029e-05
571,0.7618832897737232,-0.027581072646339414,-1.3413018858295545,27637.06154272461,1.627111743365203e-06,11.166071891784668,3.18419151881244e-05
572,0.5156080555458054,-0.031162387536398793,-1.5154656856708797,23810.382704589843,1.7326100283417737e-06,11.708852767944336,4.296299084671773e-05
573,0.47840908172249025,-0.03428542492851303,-1.6673428804874852,36249.36706787109,1.4153009867108618e-06,15.909116744995117,4.621701009455137e-05
574,0.998722105014308,-0.0008389302518455635,-0.040798222147073133,31807.948432617188,1.5157444622028761e-06,37.057029724121094,4.454100053408183e-05
575,0.5814779561278909,0.029962837838056033,1.4571300910707559,38871.1707565918,1.4094264079406176e-06,14.449152946472168,2.6419764253660105e-05
576,0.46971501844604996,0.12722666340673858,6.187190967640237,38411.36440917969,1.3885746909450916e-06,54.668636322021484,8.563059236621484e-05
577,0.8849265915109406,0.007815440969299118,0.3800746201979844,64173.07792578125,1.0623774429612296e-06,14.54498291015625,1.4703036868013442e-05
578,0.5009147624117359,-0.01385193086812155,-0.6736366360377198,36272.16715283203,1.3889815009963676e-06,13.547306060791016,1.7182213923661038e-05
579,0.6692150867580976,-0.04269850680084385,-2.0764815215291867,27137.483931152343,1.6408286231929825e-06,24.043569564819336,7.146847929107025e-05
580,0.9673836259824311,0.004038816950712655,0.19641269438555506,22614.776709960937,1.8101678783417848e-06,7.632933616638184,1.3426195437205024e-05
581,0.9648137230737305,-0.0033241878886118527,-0.16165939378135866,42675.02559033203,1.3237891560935774e-06,9.419469833374023,1.0362414286646526e-05
582,0.9725961497028954,-0.006906602031315521,-0.3358766516467316,49874.021376953126,1.2245929958692373e-06,24.43085479736328,2.81860375253018e-05
583,0.5866332983548639,0.013722930334365785,0.6673631795475281,78893.79081445312,9.801927083542012e-07,8.425424575805664,1.186641111416975e-05
584,0.547618482719731,0.018255190869551106,0.8877726495077825,55285.58886865235,1.1884741706087385e-06,7.833834648132324,1.1686506695696153e-05
585,0.9692558260366657,-0.014234026628386598,-0.6922184283553224,28692.852139648436,1.6231466602451244e-06,45.259132385253906,5.5096734286053106e-05
586,0.5285459318373482,0.007081007578001077,0.34435821041959236,47292.255310058594,1.241582458484137e-06,4.758437633514404,8.688650268595666e-06
587,0.9577421805373796,-0.00196796738747068,-0.0957047030734615,16962.32519262695,2.0565950186491096e-06,4.033875942230225,7.16044951332151e-06
588,0.9921355988885291,-0.0009534110905802131,-0.046365567799473435,17930.102807617186,2.012121718982705e-06,3.4790549278259277,6.218390353751602e-06
589,0.5950292329192984,-0.005731471087598141,-0.2787285714717576,19882.99853125,1.8999839716223395e-06,1.578884482383728,4.140154942433583e-06
590,0.7728630248646267,-0.02148805297434174,-1.044990756772298,24914.061786865233,1.732469971512331e-06,11.029792785644531,2.125773244188167e-05
591,0.9554399283869818,0.011915045555202047,0.579443492929513,23870.582420410155,1.7306913512309949e-06,16.46622657775879,2.5091818315559067e-05
592,0.903224887371445,0.01129846863986609,0.5494585902426754,24102.20924511719,1.7376561190137711e-06,10.037213325500488,1.7470434613642283e-05
593,0.6741624439859318,-0.0068614675056098496,-0.33368170349437704,32393.160979492186,1.5092903944430533e-06,2.9474973678588867,5.852824415342184e-06
594,0.9800213613676446,0.005560709728983304,0.2704242340997557,42022.174883544925,1.3505435226503758e-06,12.92758560180664,1.4287448721006513e-05
595,0.8889911635999486,0.011099484654614135,0.5397817514158958,53261.33514599609,1.1913024491667838e-06,12.79200553894043,1.3290066817717161e-05
596,0.9423618231936547,-0.06976323347291193,-3.392672860067443,35828.41421728516,1.4630068275064638e-06,191.2799072265625,0.00023733492707833648
597,0.9268466604031294,-0.00867146187804632,-0.4217039822585109,43039.26825683594,1.283660196782309e-06,18.535255432128906,2.3358537873718888e-05
598,0.9657304401317612,0.008920808283633416,0.4338300082592867,16326.527049316406,2.069049034554591e-06,18.30846405029297,3.826888860203326e-05
599,0.800936395740448,-0.015285507736254983,-0.7433532631379426,18893.47674560547,1.9775137555194677e-06,12.501294136047363,2.512286118871998e-05
600,0.16912898864474235,-0.020570363078502046,-1.0003623551260015,22790.821576660157,1.7811156868533058e-06,8.983872413635254,1.5231835277518257e-05
601,0.7015835923391681,0.014316078173891075,0.6962086971215733,21137.52867675781,1.8395475941817273e-06,5.888144016265869,2.136981493094936e-05
602,0.9976054255706418,0.000805853140605667,0.03918964106493905,21170.141211914062,1.8388414310207844e-06,10.651871681213379,1.6689951735315844e-05
603,0.8169292991415993,0.01507198846181765,0.7329695551097575,17375.331655517577,2.0093925881307798e-06,7.546647071838379,2.668469460331835e-05
604,0.8190964284476826,0.012937558146117334,0.6291695526830724,17180.92490234375,2.0375880345650127e-06,4.984634876251221,2.2121830625110306e-05
605,0.7496831572467028,0.01585410916560155,0.771005058238419,19496.306719726563,1.912369312041349e-06,7.481617450714111,2.4881583158276044e-05
606,0.9973608345728877,0.0005478711489728885,0.026643655768278162,25235.79034033203,1.6862759094366864e-06,11.981149673461914,1.8625638404046185e-05
607,0.6900501350141705,-0.039182724398635564,-1.905504648123424,39654.90836083984,1.3645414777825016e-06,10.722113609313965,4.19743919337634e-05
608,0.42892403924669753,0.0687397953771993,3.342901791863853,42868.30741699219,1.3034176474742923e-06,17.59966278076172,5.4258507589111105e-05
609,0.5729744645272538,0.08766711425915505,4.263360863039027,46266.017124511716,1.2775253920655903e-06,16.74952507019043,7.71302729845047e-05
610,0.6525430020239026,-0.012494883447210661,-0.6076417311923679,49860.62625488281,1.1940626629738065e-06,9.691036224365234,1.941008486028295e-05
611,0.5239895620741962,-0.011234243050244392,-0.5463352198943675,18107.194436035155,1.9688634673012198e-06,5.217121124267578,2.01399925572332e-05
612,-0.0806750516020035,-0.01926512885631135,-0.9368871906129198,17536.964206054687,2.0216746032810514e-06,3.551508665084839,2.1049409042461775e-05
613,0.5844678702780458,-0.015189842415087607,-0.7387009395196544,22090.790739746095,1.8178812372525075e-06,4.677698612213135,1.357760265818797e-05
614,0.892674192089223,-0.006581134408388275,-0.32004875611828426,29520.814079589843,1.5908902721460092e-06,5.417994976043701,9.168264114123303e-06
615,0.6367653276921802,-0.026318461643870018,-1.2798995415336336,27152.814720703125,1.6445504292770634e-06,12.64853286743164,2.6252862880937755e-05
616,0.5234805332074891,-0.048186820359711786,-2.343385039783417,39263.87025195312,1.3797985913493403e-06,18.57737922668457,4.987189458915964e-05
617,0.8484791739896925,0.023582568210377484,1.1468496392029033,33022.60263085937,1.5129762626515113e-06,26.519275665283203,4.904707020614296e-05
618,0.7746920403991754,0.02928403098565158,1.4241188691027464,51094.460583007814,1.2339660495179934e-06,24.670028686523438,3.208813723176718e-05
619,0.7077727040036494,0.06487813790322235,3.1551045832966027,60075.7320078125,1.120742048773607e-06,43.65324783325195,6.603189103771001e-05
620,0.22893272538119375,0.015810822253539546,0.7688999618368034,36466.846717773435,1.4029679336651038e-06,4.108664512634277,1.4822276170889381e-05
621,0.9643448586969351,-0.002376197996725805,-0.11555746562074845,17698.109123046874,2.0116639206072254e-06,3.40925669670105,7.17882494427613e-06
622,0.7931769996736815,-0.003970135769666014,-0.19307264308152836,19341.759912597656,1.9391875258920718e-06,2.2381694316864014,4.233429990563309e-06
623,0.731650705380007,-0.0101522770810707,-0.49371786836983633,22147.105853759767,1.8275064039659817e-06,4.188326835632324,9.57109295995906e-06
624,0.6859723785619749,-0.008679421700879118,-0.42209107834840576,22631.054302490233,1.7896940354167074e-06,2.073889970779419,6.508953902084613e-06
625,0.9839138684664543,-0.0024500814420712943,-0.11915050951154295,23094.016037597656,1.784177845202055e-06,4.599822521209717,7.377671863650903e-06
626,0.914177263247265,0.014875744234361,0.7234259541140325,28269.373558105468,1.6157298108301429e-06,10.966510772705078,1.7607177142053843e-05
627,0.48207729730486143,0.027855303494452425,1.3546380732376047,54086.07669335938,1.1640952334867064e-06,8.630890846252441,1.647979297558777e-05
628,0.5183526130983812,-0.04733055138739938,-2.3017436140830143,58244.74648535156,1.1535131082336392e-06,13.978714942932129,3.6472309147939086e-05
629,0.502913480142935,-0.06584157468279862,-3.20195771282834,41901.09016894531,1.3549575262870597e-06,19.101152420043945,6.650981231359765e-05
630,0.9871418159836728,0.02449691126625612,1.1913152798569457,47487.177682617184,1.2437834789631214e-06,101.08878326416016,0.00011382100638002157
631,0.988434777194214,0.002971766089347585,0.14452068311473978,34904.6672890625,1.423818725148501e-06,16.63461685180664,2.13559851545142e-05
632,0.8908323710715677,-0.006886064719382823,-0.3348778966099563,24240.149072753906,1.731550843104575e-06,9.161067962646484,1.6845957361510955e-05
633,0.9283022601434073,-0.00850888483499187,-0.41379765833711457,27835.51888671875,1.6337002231531304e-06,11.212039947509766,1.62101296155015e-05
634,0.9597898083124763,-0.006319590170182993,-0.30732953433779414,35692.97686328125,1.450359758242148e-06,13.631014823913574,1.6960948414634913e-05
635,0.9206794434421348,0.006475365376954068,0.31490507649624105,49225.76416796875,1.2344531124705412e-06,12.089822769165039,1.3824515917804092e-05
636,0.6851048862203697,0.00870761893500948,0.4234623449339804,53134.84620605469,1.1814063296689837e-06,3.5878987312316895,8.452716429019347e-06
637,0.8381014330179422,0.013726474653174005,0.6675355441818701,49453.49460595703,1.2730350536551134e-06,15.498088836669922,2.0460449377424084e-05
638,0.7514691663340716,0.03068298047253021,1.4921515235607894,38040.13066796875,1.431318628426931e-06,17.68903923034668,3.2863423257367685e-05
639,0.4674046654934486,0.0319847499320096,1.5554581923515247,32158.394580566408,1.518464231125382e-06,20.519811630249023,2.4562992621213198e-05
640,0.6817816001739165,-0.008652133320045455,-0.42076401042966455,46111.856799804686,1.2459132401105162e-06,5.115075588226318,9.097516340261791e-06
641,0.9816453649903276,-0.0021048097190174107,-0.10235951594888837,24874.44469628906,1.7113960766345784e-06,8.776406288146973,1.2835475899919402e-05
642,0.7152516957690067,-0.008714023633933586,-0.4237738134129344,21440.291470214845,1.828097421885549e-06,4.4056196212768555,9.906942977977451e-06
643,0.8733067362780415,0.010629736992162528,0.516937338017275,29697.25380859375,1.582685268021662e-06,8.853283882141113,1.6145686458912678e-05
644,0.6474669392751807,-0.020406728975269708,-0.9924046250527044,79508.27961572265,9.760282996944932e-07,19.48617172241211,2.095895069942344e-05
645,0.9840500692581222,-0.005018314502019843,-0.24404687923326185,39379.11293261719,1.3787093179133559e-06,40.767818450927734,5.1084309234283864e-05
646,-0.007826226539265378,0.0822141112732498,3.9981745418899237,38865.93306835937,1.4003734945431567e-06,16.075456619262695,5.539433186640963e-05
647,0.8008433225024197,-0.027854507905416062,-1.3545993827527019,47707.93148828125,1.2411954213098968e-06,20.92734146118164,2.667352237040177e-05
648,0.8116890283579268,-0.006863655550307694,-0.33378811083092735,19568.778028808592,1.8914603316604636e-06,8.017035484313965,1.4920697140041739e-05
649,0.5387767177402456,0.004813607984122049,0.2340917465225566,19997.566665039063,1.9187750670260726e-06,2.084519147872925,5.500127826962853e-06
650,0.8024277297511135,0.0034332982698496613,0.16696556740246613,30079.03440576172,1.5816066026702087e-06,2.8122591972351074,4.027604973089183e-06
651,0.5782149814842886,0.01127856869986528,0.54849083139612,33589.448485595705,1.4983903977094434e-06,3.6722936630249023,9.304437298851553e-06
652,0.9710764901521184,-0.002401691366114408,-0.11679723989912921,61188.29778222656,1.1285561724408941e-06,6.411795616149902,6.504375960503239e-06
653,0.7493090869799838,0.024334483687649216,1.1834162245776334,54662.77803564453,1.1874724054694598e-06,14.491731643676758,2.1319758161553182e-05
654,0.9882451337048261,-0.0014489395703272576,-0.07046373442589636,34548.82727392578,1.4766034982129318e-06,8.690134048461914,1.0524599019845482e-05
655,0.8467532407493968,0.024327676565797367,1.1830851857709115,36706.29782177734,1.3965521711333564e-06,11.23470687866211,2.6287480068276636e-05
656,0.4650861107735522,-0.015738354110960723,-0.7653757458808138,35726.25515917969,1.4027636624991424e-06,8.881587028503418,1.7431812011636794e-05
657,0.7678777373647842,0.008375886337668231,0.40732977590338443,19533.216115234376,1.9065314858795538e-06,3.763929843902588,1.4117128557700198e-05
658,0.9716042714347114,0.001185627828965754,0.05765855676736455,20524.190954833983,1.889322994595809e-06,3.2091498374938965,4.782473297382239e-06
659,0.8230353106618392,-0.005460644334260548,-0.265557929428834,27237.63215942383,1.6355857338077326e-06,3.983642339706421,6.703133749397239e-06
660,0.962184251956346,-0.0023159699845174495,-0.11262850243680374,30559.56458496094,1.5443668140655416e-06,4.41745662689209,5.7664228734211065e-06
661,0.995765382922954,-0.0009458978708069518,-0.04600019057213544,35666.77524462891,1.4463068037051395e-06,4.147433280944824,4.799903763341717e-06
662,0.8146591141293386,-0.013025316065115968,-0.6334373294935935,51415.661917480465,1.2354712585227944e-06,8.643205642700195,1.233057992067188e-05
663,0.7378352995555519,0.0427716023409432,2.08003624860736,52931.822822265625,1.1969331091859596e-06,15.499752044677734,3.4685050195548683e-05
664,0.9872593894795063,-0.0014640017228939488,-0.07119622564918592,32772.196995117185,1.497395939494098e-06,16.92327117919922,2.2266953237704e-05
665,0.6615579941946125,-0.010513263003503913,-0.5112730630037132,39896.63941992188,1.3366269077739746e-06,5.5764079093933105,1.572393739479594e-05
666,0.798754884440893,0.01097476208462546,0.5337163376273742,25575.317681640627,1.673456285780411e-06,3.0116007328033447,1.5162993804551661e-05
667,0.5396051235399341,-0.00803918505669003,-0.3909555736042862,22542.720291748046,1.8028883987296801e-06,3.586759328842163,9.517436410533264e-06
668,0.9992602319374926,-9.872849337257205e-05,-0.004801289494566379,30014.16709350586,1.5881690395656021e-06,2.21785831451416,2.963678525702562e-06
669,0.7523527258553085,-0.005590007658229521,-0.2718490288585653,34627.392060546874,1.4604825638644208e-06,3.3862497806549072,5.0299490794714075e-06
670,0.9195874372849447,-0.006546845569159261,-0.3183812471961145,48426.176004882815,1.2358341409422908e-06,8.643192291259766,9.348454113933258e-06
671,0.7604826099365781,-0.04514561767756946,-2.195487568751274,49447.17724169922,1.2653839205547753e-06,27.111326217651367,3.697795546031557e-05
672,0.595832655495915,0.03493688919212519,1.6990243983362674,52621.73525048828,1.1988529688792197e-06,19.766569137573242,2.6178418920608237e-05
673,0.9965483676522399,-0.0027349903651654596,-0.13300598499416855,30875.84820605469,1.5444841708901187e-06,22.815303802490234,3.080099486396648e-05
674,0.2048479834399126,-0.020594363652896814,-1.0015295329261358,40056.07751123047,1.3458236180923446e-06,10.123600959777832,1.8580945834401064e-05
675,0.7881008723608938,-0.008911623276429078,-0.43338332992873324,27282.6458046875,1.6266632664978207e-06,11.913064956665039,1.7280561223742552e-05
676,-0.1442310541389158,-0.019430480379387896,-0.9449284409504695,23464.983618652343,1.7710878693443073e-06,6.264379978179932,1.4854575056233443e-05
677,0.5923839279736024,0.021091770916737553,1.0257190671610723,35286.68526318359,1.4361987752948128e-06,9.162459373474121,2.1652193026966415e-05
678,0.3850747805122075,-0.033922774921241856,-1.6497067593370816,51893.95505761719,1.1937858537691355e-06,8.388882637023926,2.83397803286789e-05
679,0.9282001321736943,-0.03659220920706271,-1.7795246706120005,55892.73236621094,1.1585571226693626e-06,107.72040557861328,0.0001002778226393275
680,0.5155599026643994,0.06747956963341875,3.281615445666286,38005.37562646485,1.4143627850827458e-06,30.056171417236328,6.120585021562874e-05
681,0.6309067042173546,0.016611380354694144,0.807832098543869,38553.22181298828,1.393793255272732e-06,5.825652122497559,1.3810401469527278e-05
682,0.9988658008393496,0.0001146611802303199,0.0055761158837592355,30490.003600585937,1.5277721655991322e-06,4.375649929046631,6.152000423753634e-06
683,0.7857465618109523,0.012162247573678233,0.5914652347165202,22553.12902783203,1.7816121011785761e-06,12.913615226745605,2.4405460862908512e-05
684,0.6773133669131387,0.01223978198341792,0.595235829549217,20739.03402734375,1.8715009715807364e-06,4.619433403015137,1.1583411833271384e-05
685,0.9914180638802489,0.00042410107305368514,0.020624562951678513,28731.87434375,1.6035013647938336e-06,1.834654688835144,2.5192332486767555e-06
686,0.9940191920143538,-0.0008976141110597213,-0.04365209124930156,28578.89414526367,1.5994666526035064e-06,4.007005214691162,5.358001999411499e-06
687,0.980691683426413,-0.005378880779555827,-0.26158166601356303,48713.03829296875,1.229673910601057e-06,11.482279777526855,1.1553242984518874e-05
688,0.921395270202158,0.030078212078548095,1.4627408839624059,44425.64556201172,1.3291968867918492e-06,43.98969268798828,4.687732507591136e-05
689,0.9469668349047591,0.0336597569749228,1.6369158692970749,21003.08772192383,1.9177513614208264e-06,48.43808364868164,0.00010640772961778566
690,0.8047657893844474,0.0371324028179413,1.8057949581485035,57470.76779345703,1.1488959913701745e-06,10.08981704711914,3.088161611231044e-05
691,0.923571187072293,0.00944546223881503,0.4593445830010501,18681.79373388672,1.93144166816866e-06,9.215919494628906,2.398465403530281e-05
692,0.9494714856677995,0.0051195872277388175,0.24897189791298271,20580.319070800782,1.8844482142453002e-06,6.731601715087891,1.2761729522026144e-05
693,0.4393292941593908,-0.013666676578753915,-0.6646274894076014,21285.78880810547,1.8515841052860543e-06,2.855604648590088,8.681347935635131e-06
694,0.6849881923074764,0.009951515430043953,0.48395457944422704,20074.66725,1.9183106033310026e-06,1.715329647064209,8.028180673136376e-06
695,0.3007973271262545,-0.007629246655727847,-0.37101975902103773,25455.885836425783,1.7114363187759659e-06,2.009620189666748,4.65324637843878e-06
696,0.6028211806046325,-0.005662442324251428,-0.2753716168079325,27703.923907470704,1.6329187490972432e-06,2.088948965072632,3.981655481766211e-06
697,0.522038279635143,0.012720244582573897,0.6186013236538859,32781.57229052734,1.520924842803002e-06,2.7905750274658203,6.621900411118986e-06
698,0.9804098693774604,-0.012162067884754563,-0.5914564962205497,50989.14069189453,1.238948737173776e-06,23.79365348815918,2.2816240743850358e-05
699,0.9828468429310909,-0.016560156923899418,-0.805341039359746,37587.76113916015,1.47007051602802e-06,58.96159362792969,7.489155541406944e-05
700,0.6543168141878651,-0.2695771253439636,-13.109871078504206,49213.364354003905,1.2302007824096655e-06,205.35678100585938,0.00024131663667503744
701,0.20466650519414598,-0.04367564581182191,-2.124001007625623,40878.907195800784,1.3186721721243343e-06,21.446794509887695,3.944175477954559e-05
702,0.9981665838818543,0.0017432724832569023,0.08477751026182764,17401.323950927734,2.0355638496661026e-06,19.23415756225586,3.5009208659175783e-05
703,0.9618932202216119,0.012904869922747078,0.6275798837019875,20478.55880493164,1.885070120043404e-06,24.018672943115234,4.30100153607782e-05
704,0.8358145986380155,0.06482554141340142,3.1525467505433435,23706.877919921873,1.74463360626132e-06,27.895051956176758,0.0001040015195030719
705,-0.09203394088075224,-0.13662632980869466,-6.644308442104588,24317.48519433594,1.7163368361151986e-06,19.948841094970703,0.00014917054795660079
706,0.7028610830596347,0.06002444841989539,2.9190636235886203,23038.239514160156,1.7833775527514428e-06,16.35041618347168,9.263048559660092e-05
707,0.8011173668422911,0.014533921510020746,0.7068026896508997,18364.311715820313,1.9744825585403955e-06,14.352361679077148,3.1346768082585186e-05
708,0.7074570245533087,0.018505363926178336,0.8999388765773587,17282.587936523436,2.0075405751611465e-06,11.56957721710205,3.38233367074281e-05
709,0.3044655471986763,0.033617984428173896,1.6348844183651745,18153.624110839843,1.96433148652031e-06,7.36460542678833,4.824473580811173e-05
710,0.7557312249332031,-0.013312026076441375,-0.6473803941382539,16180.226088867188,2.0799012573381165e-06,11.52956771850586,2.3485985366278328e-05
711,0.8348021858243,-0.011839488008982225,-0.5757690354298787,20347.567638183595,1.8734566982862685e-06,14.136125564575195,2.197689718741458e-05
712,0.8079018184172564,0.010718453771517946,0.5212517454001925,27068.436006347656,1.6525458173483736e-06,7.85671854019165,1.3515332284441683e-05
713,0.5274516890111343,0.04515190325610576,2.195793244257531,29554.178665771484,1.6116629851279586e-06,11.495002746582031,3.4393789974274114e-05
714,0.5132758907125248,0.08196012570828112,3.9858229077952583,27992.113961914063,1.6545878260075213e-06,27.09453582763672,6.090881652198732e-05
715,0.6571759985540774,-0.0384391339970081,-1.8693429215373463,45989.437864257816,1.2974070134692774e-06,15.964203834533691,3.656086846604012e-05
716,0.8478538787159078,0.019619044165227716,0.9540985325125061,48233.44081152344,1.2198762138419113e-06,15.50942325592041,2.9506340069929138e-05
717,0.9495621393685063,-0.003904451047148326,-0.18987831328468271,18830.914557617187,1.943817632696813e-06,17.833337783813477,3.088284211116843e-05
718,0.5395441512169723,0.011191811886566065,0.5442717396015793,22291.808572753907,1.7947034266394238e-06,5.234925746917725,1.3756199223280419e-05
719,0.5940708121766541,0.008447327487905991,0.4108040479437961,25624.04006347656,1.6994704851287191e-06,3.5845553874969482,9.025552571984008e-06
720,0.5677697493379595,-0.006998960694915774,-0.34036816839258804,28081.131221679687,1.622208696100904e-06,2.3566601276397705,5.596478331426624e-06
721,0.8798456011977724,0.034464226538909466,1.6760382253092512,33430.44703491211,1.470346893793991e-06,23.094730377197266,3.590203050407581e-05
722,0.9938752263076791,0.0012081488850484985,0.05875378375081065,52979.01294921875,1.1994354214539425e-06,21.745574951171875,2.1400839614216238e-05
723,0.8433765654844526,0.013914102780527095,0.6766601335073245,50252.00937890625,1.2405390913296697e-06,9.145548820495605,1.3284617125464138e-05
724,0.9553933544052373,0.021184430602243124,1.0302252229767888,46574.32020068359,1.2764366617806818e-06,60.28178024291992,6.247244164114818e-05
725,0.7772618011341456,0.00799355209239516,0.3887363857630611,48044.627442382814,1.2322319548038985e-06,9.986186981201172,1.2655556020035874e-05
726,0.22654968550079393,-0.005268260183974877,-0.25620204878957487,17647.965390625,1.9946085615559115e-06,3.150533437728882,4.135070412303321e-06
727,0.9612659896962151,0.002128244557916754,0.10349918132785516,20627.484095703127,1.8610477708995697e-06,3.455057382583618,6.226259756658692e-06
728,0.9638520258809438,-0.003395978862423962,-0.16515067817752602,27582.11846044922,1.64929528858262e-06,6.463672161102295,9.195886377710849e-06
729,0.8064003412088879,-0.013036722459510944,-0.6339920366476144,33102.79773828125,1.4880892185837087e-06,10.835890769958496,1.4724225366080645e-05
730,0.9845136716749306,-0.005296702007558777,-0.2575852100646523,39383.99103955078,1.3797184558466347e-06,21.691946029663086,2.3408869310515e-05
731,0.889268191262096,0.01921594353407358,0.9344952471842292,36446.600796875,1.4205733747986136e-06,10.473580360412598,2.3109027097234502e-05
732,0.889348906714212,0.01568913997709018,0.762982401306567,48715.212639160156,1.2798037580094295e-06,19.38112449645996,2.0771651179529727e-05
733,0.785225798866664,0.02128132585014673,1.0349373594628324,37761.561196777344,1.4100014860622238e-06,16.449844360351562,2.9410959541564807e-05
734,0.6831006337018991,-0.01336372853341875,-0.6498947489617592,64785.12333105469,1.0639688236862362e-06,12.790294647216797,1.2711512681562454e-05
735,0.815510076769962,0.020410476437312395,0.9925868687953385,19140.450032714845,1.9123315655116485e-06,4.171217441558838,3.069934609811753e-05
736,0.8708401180076709,0.007460684495664621,0.362822371411375,18260.225346923828,1.9842697357204255e-06,6.297659873962402,1.3260344530863222e-05
737,0.806033190267635,-0.007031099337480919,-0.3419311105751993,20011.058282226564,1.9025277942515432e-06,3.893315553665161,7.633625500602648e-06
738,0.7991099875343501,0.004783194158529156,0.23261268433574012,21206.411197998048,1.871659043179732e-06,2.58042573928833,4.986112344340654e-06
739,0.40432242904463245,-0.005499927252124905,-0.2674683066098804,20677.930714111328,1.878024488192713e-06,1.6324995756149292,2.6799052648129873e-06
740,0.9558873310835381,-0.0020477271540763195,-0.09958351977987658,19941.15239794922,1.9327517328194504e-06,2.2716898918151855,3.4320539725740673e-06
741,0.5900355081102566,0.011700072677766401,0.5689890943785957,20070.49910229492,1.908062139735779e-06,2.207876443862915,7.249947429954773e-06
742,0.5853304139003834,-0.02944536827301644,-1.4319649021621539,24294.924611816405,1.7430024963762982e-06,7.732620716094971,1.8688771888264455e-05
743,0.965999948115022,-0.005357566372563863,-0.26054511987700607,44752.79059277344,1.2854769435136598e-06,9.463974952697754,1.0396917787147686e-05
744,0.9102097142026017,0.026308653516986944,1.2794225601176672,68355.80811035156,1.0723478950189135e-06,34.44108963012695,3.0381690521608107e-05
745,-0.2592169572681396,-0.05347822654793137,-2.6007127075632654,30830.675907226563,1.572091211485045e-06,9.758316993713379,4.717867341241799e-05
746,0.8206140957726097,0.04573014887794439,2.2239140484405318,69481.35734472657,1.0487774068505268e-06,43.237274169921875,6.0836220654891804e-05
747,0.8017650066612739,0.003807225270821462,0.18515010279009295,37587.71587109375,1.3966028949514006e-06,4.567768573760986,6.351961019390728e-06
748,0.8132658346261835,0.003057120294613976,0.14867156433518022,20637.934298339846,1.862207864905601e-06,2.948784112930298,5.447962848847965e-06
749,0.7384088130095083,-0.003169888037103148,-0.15415559998531447,19755.23646582031,1.9153866867730024e-06,1.5639010667800903,3.2632249258313095e-06
750,0.4650844572495818,-0.015576824307428008,-0.757520350520588,23542.96838647461,1.7641253475219422e-06,2.6156392097473145,8.566215910832398e-06
751,0.8479194356595959,-0.004223721163197515,-0.20540481634121394,21823.831873168947,1.8158662100746696e-06,2.136580467224121,3.7180768686084775e-06
752,0.7575604598993487,0.042804912744898234,2.0816561750045497,20780.93741479492,1.8660933238929053e-06,14.671127319335938,3.02645203191787e-05
753,0.9030011923044796,-0.008301392887411172,-0.4037070667146247,29649.25159375,1.5772972651294045e-06,8.241103172302246,1.0690447197703179e-05
754,0.9148188890541453,-0.006589528481300099,-0.320456970329921,43822.3376652832,1.3029337264190168e-06,7.281503677368164,7.942330739751924e-06
755,0.6230828076770815,-0.015257561261749797,-0.741994191304996,59118.5042578125,1.12802567059486e-06,6.597024440765381,8.619400432507973e-06
756,0.805411173162501,-0.03205872082083375,-1.559055488727505,52414.272368164064,1.2256825288991815e-06,35.37092590332031,4.417413583723828e-05
757,0.8428395783159559,0.0352782775872661,1.7156265408299387,42558.50014746094,1.3111792271541303e-06,32.76041793823242,4.987283318769187e-05
758,-0.03781695449548987,-0.05037596424646418,-2.4498458312582163,44851.63919042969,1.260349337827862e-06,23.293542861938477,6.764721911167726e-05
759,0.9726110590311856,0.002160119219832941,0.1050492858029991,16290.66801953125,2.0926658224446743e-06,11.75338077545166,2.2171421733219177e-05
760,0.7725973992036363,0.0029845568906169953,0.1451427156978782,28467.295701171875,1.6167218976052733e-06,1.9639023542404175,3.136341092613293e-06
761,0.5641355904356711,-0.02708479180322321,-1.317167130836217,29195.70934472656,1.5887572324665835e-06,8.88312816619873,1.9887665985152125e-05
762,0.19603217509700105,-0.023899318153542404,-1.1622535831158638,35436.90616992187,1.4463096708870836e-06,8.93955135345459,2.0877925635431893e-05
763,0.9466644210230724,-0.011670671947590435,-0.5675593002826426,52916.819671875,1.1772884699656452e-06,28.652019500732422,3.110302350251004e-05
764,0.9986659326786489,-0.00010690176326149903,-0.00519876578042311,53369.14058007813,1.1821006650636167e-06,13.34515380859375,1.230079033121001e-05
765,0.9515357399543594,0.012451371925136283,0.6055257117263365,51255.85090820312,1.2256221891597717e-06,24.78052520751953,2.4356470021302812e-05
766,0.9098195640475275,0.015714640212106896,0.7642225094689868,37317.95727832031,1.4481365865315728e-06,28.06934928894043,3.202654261258431e-05
767,0.9956459545890037,0.015057042659158545,0.7322427221272646,38532.62365673828,1.433371392820873e-06,97.29960632324219,0.00010330344957765192
768,0.5600532196634878,-0.11859658041806542,-5.76749929226556,41690.412400390625,1.317380368602225e-06,64.85887145996094,0.00015346077270805836
769,0.8359601149003951,-0.04096103899552711,-1.9919862999791735,27184.75511669922,1.640080972897809e-06,41.72500228881836,8.855071064317599e-05
770,0.3418379643435507,0.03963204197247052,1.9273555208885618,25554.75552832031,1.6798983175654774e-06,15.043961524963379,4.6069584641372785e-05
771,0.04165515411419402,0.01987902137902176,0.9667415479458068,24438.041697509765,1.7453440345835427e-06,2.3815152645111084,1.6485657397424802e-05
772,0.7604972654794631,-0.005199740048042562,-0.25286982930986907,29116.661475341796,1.5990562512522107e-06,3.0079095363616943,5.201050953473896e-06
773,0.4746020268943698,-0.025230000721471812,-1.2269663323512032,37819.7412265625,1.3859984316671798e-06,7.279548645019531,1.7026577552314848e-05
774,0.8671443878202555,-0.021551837429073913,-1.0480926741819612,53157.17344238281,1.2001778810292066e-06,23.81371307373047,2.5007821022882126e-05
775,0.9993487946972931,0.0025176007034115244,0.12243405521430549,34716.872911132814,1.463812593162442e-06,45.876991271972656,5.1470509788487107e-05
776,0.7957101454421349,-0.04696913646922102,-2.2841675568521898,33841.05314355469,1.4882289735861385e-06,30.102989196777344,5.132539808982983e-05
777,0.9957598796368524,0.00376761013505724,0.1832235694391503,42040.638229003904,1.342461598946477e-06,24.902557373046875,2.7927979317610152e-05
778,0.9098385504288227,0.044859847643692066,2.181590216379658,44489.000962402344,1.2747173968825017e-06,57.94882583618164,7.376896974164993e-05
779,0.7967055519969645,-0.0065987088973877865,-0.32090342538875816,39099.276837890626,1.3476717671745593e-06,5.691244602203369,1.0820478564710356e-05
780,0.9981532558217364,-0.0011722086586807708,-0.05700596581703017,30300.861961914063,1.534385398820033e-06,10.806178092956543,1.4384167116077151e-05
781,0.9308976814929041,-0.011285853274421262,-0.548845089322006,31438.72268066406,1.547240553622726e-06,20.11802864074707,2.5926678063115105e-05
782,0.6761510283888258,0.029737014897219305,1.4461480404343725,26431.685818847654,1.6764432633710511e-06,8.991348266601562,3.7579320633085445e-05
783,0.8771882010134436,0.006387489592311588,0.31063156773278283,41647.32216455078,1.3205199605438082e-06,7.726665496826172,1.0121256309503224e-05
784,0.9667349566548863,-0.008781874508686274,-0.42707348588861826,117718.96001757812,8.146556064140352e-07,40.04356002807617,2.54085043707164e-05
785,0.9214995629616191,0.028685009771726867,1.394987722022585,27357.55694824219,1.6857916801055864e-06,27.686437606811523,5.806050467072055e-05
786,0.8192976280763548,0.05744140577931176,2.7934470455309572,35607.277859375,1.4215859777897044e-06,99.1346435546875,0.00012314686318859458
787,0.5117970749684395,0.02971647725806132,1.445149269484224,49868.244006835936,1.2037011858571302e-06,10.808030128479004,3.245089828851633e-05
788,0.9995107509254865,-0.00012464898969283134,-0.006061835487168163,27574.997122558594,1.6117902724278847e-06,10.427254676818848,1.4967290553613566e-05
789,0.4776975758914355,-0.025496218095043748,-1.2399128145200184,24238.81416748047,1.7189224735434805e-06,10.794621467590332,2.5933155484381132e-05
790,0.5678521268106367,-0.009033894424141977,-0.43932952800133157,33569.19076660156,1.499224624871025e-06,5.125736713409424,8.760638593230397e-06
791,0.7909413655286432,-0.01010064934142181,-0.4912071471429967,45619.552705566406,1.2773238044863273e-06,14.646191596984863,1.6982814486254938e-05
792,0.8805616011624292,0.011516969751751534,0.5600845712255688,94420.60100390625,9.164492624213023e-07,29.457599639892578,2.042160303972196e-05
793,0.9093786273739887,-0.01791518620008016,-0.8712377993154076,26254.629204589844,1.7007303108275697e-06,21.400388717651367,3.6684527003671974e-05
794,0.6396787975588635,0.031725353066359666,1.5428433999706814,38086.602239257816,1.3911643776647946e-06,13.87358283996582,3.0035946110729128e-05
795,0.9350772041433872,0.004853505349672637,0.23603200505922878,37542.33751171875,1.3729546903797935e-06,8.300169944763184,1.4841106349194888e-05
796,0.7955714153869508,-0.008036334974176301,-0.3908169705448819,23718.480222167967,1.7520973977126712e-06,5.807893753051758,1.3144152035238221e-05
797,-0.015177593507079583,-0.018652116531296403,-0.9070756383893179,31500.72104248047,1.5288799850898734e-06,6.796446323394775,1.6166539353434928e-05
798,0.46366318520452177,-0.02257462809505741,-1.0978322570721362,44949.421091796874,1.295290402738089e-06,9.405204772949219,2.4672654035384767e-05
799,0.41183807689962487,-0.019613775934559097,-0.953842331899085,98544.80203125,8.733463370563831e-07,14.427038192749023,1.542169957247097e-05
800,0.9968307136593164,-0.007272329272710438,-0.3536624225220114,40004.65298046875,1.3876571447701353e-06,63.49766159057617,7.597052899654955e-05
801,0.6900501042658411,0.032872391580763244,1.5986253103487333,38992.8109868164,1.3906104376320538e-06,27.638397216796875,3.945011121686548e-05
802,0.532588834184662,-0.059887190804431965,-2.9123886149395286,50456.795646484374,1.202799617650629e-06,22.542551040649414,4.9662809033179656e-05
803,0.779578832437962,-0.009644165452397083,-0.4690077675521185,25967.75046826172,1.6731222602260167e-06,19.071121215820312,2.3563216018374078e-05
804,0.7466222236579412,-0.016831562073923348,-0.8185398095533071,27851.219150878907,1.6058824856326837e-06,15.63953971862793,2.886960828618612e-05
805,0.5804984643556611,-0.04128068157363621,-2.0075309163291855,31480.02306591797,1.517411762309042e-06,13.524078369140625,4.878434992861003e-05
806,0.8756909387400242,-0.008469642948803039,-0.41188927657751057,34467.8732421875,1.456097383912067e-06,8.140557289123535,1.2614762454177253e-05
807,0.7296107837989692,0.011420498732778952,0.5553930655203689,57307.86783203125,1.12863947848687e-06,9.179875373840332,1.3800582564726938e-05
808,0.4494796203596884,0.02399507065957752,1.1669101466427674,86811.71442089844,9.322388881842607e-07,9.440309524536133,2.0103187125641853e-05
809,0.9722882366838097,-0.0033063289277403905,-0.16079089028974305,54679.00049951172,1.190518758278043e-06,11.361470222473145,1.118139425670961e-05
810,0.6600973642639514,-0.028201043314157084,-1.3714518309229051,56800.90207421875,1.1920109097866493e-06,19.708538055419922,2.4019205739023164e-05
811,0.9957990679851506,0.010001631326041736,0.486391777832912,43237.654369140626,1.3117519917676718e-06,226.83348083496094,0.00024491079966537654
812,0.8426034141264398,0.014398867262273969,0.7002348335158306,37008.587826171875,1.3919778004939417e-06,11.761693000793457,2.486931043677032e-05
813,-0.0030888388512527293,-0.01636406929927857,-0.7958050541548091,26517.514204101564,1.63473374876051e-06,7.508975982666016,1.9734194211196154e-05
814,0.663279309480992,0.015197322263373841,0.7390646938500492,21956.108802734376,1.8029155536914998e-06,8.923582077026367,2.5458613890805282e-05
815,0.7553060351191568,-0.009047367975457314,-0.43998476356884614,21426.279984375,1.8434648715067954e-06,9.426189422607422,1.672887447057292e-05
816,0.9450507390269917,-0.002413843517037016,-0.11738821412113946,20905.556723632813,1.8791071542398016e-06,3.3769519329071045,5.809893991681747e-06
817,-0.257706349111256,-0.012167232698280671,-0.5917076675296339,24278.4818203125,1.7346473353030902e-06,3.233508825302124,1.0568255675025284e-05
818,0.8543320733149052,0.0050605054999794934,0.2460986799682786,20447.40047290039,1.885485649226193e-06,3.688429594039917,8.236766916525085e-06
819,0.9836853661021763,-0.001542476271761644,-0.07501254061762619,29982.45486669922,1.5671114338655585e-06,5.537761211395264,7.058557457639836e-06
820,0.9630641270762,-0.013189614712144115,-0.6414273771586668,44773.88407958984,1.3071798836357865e-06,28.725276947021484,2.704325561353471e-05
821,0.910544338745675,0.05208232375888095,2.532828217812046,27388.930083984375,1.6738917108799662e-06,117.4423828125,0.00016777581186033785
822,0.22879974299321587,0.04210309827120434,2.0475260637815906,45363.84150488281,1.26989321988477e-06,13.144038200378418,2.7841126211569645e-05
823,0.9930701728753101,-0.0015167816949251626,-0.07376298137066414,52216.62951953125,1.1747244607953628e-06,6.5656514167785645,6.6801480897993315e-06
824,0.9391532811018047,0.0057780287948776135,0.28099273071511266,22117.15441821289,1.805595976028148e-06,11.60285758972168,1.8960477973450907e-05
825,0.8430964056393611,0.010883172944433809,0.5292622437625053,26475.705384765624,1.653500925699811e-06,4.6466898918151855,1.4718031707161572e-05
826,0.9927780725746963,-0.0011920218761065247,-0.05796950723683938,39389.350171386715,1.3756955470850932e-06,8.149699211120605,9.4276301751961e-06
827,0.7965860038638928,-0.014069303094056273,-0.6842077178919969,56438.26436914063,1.1424460474109017e-06,14.544682502746582,1.671136124059558e-05
828,0.9990372122848904,-0.0006840890285630703,-0.03326810076796397,82439.0472109375,9.671482334035703e-07,50.89116287231445,3.653774183476344e-05
829,0.9970562931360418,-0.003720776854990479,-0.1809460087482151,23500.33596533203,1.8078275795563366e-06,69.94161224365234,0.00010472629219293594
830,0.9967101737281369,0.0009005941973961065,0.04379701655638382,47554.63216796875,1.2549347158763825e-06,114.85920715332031,0.0001246974425157532
831,-0.48522901441104455,-0.044957515296178766,-2.1863399158617893,37656.5074375,1.3857093155516077e-06,15.666839599609375,3.9432616176782176e-05
832,0.9985782276844021,-0.00038203824314264834,-0.0185789951883635,31301.415928222657,1.5198781359792862e-06,5.857105731964111,7.461944733222481e-06
833,0.7817854773254089,-0.009581626282825795,-0.46596640990951355,28408.23638354492,1.6352529851374028e-06,7.850493431091309,1.1065536455134861e-05
834,0.6836089749900881,-0.016174960044011925,-0.7866084357357416,31505.62143334961,1.5218988741479076e-06,4.836339950561523,1.4512714187731035e-05
835,0.3804563166083168,-0.016664852912063502,-0.8104325355522232,51313.17149169922,1.1939702854594862e-06,7.670754432678223,1.532724309072364e-05
836,0.975793033764295,0.006728880573653904,0.3272338359966469,95015.40397363281,8.99274245948373e-07,35.641117095947266,2.578340172476601e-05
837,0.26198740841842616,-0.06827358526556716,-3.3202294139638577,50995.87694140625,1.2344729521924098e-06,27.24690818786621,6.678302452201024e-05
838,0.9321928114596164,-0.043966233509992445,-2.138132649007117,64049.41737207031,1.0790136889500642e-06,85.81373596191406,7.809085218468681e-05
839,0.6683090421413145,0.023420662977604867,1.1389759862515412,45353.373665039064,1.2625906599764559e-06,17.721956253051758,3.025529076694511e-05
840,0.9986860385814105,-0.0007336139860375023,-0.03567656108086992,31907.244955078124,1.5052926759867263e-06,22.41562843322754,2.8519772968138568e-05
841,0.19406843564694434,0.039755790437020995,1.9333735627174062,38355.856708007814,1.3563258553698564e-06,22.691736221313477,4.3411444494267926e-05
842,0.5220566394638372,0.0552144995085114,2.685149822326819,26989.08097265625,1.6142346558653492e-06,20.184463500976562,8.341341890627518e-05
843,0.8636642006189437,-0.07131968782515587,-3.4683651721338307,25661.6755625,1.6761175399187482e-06,57.334083557128906,0.00011875088966917247
844,0.6464786754419359,0.027557895614940202,1.3401747579501457,22781.2178605957,1.7764516510924425e-06,10.589391708374023,1.967362368304748e-05
845,0.9685270163345184,-0.0036036056059195886,-0.1752478250931045,22406.881220214844,1.7878649986129742e-06,7.165341377258301,1.0681027561076917e-05
846,0.6788734577870469,0.013543818598302178,0.6586527529286343,24503.617881835937,1.7279085726950407e-06,7.084787845611572,1.2712740499409847e-05
847,0.9942038402403109,0.001041740576454644,0.050661140618446204,25787.982401367186,1.6676067918354838e-06,5.022064208984375,6.718882104905788e-06
848,0.419256320281644,0.021241140934625955,1.0329831170132704,50512.689261230465,1.2086998875786216e-06,6.287790298461914,1.136804075940745e-05
849,0.9963529035733131,-0.00338479914733995,-0.1646069947204864,44029.15384570313,1.3290612552705216e-06,21.636314392089844,2.2859669115860015e-05
850,0.9906415652408423,0.003326420544684986,0.16176797062460554,49412.16247070312,1.2391334329856265e-06,20.060888290405273,2.128304186044261e-05
851,0.750955623475721,0.05289201089147243,2.5722043106784342,40782.76908251953,1.3430958699896193e-06,24.784547805786133,5.804025204270147e-05
852,0.9768029562502207,0.001356871226998748,0.06598633631614147,55029.21871777344,1.1625266095756973e-06,5.6334123611450195,6.388191195583204e-06
853,0.9827361007732317,-0.0009017154282132398,-0.04385154340632742,23922.18058276367,1.7178249437751049e-06,4.264323711395264,6.723307706124615e-06
854,0.7370587230024275,-0.0057727438585408975,-0.2807357176842628,21639.90805541992,1.8283255351897825e-06,3.8691630363464355,9.02951887837844e-06
855,0.9951250689139868,-0.0008093035870734723,-0.03935744057054803,21891.404532470704,1.8159862357058222e-06,3.400444269180298,5.526582754100673e-06
856,0.5902881161817286,0.009700626730465565,0.47175354976735984,22571.23104418945,1.780928877878426e-06,1.8462823629379272,6.179709089337848e-06
857,0.687683245958846,-0.007550001322092301,-0.36716595983014017,23545.005197021484,1.7634987557034473e-06,4.034403324127197,7.514308435929706e-06
858,0.9970661749532539,0.00012649571053611686,0.0061516438199136405,19848.78408178711,1.9152388356519632e-06,1.0860141515731812,1.7908015479406458e-06
859,0.5575834863876112,0.03541636312720749,1.722341812476698,29897.555534179686,1.5790263987591487e-06,7.183662414550781,2.165483238059096e-05
860,0.7779424104229854,-0.018335834744365998,-0.8916944614966347,47426.969510253904,1.2711394310594373e-06,10.757216453552246,1.3755383406532928e-05
861,0.977349246184844,-0.00882177035227986,-0.42901367041062743,49858.49446484375,1.2506679591101148e-06,20.47906494140625,2.0961360860383138e-05
862,0.6777047052270944,-0.05076334481110601,-2.468684630189293,35570.85133398438,1.4277564183588347e-06,35.3192138671875,6.287629366852343e-05
863,0.9606991027733425,-0.015111080078511328,-0.7348706290768106,50453.24730566406,1.1994427060656665e-06,40.58903884887695,4.349739901954308e-05
864,0.9319207058638376,0.005338915969536674,0.2596381275684538,21544.404575195313,1.818222985517398e-06,13.298988342285156,2.225927346444223e-05
865,0.7472956048720273,-0.007219784982522066,-0.35110712830184304,23810.97744140625,1.7442951955659682e-06,5.440548896789551,1.0376983482274227e-05
866,0.6936301947220698,-0.01884750165317233,-0.9165774600115456,39719.12375634765,1.367971735963015e-06,8.777978897094727,1.989779411815107e-05
867,0.749515899198348,0.037000159150166925,1.7993637840150958,51085.29081738281,1.1930456132153637e-06,36.78890609741211,4.678622281062417e-05
868,-0.07340541786212504,0.01279325925592142,0.6221521180812831,47502.26301464844,1.2416411663402452e-06,3.228325605392456,7.493501470889896e-06
869,0.9574512223892999,-0.006015647281775257,-0.2925484134353087,62961.62989746094,1.0913629859792022e-06,10.973969459533691,9.571206646796782e-06
870,0.9326142737608148,-0.017993373577063314,-0.8750401487577337,37076.96803759765,1.4654099502835674e-06,27.47629737854004,3.5811608540825546e-05
871,0.983355908945253,0.01244995766071339,0.6054569342874817,44023.214791992184,1.3614856732439773e-06,88.92166900634766,9.426449105376378e-05
872,0.17108498132135622,0.03806086845215811,1.850947397361858,50954.87520410156,1.2152766418625568e-06,5.739241123199463,2.4902274162741378e-05
873,0.9423295099093137,0.0034372594626585046,0.16715820513823382,24603.426002441407,1.6868760750974044e-06,6.120162487030029,1.0787651262944564e-05
874,0.9220004713945799,-0.00618059370933595,-0.3005699634738047,24999.226861816405,1.7027886293556833e-06,7.812623023986816,1.5868316040723585e-05
875,0.7127143539592157,0.005321503866627062,0.2587913553356117,19056.630247314453,1.923208191050391e-06,3.451436758041382,7.888923391874414e-06
876,0.9733128026289076,0.0011332944022756672,0.05511351710152499,19322.336725097655,1.9324497305173462e-06,1.6993918418884277,2.889859160859487e-06
877,0.998741509914643,4.7003603136566593e-05,0.0022858437137769647,23339.827964355467,1.7576286589592668e-06,1.461852788925171,2.1018038296460873e-06
878,0.8263573770621545,0.00244117111733011,0.11871718933099912,22709.307056640624,1.8008037020743164e-06,1.2330021858215332,2.7965932076767785e-06
879,0.8521073766551304,0.006403899646469346,0.31142960908783096,31230.864944091798,1.5469387293605448e-06,3.3901026248931885,6.521555405925028e-06
880,0.9921587897361314,-0.0014127201761181837,-0.06870234021258309,48626.46441894531,1.2419214411497187e-06,14.33383560180664,1.4381887922354508e-05
881,0.9533379191296762,0.010538440629521861,0.5124974822890549,51055.833755371095,1.2339242138742731e-06,20.322593688964844,2.4366983780055307e-05
882,0.7811357853501985,0.01756326647970055,0.8541235053697575,46212.63221582031,1.2939787487202753e-06,11.871172904968262,2.4301885787281208e-05
883,0.7682341765886462,0.009601799819903214,0.46694747412238014,66708.11076757812,1.0374309019301129e-06,7.220032215118408,1.0412583833385725e-05
884,0.752378955560571,0.0035259582845878364,0.17147173922917364,22631.530623046874,1.785519942216918e-06,4.078536033630371,7.569992703793105e-06
885,0.8525108571100303,0.005340356735967016,0.2597081938329113,21074.837979980468,1.8360494151093054e-06,3.330219268798828,8.752167559578083e-06
886,0.39638747789120077,-0.01208669246432176,-0.5877908957245832,29542.04338232422,1.5861753686228324e-06,4.970205783843994,8.509456165484153e-06
887,0.9078644601397349,0.0060854254594094855,0.2959418130485381,22074.435650146483,1.8210854204466831e-06,4.8152642250061035,7.577616997878067e-06
888,0.6535707562277904,0.013588015239978523,0.6608020906135007,24567.15614404297,1.7220763415563355e-06,5.905194282531738,1.0569958249107003e-05
889,0.8722409525921183,0.009535118353538348,0.4637046714318565,21570.084303710937,1.849472606782553e-06,4.766481876373291,1.1673190783767495e-05
890,0.8547614147913645,0.00785951729916014,0.3822181069695506,28470.886825195314,1.6101568507165069e-06,5.264750957489014,8.955322300607804e-06
891,0.6915674712991384,-0.010842698810839846,-0.5272939362781294,39731.6998046875,1.374401726033547e-06,5.270661354064941,7.151269983296515e-06
892,0.6630666508051533,-0.02729583228918548,-1.3274302922961518,49057.42645361328,1.2657119367313961e-06,15.253904342651367,1.8752973119262606e-05
893,0.9086145095082692,-0.03477330220548832,-1.6910689596016413,53649.18627392578,1.180388425903203e-06,63.5878791809082,5.021606193622574e-05
894,0.34380302895974935,0.06017623364292687,2.9264451278725088,64722.639999023435,1.0611579847707828e-06,43.016841888427734,5.175809928914532e-05
895,0.6449849412457939,-0.01202046354208417,-0.5845701008181338,21090.00067626953,1.8222678865961813e-06,5.584465503692627,1.7315825971309096e-05
896,0.6626919549391893,0.011669538417024476,0.5675041752806073,19502.232104003906,1.9181442969377744e-06,3.4546802043914795,1.4319421097752638e-05
897,0.4638242006803502,0.012814513885509379,0.6231857571682936,24393.340809814454,1.7473193952245865e-06,4.953427791595459,1.3027339264226612e-05
898,0.9887232766010583,-0.001558733343769743,-0.07580314226035904,18659.193926757813,1.957122417792603e-06,6.116257190704346,1.0789834959723521e-05
899,0.3431016818983059,0.010938330547834373,0.5319446266562985,17365.292028808595,2.0045558126645033e-06,1.7778187990188599,1.473696556786308e-05
900,0.8961940622518365,0.003967889508995489,0.19296340462978018,15093.193345703125,2.1413915563445254e-06,4.502849578857422,1.1140759852423798e-05
901,0.8747734022563212,0.010842993717497255,0.5273082779558733,22389.700322753906,1.7854080732490692e-06,9.582914352416992,2.1680867575923912e-05
902,0.9865973665135809,0.0019378809309626085,0.09424156125263167,30209.094927490234,1.5604989210303614e-06,7.23759651184082,1.002600765787065e-05
903,0.9765654264279632,-0.0059005429642385145,-0.2869507472328795,44612.42452539063,1.3203232584240158e-06,12.779630661010742,1.2796668670489453e-05
904,0.6489482414147887,0.07429582248606362,3.613098304319974,38955.95306103516,1.4261536935369046e-06,27.920555114746094,5.475430589285679e-05
905,0.9919223755867032,-0.021939522738241613,-1.0669462932185676,28327.730729980467,1.645561727542115e-06,108.28536987304688,0.00016542166122235358
906,0.6784101330367936,-0.024747656821337678,-1.203509348238797,39835.39115283203,1.347575327413978e-06,8.183262825012207,2.2066256860853173e-05
907,0.9963752794003079,0.0006380599487821779,0.031029649337710977,27951.08419921875,1.5992611944997786e-06,14.308013916015625,1.9886167137883604e-05
908,0.7944092483065878,-0.021282121301486767,-1.0349760432513908,23855.41896606445,1.7423671561289638e-06,14.18210220336914,2.488046811777167e-05
909,0.6500718114533067,0.0478652751592623,2.3277478965412888,27868.490021728514,1.6182587558366784e-06,16.227680206298828,4.46709236712195e-05
910,0.8748253969251305,0.014303289093193058,0.6955867482119626,24659.59678125,1.7130801104674542e-06,11.167998313903809,1.7246711649931967e-05
911,0.806519712932648,0.0323344780240408,1.572465904683238,28770.233227783203,1.5900163100522623e-06,15.716754913330078,3.416182516957633e-05
912,0.7783692021559783,0.01568081803750772,0.7625776950285028,37110.079936523434,1.4217261134517725e-06,7.163623809814453,1.4842791642877273e-05
913,0.982488791546471,0.0039762650836095165,0.19337071924617505,48112.93352783203,1.238901823056632e-06,11.029389381408691,1.1917623851331882e-05
914,0.9990830266572314,0.0007500504195705515,0.036475885297766054,59889.60328491211,1.1310793623049877e-06,29.55905532836914,2.627060894155875e-05
915,0.5113405178528019,-0.034354202873343745,-1.6706876375347484,39641.426055664066,1.4184696555144806e-06,16.688077926635742,3.598057810449973e-05
916,0.8186943981853295,0.021958285937196103,1.0678587709334324,51251.09755322266,1.1974173317142248e-06,22.746532440185547,2.909791874117218e-05
917,-0.3663957586567383,0.015267011515370668,0.7424537688988692,32795.24283251953,1.4739066412336265e-06,5.257441997528076,1.317237638431834e-05
918,0.756229105425563,0.018702636442780394,0.9095324845538709,19577.887645507813,1.9316983902998966e-06,5.730834007263184,2.926244087575469e-05
919,0.9589583204413403,-0.0037501408218843114,-0.18237401500000827,20215.692303222655,1.893115810282635e-06,6.005505084991455,1.1238302249694243e-05
920,0.9848927367967074,0.001418949416069922,0.06900527590336236,26570.970359375,1.648272146397013e-06,3.2685859203338623,4.976028321834747e-06
921,0.9067417048869595,0.001872609369290482,0.09106732398186028,27678.31342236328,1.6301605136974822e-06,1.5239412784576416,2.4709977424208773e-06
922,0.9691252384939453,0.005510822177047748,0.26799814036697756,33505.09361254883,1.483470678064926e-06,7.563597202301025,9.504847184871323e-06
923,0.7745095071044905,0.015795218903227024,0.7681411514936453,57781.30692724609,1.1585140144807554e-06,12.760920524597168,1.3073588888801169e-05
924,0.9019419027237052,-0.008760738311812037,-0.4260456063318586,59787.63066796875,1.1352271049285832e-06,12.460509300231934,1.0451201887917705e-05
925,0.9911391263792743,-0.008970974818705627,-0.43626966928917865,36065.01534863281,1.4653330260053248e-06,38.15477752685547,5.113366205478087e-05
926,0.8270487161045408,-0.050293377674218875,-2.445829543475749,58797.515497070315,1.0994766491425028e-06,56.803009033203125,6.785495497751981e-05
927,0.7756477696729593,0.007846672319532542,0.3815934396254317,19208.66250048828,1.9221241727109734e-06,8.252233505249023,1.696904109849129e-05
928,0.1299391780210137,-0.020041584279545024,-0.9746471840983122,19495.719606445313,1.9243556236049973e-06,8.26436710357666,2.0072153347427957e-05
929,0.9934588692927712,0.001011638586725351,0.04919724339773818,21021.08261328125,1.8597955445563735e-06,6.759422779083252,1.1005604392266832e-05
930,0.6217981585261769,-0.019434676792648604,-0.9451325177495298,26096.432498535156,1.6801514370195232e-06,5.589274883270264,1.597895607119426e-05
931,0.7964766539153644,-0.00896810415284459,-0.43613006523597986,20021.591271728517,1.9084592639764043e-06,5.058243274688721,1.3060986930213403e-05
932,0.6825924074101007,-0.0057979238462658655,-0.2819602518223558,16734.560181396486,2.0801981288500696e-06,2.7066240310668945,6.754235982953105e-06
933,0.3754202442816076,0.005847966934254916,0.28439390946697085,16562.470231445313,2.081093863153644e-06,2.0246448516845703,5.6164717534556985e-06
934,0.9991543647812534,5.726106385049734e-05,0.002784676793107688,19841.87208203125,1.9060817719602922e-06,2.831510305404663,4.389632522361353e-06
935,0.6649599792708872,-0.017656523695258962,-0.8586587198155345,31838.183732421876,1.5144793851570119e-06,11.390241622924805,2.236900218122173e-05
936,0.8543948328642774,-0.09157630979599782,-4.453469906761791,42509.36432421875,1.320018919161432e-06,24.830158233642578,8.7126754806377e-05
937,0.5281730121629107,0.10317463047042907,5.017510674593759,50339.08766601563,1.2082775049733182e-06,23.394027709960938,9.218008926836774e-05
938,0.8033128201145284,-0.031950543370736516,-1.5537946847087423,31717.0305859375,1.53966907950954e-06,32.35140609741211,5.0687860493781045e-05
939,0.9894064222722363,-0.0023190967246617482,-0.11278055970106693,51636.478426757814,1.1985046383255088e-06,13.864375114440918,1.3147654499334749e-05
940,0.564896594655363,-0.025083604262021494,-1.2198468903462694,24322.899961914063,1.7179951151777684e-06,19.13287925720215,4.669535701395944e-05
941,0.5690610323002946,-0.04864385056480717,-2.3656109874046694,26470.952919433596,1.619513304822109e-06,16.47898292541504,7.298497075680643e-05
942,0.5381530878548298,0.01943194559178177,0.9449996960525551,27958.676658203123,1.6227903078395173e-06,11.456546783447266,2.2125483155832626e-05
943,0.11019674525560899,0.042017611638000836,2.0433687424257694,35207.48889404297,1.4474991571405943e-06,17.956863403320312,3.175824895151891e-05
944,0.9653660713890502,0.0037668816274038985,0.183188141205383,98674.6084814453,8.678631708167509e-07,14.83707046508789,1.2318053450144362e-05
945,0.9891676004289524,0.0021778554543443332,0.10591182095899868,44083.49891113281,1.310597828772485e-06,23.42580795288086,2.675461655599065e-05
946,0.9963742256111735,-0.003489086516307548,-0.1696786192529357,41460.015786621094,1.3410295373196315e-06,64.75576782226562,7.374383858405054e-05
947,0.4345058095926472,0.01883439882184237,0.9159402530182592,42502.20641796875,1.291440237249261e-06,5.650149345397949,2.0842315279878676e-05
948,0.31048268904313203,-0.01640951049981088,-0.798014916285622,21000.912580566408,1.8358933979424132e-06,12.613508224487305,2.668944580364041e-05
949,0.9242292098904022,-0.0052588517370361,-0.25574450430667806,23739.171326171876,1.727878995779361e-06,9.66668701171875,1.3453739484248217e-05
950,0.6722356242538933,-0.02547104130555583,-1.2386884359161732,34085.273028808595,1.4755522605284064e-06,11.35387134552002,2.6443258320796303e-05
951,0.9898154718356148,-0.0030441633761887125,-0.14804145326802953,41966.126604003905,1.3248996525592277e-06,15.694032669067383,1.686446921667084e-05
952,0.7195997737367241,-0.05015738941891185,-2.4392162653907077,74802.42634570312,9.973383757332895e-07,39.99067306518555,5.2229494031053036e-05
953,0.47634253309191926,0.043496785534645636,2.115302809765346,75019.92055957031,1.0135352830969369e-06,30.51587677001953,4.290431024855934e-05
954,0.9975858187830315,0.0005834870781020176,0.028375702723776597,36581.973676757814,1.4535917492550206e-06,240.15086364746094,0.00029753835406154394
955,0.6418004669636258,0.010489151195262919,0.5101004757632132,47442.70029980469,1.245202656993734e-06,4.728199005126953,9.091097126656678e-06
956,0.4429149383110259,0.006610914172617532,0.3214969831119346,20364.60084765625,1.869873396471054e-06,3.8084588050842285,8.9941022451967e-06
957,0.919722014686194,-0.003682768041862196,-0.17909759286603313,19055.893881347656,1.959450130019742e-06,3.837249517440796,6.3418747231480666e-06
958,0.9005790084692187,-0.005863668883912812,-0.28515751481899587,20721.031757324217,1.8924520400356406e-06,4.935606956481934,8.10947130958084e-06
959,0.4258217491376171,0.022341337040799485,1.0864870227864472,21720.587483398438,1.8330495614433347e-06,4.323742866516113,1.2326217074587476e-05
960,0.5881263337395709,-0.012613616257906256,-0.6134158555325604,31341.27335961914,1.5320262986172194e-06,4.434190273284912,9.825996130530257e-06
961,0.7006612037258867,0.018860284413676445,0.9171991015622613,29274.192572265623,1.5919247114042131e-06,5.939117431640625,1.329300084762508e-05
962,0.999310288338933,0.0004918053546885654,0.02391710642161687,47954.89214648437,1.2600479535414622e-06,11.984959602355957,1.2296339264139533e-05
963,0.6728009458921917,0.04055221407747449,1.9721046354554812,55870.31043359375,1.1842592789998848e-06,17.915569305419922,3.4966738894581795e-05
964,0.4291030871382041,-0.0725562089444799,-3.5284987329450526,36067.628229492184,1.46802068853854e-06,71.7406005859375,8.105750021059066e-05
965,0.3591717279369108,-0.021224349478941924,-1.032166527627368,44326.56880761719,1.2859925987467405e-06,6.021240234375,1.8486791304894723e-05
966,0.9963669301518165,0.000967654497845198,0.04705824241986018,17622.938030761718,1.9883463072936405e-06,7.325864791870117,1.2778834388882387e-05
967,0.85682843185846,0.004542846597523115,0.220924283345479,19659.665240722657,1.9361683269351403e-06,4.684422016143799,8.184279067791067e-06
968,0.22878180176561408,0.0187826518737671,0.9134237345372969,24331.283845214843,1.7265174187403265e-06,3.562739133834839,1.3431699699140154e-05
969,0.6051970928613746,-0.01300527334528287,-0.6324626270861129,25675.69787084961,1.7024458807964632e-06,5.02862548828125,1.4654511687695049e-05
970,0.9977742963981626,-0.00529145378335185,-0.25732998239036026,28223.143821777343,1.6032842555187513e-06,35.36333465576172,5.175800833967514e-05
971,0.8951346285760693,0.00638226783735518,0.3103776272910828,48136.2763227539,1.2370328252790096e-06,9.64909839630127,1.2256700756552164e-05
972,0.9982077882618287,-0.0014075549123993745,-0.06845114701006765,61154.6732421875,1.1350003040314944e-06,22.61906623840332,1.9949795387219638e-05
973,0.8488024533776293,0.014118164990165605,0.6865839327055767,34239.96907373047,1.5220389216061565e-06,22.60040283203125,2.936240161943715e-05
974,0.11694781741124848,0.07968930704767735,3.875390170428569,39512.52158984375,1.362750487957621e-06,21.234739303588867,6.50369402137585e-05
975,0.9712240019977062,-0.0010543198000024128,-0.05127288391368506,37465.35778320312,1.3762746704498627e-06,6.734724521636963,7.311323770409217e-06
976,0.47915810168642065,0.011065632775248201,0.5381354923956386,21591.798979248048,1.8541048887867222e-06,4.194858074188232,1.3190641766414046e-05
977,0.8880471850581486,0.0034438617893360083,0.16747928450077174,25458.573540283203,1.710924175860937e-06,2.800367593765259,5.397836957854452e-06
978,0.7759347455096577,0.008788773377237042,0.4274089864514822,33317.52605810547,1.4959609535766493e-06,5.240530967712402,8.247083314927295e-06
979,0.9886547612143877,-0.011780341299420363,-0.5728926573392512,54855.60640966797,1.1779986074018527e-06,45.30984878540039,4.24963582190685e-05
980,0.9774481682773705,-0.009572624654772838,-0.4655286495352966,50305.751763183594,1.221536287168487e-06,22.158489227294922,2.2946534954826348e-05
981,0.9517964535006912,0.017280291768585573,0.8403620930226939,64213.59658642578,1.0912118409052023e-06,30.572397232055664,2.6678213544073515e-05
982,0.424170870588966,0.04735080281229629,2.3027284660774687,42225.76873046875,1.3295650061664935e-06,35.399715423583984,5.8362813433632255e-05
983,-0.40584979714865277,-0.024806669139915406,-1.2063791907286248,43625.41942773438,1.2681533656143427e-06,10.979753494262695,2.2551572328666225e-05
984,0.2750987058290965,-0.020718950751207266,-1.0075883585583587,23928.559286621094,1.7542553717351815e-06,6.761660575866699,2.1989371816744097e-05
985,0.9295634411016184,0.03967782876020341,1.929582189355002,21233.98139086914,1.8460557230535172e-06,9.342208862304688,5.2727140428032726e-05
986,0.8818917317107189,0.005402391758556307,0.2627250341804,34283.13672216797,1.501069916719959e-06,6.700216770172119,7.798837032169104e-06
987,0.7013416719264526,-0.009971004801047718,-0.48490237180952694,55817.64291992188,1.163428325974236e-06,7.424257755279541,1.0286826181982178e-05
988,0.9982794805649007,0.00013719825861792812,0.006672122051829692,55740.40159570312,1.1753044198408573e-06,22.52743148803711,2.0384752133395523e-05
989,0.8592096246570785,0.018505715859089895,0.8999559915128079,42964.156334960935,1.337304793141972e-06,21.043481826782227,2.4685037715244107e-05
990,0.9383054500220532,-0.069152691799011,-3.362981458682097,41532.150849609374,1.3146149178232625e-06,135.5921173095703,0.00017125900194514543
991,-0.14905605206466407,-0.027491345369853946,-1.3369383367136982,21484.833330566405,1.8013857966261377e-06,14.813772201538086,3.772876880248077e-05
992,0.6705172515263387,-0.013315352005467325,-0.6475421382057107,23035.687618652344,1.770564164699745e-06,7.133584499359131,1.3540786312660202e-05
993,0.3313483625464817,0.035048318228774314,1.7044433310554585,28416.079538085938,1.627078110877752e-06,9.396957397460938,3.2148582249647006e-05
994,0.5467479163076701,0.013022790371992245,0.6333145018939091,43969.91818603515,1.3020110226525222e-06,4.126447677612305,1.1187225027242675e-05
995,0.7070290221479643,-0.012505938236832265,-0.6081793393687082,77758.04485644531,9.796254362598397e-07,8.393680572509766,8.967910616775043e-06
996,0.8461028376663335,-0.007291963323182962,-0.3546172508299223,50558.86618115234,1.238142889826097e-06,6.47365140914917,9.323103768110741e-06
997,0.859202950499931,-0.015208099233939626,-0.7395887913399753,58546.020145996095,1.1394852296392707e-06,19.34117889404297,1.610647996130865e-05
998,0.9891532479110225,0.007538975060159744,0.36662973899081924,45673.56772558594,1.262146577997791e-06,45.308467864990234,4.6827040932839736e-05
999,0.5623063808247846,0.010995217188916238,0.5347110948042202,18736.59075048828,1.9461763165729443e-06,5.018097400665283,1.6287875041598454e-05
