state_idx,cos_sim,mean_A,mean_safe_delta,mean_sigma_i,mean_alpha_i,v_unbiased_norm,v_intentional_norm
0,0.43908209044143837,-0.023649465978955675,-1.2531604624008295,48450.378646972655,1.2834001035295124e-06,14.705548286437988,2.857269828382414e-05
1,0.9220179269453758,-0.018789453123193422,-0.9956334652576174,82288.66694335938,9.815606456460773e-07,71.32919311523438,6.652297452092171e-05
2,0.8967563579965585,0.023952846670798864,1.2692362878935481,56764.45070263672,1.1807070885462537e-06,51.4715461730957,6.673491589026526e-05
3,0.9327108504430751,0.018990376659475363,1.0062801932580865,59835.093361816405,1.16075187430117e-06,72.27718353271484,8.942634303821251e-05
4,0.9310411764971968,0.009205342293598054,0.48778145838338505,63892.892060546874,1.1145143702964108e-06,78.54763793945312,8.306970994453877e-05
5,0.25431482517680654,-0.046698051287399636,-2.474480886655502,62188.40066796875,1.1315614656094736e-06,57.91507339477539,0.00010193108028033748
6,0.9152511512529388,0.038296340545479604,2.0292830235125705,72571.50278710938,1.0474241495566205e-06,142.21603393554688,0.00015300563245546073
7,0.3003223175588102,0.012176830947325535,0.6452375336553384,80932.400671875,1.0167668883080169e-06,24.37566375732422,2.117159601766616e-05
8,0.9285558281227148,-0.011257402131723488,-0.5965179625356447,77984.11545507812,1.0080717654333007e-06,55.550750732421875,5.3889303671894595e-05
9,0.6714627812772732,-0.049865403667919236,-2.6423155759161507,88668.73954492187,9.619075727882681e-07,66.23323822021484,0.00011105695739388466
10,0.9721243368566072,-0.017816463651465664,-0.9440757709998914,105375.17218359375,8.855505217168073e-07,154.35110473632812,0.00014312632265500724
11,0.6723871521387578,-0.06861728774988099,-3.6359582969800632,90000.25391113281,9.52489705572881e-07,93.18802642822266,0.00014320256013888866
12,0.9957770575343037,0.0030559408517098195,0.16193110889717308,65548.92132910156,1.1015963841568637e-06,59.593421936035156,6.145035877125338e-05
13,0.9990992817521972,0.0006305673444583011,0.03341310394320885,39094.51191503906,1.4278192003803863e-06,24.021196365356445,2.89407998934621e-05
14,0.8689287479018317,0.01171841113624814,0.6209463474215927,24986.394499023438,1.7946529045015403e-06,15.498936653137207,2.750803469098173e-05
15,0.5632907719671315,0.016447201386288676,0.8715199959602313,25716.46214404297,1.7401584517705978e-06,7.760561943054199,2.7414796932134777e-05
16,0.7721303016743162,0.006271249028178877,0.3323069256183868,34243.19899023438,1.5128646842273953e-06,4.374837398529053,1.1306057785986923e-05
17,0.592639169851094,-0.012120682532978294,-0.6422622879162138,39176.29261669922,1.4476450777584975e-06,7.625102996826172,1.1682178410410415e-05
18,0.9770273055095962,-0.020955207017946918,-1.1103944985346799,58073.13638574219,1.189770559737658e-06,59.57300567626953,5.8080160670215264e-05
19,0.8089916965034467,-0.03800116683613798,-2.013642077437244,52126.34560400391,1.262614144999976e-06,36.363338470458984,5.6477969337720424e-05
20,0.9395378804120968,-0.011670528866448681,-0.6184091160348001,50464.43767626953,1.3127274527168054e-06,21.21453857421875,2.5085928427870385e-05
21,0.5690339733292369,0.0371993947844398,1.9711570151554902,39847.58543261719,1.4637505520041361e-06,22.780508041381836,4.341257954365574e-05
22,0.9237012097086658,-0.021497015124979434,-1.1391043433381765,25165.852264160156,1.7688061409825361e-06,41.87979507446289,7.801593164913356e-05
23,0.7996564519612672,0.016642246890912028,0.8818552532121499,27875.29477050781,1.6707728172325014e-06,9.25745677947998,3.036300950043369e-05
24,0.7390388951750058,0.01919834310974408,1.0173001179030876,25967.37276904297,1.743891442032873e-06,10.660737991333008,3.6034532968187705e-05
25,0.8840523216663329,0.0039540184935513,0.20951930365486346,18063.824279296874,2.090008920165418e-06,4.244685173034668,9.639350537327118e-06
26,0.9259869632568678,0.002409019205848011,0.12765140763090843,23703.2057265625,1.8277901244655476e-06,2.8705618381500244,5.921109732298646e-06
27,0.8278163556721028,0.0033198225418846054,0.17591392361158592,41664.2721953125,1.4072732739374128e-06,2.1357905864715576,3.6986889426771086e-06
28,0.955368893524276,-0.003831728764593423,-0.20303929884527952,45155.278691894535,1.3407109110911405e-06,5.86731481552124,7.518847269238904e-06
29,0.6608055495304651,-0.05176763968186252,-2.7431130723564467,44064.40561083984,1.3903414385718898e-06,39.444950103759766,5.865423008799553e-05
30,0.9966454763091365,-0.009975414483468127,-0.5285867781482507,60880.40162109375,1.209936191867593e-06,161.4027862548828,0.00014315072621684521
31,0.997684221557551,5.629859827787165e-05,0.0029832038285006386,23372.632270996095,1.8621206376521272e-06,28.953678131103516,4.668085239245556e-05
32,0.6510458813719018,-0.049604245398882335,-2.6284770724388498,17584.525647460938,2.108573583783754e-06,18.968303680419922,8.733199501875788e-05
33,0.7125165850514654,-0.054167961196828006,-2.870303598446187,19052.94717236328,2.0189390737461026e-06,21.770233154296875,7.34312561689876e-05
34,0.4127290344336713,0.09381273704307216,4.971038797941394,16382.8815234375,2.1890555627947696e-06,32.91371154785156,0.0001362555631203577
35,0.010620977198918698,0.0770239404760861,4.081418030700427,24080.28579614258,1.8350869908268836e-06,19.739343643188477,6.505533383460715e-05
36,0.61747365448683,0.00889030715821934,0.47108807611948955,22384.79830859375,1.9014091974084096e-06,5.482162952423096,9.622064681025222e-06
37,0.7791492642642052,-0.027350368273909284,-1.4492674034781157,35730.377941894534,1.4979962857203554e-06,13.547650337219238,2.9687033020309173e-05
38,0.4776887075612129,0.029628350106818524,1.5699752777958464,56259.117455566404,1.2027606881086172e-06,12.200309753417969,1.928458732436411e-05
39,0.9873569246367568,0.0037972846910726285,0.2012141434215293,45963.77617578125,1.328070149173612e-06,23.883012771606445,2.557330662966706e-05
40,0.48797626211705053,0.027158519102941595,1.4391015166029106,44937.18400585937,1.3429448850710017e-06,11.669382095336914,2.6804575099959038e-05
41,0.6169847153247543,0.03031219447316675,1.606211475395645,47246.882765625,1.3374845697581194e-06,22.26141929626465,3.228617788408883e-05
42,0.7492339838269713,-0.12036272346232964,-6.37789480422495,67482.82352148437,1.1810569017625868e-06,223.73348999023438,0.00019095336028840393
43,0.731156487236546,0.07799531052197407,4.132889913276991,30411.900006103515,1.6487928300083984e-06,23.79897117614746,0.00010490593558643013
44,0.5914352083880934,0.020185940315683167,1.0696318607154487,24124.345258300782,1.8073635070719056e-06,9.242973327636719,3.426807597861625e-05
45,0.6038080877496326,0.03308305246099303,1.7530363415622319,19103.787856933595,2.016606668582696e-06,11.68547248840332,4.170057218289003e-05
46,0.7804828376620361,0.012025807077896291,0.6372349368011041,19217.496695800783,2.0270146153839554e-06,4.4598069190979,1.6611371393082663e-05
47,-0.03324597461357833,0.023420089882569058,1.2410060630047781,18928.7450703125,2.052596281699686e-06,3.0538597106933594,1.8139378880732693e-05
48,0.8409770175220003,-0.00492264642777432,-0.26084588460283975,23232.73828027344,1.8432861081393928e-06,3.8323094844818115,6.421475518436637e-06
49,0.9785944290912583,0.0014993895299043184,0.07945108267078217,28155.51318261719,1.6732594326533743e-06,3.0303902626037598,4.904039542452665e-06
50,0.7180935244816282,-0.026636954294655756,-1.4114643430233849,44303.842454589845,1.383004748605665e-06,18.541322708129883,2.502198185538873e-05
51,0.4159988263836545,0.01868181733389313,0.9899299573809298,68034.0349038086,1.1187502154042407e-06,7.522216796875,1.1029238521587104e-05
52,0.54025431540392,0.04972078940194177,2.634652617243708,65494.67320117188,1.1498653609747843e-06,24.77846336364746,4.459681440494023e-05
53,0.9729273866795115,-0.01044530975162986,-0.5534860368483631,53217.23932128906,1.2651157773123812e-06,43.14973068237305,4.3796273530460894e-05
54,0.11511840552515631,0.04407154503605891,2.335305067998215,36955.62940625,1.503550906779152e-06,22.672555923461914,3.850215216516517e-05
55,0.2505710123636024,0.019764204463029907,1.0472845190633264,25001.88370410156,1.7850821790341737e-06,3.7906150817871094,2.3731043256702833e-05
56,0.9447192547667725,0.007770766452469122,0.41176478527888827,23331.493756347656,1.835124341125702e-06,9.434639930725098,1.9132770830765367e-05
57,0.8542514461722581,0.013260655607967508,0.7026682686283863,23416.728064453124,1.8346963547334987e-06,13.431663513183594,2.525048330426216e-05
58,0.9319950539033399,0.005122441256272776,0.2714328035586087,22616.483576660157,1.8521531839198883e-06,6.877340793609619,1.2733599760395009e-05
59,0.6403676180004093,-0.01004162733045289,-0.5320953276443847,21893.09080053711,1.9063879615715212e-06,3.159947633743286,9.16509179660352e-06
60,0.6750358759202787,-0.01025750431463629,-0.5435344232062757,34972.22271875,1.5157537450746884e-06,4.039100646972656,7.796223144396208e-06
61,0.9518642672520711,0.010616419087034496,0.5625529415331275,49848.54076708984,1.2965763466062547e-06,26.35414695739746,2.7509704523254186e-05
62,0.9594698173349931,-0.014568904420107292,-0.7719910046180817,47736.76786425781,1.3155766525500051e-06,24.737266540527344,3.185041714459658e-05
63,0.8949878636378403,0.04805846223283026,2.5465676395212116,46172.24371972656,1.349636310782427e-06,19.646717071533203,6.502724136225879e-05
64,0.8208954616124017,0.012477973960065239,0.6611947868732113,45674.70714550781,1.3438684700267605e-06,14.259925842285156,1.726517075439915e-05
65,0.9582925723631437,-0.002978155801602564,-0.15780936046331753,28969.626631347655,1.6730465244374033e-06,6.933819770812988,1.3368610780162271e-05
66,0.7015860777978117,0.011563246956770424,0.6127243598690886,29102.634778808595,1.6427341280079656e-06,5.778241157531738,1.6519505152245983e-05
67,0.8297722436314894,0.008881342291071365,0.4706130371875106,20079.552260009765,1.9893577146319866e-06,5.613020896911621,1.311803498538211e-05
68,0.8507874524663784,-0.006929492667474108,-0.36718656747269485,18753.08193334961,2.0564389413248444e-06,5.150195598602295,1.0476018360350281e-05
69,0.6078269755595113,0.02003229837106812,1.0614905347959003,30560.07625390625,1.6456565005398424e-06,9.213933944702148,1.9560884538805112e-05
70,0.7749064019346408,0.020193102439715005,1.0700113741755621,58899.56901660156,1.2093386445508276e-06,17.400556564331055,2.117704389092978e-05
71,0.969379736168443,0.006959746670983339,0.36878969546978535,29393.270669921876,1.686812939632886e-06,21.022064208984375,2.6432708182255737e-05
72,0.9720579883435954,0.02546696113994545,1.3494676296909462,54848.68192285156,1.2397400081710304e-06,67.05757904052734,7.922361692180857e-05
73,0.281183331275098,-0.013364611252979518,-0.7081767695090553,32482.664744140624,1.5665984536816605e-06,4.4205322265625,1.2033340681227855e-05
74,0.998815766416118,0.0002712551770672995,0.014373528071405803,24493.59411669922,1.7996001522830877e-06,4.77792501449585,7.395417469524546e-06
75,0.3153533288111706,-0.005623204433208048,-0.29796772045355785,23693.4988684082,1.8258065113118445e-06,2.389317274093628,4.413981969264569e-06
76,0.9481340846264981,-0.003897624230902174,-0.20653103067140507,20033.208645263672,2.002917465019283e-06,7.6276021003723145,1.4250621461542323e-05
77,0.7323202671118254,0.02842699115762399,1.5063165238256024,21831.20292114258,1.8988119374176806e-06,8.774560928344727,3.233214374631643e-05
78,0.533226425456191,0.007519658565658588,0.3984588410420079,23123.04085546875,1.8384439333381259e-06,1.903578758239746,6.752372883056523e-06
79,0.7626740291146322,-0.003134614887496343,-0.16609996375220065,31353.968931884767,1.6095189721505955e-06,2.2094340324401855,4.288231593818637e-06
80,0.9980562103587434,-0.001750835710756378,-0.0927749527550319,48909.54821777344,1.309875760855535e-06,24.402280807495117,2.4211765776271932e-05
81,0.713967388482801,0.026955335072893345,1.4283350074024783,47436.08143359375,1.3252127571592585e-06,7.147017002105713,2.4837227101670578e-05
82,0.9754807906199386,-0.012876977885272143,-0.6823375874699338,50541.89019970703,1.2842195814545858e-06,31.19925880432129,3.557364107109606e-05
83,0.7510465403984002,-0.008275582891003488,-0.4385144802658361,55599.2047421875,1.2453502517214072e-06,6.378356456756592,9.280539416067768e-06
84,0.9716242237112751,-0.0017794843746653268,-0.09429301548605724,31223.986606445313,1.6016751701299344e-06,5.707598686218262,7.654559340153355e-06
85,0.740178492047948,0.01139852655417973,0.6039959980506405,28101.56309667969,1.672733442918504e-06,7.134289264678955,1.634385625948198e-05
86,0.5181768103875938,0.02119591517688381,1.123149372070743,23376.239779541014,1.8461753029598893e-06,4.459712505340576,2.0553998183459044e-05
87,0.5403326802469859,0.009835350338738516,0.5211649256408274,21785.740287841796,1.8879340783459044e-06,2.454845428466797,9.819247679843102e-06
88,0.8199438115134601,0.0044256370715627415,0.23450987874114873,26465.11126538086,1.7399364158608033e-06,2.072654962539673,5.286767191137187e-06
89,0.7905103525344084,-0.006632509025222996,-0.3514497149458743,27503.631149658202,1.707765044524899e-06,2.694437265396118,7.094287411746336e-06
90,0.5104998976877533,0.014203143686929234,0.7526097259910993,43885.04273779297,1.3858522116526545e-06,5.2440900802612305,1.036444245983148e-05
91,0.991330789348123,-0.00161497588967296,-0.08557588295945641,45389.68518798828,1.3396987369151095e-06,11.676103591918945,1.4821452168689575e-05
92,0.9669458929025393,0.019707037994974728,1.0442553277232092,66094.81164013672,1.123730205467357e-06,57.53125762939453,5.483086351887323e-05
93,0.5482236647081719,0.011286477322407415,0.5980586264742844,47531.57245068359,1.3293470029123773e-06,5.1913533210754395,1.0877556633204222e-05
94,0.7436525697369064,-0.006063383768013662,-0.3212923629311149,25393.915905761718,1.7593172483565392e-06,4.0968451499938965,8.846413038554601e-06
95,0.9376764326675893,-0.004092592130941675,-0.21686217573760788,31498.28474560547,1.5826542245193293e-06,7.662989616394043,1.000048087007599e-05
96,0.15503025650418084,0.028094352284138858,1.4886903378948062,26386.795751464844,1.7363346787439126e-06,8.788765907287598,2.2835245545138605e-05
97,0.686153797130803,-0.0032309912263603453,-0.1712068451288365,23393.853817871095,1.8291995409520212e-06,1.773576259613037,3.775763389057829e-06
98,0.878862616567916,0.0073767484527672,0.3908861836588734,25218.885953125,1.7921959392590919e-06,2.731656789779663,9.763488378666807e-06
99,0.6217374439718718,0.006222981662758445,0.3297492884174892,36259.73490478515,1.5085974298165774e-06,2.1307079792022705,4.181801159575116e-06
100,0.8826694974130184,0.009820826152619101,0.5203953042121828,53679.56671435547,1.2765016528206032e-06,11.534631729125977,1.2080750821041875e-05
101,0.9500199080867766,0.006991612230626751,0.37047821814056925,32775.623616210934,1.6096019298728898e-06,13.38380241394043,1.9285036614746787e-05
102,0.9855505693221958,0.008527862150790877,0.45188249433138095,58873.542395507815,1.2089347926880307e-06,51.625572204589844,5.541040445677936e-05
103,0.3460640893053471,-0.08318118299314065,-4.407683870557114,38269.38645239258,1.467499703262857e-06,18.955726623535156,7.639520481461659e-05
104,0.8161751413497375,-0.020165601139015266,-1.0685541090207302,25297.704952148437,1.7761827294015181e-06,23.0241756439209,3.760594699997455e-05
105,0.9945074664124461,-0.001810280067899059,-0.09592484705498477,22524.632666503905,1.8731888348723288e-06,10.44165325164795,1.7028874935931526e-05
106,0.772846001822165,0.025595735230375463,1.3562912340316162,21443.501321289063,1.9125601326912843e-06,10.132963180541992,3.710334931383841e-05
107,0.6107109640835613,0.03200312042010653,1.6958118724379372,21967.087930664064,1.8973402701668325e-06,9.546463012695312,3.85988132620696e-05
108,0.4707109737586319,0.016988495328896715,0.9002025957287445,24044.140704589845,1.8128779443728593e-06,5.241268157958984,1.7500578906037845e-05
109,0.16646717879929784,-0.011247013977078986,-0.5959675050881328,25108.27701977539,1.7836570399104718e-06,2.83647084236145,5.816622888232814e-06
110,0.3711414758292296,0.019421986541730524,1.0291507494095422,36948.25193261719,1.505996589430708e-06,4.36834192276001,1.3496227438736241e-05
111,0.8636127647864765,0.007886019721949009,0.41787193546160883,46304.978215820316,1.3240134119746209e-06,4.847999572753906,8.873783372109756e-06
112,0.9608518337407979,-0.006137350649754846,-0.32521179061745725,55593.95017236328,1.2217158874103305e-06,16.96725845336914,1.6044970834627748e-05
113,0.9699331945733243,0.004139803941952055,0.2193638802145375,58156.00158105469,1.1962619229559705e-06,12.70817756652832,1.1138297850266099e-05
114,0.9974611440051172,-0.00165747245073043,-0.08782773127402778,47272.570315429686,1.344541964387433e-06,15.642841339111328,1.8068309145746753e-05
115,0.4196294499146793,0.021415444025220325,1.1347819760938747,52264.705361328124,1.2739585901918004e-06,7.9572224617004395,2.155442962248344e-05
116,0.9387918539936072,-0.0022235208581379683,-0.1178220442364978,23992.231295410158,1.805567003290006e-06,4.644720554351807,8.409921974816825e-06
117,0.7922277602535096,-0.010095646799501331,-0.5349577627992262,27480.789431640624,1.6932900432826726e-06,11.067543029785156,1.5979039744706824e-05
118,0.812961858143685,-0.02378330642592756,-1.2602525276747119,22895.90001074219,1.8545419492747714e-06,9.879953384399414,3.494521297398023e-05
119,0.9849055999917306,0.002273639813016479,0.120477795225822,24693.420520507814,1.8091000357270007e-06,7.757472038269043,1.1673058907035738e-05
120,0.6337369337020652,-0.00712422926029228,-0.3775054558112111,28023.25542919922,1.692973341871989e-06,3.9676430225372314,6.99740621712408e-06
121,0.9851843316008904,0.0021535333430964332,0.11411347902873456,27572.08444921875,1.7021486677129904e-06,5.478631019592285,8.94862569111865e-06
122,0.9552235550717171,0.014628183148273423,0.7751321224118326,55327.20399560547,1.2248908003429353e-06,35.68020248413086,3.5867349652107805e-05
123,0.8539223030471959,-0.04478677186849944,-2.3732041896468905,72137.97240332031,1.08429282134657e-06,56.95875549316406,6.556371226906776e-05
124,0.9807713673975416,-0.005890665467035635,-0.3121402008437633,58014.787864257814,1.2253912465552936e-06,30.287818908691406,3.112772174063139e-05
125,0.6909335912793573,0.04682043238744803,2.4809657331235884,51698.835048339846,1.281648214248492e-06,34.5935173034668,4.614756107912399e-05
126,0.9002749096315777,0.007683171698374386,0.4071232308927163,36780.973192382815,1.4760086782565981e-06,12.047276496887207,1.81940667971503e-05
127,0.48761785481392705,-0.025115882253482182,-1.3308643267626277,27512.689921875,1.7064192126916345e-06,8.865485191345215,2.8513779398053885e-05
128,0.7603436267449579,0.014408596306445549,0.7634964453742614,24884.39248486328,1.7756685317990581e-06,5.059642314910889,1.6570736988796853e-05
129,0.5679245537844516,0.008613793595519711,0.45643591169425,21625.76811328125,1.890262078232121e-06,2.9626176357269287,7.505113899242133e-06
130,0.11308227149781072,0.012176978120819042,0.6452453322248004,21426.046472778322,1.9336145384533176e-06,1.7320849895477295,1.1413788342906628e-05
131,0.7643835899801867,-0.001612636647052064,-0.08545192894006848,21693.08859667969,1.902144163984384e-06,0.8812914490699768,1.4175388969306368e-06
132,0.46163959489065937,-0.00640659584424505,-0.3394788118147556,29417.67970751953,1.656236445736109e-06,1.616604208946228,4.239952431817073e-06
133,0.994062282194699,-0.0018502085223676148,-0.09804061408791867,45120.15549609375,1.3391605281613469e-06,7.586589336395264,8.707434972166084e-06
134,0.9445732905841857,-0.022764000333589992,-1.2062405641429188,37759.70048486328,1.4787520417789613e-06,32.574371337890625,4.4192984205437824e-05
135,0.9298234137918825,0.02680147411823299,1.4201820763697364,37360.78398876953,1.5163924833012637e-06,51.8181037902832,7.74986547185108e-05
136,0.9173812052892353,-0.007141321292298786,-0.3784111447071761,44906.244015625,1.3653710975216628e-06,11.17778491973877,1.4546862075803801e-05
137,0.8535992500183421,-0.00515468482841168,-0.2731413567160881,22417.888943115235,1.8889914418115618e-06,3.74145245552063,9.174894330499228e-06
138,0.9010828399407008,0.00523558470790948,0.27742815670091,22427.473357666015,1.8698675594471574e-06,4.676820755004883,8.927719136408996e-06
139,0.7854579572531196,0.008686587687003203,0.4602931944516991,18664.74531677246,2.0387868705393833e-06,2.3455755710601807,9.83082009042846e-06
140,0.654610645176515,0.010051947674838467,0.5326421918972127,18440.60994213867,2.0732274658322864e-06,2.841836929321289,9.811009476834442e-06
141,0.905459302381803,0.0014195223849374746,0.07521900620840685,22756.532893066407,1.8748269349360192e-06,1.3611761331558228,2.5605074824852636e-06
142,0.9468974348260245,0.0009953351729337428,0.05274176958868219,28145.297731445313,1.6934995841441976e-06,1.3139201402664185,2.0102115740883164e-06
143,0.7642374755471317,0.01607156144393238,0.8516152283735838,55494.907775878906,1.2312220867075211e-06,11.516600608825684,1.4455165910476353e-05
144,0.9992415235948349,-0.0006551167682282481,-0.034713952227503994,54057.31760595703,1.2472401129388589e-06,27.723344802856445,3.104880670434795e-05
145,0.9939549534177778,0.0014799269904577396,0.07841978306536732,66861.94485742187,1.131758032467184e-06,53.443485260009766,4.472850196179934e-05
146,0.7280234104570734,0.016206109946115103,0.8587448127523887,44079.90651611328,1.4003200671685638e-06,7.273889064788818,1.7630462025408633e-05
147,0.9250319781507456,0.007905537663749905,0.41890617077982223,20114.288131835936,2.0139115813572597e-06,6.480484962463379,1.8900665963883512e-05
148,0.9737537429961337,-0.004486743285349612,-0.23774783308620062,24535.618278808593,1.7921655987541985e-06,9.898768424987793,1.541062374599278e-05
149,0.5077647123218859,0.029945902225447005,1.5868020323691185,23733.366534179688,1.8204962845650034e-06,8.129493713378906,3.3973312383750454e-05
150,0.9896623253327286,-0.0016256881175202315,-0.08614351270696848,22693.895175048827,1.8645402440981537e-06,5.996028423309326,8.975591299531516e-06
151,0.7077211141407495,0.0094148675952745,0.4988839849337594,28662.08077734375,1.6798346153316514e-06,3.795952796936035,1.0793983165058307e-05
152,0.8784321248548757,-0.0060366694370364215,-0.3198767984786255,40041.79038525391,1.4289738626168535e-06,8.992026329040527,1.1822480701084714e-05
153,0.48701192207625627,0.011085907033519265,0.5874306166836787,41892.27555078125,1.4242318491773815e-06,6.394912242889404,1.107469779526582e-05
154,0.5653818998597879,0.01901049591092699,1.0073462913456592,41444.594761230466,1.4277751099331446e-06,9.300216674804688,1.8145727153751068e-05
155,0.9926759005678805,-0.0017283490266596314,-0.09158340688817743,46243.03817578125,1.3934426067246835e-06,21.378684997558594,2.4703431336092763e-05
156,0.47869189126523265,-0.04060446168473376,-2.15158794814464,38035.50079736328,1.4800831353994882e-06,15.141044616699219,3.672778984764591e-05
157,0.9725141349537437,-0.0030408964230626287,-0.16113392036121008,25927.534090820314,1.7600838260462652e-06,10.220829010009766,1.5152747437241487e-05
158,0.5223891402836955,0.003547493869239929,0.18797798908003613,25275.727387939452,1.7722625880008083e-06,1.8390998840332031,4.667222128773574e-06
159,0.3297348022615695,0.00529320448335258,0.28048136832530607,20421.64115258789,1.963940016738312e-06,0.8891602158546448,4.880576398136327e-06
160,0.4130718769618504,-0.009574698252173025,-0.5073532442431666,16828.675404785157,2.175183376089078e-06,2.5335533618927,8.674934178998228e-06
161,0.5638188357555586,-0.008549079654247642,-0.453006787643819,18236.874575439455,2.0948515901338176e-06,2.791863203048706,8.331384378834628e-06
162,0.7809538921791437,0.015356653016342894,0.8137329786648801,24122.576044433594,1.8363171500958467e-06,7.520566463470459,1.8689926946535707e-05
163,0.673198248155798,0.021175039779956353,1.1220432066254136,41558.23799853516,1.3964733266022268e-06,10.920722007751465,2.3767683160258457e-05
164,0.7953095554376609,-0.013302312707788031,-0.7048756347701766,45564.903575683595,1.3180877484372614e-06,14.373811721801758,2.3708653316134587e-05
165,0.524521348326111,0.030646200145705953,1.6239100865785012,67893.01519628907,1.0873907754414669e-06,12.332500457763672,2.8412996471161023e-05
166,0.8934776501274962,0.016240119674497584,0.8605469526816305,72460.26333007813,1.0821772394560503e-06,23.964786529541016,2.3828288249205798e-05
167,0.7411646489594769,-0.021219938447829236,-1.1244223400672781,53294.50018408203,1.2556888354280845e-06,13.216919898986816,2.1249425117275678e-05
168,0.9422758532771699,0.009172985265859619,0.4860668933323731,55130.434539550784,1.2714029177990664e-06,19.423980712890625,2.4810602553770877e-05
169,0.8444102678809898,0.023117967839031382,1.2249969319690899,32034.236487304686,1.579091773223351e-06,6.756075859069824,3.169512274325825e-05
170,0.9980456202705357,-0.0011933707967444378,-0.06323547012835949,25905.058418457033,1.7254267733963816e-06,31.0522518157959,4.9595262680668384e-05
171,0.9101354843450776,-0.020436656644364632,-1.0829170566966808,25753.380841796876,1.7692160915971876e-06,29.88715362548828,4.52370077255182e-05
172,0.9564031722927305,0.004530509381563867,0.24006695274066306,20299.261249511717,1.9713725109463695e-06,8.006328582763672,1.4034735613677185e-05
173,0.7136530216208571,0.009799153970877113,0.5192469179730522,21778.52170727539,1.9025062761606234e-06,3.902966260910034,1.0895368177443743e-05
174,0.7392961080418432,0.005894339525759626,0.3123348853720965,20574.35119189453,1.9600776775428836e-06,1.8642761707305908,5.484720077220118e-06
175,0.6204008904509093,0.015744093719897274,0.834263056242579,32397.36777661133,1.5875146882131315e-06,6.475456714630127,1.373836312268395e-05
176,0.6694961524750916,-0.007505650775184099,-0.397716582878384,46894.26689501953,1.3243187851172313e-06,5.506819725036621,7.678895599383395e-06
177,0.915884982758187,0.008216159814303545,0.4353657135942824,52322.28093481445,1.2559937548557298e-06,10.552355766296387,1.3005030268686824e-05
178,0.9674141933549351,0.007776045397204417,0.41204451103808115,62857.059453613285,1.1804327884147583e-06,25.91203498840332,2.2693275241181254e-05
179,0.9014064768302833,0.02905236206345546,1.539454273921996,46523.66536328125,1.3657558709466096e-06,38.297882080078125,5.25205978192389e-05
180,0.7280591606962467,0.01096145308939149,0.580835932376238,35005.01489746094,1.5166410603761515e-06,6.948107719421387,1.2778798918589018e-05
181,0.7326047601195506,-0.00997285729565877,-0.5284512754413198,24093.442446777342,1.8142325207646013e-06,5.464355945587158,1.4685847418149933e-05
182,0.9832813923192479,-0.001418509710848172,-0.07516534566777813,22021.007057128907,1.9026559140475043e-06,4.001935005187988,7.016762083367212e-06
183,0.8428682308581472,0.0022058657152669793,0.11688651668489686,18386.855021484374,2.065544428063693e-06,1.2488209009170532,3.587527316994965e-06
184,0.7634769836943952,0.005669047748119093,0.30039690975377425,18887.51649975586,2.0237447425583668e-06,1.6902028322219849,6.353101525746752e-06
185,0.8299687901003491,0.007685446777409602,0.4072437849508209,21394.538565185547,1.927460781033679e-06,2.7589008808135986,9.310982932220213e-06
186,0.6822767053626347,-0.0034647801881807164,-0.1835950776479018,24047.215064208984,1.8145621437266668e-06,1.3440583944320679,2.903405629695044e-06
187,0.9650467134847464,0.0025007483097305534,0.13251203688737237,30092.87724121094,1.6326774445221803e-06,3.3020317554473877,5.653023436025251e-06
188,0.8799771016401232,0.010287049077793832,0.54509996929907,56723.71748974609,1.225721740575705e-06,12.04789924621582,1.3119313734932803e-05
189,0.9950416237871357,-0.003337627562606119,-0.17685739303369816,36575.84687402344,1.5147219639953438e-06,23.82722282409668,3.0676310416311026e-05
190,0.7324529640202179,0.025203719843251336,1.3355187487571554,55290.0602758789,1.2304937958058292e-06,22.716445922851562,2.639054764586035e-05
191,0.41676743315926196,0.01746413886271075,0.9254064490124831,39866.27686865234,1.429771659907139e-06,6.263723373413086,1.599004644958768e-05
192,0.7339498158919964,-0.006092913197027477,-0.3228570964836744,23981.22210546875,1.8162812079191809e-06,4.431029319763184,1.024639823299367e-05
193,0.43706084727118716,0.01090156093738175,0.57766230989472,23883.472327148436,1.825957520929991e-06,2.836954355239868,1.0907086107181385e-05
194,0.9323555221538969,-0.0013040858162347492,-0.06910214319161832,21290.906156982423,1.9376167385567194e-06,1.8703263998031616,3.0741166483494453e-06
195,0.6666431837133185,0.009038972044244253,0.47896567291087266,18995.305958740235,2.047521167082407e-06,2.5724501609802246,9.866250366030727e-06
196,0.9534561087493452,-0.0026477740673300203,-0.14030277797819155,22012.080275634766,1.8907317168147813e-06,3.6339125633239746,5.766330104961526e-06
197,0.8732118438924541,0.005004591346766826,0.26518806013726515,29416.760975097655,1.6553489443241529e-06,3.1335723400115967,5.66141034141765e-06
198,0.8632524718518045,-0.01269476374455117,-0.6726822507682486,51838.65866552734,1.2850613481170178e-06,12.086584091186523,1.5976320355548523e-05
199,0.4860347941311043,0.04116612689272976,2.1813499999555797,53166.9852602539,1.263185889165751e-06,15.549993515014648,3.721383836818859e-05
200,0.8088817009112357,-0.03770111213072725,-1.9977424924862501,93511.71313476562,9.69681412922435e-07,58.15774917602539,5.4291667765937746e-05
201,0.9486568707127819,-0.013980011352332884,-0.7407861770006844,53994.928208496094,1.2535986412767771e-06,34.525882720947266,3.62187456630636e-05
202,0.7713099756941725,-0.041175640045270856,-2.1818540919569758,24727.65659716797,1.8037664072429096e-06,19.89608383178711,8.404627442359924e-05
203,0.7721172416446487,-0.08565486499212145,-4.538761691952058,31244.457611816408,1.587590887144725e-06,90.8963394165039,0.00016720942221581936
204,0.7865840961931936,0.019412348305944627,1.0286400293778537,21476.016814453124,1.91876973454056e-06,12.023606300354004,2.8788866984541528e-05
205,0.905385773103676,0.017110582256335292,0.9066718542979727,17431.536137207033,2.1029190008543607e-06,14.912596702575684,3.1842599128140137e-05
206,0.6687272908869566,0.038243444822154235,2.0264801344680388,18397.278705566405,2.05855877619532e-06,11.032840728759766,3.567774183466099e-05
207,0.6355582978728045,0.021147867934660995,1.1206033989678152,19730.564250976564,1.9900001099924125e-06,8.04587173461914,2.0148869225522503e-05
208,0.17692900710242349,0.03179457517386754,1.6847612779999528,24328.366545410157,1.8039555203318855e-06,4.039051532745361,2.37820167967584e-05
209,-0.01701360521017162,-0.00923472036955235,-0.4893381718956517,22761.601220947265,1.8828799524580637e-06,2.3175530433654785,7.141994956327835e-06
210,-0.10272864949348515,-0.00476088383614615,-0.25227425409311505,25753.739724365234,1.7678472273828118e-06,1.0313873291015625,2.9602699669339927e-06
211,0.6417804370108842,-0.004237128990640124,-0.22452103273230062,29764.538481445314,1.6536535804993495e-06,2.0822808742523193,3.5623270377982408e-06
212,0.9947051329694788,0.001311889984606017,0.06951567790963245,38545.11169091797,1.4629797522188894e-06,10.883480072021484,1.2888835044577718e-05
213,0.9087712016303304,0.017604353595214974,0.9328362810085525,42631.682494628905,1.3797116660149278e-06,19.227684020996094,2.29318902711384e-05
214,0.8176796747143225,0.02710110565259091,1.4360592379293236,38529.847748535154,1.4615052010020844e-06,18.74477767944336,4.5290409616427496e-05
215,0.5713145265784868,-0.03187921371014215,-1.6892461854963507,40465.91769042969,1.3949507079787743e-06,13.08013916015625,2.5715042283991352e-05
216,0.755684589652348,-0.009254561501520242,-0.49038953272272345,25321.46540209961,1.7893929226335715e-06,8.51304817199707,1.4634976650995668e-05
217,0.9008377984864686,0.0085946888307473,0.4554235701945495,23537.21904711914,1.8359736224514958e-06,9.35211181640625,1.9529099517967552e-05
218,0.9630339026747782,0.0026180934430211147,0.13873003274511142,24096.309540527345,1.8387584046854563e-06,5.23477840423584,8.846780474414118e-06
219,0.9974138552565168,0.0005877528799069842,0.03114441025505897,35931.45987890625,1.516919844512736e-06,8.25704574584961,1.060758404491935e-05
220,0.978624510889545,-0.0022160899922789375,-0.11742829042809351,36649.19955908203,1.4978348227468234e-06,8.418933868408203,1.0552671483310405e-05
221,0.9162879431454335,0.012493159677196596,0.6619994621381476,48719.84166943359,1.2935760983122702e-06,23.57017707824707,2.8566370019689202e-05
222,0.9336462558799467,0.013711676419250557,0.7265673896031605,56463.25940820313,1.1992583248017157e-06,32.297569274902344,3.460435982560739e-05
223,0.7601011072210532,0.05557970778356372,2.9451105732421836,62120.564848632814,1.1407806865624188e-06,33.945560455322266,5.860114470124245e-05
224,0.9234395816853462,0.00525865149677883,0.2786504417128142,35586.133006347656,1.502177359300928e-06,7.087386608123779,1.147987768490566e-05
225,0.9438777042546442,0.0012720389220717428,0.06740401179433606,24131.174827148436,1.8078609309452494e-06,2.219299793243408,3.961485163017642e-06
226,0.6698048791940028,-0.0037352172143298116,-0.1979252527580237,22715.48908691406,1.868533754887628e-06,2.1722590923309326,4.581782832246972e-06
227,0.9335156548996176,0.0031559620248348234,0.16723112622842015,20069.95102026367,1.9864758363278813e-06,2.85591983795166,7.0498831519216765e-06
228,0.6943800209905798,0.008439523183664484,0.4472015048751865,21785.02994628906,1.8913798675991154e-06,2.1762983798980713,9.32853072299622e-06
229,0.9972874242395975,0.00015173183052637063,0.0080401109721695,21993.129368652342,1.9014155891978737e-06,1.16922128200531,1.9905169210687745e-06
230,0.5536539545418266,-0.013223121321921877,-0.7006793660756319,25989.303754394532,1.742604486750069e-06,2.4787731170654297,1.115020495490171e-05
231,0.9949990450523086,-0.0004322816130750247,-0.022906150464899237,28060.53829345703,1.7018383685630762e-06,2.3863563537597656,3.298099272797117e-06
232,0.7170773083262454,-0.01132150847118946,-0.599914890401986,41670.41430517578,1.3932385664503869e-06,6.626943111419678,9.122364645008929e-06
233,0.9579277728289134,-0.025017585100934218,-1.3256556634782515,49294.47302099609,1.3123717761418747e-06,45.49318313598633,5.4691179684596136e-05
234,0.5639611296977167,0.07398266310876264,3.920263924501342,54010.205122070314,1.2489842360310076e-06,29.074676513671875,6.320056854747236e-05
235,0.9142320743835771,0.011177304864422304,0.5922736921315049,50408.83474267578,1.2777101024544462e-06,14.769204139709473,1.8653874576557428e-05
236,0.9804593865277995,-0.0017047151033675414,-0.09033107001649432,23850.711217285156,1.8116751317869087e-06,4.286951065063477,7.624330919497879e-06
237,0.8783798046960763,-0.0032117097606930607,-0.1701851404335643,27605.447517333985,1.6923696953944094e-06,4.147121429443359,5.80083587919944e-06
238,0.9911805017364004,-0.00035481878167074264,-0.018801476063039693,22210.20820800781,1.8717168922989252e-06,2.1444761753082275,3.4108793443010654e-06
239,0.9983916709811264,0.00046227984532327325,0.024495725410433912,26820.526755859373,1.7198089456771137e-06,5.0733513832092285,7.487747097911779e-06
240,0.9891875786762786,-0.0034407298223846625,-0.1823206739235762,22506.87336376953,1.8832303513660916e-06,9.246326446533203,1.909743332362268e-05
241,0.064554328762533,-0.021676449274856045,-1.148612371233181,24805.481564697264,1.7900668152779801e-06,3.9371161460876465,1.4075174476602115e-05
242,0.9747736702606941,-0.002126538104597266,-0.112683029580517,28564.613543701173,1.6754158606041389e-06,4.933116436004639,6.547931661771145e-06
243,0.7275567127266541,0.005626815190275508,0.29815905069333154,44646.49313574219,1.3667951363308328e-06,2.16397762298584,5.100489943288267e-06
244,0.8970454030909168,0.016283113766010503,0.862825164614567,64742.518215332035,1.1621287486110175e-06,36.5235710144043,3.9713821024633944e-05
245,0.7827167049876819,0.02959925064030886,1.5684333275065965,73450.3880439453,1.0773972710734757e-06,27.194259643554688,2.8309203116805293e-05
246,0.9945347510605476,-0.0019732052380399307,-0.10455808138391842,52934.279939453125,1.2684959598120448e-06,42.60049057006836,4.0827995690051466e-05
247,0.618540953026261,0.03262690130736385,1.7288653691134133,44781.39757470703,1.3492680023880028e-06,12.434611320495605,3.134602229692973e-05
248,0.7658484791804159,-0.0026690947301764756,-0.14143253759877372,21867.363901855468,1.9169255621687933e-06,2.5125551223754883,3.656304443211411e-06
249,0.961230151676218,0.006862190176911645,0.36362027890326015,20859.09199121094,1.9547627040782787e-06,14.243270874023438,2.5276662199757993e-05
250,0.30953679710755594,0.016289271487916146,0.8631514558567235,21694.16533300781,1.8925479611746503e-06,2.7500369548797607,1.2481503290473484e-05
251,0.9000486588212053,-0.0029260171338810884,-0.15504658700327628,18909.672560058592,2.0321172199100826e-06,2.7809245586395264,5.365245215216419e-06
252,0.9574548892527531,0.0008612375942728439,0.04563607917558542,20398.94709326172,1.974502060646654e-06,1.2644679546356201,2.637285433593206e-06
253,0.12116874782007502,-0.022344136871995338,-1.1839924385342746,26123.813579101563,1.7522877939000329e-06,4.470936298370361,1.6062118447734974e-05
254,0.7831558628159372,-0.00947780933312228,-0.502219201778648,31974.49895214844,1.5904261268796329e-06,7.3690900802612305,1.2222820259921718e-05
255,0.7921902479285655,-0.03219675529583448,-1.7060723819403547,36235.55985839844,1.5119032617645213e-06,23.163352966308594,4.100086516700685e-05
256,0.962775226706028,0.009490176983601042,0.5028745506396569,48757.46983203125,1.2990139314624165e-06,25.160694122314453,2.7714895622921176e-05
257,0.9950310213103114,0.0006921328500909265,0.0366753956826999,65444.5547265625,1.1161586537753113e-06,20.841915130615234,1.8879280105466023e-05
258,0.9823036712544615,-0.005024777812241491,-0.2662577198256057,54420.20289697266,1.2485936414744089e-06,22.418272018432617,2.2833053662907332e-05
259,0.5207519596602046,-0.026643958183330256,-1.4118354717574437,35943.27936425781,1.4947265456620364e-06,10.806632041931152,3.061722600250505e-05
260,0.6476010863441469,-0.01871081910665422,-0.9914667309806414,29876.753608398438,1.6499998633356452e-06,15.654751777648926,2.333626980544068e-05
261,0.9223369350804924,-0.004575555658252974,-0.24245390781928466,24494.640797607422,1.795498120198629e-06,7.180095672607422,1.036784397001611e-05
262,0.05055247694475791,0.027804794195022815,1.473346957660705,24495.939177246095,1.8062358751741862e-06,6.226431846618652,3.055352863157168e-05
263,0.906574748473897,0.0018417208289510767,0.09759086009279463,21470.58644580078,1.8975751479064203e-06,1.975231409072876,3.7194779451965587e-06
264,0.7765175695384583,-0.0010526234100317051,-0.05577741334299334,20196.76566772461,1.9739586993875534e-06,0.7086549997329712,1.1649105999822496e-06
265,0.8176216575627413,0.0036814684840661104,0.19507716376816434,23527.866368896484,1.855044247059349e-06,1.4471983909606934,4.686486590799177e-06
266,0.9502255558362851,-0.003054378779697737,-0.16184833633534412,37185.35934667969,1.491853097130937e-06,5.272778511047363,7.494538749597268e-06
267,0.7999200412323255,0.010187558821642547,0.5398280847028655,50397.205206054685,1.3093145972319005e-06,9.169037818908691,1.1466728210507426e-05
268,0.878892068450301,-0.017283002568739266,-0.9158082262825126,54985.18624609375,1.2069948429850449e-06,17.35445785522461,2.5824163458310068e-05
269,0.9836296847045418,0.010171758396628252,0.5389908367102612,52145.597817871094,1.263486437429982e-06,63.42383575439453,7.226373418234289e-05
270,0.44495614628795155,-0.04777245975509564,-2.5314126674146693,31418.038955566408,1.5812839278872313e-06,11.956586837768555,4.1811141272773966e-05
271,0.9073017619023327,0.004999780650064538,0.2649331463515047,25997.473603027345,1.7459864837018175e-06,6.131890296936035,1.067620723915752e-05
272,0.6427132044590447,-0.004503034304868045,-0.23861107716836585,22883.781837890627,1.8433538649978096e-06,2.9345967769622803,5.103151579533005e-06
273,0.8747673614590039,0.002400781281213355,0.12721488862225197,21783.608447998045,1.894957800138057e-06,1.8730895519256592,4.282333520677639e-06
274,0.12225070276098018,-0.008649674149230015,-0.45833718470053325,21485.619798095704,1.9140952116340818e-06,1.9014827013015747,6.7662786022992805e-06
275,0.4938708559904367,-0.017069979763526852,-0.9045203706785232,22028.863759765623,1.8982279873115924e-06,3.0589940547943115,1.5658979464205913e-05
276,0.8786485794130331,-0.003098253461968486,-0.1641732098513477,24752.97066479492,1.7911524724527218e-06,2.6952202320098877,4.510930466494756e-06
277,0.7132438222807912,0.022851558806810054,1.2108801960434956,28805.96261279297,1.6548776923367657e-06,5.928475856781006,2.0295523427193984e-05
278,0.5982716001833345,0.02110265470570859,1.1182075972634111,37614.60524658203,1.4926468152596999e-06,10.219672203063965,2.001965549425222e-05
279,0.8055997244715435,-0.021352784954184627,-1.1314617374676588,50749.135877441404,1.269862766197034e-06,13.966174125671387,2.4291892259498127e-05
280,0.9972754860361988,0.0010676894664051564,0.05657574790954598,58487.69059472656,1.1795709944087649e-06,25.754192352294922,2.598568426037673e-05
281,0.9923627677823983,-0.006557020464764674,-0.34744965509614645,53088.6655,1.2271434784509312e-06,44.3979377746582,4.366483335616067e-05
282,0.9966703212857264,-0.0013933924638307568,-0.07383440902360237,40768.65593896485,1.4002556510699604e-06,15.013729095458984,1.8703109162743203e-05
283,0.9541191382004598,-0.005245173512771458,-0.27793625743964967,34005.7239038086,1.5219442182474457e-06,14.270074844360352,1.9249291653977707e-05
284,0.9660927083966723,0.006438130431369448,0.34114979659798894,37942.14044140625,1.460190676539472e-06,22.57329750061035,2.8015097996103577e-05
285,0.6487826009479695,-0.006268106432978993,-0.3321404027862294,34485.76800146484,1.5212742349135232e-06,5.8572587966918945,8.854425686877221e-06
286,0.6954360065510106,-0.042791349399597736,-2.2674688404411625,32184.39445263672,1.57651192663207e-06,20.898799896240234,5.604751277132891e-05
287,0.8885736362834082,0.01147669409717518,0.6081380143825138,32270.877475097655,1.5838409651361862e-06,4.966630935668945,1.9344608517712913e-05
288,0.7847652987901375,-0.00329440994491843,-0.1745673366825924,34223.35832128906,1.5461137967908408e-06,1.8987663984298706,3.814842784777284e-06
289,0.8763913645371552,-0.010036484873859051,-0.5318228342490265,47491.86127929688,1.3464440078102387e-06,9.473361015319824,1.3744228454015683e-05
290,0.8633068226389063,0.007555405049429755,0.40035300982246746,58027.35264453125,1.191753180835045e-06,8.355396270751953,1.0362529792473651e-05
291,0.9184331115081894,-0.027701264047067818,-1.4678610034239723,43834.91163427734,1.3730568157256597e-06,37.44655227661133,5.031622276874259e-05
292,0.9909943093581411,-0.0034686984208943273,-0.1838027007005133,51423.158280761716,1.2684588078120104e-06,41.36350631713867,4.942538362229243e-05
293,0.5897216866623759,-0.02322312039540651,-1.230568855930795,40396.527599121095,1.4196957958256894e-06,18.030885696411133,2.9523042030632496e-05
294,0.9688510294583268,0.00290281366132002,0.1538170592655334,37282.923110839845,1.4632516828196152e-06,12.234102249145508,1.549794069433119e-05
295,0.9225784525724788,0.005700238978868236,0.3020497004418697,27385.644548828124,1.7076500578614272e-06,7.710962772369385,1.1913557500520255e-05
296,0.1362131789489808,-0.00896545689875517,-0.47507018225596576,23156.921498046875,1.8557629967233127e-06,4.218408107757568,6.9933362283336464e-06
297,0.46027282398977126,-0.051673791713220465,-2.7381401666729306,26108.70704980469,1.7374703650639712e-06,12.290990829467773,4.949543654220179e-05
298,0.7933188327864807,-0.008234054123106084,-0.43631391429840344,32554.818416259764,1.581473101823731e-06,6.141844749450684,1.0304131137672812e-05
299,0.14116688486857512,-0.04002613361761399,-2.1209429488598315,41897.18401220703,1.3892721828767463e-06,13.483378410339355,3.086174911004491e-05
300,0.93941661627199,-0.005404163093250927,-0.28636094898946557,45443.07847216797,1.3528880187109621e-06,10.571752548217773,1.262220484932186e-05
301,0.9835997719452965,-0.00748040744060723,-0.3963789649863336,39729.21064550781,1.4353985240608364e-06,32.51459503173828,3.726190698216669e-05
302,0.7485310874991105,-0.04167787105300387,-2.2084667876703925,55729.30264111328,1.235265216434492e-06,33.011634826660156,5.217746365815401e-05
303,0.45316639174425377,-0.0427877977223431,-2.267280640778867,45368.189631835936,1.364501325860614e-06,35.36223602294922,7.130274025257677e-05
304,0.9346263831802454,0.01235819388496541,0.654847765996204,46267.46822167969,1.3310540285796881e-06,55.72273635864258,6.916804704815149e-05
305,0.8779082087749192,-0.015427803244435729,-0.817503154820912,42630.308572265625,1.3624677890403702e-06,32.50836181640625,4.382061888463795e-05
306,0.9774217398348005,-0.002580395617916013,-0.13673246442867448,30801.771138916014,1.6127457464969262e-06,11.660028457641602,1.538598007755354e-05
307,0.9797692655820294,0.0023462173514027414,0.124323603061186,25182.345920410156,1.7840846055093137e-06,6.994965553283691,1.1071306289522909e-05
308,0.5792405919694479,-0.024729350363249837,-1.3103824062521492,25366.26581274414,1.7663265895597115e-06,7.304737091064453,2.890604082494974e-05
309,0.7391157349209523,0.014174435491434906,0.7510885087436411,26910.04428564453,1.7135649130246312e-06,5.126983165740967,1.6453052012366243e-05
310,0.574772862807894,-0.008616477758374312,-0.45657814267599917,38025.35870947265,1.4614680298143695e-06,6.455900192260742,6.737855983374175e-06
311,0.7962266916285362,0.008416449336790309,0.44597884586699,41901.355922363284,1.3743573579182376e-06,6.762901782989502,1.1456251741037704e-05
312,0.9474183376095275,0.009403883211794915,0.49830193394399436,45078.2033959961,1.3351577988759e-06,27.439697265625,3.1249819585355e-05
313,0.9783828279472523,0.015019963525430207,0.7958921547539687,54945.78323828125,1.2186314425671286e-06,65.97288513183594,7.644594006706029e-05
314,0.9904913184717483,-0.003097264898180049,-0.1641208268903399,40781.04544775391,1.4027469706692471e-06,18.000062942504883,2.170485458918847e-05
315,0.9151327756163009,0.005621052718655962,0.29785370335036204,25044.513231933593,1.7554862381603275e-06,9.871826171875,1.7050297174137086e-05
316,0.9300353341929657,-0.0028249973258313446,-0.14969365305204424,23166.36977026367,1.8406339382762228e-06,4.795984745025635,7.4134218266408425e-06
317,0.30502656120117366,-0.008704572082439797,-0.46124616875231855,23311.005972167968,1.8419753194422167e-06,4.1346940994262695,7.4611489253584296e-06
318,0.7496543368530268,-0.01876032837592713,-0.9940901753675198,22742.43426196289,1.8672285523366453e-06,2.9877824783325195,2.0097062588320114e-05
319,0.7276076365166592,-0.005467430296124654,-0.2897134118856087,22246.755522216798,1.8872030243032989e-06,2.7260780334472656,6.706837211822858e-06
320,0.6722651933112103,-0.012747555752509007,-0.6754796440439522,24396.068689208983,1.7989016473657128e-06,6.02773380279541,1.3036809832556173e-05
321,0.7775625746326587,0.007133232678558651,0.37798253752662536,27976.74779321289,1.6896804209065938e-06,3.763256072998047,9.35742264118744e-06
322,0.767326139033226,0.008266677883423734,0.43804261322975774,31796.853975341797,1.5842758470091464e-06,4.184942245483398,9.450572179048322e-06
323,0.37114721081801605,-0.02802010315736945,-1.484755954339676,41828.11581591797,1.3951196239464754e-06,8.277568817138672,1.9409133528824896e-05
324,0.9249719903313316,0.015417323390773044,0.8169478383383533,45098.35606005859,1.3659795824585502e-06,31.08237075805664,3.2413401640951633e-05
325,0.9980943597855022,-0.003931314844243054,-0.20831626102842005,47827.24834033203,1.3146070727493492e-06,38.783294677734375,4.008097675978206e-05
326,0.9895347267324868,0.0018342729839962177,0.0971962065798643,55392.80501904297,1.2296712505638658e-06,16.38734245300293,1.7040169041138142e-05
327,0.8732573388141346,-0.007219114281676154,-0.38253331383464956,30713.948113769533,1.613504973242912e-06,9.846747398376465,1.5545794667559676e-05
328,0.9092892987271944,0.007855506629657462,0.41625507862097744,33885.99118115234,1.5254171569538868e-06,15.518006324768066,2.4731194571359083e-05
329,0.9368150558159574,0.0077170440355662515,0.4089180906064928,33256.07142578125,1.5486093681963642e-06,14.29140853881836,2.0802572180400603e-05
330,0.5283775798027578,-0.03550635526691531,-1.8814446222189307,33898.81882373047,1.5352446014822705e-06,9.256143569946289,3.3897806133609265e-05
331,0.9495906298377892,-0.003045526667856607,-0.1613792721891209,37602.75084179688,1.4832740740704806e-06,7.223874092102051,8.873166734701954e-06
332,0.7148716621845312,0.0069463719824366795,0.36808098471502615,34671.75362548828,1.525569159713987e-06,2.4587528705596924,6.908845080033643e-06
333,0.8197019910416631,-0.028580737784615742,-1.514463396754784,45476.369846679685,1.3777204633905662e-06,17.748090744018555,3.468445356702432e-05
334,0.9980997991261955,-0.0008775771554145443,-0.04650189542758791,51561.19429882812,1.2831846810140917e-06,11.733318328857422,1.3234129255579319e-05
335,0.8324045630360244,0.00847664143349897,0.44916836210433,57974.15673779297,1.1918606331725396e-06,9.066428184509277,9.239309292752296e-06
336,0.9759446320775335,-0.023476138316364362,-1.243976010879046,59638.14044580078,1.1752011423754856e-06,73.60794067382812,7.044494850561023e-05
337,0.951304153203474,0.0055103131735249776,0.2919857306990604,55073.202833984375,1.2278172128315995e-06,14.701988220214844,1.4381943401531316e-05
338,0.7479397096958418,-0.0101109086068959,-0.5357664700076118,33827.10495214844,1.547320715377001e-06,12.253973960876465,1.8346796423429623e-05
339,0.9539763613418828,-0.00418433056829867,-0.2217232995651193,41262.33041064453,1.402255461588319e-06,15.409910202026367,1.7601198123884387e-05
340,0.9638249251589871,0.011773463701080143,0.6238635252412784,39365.403310058595,1.4311040763298832e-06,29.86674690246582,4.444400474312715e-05
341,0.5903537801073441,-0.044818355870427436,-2.3748777928688733,36226.99978564453,1.5014651153442316e-06,28.854259490966797,5.336686808732338e-05
342,0.6840786864697668,0.011012205939458593,0.5835252728084848,36125.749969238284,1.4916699038660554e-06,9.76673698425293,1.6474568838020787e-05
343,0.8097231965754058,0.01147626570499556,0.608115314329059,31146.91107373047,1.613961196341975e-06,8.71199893951416,1.853149115049746e-05
344,0.26046664366235256,-0.027252549187948397,-1.444084072442081,37610.746325195316,1.4760371607707894e-06,13.836252212524414,2.233985833299812e-05
345,0.9473299663323045,0.009365954042723756,0.496292106952806,46914.74642236328,1.3219904730130389e-06,23.551456451416016,2.8013133487547748e-05
346,0.9252900817150328,0.02400952153228186,1.2722394295156778,46671.861431640624,1.3137333180434983e-06,22.60329818725586,3.826502870651893e-05
347,0.7877938632951696,-0.03679074462578041,-1.9495030707390928,57829.81507226563,1.1871332698630077e-06,36.64148712158203,5.7006323913810775e-05
348,0.9814031707202234,-0.002747991867057664,-0.14561321434742044,33260.659865234375,1.5598370354822195e-06,10.72619342803955,1.594647801539395e-05
349,0.9554064886693888,-0.009278242634827228,-0.4916443712037092,29397.080256835936,1.6494475331423318e-06,33.14979934692383,5.0109043513657525e-05
350,0.9320436271003067,-0.007234328677635554,-0.38333950876068285,25436.615783203124,1.749346019711486e-06,15.227450370788574,2.578498242655769e-05
351,0.9204446076066001,-0.0035277114382819582,-0.18692973875807276,24099.16431323242,1.8331393096797e-06,6.077268123626709,8.768291991145816e-06
352,0.6927559942329647,0.0046286369642958,0.24526663069787563,25646.932771972657,1.7544522604221783e-06,2.7852046489715576,5.947857971477788e-06
353,0.9983984666653121,-0.0017048318932586324,-0.09033725859064876,28127.547677001952,1.731572799549047e-06,21.7211971282959,3.1822299206396565e-05
354,0.8039387414254499,-0.004115784097541961,-0.2180910937865254,43821.93851660156,1.376650861641473e-06,2.873089551925659,4.717131105280714e-06
355,0.9939947912333843,-0.00158620557171152,-0.08405137390745249,54253.181579589844,1.2599425353849551e-06,71.19605255126953,7.918918709037825e-05
356,0.9933835956643442,0.0005493057498266066,0.02910713705183383,67110.6748515625,1.1186413000342202e-06,35.807315826416016,3.407554322620854e-05
357,0.6805368111967034,-0.051091853215627855,-2.7073038544542563,56155.800829101565,1.2199577315376066e-06,30.036630630493164,6.286823918344453e-05
358,-0.02452999028821989,0.08951813134885069,4.7434721348129845,32601.5434921875,1.5844134221182816e-06,43.406578063964844,9.587110980646685e-05
359,0.6549509560948708,-0.006955973641855911,-0.36858976660330756,24088.67283544922,1.7846492850283466e-06,5.545900344848633,9.654225323174614e-06
360,0.7616968622946464,-0.006140394270966288,-0.32537306892150436,26596.349736328124,1.7266865806015759e-06,4.757498741149902,7.224976798170246e-06
361,0.699326277428322,-0.01261235648199037,-0.6683155761317991,21341.510935546874,1.9274922327781835e-06,9.705924987792969,1.9067461835220456e-05
362,0.9919446797034432,-0.0027587015708325216,-0.14618071034697572,20185.29840234375,1.9902131933998147e-06,12.853113174438477,1.9441122276475653e-05
363,0.7777761627705443,0.022832617938720944,1.20987653925759,20583.19254003906,1.9603018084199656e-06,8.403985977172852,2.9290851671248674e-05
364,0.9984818412915974,-0.0003498411085447861,-0.01853771437126388,30151.158234375,1.6614433623653576e-06,10.701004981994629,1.4921501133358106e-05
365,0.9896832667770629,0.006082032256897198,0.3222805268487766,49914.4867319336,1.3017362714112666e-06,27.98794174194336,2.7981035600532778e-05
366,0.9637440476519132,0.0035814715128049987,0.18977842886836718,33030.85448510742,1.599466934777507e-06,10.884973526000977,1.4475425814453047e-05
367,0.9603056863114291,0.02787288419835263,1.4769549757078604,61138.790341308595,1.2057765882236988e-06,109.1218032836914,9.97587267193012e-05
368,-0.0826579403823147,-0.03523630770656541,-1.8671350844940862,31396.599990722658,1.6130312348826776e-06,11.280728340148926,2.483580647094641e-05
369,0.9925854249035279,-0.001368970097819747,-0.07254029339703755,24512.832947753905,1.8190171313420335e-06,8.980396270751953,1.3663268873642664e-05
370,0.9774840331683198,-0.0036006424534951948,-0.19079427696072424,22956.89130444336,1.8585031885288245e-06,8.692641258239746,1.392912417941261e-05
371,0.9244836636421255,0.00976381790928962,0.5173744970347608,19285.85521875,2.035444111410907e-06,12.055869102478027,2.3641528969164938e-05
372,0.9991894930980205,-0.0005378111111009063,-0.028498048170357743,19393.18094970703,2.0191485695147345e-06,8.098123550415039,1.3298891644808464e-05
373,0.6406007921602491,0.012793581612275897,0.6779185062051187,19243.46841894531,2.0243433102977317e-06,3.751462936401367,1.1630114386207424e-05
374,0.6939246399542743,-0.0044115044968988035,-0.23376100839386332,27851.11393310547,1.6937099029869828e-06,1.2802884578704834,4.00792532673222e-06
375,0.8907591917625756,0.00497800277758763,0.26377915967089405,38401.351063964845,1.4582316920702727e-06,6.727000713348389,7.942466254462488e-06
376,0.67903767495821,0.02395308815682948,1.2692490839856911,58888.62050390625,1.1956436914197252e-06,23.786258697509766,2.616924211906735e-05
377,0.9922223379421844,0.01158029875259349,0.6136279166917845,66440.97237109375,1.1134602593068908e-06,83.48892211914062,7.371377432718873e-05
378,0.4948979362507071,-0.05843550409876337,-3.096436232521879,46425.71645141602,1.3596220574668555e-06,38.20610427856445,3.788655158132315e-05
379,0.0736648414224821,-0.025763687518905308,-1.3651908501050876,40824.68121826172,1.4074431462644658e-06,8.607545852661133,1.7761783965397626e-05
380,0.6871238234773529,-0.01120067923380357,-0.593512275512974,26979.69885986328,1.7110951199138734e-06,5.43431282043457,1.6433637938462198e-05
381,0.36864615082893476,-0.018883834425049015,-1.000634631710196,29581.783235839845,1.6411356239392503e-06,10.758312225341797,2.0303987184888683e-05
382,0.88534846682562,0.009345221951410892,0.49519353512208125,20573.81332788086,1.9653470574222345e-06,9.434054374694824,1.9334185708430596e-05
383,0.9883859745750052,-0.0019018175161073755,-0.10077532067776344,27080.065853027343,1.7429130415501405e-06,8.040507316589355,1.0657575330697e-05
384,0.6087970863343575,0.012349189754246039,0.6543706465286505,23781.746977539064,1.836111994074951e-06,4.019064903259277,1.1344615813868586e-05
385,0.6904852440565287,0.033101975620377845,1.7540390599824218,38748.76062988281,1.4513143708406764e-06,8.109931945800781,2.62903849943541e-05
386,0.9848308328870726,0.0035118508148818017,0.1860893009159755,45716.25033203125,1.3550479365377435e-06,23.185239791870117,2.3953203708515503e-05
387,0.8435083818686205,-0.03441990885544778,-1.8238749634122629,43565.21994970703,1.3660550742864587e-06,45.415992736816406,5.4341766372090206e-05
388,0.9943235945220245,-0.0037219725443991525,-0.19722343155371316,54443.18136523438,1.2452892242182883e-06,27.053739547729492,2.905253495555371e-05
389,0.7278515212107322,0.018393120333248802,0.9746322053241558,41654.58313476563,1.4067907357994824e-06,8.483307838439941,2.0062001567566767e-05
390,0.9948744785985434,0.0010531382306525003,0.05580469314913286,25554.916359375,1.7588922449203367e-06,11.86927318572998,1.7205795302288607e-05
391,0.9944054696704048,0.0013491852133694219,0.0714919130670809,27627.925071777343,1.6935991645467828e-06,9.780942916870117,1.4389621355803683e-05
392,0.9701330969846863,0.0027115052591431374,0.14367982716285177,21624.00096923828,1.9006041366944322e-06,7.102148532867432,1.198646077682497e-05
393,0.7959575478497589,-0.05053964552833624,-2.6780429467718823,27174.238546142577,1.7222558204080798e-06,30.16144371032715,8.030475146370009e-05
394,0.9790364283623307,-0.005994261675479784,-0.31762965555670974,32430.866079589843,1.6084013795280742e-06,16.241147994995117,2.1822201233590022e-05
395,0.4614443463119737,0.025138850902679442,1.3320814114559723,40495.07808984375,1.4206778184399608e-06,7.455280303955078,2.0713672711281106e-05
396,0.8323162555191868,-0.017332075340032765,-0.9184085410980849,43966.793162597656,1.3895534882085527e-06,15.739442825317383,2.2111840735306032e-05
397,0.9907900961903767,0.0024805223908579256,0.1314402866047462,45993.69393359375,1.3754394544892938e-06,41.361473083496094,4.4440974306780845e-05
398,0.9764795578742839,-0.007657673399192742,-0.4057721026929786,44198.80911962891,1.4121338862787044e-06,73.5573501586914,8.57686682138592e-05
399,0.9701040876499943,0.0074148559474176146,0.39290545993595916,29616.19118457031,1.6436767461954687e-06,13.120559692382812,2.640151433297433e-05
400,0.3783743485975326,0.008475892369137282,0.44912866996740425,24874.352774902345,1.7839608101868596e-06,5.14397668838501,1.2327969670877792e-05
401,0.9968023178796448,-0.001070774731073196,-0.05673923285679467,23628.332649902342,1.8204465094422973e-06,6.639098644256592,1.0032288628281094e-05
402,0.9230050240546476,-0.005960402409459467,-0.3158354884706398,21744.780421875,1.9129934284394598e-06,8.343542098999023,1.4389425814442802e-05
403,0.6176850958258261,0.02365658544033142,1.253537715211426,28857.209293945314,1.6871472075996849e-06,7.953431129455566,2.8703077987302095e-05
404,0.9354170472400355,-0.005556280203881634,-0.29442147555132037,43260.39783935547,1.3814412249365851e-06,8.184289932250977,9.858699741016608e-06
405,0.9885302339151764,-0.00222314979742391,-0.11780238211742831,43928.10962890625,1.3658287029867286e-06,7.303098678588867,8.16863939689938e-06
406,0.8607229821949435,-0.034215852163091344,-1.8130622127490164,44846.964032714845,1.3774713291142612e-06,39.37991714477539,5.6574586778879166e-05
407,0.9951475558060253,-0.0014427942394666972,-0.07645215743510755,31808.276536621095,1.6054573488940397e-06,8.366501808166504,1.1689596249198075e-05
408,0.8564561782670982,0.016722717350604935,0.8861192986907288,22643.908810546876,1.866324031589793e-06,15.214990615844727,3.7437945138663054e-05
409,0.6937471131681743,0.019118637763421705,1.0130766149816244,24419.817442871095,1.8004781187128163e-06,9.363924980163574,2.4701939764781855e-05
410,0.9268600875997737,0.008373858502195545,0.44372200209629736,22683.55751269531,1.8654859469659445e-06,10.243542671203613,1.9593671822804026e-05
411,0.970185325386136,0.003047019963389266,0.16145840035725262,18826.812021240235,2.0581586450466464e-06,7.778064250946045,1.5158676433202345e-05
412,0.9780847795028883,-0.000932618181950176,-0.04941846184501931,21805.93190649414,1.8987289827675662e-06,2.182490587234497,3.1963720630301395e-06
413,0.9359557555575997,-0.001947798719671585,-0.1032118165534651,32036.99778613281,1.6100699136130067e-06,2.8221166133880615,4.147434992773924e-06
414,0.890250426866038,0.018805797861696418,0.9964995558525792,43991.90566845703,1.3915506887332862e-06,21.397417068481445,2.7445081286714412e-05
415,0.8922674044179785,-0.00931045113452778,-0.49335106590936967,35670.692138671875,1.5099022217860039e-06,12.816256523132324,1.659606277826242e-05
416,0.9558131703012781,0.017404458718077078,0.9222440605800409,42259.08538964844,1.4387754393623427e-06,34.92168426513672,4.885758244199678e-05
417,0.9531600033148285,-0.004154277704633124,-0.2201308297579322,32063.406239257813,1.5936331065375827e-06,7.4720940589904785,1.0646309419826139e-05
418,0.7767220032997553,-0.004690617792822848,-0.24855092996307085,23184.637373291014,1.8613417367936018e-06,4.204436779022217,7.283899776666658e-06
419,0.7917615102347135,0.005042901415665747,0.26721807061186537,22635.39277392578,1.8627032695439481e-06,2.4220190048217773,6.399666290235473e-06
420,0.9821458801558822,0.002372169380845917,0.12569877395283277,19470.873229736328,2.01379934182451e-06,5.753015041351318,9.948254955816083e-06
421,0.9093070431361148,0.0028915019954667944,0.15321766592516087,23790.81598339844,1.8054887186265901e-06,3.0957040786743164,5.5202117437147535e-06
422,0.9924683546803216,0.0002232632874606808,0.011830488045705584,28897.444914550782,1.6813158882284612e-06,1.088507890701294,1.7910535916598747e-06
423,0.9937108998869384,-0.001879111148744017,-0.09957213402442298,42820.84375146485,1.4053646982965534e-06,18.67278480529785,2.1077992641949095e-05
424,0.8153599166220562,0.014871836696844458,0.7880430690634224,57620.91496923828,1.1854352815927474e-06,16.879173278808594,1.6936341125983745e-05
425,0.18480004241132528,0.03289574401136196,1.7431110627605821,59231.94648339844,1.1662468178148057e-06,16.718585968017578,2.443454650347121e-05
426,0.6681254343967855,-0.01459306994372496,-0.7732715104349075,53490.6325078125,1.2472890206953665e-06,15.637009620666504,1.863435136328917e-05
427,0.5194721946623755,0.03189054330502902,1.6898465288774602,42608.9656640625,1.4195898812594982e-06,14.108650207519531,3.326862133690156e-05
428,0.6563516028020118,-0.01003134767305503,-0.5315506193524727,26409.523397460936,1.7530960795735847e-06,6.0948896408081055,1.542429527034983e-05
429,0.6788762644405666,0.0041236928047018095,0.2185101679055879,25531.563532714845,1.7644919975690781e-06,2.640650749206543,6.124007541075116e-06
430,0.8102663721925822,0.003174996324222992,0.16823973384112392,24215.11639526367,1.8148349450817425e-06,1.6985909938812256,5.323197001416702e-06
431,0.9517239750812291,-0.002070727205081781,-0.10972566839925113,23034.226989746094,1.8341832454805998e-06,3.955747604370117,6.947889687580755e-06
432,0.9957031553059269,-0.0001768907802747952,-0.009373257400436008,23077.735923339842,1.8850140499215075e-06,4.45072078704834,6.875650797155686e-06
433,0.772955561057619,0.007404420989835049,0.39235252244972,37570.54282226563,1.490860091550146e-06,4.821794509887695,7.630853360751644e-06
434,0.36393789874994514,0.042898402833819856,2.2731414899314633,63854.74728515625,1.1679701624664569e-06,10.820513725280762,3.5836616007145494e-05
435,0.9866697365549281,-0.005281266740629171,-0.27984879982652466,67318.63948046874,1.1226821696327265e-06,33.09959411621094,3.150776319671422e-05
436,0.7421410413221462,-0.024721725817148314,-1.3099783895303054,45455.69082226563,1.3718901877722385e-06,15.284651756286621,2.965941166621633e-05
437,0.9361589090464777,0.002402638572478341,0.12731330454346196,39009.740843261716,1.4508908701984857e-06,4.934445381164551,7.132126938813599e-06
438,0.8959784973200344,0.0172427799928783,0.9136768740646767,27063.399119140624,1.6985604889529063e-06,28.999597549438477,4.936413461109623e-05
439,0.6191620638245736,0.008456964521524106,0.4481257031228976,22565.578334228514,1.8729335994434759e-06,2.869950771331787,9.744901944941375e-06
440,0.494216815632489,-0.003444355463920178,-0.18251279287574151,19255.99664379883,2.034333515889646e-06,1.488550066947937,3.1646857223677216e-06
441,0.7066688122990896,-0.003667504823758924,-0.19433724401594105,18396.82642919922,2.063047841681986e-06,1.6655882596969604,4.036786776850931e-06
442,0.0740048343849444,-0.018287703510411854,-0.9690462781590888,17886.527782958983,2.0802510612635073e-06,3.1603000164031982,1.1726938282663468e-05
443,0.8959647148093761,0.004811980858871451,0.254981831874479,18012.518438964842,2.089250179026638e-06,3.918670654296875,8.14707891549915e-06
444,0.07134496636140919,-0.013338164707948012,-0.7067753947536982,20601.682404907227,1.9525965231839437e-06,2.47753643989563,8.951945346780121e-06
445,0.7364876166515311,0.0011703399421961916,0.06201508923853946,26653.53070288086,1.740343918045824e-06,0.6673805713653564,1.206913680107391e-06
446,0.6240290643860928,0.009433666671299502,0.4998801283065172,36950.173305664066,1.4699860988759647e-06,2.509174346923828,6.622467026318191e-06
447,0.7883305616282538,0.029288002259537885,1.5519406014080221,49984.78671875,1.2844654388533896e-06,21.515901565551758,2.8788388590328395e-05
448,0.8056805233613973,-0.03649043147963398,-1.9335897912838704,48049.25131347656,1.3459600461335877e-06,39.40427017211914,5.794443131890148e-05
449,0.9274364492329471,-0.033317647559971325,-1.7654672904459912,75763.39162207031,1.046936292700387e-06,68.02304077148438,6.577386375283822e-05
450,0.8746911519190789,-0.032490162175506765,-1.7216197055597922,47243.299326660155,1.3340329597951834e-06,32.335079193115234,4.888889816356823e-05
451,0.9296784662745597,-0.031634193344506074,-1.6762628126383188,38687.17595507813,1.4659113073787932e-06,18.36067771911621,7.34411587473005e-05
452,0.8188819938702973,0.010630520427705067,0.5633001568237782,26328.33364746094,1.734083928818151e-06,7.558590888977051,2.1797481167595834e-05
453,0.11226581905295449,0.02494554891956959,1.3218385415851477,24027.130590820314,1.805130120328484e-06,4.989643096923828,2.4647735699545592e-05
454,0.8210460345305414,0.006663538750565249,0.35309394763141017,22850.01939477539,1.8576725462284778e-06,3.7820985317230225,9.79230935627129e-06
455,0.7363091235383235,-0.003822851907364021,-0.20256892346681804,23481.660659179688,1.848960715266503e-06,2.7467153072357178,4.35521951658302e-06
456,0.7598606179562148,0.011377915093742096,0.6029038183238016,23357.656447265625,1.863369430844572e-06,4.238405227661133,1.2539158888102975e-05
457,0.9502465889278765,-0.0025294130630507078,-0.13403095217946628,35017.70644189453,1.52080809325739e-06,3.8916385173797607,5.673552095686318e-06
458,0.971015803636699,-0.004170960277276151,-0.22101482183056398,55731.24983203125,1.243023752789745e-06,9.941866874694824,1.1408776117605157e-05
459,0.9533497378463065,0.008464468146491275,0.44852331236032844,34833.47108886719,1.5877977684220244e-06,13.24400806427002,2.2579277356271632e-05
460,0.7724892320186508,-0.05764453539321939,-3.054523628251402,55704.94227685547,1.210896401704912e-06,56.667823791503906,8.510264160577208e-05
461,0.9987122583795907,-0.0014560448293852025,-0.07715429233338111,28593.089974121092,1.6691678113069697e-06,11.542851448059082,1.746389170875773e-05
462,0.469398237289105,-0.018348741159868617,-0.9722805993520137,20767.840018310548,1.933558056868178e-06,6.2541046142578125,2.2246587832341902e-05
463,0.9774908826349032,-0.0028104827519681345,-0.14892454096680063,22869.853862304688,1.8603955459316666e-06,10.246312141418457,1.5149872524489183e-05
464,0.5314262949982361,0.028512587833000445,1.5108522021106934,23723.897017333984,1.8589382073474899e-06,11.188264846801758,3.043333526875358e-05
465,0.4875863925874554,0.01638561263522842,0.868256472469847,22166.61792626953,1.9083416686875358e-06,5.897570610046387,1.6978150597424246e-05
466,0.6610632364911263,0.011738720734001219,0.622022531760557,22658.081512939454,1.878075246979404e-06,5.165435791015625,1.3513544217857998e-05
467,0.4950370205079116,0.009221249892321502,0.4886243853987223,34410.09440283203,1.5452837170247704e-06,2.735196590423584,6.389599548128899e-06
468,0.8694892940880296,0.006107848521391974,0.323648503697832,42056.322454101566,1.395163162153816e-06,2.4898552894592285,6.373960331984563e-06
469,0.7771708680683911,-0.0182300231912436,-0.9659898583860319,45084.89440185547,1.3545606741632677e-06,16.3369140625,2.1526064301724546e-05
470,0.9805912080823689,-0.017442193540129963,-0.9242435893260381,51479.11840234375,1.2665079989918469e-06,51.146793365478516,6.610258424188942e-05
471,0.9731810977365177,0.006885047497924941,0.36483146443259745,51654.77983251953,1.2824984430316206e-06,23.91071891784668,2.9635426471941173e-05
472,0.4800645583907937,-0.020771611647014666,-1.100665971889011,21326.204790527343,1.9316569262240507e-06,24.484905242919922,3.848150299745612e-05
473,0.8381072238939772,-0.06281847548424523,-3.328685301190388,28104.061875,1.6703074029632921e-06,44.23938751220703,0.00011514054494909942
474,0.9442895687322238,0.004128511424095658,0.21876550150648622,20756.37427441406,1.954289649204712e-06,6.223438262939453,1.1938466741412412e-05
475,0.7562835002251634,0.011311112636209198,0.5993640259815165,19833.6553425293,2.016820288100086e-06,6.0280585289001465,1.4394751815416384e-05
476,0.6783398379879145,-0.009012795588203,-0.4775786098885678,19429.48536279297,2.028599048635752e-06,4.397943019866943,1.0697317520680372e-05
477,0.9042687124326629,0.003210138945523371,0.17010190458096,18785.77040209961,2.0588532051943575e-06,2.43343448638916,5.605896149063483e-06
478,0.9201588369334397,0.007317787662883636,0.387761913082119,23040.93757885742,1.845718101248071e-06,8.186145782470703,1.3791014680464286e-05
479,0.6792149085730378,-0.002835653949469898,-0.15025833639070413,29726.123544921877,1.6403609262958723e-06,1.2638474702835083,3.214002163076657e-06
480,0.9306132105267103,0.006280539763948123,0.3327992319877143,34256.39394238281,1.5353390071118362e-06,10.160299301147461,1.630363658478018e-05
481,0.5729687391165215,0.01981090635676358,1.04975920355719,52769.30904833984,1.2587947525165136e-06,5.231291770935059,2.270015284011606e-05
482,0.8549903034827135,0.015184156835894348,0.8045925865120245,69240.87158740235,1.100606640802253e-06,19.63439178466797,2.131283690687269e-05
483,0.994216620872062,-0.008865578080343746,-0.46977770815207326,53469.478609375,1.2576658381751529e-06,56.846275329589844,5.522116771317087e-05
484,0.9772071101520025,0.021722806979866897,1.1510688175266803,46595.75171435547,1.3433789445268246e-06,69.2536849975586,8.686070941621438e-05
485,0.737671533357045,0.023942102469698585,1.2686669639168071,33912.089034667966,1.5285264390851606e-06,6.082679748535156,2.3762271666782908e-05
486,0.9604507545165529,0.0016411193333123024,0.0869611966891187,22966.377982666014,1.8605282860760281e-06,3.2064132690429688,5.540342954191146e-06
487,0.9872322925942238,0.0013632862751318249,0.07223911357867976,21798.455988769532,1.8922123291925132e-06,3.8107597827911377,6.650028808508068e-06
488,0.9764332712214241,0.003537235227118615,0.18743439436564427,18732.273851318358,2.063655641812906e-06,7.945455074310303,1.3919219782110304e-05
489,0.7091615850295744,0.007888979298720459,0.4180287603386999,21346.695606933594,1.9335315370574743e-06,3.460423231124878,8.943365173763596e-06
490,0.9976341507457848,0.0003408080389815575,0.018059061464647412,20425.313268554688,1.9565748169003276e-06,3.8341426849365234,6.25392931397073e-06
491,0.9174213698940183,-0.001422899945439901,-0.0753979796061476,26559.90113256836,1.7425042411597812e-06,1.2041810750961304,1.793714432096749e-06
492,0.9963219212586594,0.0005028968919678051,0.02664798022243307,43995.79078027344,1.3807223278929512e-06,4.700489521026611,4.913688826491125e-06
493,0.8475986715006449,0.01075095373383963,0.569681791729968,43048.919458984376,1.3780275878016233e-06,11.964119911193848,1.474895361752715e-05
494,0.7898408792736819,-0.04027582501160358,-2.134173834623931,31779.402713867188,1.6231129344449872e-06,32.3460807800293,4.791774699697271e-05
495,0.9965403521544959,0.0006121790775465646,0.032438728915613446,33306.84943017578,1.5751421712440985e-06,18.313072204589844,2.639385093061719e-05
496,0.5900321800514474,0.025390245807165597,1.3454025644592333,22244.303524902345,1.9131128102057884e-06,15.417192459106445,3.618423215812072e-05
497,0.6261128331314362,0.018774595426585362,0.9948461714570669,24205.812091796874,1.827145226102294e-06,6.934022426605225,2.3215683540911414e-05
498,0.29252855203935346,0.017847975388743414,0.9457455449936542,21446.878349609375,1.927909538327387e-06,2.008796215057373,1.311305913986871e-05
499,0.9229084865742507,-0.0016105722536307611,-0.08534253889224587,19800.3895,1.9970224226601808e-06,2.0352940559387207,3.388390041436651e-06
500,0.7460511223057704,0.018064613221828237,0.9572249571429038,21230.22825,1.9314899116921263e-06,7.343028545379639,2.051304909400642e-05
501,0.9261467267211833,-0.0007719488324407076,-0.040904761091518534,26215.480943847655,1.74853693158509e-06,0.7172402143478394,1.1991237442998681e-06
502,0.8620738749264167,0.0017308017356212385,0.09171337337026193,35588.61763330078,1.5281602416235263e-06,1.1581532955169678,1.9285830603621434e-06
503,0.9991035014168785,-0.00020730113859004185,-0.010984670475133778,58638.570419921874,1.202618280502994e-06,27.658143997192383,2.4545704945921898e-05
504,0.8224160597012483,-0.02592849286287965,-1.3739237128785975,43350.78112402344,1.4117649525113209e-06,19.7910099029541,2.817649146891199e-05
505,0.858081436136883,-0.11108413577279222,-5.8862321489331135,54920.79888085937,1.2410253387744489e-06,134.8671417236328,0.00021858616673853248
506,0.995051163659804,0.003060020916825766,0.1621473072794907,31641.904958007814,1.60362421931813e-06,20.63307762145996,2.8842954634455964e-05
507,0.597815065537084,-0.014220336718814305,-0.7535207667649731,22470.479037597655,1.8757246579773209e-06,5.782059192657471,2.0072280676686205e-05
508,0.9984532282358108,8.207696753057547e-07,4.349172648320376e-05,22128.99310498047,1.8593344685408003e-06,83.07295989990234,0.00015423796139657497
509,0.5789124630381102,0.14708381366419246,7.7938174209562465,18797.463352539064,2.0521971931511135e-06,32.94181823730469,0.00017260151798836887
510,0.6117494853104032,0.02756714175280508,1.460754003356989,19762.42969995117,2.0031482890087482e-06,7.235220909118652,2.8111888241255656e-05
511,0.8579563851017634,-0.004625779250338444,-0.24511520342474416,20492.063068115236,1.951924259840007e-06,3.4202122688293457,7.1508411565446295e-06
512,0.9334257007501137,0.004968320463262887,0.26326610396354316,22654.45639794922,1.8626180028292432e-06,4.920851707458496,8.765902748564258e-06
513,0.8657683494369155,0.0015173099780776682,0.08040066847281799,22406.360325927733,1.8810125078863505e-06,0.9987013339996338,1.8302619082533056e-06
514,0.7219789853501876,-0.016456385652117867,-0.8720066605988138,37549.54183837891,1.4808860878909788e-06,4.890611171722412,1.3638041309604887e-05
515,0.24319950016675881,-0.026846070154093158,-1.4225451736578316,48356.90649462891,1.3164851558651798e-06,6.3481340408325195,1.5820902262930758e-05
516,0.9956884935840968,0.0009695428120130569,0.05137505936501214,56436.639241210934,1.2055246804083337e-06,13.438969612121582,1.3575084267358761e-05
517,0.6730533196103564,0.05887774297102152,3.119870007734553,52139.69597998047,1.2680265255594284e-06,28.503477096557617,7.227817695820704e-05
518,0.89542713461291,-0.04419150282002649,-2.3416615054822225,37760.512647460935,1.5183277344099343e-06,60.797767639160156,9.940376912709326e-05
519,0.6608884119680816,0.015052987178571718,0.7976420435877295,26789.334524414062,1.728409819311377e-06,9.181400299072266,1.7468777514295653e-05
520,0.8925494069460949,0.01583905569128378,0.8392949917661594,21111.7321953125,1.9090490270660363e-06,19.78260612487793,4.374852142063901e-05
521,0.7257047108940236,0.05671496495894873,3.005266663367656,27918.02630859375,1.6698442015285378e-06,14.36621379852295,6.728769221808761e-05
522,0.9909469881914403,0.0025091201885528184,0.13295565398830012,20924.972951171876,1.9311397504912592e-06,8.570035934448242,1.3948806554253679e-05
523,0.9016934241302836,0.004805673298871097,0.2546476008684302,20289.35415258789,1.967953062099372e-06,4.813339710235596,9.688756108516827e-06
524,0.700231853444259,-0.005491948532054714,-0.2910126075588939,22668.63070214844,1.8681830134958754e-06,2.5483500957489014,5.594353751803283e-06
525,0.8690177115404699,0.006480479260295447,0.3433938167414569,26778.103131591797,1.718474973706092e-06,2.8059849739074707,7.6093137977295555e-06
526,0.9129575333441536,-0.0043937493422579015,-0.2328201813231975,50237.080225097656,1.273005107308281e-06,5.193225860595703,6.4512842072872445e-06
527,0.8130883676052496,0.019377510789603695,1.0267940258306472,51471.77035253906,1.2830707434575745e-06,19.502229690551758,2.395707633695565e-05
528,0.9720412512288332,-0.0019875495499104916,-0.10531817146428346,41920.93137109375,1.4301725518395015e-06,6.748722553253174,7.661435120098758e-06
529,0.871479702937549,-0.04290072957834395,-2.2732647816897753,37688.9576484375,1.4793036729987748e-06,27.95301628112793,5.821156446472742e-05
530,0.5253055245658979,0.020464472099828122,1.0843909685838047,24872.74961767578,1.7897345361226177e-06,5.042903423309326,1.9480114133330062e-05
531,0.9010092622293064,0.007065315411680633,0.3743836726033501,22347.217073242187,1.895444014579275e-06,8.57572078704834,2.121541547239758e-05
532,0.5323790554873157,0.015608605714126334,0.827083688551454,29103.05265625,1.6479481135870445e-06,5.476014614105225,1.5004735359980259e-05
533,0.8823770411331602,-0.010539667292894489,-0.5584859442520822,23143.45910205078,1.8556104281522324e-06,12.493167877197266,2.5543951778672636e-05
534,0.9919117349930454,-0.0012494779393135325,-0.06620852891913481,29796.428312988282,1.6644054523429058e-06,8.720429420471191,1.1942177479795646e-05
535,0.9541678288524973,0.0048653191719305105,0.2578081732860039,32209.904396728514,1.5809141353217293e-06,9.047422409057617,1.2664819223573431e-05
536,0.9891800160755972,-0.00564169630840447,-0.2989475855757736,69671.68051123047,1.092494314753937e-06,29.655988693237305,2.9588791221613064e-05
537,0.3053335655093932,0.03757037747693303,1.990814999943866,61297.13239453125,1.1715608050251102e-06,13.792953491210938,4.010990960523486e-05
538,0.8081671496924965,-0.06542270753727494,-3.466680833380324,62172.620168945316,1.1657354814740657e-06,51.87451934814453,7.621372060384601e-05
539,0.7503252386731363,-0.09228436027318088,-4.890051711747398,34574.86924902344,1.541927459246139e-06,57.61027526855469,0.00013244387810118496
540,0.04076166499123275,-0.038007723951123173,-2.013989532100879,38402.19506005859,1.4593718827611212e-06,30.293296813964844,6.533311534440145e-05
541,0.9649666792960422,-0.003100622969862797,-0.16429876759591322,32314.042557373046,1.5521444710895708e-06,14.205095291137695,2.0676998246926814e-05
542,0.9684390876644465,0.0013630260702565283,0.07222532559453938,24063.614747802734,1.8142267939573785e-06,2.7230942249298096,4.47986076324014e-06
543,0.9961760679370474,0.0010162073538646382,0.05384776462171801,23646.025490722655,1.8119072039099812e-06,11.647270202636719,1.816730400605593e-05
544,0.9691964476402484,-0.0029955400221574635,-0.15873053212480207,31972.324874023438,1.609782851253853e-06,7.452699661254883,9.855871212494094e-06
545,0.6801570405771322,0.02446219987429889,1.296226381310094,44089.24952734375,1.379366846533247e-06,9.671866416931152,2.4568167646066286e-05
546,0.8300579554179698,-0.028220363696749053,-1.4953675508278546,54313.66798242187,1.2414206191212996e-06,27.93216896057129,3.3769378205761313e-05
547,0.9844820166814506,0.005567839582620949,0.2950339949383931,43443.33348168946,1.3904199713813397e-06,27.208284378051758,3.224918691557832e-05
548,0.7435150868566371,-0.04363271497243478,-2.312051921989086,53900.609931640625,1.2715299267609405e-06,36.24822235107422,5.557112308451906e-05
549,0.9389314864470867,0.025341324455017862,1.3428102731857945,35111.24192919922,1.51398945001858e-06,41.18939208984375,8.03953007562086e-05
550,-0.0727492230889593,-0.0322909093262473,-1.71106150551693,24175.16610888672,1.7953053713641652e-06,15.123085975646973,5.6288467021659017e-05
551,0.9323618848090273,-0.005373474049064743,-0.2847347686420015,23408.22986987305,1.858042327630107e-06,11.92069149017334,1.9685718143591657e-05
552,0.563132188896687,-0.01771348948801343,-0.9386192778003422,20966.496740234375,1.9406459657646504e-06,6.7112274169921875,2.2494785298476927e-05
553,0.8575964920645716,0.0051365914117751784,0.272182605496133,22372.220036621093,1.8620873822297705e-06,4.707685947418213,9.654238965595141e-06
554,0.723205261150997,0.006350380937560061,0.33650004271621164,35103.248620117185,1.5483244710821419e-06,5.0319976806640625,8.582984264648985e-06
555,0.6564305171668475,0.008383458119195542,0.4442306757589201,48795.18222802734,1.323324520561986e-06,5.545512676239014,9.490677257417701e-06
556,0.45409372554097394,0.02486195064945872,1.317408756704539,64862.94370019531,1.1308599104866294e-06,14.176499366760254,3.166291571687907e-05
557,0.8090588796818339,-0.03229966687645605,-1.7115255589411749,51701.53051708984,1.2839381863232199e-06,23.611005783081055,3.412010846659541e-05
558,0.9969270479350832,0.004053445573444719,0.21478784060725278,45457.40966455078,1.350886701394399e-06,43.68795394897461,5.065701043349691e-05
559,0.8500158143877323,-0.008469038431641603,-0.4487654869894462,20583.702583984374,1.9652588680921203e-06,9.621416091918945,1.5635188901796937e-05
560,0.4484539583105455,-0.023511976405350098,-1.2458750337239968,21999.091583496094,1.8956301354154617e-06,10.491739273071289,2.216717075498309e-05
561,0.9997178963545821,-4.6442507502008734e-05,-0.0024609398887932635,23592.425805419924,1.8454538819535912e-06,6.564028739929199,1.0179305718338583e-05
562,0.5946905927307449,0.02281155559844191,1.2087604678796229,21027.131853759765,1.9538801706123433e-06,8.909370422363281,2.653609226399567e-05
563,0.5585396205582802,-0.014188546302632169,-0.7518362258675941,20620.11305834961,1.961470356545069e-06,5.8700666427612305,1.4026767530594952e-05
564,0.9982827963761751,8.016750747394497e-05,0.004247992357415891,31354.038072021485,1.6236812719105896e-06,2.568624258041382,3.641236389739788e-06
565,0.27419455690425454,-0.012729339704114584,-0.6745143946954306,46858.78127441406,1.3353017253315795e-06,3.3849756717681885,7.228813956317026e-06
566,0.9230303533546909,0.010871571702267003,0.5760732116978776,56150.61791503906,1.2112270106375057e-06,17.965906143188477,1.919841452036053e-05
567,0.7517032029307826,-0.06323431406214311,-3.350720152422392,50883.03990771485,1.312624313421554e-06,22.927906036376953,5.4407351854024455e-05
568,0.9087265441487365,-0.049416112802058675,-2.6185081229396094,47831.79373828125,1.3370483757576611e-06,65.5754165649414,0.00011294055002508685
569,0.9881790744984381,0.009433386979613918,0.4998653077366849,23708.245251464843,1.8291306321065537e-06,38.47510528564453,6.979693716857582e-05
570,0.8232525466408611,0.025723374917104375,1.3630547275068698,27901.107313964843,1.674386289402649e-06,16.774322509765625,4.9352925998391584e-05
571,0.5632300849065047,0.025107137106629637,1.3304009305792528,25471.10137109375,1.7747497899694618e-06,13.002076148986816,2.71394346782472e-05
572,0.1647192044227666,0.021470698356151657,1.1377098452880956,23367.372119628908,1.8408767862731634e-06,5.0875067710876465,1.8083967006532475e-05
573,0.5445067793813206,-0.015311356837168173,-0.81133278151497,29447.64211328125,1.646669929177753e-06,7.430067539215088,1.6470708942506462e-05
574,0.6936447022687428,0.007607126520165023,0.40309367645064154,37026.72127441406,1.469183140889101e-06,4.560419082641602,8.585259820392821e-06
575,0.9456949925911281,0.006406720820320867,0.339485434166275,56607.48340625,1.214119306442883e-06,14.792412757873535,1.4611614460591227e-05
576,0.5443394557109067,0.055032814779705556,2.9161312850752323,45889.197349121096,1.356328991665711e-06,24.891511917114258,5.28228010807652e-05
577,0.9951825987754644,0.0007670265219523901,0.04064393300799608,38382.61319091797,1.4895226583759165e-06,19.217456817626953,2.730378764681518e-05
578,0.8995132070952715,-0.024232966517603406,-1.2840795455409557,30971.144260253906,1.6579503686138808e-06,27.983304977416992,4.569492011796683e-05
579,0.8544250937200502,0.045227763842448504,2.396571893022553,23983.410181640626,1.8073847630429922e-06,24.50218391418457,0.00010080898937303573
580,0.9904004810151611,-0.0013888531347024747,-0.07359387472170947,20850.46355004883,1.950137093492113e-06,9.618267059326172,1.5069227629282977e-05
581,0.8125061685472332,0.01510582897678405,0.8004420751969328,22817.593919433595,1.8676564876169483e-06,11.166131973266602,2.6178957341471687e-05
582,0.6364444913834735,0.02182696698427708,1.156588147198077,19959.66711645508,1.9867164318248673e-06,8.352561950683594,3.445454785833135e-05
583,0.9191464909364181,0.011104516933955238,0.5884167358398713,28871.870251953125,1.6757216361934126e-06,25.485069274902344,3.842559453914873e-05
584,0.8646484656059672,0.004874500836575274,0.25829470009054484,43805.596854492185,1.3603221503813766e-06,10.764928817749023,1.516311112936819e-05
585,0.9844770267150843,-0.004180821630531836,-0.22153736462357201,55329.50295800781,1.244746223409436e-06,22.271913528442383,2.6048244762932882e-05
586,0.9687018927668422,-0.00935478155262627,-0.4957000883901378,56151.9291328125,1.2257380955146267e-06,21.976064682006836,2.3345279259956442e-05
587,0.9589085945517423,0.014714752762682366,0.7797193557184582,34399.05533300781,1.5811086137227395e-06,38.113216400146484,4.960637670592405e-05
588,0.5546393753879008,0.027722833327318747,1.4690039370207373,26179.247590820312,1.7633129038976326e-06,6.791249752044678,3.1071944249561056e-05
589,0.17082843660263294,0.0318158539613191,1.6858888186871654,25561.334140625,1.7436158036106588e-06,10.655062675476074,4.001454362878576e-05
590,0.7458150933415794,0.018295616438644934,0.969465575948406,19764.574888671876,2.002455619122572e-06,7.679345607757568,2.926633351307828e-05
591,0.7274969920586065,0.014573377729022938,0.7722280405779711,19224.821315429686,2.040575392334488e-06,8.236104011535645,2.5941246349248104e-05
592,0.8228831761200499,0.006978260021169953,0.36977069852926625,20647.979425048827,1.9594942381177326e-06,4.664188861846924,1.2992677511647344e-05
593,0.5308567337662092,-0.06750505811325687,-3.577022412044307,28692.52068847656,1.6980543026071394e-06,29.23052215576172,6.364929868141189e-05
594,0.875328564377132,-0.02160001739360288,-1.144562325801347,60065.668021972655,1.1937529588528984e-06,24.92360496520996,2.9525333957280964e-05
595,0.6615866416906145,0.022628686511795743,1.199070426278504,64223.52797949219,1.147785489231472e-06,16.482769012451172,1.7839831343735568e-05
596,0.8135443384704366,-0.030769162216679722,-1.6304257180881674,60420.26304003906,1.1878413824278125e-06,35.10478210449219,4.601965338224545e-05
597,0.9969656026902483,0.001159044684949203,0.061416565373046336,39795.90115380859,1.448493748218865e-06,24.80253791809082,3.220418147975579e-05
598,0.46508845490788664,-0.015323230435013583,-0.8119619510437688,29930.78797998047,1.6597592249221826e-06,13.6054105758667,2.3312259145313874e-05
599,0.607954600114129,-0.21054550703192593,-11.156586164919249,28342.66100732422,1.691877695714959e-06,131.4849853515625,0.00040565276867710054
600,0.8481519244530015,-0.02271777369463027,-1.2037910629023605,21356.95962109375,1.910226330687405e-06,21.724945068359375,4.232694482197985e-05
601,0.6798845559009571,0.031303523644390915,1.6587409711444348,17673.178002441407,2.1097212104359907e-06,14.897087097167969,3.681826274259947e-05
602,0.7248875599383263,0.02925695726664422,1.5502955597109083,16918.084525390626,2.157248366475527e-06,10.922221183776855,3.507808651193045e-05
603,0.5835896500044722,-0.03956787119312328,-2.0966601023766716,16709.65417260742,2.158800207578088e-06,10.397677421569824,3.8550831959582865e-05
604,0.641193076000044,0.027411881812257056,1.4525269415255457,19253.92696850586,2.0380007921684686e-06,10.616786003112793,3.186695175827481e-05
605,0.8875580821907525,0.0106202836457067,0.5627577204544334,18730.913818603516,2.061691057006679e-06,10.0571928024292,2.0471854440984316e-05
606,0.9957648564934831,0.0012628645639478076,0.0669178721546904,19966.32664404297,1.9987887945910914e-06,9.60407829284668,1.5974026609910652e-05
607,0.19580092895274112,0.08596651499339635,4.555275699500998,25418.9010078125,1.7874345258785066e-06,20.65435791015625,8.530229388270527e-05
608,0.7882179731410291,0.003483919242944673,0.1846092361383834,23628.300909667967,1.8066285677582166e-06,2.9677321910858154,7.419082521664677e-06
609,0.144297620879335,-0.004375427047107875,-0.23184930207024176,28113.074334472658,1.6843330852997344e-06,2.1891324520111084,3.7933648400212405e-06
610,0.5822506493836194,-0.01108351873491634,-0.5873040632391207,31816.929737304687,1.5640557469595108e-06,3.108529567718506,1.5629535482730716e-05
611,0.800533572655226,0.015993876277855257,0.8474987726899958,40166.1735571289,1.4242235413725255e-06,11.335617065429688,3.252334863645956e-05
612,0.4235080847298271,0.019912027394707113,1.055117501574597,47505.19271044922,1.316933643722516e-06,11.404844284057617,3.445320908213034e-05
613,0.884204646727784,0.023664869272357912,1.2539766668047518,59038.473171875,1.1816581453793322e-06,13.363588333129883,3.960349567933008e-05
614,0.9675096830619493,0.00531749928471593,0.2817687244346374,66959.77955859376,1.1351076532540818e-06,22.502365112304688,2.2693469873047434e-05
615,0.9368367799968497,-0.009735002000895807,-0.5158475721934378,76042.26598925781,1.072176164853078e-06,26.99204444885254,2.3284590497496538e-05
616,0.8345561340587874,0.02694228463915585,1.427643478570852,43152.679123535156,1.381330652165249e-06,32.166446685791016,4.21662007283885e-05
617,0.6559910851799263,-0.009045407186578121,-0.47930666437131003,26551.890584960936,1.729020530997143e-06,4.831305503845215,9.666702680988237e-06
618,0.890232377604264,-0.0055962660122494965,-0.29654028170738034,24676.017268066407,1.7919786230303757e-06,8.192543029785156,1.228939163411269e-05
619,0.7811479094046094,-0.0054921565443775845,-0.29102362991428005,21892.823427978517,1.8920634251837327e-06,4.437646389007568,7.423690931318561e-06
620,0.8280285730111084,0.014265979589312682,0.7559393347254483,18884.513178222656,2.0354195998866047e-06,2.861537218093872,1.6334532119799405e-05
621,0.9216047111861062,0.004974259036678975,0.2635807827564904,19610.836866699217,2.0060713890380517e-06,5.6420207023620605,1.0612140613375232e-05
622,0.31077654480236755,0.011422317163502518,0.6052566375511802,19344.31580078125,2.021891548553367e-06,2.699906826019287,8.491066182614304e-06
623,-0.4502681047188294,-0.009349745043470225,-0.49543320903867616,20823.25144628906,1.957999841440689e-06,1.9047130346298218,5.659520411427366e-06
624,-0.05028065818078525,-0.009495446239330154,-0.5031537629885479,26535.132036865234,1.7321151435942812e-06,1.323317050933838,6.0086722442065366e-06
625,0.9980552376390398,-0.0016306187784600641,-0.08640478327218126,39660.20718408203,1.4536754754517833e-06,9.497989654541016,1.0260817361995578e-05
626,0.8756095236600586,0.027473708214819963,1.4558030579204468,51785.94361816406,1.2786469269517689e-06,29.550447463989258,3.895300324074924e-05
627,0.8061268800885275,-0.023835647315673437,-1.263026016668281,46135.02603369141,1.3436035275027116e-06,28.569419860839844,2.868308365577832e-05
628,0.9904782775297848,0.010489373962412401,0.5558209532819396,57043.01355175781,1.1933949351949934e-06,55.13038635253906,6.219198257895187e-05
629,0.862509883229,-0.008843673628956491,-0.4686170141874183,27657.16072192383,1.6826411127257692e-06,10.583783149719238,1.6243506252067164e-05
630,0.2951741226894807,-0.020241202252423537,-1.0725601329335341,23537.090888671875,1.849358523751808e-06,11.03736686706543,2.256845800729934e-05
631,0.8574622799018192,0.005560905215980385,0.2946665501041851,23758.24409765625,1.827062654301062e-06,4.48113489151001,1.1353885383869056e-05
632,0.5358617317633614,0.015237559790884756,0.8074223532318693,22489.834884765623,1.8837585045461502e-06,3.5234973430633545,1.8560216631158255e-05
633,0.9991105024632289,-0.00016153842583446832,-0.008559752198817452,21330.94965283203,1.910876489024933e-06,3.0562970638275146,5.044747922511306e-06
634,0.38075040140357885,-0.01179220857456692,-0.6248567964782373,22963.21986669922,1.8463463808958347e-06,2.76802659034729,1.0557391760812607e-05
635,0.9071646793006315,0.0019261455201928083,0.10206443616460442,31215.316299804686,1.619447440843023e-06,1.5859068632125854,2.809399120451417e-06
636,0.9991191679455609,-0.0002618342327812004,-0.013874322088982103,43593.63767822266,1.368175102495385e-06,3.6131160259246826,4.298746716813184e-06
637,0.9550934459643245,-0.004342283705811222,-0.23009307108634633,46533.69353955078,1.333118510258074e-06,11.413830757141113,1.5082016943779308e-05
638,0.9971822670052756,0.001852414441331478,0.09815750342619099,51645.12301513672,1.2627072552941243e-06,27.43458366394043,3.090476820943877e-05
639,0.9796724142935944,0.015514267314537675,0.8220847954451204,54699.116930664066,1.2600387663643013e-06,50.82834243774414,5.661174873239361e-05
640,0.36031793684804214,0.017304767468251322,0.9169615255392864,26722.215782470703,1.7405636563111777e-06,5.537313461303711,1.3838908671459649e-05
641,0.32118402399506807,0.02554308682871031,1.3535014503031344,19819.971451171874,1.9793795912862584e-06,7.259228229522705,3.06221772916615e-05
642,0.7939975898138604,0.004215249817818854,0.22336167825241307,20194.424099853517,1.9796040500645805e-06,2.702101945877075,6.172530902404105e-06
643,0.9754023314329633,0.0016327035344868746,0.0865152523131683,18426.088456054687,2.0816875381583014e-06,3.605402708053589,6.533654868690064e-06
644,0.7705639707763287,0.02212460149980691,1.172359488819055,17992.286795166016,2.077495283355556e-06,7.941318035125732,2.965128078358248e-05
645,0.6957277197518724,-0.003560558029716918,-0.1886702452772285,25015.31298413086,1.7795990357324644e-06,2.0550529956817627,3.5092600683128694e-06
646,0.9948574109122206,0.0009856102896060928,0.052226458194398855,27703.481646972657,1.6816763105619955e-06,4.32318639755249,6.516101620945847e-06
647,0.7516641008221739,-0.024193218240321123,-1.281973325908638,46125.18657470703,1.3371265749886038e-06,14.422892570495605,2.379989564360585e-05
648,0.9629711461242858,0.005952464373240506,0.3154148602354162,56931.56219091797,1.2222265990797845e-06,10.343082427978516,1.2774974493368063e-05
649,0.8281148127597774,0.027441905504153177,1.4541178655511877,62277.049612792965,1.1665287792614175e-06,11.339949607849121,2.9678847567993216e-05
650,0.5405420908866594,-0.018848398437698144,-0.9987569158102362,51225.719978515626,1.2679519414850932e-06,19.555644989013672,2.0880732336081564e-05
651,0.6110956155028991,-0.013624312223169472,-0.7219380522449439,36728.93757421875,1.4938502005999284e-06,6.659273147583008,1.5473056919290684e-05
652,0.9176746110347115,-0.003232292869914884,-0.1712758178591357,25634.259063476562,1.750713771850049e-06,6.964778900146484,1.0435332114866469e-05
653,0.9656597532880085,0.00670932384017118,0.35552005163361844,23674.740978515623,1.8234685187842842e-06,14.028376579284668,1.9173823602613993e-05
654,0.6157383038393319,0.025774183873223423,1.3657470409401162,22549.728690673826,1.87966611792198e-06,9.58182430267334,2.8895225113956258e-05
655,0.15547643495013289,-0.012220143703269864,-0.6475326312831391,24323.77876953125,1.7987813116986801e-06,3.3828718662261963,1.110105040424969e-05
656,0.17127870553006694,0.0019478931535047738,0.10321682050349806,20776.797244628906,1.9557585503732444e-06,0.49121081829071045,1.4500180895993253e-06
657,0.5242240108325505,-0.005407387624460772,-0.28653181352507706,31371.759802490233,1.6010456841989633e-06,1.3577440977096558,3.854009719361784e-06
658,0.7635455378404132,0.012635001736724022,0.6695155244908219,52612.14614697266,1.2594586709441647e-06,5.19239616394043,1.0906815077760257e-05
659,0.9969616996398152,-0.0014860325979926898,-0.0787433128215379,43475.438518554685,1.3867551503942576e-06,31.274274826049805,3.384806041140109e-05
660,0.8629363815675588,-0.01771305353138796,-0.938596176914815,38403.994467285156,1.5043122373065484e-06,19.86444091796875,2.244317511213012e-05
661,0.8863315839709972,-0.01712573673407617,-0.907474874220287,47557.8605258789,1.3246747377108586e-06,19.39345932006836,2.4165150534827262e-05
662,0.7040712871031581,-0.012833366907164474,-0.6800266873616696,20879.956807128907,1.9450148911706805e-06,9.874797821044922,2.0917785150231794e-05
663,0.16952871945107978,0.020820855346247235,1.1032753439972662,23623.48803173828,1.827298577279457e-06,6.785407066345215,2.3828144549042918e-05
664,0.6328871161786783,-0.006734662187465517,-0.3568627041501741,24018.180651367187,1.8333271981845215e-06,4.989526271820068,7.085112429194851e-06
665,0.9881893243581423,0.00964720952059116,0.5111955405022451,23513.27810229492,1.8341303153135099e-06,44.44558334350586,6.700308586005121e-05
666,0.27016957147993814,-0.027099186638086963,-1.4359575513582499,23958.79943359375,1.8242351892909398e-06,9.971463203430176,2.3757751478115097e-05
667,0.9935401141238812,-0.0010713063445887724,-0.056767402500861534,26597.459618652345,1.7223719880014464e-06,4.471511363983154,6.495183242805069e-06
668,0.43231397257609283,0.008011291356714566,0.42450994834055517,36886.28871386719,1.4988845171849331e-06,2.070890188217163,7.243999334605178e-06
669,0.7125538455315913,-0.03475354956493873,-1.841554235584982,50834.904024902346,1.2812290815490227e-06,25.218605041503906,3.680553345475346e-05
670,0.8483553642165738,-0.03113992327510915,-1.6500719587193546,48994.120630859376,1.320465643154797e-06,39.06024932861328,5.3852676501264796e-05
671,0.9627365391899998,0.013367549714940299,0.7083324755344175,41232.77804882813,1.4243077279323493e-06,31.004718780517578,4.792970139533281e-05
672,0.9908012161990017,-0.006469887773105522,-0.34283258491507024,64571.26848925781,1.1306501397705348e-06,62.791259765625,5.715427687391639e-05
673,0.966646181771337,0.0036426814447209762,0.19302187912858051,26469.22924609375,1.7166109763444102e-06,16.54446029663086,2.7788635634351522e-05
674,0.9793398254068709,0.006864661746276932,0.3637512447784057,22993.080979003906,1.843233322746304e-06,26.07356071472168,4.7646484745200723e-05
675,0.9315189323076494,0.00377965639442183,0.20028003842305234,21090.50153100586,1.925400953560864e-06,8.506139755249023,1.4909325727785472e-05
676,0.5120877890404706,0.053475598532332184,2.8336160251385825,20887.914262207032,1.928231978191111e-06,8.978970527648926,6.786583253415301e-05
677,0.9277426677614682,0.0039052867750870766,0.20693706087193744,22290.39476220703,1.894068352386252e-06,4.400703430175781,9.070940905075986e-06
678,0.6634539819620883,-0.019909357210192956,-1.0549760112904853,27270.044311523438,1.7138575061056462e-06,6.632810592651367,1.944123869179748e-05
679,0.7705472356032238,0.012872317236407277,0.6820906245621124,47951.29646533203,1.3293195633211039e-06,6.874874114990234,1.1693266969814431e-05
680,0.9420294395784563,0.017533443467397127,0.9290788275149223,48907.325368652346,1.2952902315238411e-06,26.724632263183594,2.946479980892036e-05
681,0.9810338198921876,-0.008647688457595448,-0.45823196497805946,70920.01497509766,1.1042346055225973e-06,44.58320617675781,4.2642317566787824e-05
682,0.8918096651963293,-0.05280750229107534,-2.7982143042131837,58351.46194433594,1.1958444716180216e-06,55.13505554199219,8.252188854385167e-05
683,0.481024578790798,-0.02811873347749626,-1.4899822718255273,45918.60014648437,1.3354149974291815e-06,31.610374450683594,5.064296055934392e-05
684,0.9688347300650885,0.007924324198192835,0.419901649587266,22082.449615234375,1.8839417021480422e-06,13.184922218322754,3.0534258257830516e-05
685,0.9382351615547567,0.008811250406276965,0.4668989415357247,22400.779805664064,1.8697701090736647e-06,11.470467567443848,2.351810508116614e-05
686,0.975822290207813,-0.00573215521261128,-0.3037409082801827,20822.979068847657,1.9371312688052255e-06,13.70707893371582,2.2258840544964187e-05
687,0.9003861638739905,0.018350122338252173,0.9723537865497008,21068.4206796875,1.94536560757159e-06,12.964727401733398,3.700370143633336e-05
688,0.2795955945216139,0.026223921536682092,1.3895781692539835,25894.419716308596,1.7715517802922978e-06,5.066556453704834,2.4979830413940363e-05
689,0.7942625114926073,0.005021865269454571,0.2661033872301523,32709.843173828125,1.6030685542109832e-06,3.9961273670196533,7.174882739491295e-06
690,0.8455783819781578,0.012245560975624535,0.6488794659560779,46563.776360839845,1.3327562526070699e-06,12.340779304504395,1.7058724552043714e-05
691,0.8257697097569734,-0.04049003408048246,-2.14552454909865,47214.31986132813,1.333663842677834e-06,29.573171615600586,6.1098973674234e-05
692,0.945985370424854,0.04227757411328802,2.2402444254824943,61360.60216894531,1.1851324030082412e-06,91.65044403076172,0.0001140442254836671
693,0.9659219637558792,-0.023507455995408783,-1.24563550193003,40156.932208496095,1.4269502155314289e-06,52.99781799316406,7.024825754342601e-05
694,0.9785070584980882,-0.008048764641447808,-0.42649561849758016,21105.829123046875,1.935495448643164e-06,22.403308868408203,3.686845229822211e-05
695,0.7944573684851733,-0.17580085715590849,-9.315503514540197,18748.786791015624,2.0092975422248086e-06,69.12745666503906,0.0002205402561230585
696,0.6755207645357636,0.11305022567376567,5.990413196049267,19424.20462939453,2.0219055002377157e-06,24.36667823791504,0.00013798565487377346
697,0.45671711337236626,0.05979487361446255,3.1684678011155643,19441.568556884766,2.022642121897938e-06,15.039498329162598,5.9967405832139775e-05
698,0.41288887757346027,0.05827445745764628,3.0879025394807766,26070.693943847655,1.7446383363761397e-06,16.52980613708496,5.7972883951151744e-05
699,0.8425994212326512,-0.022074908349186823,-1.169726300751949,22667.331337402346,1.8737877956470769e-06,12.129104614257812,2.630378912726883e-05
700,0.5129268816777426,0.007048963793120809,0.37351721744137456,26265.09076220703,1.7343184728411795e-06,2.071864128112793,5.534259344130987e-06
701,0.5607897396000027,-0.012805686893333234,-0.6785599523849526,29208.21294970703,1.6539429790569275e-06,3.8917384147644043,9.256033081328496e-06
702,0.38763232524668,0.09377326105694365,4.968947006732469,32524.908444824217,1.5683535554277475e-06,23.856565475463867,5.509828042704612e-05
703,0.9988930033316585,-5.4448525570413244e-05,-0.0028851704111026812,27084.568114257814,1.733964221766531e-06,1.9072515964508057,2.6570774025458377e-06
704,0.7176510592740504,-0.013686142595730666,-0.7252143790059012,34447.571424804686,1.5228960097499908e-06,6.151907444000244,9.618393960408866e-06
705,0.994549476291945,-0.005529143323935085,-0.2929835206709779,45978.306977783206,1.3529330450465956e-06,26.414865493774414,2.764913733699359e-05
706,0.8184464455400726,-0.18308991231037391,-9.701742922058454,38624.37574462891,1.460188596215406e-06,118.80972290039062,0.00019843090558424592
707,0.7405494868568959,0.02298911276782905,1.218169036542009,47288.7586640625,1.3322423341452223e-06,20.148603439331055,2.9980912586324848e-05
708,0.3109139092691752,0.08789809205357055,4.657627947287257,33409.778453125,1.5630015182877448e-06,22.671897888183594,9.91605338640511e-05
709,0.7731597241493825,0.019852619095857338,1.0519695179658648,21852.863982910156,1.8954901224862772e-06,14.063610076904297,3.213913441868499e-05
710,0.997556304405593,0.000759012154009882,0.040219260034592766,22295.569497802735,1.8809129971601308e-06,6.746387481689453,1.0979420949297491e-05
711,0.9110584618295223,-0.006895546948478802,-0.3653878193339191,20996.95236621094,1.9503993238776724e-06,8.542550086975098,1.4823446690570563e-05
712,0.9821322586306284,-0.001971421585632862,-0.10446356750875553,23494.205489990236,1.849502902953739e-06,4.338009357452393,6.942102118046023e-06
713,0.5184945474914455,-0.01030065496119321,-0.5458209308272207,34169.791798095706,1.558217509805997e-06,3.1403799057006836,8.08431923360331e-06
714,0.9562673039029274,-0.016122047208580233,-0.8542904162288639,56743.684836914064,1.2109068452128715e-06,30.218137741088867,3.237182681914419e-05
715,0.9963961339394359,0.0025449235838440032,0.13485283845067003,47200.564771972655,1.324220770310649e-06,32.240013122558594,3.8784601201768965e-05
716,0.6202083590835437,-0.052062339621477105,-2.7587289138695503,42849.17902734375,1.4174385988709311e-06,18.799463272094727,4.1326042264699936e-05
717,0.7366413488242827,0.04862214921830245,2.5764368232056225,40094.36124902344,1.4466819931666396e-06,31.036760330200195,6.0558795667020604e-05
718,0.9887677597896357,0.008787801003948811,0.4656563822368923,20783.993508789063,1.9519760567318145e-06,44.889312744140625,8.42340086819604e-05
719,0.46503871848690553,-0.011708580140463942,-0.6204254132392416,29240.717255859374,1.6497919517931242e-06,5.509289741516113,1.3015003787586465e-05
720,0.6867680211756935,0.00928413616785042,0.4919566633533539,21977.753739746095,1.8989285401840227e-06,5.113842487335205,1.1759564586100169e-05
721,0.9609587588348256,-0.0010807477409844229,-0.057267692219175305,20437.168194091795,1.9726338889819937e-06,2.1027255058288574,3.262544851168059e-06
722,0.8636479585233221,-0.007723136975787868,-0.4092409491349811,23867.697095947267,1.8199156407199775e-06,7.305618762969971,1.5246597286022734e-05
723,0.8942950271046666,0.010091678742367017,0.5347474996026832,29132.7686237793,1.6686057928453398e-06,7.4777045249938965,1.431313830835279e-05
724,0.6830738257821906,0.0200864183289223,1.0643582947474355,51415.371760742186,1.2770738647497799e-06,7.7969841957092285,1.5337611330323853e-05
725,0.7111602462464087,0.03925025722753696,2.0798300705978026,47527.753789550785,1.357239214666814e-06,22.42426872253418,4.333393007982522e-05
726,0.9156840271794351,-0.02512341810435324,-1.3312636436169938,48672.49257275391,1.337152310655401e-06,28.669450759887695,3.8069647416705266e-05
727,0.9728318290064908,-0.04753433016611544,-2.518794429603156,48211.75423535156,1.3299459139499923e-06,181.22119140625,0.0001851990818977356
728,0.7117401911005116,0.07367821295572023,3.904131429378445,21221.313018554687,1.958076337028887e-06,50.98922348022461,0.00014002330135554075
729,0.8690553134179266,0.023757290619361972,1.258873977300066,19953.533579833984,1.9727762594589427e-06,18.865215301513672,4.5158016291679814e-05
730,0.2557270458187686,0.057495229623447296,3.046612071700687,17749.842045410158,2.1170995368447837e-06,8.274764060974121,4.9627346015768126e-05
731,0.73365184885018,0.012016851425405362,0.6367603861441623,18173.545804443358,2.0671474070791453e-06,5.564647197723389,1.4086912415223196e-05
732,0.4516730881416822,0.01589225311189524,0.8421138674342742,18583.812325073242,2.0666350902884442e-06,4.957852363586426,1.2067356692568865e-05
733,0.9554200063117967,0.000715470475402741,0.037912032034367,18787.182485229492,2.0684786950280432e-06,0.8766283988952637,1.7257027593586827e-06
734,0.13886300140754346,-0.0037313037218482496,-0.1977178808853497,18453.714110107423,2.0691268755728755e-06,0.8301360607147217,2.1545906747633126e-06
735,0.5512894468017224,0.004606378140054998,0.24408715888642235,21702.199111328126,1.9225280218180264e-06,0.7659557461738586,3.600959871619125e-06
736,0.430802027817277,0.012505820431556878,0.6626703422672208,31134.83630908203,1.6112129295518108e-06,2.195979595184326,7.70754832046805e-06
737,0.5559291821583386,-0.027072707833627807,-1.4345544672095685,39786.401029296874,1.4334199441214722e-06,7.974802494049072,2.271258199471049e-05
738,0.6548294649216265,0.013852579894320932,0.7340337173473133,55149.199400878904,1.2369972745041005e-06,10.697286605834961,1.3011894225201104e-05
739,0.7466945239348982,-0.05281689751812841,-2.7987121474663326,59133.63665136719,1.1817195228546015e-06,46.79342269897461,6.492692773463205e-05
740,0.9338213744488769,-0.02704450594994082,-1.433060078895126,44913.61188232422,1.3638888616816876e-06,45.22208786010742,5.93683471379336e-05
741,0.3698205648082517,-0.02626742264614208,-1.3918832475375413,40168.744341796875,1.4171534962538357e-06,8.010139465332031,2.2449537937063724e-05
742,0.9710123867303563,-0.005254346013062277,-0.278422298634662,23488.102832519533,1.8317871970755352e-06,21.651729583740234,3.1886032957118005e-05
743,0.8088195732833202,0.02421889270337489,1.2833337888476735,29700.223501464843,1.6181372092907184e-06,18.08696937561035,4.1791066905716434e-05
744,0.7952293187745529,-0.005071703803594201,-0.2687442790178728,24914.348741455076,1.7899415149464382e-06,4.948376655578613,7.34649074729532e-06
745,0.24698454205265372,-0.0440224900435754,-2.332705695263185,32572.95821533203,1.6044274583512283e-06,14.002873420715332,3.9251335692824796e-05
746,0.4815403446533716,0.03195123831448176,1.6930626939350097,32837.171129882816,1.5781175308827973e-06,8.13900089263916,3.182120053679682e-05
747,0.7707952254511002,-0.018800258927595872,-0.9962060535288977,60594.334398925785,1.1586481705812571e-06,15.729814529418945,2.1338653823477216e-05
748,0.9929894877109013,1.1329172931873632e-05,0.0006003210221558106,64506.55499658203,1.1499204380712884e-06,52.628475189208984,4.829312092624605e-05
749,0.9836534763154001,0.0066170767992760286,0.3506319774366728,53903.28583544922,1.272962234180803e-06,28.012231826782227,3.013075729541015e-05
750,0.7407879923148624,0.05787611008928728,3.0667945291445977,41918.63859179687,1.4058497812905969e-06,19.598573684692383,6.67903950670734e-05
751,0.958856496197925,0.0030704202495331085,0.16269835704085903,20064.696193847656,1.9672860060350312e-06,8.464015007019043,1.7114773072535172e-05
752,0.9592516773714611,0.006544001343931578,0.3467597855025678,23586.35669995117,1.8403944533498863e-06,11.739273071289062,2.205082455475349e-05
753,0.7853087569000035,-0.018023051835517452,-0.9550226627598684,26212.366657714843,1.7231566910853218e-06,16.223588943481445,3.54653166141361e-05
754,0.6369302048629739,0.020964336270159933,1.1108782480592914,30385.16990209961,1.6199140669939382e-06,11.574153900146484,2.849801239790395e-05
755,0.7896297553690936,-0.007268897206994355,-0.3851712589690951,39453.649798828126,1.4517906637870909e-06,6.459029674530029,8.60409636516124e-06
756,0.7896835059497979,0.020951220923455628,1.1101832795574595,34786.979304199216,1.5394038532376416e-06,11.00290298461914,2.9541479307226837e-05
757,0.9955720205053404,0.0028034939220534755,0.1485542101806726,33478.962399414064,1.580242195987159e-06,28.326332092285156,3.458693026914261e-05
758,0.9561147002197871,0.017959089146496635,0.9516333467803424,35668.67612011719,1.564698250436509e-06,49.862327575683594,7.108074350981042e-05
759,0.6122058670491948,0.017420150460635497,0.9230755496030018,43748.50999902344,1.3700361033305188e-06,8.692524909973145,1.823182901716791e-05
760,0.9993731012182682,-0.00023541539282735614,-0.012474415396707822,26600.000356933593,1.7223191619506881e-06,8.327801704406738,1.2669730494963005e-05
761,0.7897943820720408,0.005351678822210043,0.28357986237106614,29945.393571777342,1.6145083006812557e-06,4.646360397338867,8.422301107202657e-06
762,0.9980128777698172,0.00024031925819684296,0.012734266092678964,21454.59266845703,1.917298262809422e-06,5.261247634887695,8.501427146256901e-06
763,0.3848722049874554,-0.009613833624532898,-0.5094269866848085,20146.21206933594,1.9824041644998123e-06,2.863971471786499,8.459127457172144e-06
764,0.26119047883090596,-0.026434245457838814,-1.4007230138151778,22375.715393066406,1.8722927954835066e-06,5.549961090087891,1.893393709906377e-05
765,0.42009312541379146,-0.008924086680474388,-0.4728780176668583,28562.439439453126,1.663668867492991e-06,2.4884395599365234,7.567522061435739e-06
766,0.9746871735964441,0.004683914019754335,0.2481957040410207,57137.43044726562,1.2146848056383167e-06,13.322478294372559,1.2699570106633473e-05
767,0.9534791927728925,0.0129979244551003,0.6887464196823193,49455.939779296874,1.2962898700087728e-06,31.17376136779785,3.282499164924957e-05
768,0.9115271506588836,-0.017979552142832228,-0.9527176595497233,31005.973962402342,1.6731249854626981e-06,32.34757995605469,5.344232340576127e-05
769,0.821809454029861,-0.007027401225535802,-0.37237463954175426,33562.35232568359,1.5941872490287976e-06,4.233705043792725,8.303327376779635e-06
770,0.8615166992444329,0.017395437200269256,0.9217660197888592,21393.06587011719,1.9250542577789882e-06,6.906996250152588,4.0489878301741555e-05
771,0.6763612620733318,-0.011031514349281608,-0.5845484052463825,24324.904731933595,1.796298909352676e-06,10.225452423095703,1.7999129340751097e-05
772,0.9199203554872666,0.003738741506441641,0.19811200131025003,23156.689130615236,1.8609084211371007e-06,4.86981201171875,8.805191100691445e-06
773,0.9941261352624938,0.0005957297869693367,0.03156709821561087,20077.16807836914,1.9973485659850326e-06,6.557828903198242,1.1068796084146015e-05
774,0.9538164615616107,0.0036414004777055244,0.19295400202645768,25026.3414140625,1.7959278460871502e-06,5.813608646392822,9.929300176736433e-06
775,0.9907751735877134,0.0011643308877724303,0.06169667573072608,30186.43034057617,1.6333406978066473e-06,3.947197675704956,5.980217338219518e-06
776,0.7534687578835589,-0.07646598770759891,-4.051852697175458,50677.439837402344,1.2698951770295698e-06,63.216495513916016,8.384593820665032e-05
777,0.6177149848934665,0.033443710224255435,1.7721472191516257,72176.35184814454,1.0984764302426612e-06,27.989072799682617,3.106650183326565e-05
778,0.9637412393841651,-0.015645507272293833,-0.8290390635158461,72326.30098730468,1.0925122466021014e-06,54.341407775878906,4.775151319336146e-05
779,0.9548895928468255,0.03714714766215204,1.968388494801436,59455.26263378906,1.2031776336253645e-06,143.22854614257812,0.00013055461749900132
780,0.9895161164544571,0.005456644869052441,0.28914190338774104,38772.858223632815,1.4608671362602632e-06,29.82355499267578,4.012954013887793e-05
781,0.9671928857122369,0.005635711164864211,0.2986304390806636,23760.35570751953,1.8252080462448356e-06,10.913702011108398,2.0476096324273385e-05
782,0.9960887335959977,0.0008873321122942608,0.047018800387935156,24181.251541503905,1.808463230496792e-06,8.71282958984375,1.3500965906132478e-05
783,0.9928720071095155,0.00197182702313583,0.1044850512179076,26695.551254882812,1.7365664094034238e-06,10.221487045288086,1.659578447288368e-05
784,0.10011963354496665,-0.0222317365919177,-1.178036465275453,28412.214973632814,1.664929890232249e-06,5.515349864959717,2.4343322365893982e-05
785,0.3358655791021494,0.04302107093551851,2.2796415443167626,25927.298015625,1.7606921701601779e-06,9.863229751586914,4.356817589723505e-05
786,0.9525574363124499,0.0033670108410079253,0.17841438221821612,25463.55378955078,1.7746101556527522e-06,3.3207902908325195,8.02069280325668e-06
787,0.9762888627826911,-0.001082014140489064,-0.05733479740413941,26881.273205078123,1.713526387810183e-06,3.4918642044067383,5.261973456072155e-06
788,0.9001700508726224,0.011556018759340937,0.6123413452487533,37850.178208496094,1.4537444397316828e-06,7.884945869445801,1.9342845916980878e-05
789,0.9771922836316476,0.0028188023911879466,0.14936538994584247,45841.22931640625,1.342384157309709e-06,6.508432388305664,8.979940503195394e-06
790,0.9918972683971707,0.0028375668410152355,0.1503596985126062,46805.61973974609,1.3329233455030622e-06,21.349933624267578,2.2318474293570034e-05
791,0.8910994447683125,-0.053671004892480376,-2.8439704037472695,55189.89071533203,1.2327714930001564e-06,86.47319030761719,0.00010064433445222676
792,0.9187418943902371,0.03109793651595102,1.647847124274123,43216.01764599609,1.3954457103908208e-06,42.45057678222656,6.80227967677638e-05
793,0.8693332010324555,-0.006406803926341857,-0.33948983786738973,24450.772141601563,1.8062009929102211e-06,9.872715950012207,1.5601608538418077e-05
794,0.802509936719567,-0.005957893884809854,-0.315702564373637,24824.34376123047,1.7892017836049596e-06,7.95556116104126,1.1539845218067057e-05
795,0.8506870365884961,-0.0035954057318826073,-0.19051678856063378,25270.7037668457,1.7873497099694167e-06,4.348165988922119,7.948018719616812e-06
796,0.7927518724937581,0.017605934633481424,0.9329200585723599,23832.51151586914,1.8211500766266057e-06,5.132190227508545,2.662984661583323e-05
797,0.34127345896497085,-0.00900911592169911,-0.47738362820984387,22643.71045703125,1.8650433447721434e-06,1.8481231927871704,8.16851661511464e-06
798,0.9801628064276124,-0.0021001975806176727,-0.11128727276979157,34181.8472121582,1.5571027371193664e-06,8.852066993713379,1.2155166587035637e-05
799,0.3275610111368454,-0.014424155388694657,-0.7643209048662083,44303.44496630859,1.3636569211539246e-06,5.265975475311279,1.3137527275830507e-05
800,0.7071918632492964,0.03596916590370194,1.9059684737137437,56645.59390087891,1.2077643927878053e-06,30.60904312133789,3.2986761652864516e-05
801,0.9610486922169643,-0.013341006534112099,-0.7069259801492846,36487.70433691406,1.5183877985655109e-06,44.63518142700195,5.6500270147807896e-05
802,0.9151235110779883,0.02278012486777856,1.2070949863416158,42119.99542285156,1.4208107490593477e-06,28.219205856323242,3.759816172532737e-05
803,0.7801650404157463,0.008939906593974398,0.4737162983339336,18431.192608642577,2.057378702188767e-06,5.4197306632995605,1.56089045049157e-05
804,0.7851328616242683,-0.010035226393441305,-0.5317561486881928,18152.898853027345,2.0566949479697067e-06,4.641900539398193,1.9263725334894843e-05
805,0.8240821247388721,0.0034865383083182914,0.18474801767271412,19364.30609423828,2.0129405023483376e-06,1.623253345489502,4.181756139587378e-06
806,0.9911928780136563,-0.000608080631079675,-0.03222155652473821,17821.919362792967,2.127504645101794e-06,2.640808582305908,4.514598458627006e-06
807,0.9510492192841833,0.0014962448753016507,0.07928445071302563,17341.56147583008,2.142983335411855e-06,2.417814254760742,4.508620349952253e-06
808,0.9681830150787496,0.008518936928244163,0.4514095561253503,21238.441825927734,1.926762549808028e-06,12.221290588378906,2.171644155168906e-05
809,0.9681638997905164,0.002633185231029377,0.1395297308040747,25561.458102050783,1.7737388533610246e-06,4.079677104949951,6.808469606767176e-06
810,0.7579094438224288,0.011220496205260916,0.5945623560998665,42856.36266845703,1.3752966609542048e-06,6.226338863372803,1.2060474546160549e-05
811,0.8203088141167794,-0.003181789025060851,-0.16859967195264391,47827.20492724609,1.308646889243975e-06,4.233644008636475,5.610490461549489e-06
812,0.8025546656766901,0.02033239203530191,1.0773921841341731,63379.19894042969,1.1436113948456707e-06,22.341392517089844,4.032808283227496e-05
813,0.7538026923718973,-0.020045543285562253,-1.0621923689593733,52074.02585400391,1.2739663144950647e-06,13.410172462463379,2.4850220142980106e-05
814,0.8355124182091754,-0.03370092307648225,-1.7857766591194804,48566.27410107422,1.3083281121744045e-06,34.644657135009766,4.4716362026520073e-05
815,0.3924663744493918,0.06606676093547173,3.5008085492033083,44774.22917382813,1.362470822443946e-06,15.351033210754395,5.639404844259843e-05
816,0.9416781331351547,0.0024256610479982043,0.12853324143733333,22859.694080078127,1.8578012751174522e-06,4.211336612701416,7.77747391111916e-06
817,0.9875027046960296,-0.00214272074310901,-0.11354053066651565,22214.960315185548,1.8950882124326704e-06,6.7298173904418945,1.0751306035672314e-05
818,0.6713336168785657,0.020974532843814054,1.111418553830537,19449.116826904297,2.0170995074555717e-06,6.183332920074463,1.992479883483611e-05
819,0.4911708726635208,0.010411326998918514,0.5516853263317156,18847.58232763672,2.0637117736207537e-06,2.6509718894958496,1.0074204510601703e-05
820,0.9166926331327225,0.007096613091050152,0.37604210389248277,28961.1065559082,1.687500375443659e-06,7.4441447257995605,1.2611197234946303e-05
821,0.8703312151701464,0.015334968995995612,0.8125839651104393,45636.37669213867,1.3436855734476603e-06,11.009066581726074,1.6373176549677737e-05
822,0.9819610614054035,0.004208679295326842,0.2230135131390176,47440.666435546875,1.338047724531055e-06,11.466029167175293,1.2561456969706342e-05
823,0.9590175599236689,0.029335110098190273,1.5544367964984678,40396.43619140625,1.4538461086465997e-06,37.71961212158203,5.853932088939473e-05
824,0.4374280281806917,0.01282026369179663,0.6793323616866664,31607.850315917967,1.6368478090383058e-06,5.430355548858643,1.3064999620837625e-05
825,0.6584763868423745,0.021480824934141714,1.1382464420623248,19527.847330566405,2.009833214217645e-06,15.470152854919434,4.8956389946397394e-05
826,0.6866598751944779,0.021153998880180207,1.120928271357266,21701.981169677736,1.914561473785836e-06,9.198043823242188,2.9116577934473753e-05
827,0.9566852156524872,-0.002988708074268977,-0.15836851435312588,23229.13915625,1.847125701432853e-06,4.835196495056152,7.203786481113639e-06
828,0.8890918947557338,-0.010442544998769008,-0.5533395354864881,21745.89210839844,1.8936470459853145e-06,10.402362823486328,1.637091008888092e-05
829,0.7779260162426979,0.026301377473010114,1.393682478292965,24758.030052490234,1.800367779018942e-06,8.378745079040527,2.7623591449810192e-05
830,0.9284821166822979,-0.002234453684214198,-0.11840136325339344,25121.366567626952,1.7651711269272795e-06,2.3748717308044434,4.107313088752562e-06
831,0.3605305053084225,-0.013315850157416794,-0.7055929700644112,39743.712333984375,1.4291040522755367e-06,2.735065460205078,1.0700523489504121e-05
832,0.991708684175414,0.0007162929068611104,0.03795561181699635,59360.904177734374,1.1954614031324534e-06,9.176595687866211,9.457313353777863e-06
833,0.4743799794232876,0.04620198217542211,2.448194703352179,47148.74397753906,1.3191377763180994e-06,18.068063735961914,3.228804052923806e-05
834,0.9282191667747504,0.020198588712637223,1.0703020860384933,58157.40729150391,1.2273879303567486e-06,41.94490432739258,3.8685004255967215e-05
835,0.20320516803081032,-0.056632003754920134,-3.0008706359523094,54026.190580078124,1.2516325075014055e-06,26.851470947265625,3.839762939605862e-05
836,0.9268052869429643,0.007645509642832147,0.40512755796799677,34509.38650390625,1.5352747936490018e-06,13.400044441223145,2.432269866403658e-05
837,0.9857636958884893,-0.0007157110720455413,-0.03792478099877964,25699.180052246094,1.7516550349027373e-06,4.210977077484131,5.689719273505034e-06
838,0.845935791555241,0.02645553971322869,1.401851374132261,23783.493283447264,1.8194221944125041e-06,26.066429138183594,4.856157102040015e-05
839,0.39149368092303505,-0.010694191343449136,-0.5666740120425948,23379.306665527343,1.8430572908943932e-06,4.538666248321533,1.0472681424289476e-05
840,0.1211136407303847,-0.008067739011407333,-0.4275010505125526,21144.107142333985,1.9449566566110232e-06,3.5224857330322266,5.021440301788971e-06
841,0.75184813764542,0.013843983361496122,0.7335781960658022,25211.550791015627,1.7705471180580201e-06,4.142939567565918,1.2582562703755684e-05
842,0.3680553526508945,-0.00658510427469486,-0.34893778680573373,27806.52269116211,1.7049969547224915e-06,2.4592201709747314,4.5655801841348875e-06
843,0.8109070715383166,0.0035235091468398577,0.18670706373059381,49894.98724707031,1.3033470953308125e-06,2.43169903755188,3.5997716167912586e-06
844,0.30306834797343585,0.025716944845953917,1.3627140047631365,42396.0504375,1.4122480719952743e-06,6.049881458282471,1.9340557628311217e-05
845,0.9632608300544336,-0.016283101200887204,-0.8628244988018275,50610.95061279297,1.2790740055177264e-06,39.58006286621094,3.924846896552481e-05
846,0.891973918658006,0.017162284636290777,0.9094115093256967,58377.55753662109,1.2263967077994255e-06,23.465957641601562,3.139731416013092e-05
847,0.22278119052634865,-0.014369990880991942,-0.7614507842648025,28705.050916015625,1.6758725218672549e-06,4.168911933898926,1.2298344699956942e-05
848,0.9607008135279914,0.0016469368310278233,0.08726945980735085,26029.14558569336,1.736663045220075e-06,3.0980422496795654,5.680647063854849e-06
849,0.8147019389411874,0.004673212086003338,0.24762861976690143,24247.71032861328,1.8107397458095587e-06,2.933729648590088,6.64107801640057e-06
850,0.8136799925898757,-0.008707511063751809,-0.4614019022975591,21588.014325927736,1.904619132274113e-06,5.565458297729492,1.1962322787439916e-05
851,0.7167503842774304,-0.011701596383179236,-0.6200553512464683,25473.246954589842,1.7767729685849689e-06,4.20286226272583,1.2866016732004937e-05
852,0.7512158806616535,0.002909738944322307,0.15418402276725154,23079.289471435546,1.8715847200844755e-06,1.729759693145752,3.1546317131869728e-06
853,0.3990441599883005,-0.009706816704953396,-0.5143540628462278,35568.57445849609,1.5338777575221695e-06,4.9308552742004395,6.389895133906975e-06
854,0.9940597078997971,-0.001250527267714082,-0.06626413173337227,57323.58231347656,1.2083193064635363e-06,8.729519844055176,9.45943065744359e-06
855,0.6530383611235775,0.020066291347734713,1.0632917870692407,64005.70745996094,1.1500773436627663e-06,15.081564903259277,1.9151138985762373e-05
856,0.5355709087269469,-0.03334411053178143,-1.7668695356391622,46228.792047363284,1.353662798636962e-06,19.45376968383789,3.1817569833947346e-05
857,0.973386891516622,-0.0065987191910668345,-0.3496592269816529,57903.5486796875,1.2053344600205484e-06,24.416290283203125,2.23923270823434e-05
858,0.8214837200977831,0.01790839969939577,0.9489473660049504,26449.62356591797,1.7300401966489946e-06,14.517484664916992,3.335177098051645e-05
859,0.9769608878231022,-0.006035051286530685,-0.31979105437608185,27696.962881347656,1.6892778394426213e-06,16.210844039916992,2.573525853222236e-05
860,0.2533447872536627,-0.007820591382687698,-0.41440495620906315,24400.056670654296,1.8021821508186613e-06,2.5451221466064453,6.937546913832193e-06
861,0.8939411410581085,-0.0039305329121901815,-0.20827482726692134,24136.713248779295,1.8031648459379935e-06,4.184132099151611,8.72778309712885e-06
862,0.6124157858839179,0.005729234192921909,0.3035861265025361,23887.377025146485,1.8161859171776757e-06,1.5052571296691895,5.896220955037279e-06
863,-0.13688582080624861,-0.009344039836828983,-0.4951308961070018,24406.059970703125,1.8046196057964716e-06,2.1619246006011963,5.775292265752796e-06
864,0.862962832348495,-0.010405323230056326,-0.5513671929002806,34578.890744873046,1.5606582296292743e-06,10.682417869567871,1.5387407984235324e-05
865,0.6968414624234286,0.013311842866608945,0.7053806279165501,50213.97527929687,1.290002346011077e-06,6.849362373352051,1.5188308680080809e-05
866,0.9935433311602643,-0.0023172359231160814,-0.12278790749389223,69193.54207714844,1.1140080962985592e-06,12.768983840942383,1.3187074728193693e-05
867,0.6892042549789938,0.053648913152277766,2.842799785544212,51656.22862548828,1.2624288570764032e-06,24.857248306274414,4.579123924486339e-05
868,0.677443716368808,-0.005666910500270973,-0.3002836592260879,36982.44910791016,1.479473205901823e-06,2.865144729614258,5.529723239305895e-06
869,0.6615564236588409,-0.012506670963241654,-0.6627154110514518,24665.543838134767,1.7925973145156186e-06,7.842055320739746,1.6333166058757342e-05
870,0.32080446058071327,-0.0153492050879431,-0.8133383207302901,23961.020514160155,1.8004373655316693e-06,4.859837532043457,1.4528993233398069e-05
871,0.8327273504146679,0.0043444253769683045,0.23020655600054732,24933.353504882813,1.7694688795769705e-06,3.080043315887451,7.416608696075855e-06
872,0.8492224865686846,-0.00766070825286289,-0.4059329164141843,29133.145231689454,1.6643867902207485e-06,6.576594352722168,1.3135583685652819e-05
873,0.024723896988757717,0.04318853566267393,2.2885153250230443,34737.28645849609,1.545271479915158e-06,10.055134773254395,2.8953356377314776e-05
874,0.9847287644861751,-0.000753352541842379,-0.039919363106385226,28197.598602783204,1.6954978781826222e-06,2.5938684940338135,3.693638745971839e-06
875,0.9204437417682729,-0.004021061725352446,-0.21307185437374784,44003.223330566405,1.3657764513381077e-06,5.660755634307861,7.225080025818897e-06
876,0.8054222451619931,0.02769910254683784,1.467746467787942,47252.681774414064,1.3394448257665537e-06,19.98211669921875,3.855740214930847e-05
877,0.9896484186394813,0.010414390220724911,0.5518476432507848,52258.52672949219,1.2537608857750284e-06,91.98934936523438,9.25741478567943e-05
878,0.9495280867300917,-0.005458946685404689,-0.2892638742283051,40571.50966503906,1.4226319207042127e-06,10.74186897277832,1.1790040844061878e-05
879,0.9988945936416433,-6.012548434628906e-05,-0.0031859865179415196,23399.306384277344,1.8336623046494479e-06,3.0736591815948486,5.018058800487779e-06
880,0.9027625919107931,0.00213488651601287,0.11312540316811516,22001.26735644531,1.8906600116035445e-06,1.603968620300293,3.852268037007889e-06
881,0.6879919058759479,-0.0031290900370349113,-0.16580720770582297,18733.97403149414,2.069422301276323e-06,1.4957337379455566,3.896000180247938e-06
882,0.9216714309739753,0.002202237824614078,0.11669427855435412,19076.130620361328,2.0397067973889793e-06,2.724874973297119,5.025095560995396e-06
883,0.6589266036882849,0.005302869584076645,0.2809935119019643,19198.29724194336,2.0375044726375186e-06,1.1090912818908691,5.205545676290058e-06
884,0.5404736623088217,-0.0025789561059122758,-0.1366561861934771,22015.734126953124,1.9038932819548693e-06,0.9829656481742859,1.9277104001957923e-06
885,0.9832318048209364,-0.0012203383352036412,-0.06466445178043652,28418.164428466796,1.6744640537360566e-06,2.424171209335327,3.2341665701096645e-06
886,0.9950619944001209,0.00026336354591656577,0.013955358792203033,44797.75621875,1.3644549531805645e-06,15.762605667114258,1.8930359146906994e-05
887,0.8839960299732145,0.02011296368888231,1.0657649056024834,47037.44128027344,1.3343816507098782e-06,6.207521438598633,1.790336682461202e-05
888,0.8475966852423285,0.04201959026460571,2.226574131219006,55514.85157177734,1.2525489997588264e-06,44.801971435546875,5.611754022538662e-05
889,0.9931972718375879,0.00040662275825979055,0.021546514590095676,43272.70940966797,1.3775940032556658e-06,7.863461017608643,9.067036444321275e-06
890,0.9184004726565805,0.0023590828865150486,0.1250053343080869,24037.004637207032,1.8160012852648506e-06,2.752997398376465,5.481420885189436e-06
891,0.6194423983799845,-0.0036961835245196413,-0.19585689836831988,25065.969118164063,1.7705138043374487e-06,2.375040292739868,4.0861636989575345e-06
892,0.4409887219096079,0.018964361012896003,1.0049016513609437,21593.421764160157,1.887569516639374e-06,3.2688803672790527,1.5393383364425972e-05
893,0.8732484096156441,0.006170248840210814,0.32695503131475834,19536.462476806642,2.0260535715389812e-06,3.925875425338745,9.52034315560013e-06
894,0.5450269342346352,0.004743022930200982,0.25132782337146314,19596.910421386718,1.9968236891511716e-06,1.3092396259307861,3.671024614959606e-06
895,0.24527588702400896,-0.008153295192166411,-0.4320345830302298,22027.561442382812,1.9108178537722216e-06,1.5133956670761108,6.005992418067763e-06
896,0.5596572373099106,0.007112699858418225,0.37689452486686953,29204.984846191408,1.643340095335041e-06,1.7455451488494873,4.845172043133061e-06
897,0.5773025705703276,0.01271517642792404,0.6737638975063674,47086.709649414064,1.332387525733337e-06,3.1500048637390137,9.195065103995148e-06
898,0.9893170267607627,-0.006397950448661769,-0.3390207013467888,56341.182259277346,1.2401452149453456e-06,32.292686462402344,2.9375725716818124e-05
899,0.801306817476548,0.02892661879783006,1.5327912698171617,54284.609259765624,1.2561803833881438e-06,28.158544540405273,3.8342906918842345e-05
900,0.8190729249825148,-0.02009471075842055,-1.0647977019117967,44831.48396826172,1.3638899422262306e-06,22.108531951904297,2.6925150450551882e-05
901,0.7846579885792482,-0.006623985027428182,-0.3509980372197235,26092.14173535156,1.748763789603901e-06,4.93669319152832,1.0133465366379824e-05
902,0.7454219246525724,-0.006077834438608178,-0.322058088849,23668.26466064453,1.818146558494521e-06,4.35968542098999,6.679960279143415e-06
903,0.11004954021983601,0.014885017913045192,0.7887415279209633,27215.771318603514,1.7186975968746512e-06,2.9223649501800537,1.4130893760011531e-05
904,0.8866548225087839,0.0035185930444858226,0.18644656460961265,18720.930006347655,2.0776817768038842e-06,3.132709503173828,6.233914518816164e-06
905,0.372656439031698,0.008960980406983085,0.4748329776398432,25819.48542285156,1.7488880044234409e-06,3.138737440109253,6.918506642250577e-06
906,0.8532539473565026,0.013006335903481785,0.6891921335327963,31057.651815429686,1.6288266667567326e-06,3.7868237495422363,1.3519791536964476e-05
907,0.9268043428122821,-0.005207639599313262,-0.2759473746299135,55533.43338671875,1.2417411625299245e-06,8.902146339416504,8.628275281807873e-06
908,0.938318650145601,0.00861619229263961,0.4565630161453445,55895.89665625,1.2290107669175009e-06,12.423649787902832,1.320009323535487e-05
909,0.9970946384894082,0.0010618735878187037,0.05626757058726939,61113.026240722655,1.172252888478698e-06,54.517616271972656,5.106049866299145e-05
910,0.5839393504014176,0.02292141711967186,1.2145819149629138,53577.45420410156,1.2530412218146539e-06,8.575455665588379,1.869632069428917e-05
911,0.9907951830338436,-0.0005284737583027308,-0.028003271613433647,23806.75586035156,1.8405022729977777e-06,3.6138455867767334,6.168407708173618e-06
912,0.9199329010724805,0.0009779849298588426,0.05182239835831884,24614.524294433595,1.7893639280289204e-06,2.353001832962036,3.4950394365296233e-06
913,0.863641574639441,0.019138171700303568,1.0141116978624454,23192.404494140625,1.827087316917761e-06,4.2071027755737305,2.3391941795125604e-05
914,0.4360929834449987,-0.009031764695959493,-0.47858376306490613,21314.812715576172,1.9234814967412158e-06,2.547455072402954,9.434371349925641e-06
915,0.5945665819319992,0.009967303948820429,0.5281570094017398,23441.506487304687,1.8482083057768496e-06,1.8593958616256714,1.055576740327524e-05
916,0.36786663882080173,-0.004841987086779285,-0.2565718305016508,27940.177735107423,1.680905327020058e-06,1.3086659908294678,3.8644411688437685e-06
917,0.8736914569119658,0.007436121078726798,0.3940322769984731,47495.85473486328,1.3320079135757668e-06,6.074866771697998,9.931722161127254e-06
918,0.48496894268180085,-0.04138374376280971,-2.1928812902510253,54941.04217871094,1.2404928041430115e-06,21.418230056762695,4.120707671972923e-05
919,0.8539269744436168,-0.05771984871959458,-3.058514402630377,60726.0711796875,1.1651923024650335e-06,49.838924407958984,6.533836858579889e-05
920,0.9920428599882183,0.00646582060078262,0.34261706970836897,71150.88289355469,1.1086947037385276e-06,109.26176452636719,9.720469824969769e-05
921,-0.31005213028860895,0.039362760241967984,2.085791487642539,40504.61538818359,1.4187959383133293e-06,11.576974868774414,4.42818745796103e-05
922,0.8523673755474044,-0.012960839111096089,-0.686781306098699,30645.18910986328,1.6204220304013258e-06,13.267557144165039,3.0035764211788774e-05
923,-0.19668048834230284,-0.026761648955833058,-1.4180717826754645,26423.542108398437,1.736550337931565e-06,8.037248611450195,2.8289638066780753e-05
924,0.6905345163644385,0.0038970822407055706,0.2065023111778657,23953.136290039063,1.8197685904482857e-06,3.8556182384490967,6.718358235957567e-06
925,0.9993300815969217,7.974038883260981e-06,0.00042253597874224733,27804.057265625,1.7247358349794811e-06,4.625765323638916,6.181555363582447e-06
926,0.16925765592630027,0.0075926892345950705,0.40232865979120597,31364.342786132813,1.6369023836529553e-06,2.4022281169891357,5.259824774839217e-06
927,0.874381821016347,-0.024444988717065706,-1.2953143800929852,56068.92808251953,1.2382921126330932e-06,45.196327209472656,7.096812623785809e-05
928,0.8017776058353625,0.02577928787278068,1.366017496537336,64765.92290136719,1.1398776124693274e-06,32.982452392578125,2.911370938818436e-05
929,0.9960867637487524,0.0032303909446699066,0.17117503683001783,61815.919920898436,1.1790041470638853e-06,63.88373947143555,5.651656101690605e-05
930,0.670900819936771,0.05266618431990973,2.7907260127545515,45553.99015966797,1.3476867157314657e-06,13.918086051940918,4.561519017443061e-05
931,0.7328053527297937,0.009838807879526758,0.5213481371102457,24727.550194335938,1.7875947957711751e-06,3.2075884342193604,1.2557720765471458e-05
932,0.5761819162506491,0.016222935595596684,0.8596363863170222,21891.237211669923,1.883957974495568e-06,3.9382376670837402,1.4119164916337468e-05
933,0.7159862995577038,0.014871687457818148,0.7880351610435378,18917.15712841797,2.0407490591187464e-06,6.357807159423828,1.9154858819092624e-05
934,0.8637484447085225,0.00515607516399778,0.27321502914435847,22245.401092529297,1.885748918869061e-06,3.299302577972412,8.137863915180787e-06
935,0.058809768988793754,-0.010632791742086945,-0.5634205113968408,23861.63777685547,1.8139982433281973e-06,1.895269751548767,7.27054248272907e-06
936,0.9332095852209527,0.003053347736970888,0.16179370245982733,30299.432298828124,1.6396296163508618e-06,3.919611930847168,6.063234650355298e-06
937,0.5058525912795252,-0.052187973153413676,-2.7653861033010063,41472.93773120117,1.4233905422925772e-06,11.734264373779297,4.257297041476704e-05
938,0.20887614671048205,0.007673526602185633,0.4066121473354574,43483.755312011715,1.3634930870147557e-06,3.4630789756774902,5.4612537496723235e-06
939,0.8831060322489616,-0.03004242298789831,-1.5919165666005632,45961.554171875,1.3297353103149458e-06,24.13288688659668,4.0561404603067786e-05
940,0.7519749003187133,0.05350723607767224,2.835292465569958,63714.630405273434,1.166191236294974e-06,22.868579864501953,5.226468783803284e-05
941,0.9362256808461892,-0.006497119772976136,-0.34427558010068354,32763.091708007814,1.5735920880910357e-06,10.869084358215332,1.5882136722211726e-05
942,0.40830223434087026,0.014588685361678662,0.7730391760190073,27035.40925732422,1.7308406370588503e-06,5.427358627319336,1.7194055544678122e-05
943,0.6835063424880569,0.01291849345055016,0.6845374538443765,24195.31126147461,1.7973333039411001e-06,2.8007864952087402,1.3231449884187896e-05
944,0.38983622980291627,0.009707652398608215,0.5143983453787733,20125.266232666014,1.993260095472074e-06,2.4665653705596924,9.138275345321745e-06
945,0.7695365354149624,0.019845892185958225,1.0516130660473644,19991.551438720704,1.9658236191783293e-06,4.241568565368652,1.9412482288316824e-05
946,0.39968938944272997,-0.011762829627683364,-0.6233000368163404,23231.115236816408,1.8428692116250339e-06,1.8908627033233643,9.574300747772213e-06
947,0.7795296583051037,0.009557443998119862,0.5064389593706505,34504.77383935547,1.5305486978731655e-06,4.951702117919922,8.918549610825721e-06
948,0.7370134075640279,0.01833311709876568,0.9714526966985773,53366.8788203125,1.257064969541032e-06,5.403475761413574,1.3939369637228083e-05
949,0.9262244261161223,-0.028287002080532937,-1.4988986490738176,40462.13973388672,1.4344079999194393e-06,34.49697494506836,5.465024878503755e-05
950,0.8716984053537264,0.023559990236545352,1.2484192364115256,65000.99892089844,1.1379060842791888e-06,39.71003723144531,4.456643728190102e-05
951,0.7206820647183209,-0.0036665029578438475,-0.19428415618915806,42298.523885253904,1.3847758593693947e-06,3.5098330974578857,3.366016017025686e-06
952,0.9956800720320276,0.0004147981037895505,0.021979717597448017,30030.603873046875,1.6360837437890869e-06,7.137940406799316,1.0457408279762603e-05
953,0.8001766732182557,-0.03146500791520725,-1.6672978537254934,32080.009499511718,1.5673028967003164e-06,26.9569149017334,4.973959948983975e-05
954,0.5254828959994299,0.015286375087504982,0.8100090247338505,25241.554313964843,1.774983660296618e-06,3.661081552505493,1.7329728507320397e-05
955,0.926120872714402,-0.0028540532067433894,-0.15123329378607187,21383.886591796876,1.934821143911011e-06,3.8157336711883545,6.783687695133267e-06
956,0.4379853335775632,-0.010702762437963483,-0.5671281853746455,21086.711040283204,1.943528564337049e-06,3.7217328548431396,9.42440874496242e-06
957,0.1929380730463434,-0.006954942725847745,-0.3685351394424812,24859.99529785156,1.793411249743897e-06,1.5865646600723267,4.636321591533488e-06
958,0.9884346310314983,0.0024296053721325193,0.12874224704703358,42043.96263574219,1.4152296067743398e-06,9.860262870788574,1.2596574379131198e-05
959,0.9347405580051619,-0.02018647416469809,-1.0696601488162873,57917.449967773435,1.2002943840197612e-06,32.72538757324219,4.413528586155735e-05
960,0.9360688002899927,0.017852745635416643,0.9459983153746897,81929.3220625,1.0144799808234558e-06,35.62310791015625,2.797694833134301e-05
961,0.8904076485735418,-0.04905706556340128,-2.5994825853642576,64213.348693359374,1.144850411751539e-06,54.741546630859375,6.885846960358322e-05
962,0.9584840893661665,-0.0232511501782643,-1.2320541248023342,51599.338413085934,1.2843430412889692e-06,51.255577087402344,6.592949648620561e-05
963,0.9215765607821219,-0.00782152443017804,-0.4144543974195108,33136.77496484375,1.5716939044171176e-06,21.164066314697266,3.403062146389857e-05
964,0.7414424887188463,0.031131461860358683,1.6496235972032556,31886.17068701172,1.5768787349806855e-06,27.33187484741211,5.593014066107571e-05
965,0.7466316135637905,0.018290392215294587,0.9691887498181573,22845.383450195313,1.8547010695280606e-06,7.981101989746094,2.355106516915839e-05
966,0.6479671754690338,0.012359165106028058,0.6548992299843145,19786.507342041015,1.9997073814037748e-06,6.2400689125061035,1.5171841369010508e-05
967,0.6756835429404685,0.016405431948772354,0.8693066771614578,18343.41702294922,2.068575891210508e-06,4.128013610839844,1.6008725651772693e-05
968,0.9632300603152224,-0.0021008625383172664,-0.11132250818267747,20681.049928466797,1.9663477069244456e-06,2.8853769302368164,5.211294137552613e-06
969,0.3806539737561818,-0.010812772558978109,-0.5729575066050756,20500.711756591798,1.9545693493072887e-06,1.8422127962112427,6.661737188551342e-06
970,0.36033127054090475,-0.0071035945305262214,-0.3764120430670011,27846.057807617188,1.6841675064944512e-06,1.8365923166275024,3.45862304129696e-06
971,0.80981401506738,0.016812567614670648,0.8908803701907625,34084.25791674804,1.5473366298332754e-06,6.932115077972412,1.586540565767791e-05
972,0.9967027551829998,0.0009968634694071748,0.05282275242005081,48425.34179736328,1.310015447886025e-06,19.251737594604492,1.9304554371046834e-05
973,0.7707869833928584,-0.03317395064491428,-1.7578529412391768,43895.34081835938,1.4022207500157019e-06,32.9023551940918,4.860389162786305e-05
974,0.7606273022858197,0.07562630163872126,4.007358610785405,63536.53703515625,1.1751453060403702e-06,45.84525680541992,8.98764847079292e-05
975,0.9780126462083335,0.00296001715798165,0.1568482127127707,31981.389837402345,1.5826033640313582e-06,7.014591217041016,1.061056991602527e-05
976,0.8618295625268898,0.007249466064788901,0.3841416230706427,24724.68606347656,1.7738949935545688e-06,8.005882263183594,1.532883288746234e-05
977,0.9501220313199131,-0.0035167803465556554,-0.1863505116425654,22354.91173535156,1.8628667574932917e-06,6.671607494354248,1.0045407179859467e-05
978,0.968208512781079,0.0037120315141532883,0.19669666676034603,20576.436045166014,1.96604306228839e-06,7.834651470184326,1.3701296666113194e-05
979,0.7622824129579738,0.009291830877013503,0.4923643979424322,21761.10856323242,1.912982643100737e-06,6.390108585357666,1.2225081263750326e-05
980,0.995449294476839,-0.0011348269717685394,-0.060133294085873236,22307.29228125,1.884590810058077e-06,6.129665851593018,9.171199053525925e-06
981,0.7642338698445906,-0.007650275814531069,-0.4053801124204067,25099.505697265624,1.7791280366711007e-06,5.481646537780762,9.71599729382433e-06
982,0.6248014064258479,-0.0785328779374866,-4.161375048273053,34216.12796972656,1.5444812294285129e-06,46.44536590576172,8.580788562539965e-05
983,0.7664763003978023,-0.1811398010040344,-9.598408563956665,49682.893005371094,1.2878530000962185e-06,55.792633056640625,0.0002359802310820669
984,0.6462217325757258,-0.07503965570642282,-3.9762728565261405,59932.35745214844,1.1764882735505172e-06,30.56024169921875,8.004096889635548e-05
985,-0.27856411933533193,0.1561998341480437,8.276865810081139,67924.37053515625,1.109007920364728e-06,43.17610549926758,0.00013785046758130193
986,0.6662861149447954,-0.054190487475409395,-2.8714972423833633,76574.08248925781,1.0496392353986211e-06,32.814002990722656,5.7262834161520004e-05
987,0.8261301095644826,-0.05902957629462333,-3.1279154967186185,60043.7551015625,1.1614567617932097e-06,84.13056182861328,0.00012044754839735106
988,0.7373336292443563,0.06566841437843006,3.479700581857985,48604.76980761719,1.2797569897932239e-06,90.46473693847656,0.00012970459647476673
989,0.6997050331121144,0.01630229309017554,0.8638414569384857,25704.310546875,1.7430458359726047e-06,12.550359725952148,3.1424024200532585e-05
990,0.47209527160952186,0.030087102351963373,1.594284079363066,24585.002690429686,1.7717529121269548e-06,13.617072105407715,4.1901657823473215e-05
991,0.7475209332034747,0.029790109097357693,1.5785467174876326,18100.918780273438,2.0849346815758563e-06,7.150031089782715,3.906292840838432e-05
992,0.8903664255448455,0.004406699359713698,0.2335063892011025,18659.98195800781,2.078297288219701e-06,4.168399810791016,9.455132385483012e-06
993,0.9952089642305545,0.0029366280202552304,0.155608846772141,20484.423744873046,1.990482377610064e-06,18.125654220581055,2.9319829991436563e-05
994,0.6900084385045777,-0.01570923485527636,-0.8324159214723484,22100.069970947265,1.895907766447029e-06,7.124571323394775,1.968242031580303e-05
995,0.31627654284421924,0.012621382567219598,0.6687938589458633,22195.84779174805,1.8802494845539514e-06,2.930629014968872,1.0349642252549529e-05
996,0.9988352595938803,0.00012022019432393894,0.006370342334282068,29328.74441455078,1.6520921251961537e-06,2.4299933910369873,3.524756266415352e-06
997,0.9980570588370938,-0.0023390895641538434,-0.1239459090712806,47919.627227539066,1.303693745811942e-06,17.27162742614746,2.0950123143848032e-05
998,0.8280918852803335,-0.07458156776812257,-3.951999255883681,43791.941955078124,1.396930462021012e-06,64.19779968261719,0.00011885248386533931
999,0.7820271403913625,0.05534152089463133,2.9324892991661473,59986.00571191406,1.199515370310767e-06,53.637996673583984,7.325985643547028e-05
