state_idx,cos_sim,mean_A,mean_safe_delta,mean_sigma_i,mean_alpha_i,v_unbiased_norm,v_intentional_norm
0,0.09689964677130344,-0.03691605408533464,-2.0836041632433817,53242.36462304687,1.2932114465775754e-06,28.05792808532715,6.953325646463782e-05
1,0.4124235559618943,-0.022567412097235753,-1.2737426836230952,73503.75687402344,1.1026103157219288e-06,30.16311264038086,3.6856537917628884e-05
2,0.7197546493735397,-0.10690525683336513,-6.033912446213803,73222.91162792969,1.1162209984810897e-06,128.43130493164062,0.0003119927132502198
3,0.8818547571630304,-0.026903835553944204,-1.5184977147837362,91150.48781835937,9.99603994095527e-07,140.53684997558594,0.00015905471809674054
4,0.37321530253043,0.11307944560633654,6.382394041843613,59782.31214648437,1.234371098758904e-06,105.0029067993164,0.0003581063647288829
5,0.8965551779221955,0.05022142141405537,2.8345814669259646,57622.770572265625,1.2247977285774233e-06,104.17359924316406,0.0002719694166444242
6,0.6432787391872142,0.011067270565991442,0.6246553592574106,69164.89602636719,1.1238942089496793e-06,36.086212158203125,5.041327312937938e-05
7,0.6812325345549098,0.027970438739444263,1.5786985919603531,113145.14320703124,8.821274398788837e-07,126.69879913330078,0.00013464351650327444
8,0.19659429390557034,-0.06292893843970086,-3.551815094277257,46393.86165527344,1.3828057426309807e-06,46.06211471557617,8.983002771856263e-05
9,0.9292561343410627,-0.010909987184650761,-0.6157780207582066,58934.38494482422,1.2319033154519218e-06,62.177337646484375,6.395608215825632e-05
10,0.7623399767894385,-0.011189903276218258,-0.6315769556172967,64367.4496484375,1.1746748285301824e-06,41.21329879760742,4.361639730632305e-05
11,0.7217385367989874,-0.0074403950389972506,-0.4199484062839958,97838.66034765624,9.592098996755933e-07,40.80811309814453,3.254608964198269e-05
12,0.32155228077976555,-0.030636161102955375,-1.729156444303496,121296.995796875,8.607833613188481e-07,106.55036926269531,9.718124056234956e-05
13,0.7060370534859863,-0.011516029042305653,-0.6499840422032539,87597.38369042969,1.0278303613675609e-06,31.551321029663086,3.685802221298218e-05
14,0.8499031622560376,-0.008260355779394072,-0.46622836915428684,52191.98264453125,1.319972444032848e-06,30.770687103271484,3.1247709557646886e-05
15,0.9961893295435671,0.0013649700338174062,0.0770412037697779,67864.01058203125,1.128486016987481e-06,28.026123046875,2.973126174765639e-05
16,0.971836515165988,-0.004940407564832423,-0.27884490976226245,38365.41265527344,1.5163956612120632e-06,37.51887130737305,5.414694533101283e-05
17,0.17165055397114534,-0.021431180659428964,-1.2096118708133172,32943.687717773435,1.6137115148700406e-06,24.998287200927734,3.241742524551228e-05
18,-0.19984682861956402,-0.029685467690979316,-1.6754977096353099,37118.019244140625,1.558462086251333e-06,20.04045295715332,5.146675539435819e-05
19,0.6109917690741288,0.041644158309304354,2.3504663154804364,41290.70929736328,1.4637603905349445e-06,31.54227066040039,7.702066068304703e-05
20,0.7825472697480775,-0.061114317850439984,-3.4493948571156388,40928.506883789065,1.4709900772708435e-06,45.98092269897461,0.00010034270962933078
21,0.8107028230512584,-0.018190570126803935,-1.0267063635882034,53294.75564257812,1.3000965128034274e-06,17.730375289916992,2.693945134524256e-05
22,0.9533731474014872,-0.00969061478194957,-0.5469545920965391,57993.60184667969,1.2533496064488776e-06,28.493581771850586,3.191497307852842e-05
23,0.7510065167772549,-0.014269045245688552,-0.8053689056446549,69679.608671875,1.1583224447103541e-06,33.40914535522461,3.506300345179625e-05
24,0.9673420610068696,0.01167079240715615,0.6587191467345953,59688.7246171875,1.2230199339843679e-06,57.66506576538086,6.816779205109924e-05
25,0.3713803632835228,-0.03326120929620671,-1.8773185780876116,44317.35877636719,1.4384506442759256e-06,103.00865936279297,9.10483649931848e-05
26,0.9065898636410683,-0.009505894203935447,-0.5365286520841732,32431.42394140625,1.6253761749270156e-06,19.902189254760742,3.7004880141466856e-05
27,0.9838178597611186,0.0033884462807669186,0.191249605421324,29945.950594726564,1.6965874560558995e-06,14.319188117980957,2.3899621737655252e-05
28,0.9691242746137848,0.00406605207768348,0.22949481592593418,16632.421713134765,2.328375044246156e-06,10.270726203918457,2.2818299839855172e-05
29,-0.0020707238856401467,-0.012752315498971946,-0.7197621285100083,16645.514776123047,2.2836966062689876e-06,4.958652973175049,1.1407421879994217e-05
30,0.8920007414256742,0.009557257231652003,0.5394276677303094,24157.870572021486,1.8965738218822606e-06,6.791433334350586,2.069340189336799e-05
31,0.9742143033989298,0.0054860423229359245,0.30964145294010964,34982.44478417969,1.5955706736283452e-06,18.328500747680664,2.7009880795958452e-05
32,0.9940666969901648,0.001671668469365036,0.09435177915494992,53919.46189746094,1.3146008517558294e-06,16.367231369018555,1.8263508536620066e-05
33,0.9729470628121017,-0.00407507462877269,-0.23000406387992992,51303.697844726565,1.3595288101730444e-06,27.8372802734375,3.0340261218952946e-05
34,0.5299537373526947,-0.014318419652596006,-0.8081556801886578,46548.58569921875,1.4492377255235777e-06,15.809393882751465,2.916728044510819e-05
35,0.9815903957789807,-0.02032782288985636,-1.1473365031124745,71738.05388476563,1.1415676603258792e-06,241.04835510253906,0.00023125475854612887
36,0.3779304678385111,-0.0826875724984644,-4.6670256227285405,38652.242125,1.4988613351284112e-06,26.937213897705078,0.00012924267502967268
37,0.9356499817378997,-0.00891036243914811,-0.5029158379522447,24510.057903320314,1.8775852284569622e-06,21.660043716430664,3.2421554351458326e-05
38,0.7862963799494153,-0.025845344927155595,-1.458754724061253,28753.127929199218,1.7454640656964784e-06,25.028278350830078,6.0514699725899845e-05
39,0.6007670137753838,0.05612139212694346,3.167585734174323,36564.09018945313,1.5486278123662896e-06,30.26811981201172,8.424062980338931e-05
40,0.4846381219114489,0.026004847489424388,1.4677573168633713,26984.487049316405,1.7920417515772734e-06,13.56843376159668,3.7175428587943316e-05
41,0.9901890967938668,-0.0033674496214852207,-0.1900645186676742,36976.610090820315,1.5668497646875526e-06,22.978199005126953,2.856931860151235e-05
42,0.8385677509119415,0.040771890894857825,2.301234075978319,56779.08036083984,1.310467797532996e-06,77.45719909667969,9.352269989904016e-05
43,0.7450465647120438,0.03190501086058975,1.8007724580688356,49226.517500488284,1.3727131799659333e-06,17.64761734008789,4.245412856107578e-05
44,0.9760161477186666,0.014713181469142125,0.8304367008671862,40901.30582177734,1.5598961336592633e-06,61.1237678527832,8.42455483507365e-05
45,0.8014890395224851,-0.018267081918579776,-1.031024817762987,29914.78663671875,1.7224339589776782e-06,36.850486755371094,5.4830343287903816e-05
46,0.9755322328642639,0.005762967964478623,0.32527160177165637,29923.630161621095,1.718036427487773e-06,15.201530456542969,2.7075915568275377e-05
47,0.8298147956490731,0.02153399300699166,1.2154147725784754,18040.985774169923,2.1936728512193232e-06,11.192798614501953,4.261633148416877e-05
48,0.7052645558538571,-0.00634133986182605,-0.3579158841326688,14890.111958740234,2.4014991881185006e-06,6.04725456237793,9.534011041978374e-06
49,0.8346770736281337,-0.004389955762814575,-0.24777648452651002,13845.14858251953,2.521695799397608e-06,4.653955936431885,6.80414223097614e-06
50,0.9675707762590667,0.005470598966818379,0.30876980395437065,13747.000017578124,2.5051869225767595e-06,6.377247333526611,1.9039211110793985e-05
51,0.25353187994719123,-0.007997107406210693,-0.45137018834590426,14372.521422363281,2.4810920823198593e-06,5.1281328201293945,6.3280444919655565e-06
52,0.2635244675802857,-0.006638970342234656,-0.3747146488829312,16119.727937255859,2.309792053058874e-06,3.037001609802246,5.936653451499296e-06
53,0.9983808913139028,-0.0014037862182866227,-0.07923205448676751,20598.614154541017,2.0840414180767505e-06,19.621896743774414,3.4157481422880664e-05
54,0.7154654236162928,-0.024564400657756915,-1.3864560757162194,36177.35899169922,1.5552058310387196e-06,27.356353759765625,3.370071863173507e-05
55,0.2887347073148075,0.04839356930644523,2.731414420621233,49059.18641748047,1.3562855119390168e-06,16.673931121826172,6.731739267706871e-05
56,0.9181847209317463,0.015444282092851445,0.8717012493422013,79363.87617871094,1.0794622225807258e-06,34.46584701538086,3.579946860554628e-05
57,0.9217524405364355,0.021514853986652756,1.2143345340901914,82016.10054541015,1.0966508938404637e-06,44.026710510253906,4.815280044567771e-05
58,0.9462498808740105,-0.005881577524880939,-0.3319661247909221,34629.616284667965,1.7243354217205015e-06,11.710689544677734,2.0248364307917655e-05
59,0.3747650979157819,0.068804092097806,3.8834186452262616,48587.66915527344,1.366544772178748e-06,39.80363464355469,9.343490091850981e-05
60,0.5310540221972071,-0.013369579850280304,-0.7546015663663624,26734.364849609374,1.7965101286804309e-06,10.130406379699707,1.8710985386860557e-05
61,0.8610522394775832,0.008509233783838723,0.48027546218871237,17609.82971923828,2.23833865385124e-06,6.378847122192383,1.788759618648328e-05
62,0.8755258909602903,0.008057352564923782,0.45477052639990334,17395.197592285156,2.2531499575274113e-06,4.585007190704346,1.7156846297439188e-05
63,0.921486510803511,-0.0021581687264043818,-0.12181067166396406,19094.644564453127,2.135128954621031e-06,3.2205264568328857,5.45275179320015e-06
64,0.3212358819416253,-0.009413264155397087,-0.53130045639647,22265.168233886718,2.0055296363860306e-06,3.1775784492492676,1.0621763976814691e-05
65,0.9776615360260374,0.005483706740335275,0.3095096287310795,25605.48820361328,1.8765440482654583e-06,13.240748405456543,2.0856165065197274e-05
66,0.9957876726938129,0.0004980927172010276,0.028113190452106303,51652.76431933594,1.3403450769775162e-06,14.355508804321289,1.5017055375210475e-05
67,0.8059510950565898,0.01932833996058604,1.090924006053488,66778.23815820312,1.2137293918042276e-06,19.991500854492188,2.9468885259120725e-05
68,0.8595317392146405,-0.03636605095918352,-2.0525610620279515,75778.59205566406,1.0908139791796614e-06,44.87067794799805,6.0037084040232e-05
69,0.9973897581873488,-0.02874285595169876,-1.622295118162585,49374.08136035156,1.3706992874348404e-06,247.9767608642578,0.000261526380199939
70,0.8074337946690678,-0.009654305470964705,-0.5449052335340642,34756.224986328125,1.58909776505947e-06,16.609952926635742,2.6707270080805756e-05
71,0.9844483377784509,0.012532383427699809,0.7073487926135424,32444.22190722656,1.6316569767141961e-06,63.86527633666992,9.457804844714701e-05
72,0.32426610263239497,-0.014726918226113512,-0.8312120265276394,29738.2067890625,1.7393296498526326e-06,7.612307071685791,1.555958078824915e-05
73,0.7903623584171264,0.028568708522683763,1.612465944457427,26943.628048828126,1.820896762702536e-06,11.014409065246582,3.959267633035779e-05
74,0.9837993090403471,-0.0037054365080261627,-0.20914106683532194,42893.59161376953,1.4349540150391018e-06,14.850967407226562,1.861429882410448e-05
75,0.8966904629484733,0.01429262734082597,0.8066999187451543,44381.5387265625,1.4184880020057325e-06,15.142481803894043,2.8459357054089196e-05
76,0.9812396311312142,-0.005791981436705108,-0.32690917092738214,67455.45021289063,1.1950016662837e-06,26.468843460083008,2.2861080651637167e-05
77,0.9219119396566866,0.021651101377442656,1.2220245659127873,64992.443223632814,1.23367030509235e-06,40.30607986450195,5.415322812041268e-05
78,0.9323666477055504,-0.021367767873250072,-1.2060327465390985,42335.62299804688,1.4993115053605899e-06,59.6158332824707,6.709892477374524e-05
79,0.8911097738988296,0.012208174665406314,0.6890499049449639,36770.379916992184,1.5802263461595677e-06,15.286678314208984,3.2409792765975e-05
80,0.8175445567737137,-0.011821294861869508,-0.6672137583335007,31926.3291640625,1.6593630532220747e-06,25.977354049682617,3.242061211494729e-05
81,0.9401533210331185,0.0074609711858811,0.42110975861086136,26124.808498535156,1.8609248788864245e-06,15.68647575378418,3.2409145205747336e-05
82,0.8616180134728118,0.01373720063898507,0.7753507017985903,16330.138030273438,2.312016926990076e-06,9.410561561584473,2.961092468467541e-05
83,0.9904143858383495,0.0013182507584194383,0.07440428931250952,15351.909693359376,2.374363895905395e-06,4.645135402679443,1.0534675311646424e-05
84,0.8346021659532539,-0.0025308153491680036,-0.14284347362091324,16948.353779296875,2.2778985183441683e-06,3.1379330158233643,4.8661354412615765e-06
85,0.7583640453621168,-0.00695818472230315,-0.39273164522117465,18821.198065673827,2.1484404808678784e-06,4.829274654388428,1.0431394002807792e-05
86,0.9823178839118479,-0.0014062979793347812,-0.07937382250360152,24929.238391357423,1.8743786942153166e-06,3.3674299716949463,4.690918103733566e-06
87,0.9017560725616055,-0.010695628408059156,-0.6036792509844495,36584.567221191406,1.5867986062633692e-06,15.316651344299316,2.1839730834471993e-05
88,0.9946299280383084,-0.003074642419002565,-0.17353798783341376,86447.50170019531,1.0504858788317283e-06,34.7891960144043,3.2443247619085014e-05
89,0.23420973941026865,0.04861968163071679,2.744176580388466,63660.72209179687,1.2282842229946436e-06,28.730876922607422,5.027036240790039e-05
90,0.9976684166373143,-0.0004498798216687727,-0.025391973563085327,50838.501974609375,1.3479396435883842e-06,44.574798583984375,5.0818329327739775e-05
91,0.7786103062095484,0.027271358351155506,1.5392413194113104,43785.62793408203,1.4337762086535495e-06,15.724418640136719,3.87770778615959e-05
92,0.9283242798416491,0.0050957676472004184,0.2876136940336124,32381.787229003905,1.6363579098346313e-06,4.477452278137207,1.0196788934990764e-05
93,0.7434609939749804,0.006824996324074031,0.3852142680821008,20269.384765625,2.096560103503854e-06,3.4866156578063965,9.444021088711452e-06
94,0.6609656926312267,0.0069109658793650025,0.3900665343319654,17246.310182373047,2.246948810024421e-06,3.164882183074951,1.0831136933120433e-05
95,-0.1824231362748502,-0.011499466836651366,-0.6490492434684272,18978.26630053711,2.1606591434733043e-06,2.7861196994781494,1.2211133253003936e-05
96,0.7696288803096294,0.00906969550623704,0.5119088641614222,23533.765159179686,1.926882220054488e-06,3.651716470718384,1.2736747521557845e-05
97,0.9332284538742911,-0.008894632089562147,-0.5020279905725973,35577.85913232422,1.596805608015848e-06,10.27025318145752,1.4386851944436785e-05
98,0.9972338095453254,-0.00023729218921246574,-0.01339317014232693,63573.79666894531,1.2272782977627183e-06,19.857805252075195,1.8770491806208156e-05
99,0.9871751451034243,0.0011376572254641068,0.064211286662477,47986.957731933595,1.4281674529356748e-06,8.199577331542969,9.44081875786651e-06
100,0.8938366422455811,0.018190372207695787,1.0266951927009584,50125.475409179686,1.3898104193035336e-06,32.27145004272461,4.8258549213642254e-05
101,0.9986948275399832,-8.337910245872892e-05,-0.004706056736424605,41726.99039160156,1.4556688257002137e-06,8.815422058105469,1.0869501238630619e-05
102,0.9380914384453047,0.0036724911539571465,0.20728157565733607,22578.70841723633,1.9747517697022746e-06,6.148678779602051,1.137538220064016e-05
103,0.862245956808176,0.00836734456585132,0.47226699615291934,19293.481805908203,2.1453492483059643e-06,8.59104061126709,1.7335303709842265e-05
104,0.9780139082633937,0.001182746563608152,0.06675620472055686,18210.072896972655,2.188166911113087e-06,2.8802034854888916,5.338123628462199e-06
105,0.9557872981464622,-0.0008986953653631717,-0.050723877487819605,19015.42492529297,2.162228566415964e-06,2.766775608062744,3.96109453504323e-06
106,0.9556090573045185,-0.003878253318541015,-0.21889513819502981,20890.92807470703,2.082921742686634e-06,6.071101188659668,1.0340468179492746e-05
107,0.9864397179121421,0.0033019124105156494,0.18636548828626065,28766.35641040039,1.7751731065618488e-06,9.447664260864258,1.4494302376988344e-05
108,0.9363114962159242,0.005139166031924935,0.29006317183752434,47753.233877929684,1.413423836561206e-06,6.49080228805542,8.879194865585305e-06
109,0.8711097575880914,0.010539636686177594,0.5948748159169149,70820.79813867187,1.1518506609758005e-06,13.431089401245117,1.785390850272961e-05
110,0.9708327510080978,-0.013992276897708726,-0.7897476347262701,71037.56133691406,1.161235724787225e-06,54.41954040527344,4.694255767390132e-05
111,0.6699340208892728,-0.03011192238360492,-1.699567529528178,50066.30767871094,1.3563765186848458e-06,39.55459213256836,3.774271681322716e-05
112,0.25306113808575204,0.03431800546175951,1.9369659305688778,39733.738235351564,1.4894465775051418e-06,14.182472229003906,4.052123040310107e-05
113,0.36717219705428783,-0.012941781057481633,-0.7304558831997559,25269.10368701172,1.855506658976477e-06,6.361964225769043,1.0871337508433498e-05
114,0.46550667758666897,-0.009994765627812758,-0.5641213772364031,18067.685772216795,2.2006799886568095e-06,3.934166669845581,1.1481579349492677e-05
115,0.6327060549537165,0.016236149927256006,0.9163956013628667,16956.95091430664,2.249600145149597e-06,5.150729179382324,2.0545494407997467e-05
116,0.49331312352340917,-0.010142790407082576,-0.5724761446673106,22658.964995605467,1.968560643539683e-06,5.059586524963379,1.1336241186654661e-05
117,0.9209395526330582,-0.005189892168486294,-0.2929262402759923,23227.077577392578,1.9497374968529336e-06,5.3455810546875,8.638213330414146e-06
118,0.9015559989378764,0.003250964167721066,0.18348988379853995,28792.966021972657,1.7849759986901625e-06,4.0867462158203125,6.912621756782755e-06
119,0.9894882311872335,-0.004295322985772497,-0.24243525147466852,61272.51902441406,1.218012667429583e-06,19.38997459411621,1.7810742065194063e-05
120,0.9326550987234018,-0.023722026476963663,-1.338911060583987,83679.23635449218,1.0722347606976184e-06,52.189178466796875,4.4148713641334325e-05
121,0.8692601547002824,0.020289417446193583,1.14516883529722,67729.81806689453,1.2339982910617286e-06,33.63916015625,3.96359282603953e-05
122,0.9931890289468075,-0.0009339512456403192,-0.05271377864991204,45358.47960546875,1.4296868005214695e-06,20.799402236938477,2.3956004952196963e-05
123,0.9476748370802511,0.008020192773870397,0.4526731653123636,34010.96528710938,1.5953629744077057e-06,9.361367225646973,1.998843436012976e-05
124,0.9442178981002164,0.00531030006659133,0.29972226449892536,22408.239412353516,1.9746180157020903e-06,6.0200605392456055,1.3204665265220683e-05
125,0.9280134056724404,-0.0037750765889320134,-0.21307167009450614,19332.915576660158,2.1254210648878733e-06,5.427494049072266,1.0892455975408666e-05
126,0.9913482793168251,0.0011209245349341175,0.06326686547461231,14405.882010742187,2.46831595244184e-06,4.836317539215088,9.76768660621019e-06
127,0.7830286059379971,0.01487289731025396,0.8394513314858129,14883.256325683593,2.4187764710973185e-06,3.2351577281951904,2.2476131562143564e-05
128,0.6013638772543816,-0.007738219547858771,-0.4367581223263802,17494.86825268555,2.2351039513268764e-06,4.324160575866699,7.747457857476547e-06
129,0.9838448847810974,0.003057133648495316,0.17254976338673134,18716.725521240234,2.159821246592957e-06,7.067465782165527,1.3860689250577707e-05
130,0.6452451124549966,-0.018208909000121485,-1.0277414404332343,26284.912490478517,1.8516310211078423e-06,11.867513656616211,2.3110940674087033e-05
131,0.7432072141968855,-0.01744325618973807,-0.9845267084462737,56350.21572705078,1.270463559422828e-06,10.271332740783691,2.037911872321274e-05
132,0.9718183235712881,-0.01873555304877752,-1.0574661160388805,72919.03142333984,1.1462210072319867e-06,70.0842056274414,5.879780655959621e-05
133,0.9927153584555601,0.0005563205182447244,0.03139966544725892,48366.32961230469,1.4248058628533e-06,20.853759765625,2.2093878214946017e-05
134,0.9425457718398156,0.030400187727348905,1.715837710218545,47004.571798828125,1.3932528717568607e-06,37.12782287597656,8.135914686135948e-05
135,0.9800611876483287,-0.002947205737722631,-0.1663452472698909,39318.74829638672,1.4925065415912733e-06,13.227993965148926,1.5152596461120993e-05
136,0.9676054615495753,0.0030697965220642214,0.17326447726232072,17845.916248291014,2.2289918914957774e-06,6.064332485198975,1.3862199921277352e-05
137,0.8730810184932828,-0.005542609840673057,-0.31283421875383877,15798.896829833984,2.3565460893481915e-06,6.995633125305176,1.4888115401845425e-05
138,0.7601660409394062,0.006274938715151425,0.35416809176744024,15370.76624243164,2.3464684851331377e-06,2.4885480403900146,1.0536672562011518e-05
139,0.04818022170770057,-0.008359876763243054,-0.4718455008173428,17330.82920727539,2.251772194277833e-06,2.5481395721435547,1.0900082088483032e-05
140,0.9964014050636338,-0.0006290882945865302,-0.0355068010957567,20570.394248046876,2.078348547596886e-06,3.626784324645996,6.173187557578785e-06
141,0.817315758449728,0.02255755259309531,1.2731861966316347,28378.112220214844,1.7833951345116285e-06,14.459718704223633,3.2153624488273636e-05
142,0.3369839981315396,-0.04791934824203528,-2.704648586390461,53934.78835839844,1.3366061357252548e-06,17.846202850341797,3.6408640880836174e-05
143,0.9346350019656483,-0.014893035259462162,-0.840587951199079,57465.166732910155,1.2867268153348303e-06,31.384225845336914,2.967169893963728e-05
144,0.8504691511734238,-0.03805294557567677,-2.1477722305280667,51446.14608544922,1.3487105236818036e-06,57.802513122558594,6.361771374940872e-05
145,0.8265934815169828,-0.024403673110636483,-1.3773843427093846,49427.207681640626,1.3562451630067221e-06,45.51724624633789,5.0688609917415306e-05
146,0.8342502411393227,0.0177376244504663,1.0011413480326785,36690.34058691406,1.5724838891858525e-06,22.17081642150879,4.0679453377379104e-05
147,0.9940364247578684,-0.003500716270407178,-0.1975863124074226,26546.712782714843,1.7903702591600425e-06,22.497102737426758,3.3864656870719045e-05
148,0.9569769396556648,-0.007825821644268509,-0.4417025319419433,27467.931474121095,1.7735843692083493e-06,26.159391403198242,3.923884651158005e-05
149,0.9237444924484448,0.011109910797802424,0.6270620456361239,23592.07439819336,1.9344492508191526e-06,14.505516052246094,2.9925860872026533e-05
150,0.9851812569723998,0.000903243316751662,0.050980571511113154,45921.783755859375,1.398570803216972e-06,9.825485229492188,1.1679256203933619e-05
151,0.39746018883802053,-0.027652754264582677,-1.5607679460443706,59877.187061035154,1.2637478484111195e-06,19.952857971191406,2.745311394392047e-05
152,0.9937108440793345,0.01156640254654397,0.6528272074804933,47521.98418945313,1.4097804600328309e-06,101.99132537841797,0.0001157985461759381
153,0.8242853756306515,0.02326711603407782,1.3132351503009219,40697.65559667969,1.4985853850505824e-06,19.949392318725586,4.1263912862632424e-05
154,0.01035830276262092,0.06286832062380492,3.5483937228252724,30999.51656201172,1.7272383500071288e-06,28.91606330871582,8.014532795641571e-05
155,0.5868696451976106,-0.014278745818950637,-0.8059164223101145,27865.729833007812,1.788162591022796e-06,12.311845779418945,2.6649748178897426e-05
156,0.8929016074110723,0.004572659301038502,0.2580885794216657,20547.608226806642,2.0728147013142447e-06,3.385849952697754,9.623998266761191e-06
157,0.9955031876335301,0.00042427398990082745,0.023946737364447412,13740.903008300782,2.511365788947081e-06,3.202315092086792,6.857334938104032e-06
158,-0.08282652427583083,-0.012673852106662544,-0.7153335227196885,13107.105447021484,2.5710427674319905e-06,2.7866272926330566,1.2553707165352535e-05
159,0.3957175334132296,-0.004971957486247109,-0.28062564037495685,13176.75286743164,2.554790366447808e-06,2.3565869331359863,4.892192919214722e-06
160,0.19600781273522136,-0.005963005463856978,-0.33656205457969673,14418.46374975586,2.46636592251873e-06,2.040371894836426,5.100336238683667e-06
161,0.7511382311890127,-0.005665064315704733,-0.3197457552196265,17333.863388916016,2.2421847119316562e-06,3.5380895137786865,7.163985628722003e-06
162,0.31690022640388715,-0.005268247446557462,-0.29734874391692284,22612.214496337892,1.97658446801948e-06,1.9887866973876953,3.5762316201726208e-06
163,0.6459375223566185,0.018483141592479126,1.0432195890406823,36650.01152026367,1.6055067453564435e-06,4.570633888244629,1.4755773918295745e-05
164,0.9061801786575607,-0.020331335235721212,-1.1475347458187466,69145.4709716797,1.1703071297204834e-06,46.99526596069336,3.995537190348841e-05
165,0.97203242277367,0.012442338046613818,0.7022664799027117,49577.17209765625,1.401460878262963e-06,43.65156173706055,5.265037907520309e-05
166,0.9940760810279456,-0.00660507422411062,-0.37280149498306503,39002.76246582031,1.5510664417111324e-06,53.02446365356445,7.967444253154099e-05
167,0.6229326240735762,0.03712568573893121,2.095436126247113,32788.17593457031,1.656272671947175e-06,5.205066680908203,4.6478380681946874e-05
168,0.7955471107601898,0.007980244370814548,0.4504184102746318,23503.37940966797,1.9301672408976062e-06,5.907679080963135,1.4533424291585106e-05
169,0.7048637714341827,0.010601586924025413,0.5983713915041987,14037.91840234375,2.502648148412151e-06,5.469619274139404,1.8683153029996902e-05
170,0.903054602385282,-0.008679351314622916,-0.48987718166185196,12805.83596484375,2.609630842204987e-06,8.30620288848877,2.3525484721176326e-05
171,0.9863174511428835,0.0012011682704033575,0.06779595682634293,12470.152043945312,2.672005898926955e-06,4.575793266296387,9.96382823359454e-06
172,0.996520940348621,-0.0007261663970673928,-0.04098605242693427,12987.483888427734,2.5986179995454593e-06,4.09057092666626,8.735151823202614e-06
173,0.8001002488749671,-0.010228548656768175,-0.5773164844735186,13520.737932128906,2.5329125410995056e-06,7.350143909454346,1.8101434761774726e-05
174,0.9841308214855986,0.0025703933158852665,0.14507732060884354,15020.512535644531,2.4319582873192825e-06,7.088486671447754,1.526010782981757e-05
175,0.9454032039856519,0.0024141293187187906,0.13625751786642457,18268.251581054687,2.202354957340687e-06,2.8433995246887207,6.5981994339381345e-06
176,0.4503172332958095,-0.008557797783595401,-0.48301649599050667,24809.217375,1.909714474201946e-06,2.517660140991211,6.931508323759772e-06
177,0.9159589903888898,-0.014992907202547293,-0.8462248915915264,58142.14636132812,1.3016501987026229e-06,20.53419303894043,1.8607628589961678e-05
178,0.9446480141747228,0.01525252503551922,0.8608781586059829,39854.23187207031,1.4905959041819631e-06,27.863636016845703,3.312794797238894e-05
179,0.5145835990364472,0.04200886724102326,2.371051100808385,42720.96913671875,1.4853578379482608e-06,14.263361930847168,5.2616611355915666e-05
180,0.5975568445209944,0.02212202383849998,1.2486042214240638,39233.68241699219,1.5033473472430787e-06,5.254123210906982,2.620010491227731e-05
181,0.9968570954088279,-0.0008164565656314973,-0.046082181354615386,26926.472334472655,1.7969680574356792e-06,5.141753673553467,8.407886525674257e-06
182,0.9117078988516139,0.003737990890465456,0.2109784909171464,15839.001163085937,2.3621382196084776e-06,4.842312812805176,1.0639067113515921e-05
183,0.9985290782736798,0.0003081090768748389,0.017390194353532576,15348.440310791015,2.3704318595167505e-06,6.208383560180664,1.2672649972955696e-05
184,0.681401544016074,-0.017677801390926326,-0.9977648339657277,12554.350603515624,2.618067668012652e-06,5.4466705322265625,2.6603085643728264e-05
185,0.616595196567194,0.008851301181747165,0.49958232127891505,16668.848824951172,2.3032553117502326e-06,1.96769380569458,1.3692352695215959e-05
186,0.12150604173967781,-0.013298415367432311,-0.7505849232984337,17297.859383056642,2.243470307751501e-06,3.3989462852478027,1.0605964234855492e-05
187,0.9466363589616555,0.004097639489941502,0.23127766258486357,17711.868081054687,2.2556782595409604e-06,3.0245280265808105,9.244124157703482e-06
188,0.6273974966128449,-0.005427895861590323,-0.306359568894282,30657.467634277345,1.706649181854546e-06,3.358883857727051,5.3068565648572985e-06
189,0.9309558231856502,0.015227408981525371,0.8594605662884276,69657.3776484375,1.1552639027677235e-06,24.29747200012207,2.565212889749091e-05
190,0.9971264798086944,0.0007046294872790879,0.039770473026314195,76494.83888574218,1.1447566683976872e-06,14.733101844787598,1.3277844118420035e-05
191,0.8883147829246754,0.02356870369007929,1.3302572646952417,49509.90206103516,1.434099844961356e-06,26.76799964904785,4.7678542614448816e-05
192,0.9665517832330405,-0.025717904044009674,-1.4515617463373487,42047.9417133789,1.4603612464040216e-06,78.73776245117188,0.00010543149255681783
193,0.12980987955130352,-0.011294458570034601,-0.6374782321996012,38742.24137890625,1.5031143723026191e-06,7.407741069793701,7.430239293171326e-06
194,0.7176349002102788,0.012634245857697842,0.7130980794341591,20531.578404052736,2.0618800058904784e-06,4.138440132141113,1.6527525076526217e-05
195,0.805150887936405,0.007897926962963864,0.445772277367019,19327.77756298828,2.158565341706019e-06,3.2842350006103516,1.313810298597673e-05
196,0.43339988937211354,-0.01729188562492714,-0.9759830992538209,22966.196436523438,1.949449068285554e-06,3.927561044692993,1.8635273590916768e-05
197,0.9841633471355982,0.002002352798652817,0.11301615871270677,28738.563560791015,1.788829239706509e-06,10.959696769714355,1.6401112588937394e-05
198,0.9916918169963626,-0.003705038778015592,-0.20911861828478195,70374.8361850586,1.1682470516248738e-06,19.006956100463867,1.830288783821743e-05
199,0.8378399798293105,-0.03053054405498365,-1.7231952405314277,58758.820045898436,1.2893451629350598e-06,31.07570457458496,4.324510518927127e-05
200,0.8944155257361862,-0.019436019300945025,-1.0970016090754318,70387.84912109375,1.1335754085161156e-06,41.256263732910156,4.810254176845774e-05
201,0.5358084232480278,-0.13209135876406272,-7.455458387103547,38406.98898632813,1.502405385302243e-06,55.80239486694336,0.000247668445808813
202,0.7305988336376488,0.0559003509563516,3.1551097988474117,30453.879385253906,1.692898477910704e-06,35.54927062988281,0.00011581386206671596
203,0.9913754457616784,0.0012303616133148138,0.06944367818596318,29693.21595800781,1.7427851323162748e-06,10.131227493286133,1.5954610717017204e-05
204,0.9812371971960347,-0.0038968264251317,-0.21994343555983642,25767.815892333983,1.845442087873035e-06,13.155113220214844,2.0214727555867285e-05
205,0.9963929750993136,0.0015350950888336533,0.08664334792322577,32930.03602734375,1.654287734140661e-06,20.642982482910156,2.8307040338404477e-05
206,0.9569525238546718,-0.009500650575859002,-0.5362326928989005,41086.51753149414,1.476866337861689e-06,24.078704833984375,3.191719588357955e-05
207,0.9933411539401643,-0.0025837822821761025,-0.1458330163785113,62090.64764257812,1.2210565613254035e-06,17.53038215637207,1.5981793694663793e-05
208,0.9678640058142609,0.014501054503192539,0.8184638982386319,70310.07058984374,1.1483763909101752e-06,49.9053840637207,5.049637547926977e-05
209,0.9975996873305903,-0.00444180236321823,-0.2507027938281855,51175.452868164066,1.3456809292313478e-06,62.56561279296875,6.806284363847226e-05
210,0.8959736108013013,0.02507567299262562,1.4153131459497035,45563.2986171875,1.4496415585374062e-06,34.21311950683594,6.598773325094953e-05
211,0.7083082288506889,0.017183658051284637,0.9698745530235553,37812.536346679684,1.526883129973562e-06,8.10433578491211,2.5607514544390142e-05
212,0.6154947700445768,-0.01675468607369417,-0.9456626533347064,29879.390183105468,1.718808821390621e-06,16.029346466064453,2.491723898856435e-05
213,0.9883490648881669,0.003596804780587337,0.2030097094852476,24795.17966308594,1.871284519532016e-06,18.80348014831543,3.1734096410218626e-05
214,0.8347296187177546,0.019205926476860587,1.0840147832059461,22463.12037548828,1.986753452441198e-06,11.397765159606934,4.3356081732781604e-05
215,0.9536028208680907,0.006095296239970304,0.34402876841729313,30774.98914941406,1.6888522749477718e-06,10.578177452087402,1.9630753740784712e-05
216,0.47210841145715565,-0.027551957860255223,-1.5550788275050171,53706.93763427735,1.3335645504682836e-06,9.345572471618652,1.8013126464211382e-05
217,0.665468465146099,0.026684432969572403,1.5061142640182046,72867.16889453125,1.1441653080658089e-06,24.21211051940918,5.102413342683576e-05
218,0.9554166572050299,0.007170983713951096,0.4047423781100885,48128.53894091797,1.3733194320529781e-06,25.108810424804688,3.0905575840733945e-05
219,0.9538812510351271,0.018784583953041462,1.0602335027161185,47860.932356445315,1.4249761891167538e-06,50.631622314453125,7.275799725903198e-05
220,0.8788329097762182,0.004040751384212433,0.22806680224583276,31576.478700683594,1.6656085726040778e-06,6.703685760498047,1.0746243788162246e-05
221,0.8441904287055471,0.005175165063929544,0.29209501773265034,19500.42757714844,2.1147887844927784e-06,3.7601590156555176,9.092658729059622e-06
222,0.34805309093514686,-0.005095698553280012,-0.28760979425657013,19633.933985351563,2.121150824613197e-06,2.2126383781433105,5.2643758863268886e-06
223,0.6884928145653121,-0.009573464655153432,-0.5403424419638981,16950.886583007814,2.286791039916819e-06,3.133882522583008,1.541903657198418e-05
224,0.7088215682173475,-0.0034990722775593867,-0.19749352268688306,20262.93353857422,2.084500381046789e-06,2.8846435546875,4.181949861958856e-06
225,0.9811208723826111,-0.006022449325133935,-0.33991716605909866,22396.101948242187,1.9630434715980158e-06,13.36117172241211,2.2129124772618525e-05
226,0.8854119928260774,0.009473001286543263,0.5346721205203948,30283.835806640625,1.7121366056336029e-06,12.293086051940918,1.8441161955706775e-05
227,0.997866113380839,-0.0009883293328605029,-0.05578296932395533,51758.76701318359,1.3531249055873782e-06,15.10932445526123,1.6234489521593787e-05
228,0.8133212556365639,0.011271611518185301,0.636188706178185,78497.9792265625,1.1372492230486117e-06,12.718962669372559,1.4948444913898129e-05
229,0.9766876122573332,0.005607273458283675,0.31648394205721275,79475.22758691406,1.0670085454537758e-06,26.069196701049805,2.5557192202541046e-05
230,0.914438932914174,-0.07716448103604895,-4.355293054061771,42259.33015625,1.474824642126536e-06,154.69552612304688,0.0002986639738082886
231,0.6711802605000788,-0.042602378715525746,-2.4045498863597197,31170.558353515626,1.6584181963980233e-06,29.22959327697754,0.00010716277756728232
232,0.8392415479895813,0.01982794344007639,1.1191224664694,22585.76412841797,1.9686634125134978e-06,12.567645072937012,4.782701580552384e-05
233,0.9335736609770371,0.017868060532140538,1.0085033797976488,28850.512051269532,1.7514607614952482e-06,23.81874656677246,5.740289270761423e-05
234,0.7800345585292793,0.015194973418939967,0.8576298485989403,23923.336814941405,1.9138111013982555e-06,9.119392395019531,2.8094906156184152e-05
235,0.9107225632455493,0.018868480419638282,1.064968760354393,37086.79415136719,1.5400904658797137e-06,9.98823356628418,3.372030550963245e-05
236,0.9585293361890208,-0.0076804832819637224,-0.4334993904014847,53110.55656787109,1.330196950442536e-06,16.63138771057129,1.7568487237440422e-05
237,0.9309401272452286,-0.01538544708800863,-0.8683805027436737,74999.96718457031,1.1312096587996535e-06,28.479726791381836,2.2185209672898054e-05
238,0.8694974339196894,0.02151516691981857,1.2143521965642363,38330.241334960934,1.559482986911837e-06,27.637895584106445,5.0180908147012815e-05
239,0.9926345564472637,0.0012399628024907852,0.06998558544649806,45191.276884277344,1.4536299048940803e-06,34.90260696411133,4.023896690341644e-05
240,0.7415107322381485,-0.022653005652716197,-1.2785737278114475,32498.897516601563,1.6590133988317336e-06,17.005199432373047,5.294075526762754e-05
241,0.8366809038276588,0.007717433013534255,0.435584895378618,36650.49807128906,1.5403646137022854e-06,10.610037803649902,2.1141977413208224e-05
242,0.7370667527634951,0.009625117265531625,0.5432578021423617,16370.054959960937,2.325511322126526e-06,3.8774490356445312,1.4988395378168207e-05
243,0.3963547139361442,-0.00755236366543919,-0.42626810382446917,16245.359301269531,2.3249596642074007e-06,3.7258365154266357,8.499209798173979e-06
244,0.9499443747752561,-0.0015772122094576896,-0.08902050902698869,20212.117127197267,2.106521549347388e-06,2.153661012649536,2.454206878610421e-06
245,0.6069187990381503,-0.011918245271043074,-0.6726858024397109,26590.6040703125,1.836780322138624e-06,6.191617012023926,1.2268828868400306e-05
246,0.9426371510037943,0.005081296551214766,0.286796921044476,40267.50141357422,1.5205174304610547e-06,4.728936672210693,7.526122772105737e-06
247,0.9710219590270731,-0.007688946992668386,-0.4339770964645423,80355.90835839843,1.077432883303475e-06,33.436378479003906,2.825151022989303e-05
248,0.9455699774941141,0.008272937329073589,0.46693849297282114,50646.27916015625,1.4069492574194766e-06,16.027746200561523,2.363195744692348e-05
249,0.8761550955984456,-0.07838822256419893,-4.424363083510015,38827.33794287109,1.6210755509638973e-06,126.2427978515625,0.00021576003928203136
250,0.7364888517724106,0.02427762411356298,1.3702699253757256,35089.3883178711,1.5782491181426025e-06,6.740655899047852,4.193277345621027e-05
251,0.792727662296906,-0.012701015000060214,-0.7168666420947523,17275.700658203124,2.251143644337553e-06,10.458040237426758,2.083122672047466e-05
252,0.8517660634253484,0.006387006999274906,0.36049341415502417,12342.181825927735,2.650136798433248e-06,4.807750701904297,1.4137011021375656e-05
253,0.4964587172039666,0.016583149502210744,0.9359808408185266,13300.962945556641,2.559626605376965e-06,4.891441822052002,2.347939880564809e-05
254,0.6513406634697632,0.008258178167944963,0.4661054611026625,11556.596409423828,2.738813475135978e-06,2.3075199127197266,1.3374971786106471e-05
255,0.44957762196416035,-0.021893999259925766,-1.235734130808724,11980.743518310546,2.6832972598612204e-06,5.275099754333496,3.1971820135368034e-05
256,0.3588434308523099,0.03404795395033068,1.921723769199123,12753.823151123046,2.583857190636321e-06,5.3320512771606445,4.1059975046664476e-05
257,0.8551480912358077,0.007367366904161292,0.41582657556432123,11872.296870605469,2.712744675415385e-06,2.4827444553375244,1.4399713109014556e-05
258,0.09986579935316817,-0.009816595264849787,-0.5540651423750582,12815.407517822267,2.6164731173829737e-06,3.0779902935028076,1.0451351045048796e-05
259,0.8225295545472663,-0.004099840667492328,-0.23140190074689307,14078.894923339843,2.5117321493935265e-06,3.703927993774414,5.2412897275644355e-06
260,0.9862420560710855,0.0004898882666516787,0.02765011746813483,19362.732576660157,2.1221007337389117e-06,2.0439205169677734,4.197909674985567e-06
261,0.5338578053586694,-0.004737867207037983,-0.2674131914169111,24532.13086303711,1.90158563485689e-06,1.0579196214675903,5.324014182406245e-06
262,0.9821788571907156,0.004150926471326176,0.234285269410965,53648.75113427734,1.326159700599633e-06,11.420958518981934,1.257133135368349e-05
263,0.9734738222201166,-0.009272541379774733,-0.523357826329017,51434.276809570314,1.3344501256405743e-06,39.59830093383789,4.2822070099646226e-05
264,0.8096374495992702,-0.06670772063164165,-3.7650959148361807,38069.59001220703,1.605176231941463e-06,84.00115966796875,0.00013405662321019918
265,0.4958043198264726,-0.055217446712975106,-3.1165655351157935,42576.172298828125,1.4412600922133788e-06,20.136632919311523,6.538206071127206e-05
266,0.9697029588935172,-0.003150863418108112,-0.17784002918094716,21847.201800048828,2.0213240497526437e-06,8.238459587097168,1.3543120985559653e-05
267,0.9591134669899425,0.007090838987048825,0.40021887496835074,16601.10278149414,2.2973737110639665e-06,12.678377151489258,2.569227035564836e-05
268,0.6155270950940501,0.02425306625638141,1.3688838386248077,12693.41365625,2.6383463145524966e-06,7.470698833465576,4.259228444425389e-05
269,0.6943410968418353,0.03874648886730196,2.186916980031342,11882.484375244141,2.7055321289697793e-06,8.141694068908691,6.667183333775029e-05
270,0.39473241341841175,0.03452145277043408,1.9484488387468508,11812.766534912109,2.718439548558335e-06,6.669533729553223,5.380593574955128e-05
271,0.5370556279821077,0.02821349242549077,1.5924169506713763,11660.62333203125,2.730270150788964e-06,5.759732246398926,4.4264459575060755e-05
272,0.8000654150668132,0.002298092470113927,0.1297082030267656,12104.360093017578,2.6803097900271196e-06,1.0664076805114746,4.359488229965791e-06
273,0.3940765744632313,0.01677812757608716,0.9469857311443177,12907.002596191407,2.6031605293329273e-06,2.8336524963378906,2.3231559680425562e-05
274,0.8982142861974719,-0.0020346105778701862,-0.11483684200997707,15038.285149902344,2.422261618853582e-06,2.7296698093414307,4.503503078012727e-06
275,0.6210399729659776,0.010490297623156824,0.5920900362413036,17697.22317236328,2.2310021202717023e-06,3.2695488929748535,1.3755528925685212e-05
276,0.734639092200084,0.008143602299657082,0.45963860644858684,21570.539327392577,2.0302027807001417e-06,2.283869504928589,1.0487192412256263e-05
277,0.9078140295459243,0.00539267231996894,0.30437149298029514,35156.00907275391,1.6016849611824717e-06,7.656181335449219,1.0706815373850986e-05
278,0.8897180963056119,0.018904135062812077,1.0669811683648522,61611.56539746094,1.2594502150858255e-06,16.77308464050293,2.0571003915392794e-05
279,0.9940032486581785,0.0016512876036954135,0.0932014488281613,38215.16202880859,1.5929053800041357e-06,13.732501029968262,2.028847848123405e-05
280,0.949748136100255,0.002197572697077882,0.1240346980226274,54691.672938476564,1.2819970800454672e-06,7.927907466888428,8.884318958735093e-06
281,0.8605050270395759,0.005905952632710493,0.3333418968611376,30724.21181298828,1.7272742885232725e-06,1.4285264015197754,8.538772817701101e-06
282,0.5872354951018057,0.010185712165963924,0.5748987209072352,21680.34022998047,2.0396650416658863e-06,2.065073251724243,1.2532461369119119e-05
283,0.9214876633259139,0.004128874308468534,0.2330406082607648,14795.429393066406,2.41681470948823e-06,5.943878173828125,1.1181019544892479e-05
284,0.9568936918824518,0.0021545002369551826,0.12160361595125174,12651.793939819336,2.626971444310116e-06,4.344723701477051,9.4248089226312e-06
285,0.7913787913334241,0.004098583339989569,0.2313309350685663,12473.31480859375,2.6435104449101233e-06,4.162838935852051,9.351992048323154e-06
286,0.751130867278196,0.021715764389619637,1.2256742550444688,14251.324350097657,2.477617207476602e-06,8.913962364196777,3.779655889957212e-05
287,0.9959342850732541,0.0005080360817211918,0.028674410664401177,16340.718787841797,2.3040223390566997e-06,2.3074488639831543,4.91018772663665e-06
288,-0.4706601823144653,-0.014791475162933845,-0.8348557285878369,19066.223955322264,2.1541933567778385e-06,3.0913941860198975,1.1194993021490518e-05
289,0.8894318540978644,0.0033001365519703166,0.18626525584403286,25983.79718725586,1.8507095810950871e-06,2.4489939212799072,5.8736450228025205e-06
290,0.9282671923719076,-0.007492138299353845,-0.42286888289965935,47926.099728027344,1.3775700823256097e-06,11.3961181640625,1.283954770769924e-05
291,0.9826251873356238,0.017273931472974707,0.9749697367295078,60329.9213046875,1.2544238384398918e-06,44.64972686767578,4.430645640240982e-05
292,0.9865149578815077,-0.006036591515782483,-0.3407153750779873,36308.05252539062,1.6273846759732812e-06,27.927331924438477,3.72156391676981e-05
293,-0.06515188033677058,0.03399417369034323,1.918688320899282,50077.02651855469,1.3473264113581014e-06,9.696880340576172,2.5492061467957683e-05
294,0.7021388662451106,-0.00735072324044158,-0.41488717919931833,35720.08848876953,1.5598919447838865e-06,5.004773139953613,9.836628123593982e-06
295,0.9843601613048164,-0.0010519682564613846,-0.05937485717449894,16810.05865258789,2.2843681067654033e-06,3.0069048404693604,5.739625066780718e-06
296,0.9532321024288827,-0.0023245681458262672,-0.1312025346801811,14677.645334960938,2.466833796853714e-06,3.4412970542907715,7.558912784588756e-06
297,0.8860912696681936,-0.004900230097734135,-0.27657722596482687,12454.379935791016,2.636279729273616e-06,4.076956748962402,1.137050367105985e-05
298,0.8066477705172302,-0.011964755289603377,-0.6753109060892167,13141.71152294922,2.5593408770167252e-06,5.245616912841797,2.069261608994566e-05
299,0.9939966668908314,-0.00034526997632230614,-0.0194876180006978,15476.203579101562,2.4036359813338755e-06,1.5573194026947021,2.8317801934463205e-06
300,0.6097119117488772,-0.009918375565137165,-0.5598097936567127,17720.667619384767,2.214099901643455e-06,2.406548500061035,9.387592399434652e-06
301,0.659436541128855,0.007492396845028604,0.4228834756522615,23006.564416259767,1.9674111924976894e-06,1.9306596517562866,6.902143468323629e-06
302,0.9237126058104382,0.012815838509897488,0.7233474740542601,44839.53202807617,1.42637266093507e-06,22.69083023071289,2.7136440621688962e-05
303,0.569843712912981,-0.014336654474038275,-0.8091848841708951,71395.03156542969,1.1631535150089783e-06,7.859303951263428,1.0591033060336486e-05
304,0.9882363959852195,-0.00660889000796894,-0.37301686423988895,47621.04971533203,1.4523019218110854e-06,29.952369689941406,3.7388334021670744e-05
305,0.9375391369874575,0.03128055021605275,1.7655268493228062,52820.123706054685,1.3205611575242314e-06,52.48806381225586,7.442659989465028e-05
306,0.9649971148818509,-0.0058001608292124395,-0.3273708295933295,38541.30884472656,1.5160148346162948e-06,23.36379051208496,3.3809941669460386e-05
307,0.7663714766761329,0.0128437395937044,0.7249222581372151,24088.63265649414,1.9429440336730566e-06,7.768464088439941,2.159198083973024e-05
308,0.7758614687241024,0.006704695596056664,0.3784242927191117,17816.67784375,2.2301282902798207e-06,4.280834674835205,1.1544550034159329e-05
309,0.9898276233264827,0.0008347848272962758,0.047116659260121485,16953.342677490233,2.256311125308039e-06,2.7719223499298096,5.499726739799371e-06
310,0.7921145055945554,0.010438017524645396,0.5891392595775415,18011.465411376954,2.223681445580572e-06,4.557310581207275,1.847556086431723e-05
311,0.8347419147021072,-0.005939589325544932,-0.3352404083614612,23079.155181152342,1.9506289477986852e-06,5.385986804962158,8.117967809084803e-06
312,0.9005970467210456,-0.008409950949939848,-0.4746717721092658,29164.046024658204,1.7581552603174255e-06,9.18801498413086,1.4720258150191512e-05
313,0.9377635480015876,0.021979467838326217,1.240558121080545,49741.92984814453,1.3837914641590698e-06,46.2882194519043,5.123696610098705e-05
314,0.8000307260005726,-0.017955392620450674,-1.0134325497020786,71349.56976660156,1.1509216746947694e-06,22.220184326171875,1.928148412844166e-05
315,0.9963271378646857,-0.0034622729576594315,-0.19541650719733944,90298.59958398438,1.0557497441816625e-06,53.95406723022461,4.3105210352223366e-05
316,0.9598028200346749,-0.01300211668948062,-0.7338613277181326,44813.44911230469,1.4694686444746907e-06,42.994075775146484,4.5571014197776094e-05
317,0.9931225023887637,-0.0005354813216746393,-0.030223466153810434,46746.99792578125,1.4096240353363177e-06,4.311588764190674,4.955358235747553e-06
318,0.9974480524855862,0.0011430814590327682,0.0645174395254006,30526.363719726563,1.6868336481202947e-06,16.416379928588867,2.3509068341809325e-05
319,0.9943615305196576,-0.002500785729089619,-0.14114855137187482,24844.223927978517,1.8861019360314879e-06,13.576452255249023,2.2219308448256925e-05
320,0.9985766778146431,0.0007377163015926898,0.04163794845835579,28981.392467773436,1.7413557547141426e-06,13.8953857421875,2.103985934809316e-05
321,0.8701311492057825,0.008652765959540051,0.4883766595203491,38119.594564453124,1.5245783648664828e-06,9.728103637695312,1.642956158320885e-05
322,0.7908206314407011,-0.0235223164298699,-1.3276390897334676,61484.72729931641,1.2414746895564285e-06,26.26341438293457,2.8994747481192462e-05
323,0.8902152719493399,0.01689286266930635,0.9534615727212371,34573.37089501953,1.6496868268658675e-06,17.46502685546875,3.3711097785271704e-05
324,0.653711042627343,-0.05015451393302156,-2.8308050961981523,44799.18326513672,1.4377166518369962e-06,10.63603401184082,5.3953037422616035e-05
325,0.9961245864193365,-0.00035426888929574574,-0.019995531779694358,35283.65422949219,1.5714787644885196e-06,13.548248291015625,1.84752370842034e-05
326,0.9965503655972598,0.0007894693648158557,0.04455897836429106,24418.53339404297,1.8940737400632118e-06,16.0353946685791,2.5000719688250683e-05
327,0.8756642431318084,-0.007297742653623329,-0.4118968657977178,23137.653404052733,1.948606094983984e-06,7.267451286315918,1.3015459444432054e-05
328,0.27465672180764866,-0.0648613876342592,-3.6608857760389255,32611.262003417967,1.6530145896755051e-06,14.685294151306152,6.673593452433124e-05
329,0.6844453788756872,0.050716664587450624,2.8625338243344487,46242.3870625,1.4095566313747595e-06,16.7010440826416,7.221514533739537e-05
330,0.7604334638365517,-0.038105615989943574,-2.1507450372693397,53204.1007265625,1.3247120526740139e-06,23.330984115600586,4.3659361836034805e-05
331,0.8145638477017132,0.02270035960531982,1.2812464645173496,48965.458442871095,1.3808017310823371e-06,21.313438415527344,4.1332397813675925e-05
332,0.9133377057845217,-0.013930498377127351,-0.7862607511502298,39813.7725024414,1.525856603722024e-06,30.005573272705078,3.585268132155761e-05
333,0.8788532913538204,0.0429775283883361,2.4257239646699356,43104.603061523434,1.4498337014984931e-06,101.27685546875,0.0001478274498367682
334,0.500004214552386,0.016441163942641567,0.9279669371018697,35785.22348828125,1.5643824879524823e-06,7.333639621734619,1.9851668184855953e-05
335,0.905891631459931,0.008666068855877966,0.4891274973571559,15486.261498779297,2.391536331719402e-06,7.547579765319824,2.0301018594182096e-05
336,0.9717943243481502,-0.0036125660386494007,-0.20389930139125567,12023.22489892578,2.718139150266353e-06,6.256566047668457,1.6511745343450457e-05
337,0.6944930378259107,0.02012148883642922,1.1356906622068927,13377.563149414062,2.5347991816731347e-06,4.9668450355529785,3.0202467314666137e-05
338,0.8349656744736608,-0.007950828428543753,-0.44875812503289175,12857.458258789062,2.6122828025142405e-06,5.436312675476074,1.7933029084815644e-05
339,0.7125711153205483,0.006395633590232088,0.36098031345340087,12681.33825415039,2.6277958770808762e-06,1.6781649589538574,9.92848799796775e-06
340,0.025966251384952684,-0.011587902882968442,-0.6540407226189641,13851.805429443359,2.543597371122661e-06,3.3831984996795654,1.2438639714673627e-05
341,0.9813278373633861,0.0015102237683525636,0.08523956877662553,15896.538130859375,2.3611830504789523e-06,3.5807642936706543,7.97203119873302e-06
342,0.9485117584251401,0.003760153649312771,0.21222939429095988,20944.107825927735,2.045088618599456e-06,4.123196601867676,8.52528592076851e-06
343,0.6806225408596271,-0.009756017104544028,-0.5506460091512599,33936.23817285156,1.6582680634657332e-06,6.18335485458374,9.416355169378221e-06
344,0.6774152428501851,-0.05202031129628122,-2.93611383653291,62498.40794189453,1.2534252300688386e-06,38.762454986572266,3.888370702043176e-05
345,0.9054673541981662,0.052744180201227016,2.976970214641497,32103.059850097656,1.7057155369929107e-06,49.618534088134766,0.00013396823487710208
346,-0.029719067842961296,-0.047984629001055185,-2.708333142192637,45904.70942382813,1.4068308559580737e-06,22.666597366333008,3.0151843020576052e-05
347,0.976715685494489,-0.009555818462461676,-0.5393464611780605,41532.94167871094,1.4478363518099077e-06,30.730300903320312,4.551996607915498e-05
348,0.9607509699147194,-0.0025450313101679327,-0.14364584636247135,23635.581236816408,1.922622127319649e-06,5.273993015289307,9.21247192309238e-06
349,0.4177252120763005,-0.015256563499654619,-0.8611060963120599,24762.09539453125,1.9126564009169476e-06,10.25632381439209,1.5412386346724816e-05
350,0.9922540196697431,0.0036086810990794997,0.2036800288697916,33792.68196582031,1.6003867010635034e-06,25.14579963684082,3.698771251947619e-05
351,0.8240206508328224,-0.01257916320480198,-0.7099891218887235,28877.72827734375,1.7469102024307553e-06,11.894837379455566,1.929457539517898e-05
352,0.9663211085574924,-0.004323006888088695,-0.2439977774691184,48227.37285009766,1.393095091847562e-06,14.288512229919434,1.5771192920510657e-05
353,0.8656999007634643,0.01906530788538605,1.076078033466971,71531.42612695313,1.1536387553837836e-06,27.56000328063965,3.3600379538256675e-05
354,0.8510413112914452,0.024458356131191038,1.3804707443335351,40373.99956396484,1.4859809409218191e-06,17.239543914794922,3.921006282325834e-05
355,0.9997023703060183,-0.0011835166400299241,-0.06679966912860848,35139.877898925784,1.6429149706818137e-06,34.30327606201172,4.987122520105913e-05
356,0.5813995523384808,0.03664568589322151,2.068344127883338,38495.73175097656,1.515506841165322e-06,15.348713874816895,5.624152618111111e-05
357,0.7565216345158214,-0.006438587430076951,-0.36340470039684725,26461.966417480467,1.8023336574872577e-06,4.919578552246094,9.800191037356853e-06
358,-0.23321780190447708,-0.009231350884417752,-0.5210329655133549,16876.307822265626,2.2630426967318137e-06,1.9140704870224,7.378809641522821e-06
359,0.5817003378265238,-0.008579071697109282,-0.4842172314391962,13228.012442138672,2.5700869784823223e-06,2.8163022994995117,1.1514673133206088e-05
360,0.03950800882289945,-0.012003823804376923,-0.6775159987528512,15035.42054248047,2.430897044395962e-06,3.199376344680786,1.2188851542305201e-05
361,0.9155186655046413,0.002622703881181054,0.14802981686914177,16314.701200439453,2.3229005392375764e-06,2.698838710784912,6.913628112670267e-06
362,0.9937619906043256,0.00048026891154119247,0.027107184891711725,18232.074737304687,2.2185328361784606e-06,3.5808393955230713,7.045137863315176e-06
363,0.728665395216161,-0.008479133862320512,-0.4785765720082052,25435.247580078125,1.8616721134241997e-06,4.18386697769165,1.0426793778606225e-05
364,0.7625638846644847,0.01689300520120429,0.9534696174612101,48309.21327197266,1.3750381088192775e-06,9.776556015014648,1.679359957051929e-05
365,0.9786352205876923,0.00843512039956066,0.47609237816578653,70404.31007666016,1.1589163993070305e-06,29.737640380859375,2.6773013814818114e-05
366,0.8076123235965073,0.005602728616883706,0.3162274235669005,61862.657131835935,1.274503833267782e-06,4.9081130027771,8.358279046660755e-06
367,0.9878938400876576,-0.0024650556594954676,-0.1391318861674286,56625.13953808594,1.3170370493387226e-06,28.074302673339844,2.616140409372747e-05
368,0.5339459839531566,0.014417055115288336,0.8137228315487166,36790.1988203125,1.5364233251346768e-06,5.012618064880371,1.771769530023448e-05
369,0.9128187936265421,0.00561202393866485,0.3167520671573857,18809.58672680664,2.1613463791520595e-06,5.96877384185791,1.1718903806468006e-05
370,0.8615797065414944,0.005005488547417372,0.2825181898465453,12940.85303125,2.582496394690336e-06,4.905048370361328,1.0941300388367381e-05
371,0.981915778164126,0.002696434138811839,0.15219127657990592,12119.529813720703,2.7090682141240883e-06,6.295609951019287,1.450595027563395e-05
372,0.6727096753688213,0.012238621943433848,0.6907684005109025,12041.583327148437,2.6780666456614004e-06,2.927180528640747,1.9076396711170673e-05
373,0.9225089854849541,0.0033519094167830544,0.18918740338497794,13142.682975097656,2.5732141788993285e-06,3.190622091293335,9.452071026316844e-06
374,0.8680701736109179,-0.0028204415768647044,-0.1591904648897622,14423.01315966797,2.474765132095283e-06,2.5762133598327637,3.6391086268849904e-06
375,0.5357258219712621,-0.002758684600710895,-0.15570479731743847,14812.756624267578,2.4469399887217687e-06,1.707766056060791,2.5431627364014275e-06
376,0.8878088760617154,0.012567771208235603,0.70934613844801,18900.815797851563,2.1476559602066342e-06,3.4338581562042236,1.6011492334655486e-05
377,0.8980939912285781,-0.0030105927754941354,-0.16992291826070355,25419.57712475586,1.8732889138799034e-06,3.272289276123047,5.1624369916680735e-06
378,0.9763785181125143,0.006348230605523655,0.35830480929306074,67782.90962695313,1.1955164462691013e-06,18.913358688354492,1.7834665413829498e-05
379,0.6993387665385239,0.025263680528324103,1.4259246073804661,35477.361379882816,1.6034348744494165e-06,5.328719139099121,2.4014507289393805e-05
380,0.9196839377457526,0.026162459506318438,1.4766532041057754,36470.593966308596,1.6098673414731321e-06,22.588279724121094,6.534170097438619e-05
381,0.725517007953808,0.021184019298584145,1.1956616680300314,41235.575306640625,1.4598126811037452e-06,7.737218856811523,2.7583171686274e-05
382,0.978903194279675,0.0017678530998025779,0.09978060142171824,23992.943922851562,1.8973185258278335e-06,3.4574408531188965,6.750804914190667e-06
383,0.7590165092554413,0.010233872082497248,0.5776169475724777,21688.244146484376,2.015284137257595e-06,5.524662017822266,1.3507347830454819e-05
384,0.9822309849415798,-0.0042125917346556435,-0.23776576055727688,20571.81567578125,2.079531980769051e-06,11.784745216369629,2.1537314751185477e-05
385,0.942921010181227,-0.0009748766815820646,-0.055023679066507396,23858.299168212892,1.935325097888709e-06,1.6377909183502197,2.2603369416174246e-06
386,0.9956158074258397,-0.0008791956972720238,-0.04962328343400603,42631.237170898436,1.4859301590584955e-06,7.3346381187438965,9.632060937292408e-06
387,0.6811785170234945,0.00801632754244692,0.4524550051518211,66225.83026220703,1.1949705441055033e-06,2.5334103107452393,6.221023340913234e-06
388,0.7844618938314837,0.02521485920769929,1.4231690499562153,45458.48123193359,1.4528789414655886e-06,11.286355972290039,2.7495729227666743e-05
389,0.9657092736985278,0.009431183716487468,0.5323118665543677,34639.99457128906,1.678562349948483e-06,22.895084381103516,3.946588185499422e-05
390,0.9643362926624169,-0.001572777231927927,-0.08877019143823602,43404.106840820314,1.413647021023903e-06,5.247711181640625,6.066334663046291e-06
391,0.7859058705372352,0.0074316205302315304,0.41945315825579627,23672.460468261717,1.932974244279378e-06,4.184636116027832,1.1121699571958743e-05
392,0.3159031653512053,0.017529821007246177,0.9894125722965478,20667.46778588867,2.074367926551652e-06,3.596877098083496,1.7190732251037844e-05
393,0.9559577899730796,-0.002332571958527029,-0.13165428332662574,20317.693962402343,2.0841094888211216e-06,5.0628767013549805,8.740758858039044e-06
394,0.7719521185856423,-0.01647959294261816,-0.9301359344750834,26211.61752441406,1.8430830825285363e-06,11.331016540527344,2.41568086494226e-05
395,0.9208319530923723,-0.031297068078477076,-1.7664591452511753,49389.44653222656,1.382494410009369e-06,43.79439163208008,5.321175922290422e-05
396,0.7490053917919349,-0.027608461715189412,-1.558268000083106,66793.23559375,1.2216646133976904e-06,29.010772705078125,3.9122656744439155e-05
397,0.877504794711143,-0.02740890849972198,-1.5470048810732733,51707.999024414064,1.342582897075849e-06,41.11013412475586,6.388256588252261e-05
398,0.8017588275999166,0.030288710891832386,1.7095457701847996,54148.14524365235,1.3230767026411119e-06,22.069957733154297,4.8218244046438485e-05
399,0.9152393284258776,-0.006013308047777748,-0.3394012169949684,31347.321334472657,1.6896118327678852e-06,13.354887962341309,1.6977443010546267e-05
400,0.9881047421388744,0.002309038479497508,0.1303260142009992,32211.858874023437,1.6567530236112168e-06,16.567312240600586,2.480154944350943e-05
401,0.9949898958600194,0.0005485913721500668,0.030963419445887326,34714.86031591797,1.6258444004542772e-06,12.876524925231934,1.8473316231393255e-05
402,0.996098264642789,0.0011219333627426127,0.06332380541236723,32567.674274902343,1.6806787749599974e-06,10.659049987792969,1.548660293337889e-05
403,0.8924812671123422,-0.01644250171317079,-0.9280424431198668,56294.70574658203,1.2899805693383861e-06,28.251686096191406,3.108568489551544e-05
404,0.8181377322143149,-0.024543243978735113,-1.385261957179381,55016.17842480469,1.3179691074683895e-06,34.41566848754883,3.538589953677729e-05
405,0.0829509758051996,0.056166956826164946,3.170157482410886,47343.23355175781,1.4268485085782898e-06,33.758079528808594,7.565249688923359e-05
406,0.9955603397979241,0.010563331797832093,0.5962122078596642,32314.87739355469,1.675436595079068e-06,56.710514068603516,9.434454841539264e-05
407,0.43210673580884185,-0.016338468415206885,-0.922170628861158,29419.707561035157,1.7219447295070074e-06,4.135504722595215,1.8715236365096644e-05
408,0.9993529115624362,-0.0005933422437760037,-0.03348923388458742,24952.802819091798,1.8810988716597592e-06,7.964613437652588,1.2950511518283747e-05
409,0.9299959530496691,0.008552074354242049,0.48269345601442704,20463.837767822264,2.0369771492706035e-06,6.635659217834473,1.9310624338686466e-05
410,0.975910409546078,0.0012819131197644587,0.07235333188870328,28345.308288085937,1.7642497934139353e-06,4.82069206237793,7.956386070873123e-06
411,0.6528258418181708,0.016986156568341737,0.9587272372471911,33644.9310625,1.6247483475621305e-06,10.194201469421387,2.034233693848364e-05
412,0.723105976157319,-0.036284008186400464,-2.047930429985327,61510.742012695315,1.2323690554683535e-06,25.951807022094727,3.3024491131072864e-05
413,0.926818603525909,-0.013238219217507122,-0.747187351382827,81630.21543164062,1.0747174061226007e-06,21.24603271484375,2.0447034330572933e-05
414,0.9446036249717984,-0.014979933354635561,-0.8454926258011554,56747.9957265625,1.3245700735557169e-06,37.83527374267578,4.722010999103077e-05
415,0.788162101052382,0.08371458539102766,4.724991957204672,49235.37860449219,1.36080237706696e-06,63.663490295410156,0.0001626757875783369
416,0.9970311437988417,0.0009554132748636138,0.05392513166553872,28660.92974902344,1.7703062507655416e-06,8.654427528381348,1.3325628060556483e-05
417,0.855532189150122,0.007154818453227652,0.403829983614582,18341.367837158203,2.1976749584696062e-06,6.00465726852417,1.4178681340126786e-05
418,0.9703105925178467,-0.0014657784960857207,-0.08273100287958758,19419.854443359374,2.129404024883488e-06,3.292522668838501,6.460457825596677e-06
419,0.8957047107549325,-0.00334993369981717,-0.1890758905974522,19115.376962890627,2.1370502647272043e-06,4.505273342132568,8.981125574791804e-06
420,0.48522437415923936,-0.012557400821087132,-0.7087608163605773,25178.43327685547,1.8834376350157973e-06,7.311822891235352,1.4220771845430136e-05
421,0.8835272916256106,-0.012387533091966524,-0.6991731961133474,38036.06686352539,1.5746942082196512e-06,12.745573997497559,1.8285387341165915e-05
422,0.9562941204052855,-0.009531606278818177,-0.5379798848228468,59224.29098339844,1.2834645514984991e-06,18.21094512939453,1.8429522242513485e-05
423,0.9976768269902172,-5.411474588705989e-05,-0.003054327246419558,43837.77701611328,1.4792185030776562e-06,9.09386920928955,1.0467345418874174e-05
424,0.6545379443460032,0.028008707750531395,1.5808585592916407,74188.5419951172,1.1330090273735632e-06,28.26912498474121,3.2870691939024255e-05
425,0.763346905497257,0.07429075742333163,4.1930952614800505,43128.03440429687,1.4333129133619942e-06,26.563682556152344,0.00010821879550348967
426,0.9017823244680394,0.005761003515333066,0.3251607249588556,24345.066633056642,1.9042540869483066e-06,5.352261066436768,1.1027140317310113e-05
427,0.8655708506164669,-0.003317131606123472,-0.18722448527592733,16996.905443115233,2.2802168330099693e-06,3.4134066104888916,5.5133946261776146e-06
428,0.7547821669161957,-0.012414312556154638,-0.7006846740991255,13168.128564697266,2.5594999854284043e-06,6.164353370666504,2.2180443920660764e-05
429,0.7364939683766607,-0.011949767199235566,-0.6744649530678769,13113.685868408204,2.5661289732791196e-06,7.909815311431885,2.2118767446954735e-05
430,0.8236323710155535,-0.00873873048095506,-0.4932286416497906,14615.188864257812,2.44576855699911e-06,5.8331298828125,1.5508334399783053e-05
431,0.9857016069476016,0.0021541872627656084,0.12158595116175723,15180.829249511718,2.427576427072034e-06,6.7237043380737305,1.5299476217478514e-05
432,0.9799155833745791,0.0021364788730978907,0.12058645987401827,18099.57257055664,2.232163199160282e-06,5.805392742156982,1.1395281944714952e-05
433,0.8384806662133168,-0.00486668011977576,-0.27468360879791065,24970.956557617188,1.8812199704360688e-06,3.503042221069336,6.373095402523177e-06
434,0.9789049125804158,0.0047208775665780025,0.26645426754296203,55247.10422607422,1.3149751363648594e-06,9.835383415222168,1.0584332812868524e-05
435,0.9991229601541197,-0.0014687041260944102,-0.0828961303564334,66951.12040722657,1.197608502996957e-06,23.084375381469727,2.1178795577725396e-05
436,0.6782265748470833,0.025615481220831036,1.4457808299833732,39425.947078125,1.6011597792060235e-06,18.52663803100586,3.83047154173255e-05
437,0.2711001824607068,-0.06237257588885068,-3.5204130564390734,55225.82243701172,1.2953041772604625e-06,17.506437301635742,6.714888877468184e-05
438,0.8345782416845082,0.007815875447458239,0.44114115187043274,39166.06367431641,1.4962377731453772e-06,5.135869979858398,1.3762913113168906e-05
439,0.9175992257815069,0.007263275898957676,0.40995150421197424,20239.0736953125,2.100407380506694e-06,7.394759178161621,1.7779208064894192e-05
440,0.9767348192781182,0.002093366266120432,0.11815311184665706,16837.656448730468,2.3202734844294216e-06,6.608407497406006,1.3335911717149429e-05
441,0.8707410863697902,-0.007412191379691175,-0.41835654433111763,14427.600099121093,2.4638185074326563e-06,6.15154504776001,1.7291175026912242e-05
442,0.18441430238762765,0.017548621805028867,0.9904737209350712,16315.634395019531,2.3109369640421094e-06,2.298401117324829,2.1319850930012763e-05
443,0.887757693734307,-0.008894823752097809,-0.5020388083283716,23171.94780102539,1.9605177390486042e-06,11.286238670349121,1.939622961799614e-05
444,0.995201694489537,-0.0016231980116792936,-0.091616025024921,34581.256600341796,1.6514041907393839e-06,13.554216384887695,1.7701839169603772e-05
445,0.4541942949454683,0.057359043615958415,3.237440865202002,48635.17920654297,1.4050474030047713e-06,31.353296279907227,4.465068559511565e-05
446,0.43910139474117904,-0.012147212752763885,-0.6856091120940425,63712.63623461914,1.1911354997477495e-06,6.2094597816467285,9.652352673583664e-06
447,0.6385358107303486,0.02264375048877687,1.2780513507970759,83308.94575683594,1.0472022864771135e-06,10.102733612060547,1.7237685824511573e-05
448,0.9973594518399228,-0.0001028419000114642,-0.00580456975505604,50704.983447753904,1.3923782409902076e-06,21.87738609313965,2.197921094193589e-05
449,0.9518372236569576,0.018689552621676018,1.0548697745881368,42751.65707470703,1.4920177922234526e-06,39.99885559082031,6.3644431065768e-05
450,0.7108044438583314,0.007399575227035048,0.41764446746240214,50574.74685351562,1.3308441422701646e-06,4.520874500274658,1.1047787666029762e-05
451,0.9232013176558164,0.005839906548694824,0.3296141448293829,21606.284590820313,2.026698867509e-06,7.482719898223877,1.4684733287140261e-05
452,0.9146772084489101,0.005312885377245698,0.2998681837792002,21041.093525390625,2.05848836902992e-06,5.561931610107422,1.1669225386867765e-05
453,0.7321892303038939,-0.01025470164909212,-0.5787926033339331,28502.92619189453,1.756176657186465e-06,8.543745040893555,1.3451413906295784e-05
454,0.34857283519828264,0.014009011411964927,0.7906921588483085,36185.130064941404,1.585081612504049e-06,5.098331928253174,1.562719808134716e-05
455,0.9385980059027743,0.00857538962890426,0.48400940931867387,74775.62152490234,1.1371984544405124e-06,16.020837783813477,1.443603468942456e-05
456,0.8242875188328423,0.007820410726162791,0.4413971306261369,31445.20770751953,1.7643139566895899e-06,5.497900009155273,1.3347648746275809e-05
457,0.19392891417684674,0.03624789428902152,2.0458921008953386,37618.725957519535,1.5465316628440158e-06,9.514595031738281,3.3782649552449584e-05
458,0.9411160322422293,0.003098783738436194,0.17490056449347127,41086.64302685547,1.4828763210274388e-06,4.2561540603637695,8.06493881100323e-06
459,0.9983803622881234,6.514643319483371e-05,0.0036769742267534636,18935.413538085937,2.143097072967916e-06,3.5832066535949707,6.470179869211279e-06
460,0.9987009004019666,-0.00010513689677573268,-0.005934103231239767,16423.740889038087,2.3304925450668092e-06,1.9455609321594238,3.904646291630343e-06
461,0.9969312287463049,6.990812142851066e-05,0.003945731916966561,14809.632360107422,2.4131801698811294e-06,2.0716302394866943,4.447549144970253e-06
462,0.784781557699263,0.0036060811267331527,0.20353328205896934,17654.44267944336,2.218211023095765e-06,1.8286833763122559,6.029643373040017e-06
463,0.9645394629730032,-0.002369793075375306,-0.13375510574514224,21807.785420410157,2.0251139432536438e-06,3.2052812576293945,5.347177193470998e-06
464,0.3559262605982857,-0.036801675986868225,-2.07714847105056,37263.5668112793,1.584901730614499e-06,9.961859703063965,1.8338270820095204e-05
465,0.9065665847614737,-0.010675715886178085,-0.6025553547685601,63454.55417822266,1.2278903866462162e-06,10.895975112915039,1.375414831272792e-05
466,0.7949518269730096,0.03163807082557051,1.7857059136592748,55767.62824609375,1.28220258652459e-06,20.2943172454834,4.63387077616062e-05
467,0.5984897370754549,-0.03518030240602165,-1.9856354199694366,49126.293072265624,1.3902960394691556e-06,30.168376922607422,3.749211100512184e-05
468,-0.08091141742436801,-0.0846850310157388,-4.779765539971002,39914.07679882812,1.4906031737138973e-06,24.992671966552734,0.00012248977145645767
469,0.9837458497731527,0.0068051023596471,0.3840914192801255,22358.236861328125,1.979305246933024e-06,20.431846618652344,4.058486956637353e-05
470,0.8959303060325888,-0.03863762359185799,-2.1807724408391693,29062.47147558594,1.7430248852870964e-06,41.10001754760742,9.221408981829882e-05
471,0.9304082995294854,-0.007756640753588961,-0.43779784615121436,26583.03487060547,1.8304224141301228e-06,13.682801246643066,2.2642801923211664e-05
472,0.7592616185112026,0.023330102898912606,1.3167902348583351,38965.187884277344,1.5145364172987838e-06,6.7978129386901855,3.370665217516944e-05
473,0.8652548899020315,-0.017837707119277027,-1.0067901821393925,74794.18651708984,1.128216196776766e-06,26.30748176574707,2.454097193549387e-05
474,0.9591509730993606,-0.002547616556602461,-0.14379176201807048,45563.099580078124,1.4512926681324858e-06,6.589536666870117,7.513076980103506e-06
475,0.9681580343713881,0.03979964185449756,2.2463587054004863,53143.57015332031,1.3357583951778334e-06,154.74391174316406,0.00017608271446079016
476,0.3935642478200482,0.026047869465958783,1.47018554955614,45782.333546875,1.408986589755773e-06,11.996768951416016,2.9428214475046843e-05
477,0.8728854068327906,0.008796406416828122,0.4964839684468061,19430.307564697265,2.1284924475117484e-06,7.5826592445373535,1.6845848222146742e-05
478,0.9923086757977858,0.0016566829735027984,0.09350597257186691,13831.288939208984,2.526351259007675e-06,7.328518867492676,1.521376361779403e-05
479,0.9774762441845843,0.0029421026892300687,0.16605722263270303,12209.818294921875,2.674315521574447e-06,7.886303901672363,1.7119269614340737e-05
480,0.5392753685166832,-0.014078492539013457,-0.7946137904845204,13274.224126708985,2.5813709685060244e-06,6.587666988372803,2.1912166630499996e-05
481,0.9613679111953701,-0.002266118939079788,-0.12790356317489182,13938.191204589844,2.4907298634666573e-06,4.544878005981445,1.0143176950805355e-05
482,0.5693511961568154,-0.0075005525586687265,-0.42334379784312987,15290.004973876954,2.3926881458863582e-06,3.0770092010498047,1.0231442502117716e-05
483,0.9333158743000008,0.007255320221770026,0.4095024724148246,19554.94117626953,2.138415679969594e-06,6.360722064971924,1.7565856978762895e-05
484,0.7149531433332864,-0.0046642731960092705,-0.26325942169345296,26277.23179589844,1.866565189520364e-06,2.947537422180176,7.761655979265925e-06
485,0.9704444014728728,-0.011940608884252473,-0.6739480423714369,63804.3758383789,1.2153991071444237e-06,28.557861328125,2.5392229872522876e-05
486,0.9940258168761749,-0.008360529352148345,-0.47188233403242064,40612.4033256836,1.5266087143039542e-06,43.054473876953125,5.7296056183986366e-05
487,0.9371031779202107,0.03095519489473327,1.747163247934976,42118.751557128904,1.4780470789529203e-06,37.53768539428711,7.303055463125929e-05
488,0.9215593127153182,0.006706043684517217,0.37850038109850165,34584.64329980469,1.6010516263632728e-06,5.56252384185791,1.5101591998245567e-05
489,0.9930888434872687,0.0006022185210356521,0.03399022589769787,24454.59434399414,1.92940393226768e-06,2.9459521770477295,5.2955979299440514e-06
490,0.8417537815068009,0.01071175283943416,0.6045893410028796,18161.5696953125,2.189137352966752e-06,4.329538822174072,1.5149630598898511e-05
491,0.9425318206566681,0.0026671505574770707,0.15053846201194704,16491.40375805664,2.310987182656831e-06,3.4674088954925537,9.177449101116508e-06
492,0.9258556274063727,0.0034917456146018647,0.19707999351050673,22730.74533496094,1.9633392026810717e-06,3.4843451976776123,8.63062268763315e-06
493,0.38883086982787746,-0.015864398417656907,-0.8954133210979667,30535.99027294922,1.7215211592248207e-06,3.895623207092285,1.139565029006917e-05
494,0.920565081983315,0.011522489799581821,0.6503486982070406,52428.59620947266,1.344365627427074e-06,10.62651538848877,1.383183007419575e-05
495,0.9092771222686933,0.008454885262344667,0.4772079402539637,51069.97455273438,1.3590184141832997e-06,13.105611801147461,1.5953655747580342e-05
496,0.9366066458776944,0.008735280528070854,0.49303392050825384,39361.20041259765,1.6124050422943612e-06,18.0452938079834,2.9836764952051453e-05
497,0.6851519748172059,0.03721862999034701,2.1006820560735195,41776.058233398435,1.4550428238884146e-06,18.015892028808594,5.035038702771999e-05
498,0.8271803266217879,0.006030105996408214,0.3403493214597489,26802.770266357424,1.8179595664557891e-06,4.376230239868164,8.434120900346898e-06
499,0.9958972260918565,-0.00042548297904160346,-0.024014974744347606,17286.036597167968,2.264536188642835e-06,2.049699068069458,3.9590590859006625e-06
500,0.9951184013251009,-0.0006363246127351129,-0.03591523105921074,14130.89750756836,2.496025544161847e-06,3.412588357925415,7.29755674910848e-06
501,0.4589516316119468,-0.01413605085414754,-0.7978624785692607,13139.3275859375,2.5787705693371713e-06,3.8762142658233643,1.7848546121967956e-05
502,0.6331855128268568,-0.007940689010170232,-0.44818583921146843,15507.505973388672,2.380202484956481e-06,2.8994526863098145,1.1433586223574821e-05
503,0.9973018300525787,0.00034275877401177056,0.019345881519954672,20538.43013305664,2.082660295886599e-06,4.277732849121094,7.547590939793736e-06
504,0.8411030996361012,-0.008152156332915843,-0.460121410468466,23420.589482910156,1.958653932425662e-06,5.583241939544678,1.0855441360035911e-05
505,0.8018213385294469,0.013831941574466272,0.7806980394945938,32482.63607763672,1.67252171703881e-06,6.612396717071533,1.264604270545533e-05
506,0.827348475925666,-0.012072814396428166,-0.6814099437690304,72667.76523291015,1.1494851659149424e-06,10.576234817504883,1.224884999828646e-05
507,0.9992822705992651,-0.0006253662487782834,-0.03529672257209003,44562.94730517578,1.4654012710848537e-06,16.402265548706055,2.0746587324538268e-05
508,0.9722120709250948,-0.042771520756299856,-2.414096547536501,56039.03097460938,1.3134677166680665e-06,182.38632202148438,0.00019980176875833422
509,0.44971202717772574,0.02089511632808699,1.1793554986136097,44215.67720898437,1.417252978093285e-06,10.642382621765137,2.5149553039227612e-05
510,0.8000507931780545,0.009168846809703552,0.517505130442111,20203.42541015625,2.0968785404566053e-06,3.8405888080596924,1.290033196710283e-05
511,0.9038509824405253,-0.004210332140755041,-0.23763822527824488,15491.659331298828,2.3794324874213996e-06,4.5357794761657715,9.860555110208225e-06
512,0.979326829389804,0.0017034176651662457,0.09614375714907984,13141.105901611329,2.5576470687501823e-06,5.012812614440918,1.1047815860365517e-05
513,0.9964148449792607,-0.00025919027032886266,-0.014629134659978118,13850.301274169922,2.5184912089458685e-06,1.9640331268310547,4.3334198380762246e-06
514,0.7047906780334001,-0.008916727526586829,-0.5032750941895464,16136.208651611329,2.31127724852192e-06,2.7410552501678467,1.1936426744796336e-05
515,0.9107870052888265,0.0025669508812903165,0.14488302381219376,19367.905069091797,2.136695889971875e-06,2.5526180267333984,5.947982572251931e-06
516,0.9970046308345764,-0.000613864878035237,-0.034647565868943436,22572.105833251953,1.979206170134952e-06,3.1597063541412354,5.110162874188973e-06
517,0.5413170535272788,0.009796670381437432,0.5529405484535584,34867.072828125,1.6288258841092391e-06,2.9544730186462402,8.813051863398869e-06
518,0.7948738350065743,-0.037588727346887736,-2.1215709731585113,69591.27787451172,1.178755165477519e-06,36.009395599365234,3.459272920736112e-05
519,0.33156376245831004,-0.016861875799564576,-0.9517126216916773,34871.00944580078,1.6137441733692119e-06,8.982287406921387,1.1007898137904704e-05
520,0.7072936757718766,0.059740407510118186,3.371849047414518,49790.074145019535,1.3634794225757847e-06,20.380212783813477,7.762483437545598e-05
521,0.775333160507823,0.007852690388078978,0.4432190490197221,38002.46287988281,1.5149939596521278e-06,4.287420749664307,1.1050759894715156e-05
522,0.9614115491636467,0.0030184206546785045,0.17036473692366833,24027.929990722656,1.9438373240138903e-06,4.757165431976318,9.082157703232951e-06
523,0.8100250198367358,-0.006315497827152926,-0.35645731624491095,17268.32741430664,2.258137097862609e-06,3.9115381240844727,9.876555850496516e-06
524,0.8683317254681798,0.0075648338138223125,0.4269719399665247,13660.272376220702,2.53412749667275e-06,3.0827219486236572,1.3926972314948216e-05
525,0.676411505507837,-0.005908014578237459,-0.3334582765336355,16646.22696948242,2.3102446904090483e-06,4.39035701751709,8.025618626561482e-06
526,0.5310651188108187,-0.010497477199728005,-0.5924952636147237,18982.367090820313,2.1590186087230245e-06,3.355393409729004,1.0175008355872706e-05
527,0.8282594602138013,0.007383620478806556,0.4167439546460664,25824.396522216797,1.8875615520316128e-06,1.5537863969802856,7.210853709693765e-06
528,0.89312875203561,-0.017803728333354,-1.0048723623299534,50119.960568359376,1.3576153175577692e-06,19.761367797851562,2.2238175006350502e-05
529,0.9880330456884929,0.012891665402303612,0.7276272713570271,62445.7577265625,1.235300084580041e-06,39.85536575317383,3.858900163322687e-05
530,0.9851969823038268,-0.005791287873302823,-0.3268700250427995,44396.30128613281,1.5302077098168994e-06,32.771507263183594,4.278736741980538e-05
531,0.9097406609072737,0.01038260870647355,0.5860118927155149,51540.63927246094,1.3482187905039427e-06,23.1619815826416,2.871965989470482e-05
532,0.9983590335483302,-0.0004041074477936566,-0.022808503819887277,44162.11272705078,1.434143179766636e-06,8.662394523620605,1.0253840628138278e-05
533,0.9945825764737045,-0.0010937364669648252,-0.061732325204397843,18463.630787841797,2.18722363115219e-06,4.008213043212891,7.175102837209124e-06
534,0.7891592024769691,-0.01296051479512179,-0.7315132468510797,14135.741747070313,2.491628050423137e-06,5.063255786895752,2.0131088604102843e-05
535,0.8703445655974978,0.003547320072430733,0.20021670935328217,13734.294560302735,2.541296957981448e-06,3.4450883865356445,9.973767191695515e-06
536,0.8191248398358697,0.005402818406019978,0.30494415513664863,18160.785862792967,2.200989692902844e-06,5.41971492767334,1.2566800251079258e-05
537,0.8809779133950525,-0.005655100896437705,-0.31918340308369864,20944.74500390625,2.059678573065762e-06,5.39251184463501,1.0115281838807277e-05
538,0.7929056199478057,-0.01695884797847446,-0.9571858945184087,28943.240026367188,1.7624625560195565e-06,14.036303520202637,2.1059577193227597e-05
539,0.1465186233154949,-0.02745354270708142,-1.5495241107846127,55664.83022753906,1.2921190459713266e-06,6.87655782699585,1.8262506273458712e-05
540,0.9938290965827997,-0.0032025514163021365,-0.1807573867072373,65750.11118798828,1.2190245845621446e-06,22.10321617126465,2.0236222553648986e-05
541,0.9279334292999156,0.006108746052836915,0.34478789847000496,54160.295736816406,1.3382953756037958e-06,11.832128524780273,1.2873307241534349e-05
542,0.8924998919376794,0.060412176657622205,3.4097648276125403,58274.02729492188,1.2486864486865238e-06,44.97514343261719,0.00010205853322986513
543,0.5574593509689013,0.019552204190101646,1.103559279572748,48083.94476855469,1.356991241788964e-06,9.444796562194824,2.376012889726553e-05
544,0.9952323377697236,0.0006790077069002503,0.03832433666126151,24078.58800830078,1.9491197493749087e-06,8.17176628112793,1.3050598681729753e-05
545,0.9615125619639433,0.0021526034510361146,0.121496558164723,18584.18987109375,2.176624404417377e-06,3.8625359535217285,8.007164979062509e-06
546,0.6279989574069812,-0.01006514839370606,-0.5680938988850297,16801.34982006836,2.294577226407975e-06,6.250714302062988,1.5591434930684045e-05
547,0.9064105300606098,-0.0047339305356341515,-0.26719099906375804,18924.29375732422,2.1491588908424605e-06,5.989040374755859,1.269454151042737e-05
548,0.8804551898996456,0.007771248824096608,0.43862235021268114,28444.891212646486,1.749959015275344e-06,7.028707504272461,1.2282072930247523e-05
549,0.89590338127939,-0.013837228067896895,-0.7809964180725301,50879.730895996094,1.3822502343581086e-06,15.322986602783203,1.6682868590578437e-05
550,0.7997941185142636,0.014972412415317939,0.8450681313403586,50663.23881445312,1.3689393048093379e-06,11.597030639648438,2.190677696489729e-05
551,0.998107333521546,0.0006612709125414055,0.03732324216499568,45672.80249853516,1.4061571672740399e-06,28.319387435913086,3.34778887918219e-05
552,0.17621760797743238,-0.05342414862616286,-3.0153487758440387,40293.37428710938,1.4980090652090516e-06,23.248767852783203,6.934778502909467e-05
553,0.9456531047662119,0.0035438470929996884,0.2000206885547251,29285.747510253907,1.7362500093305561e-06,5.976743698120117,9.915566806739662e-06
554,0.7274232221754011,0.010534363001111414,0.5945771602646036,15580.71225366211,2.3926524334612214e-06,5.207881927490234,1.7419921277905814e-05
555,0.8914360535082752,0.003357849953282378,0.18952269725342005,13880.176360351563,2.518697374332386e-06,3.6490538120269775,8.365377652808093e-06
556,0.6989581371034601,0.010675719686288561,0.6025555692531849,12245.700120361329,2.6835234548226235e-06,3.8391642570495605,1.7993645087699406e-05
557,0.9461801304135259,0.00955510108302505,0.5393059710764553,12825.04450048828,2.619774743735691e-06,15.561544418334961,4.2364117689430714e-05
558,0.7467506022152718,0.016577988465993506,0.9356895432566575,13716.757596923828,2.5021673486362633e-06,2.8818867206573486,2.2109390556579456e-05
559,0.9208484227844105,0.0037073941597285734,0.20925155998900233,16107.304356445313,2.3599827651945977e-06,1.9035146236419678,7.691836799494922e-06
560,0.8943463969622034,0.00661991454699403,0.3736391077591291,18139.05860961914,2.2000883385488627e-06,2.711007595062256,1.0604037015582435e-05
561,0.9338002485497838,0.005441027614210629,0.3071007470919059,24684.193166259767,1.922155375241461e-06,7.732492923736572,1.349786361970473e-05
562,0.9668233636997076,0.005647825424136746,0.31877276319405057,45156.922292236326,1.442134569812998e-06,14.15350341796875,1.603703640284948e-05
563,0.9859367948909137,-0.003947274201454204,-0.22279079287838843,53579.329119140624,1.352130330379627e-06,13.671936988830566,1.412592246197164e-05
564,0.9107236843861893,0.022015239842747968,1.2425771531571703,77406.98091796874,1.0819725108084182e-06,36.872467041015625,4.217396417516284e-05
565,0.919245839939504,0.019423982622584407,1.0963222387102833,51855.77756054688,1.3295455133077215e-06,35.835205078125,4.764063487527892e-05
566,0.37345373971079304,-0.008849274771199294,-0.49946794726038585,40519.341493164065,1.491166794294929e-06,5.488924026489258,8.579119821661152e-06
567,0.9978276407227448,0.0005759070545844232,0.03250516249108101,18075.418586914064,2.2102795503354665e-06,4.710648059844971,9.772840712685138e-06
568,0.9950364157438936,-0.00022810006634328816,-0.01287435127195173,15566.581447998047,2.355166432080839e-06,1.7560451030731201,3.6161200114293024e-06
569,0.41976592707188976,-0.006641789050968088,-0.374873741543224,13180.214294189453,2.5761143972280384e-06,1.7523798942565918,9.164336916001048e-06
570,0.9578280405701676,0.0031320393214679474,0.17677756551573312,16708.9854453125,2.276403464278692e-06,5.990328788757324,1.307614911638666e-05
571,0.8336527585243201,-0.004657073814855378,-0.26285307651608514,18997.03102368164,2.1717518178432164e-06,3.9738729000091553,6.495564321085112e-06
572,0.925069860250115,-0.0031086420630249962,-0.17545698490905393,22577.433220703126,1.981176141976358e-06,3.3549373149871826,6.841890353825875e-06
573,0.5342311266759296,-0.005386744743562737,-0.3040369306012999,44111.95930004883,1.4729341816399587e-06,1.9168024063110352,3.367956196598243e-06
574,0.9903812192422763,-0.006479577695139076,-0.3657182598780005,61423.76950488281,1.2254202514389484e-06,22.631084442138672,2.213419611507561e-05
575,0.5332257965597805,0.012059387559629157,0.6806521105242059,38764.47023681641,1.608863616117831e-06,2.71665358543396,1.206539945997065e-05
576,0.7794640526382784,-0.059052874868477746,-3.333043549102692,53357.050032226565,1.3383493984429548e-06,54.87268829345703,7.616045331815258e-05
577,0.25998777646342686,-0.024595302420078256,-1.3882002231398707,40454.53086328125,1.4836265775876988e-06,9.352703094482422,3.3976324630202726e-05
578,0.9827842292415021,-0.002575897978342976,-0.14538801301349819,20554.3728034668,2.084778957364535e-06,9.468147277832031,1.5731895473436452e-05
579,0.7953578699190664,0.012783428129373348,0.7215181776826519,14026.397406494141,2.502637239620258e-06,6.64519739151001,2.4000328266993165e-05
580,0.7734751630354736,0.009367827113990777,0.5287359133816396,12544.884897705078,2.6415756796910004e-06,6.022255897521973,1.736631747917272e-05
581,0.1387927381028591,0.0049665400231483515,0.2803198696487385,12138.238096191406,2.704322396687781e-06,1.253136396408081,6.247878445719834e-06
582,0.7224334912119458,0.008175699437721139,0.46145022288906223,13667.268345703125,2.5411201386638046e-06,3.1740927696228027,1.4271186046244111e-05
583,0.6830568691933867,0.016980324369585766,0.9583980581431426,14473.467041503905,2.447482453095429e-06,4.352776527404785,2.3647458874620497e-05
584,0.5155846494196191,-0.01772037472261804,-1.0001677443892238,16168.18942236328,2.324872453328113e-06,6.578985691070557,2.0884068362647668e-05
585,0.7712407971602524,0.02172905028538014,1.2264241333401016,20274.418702148436,2.086113694013224e-06,12.359783172607422,3.593210567487404e-05
586,0.9765527987269859,0.002743857652971956,0.15486793945701735,29730.497518554686,1.7493104881567041e-06,10.08602237701416,1.5748641089885496e-05
587,0.99144704211878,-0.001506976851013981,-0.0850563073026679,57942.92502001953,1.2813804625297227e-06,13.803129196166992,1.3968076927994844e-05
588,0.05344670142203427,-0.026730917531568168,-1.5087379308564055,76305.78285351563,1.1171794898810232e-06,12.978227615356445,2.6259542210027575e-05
589,0.9425174979078339,0.026946645598726074,1.5209139856920502,74360.81270214844,1.1111327346051322e-06,99.66151428222656,9.594966104486957e-05
590,0.7801079046250344,-0.02110286598237771,-1.191081238412124,52872.346504882815,1.33252100567886e-06,38.78327178955078,4.364729466033168e-05
591,0.5265882855405148,-0.02004868118004774,-1.1315812756619013,53059.32966113281,1.2913226683030172e-06,24.566286087036133,2.7578451408771798e-05
592,0.9907412344399414,-0.003519505010899842,-0.19864678051222387,25283.656041992188,1.863837003476304e-06,13.768460273742676,2.1526300770347007e-05
593,0.9791849099054426,-0.004786416344671043,-0.27015338637545916,23075.28646582031,1.9693259540487568e-06,12.028098106384277,1.8838782125385478e-05
594,0.9934404941068553,-0.0014053226435787995,-0.07931877291360402,29007.91275488281,1.7440835641542145e-06,13.409289360046387,1.92052739294013e-05
595,0.8552019797092986,0.010436147946155752,0.5890337374240759,44601.99193017578,1.417382577287225e-06,7.208660125732422,1.6366737327189185e-05
596,0.9072694601404669,-0.02804115569767213,-1.582689975986254,73918.1144404297,1.131289748775219e-06,47.67757797241211,4.625301880878396e-05
597,0.9984235802484277,0.0016847395629138334,0.09508953365258559,30416.287473632812,1.7456309357881982e-06,53.40583801269531,8.536544191883877e-05
598,0.5221581792264764,-0.08952655670158002,-5.053029390222974,37919.06881933594,1.5540293583516053e-06,21.32352638244629,0.00010325780749553815
599,0.04196167401747099,-0.05386840900070224,-3.040423578362601,26915.310216308593,1.7878480056860122e-06,29.102081298828125,8.990673813968897e-05
600,0.9920757092813205,0.005210047735220546,0.294063854352051,23508.604196777345,1.967212872480832e-06,34.63352966308594,5.707321906811558e-05
601,0.4062506727201347,0.02473005071458558,1.3958056434476966,15511.283739257813,2.376120306988019e-06,8.779938697814941,3.05912944895681e-05
602,0.6925216098890439,0.02204497728753654,1.2442555845415881,15408.879697021484,2.3910662951500088e-06,6.511475563049316,3.670086516649462e-05
603,0.9966547799967085,0.0008832009832103607,0.049849348506855025,18634.588515625,2.1672798675412883e-06,6.639021396636963,1.295124184252927e-05
604,0.4045115288760515,-0.02904306163103935,-1.6392392314705093,24759.907335205076,1.897445732272245e-06,15.273484230041504,2.6552423150860704e-05
605,0.45950352236937547,-0.02985276039747432,-1.6849399912759067,33817.31087646484,1.6268422373665339e-06,14.977750778198242,2.8319273042143323e-05
606,0.40247104780762516,-0.013474848092804819,-0.7605430829725083,49048.047939208984,1.3925297407229791e-06,7.198174476623535,1.2574811989907175e-05
607,0.7872521288769173,0.01685935300875358,0.9515702311364832,44829.894580566404,1.453369773591176e-06,14.130846977233887,3.0437468012678437e-05
608,0.7197597644963618,0.050248656615674986,2.836118667498654,84938.8937373047,1.055684799155183e-06,51.09225082397461,8.23336376924999e-05
609,0.1882691712773195,-0.05049742834126695,-2.850159761975936,47830.535130859374,1.3577132823013125e-06,17.0543212890625,8.190501830540597e-05
610,0.6526586892642539,0.0070513890224340615,0.3979922526343082,42966.3636640625,1.4561490587044513e-06,11.50489616394043,1.535909359517973e-05
611,0.98456071525516,-0.0028906056555855894,-0.16315064346667707,22838.299592529296,1.961698966943866e-06,9.353901863098145,1.663043804001063e-05
612,0.6660493757729778,-0.022255079497360424,-1.256114106529982,18616.857294921876,2.1778309304067455e-06,13.007416725158691,3.7221689126454294e-05
613,0.8332067794531566,0.014280419015029563,0.8060108603101216,14845.394341064453,2.4162225034377016e-06,11.17056655883789,3.447113704169169e-05
614,0.21761927669479095,0.01579226401016965,0.8913419338525663,17899.370670410157,2.216551668688904e-06,3.976759195327759,2.6907824576483108e-05
615,0.1897386437002623,-0.014802501505793817,-0.8354780739185506,23160.662533203125,1.9447771624301347e-06,7.149491310119629,1.6357833374058828e-05
616,0.0988858022476779,-0.027806916424466796,-1.5694691175565436,42731.52302392578,1.4897973306893268e-06,8.096199989318848,2.717535971896723e-05
617,0.5020908372565818,-0.050095841834026086,-2.8274935442795597,63305.33915380859,1.2389688303155112e-06,42.24980163574219,4.516748231253587e-05
618,0.4933090235734184,-0.01810662751389254,-1.0219685013743438,33963.38595947265,1.632471921919041e-06,16.17995262145996,2.6853998861042783e-05
619,0.8371230865963769,-0.06957358907127273,-3.926850348241222,58576.16015429688,1.2475729705635741e-06,118.85924530029297,0.00015348473971243948
620,0.7007843008741553,0.012879809677691954,0.7269581143257253,31368.3166015625,1.6606386508495353e-06,13.114633560180664,2.8731410566251725e-05
621,0.9832930296648758,0.003980960887242728,0.22469212606509875,30811.064010742186,1.6827783945246973e-06,19.536096572875977,3.130923505523242e-05
622,0.40873308243264195,-0.04443665073401347,-2.5080792832288226,20244.44712182617,2.090037845822714e-06,21.07461166381836,5.66572998650372e-05
623,0.991716602277767,-0.0023024293827958063,-0.12995298567061747,16419.015791503905,2.311288506863971e-06,12.24847412109375,2.3296850486076437e-05
624,0.638565612071434,0.021389467645561794,1.2072575181743772,18197.428705810547,2.205038267247104e-06,7.888660907745361,4.4094511395087466e-05
625,0.9961169677181064,-0.0007442106956171059,-0.04200450297677037,20031.73803881836,2.093221934375023e-06,10.76683521270752,1.8591159459901974e-05
626,0.8838202896892193,-0.004195587720383479,-0.23680602540119994,27342.540267089844,1.8290338635542523e-06,8.150993347167969,1.0089307579619344e-05
627,0.5788172743381441,-0.04417152890761241,-2.493115361570809,34229.614350097654,1.6266128335551766e-06,18.454946517944336,6.853471859358251e-05
628,0.5180972262919515,-0.03127733647716837,-1.7653454604965897,51558.35344628906,1.335025444517118e-06,18.275503158569336,4.1030507418327034e-05
629,0.9887299043983243,-0.0018049140544494336,-0.10187238401628973,54301.09996484375,1.2998375489818006e-06,15.04841136932373,1.7093138012569398e-05
630,0.2691726811298603,0.03943845756476325,2.2259728567924832,56419.97350390625,1.2899950925631373e-06,24.15648078918457,6.738459342159331e-05
631,0.8610183260683434,0.017180695278472023,0.9697073291444043,53941.778859375,1.3059775879742772e-06,21.402816772460938,3.7049238017061725e-05
632,0.9918314429236185,0.0053443220947033574,0.30164252497021893,83293.26311669922,1.0655010639931484e-06,69.1961898803711,6.66741470922716e-05
633,0.9856325333588847,0.005160554401534354,0.29127036738069256,33678.80577441406,1.6048999850011938e-06,13.145646095275879,2.4150895114871673e-05
634,0.7836101151472701,-0.01649758309203056,-0.931151328756563,23580.96541845703,1.9070672487041208e-06,18.037063598632812,2.493192005204037e-05
635,0.9479135030224831,-0.009135460212083465,-0.5156207347361953,17092.822375976564,2.2625548389070385e-06,20.80617332458496,3.426472540013492e-05
636,0.90233838453758,-0.00583576201049525,-0.32938022012477086,21305.35721484375,2.0040252709810325e-06,11.605340957641602,1.887210237327963e-05
637,0.24569140284526472,-0.02672170719649609,-1.5082180840586765,25080.40860058594,1.8869719031404357e-06,20.311792373657227,3.734092751983553e-05
638,0.9974695480655661,0.004819416644458842,0.27201597878219885,25258.05852392578,1.8906080438983388e-06,45.92323684692383,7.451087003573775e-05
639,0.9399811005633293,-0.009109050452271077,-0.5141301234870042,43884.29709179688,1.4294206109902313e-06,19.670495986938477,2.333529482712038e-05
640,0.9410402633997482,-0.007178822017199694,-0.40518478512476547,57809.708004882814,1.2387514543450105e-06,15.928131103515625,1.4955454389564693e-05
641,0.7354763875817509,0.0296925431647961,1.6758970612742332,60431.0388203125,1.2429890502916028e-06,27.173065185546875,4.282338704797439e-05
642,0.9155551238168731,0.02967450748752392,1.674879097323797,48871.28123876953,1.380307544060673e-06,68.1527099609375,8.71063384693116e-05
643,0.7665267943924559,-0.03789101296828147,-2.13863248189313,53533.36485644531,1.351527435336276e-06,57.47896957397461,7.67959572840482e-05
644,0.9973122836488792,0.0027450926293579357,0.15493764360073178,41621.28266992188,1.4610030306037806e-06,37.664710998535156,4.960353544447571e-05
645,0.9142574136141854,0.017781526942807695,1.003619278518094,25364.85394091797,1.8540904424137784e-06,20.526269912719727,5.8846184401772916e-05
646,0.9808420256115424,0.0027548335971491152,0.1554874402013328,23711.968318359373,1.90030563537521e-06,10.497632026672363,2.0242059690644965e-05
647,0.15450680270174488,-0.011497053061525092,-0.6489130059417778,26058.390959960936,1.8338152594516624e-06,4.994868755340576,1.4798635675106198e-05
648,0.9086523584630901,0.0022055096831121875,0.12448267485965488,28759.044105957033,1.7498647494121121e-06,3.0780301094055176,6.439967819460435e-06
649,0.11171316013118993,0.04381488391002938,2.472985718244191,33116.16114599609,1.6274967132546034e-06,7.5167365074157715,5.681331822415814e-05
650,0.8784029843267256,0.009360050334946919,0.5282969788965252,22695.501440673826,1.9719298404625884e-06,5.976363182067871,1.783925836207345e-05
651,0.751317652383457,0.020451394192910997,1.1543110752297132,28199.656912597657,1.7829007973231256e-06,5.334132194519043,2.705705992411822e-05
652,0.6206146348613819,0.01579699512833747,0.891608966116862,37015.97916357422,1.569976570657736e-06,7.33798885345459,1.8995277059730142e-05
653,0.9844507392532917,-0.0021710440362445143,-0.1225373757998919,69205.8453671875,1.1873600376997985e-06,8.267308235168457,6.889097221574048e-06
654,0.6902960299676825,0.025841701598509317,1.4585490884665628,52048.52546728516,1.33798132816136e-06,18.062253952026367,3.852060035569593e-05
655,0.7353322523620199,-0.04921380741510403,-2.7777100386225975,33669.625682128906,1.722061572791065e-06,50.319740295410156,0.00011112872743979096
656,0.35523566679484364,-0.011034058870760111,-0.6227808353363976,29764.77528857422,1.704545888603366e-06,8.589765548706055,2.0358515030238777e-05
657,0.7612847725994718,-0.007827464446590448,-0.44179525446720197,20765.165942382813,2.040990559716657e-06,5.630946636199951,9.876897820504382e-06
658,0.808975633635864,-0.005447820457322519,-0.30748414657862994,16459.43663305664,2.3145893115076215e-06,5.393736839294434,9.159945875580888e-06
659,0.9753542560848788,0.0013847248985200862,0.078156201549434,12579.786223876954,2.618345554014052e-06,2.906920909881592,7.141497917473316e-06
660,0.05701523874231954,-0.01589703609676885,-0.8972554465840505,12771.450568847657,2.6234594954073463e-06,2.605473041534424,1.9865385183948092e-05
661,0.9914741532058652,0.00044033668949033624,0.024853343137108366,12943.412243652343,2.615627187136987e-06,2.5934648513793945,5.832616352563491e-06
662,0.17421611577263652,-0.0060705785710774805,-0.34263366162468445,12665.58246118164,2.6015522591788276e-06,2.0441951751708984,5.527703251573257e-06
663,0.7847303845916463,-0.0018977065922707217,-0.10710975087233089,12924.082141113282,2.581232407065634e-06,1.4505609273910522,2.1523396753764246e-06
664,0.6874402859495381,-0.002257695977606519,-0.12742815706696994,14776.049606445313,2.4247248196911037e-06,1.5093648433685303,2.5047982035175664e-06
665,0.694268889739925,0.013103068780099557,0.7395592334535483,19439.625681640624,2.1304133104184967e-06,2.9863812923431396,1.544031147204805e-05
666,0.8865622332383334,0.0022547315462765655,0.1272608395783114,31040.073251953127,1.696796283158984e-06,2.6719539165496826,4.9489613047626335e-06
667,0.8999701425993325,-0.009505384814655286,-0.5364999012967137,63878.15534277344,1.1912841859648602e-06,16.493310928344727,1.8435395759297535e-05
668,0.7344847875677315,-0.023843698467376554,-1.3457784323022206,75268.47453808594,1.1254734502562538e-06,27.242340087890625,3.243611354264431e-05
669,0.6759885506493142,0.016982148395921926,0.9585010092564744,64809.21751464844,1.2358962988415588e-06,15.189173698425293,2.0893194232485257e-05
670,0.48977151598431734,-0.051054117340832546,-2.8815802251285096,57862.31167480469,1.2822905809936354e-06,55.99664306640625,5.713975042453967e-05
671,0.20621790391908681,-0.032608928061186135,-1.840502728437138,42904.59000878906,1.4376657712302992e-06,10.165792465209961,4.049846393172629e-05
672,0.6099338739196151,-0.010299069608885537,-0.5812968055849776,22845.24699658203,1.973776632552202e-06,5.969305515289307,1.2407760550559033e-05
673,0.9726986090221791,0.0024204578154656342,0.13661470886355323,17093.877587890624,2.303934969946547e-06,6.023148059844971,1.2435398275556508e-05
674,0.8269157573852594,-0.0019127593203313626,-0.10795935215373605,15169.342415771484,2.4086117853936285e-06,1.9837080240249634,4.830639682040783e-06
675,0.9731533591121099,-0.003344284507135622,-0.18875704066395096,16976.996467285157,2.266945028444688e-06,4.763005256652832,1.3063161532045342e-05
676,0.9957278098193217,7.652658129664136e-05,0.0043192889202047485,24492.20505737305,1.9073481552429214e-06,6.6389570236206055,1.1098611139459535e-05
677,0.9095873189543806,0.012284692686549057,0.6933687107156895,35989.276538085935,1.6151994210845626e-06,17.11634063720703,2.3987122403923422e-05
678,0.9115001911789062,-0.02620114901948613,-1.4788369052815216,61137.764755859374,1.2480620906158659e-06,42.6861572265625,4.415526200318709e-05
679,0.768222874740728,0.024385062155366562,1.3763339091014832,70124.54682714844,1.1339190193877337e-06,24.7120304107666,3.7836431147297844e-05
680,0.6369559068782455,-0.024673533247723856,-1.3926157025895312,70891.42439648438,1.1485019424132804e-06,41.470619201660156,3.6506222386378795e-05
681,0.9112453091148401,0.08188170628284455,4.6215411785352005,34383.08804296875,1.6055447914029684e-06,62.66996765136719,0.00021752101019956172
682,0.9793303339352057,-0.0024126293433907693,-0.13617285673685198,31043.773690429687,1.6686794914868951e-06,10.601297378540039,1.5597035599057563e-05
683,0.9806753875773285,0.0021418962148895323,0.12089222375345904,25801.363082519532,1.856672931549085e-06,9.91567611694336,1.5049009562062565e-05
684,0.9086744822411909,-0.0107918198362481,-0.6091084569277369,29836.207021484373,1.7339305172356396e-06,19.45879364013672,2.4391738406848162e-05
685,0.9119098573759363,-0.006199743245453762,-0.34992393302401337,35259.66412548828,1.6013951020207996e-06,10.906110763549805,1.4306972843769472e-05
686,0.9737168958502774,0.004403827366019685,0.24855942113512522,44578.20917578125,1.4194109221460869e-06,10.08134651184082,1.4462467333942186e-05
687,0.94141188082386,-0.019833264603355244,-1.1194228018718646,70065.59275,1.1804724689575532e-06,51.329349517822266,4.2600862798281014e-05
688,0.9902921303818453,0.007462456648214674,0.4211936006026252,35889.77494189453,1.6254718148447847e-06,32.17930221557617,4.467929102247581e-05
689,0.47950449825989266,-0.05534454740835631,-3.1237393120702643,39340.02661474609,1.528639687652801e-06,35.75794219970703,7.943433593027294e-05
690,0.9516852430643506,-0.005099751578453011,-0.28783855381209217,24544.525364257814,1.8952477658156072e-06,19.973920822143555,2.8740249035763554e-05
691,0.9115592441706766,0.008340043851067912,0.4707260979071118,21376.85793334961,2.0450204955519553e-06,10.72654914855957,2.402933569101151e-05
692,0.7321965386003005,-0.013468168382523779,-0.760166068892979,20345.077525390625,2.0863464006859015e-06,8.073911666870117,2.195319211750757e-05
693,0.44726230912290893,0.02297933055417218,1.2969920539324344,24567.316117675782,1.9086400043651293e-06,7.670966148376465,3.066876161028631e-05
694,0.98324124415282,-0.0030308938454018637,-0.17106874478052225,31404.064353027345,1.67713424489166e-06,11.476404190063477,1.571567918290384e-05
695,0.8595600760106118,-0.021992659542757736,-1.2413026830591967,56544.854932617185,1.3275615866425674e-06,39.936805725097656,3.40630576829426e-05
696,0.8778959829085088,-0.015042631364775303,-0.8490314069139001,63582.512430664065,1.2421658878401775e-06,35.9790153503418,3.464264591457322e-05
697,0.77411117748225,0.0516408268261249,2.914695094971957,47465.579053710935,1.4224423161214924e-06,47.82542037963867,8.475164941046387e-05
698,0.7616506129755984,-0.11428371380399026,-6.450364963776185,29950.543220214844,1.7759689346345918e-06,26.090618133544922,0.00016005973157007247
699,0.05829804433817979,-0.0219785838141998,-1.2405082252724515,29075.007895507813,1.7363740901915083e-06,9.724764823913574,3.326461592223495e-05
700,0.8849862780519167,0.01949966131601208,1.1005936714135245,21894.211967773437,2.001852212459044e-06,14.906092643737793,4.688445187639445e-05
701,0.7849283011287288,-0.023893961905774225,-1.3486153852783491,35011.256026855466,1.5938774803381543e-06,32.94071578979492,4.178176823188551e-05
702,0.9601108424440777,0.008267615933612606,0.466638144465607,30384.235899169922,1.7019198202379064e-06,17.63095474243164,3.0740033253096044e-05
703,0.5823657668557061,0.046071894898449574,2.600375213369743,46684.32255029297,1.3755550447101272e-06,20.176502227783203,5.633694672724232e-05
704,0.9826728883863407,0.004581991068051681,0.25861528004232603,65187.16659912109,1.2098081977882377e-06,20.155397415161133,2.0326559024397284e-05
705,0.9171738285417587,0.03200186015064327,1.8062387948418879,51624.67127246094,1.3468435946178342e-06,24.815046310424805,5.632930697174743e-05
706,0.9273268729153081,-0.04979703486316937,-2.8106283764302535,35427.64328076172,1.6907278207044774e-06,131.18190002441406,0.00019146200793329626
707,0.974018094942078,0.004923946335587929,0.2779158103057861,32495.081399414063,1.6438611866203452e-06,25.393085479736328,3.7609468563459814e-05
708,0.6698924589445134,0.025207980200031396,1.4227807871970735,27882.31963330078,1.7713854251133312e-06,11.316343307495117,4.417578020365909e-05
709,0.5626344218946675,-0.010981607041202558,-0.6198203658836435,16925.736584228514,2.28963049640996e-06,5.580808639526367,1.4573797670891508e-05
710,0.9994426007999333,5.0058816647424734e-05,0.0028254037804936166,15659.82779711914,2.363034453794911e-06,4.973052501678467,1.0138995094166603e-05
711,0.6766435388854172,-0.02363944136255994,-1.3342498178683988,19166.923197021486,2.1309476124404907e-06,10.39654541015625,3.829346314887516e-05
712,0.6709969996572412,-0.014806276432738795,-0.8356911371424888,21092.28468286133,2.0638750059555033e-06,5.911506175994873,1.9844832422677428e-05
713,0.5350468602147139,-0.032896627132118016,-1.8567409477378587,44115.99114306641,1.4645654966584755e-06,18.481971740722656,3.7305359001038596e-05
714,0.9816210411781258,0.005558881917818319,0.31375264214779386,76903.7413798828,1.1423236259510428e-06,21.177892684936523,2.070813388854731e-05
715,0.5446998858326957,-0.031044415971354784,-1.7521990355158459,55494.932775390625,1.3099685617588745e-06,29.18061065673828,3.114014907623641e-05
716,0.8542376128516517,0.07958487130292326,4.491903950369253,57981.6953125,1.2573387452224942e-06,91.59869384765625,0.00014203695172909647
717,0.04731332715854898,-0.020341525759852347,-1.1481099161350588,49264.88996679687,1.3302656587728953e-06,14.166946411132812,2.3557146050734445e-05
718,0.998861197070733,-0.000784594122464351,-0.044283811488737834,24613.408159667968,1.8837322867900343e-06,9.126948356628418,1.4476825526799075e-05
719,0.8863723293595509,0.012072798628381428,0.6814090537939602,21729.804547851563,2.0321384813410685e-06,6.317060470581055,2.176441194023937e-05
720,0.6168056407628556,-0.006573952784203382,-0.37104494858709985,27415.111829589845,1.7958131154647357e-06,4.463680744171143,8.665625500725582e-06
721,0.8842487013979263,0.0017539286471995035,0.09899468190422092,38308.257615234375,1.5287659306371824e-06,2.162611722946167,3.3697181152092526e-06
722,0.7752349494791856,0.024462405546082686,1.3806993001187073,63669.09682617187,1.2202280890386149e-06,9.452028274536133,2.130619941453915e-05
723,0.9038768042710259,-0.006818809151308945,-0.38486505364812473,33546.49670166016,1.6905224657505074e-06,18.076616287231445,2.616943311295472e-05
724,0.7574985209004267,0.044591202420014554,2.516802440249986,47757.840147460935,1.4162346671010988e-06,28.423025131225586,8.791584696155041e-05
725,0.3440791751929417,-0.009492583344250455,-0.535777364782668,44854.0203515625,1.3929980903305066e-06,7.643669605255127,8.66049413161818e-06
726,0.8963190414416305,0.00478625691694547,0.2701443880065659,17363.963834960938,2.2675675815915603e-06,3.6912758350372314,9.981887160392944e-06
727,0.984575208757441,0.001533784028313271,0.08656934946303775,14299.161885009766,2.475188328009713e-06,4.898742198944092,1.001317741611274e-05
728,0.9818122283342656,-0.0031069182011988633,-0.17535968724908504,18117.633196777344,2.2097740124031896e-06,8.348444938659668,1.7660853700363077e-05
729,-0.3599462896373319,0.019895633326080096,1.1229429974492486,15121.111947753907,2.400015697183694e-06,1.9339408874511719,2.3101378246792592e-05
730,0.9885057768149231,0.0024061828220466367,0.13580900423300576,17295.1763359375,2.2500710778470154e-06,7.158462047576904,1.386682652082527e-05
731,0.8732847976882421,0.007020320192194036,0.39623867561641846,17544.290554931642,2.2359245011571444e-06,5.294250011444092,1.3007815141463652e-05
732,0.9898832689512967,-0.0014053459653500325,-0.07932008923358563,21065.71990698242,2.049478987518434e-06,4.208830833435059,6.513104835903505e-06
733,0.7667423202641723,-0.004651830759726298,-0.262557149668925,31929.742296386717,1.6863778621975764e-06,3.102924108505249,5.577191132033477e-06
734,0.9581832708958977,-0.014645608245003224,-0.8266227544791422,66429.73823583985,1.2084674762268887e-06,26.030223846435547,2.2585943952435628e-05
735,0.7246244449495323,0.025073501198984806,1.4151905662649613,30934.448592285156,1.7447720851092576e-06,8.861326217651367,3.135063889203593e-05
736,0.6083256644446435,-0.023230715716332267,-1.3111806551638547,39151.270948242185,1.5540293354184547e-06,16.10214614868164,2.8979733542655595e-05
737,0.6197613130157845,-0.013800080672522445,-0.7788997566179516,42210.009856445315,1.4465810934045948e-06,13.693222045898438,1.927957418956794e-05
738,0.9037507950933966,-0.00935862427972056,-0.5282164899417796,23475.513747802735,1.925377295717332e-06,12.151694297790527,2.0154655430815183e-05
739,0.9942072089365013,0.002432680971290995,0.13730460433035538,20312.41137402344,2.076811283661508e-06,10.7833833694458,1.8616336092236452e-05
740,0.9916882098061186,0.0011222953357393557,0.06334423577692495,17128.11319970703,2.2723590852996203e-06,8.106783866882324,1.5363686543423682e-05
741,0.7939704808872928,-0.018906582981214923,-1.0671193329954398,18680.675130126954,2.1696961152195502e-06,11.369551658630371,3.9203991036629304e-05
742,0.4411411562891278,-0.024130228482767413,-1.361950668142555,26817.825985595704,1.844624266872864e-06,9.413352012634277,2.711651541176252e-05
743,0.9977333115338157,0.0015493986125931683,0.08745066285416297,45219.04466137695,1.466147864039109e-06,52.32052993774414,6.774217763449997e-05
744,0.7661052990093645,0.07372639748693498,4.161241837754815,27644.942406738282,1.8096923045063237e-06,34.40016555786133,0.00012614887964446098
745,0.7294628926880476,0.035853995946764354,2.0236598161575254,37562.1495,1.5776715404782213e-06,27.471332550048828,6.462507735705003e-05
746,0.8201284844650336,0.031806718666849775,1.7952246813856196,56674.24692773438,1.2788446083947057e-06,23.8974609375,4.232601713738404e-05
747,0.7250231187871289,-0.03076100217316464,-1.7362026842139284,74642.09934375,1.1306637135858107e-06,46.71480178833008,3.7367579352576286e-05
748,0.8543393999833824,-0.029707700684249303,-1.6767525771580307,57065.93445214844,1.2892635173948692e-06,35.725196838378906,4.012761201011017e-05
749,0.7194899950322886,-0.03614490772698055,-2.040079366172103,50263.43918017578,1.3703519235144675e-06,41.8952751159668,4.7745255869813263e-05
750,0.2502758908744194,-0.027126634943241648,-1.5310728869306602,46882.78921386719,1.3730563427275264e-06,26.623374938964844,1.5171382983680815e-05
751,0.98926583725924,-0.0027329347467859037,-0.154251432266098,19274.46328515625,2.1277610856144415e-06,13.298877716064453,2.3934146156534553e-05
752,0.9933501493549225,0.002082266983732548,0.11752664968634734,20586.42397607422,2.071595618687244e-06,15.499218940734863,2.7923260859097354e-05
753,0.8281211009220606,0.009558544446648401,0.5395003203090301,32356.79574560547,1.655949263661028e-06,7.028660774230957,1.8461529180058278e-05
754,0.8666456909358263,-0.005184216311483921,-0.29260588536339044,49554.69318359375,1.3347218661581125e-06,8.446388244628906,1.0348337127652485e-05
755,0.9906895650111799,0.003276650921049716,0.1849396873461256,48671.52670361328,1.3927010142207276e-06,34.622467041015625,3.7194982724031433e-05
756,0.9719150443421224,0.018070482693650376,1.0199284269459616,27942.880080566407,1.842256873910108e-06,22.332408905029297,6.204357487149537e-05
757,0.19846596442938902,-0.2923878902165774,-16.50286414493119,45021.36792675781,1.4154867353974235e-06,74.3284912109375,0.0003257890639360994
758,0.3834521089895469,-0.09443286095086977,-5.32994945151468,24765.343169433592,1.8742500802708404e-06,62.14653778076172,0.00016907815006561577
759,0.9775762108869623,-0.025257789435342296,-1.4255921041872874,25441.765392578123,1.8511423703880719e-06,105.39413452148438,0.00016395800048485398
760,0.9948599894008313,0.01916523783999163,1.081718248127173,21153.526182373047,2.0421224830333822e-06,131.88912963867188,0.0002320271305507049
761,0.9250924581510157,-0.04031194848191114,-2.275274152844264,18487.75237597656,2.180758471030297e-06,84.87164306640625,0.00014553655637428164
762,0.8054440428318702,-0.14016366626553112,-7.911072995267263,23062.191555664063,1.9431643679868907e-06,197.9473114013672,0.0003032999811694026
763,0.36488238397522504,-0.13874392394999477,-7.830940351823136,20999.832789550783,2.0368646386532028e-06,78.00051879882812,0.0001933026360347867
764,0.6829206472049411,0.19072962152686154,10.76510053183277,18538.77782421875,2.1792769516201446e-06,78.53231811523438,0.0004239734844304621
765,0.8006701389988903,0.09542569728269888,5.385986803438493,18452.43641503906,2.1585444868649227e-06,51.179351806640625,0.00027860800037160516
766,0.9419606899579839,0.03779706679258913,2.1333300017759194,18913.383315429688,2.151631816249656e-06,54.44540786743164,0.0001637560490053147
767,0.975328535600113,0.021772309305630833,1.2288657451787834,28378.193459472655,1.7792813600443646e-06,61.764347076416016,0.0001334419212071225
768,0.6878041777181908,0.029897344179849277,1.6874563749163376,22460.40511816406,1.9713783053967175e-06,21.881423950195312,7.483895751647651e-05
769,0.741493991345537,0.028641332883322882,1.6165649854825257,56144.234418945314,1.2586689755837388e-06,54.73447799682617,0.00012546411016955972
770,0.2707800282608633,-0.023142038192849334,-1.3061755466360572,20949.07195800781,2.066312828125928e-06,6.117142677307129,3.911655949195847e-05
771,0.7564794682569015,-0.00936430413161237,-0.5285370703326586,27520.664863769533,1.8029254044904272e-06,14.030954360961914,2.0045416022185236e-05
772,0.9259391977182819,-0.004771763355060378,-0.2693263470042909,31207.429588378905,1.6971520220897817e-06,12.128071784973145,1.973328835447319e-05
773,0.9987594843515655,-0.0005453751077339435,-0.030781888074413132,58954.35876953125,1.3014601032029266e-06,12.691481590270996,1.4400942745851353e-05
774,0.9833051742305526,-0.002083796012739447,-0.11761295065440666,60149.555349121096,1.2627374763971903e-06,21.03474998474121,1.8861948774429038e-05
775,0.8421339147767611,-0.03689413057302609,-2.0823667633464855,54646.285421875,1.3231767083572972e-06,56.57068634033203,8.290990081150085e-05
776,0.6695880962622709,-0.02876794910165264,-1.623711417737614,37299.57764453125,1.5639022730912647e-06,23.085403442382812,5.8615256421035156e-05
777,0.5010630243556271,-0.03050624312440885,-1.721823655150192,27252.643008789062,1.7869546860133399e-06,11.182406425476074,5.774840246886015e-05
778,0.6693548933221563,-0.07868039494401712,-4.440853783885703,23870.039385742188,1.9216808258638736e-06,41.870182037353516,0.00013457842578645796
779,0.9940724252103392,-0.0016023190094091126,-0.0904375790308298,24533.0183671875,1.9032339581016785e-06,25.352237701416016,4.249444464221597e-05
780,0.8927445184443695,0.044456410882681464,2.509194579244365,23248.07261767578,1.9397080150055915e-06,42.71274948120117,0.00012653123121708632
781,0.565597521185035,-0.03988571716065167,-2.2512169404068763,22849.81244189453,1.962899851674363e-06,17.46392250061035,9.276767377741635e-05
782,0.9695891807247495,0.0053611499134857184,0.30259231535659614,22463.822946289063,1.9811589601351945e-06,24.444211959838867,4.4068645365769044e-05
783,0.8611424956243617,0.01490440875493854,0.8412298904071654,22960.199901855467,1.9667184097952995e-06,26.71126365661621,5.5474622058682144e-05
784,0.7780418244783999,0.014859620134495842,0.8387019453617766,25934.838813476563,1.8520705149468975e-06,25.645051956176758,4.392220944282599e-05
785,0.8923258231741078,0.012194782032492576,0.6882940022249344,29365.067383300782,1.7376695601656943e-06,24.182348251342773,3.491574534564279e-05
786,0.7806509214361936,-0.01675822248006576,-0.9458622540564341,37502.16922021484,1.5467778307010167e-06,16.605571746826172,2.578859312052373e-05
787,0.5524591264509037,-0.04420257172788864,-2.494867470542608,60470.64587597656,1.2489807194684074e-06,32.07518005371094,4.904302113573067e-05
788,0.8632380947677052,0.058171021440526216,3.2832702588804255,70535.502421875,1.1459940088387475e-06,103.54297637939453,0.00011058684322051704
789,0.24616508152329655,0.04595937994285673,2.5940246800933955,40586.18997119141,1.5042271191465574e-06,21.08843994140625,5.802572923130356e-05
790,0.3318650242714096,-0.06144345111351395,-3.4679716918883248,45286.889514648436,1.4281616033287226e-06,26.410083770751953,8.985486783785746e-05
791,0.987578441053284,-0.004152180646356889,-0.2343560571584688,40044.71282714844,1.4733794850683017e-06,30.024587631225586,3.5624449083115906e-05
792,0.8703669094740388,-0.018060408357082936,-1.019359814451102,23919.436861816408,1.9008858895573755e-06,20.634145736694336,4.134514165343717e-05
793,0.9986596463263717,-0.001156898239532132,-0.06529728184832456,20829.269088378907,2.070970980935804e-06,22.71906280517578,3.849466156680137e-05
794,0.7204282017926629,-0.011208187568065612,-0.6326089517923765,31543.065103515626,1.671119124319148e-06,11.894539833068848,2.006593240366783e-05
795,0.5223935027016285,-0.032742836367116564,-1.8480607383773278,40909.204025878906,1.4617848967752482e-06,15.244006156921387,4.6677072532474995e-05
796,0.8440412703276818,0.010412558856040425,0.5877023295152621,94807.93742626953,1.0113022758356239e-06,17.167016983032227,1.9478031390463002e-05
797,0.9120618930011238,-0.011835771040017191,-0.6680308181684071,50872.66164697266,1.3679957399459759e-06,25.344518661499023,2.6763134883367456e-05
798,0.7729069988425556,0.04891441453853554,2.7608118012697775,41384.16658984375,1.4860203605878855e-06,37.693145751953125,7.945372635731474e-05
799,0.8801908212221045,-0.011951124175347523,-0.6745415430812558,38163.08364697266,1.5411779695229795e-06,25.332963943481445,3.306357393739745e-05
800,0.7218534925788194,0.014686085287355162,0.8289073468075999,33519.51499121094,1.6106992606931924e-06,17.52851104736328,4.196075315121561e-05
801,0.9462281432736711,0.006866090198617101,0.3875336754565676,21923.918836669924,2.0088290894100386e-06,15.524688720703125,2.6164138034801e-05
802,0.8721596811009157,0.008904512553775508,0.5025856605858157,19698.307654052733,2.140430509894048e-06,10.049382209777832,1.9359589714440517e-05
803,0.882039227163602,0.010513587415351106,0.5934045512722141,23465.05277734375,1.953924615663288e-06,9.902584075927734,2.3305707145482302e-05
804,0.8735688233932422,-0.009516785262138084,-0.5371433617213593,31532.49113696289,1.6845265931792158e-06,13.259288787841797,1.7639969883020967e-05
805,0.9955347137689969,-0.002377828746190091,-0.1342086525171086,53835.08864111328,1.3207889533999482e-06,25.198572158813477,2.5874902348732576e-05
806,0.9703972127934642,0.014828490803760001,0.8369449535941773,49234.66936328125,1.376862858306334e-06,46.11372756958008,5.4304477089317515e-05
807,0.9909321921936162,-0.017078485137721942,-0.9639384169443007,34987.438995605466,1.6649954738265935e-06,74.62249755859375,0.00012420449638739228
808,0.4790718025890583,0.03740425670694368,2.1111591400710656,31041.224809082032,1.698507929754916e-06,14.6309814453125,6.392288923962042e-05
809,0.9934483575998729,0.002223361378896544,0.1254902545855719,33522.760528320316,1.6342156452268535e-06,10.796210289001465,1.6984204194159247e-05
810,0.8220169299968203,0.013366066332748595,0.7544032575292431,17384.36973950195,2.264782633084967e-06,9.210478782653809,2.5853296392597258e-05
811,0.9186703628403665,-0.0076265436809135135,-0.4304549486241456,15582.721895996094,2.393799702659262e-06,9.348217964172363,2.0739613319165073e-05
812,0.9942925036457325,-0.002333246888045272,-0.13169237748346213,12186.238884765626,2.6476342538102386e-06,8.706998825073242,2.0456673155422322e-05
813,0.6596011460941168,0.01756778441943812,0.9915552911123565,13945.350065185547,2.5130975859905967e-06,4.012804985046387,2.9747028747806326e-05
814,0.6289053366078685,-0.007691791701119491,-0.4341376565926165,15714.0310859375,2.381643309524484e-06,5.344342231750488,9.36961623665411e-06
815,0.8594910072096114,-0.005719775707763516,-0.3228337581791792,18344.95128100586,2.181509325668737e-06,4.890417098999023,8.847878234519158e-06
816,0.7220382550075455,-0.006374027452439018,-0.35976082670779175,22901.015069091798,1.9727457467169345e-06,3.7642087936401367,5.729000349674607e-06
817,0.9975115027326066,-0.00032570644005237793,-0.018383419119485878,40984.80705078125,1.4892887750298083e-06,7.083315372467041,8.62767865328351e-06
818,0.995268364243591,0.006727631607734252,0.3797188397828133,66864.79766552734,1.1904816205979274e-06,52.21330642700195,4.6549594117095694e-05
819,0.7231961912767076,0.012417152480115155,0.7008449641825063,41004.19668310547,1.5470723897007028e-06,4.313884735107422,1.4886965800542384e-05
820,0.6258831139459513,-0.0036978110417644123,-0.2087106726980469,44814.89212109375,1.4367985162122369e-06,4.069977283477783,5.115060957905371e-06
821,0.32665563768267725,-0.01994216230356498,-1.1255691711723357,36091.00022949219,1.5771112114455417e-06,8.531599998474121,2.1755702618975192e-05
822,0.8711573076723053,-0.00426723408675705,-0.24084986678555145,21121.455172363283,2.027423126744401e-06,3.8591268062591553,6.410336936824024e-06
823,0.7083564557274121,0.018591788842786266,1.0493518225275447,15730.446777954101,2.3338672436241062e-06,3.4101293087005615,2.2544245439348742e-05
824,0.06351941351764145,-0.011695296804003991,-0.6601022160943896,15216.281282958984,2.398495722567567e-06,3.422759532928467,1.2390626579872333e-05
825,0.9578701985670116,0.003588815112915227,0.20255875920800356,24020.141615722656,1.9192655605437774e-06,6.104895114898682,1.267709922103677e-05
826,0.7345520925823099,-0.009361234688438115,-0.5283638257989405,31388.032248046875,1.6776496422724855e-06,7.352199077606201,1.0985319022438489e-05
827,0.725322228999251,-0.024993062640568192,-1.4106504787785055,50579.41410253906,1.3490475622000462e-06,11.329267501831055,1.8321512470720336e-05
828,0.9330543102319189,0.011144845167581774,0.629033800205133,76539.56778027344,1.108609320394071e-06,25.7762508392334,2.4738166757742874e-05
829,0.8117727187474328,0.022843520033252518,1.289326679779868,64147.70789208984,1.2427333260501805e-06,16.35783576965332,2.7222979042562656e-05
830,0.9737362716883715,0.005496975710156315,0.3102585516982298,45129.67726123047,1.473895478440501e-06,13.118178367614746,2.154998765035998e-05
831,0.6549895859521011,0.02449299187818429,1.382425644130392,45846.20488134766,1.4085301491472865e-06,14.068380355834961,3.4973592846654356e-05
832,0.813758104592116,0.006875948911574518,0.3880901177923279,21597.228287841797,2.036464746620559e-06,4.0180487632751465,1.0562992429186124e-05
833,0.9619459949275023,-0.0005504852041372983,-0.031070310507536475,15726.652173583985,2.358802527685157e-06,1.1204909086227417,2.111946059812908e-06
834,0.7603039167675348,0.01491512242239137,0.8418345878121677,15750.783084960938,2.3409715528135144e-06,2.8832690715789795,1.885117126221303e-05
835,0.762314725314188,-0.004919846645027348,-0.2776844168773257,15729.192514892578,2.386255704511179e-06,3.8454630374908447,1.002312455966603e-05
836,0.8892787116229451,-0.001680765392968934,-0.09486522481872466,17664.960147460937,2.228848985002408e-06,2.091752290725708,2.8973372536711395e-06
837,0.9871979490356038,-0.0018589219987623915,-0.10492068320229077,20698.592861816407,2.0617452826257496e-06,6.359451770782471,1.1032118891307618e-05
838,0.9993550710213718,-0.0002461126182857756,-0.013891009989897268,33108.12309838867,1.6554133784144794e-06,2.5435831546783447,3.5877333175449166e-06
839,0.9146810126598919,-0.020407111082863607,-1.1518116620410008,58892.75859667969,1.2760490861853974e-06,22.259483337402344,2.121372745023109e-05
840,0.884225882877132,-0.01124399631650896,-0.634630057763362,38543.89590087891,1.557886068567077e-06,10.767745971679688,1.5678593626944348e-05
841,0.48684501298694577,-0.02251492983344143,-1.2707804964108456,58362.6662109375,1.27855135040209e-06,17.962602615356445,2.2309348423732445e-05
842,0.5899994349707346,0.04981541043414632,2.811665524552885,40745.14973339844,1.4760608898049484e-06,10.32361125946045,6.39189311186783e-05
843,0.9937944284784859,0.0011812648440750592,0.06667257397874533,25608.480727294922,1.8627759090036587e-06,7.769726276397705,1.1891042959177867e-05
844,0.995183994570264,0.0012940651504618885,0.07303921293369518,19277.39468017578,2.1518752706442066e-06,7.229628086090088,1.3522337212634739e-05
845,0.9948830745095694,0.0013621077789231699,0.07687965329095074,20836.914726074217,2.0565695434382435e-06,6.323678970336914,1.180324670713162e-05
846,0.9953091194364576,-0.0007457644464183138,-0.042092199284467724,30174.492247558595,1.7051150164935771e-06,8.549544334411621,1.3218994354247116e-05
847,0.9730952458961886,-0.0057571603068391234,-0.3249438078094853,57867.56013183594,1.2593395181386995e-06,14.473247528076172,1.3869604117644485e-05
848,0.7664472312939647,0.020648871996904454,1.1654570545263574,50724.069265625,1.3766208211658608e-06,13.262784004211426,2.2285736122285016e-05
849,0.6279255149409525,-0.03258513693421617,-1.8391599172285438,31702.93666796875,1.7299231458160116e-06,26.49379539489746,5.3190462494967505e-05
850,0.7449147407021758,0.02515736152025417,1.4199237838001795,41525.269133789065,1.4906350598897683e-06,10.399918556213379,3.419053973630071e-05
851,0.9852791859811164,0.002764624307184409,0.1560400443378283,26424.34502294922,1.8323697251184967e-06,8.344156265258789,1.3419281458482146e-05
852,0.8069564862894392,0.007356460303124548,0.4152109886634443,17705.75918408203,2.2456387860243908e-06,6.017770290374756,1.2912824786326382e-05
853,0.9969332182556822,0.001129199809060645,0.06373393586036252,15268.609111328125,2.351086888599585e-06,6.360600471496582,1.2731335118587594e-05
854,0.35392210089656306,-0.016904779930081656,-0.9541342029570822,14933.865116455077,2.409540464926918e-06,2.8536102771759033,2.044698157988023e-05
855,0.8532154086854289,0.016559849477546174,0.9346657482497881,15949.681010253906,2.335529503398198e-06,4.507688522338867,2.4591179681010544e-05
856,0.8740957835788166,0.006565385805045761,0.3705614138789217,16654.223403320313,2.2917236263621675e-06,4.641821384429932,1.2338380656728987e-05
857,0.9395903597440113,0.002730581145059652,0.1541185910273215,18016.45466748047,2.242875684554676e-06,3.49342679977417,8.074488505371846e-06
858,0.8125573263847207,0.006725801458072656,0.3796155430586985,23804.783582519533,1.9530799410460256e-06,4.866087436676025,9.09403752302751e-06
859,0.7519257031474419,0.0201584209625694,1.1377751735039345,43693.06144677734,1.4653968696054311e-06,6.775134563446045,1.817168049456086e-05
860,0.9229013450429993,0.009270607057140083,0.5232486499071466,63279.76027636719,1.2246200093843727e-06,14.678991317749023,1.7362441212753765e-05
861,0.931080265051351,0.025806166620121508,1.456543434537829,67519.55035058594,1.1638933515422388e-06,37.109432220458984,5.535583113669418e-05
862,0.8739641029171669,0.02121327146061514,1.197312709239657,41573.29106445312,1.4887636876449103e-06,20.558609008789062,4.0930019167717546e-05
863,0.79279328750921,0.016681563717916754,0.9415355046266725,36516.63995117188,1.5684221466991545e-06,10.038017272949219,2.6923653422272764e-05
864,0.8920851628564933,0.0038624571225799507,0.21800357433525755,23900.368812988283,1.9184189220753774e-06,3.319230318069458,6.757367373211309e-06
865,0.982721470733625,-0.0018500900742910824,-0.10442219453512899,18092.87448071289,2.2149282978411853e-06,4.423505783081055,7.974507752805948e-06
866,0.9690914763582236,0.005456792830493942,0.3079905624065766,20562.48090917969,2.0722607510437366e-06,7.833703517913818,2.0008706997032277e-05
867,0.4503095380462544,-0.01602845908999764,-0.9046731812965534,20025.324263671875,2.1194086542491787e-06,6.287678241729736,2.380344449193217e-05
868,0.9195808835390823,-0.002563078886007396,-0.1446644818880514,31362.211076660155,1.6927567671030184e-06,3.8070504665374756,5.387808869272703e-06
869,0.8531674898853888,-0.013893391332539416,-0.7841663671618881,60540.60636328125,1.257084879249074e-06,13.753823280334473,1.2595683983818162e-05
870,0.9560773269016873,0.014014891812957434,0.791024058567634,46178.01364355469,1.4152469389997e-06,38.77555847167969,4.6055112761678174e-05
871,0.9539917496682877,0.018147467912792287,1.0242736021573073,44447.04825927734,1.4511281883390645e-06,29.96176528930664,4.468904808163643e-05
872,0.26817916868852654,0.049119329038303024,2.7723775201799707,42649.791607421874,1.4503112464389152e-06,13.44941234588623,5.593959576799534e-05
873,0.3706063388652998,0.01062325367787792,0.5995942995221222,27950.550669921875,1.7800395969062888e-06,2.493234395980835,8.721518497623038e-06
874,0.8676372033454592,0.004497135572593971,0.25382589320263116,19685.947071777344,2.1184984353727555e-06,3.2612128257751465,7.603804988320917e-06
875,0.542241445034892,0.007893196854017926,0.4455053020649033,15185.427783203126,2.4065806983544664e-06,1.3120064735412598,9.922892786562443e-06
876,0.7861302771664586,-0.0060753391622854,-0.34290235739691927,18188.903135253906,2.168460891022114e-06,2.83422589302063,9.603994840290397e-06
877,0.7676393059104208,-0.008210807075866614,-0.4634317570159886,22571.915661376952,1.975203543784645e-06,5.645216941833496,1.1618500138865784e-05
878,0.8992420470930024,0.005872235293459818,0.3314388335414826,35654.93472705078,1.6083063079949931e-06,4.8734259605407715,8.202734534279443e-06
879,0.9987539753246693,-0.0005876577604450484,-0.03316839208749592,71853.59105224609,1.1676489233215093e-06,15.078706741333008,1.3622938240587246e-05
880,0.6707783563772574,0.02302643243910228,1.2996505635150155,40479.84537890625,1.5602981012483025e-06,11.107915878295898,2.557077277742792e-05
881,0.8284147768409517,0.028403025253077877,1.6031145021409596,36957.357234375,1.5814968011348658e-06,20.250581741333008,5.8003741287393495e-05
882,0.9229555422066903,0.011939813349605992,0.6739031410583773,41478.62961328125,1.4522755423040656e-06,4.876087665557861,2.1399215256678872e-05
883,0.8408551144843707,0.004999908223654472,0.2822032269906086,21949.761831298827,2.0007296911320435e-06,2.713860273361206,7.699939487793017e-06
884,0.9990950970427497,-1.6171993593067314e-05,-0.0009127745099887726,15507.755978759766,2.3979849435747448e-06,3.2831168174743652,6.319793101283722e-06
885,0.8296976519281938,0.005606097927773009,0.3164175931386533,14828.121009033202,2.411613884436823e-06,4.204489707946777,1.0301136171619873e-05
886,0.6757582230307884,0.0073836655036576765,0.41674649592436847,17264.8799140625,2.2509859060451486e-06,2.5794036388397217,1.0625268259900622e-05
887,0.9255058272124748,-0.002311933716458617,-0.13048942624313664,19401.311042236328,2.1409918196959536e-06,3.3950772285461426,5.316782335285097e-06
888,0.969957036229629,0.002126850237598073,0.12004300349681726,23848.36474633789,1.927401589343088e-06,4.643460273742676,7.993487997737247e-06
889,0.9171993967049081,-0.0019798178393257092,-0.11174424771799579,39848.42960595703,1.5230401405194963e-06,2.6374900341033936,3.0826934107608395e-06
890,0.9410339820752527,-0.013850733743907316,-0.781758701135007,73565.86811132812,1.153281710587348e-06,20.097457885742188,1.687264011707157e-05
891,0.9958874798388236,0.001865731502939913,0.10530502306757294,34224.56300195312,1.6750224113432429e-06,23.163625717163086,3.015102083736565e-05
892,0.8592653823120997,0.017500991174230922,0.9877853680466748,45386.78180615234,1.4365673848832593e-06,14.704365730285645,2.7367774237063713e-05
893,0.46427711559019763,0.015451194599669722,0.8720914028497163,49271.02482910156,1.350832027689908e-06,3.9031283855438232,1.703080124570988e-05
894,0.9205415763948739,-0.004321641781261073,-0.2439207285444763,20992.151514404297,2.0849391165413427e-06,5.207460403442383,9.298913028032985e-06
895,0.8224033869518715,0.005374162489553515,0.30332676702921285,18149.684849609373,2.2264260659203013e-06,3.610697031021118,9.59072986006504e-06
896,0.3290828937646911,0.00859639834518122,0.48519517658940897,22213.75831323242,2.0031552271623233e-06,2.690682888031006,8.788057130004745e-06
897,0.985992738294888,-0.00046288753213170566,-0.026126150612782475,27963.66791357422,1.786941181311154e-06,1.4100638628005981,2.030401674346649e-06
898,0.8776822737733251,-0.011921357065798787,-0.672861437367896,49516.46523144531,1.3689742419417956e-06,9.906828880310059,1.1006296517734881e-05
899,0.9688855288408537,0.008574655041920395,0.48396794799416964,56123.02610693359,1.3092211779489053e-06,17.667606353759766,1.946806332853157e-05
900,0.9064594020891402,0.0049731565820735155,0.28069331935955943,43746.766439941406,1.4853786685165303e-06,5.4223761558532715,9.222580956702586e-06
901,0.8391289895295208,0.020678905529058305,1.1671521975795127,52882.747166503905,1.3321497678548563e-06,19.143478393554688,2.804462201311253e-05
902,0.8732955778302887,0.0053334268842124164,0.3010275809708992,44977.766829101565,1.4106574553375056e-06,7.0370941162109375,1.1278463716735132e-05
903,0.9751737327899346,0.001661947503446296,0.09380311149366051,19721.785403076174,2.1188451933254833e-06,3.1614089012145996,6.583025879081106e-06
904,0.9656652260568217,0.002735434917885343,0.15439254612673897,15740.042338134766,2.375157004030779e-06,2.9754908084869385,8.698220881342422e-06
905,0.9888834376443715,-0.0014783252548929502,-0.08343916304279254,14354.341425292969,2.477003911427964e-06,5.568507671356201,1.2051649719069246e-05
906,0.9886865153649191,-0.0024321652130375885,-0.13727549406733697,15793.250430664062,2.3514474975734386e-06,9.744770050048828,1.9567651179386303e-05
907,0.9746345425294209,0.002621657092119825,0.1479707343344545,19342.188092041015,2.122392702859884e-06,5.862998008728027,1.1695992725435644e-05
908,0.07361318457060555,-0.00624505673999427,-0.35248150284600627,27034.997375732422,1.845987176878608e-06,1.766146183013916,3.905494395439746e-06
909,0.8585523361089824,-0.014784485447074435,-0.8344612172722208,61517.946067382814,1.252817317298074e-06,14.947906494140625,1.4586759789381176e-05
910,0.9129010878133417,0.015866675856346758,0.8955418635669081,50560.867115234374,1.3876384640387554e-06,10.817739486694336,2.3961429178598337e-05
911,0.9381263326575773,0.013239270737741187,0.7472467009528644,40529.499430664066,1.6012929083514216e-06,24.876272201538086,3.976560037699528e-05
912,0.25364066050190603,0.03499803517652887,1.9753479510726764,46372.94811328125,1.3807499710146785e-06,5.675254821777344,3.721037137438543e-05
913,0.7565981718284069,0.007688557192664625,0.4339550954969201,28589.605689453125,1.770866803127706e-06,4.843277931213379,9.791626325750258e-06
914,0.9962658427389527,-0.0004027666424206413,-0.022732826510203644,18637.145769287108,2.1862397101677055e-06,4.406749248504639,8.201848686439916e-06
915,0.9655785693884266,-0.0017573515950182776,-0.09918787883445827,14545.799916503905,2.4337107616794187e-06,2.756070852279663,5.509964466909878e-06
916,0.3554213201337362,-0.009070474445041683,-0.5119528287772643,14039.847367431641,2.480772914959007e-06,3.454955816268921,1.0394202035968192e-05
917,0.041896213393371004,-0.013444194520073982,-0.7588129437866511,16756.88462158203,2.3062122265231997e-06,1.8506661653518677,1.5759480447741225e-05
918,0.7482238021183544,0.01645765279493065,0.9288975956494276,19300.607281005858,2.151978304544911e-06,4.687810897827148,2.0574954760377295e-05
919,0.9903690416476055,0.0008993391925495482,0.050760216176749966,27689.24560058594,1.7886449644088234e-06,4.510715484619141,6.55361827739398e-06
920,0.7405351854297306,0.008502952740604005,0.47992094954759656,58440.99716699219,1.2718790837354057e-06,3.6962053775787354,6.3294105530076195e-06
921,0.7015292671542284,0.015986859378953253,0.9023252236594385,67613.37542382813,1.2101354722117061e-06,6.562506198883057,1.0122596904693637e-05
922,0.9201333425880613,-0.014187651656092705,-0.8007749145926535,39014.491178222655,1.5756399412523103e-06,23.679744720458984,3.067755460506305e-05
923,0.9648799340310552,0.012154440308059284,0.6860170474673289,51908.58923242187,1.333338343192705e-06,32.800331115722656,4.1342791519127786e-05
924,0.8588649854247954,0.008623426006915385,0.4867206632620056,48154.76032714844,1.3682493785615134e-06,11.801163673400879,1.9912318748538382e-05
925,0.9744849532091011,0.003529088841866874,0.19918770804626013,24398.272930175783,1.9031053368995525e-06,12.96084976196289,2.0169516574242152e-05
926,0.9967190141092072,-0.0008746747325495443,-0.04936811258351752,24234.706693847656,1.9194419828337475e-06,11.851224899291992,1.856904782471247e-05
927,0.9209700951714731,-0.008090128430370712,-0.4566204513550804,25761.60454003906,1.8636910235683076e-06,11.138670921325684,1.8419266780256294e-05
928,0.7100963879792168,0.014790993722931634,0.8348285553046185,37756.69272558594,1.5451828864368357e-06,5.588943004608154,1.8092205209541135e-05
929,0.9942873555315485,0.005546512954725673,0.31305451707366583,60593.41107324219,1.2713360414399373e-06,40.63322448730469,3.772216950892471e-05
930,0.9289955171201595,0.021519827707491657,1.2146152592571553,38441.69274804687,1.6151194261290782e-06,17.997243881225586,4.347140566096641e-05
931,0.9258230447461191,0.010918836918489603,0.6162775146160165,37494.951629394534,1.565440145083098e-06,14.234423637390137,2.6581719794194214e-05
932,0.1060776977124731,0.01903335158136902,1.0742743659369085,34976.491078125,1.5770180535038775e-06,4.379496097564697,2.214743108197581e-05
933,0.992929759835017,-0.0008299226307301199,-0.046842228710628535,18522.020986572265,2.1956591242995773e-06,4.248164176940918,7.829366950318217e-06
934,0.9543601705901629,-0.0012727759502110599,-0.07183761467586916,16158.731227783202,2.3502756643882083e-06,2.4607083797454834,4.963861556461779e-06
935,0.9886605241573121,0.0006010523024351131,0.03392440255900306,14331.117389160156,2.456821406111759e-06,2.9625449180603027,6.164578280731803e-06
936,0.7087551858703778,-0.002556356009575313,-0.14428503143837773,18102.299873535158,2.2210322879167775e-06,2.079932928085327,3.7605946090479847e-06
937,0.852146405855799,-0.005493900019443852,-0.3100849545429508,22086.861989013672,2.0155260879672814e-06,4.797245502471924,7.5126895353605505e-06
938,0.2807208611580593,-0.004366361447263033,-0.24644478168529002,26802.338274658203,1.8291069364091e-06,1.3581684827804565,2.9567988804046763e-06
939,0.9907391497968908,-0.00541911738908226,-0.3058640971458001,60584.63559375,1.2493347326925033e-06,19.43960189819336,1.737192360451445e-05
940,0.9923001426426116,0.0027249944700942722,0.15380326969883815,47964.474875976564,1.4035683180443865e-06,20.60837745666504,2.5084291337407194e-05
941,0.9050218992671973,0.019642951150746622,1.1086811906135234,35394.33727636719,1.6363382394611413e-06,35.918418884277344,5.483503264258616e-05
942,0.5163159904373935,0.025469911317412205,1.4375646198731244,45151.58298144531,1.3982956648489601e-06,13.550883293151855,3.2464999094372615e-05
943,0.8022223899064405,0.0060407986469197565,0.34095283263324694,21834.179729736326,2.0100422640798416e-06,3.7563562393188477,8.629349395050667e-06
944,0.9271328498221952,0.002354824769192726,0.13291026937648184,15113.144188476563,2.410496798976874e-06,2.3298468589782715,5.967451215838082e-06
945,0.9283710966590588,-0.0034546397441178813,-0.19498567579056622,13328.599278808593,2.5649981894499876e-06,2.9049034118652344,9.174282240564935e-06
946,0.7046514296787301,-0.0043234759943321915,-0.24402425461425678,14052.798884521484,2.4752125252260808e-06,2.2322778701782227,6.53987035548198e-06
947,0.902253235204601,0.0033215164868234523,0.18747197531537424,16174.548761474609,2.3525171304011735e-06,3.2868900299072266,8.263713425549213e-06
948,0.937944326887041,-0.001926431686251107,-0.10873104347496758,16890.082250976564,2.2958645734646662e-06,2.521817207336426,4.3547602217586245e-06
949,0.7648270950910031,-0.00474303149150697,-0.26770467231557055,23175.296205078124,1.962650407947198e-06,2.8792026042938232,4.931839612254407e-06
950,0.711558167593797,-0.030416683844863932,-1.716768778827671,37062.261646484374,1.5728595873445061e-06,11.490521430969238,2.1994512280798517e-05
951,0.8954299618180026,-0.0077823506970646685,-0.4392489585896918,60702.214064453125,1.2750089732227804e-06,8.910446166992188,1.0055172424472403e-05
952,0.6009392388776151,0.031829181777682895,1.796492537130524,48780.5620961914,1.404487255996042e-06,19.142812728881836,4.071769944857806e-05
953,0.7513121656992068,0.03401558494853809,1.9198968083126975,45482.481992675785,1.4543349062923003e-06,18.43020248413086,4.677924152929336e-05
954,0.8626689166942357,0.012793670527571282,0.7220962758585153,42735.06397460937,1.4320492048430525e-06,4.617335796356201,1.867509308794979e-05
955,0.3721538935581392,-0.006512428278081937,-0.36757240201427793,22654.600774414062,1.9909406993229366e-06,2.901779890060425,5.230340775597142e-06
956,0.7272581839324016,0.014660252790638735,0.8274493172581552,18053.501312988283,2.227086449540602e-06,2.9416496753692627,1.8074753825203516e-05
957,0.8608602635317373,0.003756148510370509,0.21200333751481648,15857.071427978515,2.3418819240074277e-06,2.038931369781494,6.811138518969528e-06
958,0.7258582721571718,-0.0024858346799608005,-0.14030468902034476,19713.767475341796,2.1011058187154746e-06,1.8142906427383423,3.2221560104517266e-06
959,0.7806697188527938,-0.005139807313659897,-0.290099366856897,24669.19205859375,1.9042146299700898e-06,3.240927219390869,4.893978257314302e-06
960,0.529700467574972,-0.008422200532601683,-0.4753631591511527,46653.011953125,1.414492973910009e-06,2.0120420455932617,5.784284894616576e-06
961,0.9615505795816439,0.009811197990998078,0.5537605111638896,75280.47529296875,1.138410294526033e-06,18.70174217224121,1.7540587577968836e-05
962,0.9841718375211115,0.008237054209445049,0.4649131893670955,50904.960380859375,1.3761349023821601e-06,27.174924850463867,3.1877640140010044e-05
963,0.9634441787697289,0.014966257555613267,0.8447207407098435,59072.33031054687,1.3024005867000014e-06,61.005340576171875,7.417402957798913e-05
964,0.5567890834688896,0.019905141996350195,1.1234796827871747,43263.72662597656,1.4361964514702994e-06,14.332860946655273,2.9875962354708463e-05
965,0.8235850410664857,0.010954562786107831,0.6182939426538765,21174.09650756836,2.07121615234111e-06,6.228792667388916,1.9551882360246964e-05
966,0.8398727197077637,0.00652986919432209,0.3685567966520353,20289.764509521483,2.0855455976963194e-06,4.718116760253906,1.066983077180339e-05
967,0.9981366959624697,-0.000984880153302773,-0.055588291830265264,22264.65004248047,1.9931744134312436e-06,8.809126853942871,1.4114038094703574e-05
968,0.8626311771270679,-0.002249823602068864,-0.12698382695500957,27632.30039892578,1.8010038863843377e-06,3.862929582595825,4.937719040754018e-06
969,0.6095096888288323,-0.012797102829590071,-0.7222900007555297,58207.800119628904,1.2800527918321717e-06,5.177956581115723,1.0691624083847273e-05
970,0.8673336056272081,-0.01428118861905024,-0.8060542980550611,67677.37756591797,1.215549017318393e-06,23.95931053161621,2.383549690421205e-05
971,0.9943545606229403,0.002517884761459031,0.14211364950912383,88771.22142089844,1.0476447158671612e-06,24.865934371948242,2.11435562960105e-05
972,0.9888845362379826,-0.032994564075394264,-1.8622686734875833,50712.658587402344,1.3594202645480512e-06,152.82232666015625,0.00016029117978177965
973,0.6474315328063815,-0.037020445532703956,-2.0894961920567248,49450.15191113281,1.3376775983724639e-06,23.2767333984375,5.252999108051881e-05
974,0.7525828717656287,-0.030884121587076124,-1.743151750948121,38205.18221875,1.5287082248585872e-06,32.965309143066406,4.6859055146342143e-05
975,0.9988676877103717,-0.001330244655549184,-0.07508124503305544,27896.140072265625,1.7882151418164405e-06,107.66302490234375,0.00016370876983273774
976,0.971304502691636,0.003102755415846894,0.17512473264451106,22642.962103515623,1.9804509013182917e-06,5.876194000244141,1.3117708476784173e-05
977,0.8223843418450568,0.037362953354929423,2.10882790943591,19865.002247558594,2.105114852349591e-06,33.18290710449219,8.777724724495783e-05
978,0.32334308481585367,0.025835134484997874,1.4581784295380298,17609.643443115234,2.2246554266760855e-06,12.14542293548584,3.6157558497507125e-05
979,0.5351094341009687,0.014827186246065053,0.8368713221643906,18111.315357666015,2.2221409365248124e-06,5.297940254211426,2.461890471749939e-05
980,0.676324087255868,0.015505809459775368,0.8751739573835251,15753.12034350586,2.357291301849322e-06,6.3343682289123535,2.6211275326204486e-05
981,0.4598352976050006,0.018035053462796675,1.0179287415858569,17949.668258300782,2.2126624430656987e-06,7.206388473510742,2.3211929146782495e-05
982,0.79301293660749,0.011348318011425008,0.6405181496309605,22014.79977661133,2.016265686542694e-06,7.4561591148376465,1.8486467524780892e-05
983,0.7018201649196828,0.008867141586046325,0.5004763803316213,25722.399414550782,1.867553416499752e-06,3.992121934890747,1.079571302398108e-05
984,0.2331740732774054,-0.01910475300184688,-1.078304382163054,39070.29772851562,1.5321579862468531e-06,4.824000835418701,1.307891943724826e-05
985,0.8054821687628552,-0.036562128050493824,-2.0636279827455994,64228.182100097656,1.2218973617887458e-06,29.36086082458496,3.633030428318307e-05
986,0.9627851391152035,-0.0036326197337826533,-0.20503116566286694,57134.46802197266,1.3093954060696617e-06,10.419241905212402,1.1605598047026433e-05
987,0.9302544367306907,-0.06643389031971429,-3.7496404716126124,50116.68676123047,1.367434397838597e-06,158.55712890625,0.00020048236183356494
988,0.2945091386168647,0.01399174870468714,0.7897178226240278,45123.723162109374,1.4129196396288176e-06,10.227157592773438,1.394280025124317e-05
989,0.9565781933673784,0.0037054652939451705,0.2091426915609914,25032.645306640625,1.9001195725359068e-06,8.220682144165039,1.4008202015247662e-05
990,0.5601861743770807,-0.010703944978982428,-0.6041486522308444,19235.90342260742,2.1265679129294698e-06,5.418585300445557,1.0623012713040225e-05
991,0.6999573670765702,-0.008656638559649292,-0.4885952355819059,18061.778751220703,2.204452070729865e-06,5.975243091583252,1.4589255442842841e-05
992,0.9763144076377964,-0.0022014746298871985,-0.12425492967109647,21734.712572753906,2.0171152508726847e-06,6.495654106140137,1.169292772829067e-05
993,-0.004215176115799834,-0.03653451647991629,-2.0620695392760986,36664.391206054686,1.5690793386314008e-06,6.971458911895752,3.396737156435847e-05
994,0.8799266776551256,-0.021303337584828354,-1.2023961927274656,64341.832125976565,1.2174858702775648e-06,26.144224166870117,2.365666841797065e-05
995,0.8997205511146245,-0.018505980143527535,-1.0445086352626032,26152.39787060547,1.882301340724065e-06,19.529577255249023,4.436140807229094e-05
996,0.7429808167836014,-0.1423916891236923,-8.036826351580343,55645.83296679687,1.2774140287036736e-06,229.4004669189453,0.00043679826194420457
997,0.733589688190758,0.055889316831632896,3.1544870142955075,28213.25108496094,1.7457021269091795e-06,42.03643035888672,0.00012908440839964896
998,0.9011644649292122,-0.013811944606505552,-0.7795693769999814,24047.638190429687,1.9279440317852507e-06,22.471668243408203,3.7530720874201506e-05
999,0.6605226407380634,-0.022845423455103174,-1.2894341121095332,18993.763884033204,2.1684147679556066e-06,18.677631378173828,3.647176345111802e-05
