state_idx,cos_sim,mean_A,mean_safe_delta,mean_sigma_i,mean_alpha_i,v_unbiased_norm,v_intentional_norm
0,0.9884396544646923,-0.0011405160973960537,-0.07518441848198835,54149.523818359376,1.5031155100195798e-06,14.288440704345703,1.9382392565603368e-05
1,0.9854668125213784,0.002239583144861035,0.1476364575413508,49535.62752050781,1.5969745151916845e-06,23.444557189941406,3.2538126106373966e-05
2,0.09580225715264991,-0.05738354468916151,-3.78280363402149,58686.867487304684,1.4942599645297186e-06,57.312889099121094,0.00011496357910800725
3,0.7336544170845255,0.029406094220355766,1.9384909155002137,71462.8860546875,1.3430996328373158e-06,55.620330810546875,0.00010535113688092679
4,0.9627060065230529,-0.009697582558512722,-0.6392782241368604,62321.496234375,1.425743397309968e-06,52.300655364990234,7.538722275057808e-05
5,0.7551107208274265,-0.01844015799935316,-1.2156010415483944,72842.31292089843,1.3342265917644998e-06,39.78071975708008,5.9895402955589816e-05
6,0.7790774178241043,-0.024778292266441678,-1.6334197292633608,58490.405625976564,1.4777245037449652e-06,32.95122146606445,7.532642484875396e-05
7,0.6648952127553013,-0.0208395502219745,-1.3737723373151625,52570.83712597656,1.5431566540228587e-06,18.63637924194336,4.8636782594257966e-05
8,0.9994723473024753,0.00030418809436426607,0.020052505208946365,40653.61060449219,1.7654127409564178e-06,14.872220993041992,2.3003152819001116e-05
9,0.5673033838737699,0.02087324472444447,1.3759935261085763,59519.6272890625,1.4502009054029506e-06,20.561782836914062,5.191019590711221e-05
10,0.8437367082725389,0.021786479475723305,1.4361952399372588,53916.76161816406,1.526267028915342e-06,33.50968933105469,5.791578223579563e-05
11,0.9844008746580968,-0.009711205985338523,-0.64017629951341,60635.372265625,1.4555302047927688e-06,63.887962341308594,7.81821581767872e-05
12,0.5948795883353625,0.029414351426474198,1.9390352420921115,37236.99502148438,1.8486706026264114e-06,52.755435943603516,0.00013765462790615857
13,0.7655016339669964,-0.03757738631144249,-2.4771539343891846,50208.3123046875,1.5969497242677332e-06,21.020164489746094,9.811644849833101e-05
14,0.9737347560704643,0.002807158076541572,0.1850517919507318,50889.41698632813,1.5661137889287157e-06,15.215829849243164,2.0837938791373745e-05
15,0.9523600977802045,0.007624091333235953,0.5025907785533513,40929.632846679684,1.76577888518821e-06,28.514097213745117,4.558976797852665e-05
16,0.7580073353840037,0.017405125218813523,1.147370231047484,36924.5318125,1.8453556599813401e-06,14.423762321472168,3.165780799463391e-05
17,0.8770907979231936,0.006623920120529243,0.4366580914291061,30761.02870751953,2.0610217974269965e-06,8.207466125488281,2.0398490960360505e-05
18,0.9500225250898512,-0.005276619956374413,-0.34784217765643755,36912.26794921875,1.8740063373579133e-06,14.914769172668457,2.3821765353204682e-05
19,0.8506176819674265,-0.011976070380767123,-0.7894793324996487,47046.41163671875,1.6862609844866668e-06,27.345380783081055,3.8418198528233916e-05
20,0.9845608569541077,0.0061759385521101195,0.40712651902154484,54504.78718652344,1.540565002939958e-06,50.02764129638672,6.0199559811735526e-05
21,0.5985560379019347,0.03864395566857457,2.547463680187395,32514.68286425781,1.978636387259011e-06,42.216487884521484,0.00015938631258904934
22,0.3000550337407118,-0.045608175482110026,-3.006554803983765,63566.916486328126,1.4178389044632278e-06,18.992250442504883,7.88876714068465e-05
23,0.8509613930060775,0.008117940556921522,0.5351460110356924,47371.13273730469,1.6417117369773088e-06,8.73869514465332,2.3403941668220796e-05
24,0.997763901153672,-0.0005134543156282762,-0.03384762760097526,39775.20756835937,1.780940408365396e-06,8.156455039978027,1.2093028090021107e-05
25,0.6178324958749023,0.01311597653549754,0.8646235427068676,39447.13272216797,1.7909554029470613e-06,9.668392181396484,3.532438131514937e-05
26,0.9973569148769431,-3.911492266466965e-05,-0.0025785104841794314,34452.79165039062,1.9396597959800186e-06,3.7009804248809814,5.591472927335417e-06
27,0.7789128249604693,0.00807038373372275,0.5320109986450616,45921.63705712891,1.6910669221105353e-06,8.943608283996582,1.7983702491619624e-05
28,0.9870674197255718,-0.0014021610853108477,-0.09243242253034291,60399.854629882815,1.45961522038513e-06,9.444411277770996,1.0896949788730126e-05
29,0.23473943471737332,-0.03823502157862694,-2.5205061722483406,59467.978030273436,1.474716206779586e-06,22.612838745117188,7.250995986396447e-05
30,0.9241859890552008,-0.022966169771429373,-1.513962076436986,32251.126611328124,2.006278913049929e-06,64.84382629394531,8.788040577201173e-05
31,0.7154433336598179,-0.009789499388983266,-0.6453375103349365,45781.25249755859,1.665575033943809e-06,11.046425819396973,2.2318987248581834e-05
32,0.6802953642797763,0.013593969956214353,0.8961335384507773,44938.29187011719,1.6580380340227885e-06,13.079071044921875,2.950863381556701e-05
33,0.8922294765950759,0.0059409180678241195,0.39163363954115793,30422.091458740233,2.042667539281934e-06,6.815510272979736,1.2433078154572286e-05
34,0.8847137253538718,0.003483771163894502,0.22965507429464377,28665.654525878905,2.0867318424104908e-06,4.25515079498291,8.378813618037384e-06
35,0.9799159651806889,-0.0018312776661779425,-0.12072038853725153,31382.558576171876,2.030415451366661e-06,7.889217853546143,1.3353325812204275e-05
36,0.8805173311449881,0.004065778463445389,0.26802181060718744,35804.32665307617,1.875977114731499e-06,4.388095378875732,9.371044143335894e-06
37,0.9812390004326982,0.002021630579377175,0.13326871917275232,57585.718642578126,1.4914583625809155e-06,9.628100395202637,1.1909267414011993e-05
38,0.9224372719771611,-0.007069374936447128,-0.4660230967729608,56749.99430859375,1.5107747787381668e-06,20.984573364257812,2.8722843126161024e-05
39,0.9991165572298277,-0.0005661104335818976,-0.03731879264362633,36402.86539013672,1.8823144323808116e-06,19.68640899658203,2.9629369237227365e-05
40,0.5524400883889331,0.035218915164238626,2.3216802132256555,43149.40171435547,1.7255924231175883e-06,19.4478759765625,6.22288353042677e-05
41,0.9992923213314837,-6.66583872633475e-05,-0.004394214246326079,37309.431211425785,1.829447816607563e-06,7.0925774574279785,1.0806486898218282e-05
42,0.9254858330527557,-0.002087688569769013,-0.13762335441642695,33125.97396435547,1.9532883890202235e-06,2.851759195327759,4.7680332500021905e-06
43,0.6873784787163782,-0.004903086744691184,-0.3232183451930184,29717.098760009765,2.077814161154128e-06,2.638331890106201,6.793116881453898e-06
44,0.8036055899389968,-0.004407978573964466,-0.2905801211585156,19539.715642333984,2.5285023631251498e-06,3.6322598457336426,9.009052519104443e-06
45,0.9989148116358416,-0.000247021179878657,-0.016283982141342933,20097.941678222654,2.5123826510342995e-06,4.637650489807129,9.80754521151539e-06
46,0.7021557707389499,0.00870454397677126,0.5738157300353998,21583.940801757813,2.4120726884600996e-06,2.140134334564209,1.2909464203403331e-05
47,0.9934830723319612,0.0006628085122820843,0.043693265421343254,38129.719729492186,1.8174188823407942e-06,3.319669723510742,5.2976042752561625e-06
48,0.8888772301107247,0.011054737637384997,0.7287437876899331,66975.90843457032,1.3825789530779362e-06,16.825984954833984,2.1927282432443462e-05
49,0.9991803039640983,-0.0013576756110750617,-0.08949987776490799,36027.90536279297,1.8655659071228696e-06,27.963546752929688,4.18537383666262e-05
50,0.8724401265597275,-0.021413010544516768,-1.4115756449328907,26451.903701660158,2.214954087746053e-06,49.8843994140625,0.00011338519107084721
51,0.7663278704293404,0.01258394609622088,0.8295513510183343,32448.495388183594,1.973639873867187e-06,15.325132369995117,3.143772482872009e-05
52,0.4118792845190133,0.013923369271691452,0.9178480026648765,27666.732208007812,2.149167987614117e-06,7.701608657836914,2.5647241272963583e-05
53,0.7644357681951917,0.00907912934482825,0.5985089221205672,27031.22274609375,2.160571035466103e-06,5.854592323303223,1.2541797332232818e-05
54,0.44875872158964264,-0.009391567450786408,-0.6191052796482774,27209.931412841797,2.178381888668627e-06,3.2048680782318115,1.173532655229792e-05
55,0.9929554631575034,0.0005383215897666469,0.035486913139859105,21748.446774169923,2.390309235930948e-06,2.8200743198394775,5.903347755520372e-06
56,0.9983792765823678,-7.025120828112552e-05,-0.004631058039717715,22806.920772705078,2.31654167584585e-06,2.5959317684173584,5.28184909853735e-06
57,0.26095505624926896,-0.011872886483777047,-0.7826773054965961,24653.36863232422,2.255476549432601e-06,2.910771608352661,1.2885934665973764e-05
58,0.9951235038771965,-0.0004940631496583787,-0.03256933478208119,28015.547900146485,2.100961910658182e-06,2.079047679901123,3.803733534368803e-06
59,0.6837755542051532,-0.013341184067754372,-0.8794695386460322,44355.92730761719,1.670443338841147e-06,6.328062534332275,1.3431120351015124e-05
60,0.7124686813221836,-0.012390072521759936,-0.8167709334616245,64193.610591796874,1.4270700147030034e-06,8.750470161437988,1.5062787497299723e-05
61,0.6681581395790008,0.02852861290232663,1.8806461180655663,47584.05423828125,1.6450757534411351e-06,17.86467933654785,5.323348523234017e-05
62,0.7766112044997168,-0.03828060353062891,-2.5235109983637867,35877.16758496094,1.8854580782241598e-06,40.59174346923828,7.88449397077784e-05
63,0.865602382891663,0.00823217321799431,0.5426763880413445,51371.49695019531,1.566947448525247e-06,17.64484214782715,2.271491030114703e-05
64,0.8608325581743252,0.0067246701112290185,0.4432996719207123,37121.07507714844,1.8380055729693946e-06,13.363213539123535,1.9347211491549388e-05
65,0.9511777043799352,0.016702430330252926,1.1010475998392832,42247.50885986328,1.742420664797119e-06,45.00774383544922,6.920797750353813e-05
66,-0.27353803393397824,-0.01792978204934984,-1.1819563441207992,35780.16048925781,1.8930617185602271e-06,8.630539894104004,2.6688174330047332e-05
67,0.8979429401600656,0.003411185067503165,0.22487009716059014,22795.3292265625,2.360107821983123e-06,4.0654826164245605,9.808506547415163e-06
68,0.3318363557277392,-0.006913577838121153,-0.4557527338508039,22849.12985083008,2.3349223813813563e-06,2.536463975906372,7.928034392534755e-06
69,0.7420921833876081,0.0065249185589953485,0.43013176983686485,23185.23546118164,2.3280715007611706e-06,2.3746018409729004,1.0810436833708081e-05
70,0.9968152949300663,-0.00025051591344523816,-0.016514359872575986,28750.37239013672,2.1257820626483326e-06,6.581327438354492,1.1622496458585374e-05
71,0.9896716230640875,0.0014286935591700596,0.09418148036700812,39049.1809453125,1.7974019089171043e-06,7.608410358428955,1.2456319382181391e-05
72,0.7542666943716588,0.012862626085836028,0.8479223262370256,47123.12458300781,1.6634568990849679e-06,16.01091957092285,2.4358640075661242e-05
73,0.9566872160966088,-0.004916663323945117,-0.3241133323120185,50205.93579394531,1.6119659634182743e-06,22.418643951416016,2.9319911845959723e-05
74,0.9916660789683585,-0.01964636501027367,-1.295115897052853,35040.60604492188,1.8823077738983956e-06,167.6759033203125,0.00025549306883476675
75,0.2175072828032948,-0.013415909718167605,-0.8843955581777463,45385.69915917969,1.647906913713383e-06,12.1549711227417,2.0494979253271595e-05
76,0.883431624609045,0.00797516858347909,0.5257342825881038,30168.55441357422,2.0419339448699077e-06,10.498401641845703,2.3012877136352472e-05
77,0.48063754097443584,0.03112918184077381,2.05207926469618,28047.951658691407,2.1192736627976333e-06,12.247172355651855,3.7983587390044704e-05
78,0.628705407145645,-0.011614925617013949,-0.7656721638743308,23082.087337890625,2.334992033856461e-06,9.122319221496582,2.1820940673933364e-05
79,0.9843422232947319,-0.0017522322482440265,-0.1155096038805546,21093.354217285156,2.4405381980200108e-06,7.73975944519043,1.6321328075719066e-05
80,0.5264858875924427,-0.018880441866378366,-1.2446251706991085,17243.008047851563,2.6974722465266617e-06,7.51716947555542,3.211979128536768e-05
81,0.9967296372762093,-0.001642818902838689,-0.10829692291335855,21576.24192089844,2.4088649855927586e-06,12.082645416259766,2.4820636099320836e-05
82,0.9932962624102268,0.0007628482979259625,0.050288028200992006,25005.242279296875,2.2354012795677733e-06,8.813530921936035,1.71708579728147e-05
83,0.4812951376396498,0.02067170154670694,1.3627075175622667,31885.836534667967,1.9857544368562216e-06,11.888691902160645,2.9347193049034104e-05
84,0.8000249557631425,0.010583651836340344,0.6976891519092296,54387.32205957031,1.5714512938654279e-06,11.649126052856445,2.2925654775463045e-05
85,0.9905600377046021,0.001223623608762201,0.08066298202687379,75148.55647460937,1.3301097428031788e-06,18.97571563720703,1.9606753994594328e-05
86,0.9803056073344848,-0.008723474065079263,-0.5750636279690629,86738.17193847656,1.2112264711569166e-06,63.15453338623047,6.764275167370215e-05
87,0.9695465574220575,-0.01523504603556042,-1.0043155719986032,58097.51104541016,1.4559514049366076e-06,53.65557098388672,6.734957423759624e-05
88,0.7898371618144647,0.012644394899710764,0.8335362208055256,40690.660001953125,1.7619792135354016e-06,14.640369415283203,2.9661568987648934e-05
89,0.9373593571786998,0.0031515576135835257,0.20775509177883894,47913.013025390625,1.626300305262486e-06,8.702885627746582,1.4051853213459253e-05
90,0.6946221703725954,0.011831084543941441,0.779921663077226,30456.85249707031,2.0363312723097814e-06,6.731791019439697,2.729582593019586e-05
91,0.28535967058821515,-0.011737940465347119,-0.773781474964017,35341.82065869141,1.8891883703095162e-06,5.1622314453125,1.822975536924787e-05
92,0.878373694837496,0.0105963115339795,0.6985236969080515,46341.56971582031,1.6569343777549078e-06,11.402304649353027,2.4564313207520172e-05
93,0.8993576678805347,0.007022412962536257,0.46292729768050045,56771.47811376953,1.5425255801636445e-06,12.890215873718262,1.885912752186414e-05
94,0.9343468510559678,0.00369739840647208,0.2437376813194602,49517.23724609375,1.6043684013732718e-06,13.933838844299316,2.3130374756874517e-05
95,0.7298937007562764,-0.04026645096017847,-2.6544208421840687,38209.18813085937,1.792932896866303e-06,44.33073425292969,7.66717130318284e-05
96,0.557294849983647,-0.07449060214213503,-4.910524820488129,41687.49468164062,1.7673333207679575e-06,33.66444396972656,0.00013716064859181643
97,0.9296127863860073,-0.005734811163110625,-0.37804678372089723,55440.396131347654,1.524776037850343e-06,16.219968795776367,2.25220628635725e-05
98,0.49411200064536254,-0.009012030309159726,-0.594085659714225,41276.19278466797,1.760605063247759e-06,6.136248588562012,1.1116057976323646e-05
99,0.75681736577808,-0.010312258637523655,-0.6797985321454353,35785.13821679688,1.8951038405140256e-06,16.177947998046875,2.7037835025112145e-05
100,0.8779555532564571,0.01758430977298662,1.159182327814217,27597.495728027345,2.133256742366159e-06,22.17825698852539,5.805565160699189e-05
101,0.8731883055529011,0.008935454001982514,0.5890376422967053,34923.184622070316,1.8900216799701857e-06,16.794418334960938,3.1820247386349365e-05
102,0.7959173220279102,0.01883127169353546,1.241383804040371,42793.76035888672,1.724030464017917e-06,11.035975456237793,3.22388659697026e-05
103,0.9743483736046631,0.004491131402070694,0.29606167204637523,61280.750262695314,1.4386669817591178e-06,32.61956024169922,3.764738721656613e-05
104,0.9402934991568545,0.013398996719753262,0.8832806296348942,22272.502487304686,2.3737797124261695e-06,29.694847106933594,7.229849143186584e-05
105,0.7590449074344375,0.013964559056473395,0.9205632909657597,38112.04097460937,1.8240750355398247e-06,12.152443885803223,2.8514785299194045e-05
106,0.9585714200071493,0.0020097434626747583,0.13248510379131295,35633.6148203125,1.9030527860209915e-06,5.7024970054626465,1.1241194442845881e-05
107,0.949018641884817,-0.0030691454980547664,-0.2023223697014858,36601.42526806641,1.8534375964757211e-06,4.966170310974121,8.16070314613171e-06
108,0.6749318408911307,-0.009430475943646266,-0.62167018199061,28716.421225097656,2.0810833288444943e-06,4.821805953979492,1.1334738701407332e-05
109,0.9991851550122007,0.0003407058489369095,0.022459806735054284,25641.199600585936,2.2354787797437824e-06,6.880843162536621,1.3329735338629689e-05
110,0.5506763738092876,0.011056505057476492,0.7288602984977122,30779.012517089843,2.048207421900129e-06,4.460144519805908,1.7047721485141665e-05
111,0.9629229488218186,-0.0017288388238676324,-0.11396747658216998,27694.115945800782,2.1180100793009696e-06,3.11135196685791,6.41751694274717e-06
112,0.9853464866872084,-0.0016002265656247928,-0.1054891763918261,45417.95028466797,1.6686684087209442e-06,4.347805976867676,5.7641395869723056e-06
113,0.7701871824084411,0.022009187476644047,1.4508764632700475,63788.413685546875,1.4226310767215296e-06,9.835805892944336,2.6909065127256326e-05
114,0.536716560844542,-0.01569446471549057,-1.034601094815136,64893.38388085937,1.4298682222617012e-06,22.170530319213867,2.481770388840232e-05
115,0.9738035523716911,0.012060377393415724,0.7950369688490266,35632.70633691406,1.872312223344752e-06,43.55037307739258,8.358986087841913e-05
116,0.8434101420398705,0.015582853935571206,1.0272435558871744,33841.093536132816,1.9352429813654054e-06,8.872970581054688,3.680665395222604e-05
117,0.886928031304371,0.003076031444347457,0.20277630092516263,31511.13935839844,2.0013260173269133e-06,7.355099201202393,1.441850054106908e-05
118,0.7722173559634483,0.0030555739672472005,0.2014277153831409,36082.00694482422,1.8918407442181955e-06,3.0846519470214844,5.1436636567814276e-06
119,0.845230496172357,0.002931175842139171,0.19322721675111768,25184.775218994142,2.254299946705862e-06,2.7006731033325195,5.386276370700216e-06
120,0.4060106434634829,-0.005581047608678892,-0.3679104748603139,17885.14603466797,2.6238071921203244e-06,2.0552890300750732,7.073965207382571e-06
121,0.6129911806562576,-0.0028375666674385685,-0.18705636885119567,21081.282251953126,2.44039176911737e-06,1.5814673900604248,4.339641236583702e-06
122,0.9988803413747971,-2.830216282720288e-05,-0.0018657182119603806,20857.377915283203,2.4581356661532463e-06,1.0500216484069824,2.252748572573182e-06
123,0.9875916522427218,0.0004105191839418487,0.02706199955514552,26864.606364257812,2.147186488001439e-06,1.5302852392196655,2.8727922654070426e-06
124,0.8283757969954116,0.007533445146879572,0.49661525499487247,50388.03973242187,1.5769554593381228e-06,3.5861966609954834,9.879103345156182e-06
125,0.8359202071601083,0.013399928542575426,0.8833420567003889,57130.998081542966,1.5249198405804056e-06,16.53034782409668,2.512727223802358e-05
126,0.5964980453897891,-0.017140100449378942,-1.1298994270678162,39806.77646777344,1.7709869260940106e-06,16.70332908630371,4.0352755604544654e-05
127,0.4289726883434163,0.03331545799798346,2.196201650952832,50887.63534179688,1.5990072702640604e-06,28.444089889526367,5.4241809266386554e-05
128,0.7229680628881929,0.005432748737404772,0.3581344055670033,43507.28800390625,1.709141217477947e-06,3.085482597351074,1.031432839226909e-05
129,0.743694667821602,-0.007108292768693564,-0.46858861478073677,35933.38229785156,1.8802376416420877e-06,4.903946399688721,1.2053907084919047e-05
130,0.9220907971592022,0.0026022723408103787,0.17154543730008376,34302.70993725586,1.914279319788916e-06,2.9539408683776855,5.810522907268023e-06
131,0.9381460335730382,0.003038248349167594,0.20028558637406307,32423.605943603514,2.0192280188666357e-06,5.70062255859375,9.529585440759547e-06
132,0.6136832763417538,-0.005477827573815017,-0.36110606559800784,30486.030732666015,2.082459019915343e-06,5.201789379119873,8.365399480680935e-06
133,0.8329316478408133,0.008525747316020694,0.5620292037463417,36705.52820019531,1.858406554439988e-06,7.750436782836914,1.655893174756784e-05
134,0.9121982317150049,0.008490019305479157,0.5596739632528345,52871.34066845703,1.5524995451698275e-06,16.66652488708496,2.3308508389163762e-05
135,0.9604365787721846,0.006712417363944219,0.44249195365920097,50815.00842041016,1.58985632625568e-06,31.104198455810547,4.530561272986233e-05
136,0.7901180916191393,-0.03691167541954019,-2.43326934003837,38796.146356445315,1.793244367508926e-06,62.38642120361328,0.00010471578571014106
137,0.9839036748863493,0.0019374237055579929,0.12771768411525863,32931.81275830078,1.98828388527914e-06,9.998685836791992,1.820210673031397e-05
138,0.9840112251247503,0.0011736498281041455,0.07736864041547466,34197.449268066404,1.934599144605213e-06,6.617057800292969,1.1943791832891293e-05
139,0.9471157938112057,0.0022109797265989486,0.1457508801492018,39631.705114746095,1.7836932630798311e-06,4.337695121765137,7.750841177767143e-06
140,0.7978389427970878,-0.010379936844914776,-0.684259974362886,38249.52773144531,1.8105653076186766e-06,14.216084480285645,1.939076537382789e-05
141,0.770296429911687,0.007969764466523786,0.525378035629713,34436.62350390625,1.9234592679460245e-06,7.680016994476318,1.8744276530924253e-05
142,0.9581650588120747,0.002452104653973565,0.16164617306752418,40348.411115966795,1.8243760905698977e-06,5.907988548278809,9.065133781405166e-06
143,0.9752784291409576,0.0027730727616188332,0.18280484025308147,40643.78322949219,1.7884522182644746e-06,8.3876371383667,1.271937526325928e-05
144,0.9902800644555811,0.002071957024052937,0.1365863088901197,77698.94360058593,1.2824503769692778e-06,14.51063060760498,1.6813963156891987e-05
145,0.9955909388082,0.0008852543292361194,0.05835720521984683,45974.12983251953,1.6771965429898816e-06,10.254487037658691,1.5137852642510552e-05
146,0.9413590605892622,-0.010092328244089855,-0.6653004125883439,31972.191005859375,1.972094966400822e-06,56.4896240234375,9.347051673103124e-05
147,0.7046032572395248,-0.03744702720143907,-2.468560479284243,61445.416336914066,1.4273408574876084e-06,36.333255767822266,6.41825026832521e-05
148,0.5446652791067664,-0.014215033885080035,-0.9370749424682344,39551.34977392578,1.7741622481669315e-06,10.425786018371582,1.95134780369699e-05
149,0.9684317996073295,0.0028760499911967222,0.18959324345087625,31110.779661621094,2.000516722851105e-06,6.776761054992676,1.308138689637417e-05
150,0.8988763868538373,-0.006231383943166694,-0.41078155685363904,22334.649157714844,2.3884995517890576e-06,10.712396621704102,2.0400706489454024e-05
151,0.9874515994376761,-0.0018447682023816582,-0.12160970357787422,20661.26639086914,2.468897191104132e-06,10.492383003234863,2.2390197045751847e-05
152,0.3094286820635284,-0.012572124440301967,-0.8287720509034241,33384.8123984375,1.971429385534131e-06,5.835357189178467,1.8058568457490765e-05
153,0.9916215429968853,0.0016919812111021754,0.11153777112800585,73659.1291689453,1.3343426451231017e-06,16.232505798339844,1.824115497583989e-05
154,0.8207435487306853,-0.012990241224234943,-0.8563348948907489,45422.104882324216,1.6895306410751616e-06,25.135438919067383,4.347081630839966e-05
155,0.8814974654972633,-0.009559433850484052,-0.6301712678204283,40548.711568847655,1.780362037423568e-06,25.563554763793945,4.0869701479095966e-05
156,0.5262433723679676,-0.03559308549523935,-2.3463460454867975,38426.422268554685,1.8065169024791594e-06,25.966358184814453,7.162451947806403e-05
157,0.6986975678258637,-0.02094145809217301,-1.380490246844985,47775.43801855469,1.6360572309814469e-06,18.03313636779785,4.629231625585817e-05
158,0.4714201099965397,-0.018309776497295097,-1.2070061103278495,35453.39164648437,1.906182563448486e-06,15.562387466430664,4.686660031438805e-05
159,0.5941224067518708,0.021815841546860695,1.4381308287894736,28061.57191748047,2.121549081110014e-06,12.125408172607422,4.691963113145903e-05
160,0.8829718824973529,0.00931840869812853,0.6142825522111038,29166.791543945314,2.065851498021803e-06,13.492555618286133,2.8255733923288062e-05
161,0.7823345616540017,0.018255953451479307,1.2034580197661917,38358.76791650391,1.8313495998943234e-06,18.243955612182617,3.940152237191796e-05
162,0.969097246209782,-0.002906529069026075,-0.19160246694864105,42014.83572167969,1.734235084853807e-06,13.110445976257324,2.0768740796484053e-05
163,0.8623062435696607,0.007812812926888568,0.5150315703196061,58497.60788037109,1.4888772247780523e-06,15.451420783996582,2.5772051230887882e-05
164,0.8678984028028159,0.012818746946567936,0.8450297519218591,53595.658275390626,1.5593935256092782e-06,28.886096954345703,3.67933462257497e-05
165,0.5415412322314807,-0.11560060195282836,-7.62055358432443,41522.22293261719,1.7365324821710014e-06,82.60623931884766,0.0002959882258437574
166,0.859345456703412,-0.013622170010577212,-0.8979925255297607,50178.762666015624,1.6064901702685466e-06,27.198474884033203,4.503445597947575e-05
167,0.7987824855545808,-0.026798165324549168,-1.7665725901725315,35146.51021630859,1.8806689284922032e-06,32.72460174560547,7.126590935513377e-05
168,0.8553973347830203,0.021707185412012536,1.4309680642027125,30729.349412353517,2.0307386293340136e-06,15.727718353271484,4.637841630028561e-05
169,0.9968271903276328,0.0011192399800646457,0.07378186702938841,32272.951395751952,1.9718810018019404e-06,16.56606674194336,2.902750020439271e-05
170,0.9831997596478083,0.00526854481173222,0.3473098528120383,28962.31281347656,2.118615355570599e-06,40.379364013671875,6.957378354854882e-05
171,0.3911704460929427,0.0275061334223945,1.8132428387221378,29609.259404785156,2.0838578655425348e-06,20.212589263916016,5.287083695293404e-05
172,0.5133551037700682,0.029673741831481717,1.9561346208775785,53683.5186875,1.5671963541906886e-06,30.282482147216797,5.552461152547039e-05
173,0.9455006516169138,-0.011850651311330224,-0.7812115317875904,67372.41566503907,1.3749592167172347e-06,53.7149772644043,6.775184738216922e-05
174,0.9986388302676945,-0.004387616906235999,-0.28923785150446735,39620.11163671875,1.8036656462104018e-06,73.11589813232422,0.00011149887723149732
175,0.9931064055013854,0.0015449522084382216,0.1018454133519828,44347.390264648435,1.696877264805464e-06,15.006131172180176,2.3015900296741165e-05
176,0.8168225258542182,-0.005471926611704551,-0.3607170659111357,52185.80333203125,1.5549830859006178e-06,18.4289493560791,2.3728489395580254e-05
177,0.9997387303938975,-0.00014580363275930485,-0.00961157967572554,54175.92225341797,1.5399624538019675e-06,49.41358947753906,6.68154243612662e-05
178,0.9816275549764758,0.0021974380127383593,0.14485819140576148,31884.470905273436,1.9784339027155064e-06,10.705601692199707,1.901542600535322e-05
179,0.839743526122171,-0.018437831797525464,-1.2154476950659678,32604.515540527344,1.9471823968741633e-06,21.637126922607422,4.3665029807016253e-05
180,0.3325233854978767,0.024907883525427946,1.6419625665538438,31909.41010498047,1.982612752512392e-06,8.929104804992676,4.582575638778508e-05
181,0.8472455150290347,-0.004560166987749984,-0.30061259454164846,44361.44488500977,1.715608631007123e-06,7.125063419342041,1.042533403960988e-05
182,0.8549581467154155,-0.00736731691706693,-0.4856638494159223,51898.13401953125,1.572417670867983e-06,13.138036727905273,1.6874495486263186e-05
183,0.9592219754579947,0.007428639305901727,0.489706307172544,73769.22982910156,1.3278022981562618e-06,25.95064353942871,2.6934349079965614e-05
184,0.6699038736828742,-0.02761513312683986,-1.8204282518979304,36680.32713525391,1.9025531405172151e-06,24.03508949279785,7.381707109743729e-05
185,0.9237350962203457,-0.029880572779380315,-1.9697692066386552,36714.75943457031,1.8530443546235732e-06,62.574703216552734,0.00013084919191896915
186,0.9047272271925499,-0.007879980090453122,-0.5194593238122708,33350.39433886719,1.930810246077345e-06,13.339424133300781,2.9431339498842135e-05
187,0.6752846270934124,-0.012551957760793124,-0.8274426351459029,38225.17334423828,1.826391599263623e-06,16.083099365234375,2.6185229216935113e-05
188,0.7144708429593122,0.012722090191639722,0.8386580032650663,33275.57192578125,1.9411026615429584e-06,7.94594669342041,2.3360198611044325e-05
189,0.5627145740826427,-0.00798964173927734,-0.5266883732885989,44665.515631347655,1.6936344357035551e-06,6.6350274085998535,1.770640847098548e-05
190,0.8752722664783493,0.004931795493256505,0.3251108661062764,36765.79316308594,1.8760596873091002e-06,3.6079113483428955,1.2208289263071492e-05
191,0.7593590741153704,0.007264162127632588,0.4788637412237099,44939.18508349609,1.7172843006783585e-06,7.234723091125488,1.7572423530509695e-05
192,0.49487214664192947,0.0222827796936511,1.4689120453927695,67051.93441894531,1.3754446599621035e-06,23.446813583374023,3.731696415343322e-05
193,0.5340129712913096,-0.03133366280299869,-2.0655589361103894,29545.3509765625,2.067853715615704e-06,46.42329406738281,7.084458775352687e-05
194,0.2370771750873055,-0.03229562641525598,-2.128972924701628,64243.259572265626,1.420158183008366e-06,29.461088180541992,4.022998473374173e-05
195,0.07774712487898978,0.061951340858142856,4.083919154874904,36855.920504882815,1.8590343672618439e-06,18.609865188598633,0.00010675113298930228
196,0.8242426334674934,-0.007276791335553435,-0.47969627629759876,35924.74368994141,1.900568619073203e-06,6.6141815185546875,1.3432372725219466e-05
197,0.9964247143747406,0.0008974592035976974,0.05916176763121129,30518.078286621094,2.0444226323087886e-06,7.253873825073242,1.2305360542086419e-05
198,0.9955857391106829,-0.0003014851680494859,-0.019874324520711986,28676.16721484375,2.1347118166362176e-06,3.6405646800994873,6.198774372023763e-06
199,0.8669478382460428,0.0023808597802142326,0.156949611207812,30613.03064453125,2.076746011134824e-06,2.9051594734191895,5.2524924285535235e-06
200,0.5788312104071263,0.006508867482503941,0.4290736603943312,27660.58040283203,2.168966494733365e-06,2.6757500171661377,8.579332643421367e-06
201,0.5518705001345092,-0.004961369483136066,-0.32706042493877646,41720.9494897461,1.7387850130861305e-06,3.7474167346954346,6.499553819594439e-06
202,0.9955609122840816,0.0008329971362830859,0.05491233787194605,58962.26352539063,1.4690960341186853e-06,17.20392417907715,2.1460502466652542e-05
203,0.9925352834544373,0.0029985601978919684,0.19766928785701826,48447.035566894534,1.6227602063932761e-06,19.845304489135742,2.9291923056007363e-05
204,0.6328058798472155,-0.026693369229205063,-1.7596642847960289,31817.65573339844,1.989666442910937e-06,24.357189178466797,7.666897727176547e-05
205,0.434572726112692,0.023261107896986204,1.5334048107471685,35847.73802685547,1.865588539544869e-06,9.438196182250977,3.805173764703795e-05
206,0.9933565990533034,-0.0011653364593334494,-0.07682061150288137,32388.329477050782,1.979227709841685e-06,6.506176948547363,1.1328865184623282e-05
207,0.4984305877377961,0.015222180178878091,1.0034674367069207,26550.577007568358,2.178146514520183e-06,3.229311943054199,1.6711743228370324e-05
208,0.022349268447478424,-0.009075683296592254,-0.5982817537945122,20345.994898925783,2.509643097856678e-06,2.2491161823272705,9.454801329411566e-06
209,0.834396272789414,-0.0025929447215857185,-0.17093054757706394,18900.011826171874,2.5578576821985214e-06,2.378634214401245,5.918198894505622e-06
210,0.9832832963978799,-0.0005987329045534663,-0.0394693116192399,21411.630852294922,2.412246303845399e-06,2.051429510116577,4.1625889934948646e-06
211,0.9405142240968141,0.0015051178902954385,0.09921947931034193,21959.64802709961,2.3862268089931156e-06,1.5178686380386353,4.038618953927653e-06
212,0.881207875078914,-0.002534983489216252,-0.1671096619620804,27131.171084960937,2.1491061478729e-06,2.7197930812835693,5.099751888337778e-06
213,0.6485410674790784,0.014315220931178442,0.9436794128632902,47126.38752246094,1.6643824788159446e-06,5.789531707763672,1.74539254658157e-05
214,0.9981714204227891,-0.00047224376525177505,-0.03113097040301553,68086.60157714844,1.377448167773861e-06,22.490211486816406,2.4687980840099044e-05
215,0.5676310612757021,-0.012100667274337805,-0.797692934227114,39985.112350585936,1.7806414990906355e-06,11.240236282348633,2.198428956035059e-05
216,0.9949169300445152,0.0002640551087835354,0.017406882591499483,61357.277086914066,1.4433206424234088e-06,43.64314651489258,5.323226287146099e-05
217,0.9608146878667484,0.0020717858512472164,0.13657502493903176,46724.904953125,1.6539213377131488e-06,4.518803596496582,9.315619536209852e-06
218,0.9646584572919891,0.0012701345607492884,0.08372904912244282,38406.95679589844,1.820100585370887e-06,3.626178741455078,6.3292659433500376e-06
219,0.793909969746583,0.006638065279153682,0.43759056009652963,30805.649353271485,2.0238546854666064e-06,4.952422142028809,9.321380275650881e-06
220,0.6084427911070197,-0.008526994359161199,-0.5621114105767009,20475.173779052733,2.4745952101370984e-06,3.798758029937744,1.272363260795828e-05
221,0.639555828950372,-0.007436209936582535,-0.4902053737500154,20002.765725341796,2.4896647017552694e-06,2.8477976322174072,1.2197596333862748e-05
222,0.5676572371154005,0.012054328090464217,0.7946381903261553,23410.630340576172,2.345792080637019e-06,5.9076619148254395,1.9263996364315972e-05
223,0.8414304122951222,-0.0035995123489544283,-0.23728489531428076,26711.333224121096,2.1612498138898715e-06,3.2381584644317627,7.43121108826017e-06
224,0.9975822750995939,-2.6961413336969108e-05,-0.0017773341277870865,37769.91787304688,1.8100075210670512e-06,2.976511240005493,4.704349066741997e-06
225,0.9896979069543432,0.001824553189103563,0.12027710159059028,64489.85743994141,1.396071059796935e-06,10.5335111618042,1.2822525604860857e-05
226,0.9871488704512885,0.0019101519975069352,0.12591989492533778,55511.20820800781,1.5258719833949338e-06,17.965534210205078,2.2078154870541766e-05
227,0.996348069478709,-0.00031641372897092126,-0.02085843616474194,30222.098334472656,2.0351714783564206e-06,17.56401252746582,3.030111111002043e-05
228,0.11558492295960436,0.03188999938644938,2.1022334228646704,34502.50545019531,1.898873587498248e-06,11.054448127746582,4.3111092963954434e-05
229,0.6109153381597832,-0.006871270774167492,-0.45296379294212347,29950.67876123047,2.0593642923113335e-06,4.145909309387207,1.0663085959095042e-05
230,0.5496322793260885,0.011133991871545363,0.7339683378047339,31199.067836914062,2.0206781274855484e-06,3.8876051902770996,1.2356405932223424e-05
231,0.7587747267587903,0.0021447848994651424,0.14138722443585086,21800.973774902344,2.437388973001196e-06,1.51250159740448,3.96199220631388e-06
232,0.7455213077092965,-0.012993933444875408,-0.8565782912464815,16873.96138012695,2.705250594996928e-06,4.570012092590332,2.488826066837646e-05
233,0.8970053097660885,0.002084439872962957,0.13740919577303276,22401.504199707033,2.385967938836402e-06,2.9250481128692627,6.6293487179791555e-06
234,0.9215719958074449,0.003948304160419459,0.2602777400239256,19957.733754394532,2.4942162356918894e-06,2.0671310424804688,8.615935257694218e-06
235,0.8965315033689726,-0.0016213060457242552,-0.10687876524269734,29359.530537109375,2.0904175416653557e-06,2.340646743774414,4.03666808779235e-06
236,0.92106723722166,0.006990561000149338,0.4608275717099173,45618.92594238281,1.6749300219911745e-06,8.406607627868652,1.555114795337431e-05
237,0.9759391855745171,-0.003241968205288855,-0.21371508460796002,67617.58419042968,1.3883184772687675e-06,12.506772994995117,1.3013599527766928e-05
238,0.9872440146866587,0.0014395453458386704,0.09489684534259495,64945.39125,1.4165270720105333e-06,15.385210037231445,1.856893504736945e-05
239,0.9934267825328079,0.0035572352017457943,0.23449792655933233,42582.05809082031,1.7288068818682074e-06,58.9670295715332,8.830142905935645e-05
240,0.7911392337089728,0.005648715347616133,0.37237122698262337,37799.33874511719,1.8362905949003027e-06,8.542863845825195,1.6166501154657453e-05
241,0.9991748987250411,0.0004617837038688566,0.030441428506889592,37472.54124536133,1.8285351591676432e-06,7.822052478790283,1.2162389793957118e-05
242,0.8985776824999412,0.003234319545021165,0.21321087421083765,32775.288454345704,1.964224490206844e-06,4.885181427001953,8.012860234885011e-06
243,0.9178829875924979,-0.0012968493358754643,-0.08549012451394705,27999.50955908203,2.105329725411567e-06,2.317168712615967,4.455751877685543e-06
244,0.582405865144599,-0.004016717739231004,-0.26478765895532985,29628.46516748047,2.0505385046523115e-06,2.443530559539795,6.1571176956931595e-06
245,0.3375190330763787,-0.008518610993948898,-0.561558767400644,32361.182872070312,2.0054574103890808e-06,3.293661594390869,9.917255738400854e-06
246,0.954494356421896,-0.003749263624747837,-0.24715670914765758,54561.58428369141,1.540969204564982e-06,11.044004440307617,1.23343352242955e-05
247,0.9849443168745308,0.002891215531479797,0.19059297710632522,53685.32234863281,1.5668550638612215e-06,18.752899169921875,2.6944717319565825e-05
248,0.8997365877428709,0.011545896735925694,0.7611216833550888,54775.25313720703,1.5363994417532776e-06,17.617698669433594,2.6295660063624382e-05
249,0.9635747846175448,0.010527017784296395,0.6939557558800771,66106.45369824219,1.378989130356624e-06,41.24748229980469,6.447138002840802e-05
250,0.79383911821104,0.014017172981034194,0.9240316745608623,40950.98865917969,1.7335572274116616e-06,7.939083099365234,3.793391806539148e-05
251,0.9231815354593419,0.009663228883212789,0.6370135817472954,37251.5091171875,1.8467307380011024e-06,26.28841209411621,4.4064428948331624e-05
252,0.03369124504815233,-0.028265398952316407,-1.8632946858384825,31357.02593310547,1.9905748775415745e-06,5.817025661468506,3.082289913436398e-05
253,0.914162634312567,-0.0015061385724395517,-0.09928676410679094,27003.104724121094,2.160154922610716e-06,2.4258005619049072,4.595226528181229e-06
254,0.5847399384775896,-0.005947276095678086,-0.39205276964198166,22377.494221191406,2.3573536149280497e-06,2.6908962726593018,8.372295269509777e-06
255,0.7182293740790433,-0.0037827408148860915,-0.24936357240780985,20593.963830078126,2.425667581488413e-06,1.8316161632537842,5.386125394579722e-06
256,0.97859287006426,-0.00661590538194828,-0.4361297486368645,22436.796647949217,2.3592015520803613e-06,16.85938262939453,3.395270323380828e-05
257,0.7010475662103479,-0.011889650601949091,-0.7837824196453628,30994.154634277344,2.000072134555203e-06,4.736250400543213,1.451956541131949e-05
258,0.5412845487958502,-0.03599584027055874,-2.3728962043511634,47567.539317871095,1.62560278597012e-06,14.306988716125488,3.1602550734533e-05
259,0.9936156794645279,0.001411833877153745,0.09307006651578592,51328.77909472656,1.5588012938494293e-06,10.806902885437012,1.3574899639934301e-05
260,0.9750721032489674,-0.0020184426604785218,-0.13305856709413616,69274.1175439453,1.3823439255540024e-06,7.857363700866699,9.938006769516505e-06
261,0.8729806321381419,-0.008977211766421656,-0.591790372612071,66319.62345996093,1.4032812814483192e-06,15.363153457641602,2.345388384128455e-05
262,0.9796897781002825,-0.017871907356457262,-1.1781411633093348,88832.29046191406,1.1865675512050166e-06,118.0870132446289,0.00012345022696536034
263,0.7026290596650994,0.020005534713550113,1.3187928669253879,71073.31697363281,1.3387195609559978e-06,30.4754581451416,4.967749191564508e-05
264,0.8356849040950644,0.007206091209992204,0.4750356250020486,41899.34862158203,1.756717227096536e-06,15.02056884765625,2.715989830903709e-05
265,0.9920803272326544,0.0015476243643993328,0.10202156561540812,37077.37161181641,1.8553996904776275e-06,17.335229873657227,2.8399022994562984e-05
266,0.8384827776106711,-0.012332256470789452,-0.8129596184077946,25461.713295654296,2.2179105705515802e-06,7.352288246154785,2.3740303731756285e-05
267,0.8572448881540647,-0.008172462617192894,-0.5387401816092616,24556.184580566405,2.2803713146699397e-06,7.923922538757324,1.710212200123351e-05
268,0.8563551200444558,0.003743870160123772,0.24680116440586106,19499.973301269532,2.553060356967294e-06,3.6485679149627686,9.811392374103889e-06
269,0.8574845732706717,-0.010883606246440383,-0.7174625667220219,24690.074109863283,2.218764061923827e-06,3.0083930492401123,1.5406718375743367e-05
270,0.7422282916235069,-0.006341983288605608,-0.4180724206040923,35652.09130175781,1.8783893027045218e-06,4.020923137664795,8.66321352077648e-06
271,0.736273791807674,0.01149495236528936,0.7577633590929688,50687.83709912109,1.5777570884814312e-06,7.474782943725586,1.435811191186076e-05
272,0.5446254119375044,0.013702053304984335,0.9032585441770534,57738.25375390625,1.4913846570089234e-06,6.645904064178467,1.2856003195338417e-05
273,0.9555650452959181,0.0025679996765151656,0.16928613526940914,65115.619581054685,1.3969412236498154e-06,7.5936970710754395,9.408429832546972e-06
274,0.7962377966850518,-0.013282526592121428,-0.8756027557000017,45556.21869775391,1.6811512273472146e-06,20.452299118041992,2.326387220819015e-05
275,0.970022212176037,0.02979369383461445,1.964042024922006,26732.483438476564,2.156538209859188e-06,94.3720932006836,0.00023650092771276832
276,0.6055357339247915,0.008753399332730009,0.5770363435242188,26186.971419433594,2.2041309523770968e-06,7.724123954772949,2.4041331926127896e-05
277,0.9986269632203892,0.0003295369478203689,0.02172353713092757,30283.85741455078,2.0452361568172244e-06,6.828769207000732,1.2240854630363174e-05
278,0.4356416852450074,0.01735670073817152,1.1441780214630044,27418.912978759767,2.1340084697725588e-06,4.843213081359863,1.8879203707911074e-05
279,0.7918670050394601,-0.002366440391315949,-0.15599906489666546,19792.024505859375,2.525719490027475e-06,1.9934015274047852,4.9553618737263605e-06
280,0.2314030150043082,-0.0027477594572584735,-0.18113615177727968,19483.795341552734,2.5285964742343447e-06,0.9906688928604126,3.1730603495816467e-06
281,0.057434597742553675,-0.0022104159658898307,-0.14571371625368568,19057.176516357424,2.574952837650248e-06,0.7792292833328247,1.956797859747894e-06
282,0.9825267374502709,0.000766275002436251,0.050513921361556656,26068.30612426758,2.1978830129880613e-06,2.1204750537872314,4.2293577280361205e-06
283,0.9979913479089904,0.0003987902818009923,0.02628881389919049,39518.87547460938,1.776917502037312e-06,5.0107269287109375,7.733406164334156e-06
284,0.8325014464439526,0.015457065734055081,1.0189514214714677,53208.89528710937,1.5637333839927866e-06,17.085006713867188,3.252246096963063e-05
285,0.8438705284407183,0.0125958701655121,0.8303374023661813,62214.43852929687,1.4614938640890294e-06,24.720876693725586,3.379991903784685e-05
286,0.9823040185772385,0.018459331262766852,1.216864969925602,31948.174057617187,1.983079991300589e-06,30.15848159790039,9.117773151956499e-05
287,0.9312787288606231,0.004398771911170736,0.2899732050528274,36904.8739609375,1.8313042892976446e-06,8.268216133117676,1.9071841961704195e-05
288,0.40073829120248833,0.008858426225364105,0.5839598633813198,28665.176667480468,2.0994985639534533e-06,3.2396676540374756,1.841011908254586e-05
289,0.9462692111023813,0.001983326117147498,0.1307436353755321,30955.19311328125,2.0347731867927245e-06,3.8662376403808594,6.5729218476917595e-06
290,0.8804065106173596,0.0025975662989447283,0.1712352084292869,25101.574529296875,2.2542955553741546e-06,3.1360273361206055,5.983269147691317e-06
291,0.6284103139874964,-0.00910727301797412,-0.6003641924707624,16989.92657788086,2.705683595075703e-06,4.161215782165527,1.7860529624158517e-05
292,0.9811201226798612,-0.0008228737502177834,-0.054244990084285565,20119.65946850586,2.5006945249031418e-06,2.204052448272705,4.669424015446566e-06
293,0.8617383181484367,0.004783107509578606,0.3153091459783401,22301.332521484375,2.3632210730601755e-06,4.745609283447266,1.1010906746378168e-05
294,0.8340218327744877,0.008247820709508857,0.5437078925969657,35393.88896191406,1.8699264235218431e-06,3.442150831222534,1.3239830877864733e-05
295,0.8383079201400186,0.009053966157092336,0.5968501295428938,46285.196188964845,1.680415334732478e-06,6.831117153167725,1.3957241208117921e-05
296,0.7767428032734109,-0.02611682318224821,-1.7216575619032017,57041.94880761719,1.4913592955402387e-06,33.21261978149414,4.431763227330521e-05
297,0.9931304658171254,-0.002684541261638516,-0.17696871978222162,35432.42275390625,1.9013778389054543e-06,43.142662048339844,6.59265206195414e-05
298,0.954570966401479,0.005140129324913572,0.33884452406956395,48728.566454101565,1.6092437792585306e-06,18.217756271362305,2.4161283363355324e-05
299,0.7404767662807809,0.013642422329253332,0.8993275867411303,46738.629425292966,1.644102075714676e-06,7.981046199798584,2.7147323635290377e-05
300,0.5290419492193212,-0.032313602468281355,-2.130157931293293,39573.98387695313,1.7710112002330673e-06,11.523706436157227,3.473955803201534e-05
301,0.444558456697412,-0.013164386845310143,-0.8678148181304268,51218.25946386719,1.5486309663036132e-06,7.555569171905518,2.126141407643445e-05
302,0.44756723739268195,0.020478659154734097,1.3499818927192795,38993.84485888672,1.8093371060333368e-06,14.343069076538086,2.8860695238108747e-05
303,0.6383417190750409,-0.006797562609494326,-0.44810484749542695,33408.945964355466,1.9431064086079783e-06,3.4165732860565186,1.018896364257671e-05
304,0.9471199628798334,-0.00289628743720185,-0.19092732423494413,45095.28842041016,1.6733496715253508e-06,8.538172721862793,1.2754147064697463e-05
305,0.9539815200849239,0.003505510671880765,0.23108817310821025,62122.22766113281,1.4328694570012739e-06,11.139349937438965,1.3332347407413181e-05
306,0.8253655256162852,0.007772539910543756,0.5123767166780719,59503.301125,1.4846962525706615e-06,10.147394180297852,1.4804257261857856e-05
307,0.8332254451530934,-0.019718333732743072,-1.2998601760333142,62053.40527734375,1.4378395470303748e-06,28.008005142211914,5.0248745537828654e-05
308,0.976115485180197,-0.09023306742932231,-5.948290180216369,40967.645516601566,1.7594264524164222e-06,422.8468933105469,0.0006092137773521245
309,0.5387395508699055,0.04030194426724415,2.6567606106957355,36940.390143066405,1.8454262018710648e-06,33.38388442993164,9.577561286278069e-05
310,0.31030496076891584,-0.0768668940156415,-5.067173308888217,39003.97901367187,1.8078085141166536e-06,22.489110946655273,0.0001300435687880963
311,0.42031420346976406,-0.1456910146433041,-9.604155731792279,29026.63548803711,2.0892671309042242e-06,21.97932243347168,0.00020102440612390637
312,0.5901630622873503,0.193620284134975,12.763720303677866,25250.31288671875,2.2255093999349e-06,71.38030242919922,0.00041719921864569187
313,0.6899121689508529,0.025036440229413925,1.6504372045297695,16942.482602783202,2.7384271372779e-06,5.796261787414551,5.425257404567674e-05
314,0.5864733332446147,0.009404497865636874,0.6199576707048201,17772.514951171874,2.6534360777421743e-06,4.157630443572998,1.8529641238274053e-05
315,0.7261787127095574,0.007909309589758154,0.5213927654836782,17885.77955419922,2.6116805312298764e-06,3.8266327381134033,1.5784617062308826e-05
316,0.2828257984380421,0.012597078283574788,0.8304170432008947,22066.748881591797,2.3852957015138655e-06,4.760147571563721,1.7551892597111873e-05
317,0.7874852596881943,0.005389404729916443,0.35527710788823397,21306.255880371093,2.412700005064711e-06,2.807448148727417,1.0143808140128385e-05
318,0.9298204348983393,0.004262430188814354,0.28098536776267324,23854.879466796876,2.2829141430455106e-06,4.641736030578613,1.2952374163432978e-05
319,0.8214717840747382,0.006363047477904193,0.41946100146395415,30306.666287109376,2.040560600604251e-06,4.337526321411133,1.1934169378946535e-05
320,0.48836643712469857,0.03861088158524129,2.5452833902923957,41109.07052978515,1.7410889401346614e-06,15.795782089233398,4.142520992900245e-05
321,0.7984111449784931,0.015647420677268584,1.0314998859283524,30003.82070288086,2.0508956871446286e-06,11.650839805603027,2.866558679670561e-05
322,0.8638783978713798,0.007398198068310843,0.4876995781562959,36886.595604980466,1.8571464600170276e-06,8.746262550354004,1.655522828514222e-05
323,0.9295047787428989,0.014637479499383595,0.9649231490163004,67437.62923779296,1.3827641998268672e-06,42.082279205322266,5.336804679245688e-05
324,0.534646782650928,-0.044009899061458836,-2.901194183879861,91801.24899804688,1.1855400854591416e-06,87.9766616821289,0.0001196406883536838
325,0.5356395205699812,-0.09515511170369388,-6.2727582323167494,111243.96801367188,1.0682678440278918e-06,156.23687744140625,0.0002406496205367148
326,0.9261839179675686,-0.02344971150838113,-1.5458378249577573,86370.71484375,1.1999539593278508e-06,83.52342224121094,0.00010120725346496329
327,0.9281962584381662,-0.023005455483244248,-1.5165518455811444,71353.59820996094,1.3314272845753121e-06,107.27327728271484,0.00012112068361602724
328,0.7911445916641305,0.020889393686969283,1.377058088335526,57049.88660253906,1.4892813925537418e-06,37.96512985229492,6.320270767901093e-05
329,0.595930443913439,-0.030584023045618806,-2.0161416334013214,41002.92560351563,1.7380357444933984e-06,16.235153198242188,7.427752279909328e-05
330,0.056994835377920994,-0.024993809765375546,-1.6476269446345688,44713.542305664065,1.6720542358261446e-06,25.071969985961914,5.9984406107105315e-05
331,0.9987435245762568,0.0005534920724771504,0.03648697260704625,26244.438817626953,2.2206448295924926e-06,14.624876022338867,2.5521776478854008e-05
332,0.8488449970462627,0.017011941740074407,1.1214510254587002,42070.810841064456,1.7764699674149395e-06,20.115318298339844,3.676018604892306e-05
333,0.939770252781975,-0.00657221782165217,-0.4332498034758456,55089.259448242185,1.5260846285779319e-06,18.702327728271484,2.6776799131766893e-05
334,0.7715413236074087,0.012269443401070236,0.8088188928795096,63395.17524951172,1.427026288723535e-06,18.089160919189453,3.0751976737519726e-05
335,0.053815066233464215,-0.03479233392285204,-2.2935593803481535,31382.746642578124,1.96017682308549e-06,44.83745193481445,9.876099647954106e-05
336,0.38806430068603737,0.06852156894666783,4.517037792356299,45377.76546875,1.6653585747794495e-06,34.95719528198242,0.00012943103502038866
337,0.5020569935854725,0.0076846861742985405,0.5065852753418671,40444.98546435547,1.7625631634443918e-06,2.9505679607391357,1.2415981473168358e-05
338,0.7560594909894999,-0.0034150801424778594,-0.2251268659581413,34842.50839746094,1.8946859424605442e-06,3.036830425262451,4.677445758716203e-06
339,0.96975997812537,-0.0015558095328143064,-0.1025611433810021,32534.369268066406,1.9731853767155653e-06,3.5509419441223145,5.457955921883695e-06
340,0.988512733453966,0.0007547683020687348,0.049755383557703314,21413.859890869142,2.419513231711719e-06,3.9754202365875244,8.206604434235487e-06
341,0.8069060875669611,-0.003572033452270143,-0.235473447959481,22379.776661621094,2.3717403102293376e-06,3.1937789916992188,7.987960998434573e-06
342,0.9027330704418111,0.002861406728239471,0.1886279390482173,26477.365418945312,2.180791792547702e-06,2.836700916290283,6.7053015300189145e-06
343,0.9951927014248253,0.000669796227565103,0.04415390539939437,59289.696559570315,1.4417388028492482e-06,5.126630783081055,6.383792424458079e-06
344,0.9300134320061179,0.004867512252113741,0.32087322481871305,76945.07497949219,1.3046452524292414e-06,10.272577285766602,1.30348225866328e-05
345,0.261713197704264,-0.032257528649581965,-2.1264614666308446,50357.12053613281,1.5775706095325827e-06,19.12893295288086,6.50259607937187e-05
346,0.9648695738932287,0.022561153665040287,1.4872628474614145,31615.36102685547,2.01157207850605e-06,97.03984832763672,0.00018397843814454973
347,0.6282790181001943,0.008832629099061424,0.5822592806854668,35042.87733837891,1.9017210165495888e-06,3.3055522441864014,1.54694735101657e-05
348,0.6502854372725052,0.0067176303849260915,0.4428356033033851,23864.220242431642,2.304597106191128e-06,2.665045976638794,1.1010844900738448e-05
349,0.47149705158696953,0.007251517583101728,0.4780301951390095,24982.0698684082,2.249386776645952e-06,2.3160133361816406,8.38777850731276e-06
350,0.993502044458813,0.00027111617029220494,0.017872357655470027,17463.14588696289,2.684872754483887e-06,1.7829326391220093,4.1879106902342755e-06
351,0.3476991379166883,-0.00793973546143012,-0.5233984815570306,18685.175294921875,2.5810876097291344e-06,3.5857322216033936,1.0043419024441391e-05
352,0.9986079692439289,0.0002937808828346586,0.019366447249169177,17542.405876953126,2.640159911933307e-06,2.7742879390716553,6.479306193796219e-06
353,0.9574230057253157,-0.0010632823047193054,-0.07009305869950269,18297.524967041016,2.595650068248356e-06,1.8163779973983765,3.968289547628956e-06
354,0.3937333117311675,0.00548381309073546,0.3615006392563762,21991.816335449217,2.377444858160562e-06,1.4726934432983398,6.299818323896034e-06
355,0.9042280025809166,0.0017360545390793854,0.11444314663484692,24771.26105566406,2.2371654182938472e-06,2.000800132751465,4.853177415498067e-06
356,0.7808083980721178,0.005533584441468944,0.36478163640363576,34474.29236206054,1.9288449067079765e-06,4.299152851104736,1.0561476301518269e-05
357,0.41005401267702074,0.036215725743871274,2.3873913627109475,59611.210749023434,1.4805013704236157e-06,16.057140350341797,4.055160025018267e-05
358,0.5184499518225871,-0.03051103166725464,-2.011329939512004,71367.39880175781,1.3394469475491998e-06,10.840364456176758,3.1480227335123345e-05
359,0.9679090493614974,0.006211255206891021,0.4094546423671894,39715.968756347655,1.765618768043767e-06,31.881397247314453,5.1224360504420474e-05
360,0.9308763357168527,-0.014766016410617986,-0.9733964822263205,41604.59695263672,1.7323863035705621e-06,26.740036010742188,5.266958396532573e-05
361,0.9935524880673103,-0.00026694890106491575,-0.01759764543156809,36137.07302001953,1.8727715533611915e-06,2.917654514312744,4.489945240493398e-06
362,0.9733948865548278,0.0009699131511031176,0.06393803332562514,29691.675790039062,2.0504981239510513e-06,3.137847900390625,5.5397936193912756e-06
363,0.8748656933873381,0.002159478565111918,0.1423558514543944,24971.632084960936,2.217488553482036e-06,1.4796106815338135,3.843803824565839e-06
364,0.8399899210646745,-0.0017977833992666313,-0.11851239955230258,23694.819662353515,2.320203383698995e-06,2.1948840618133545,4.403493676363723e-06
365,0.9989976270762668,4.2105053195656163e-05,0.002775624076587932,21422.34160253906,2.3959757520058794e-06,2.2032928466796875,4.4996404540142976e-06
366,0.5501401442148027,-0.013522687408907316,-0.8914344930980371,26942.496458007812,2.139143003677635e-06,3.5037589073181152,1.3562476851802785e-05
367,0.6945583065561599,0.019126533508733758,1.2608478764250606,39637.37287890625,1.79907191292265e-06,8.655241012573242,2.663156556081958e-05
368,0.7792956993058134,0.010002202082340818,0.659359169780298,63349.50690917969,1.4072304116647105e-06,9.527620315551758,1.4508121239487082e-05
369,0.7291117109119233,-0.008684992888818265,-0.5725268949354023,78225.18424609375,1.2876340729684383e-06,11.846116065979004,8.769903615757357e-06
370,0.9952764752498825,-0.00036117657380559543,-0.02380926558852496,41718.782128417966,1.738915031040377e-06,19.3858642578125,2.9635615646839142e-05
371,0.6785544037868607,0.050905438989846445,3.3557578334581644,52513.392256835934,1.5619606744150367e-06,54.76097869873047,9.984146163333207e-05
372,0.6764441186719758,-0.008146821608773848,-0.5370498904229477,25363.673669433592,2.2124900823874077e-06,5.021338939666748,2.136753755621612e-05
373,0.8085437294654452,0.004303309232545879,0.28368017157830694,37599.97709179688,1.8345784475492086e-06,4.403386116027832,7.091046427376568e-06
374,0.9913706736786874,-0.0005906341982440799,-0.03893543355674011,31155.547583496093,2.033853282327735e-06,2.929792881011963,5.047006197855808e-06
375,0.8270389395645072,-0.0022754921764874037,-0.15000363119829774,21593.263545410155,2.4258773271374793e-06,2.240687370300293,4.67314021079801e-06
376,0.411836270593246,-0.0030191298574994883,-0.19902526862703518,22675.24459692383,2.367080393175834e-06,1.6779838800430298,3.7790887290611863e-06
377,0.9068661923012545,0.001826258793824906,0.12038953744259369,22020.945307373047,2.3707151889702975e-06,1.4705963134765625,3.929353169951355e-06
378,0.9992374840232329,-0.00010990729953431444,-0.007245243115182122,30878.086123046876,2.0105051480671368e-06,4.558258533477783,7.696485226915684e-06
379,0.9727616830517869,0.0037027371220179715,0.24408961692534512,55050.622022460935,1.5374450693257663e-06,13.251229286193848,1.8510379959479906e-05
380,0.9353947118824684,0.005917976565498877,0.3901213035773215,68695.30096972657,1.3904248476564314e-06,8.85563850402832,1.7088646927732043e-05
381,0.8889314096901284,-0.030341898200932846,-2.0001804245334083,31320.451022460937,1.994450134528524e-06,92.39603424072266,0.00014878522779326886
382,0.6160331238379402,-0.005515237510088695,-0.3635721809913866,46060.7795703125,1.6656433616350708e-06,10.29004192352295,1.0216418559139129e-05
383,0.816675413993377,-0.0023076550375592257,-0.15212385204561665,26533.121518066408,2.19959081133752e-06,4.281315803527832,6.750828561052913e-06
384,0.8475315864571243,0.004505598343074203,0.297015353058897,34732.94642041015,1.8954798267445458e-06,3.79988956451416,7.846072549000382e-06
385,0.9882753063211984,0.0011992002519620728,0.07905296014065215,24768.203697509765,2.298393270235002e-06,6.659196376800537,1.2330929166637361e-05
386,0.9940515779410123,0.0007408929590292845,0.04884070151153057,21279.86826513672,2.4317418855104663e-06,6.478697299957275,1.207649620482698e-05
387,0.9954481116446294,0.0007107837239269106,0.04685585856430879,33955.735988769535,1.955744034178407e-06,8.32715129852295,1.3798627151118126e-05
388,0.9598723458600253,-0.003358282487818125,-0.22138268501542374,47925.59435107422,1.6511149879246311e-06,9.435554504394531,1.138204061135184e-05
389,0.9951280983776397,-0.0024527006530507727,-0.16168546216141597,66180.23377734375,1.3969530413183812e-06,18.8089542388916,2.3071948817232624e-05
390,0.9707729913607591,0.00528058787104386,0.34810374814868195,58064.15276464844,1.5007231473305695e-06,20.567636489868164,2.872389268304687e-05
391,0.9090258774683093,0.017023859831438146,1.1222366827331953,34592.830069335934,1.9481162877800453e-06,43.37581253051758,7.881497003836557e-05
392,0.9044456073985775,-0.004331906687235429,-0.28556535584340215,41371.462115234375,1.7521532831501872e-06,8.372982025146484,1.397259984514676e-05
393,0.9863865974893739,0.001761880086568679,0.11614560289512647,31256.174396972656,2.026834640087126e-06,8.779314994812012,1.6332187442458235e-05
394,0.4939946511478549,0.016711991254603008,1.1016778693629243,35642.61428076172,1.8811731994214632e-06,3.998335838317871,2.0349178157630377e-05
395,0.20112954481020687,-0.00317412054804226,-0.2092424720187147,29547.280806640625,2.068586656209016e-06,1.2832401990890503,3.54641110789089e-06
396,0.9058590637360043,-0.003912994869019327,-0.2579501020826542,32461.74504345703,1.99720286376084e-06,5.132509708404541,1.0496474715182558e-05
397,0.8717542670805299,0.01538262906231332,1.0140444518185041,38276.041732910155,1.821526751096415e-06,8.14678955078125,2.7426362066762522e-05
398,0.2169064429530051,-0.036467480327027915,-2.4039873774257097,58676.77753125,1.4484103650228775e-06,21.385513305664062,6.739538366673514e-05
399,0.8935940980351399,0.007279639585709251,0.4798840369369665,69778.09006542969,1.3605718188880943e-06,14.24658489227295,2.056934499705676e-05
400,0.9541851379851416,-0.016178352947853837,-1.066499684798716,39395.00190820313,1.78576501972457e-06,55.599735260009766,9.471220982959494e-05
401,0.9517295081875607,0.006572848228744786,0.43329136079430297,41706.79605810547,1.7585237933853509e-06,19.422565460205078,2.9583052310044877e-05
402,0.582474042048419,-0.00685928289059454,-0.45217353486745016,36824.37050439453,1.8545159154670188e-06,6.317952632904053,1.0110814400832169e-05
403,0.9486479529036731,0.0026806141415973107,0.17670983852900554,32264.610790527342,1.9959478975094427e-06,6.019350528717041,1.1322602404106874e-05
404,0.8851148571565467,-0.005437515038962134,-0.35844860684107427,31351.12925683594,2.0124846933033395e-06,9.381906509399414,1.625265031179879e-05
405,0.9961445151604043,-0.0005746682305655973,-0.037882934606353,24394.887021484374,2.2754304362220642e-06,6.044174671173096,1.1842743333545513e-05
406,0.9436492923274384,0.004594931304636209,0.302904306999703,43393.650795410154,1.748307617185631e-06,5.939695358276367,1.344543579762103e-05
407,0.7845273032862848,0.01027861215798026,0.6775805090905991,61985.74819921875,1.4459871691942087e-06,15.269184112548828,2.3881921151769347e-05
408,0.9739117830059646,0.003080526045474318,0.20307259132632668,53774.52293945313,1.5602126331204645e-06,15.110939979553223,2.116821997333318e-05
409,0.8774901562113818,0.02699256357319907,1.779387594986606,30556.16082763672,2.0207285865119307e-06,46.83488082885742,0.00011632227688096464
410,0.715323042183721,0.006585218662644802,0.43410683712231457,35626.62000244141,1.8966406806832049e-06,5.7172746658325195,1.2931251148984302e-05
411,0.48986294303545685,-0.006403578202066188,-0.4221328435657279,26803.828676513673,2.212911080364471e-06,4.528796672821045,1.1964188161073253e-05
412,0.9795246623762248,-0.0009056684634921796,-0.059702933540875636,32387.89764453125,1.9715493675068663e-06,2.6138827800750732,4.141093086218461e-06
413,0.009460287344134045,-0.009149170980643643,-0.6031261648498286,25248.734688720702,2.2429071915448964e-06,1.9149383306503296,8.8327151388512e-06
414,0.9984659539701739,1.4153417535973212e-05,0.0009330131064387764,20052.09657421875,2.4890721293104643e-06,1.4788161516189575,3.1487761589232832e-06
415,0.7300431131654059,-0.010489662279981965,-0.6914932287176861,19036.932896972656,2.567913315893977e-06,7.519361972808838,1.8115822967956774e-05
416,0.6728243999774078,-0.010651827842654879,-0.7021834097289003,26279.935360351563,2.177054096622249e-06,4.300233840942383,1.4697668120788876e-05
417,0.9430179466613665,0.003694184959186233,0.24352584637380661,41562.98110498047,1.7599747124912953e-06,6.663710594177246,9.685945769888349e-06
418,0.8042617576766042,-0.016724517440865436,-1.1025036131048043,56845.943506347656,1.5093685500902107e-06,18.136442184448242,2.5632109100115485e-05
419,0.9749307940957591,-0.003382073196090186,-0.22295100182462382,74572.75722070312,1.3374025878902637e-06,13.225665092468262,1.3062124708085321e-05
420,0.5823514525950698,0.01643509970876006,1.0834247908624886,58849.05683886719,1.5217462278090847e-06,19.066072463989258,2.500984919606708e-05
421,0.9846581651910885,-0.010203590933844346,-0.6726350049251221,56958.99701757813,1.500308380157289e-06,102.70967864990234,0.00014160340651869774
422,0.7308722812364399,0.013707202817408747,0.9035980072481832,34210.90263769531,1.8824389608095044e-06,8.740718841552734,2.8510605261544697e-05
423,0.8333194325951018,0.015624007858431462,1.0299564801199537,26053.671797851563,2.1820687242074395e-06,8.9390869140625,3.20246908813715e-05
424,0.15896376329268708,0.02921825562398677,1.9261083321515704,25121.818072265625,2.2654323642413362e-06,7.2387919425964355,3.54868607246317e-05
425,0.8444807840369646,0.005449312715506613,0.3592263262020376,15338.105665039062,2.855207979302589e-06,3.9606077671051025,1.5568532035104e-05
426,0.6756439857388779,-0.006334702295189661,-0.41759244732076994,15641.338213378905,2.8046513777785793e-06,3.8544633388519287,1.329914630332496e-05
427,0.7655525650744494,-0.008340993535304066,-0.549849975765919,15559.717454345704,2.8370426296099464e-06,5.920180320739746,1.958114626177121e-05
428,0.9986414208310352,0.0002450688795912561,0.016155283772117297,16702.825911376953,2.7168055887538952e-06,6.220667839050293,1.478932063037064e-05
429,0.7174272049041173,0.011417666184637569,0.7526685458217968,20051.39922241211,2.4964382808750307e-06,8.975115776062012,2.3083939595380798e-05
430,0.28240774643200856,0.024480554866829606,1.6137924628869533,21678.15532397461,2.403969881154215e-06,6.254861354827881,3.393182487343438e-05
431,0.5843807619440335,0.017641027844999116,1.1629212625573695,26059.332487060547,2.178401259551792e-06,5.130545616149902,2.7652438802761026e-05
432,0.8550137122651651,0.006697509688390425,0.4415092188078568,40638.12334545898,1.7826545504278217e-06,7.755102157592773,1.4834037756372709e-05
433,0.9991722927805357,-0.000878019111118185,-0.05788024950827973,47538.294885253905,1.650461951542679e-06,47.940433502197266,6.254820618778467e-05
434,0.9879483028497404,0.0016991639268838807,0.11201126581203692,33817.95130517578,1.928753555133882e-06,20.392696380615234,3.52580173057504e-05
435,0.9814535526281417,-0.0032948520517498366,-0.21720126183275984,40340.64425048828,1.7700285779121812e-06,22.900678634643555,3.719240703503601e-05
436,0.48907278240172875,0.020958813734957317,1.3816343551246475,42148.6309506836,1.7424938541964161e-06,13.269744873046875,4.384002022561617e-05
437,0.6962487973052778,-0.005941789185595133,-0.3916910648446609,39668.90027294922,1.7905359527768252e-06,8.671669006347656,1.4643208487541415e-05
438,0.07255839353148968,-0.01869776950364882,-1.2325831527075097,30858.939210449218,2.031683628544117e-06,10.76224422454834,2.203700933023356e-05
439,0.9871635565649188,-0.0026522073532619247,-0.17483722325701326,39302.411865234375,1.800289751421897e-06,26.369001388549805,3.944518175558187e-05
440,0.3890537041665535,0.031446565768252964,2.0730016577053894,31894.876377929686,1.9893379694111516e-06,12.047718048095703,5.083288488094695e-05
441,0.9957025297344319,-0.0006580414443962637,-0.04337901362982722,35618.61194970703,1.8726970172252474e-06,4.902108192443848,7.872421520005446e-06
442,0.5448057710979299,0.012682557756327782,0.8360519697624343,32591.449867675783,1.976634201674767e-06,4.204460620880127,1.3926633982919157e-05
443,0.6586474548765744,0.007103583152100587,0.46827815025890795,52768.61253808594,1.5696734582213744e-06,2.903801441192627,8.48650870466372e-06
444,0.968219523402955,-0.011888341890414544,-0.7836961475480989,65734.64093505859,1.4111792109761372e-06,47.451011657714844,5.402175156632438e-05
445,0.9769865795875183,-0.007570863848860768,-0.4990819482359675,31909.438694824217,1.96863672322018e-06,55.000911712646484,8.84853070601821e-05
446,0.7636839845103877,0.012711740200657011,0.8379757173638804,54216.93748828125,1.529298903304692e-06,19.915884017944336,3.526461296132766e-05
447,0.9326587950711818,0.004505600381458662,0.29701548743205536,36086.2858256836,1.875572703042966e-06,6.056177139282227,1.3416935871646274e-05
448,0.9308216925937033,-0.006220766978368927,-0.41008167166465626,34700.54309472656,1.9082984048360255e-06,11.758772850036621,1.7641210433794186e-05
449,0.9179624823675424,0.009978744283564515,0.6578127988313122,29724.94226586914,2.058471011877128e-06,8.421277046203613,2.3712318579782732e-05
450,0.6919108941599363,0.005228502740599168,0.344670223402312,28925.95229296875,2.098074474456024e-06,3.9107346534729004,1.3276147910801228e-05
451,0.8103288170533466,-0.00654560643898693,-0.4314955438601719,28741.52525024414,2.100474325980413e-06,9.362645149230957,1.7178303096443415e-05
452,0.533620133637615,0.012902167281996774,0.8505289372670807,28965.81385986328,2.0885420923398514e-06,5.464702606201172,2.124809179804288e-05
453,0.8719397856807644,0.010075165785249295,0.6641690392648156,66360.47775683594,1.399192267174609e-06,12.663908004760742,1.865255217126105e-05
454,0.9544627476410523,-0.005497497207409879,-0.3624027153927453,58951.4016953125,1.4771044468434198e-06,21.10454559326172,2.355213109694887e-05
455,0.9246331995138927,0.023734342681091748,1.564601110500989,33627.552165039066,1.9532974351308837e-06,77.37181854248047,0.00012850137136410922
456,0.5848189141078062,0.012886388948609986,0.8494888074319917,48843.66833544922,1.6402502905657736e-06,9.361495971679688,2.2105798052507453e-05
457,0.5652134099350571,-0.007220960545940098,-0.4760158324528756,30783.456708984377,2.010699415906874e-06,3.7558834552764893,1.3964134268462658e-05
458,0.6240178144109747,0.010183115430507218,0.6712852310683194,35395.51107714844,1.9012555620586967e-06,3.682504653930664,1.895123568829149e-05
459,0.9373012969605807,0.003238625480759512,0.2134947275253569,27479.132009765624,2.1509662870532475e-06,5.236821174621582,1.1255246135988273e-05
460,0.7712001197060375,0.009913519440924005,0.6535130858542642,29724.67223388672,2.068843951463632e-06,7.183571815490723,1.812875780160539e-05
461,0.7936557591574115,0.003567323051366906,0.23516293173482142,47206.859873535155,1.6652133350909315e-06,2.096165418624878,7.010633908066666e-06
462,0.8587372234370214,0.007839421815202413,0.5167856655041426,59773.690108886716,1.5047784351171724e-06,9.713647842407227,1.609668106539175e-05
463,0.9874168794142825,-0.00516070122009111,-0.34020065221148754,63566.22734375,1.4192091938613087e-06,38.10102462768555,4.452629218576476e-05
464,0.9027617186626549,-0.03742341772184781,-2.4670041093235,25656.524118652345,2.2141541751634102e-06,91.46481323242188,0.00022804558102507144
465,0.5720724318657289,-0.0425802699268331,-2.806951029068501,31893.031213867187,2.0004149395680597e-06,28.372421264648438,8.855079795466736e-05
466,0.7380656911288768,0.016778854746809884,1.106085604414386,34177.208064941406,1.9191309422713353e-06,12.627233505249023,4.3547868699533865e-05
467,0.7842227763302864,0.019005898633372872,1.2528954564869617,34491.6660102539,1.909100497339092e-06,9.120783805847168,3.039413240912836e-05
468,0.7771888514231802,0.010623399407867204,0.7003093674924564,22699.74200390625,2.3711640127595765e-06,5.603490829467773,1.9936729586333968e-05
469,0.9544611379485276,-0.0026638529872116926,-0.17560491975719106,25137.42806616211,2.244063717208941e-06,9.380884170532227,1.626121775188949e-05
470,0.7307277187848779,0.00824166221402127,0.5433019159491873,24331.368765625,2.29417837869965e-06,7.12744665145874,1.7356383978039958e-05
471,0.9983906839341876,-2.338738407367025e-05,-0.0015417291131693735,24472.283587890626,2.2935255209586117e-06,8.697660446166992,1.6830834283609875e-05
472,0.7759102591407513,-0.014609098390841069,-0.9630522265922191,38678.83333691406,1.802167663510456e-06,12.342801094055176,2.9161543352529407e-05
473,0.6437434735494815,0.05025022522057985,3.3125652241331647,48286.69585839844,1.6603708881737424e-06,39.45156478881836,8.974083903012797e-05
474,0.6919330234492793,0.021826015207301465,1.4388014907343765,41737.47053417969,1.7640499993643688e-06,21.728025436401367,3.5821103665512055e-05
475,0.9895565437196746,0.003810116869713367,0.2511682402833611,53969.11359179688,1.5355672246253846e-06,19.375179290771484,2.6195062673650682e-05
476,0.5883344902174392,0.023029957027211275,1.5181670216749121,62003.94947167969,1.4570636287080429e-06,28.841259002685547,3.938361624022946e-05
477,0.22182606315642403,-0.05487096857568366,-3.6171710976505747,43741.29928613281,1.7175296552663912e-06,46.94610595703125,8.204590267268941e-05
478,0.8625355751361619,0.008242024865338319,0.5433258224319159,44995.784493164065,1.6750566811851237e-06,14.303479194641113,2.9796377930324525e-05
479,0.8895017241545284,0.004598867581918919,0.30316379191110415,54266.93819628906,1.5371885538593515e-06,12.40739631652832,1.8276487026014365e-05
480,0.5884407225044073,0.008349433405892422,0.5504063438555035,34373.94245605469,1.920869794884409e-06,5.034480571746826,1.1050860848627053e-05
481,0.1858436744498653,-0.012331768180049997,-0.8129274295983777,38817.96571044922,1.80691361021612e-06,4.039307594299316,1.5956433344399557e-05
482,0.8616908189719008,-0.00453614067078094,-0.29902874607716307,36149.441460205075,1.8909283614306977e-06,4.643377780914307,9.466274605074432e-06
483,0.9396700115361024,-0.001867015580464753,-0.12307628189951762,39036.000504394535,1.8355142711473003e-06,4.297139644622803,6.513716471090447e-06
484,0.6672088375779339,0.01592429817356263,1.0497520382628474,51324.823057617185,1.5798565043552607e-06,7.820268630981445,3.0721719667781144e-05
485,0.9873698872811032,0.0021026140195556744,0.13860726097009532,65503.22909814453,1.3972229231068894e-06,16.97682762145996,1.9610093659139238e-05
486,0.9949415378766976,0.001502814101231324,0.09906761030868029,52579.67700488281,1.5402550805283448e-06,25.803733825683594,3.551396002876572e-05
487,0.5361719143264333,-0.112178060875039,-7.394934883061196,33825.815913085935,1.931312690608313e-06,93.37529754638672,0.0002839108055923134
488,0.9588495684105213,0.023633393522612976,1.5579464005904484,42386.518684570314,1.7219403492036595e-06,12.452512741088867,5.27146112290211e-05
489,0.9983722890096137,0.00029371606324639376,0.019362174251128145,26294.865248535156,2.1899576611725968e-06,12.003260612487793,2.2895010260981508e-05
490,0.7191403081221319,0.010897512677885296,0.7183792981594236,28388.211830566408,2.1236765076655334e-06,6.8566508293151855,1.8134142010239884e-05
491,0.7740081058283428,0.008450834170693703,0.5570908242873179,21075.740124511718,2.4785474492610366e-06,6.194174766540527,1.7356534954160452e-05
492,0.6225147676835956,-0.015577706133384196,-1.026904205557289,18002.50412988281,2.6403571807055203e-06,8.590375900268555,3.074422784266062e-05
493,0.9309398591316422,0.004698458477832585,0.3097289632510481,18660.357016601563,2.58152917127769e-06,6.8115620613098145,1.6189431335078552e-05
494,0.3459450035271179,0.02133468233782503,1.4064121398457627,21896.347197998046,2.39643596170931e-06,5.462033748626709,3.091846883762628e-05
495,0.9053873600701748,-0.0033189337131095706,-0.21878875867699163,34214.152953125,1.913815890688951e-06,4.719185829162598,7.694393389101606e-06
496,0.9970775582611127,0.00033238462653292447,0.02191126009995523,50113.55257470703,1.5932975156855684e-06,7.958968162536621,1.1288512723695021e-05
497,0.9989157845716938,9.949294527612418e-05,0.006558714296733057,50563.198331054686,1.5931653478952844e-06,10.415470123291016,1.406159299222054e-05
498,0.9271235539406697,-0.0113294279901739,-0.7468517604613812,53444.33882617187,1.5540130824869843e-06,29.02269172668457,3.574634320102632e-05
499,0.582794942544063,0.04058292761752423,2.6752834266754144,42718.32797900391,1.728100676155588e-06,30.076515197753906,7.893294241512194e-05
500,0.38366872573237293,-0.013775445916467394,-0.9080966879155122,35212.76186865234,1.8985077579723491e-06,7.312446594238281,2.5042374545591883e-05
501,0.27425667361741796,-0.019654311010975065,-1.295639708547803,38958.20383984375,1.8073314412346106e-06,11.748579025268555,4.4240678107598796e-05
502,0.6026901796594304,0.01984655094979598,1.3083124345551456,36582.5426484375,1.8603783595739239e-06,8.224822998046875,2.8510808988357894e-05
503,0.8916670985575834,-0.004502722411383539,-0.296825767613983,46295.71714453125,1.6471280105142035e-06,9.568199157714844,1.1341605386405718e-05
504,0.39173580639087885,0.012117265548666782,0.7987871157174743,60299.13076757813,1.4527305810083093e-06,5.516332626342773,1.4247564649849664e-05
505,0.9962656460168694,-0.0007134942386904033,-0.04703453949371024,65205.229084960934,1.4229841011650285e-06,8.424513816833496,1.0095557627209928e-05
506,0.9053746423063989,-0.004949628823525666,-0.3262864642139623,72529.002921875,1.325226642157662e-06,18.779319763183594,2.0337374735390767e-05
507,0.9410857285617982,-0.006820095878073936,-0.44959027211900265,28592.294861328126,2.076710284247128e-06,25.011075973510742,3.836462929029949e-05
508,0.9428417571562617,-0.015293185304268344,-1.0081481940183654,44575.445240234374,1.684023117243764e-06,37.81156921386719,7.675842061871663e-05
509,0.8728598057052283,0.010485747330598344,0.6912351497712637,39899.107443359375,1.7705754446536146e-06,22.161165237426758,4.4675831304630265e-05
510,0.9831783849533623,0.0008298304490234951,0.05470358541271268,29284.647770507814,2.07083401623955e-06,3.0723445415496826,5.457343831949402e-06
511,0.06079404660851068,-0.007702052329846503,-0.5077300766376334,30519.43641845703,2.0372211325605763e-06,2.3157589435577393,8.193146641133353e-06
512,0.9974865759369993,-0.00020403010271402921,-0.013449950123805872,27270.985229003905,2.1653189857867174e-06,2.11538028717041,3.823881797870854e-06
513,0.6755230590870495,0.002963392182367628,0.19535096301934177,32556.01525341797,1.9892165704303983e-06,2.7896225452423096,5.020214302930981e-06
514,0.6914381238242763,-0.005767689787917078,-0.3802141887160607,33473.145953125,1.936891512232868e-06,5.937408924102783,9.788722309167497e-06
515,0.8920473026454729,0.0034429691722007343,0.22696534985725378,51157.50674414063,1.558872835330334e-06,8.321728706359863,1.340272956440458e-05
516,0.9821608852701139,-0.0030771034026611677,-0.202846965918526,84356.61632714844,1.2276362689144735e-06,26.531436920166016,2.7191619665245526e-05
517,0.5145383553648838,-0.01700542063180584,-1.1210211448685448,59063.26736621094,1.4683362829764203e-06,17.846946716308594,4.105796688236296e-05
518,0.9768498562511039,0.010494211878889657,0.6917931446495893,31949.21245361328,1.9780022815232886e-06,73.49353790283203,0.00013022114580962807
519,0.7409697969147407,0.023073465811773605,1.5210351816891772,40196.35388916016,1.8070534868516066e-06,6.361026763916016,4.3089112296001986e-05
520,0.16875306671134022,-0.009617580893542069,-0.634004402336237,31128.79052246094,2.0235066602784e-06,4.914385795593262,1.1270786671957467e-05
521,0.7397912848331902,0.0077470027467629555,0.51069327107575,32412.96344067383,1.9794381113219156e-06,4.237968921661377,1.1715424079739023e-05
522,0.9985587441339876,-0.00017953352067209938,-0.011835101127089565,19709.356050048827,2.5477241487315206e-06,3.6223130226135254,7.36503534426447e-06
523,0.6449665888177679,-0.009850177361766342,-0.6493374872828965,21745.81675830078,2.420615142854603e-06,6.555572986602783,2.0506302462308668e-05
524,0.815903939114349,0.00414464632162581,0.27322089027625407,29894.834795166014,2.067831052075436e-06,4.0613250732421875,8.082935892161913e-06
525,0.9337905769209327,0.007014694408214076,0.4624184797694164,53405.91487597656,1.5610565376703586e-06,11.481898307800293,1.9010238247574307e-05
526,0.9680655845713804,0.005174541609405034,0.3411130300591194,71477.48294726563,1.3607992097024448e-06,25.114694595336914,2.78329462162219e-05
527,0.6965866636335444,0.047486190248324824,3.130356167612757,28430.26413574219,2.172035366544268e-06,25.297809600830078,0.0001209847760037519
528,0.99545090286097,-0.0014663235626522777,-0.09666210289898745,39864.22230517578,1.7901020069394678e-06,24.620481491088867,3.6688314139610156e-05
529,0.9599202331947364,-0.0022254114684850048,-0.1467022407866032,39672.09867773437,1.8043197590831414e-06,7.609383583068848,1.2402256288623903e-05
530,0.9889918285587276,0.0006788572415402432,0.04475122013097375,36093.50268359375,1.88288117518155e-06,5.070821285247803,8.479182724840939e-06
531,0.9955072896222369,0.00010400684499658652,0.006856276888215813,37734.959679199215,1.825303787975773e-06,2.1208088397979736,3.594763029468595e-06
532,0.6126730327470941,0.02377695651621799,1.5674102741950118,39088.33059033203,1.818447967123148e-06,15.924869537353516,3.774459764827043e-05
533,0.9688235255038062,-0.0019425512436295454,-0.12805569860627206,29916.147333740235,2.074306806491273e-06,5.201836109161377,8.092423740890808e-06
534,0.863607335742862,0.003317861178662058,0.21871805570408115,28343.127232421873,2.1263581121635017e-06,4.070624828338623,7.784170520608313e-06
535,0.5458576570872503,0.005499342442581406,0.36252435587958337,40154.20127978516,1.7923711616817794e-06,2.758432149887085,6.890429176564794e-06
536,0.8654990006173965,0.006919199888438381,0.4561233472816377,50928.02670019531,1.5864387778258833e-06,4.432933807373047,1.1000426638929639e-05
537,0.9907211150897294,0.0025352717571386846,0.16712866498725873,59588.145815429685,1.4685493101531285e-06,16.3638916015625,1.9921128114219755e-05
538,0.981438475024672,-0.0032882677852688366,-0.21676721776478514,41387.946112304686,1.7492880983832667e-06,27.694252014160156,3.442583329160698e-05
539,0.9972442997542501,-0.0026987830915130968,-0.17790756115384668,35324.143013183595,1.8943890079915032e-06,49.984130859375,8.192162931663916e-05
540,0.7598259090502674,0.015308197755872485,1.0091378358536918,39876.26190234375,1.7665615508749942e-06,10.641474723815918,3.887228012899868e-05
541,0.4922887573046341,-0.008063489813933405,-0.5315565417973183,25564.14476123047,2.1944378772812863e-06,5.802028179168701,1.207100649480708e-05
542,0.7868757815778438,0.0054982000567737315,0.36244904820718116,26566.931498535156,2.1803412564225367e-06,2.7989068031311035,8.46278817334678e-06
543,0.8602371689806009,0.0016971778079075243,0.11188033806747082,19223.789943359374,2.5546214257800476e-06,1.6876741647720337,3.993275186076062e-06
544,0.31172482194387235,-0.01147261621710085,-0.75629092892165,19526.39021826172,2.5263206461220003e-06,3.698991537094116,1.4538661162077915e-05
545,0.9984263831411082,-0.0003307125898483205,-0.021801037099947154,20464.421783203125,2.511206237916309e-06,3.2930960655212402,7.003004157013493e-06
546,0.6986612572685443,0.005151536539715456,0.3395965036455971,19000.0091418457,2.5803503621518015e-06,2.9393162727355957,9.457784472033381e-06
547,0.7556531351572764,0.0023649615571937335,0.15590157808015848,22942.321033691405,2.33159034350808e-06,0.9550134539604187,3.859985099552432e-06
548,0.6146833337915253,0.008072432867650012,0.5321460804234466,39271.91499267578,1.7815101051299104e-06,2.733415126800537,1.019020510284463e-05
549,0.886421220603852,0.006976898501632076,0.45992692067274504,57590.63856494141,1.5003066263839077e-06,9.786422729492188,1.6247584426309913e-05
550,0.8239316836712435,-0.011363803094761725,-0.7491178154996168,53416.08529980469,1.549774690550595e-06,21.567535400390625,3.024972102139145e-05
551,0.7495280000816499,0.040416443649673034,2.6643085703467357,35880.806065429686,1.9163214866651995e-06,47.747703552246094,0.00011188700591446832
552,0.4832831884776955,-0.03570007195813288,-2.3533987429598624,39616.07418896484,1.7919247901716966e-06,14.938880920410156,5.636928108287975e-05
553,0.8353711991732795,-0.004743475989693517,-0.3126965806818741,46376.76405761719,1.657338681840356e-06,8.813179016113281,1.0004971045418642e-05
554,0.9930390984039138,0.0017471078634009182,0.11517179725477647,39457.450680664064,1.7858938967463692e-06,6.774850368499756,1.1322463251417503e-05
555,0.9969796416401177,0.00048298023437047457,0.031838733484205024,36128.932163574216,1.8726019401867182e-06,6.749726295471191,1.083454117178917e-05
556,0.2165714895939752,0.01124522520080917,0.7413009946568455,31488.038440917968,2.006156569478362e-06,3.6444971561431885,1.7008462236844935e-05
557,0.8623930240859634,0.004133620652633774,0.2724940627343774,39153.065091796874,1.812994126050398e-06,5.062904357910156,9.88966530712787e-06
558,0.8670282452510454,0.0044191052703109164,0.2913136085650884,32446.476111816406,1.9842253313410918e-06,3.7534079551696777,8.473780326312408e-06
559,0.7373806480157826,0.008565191912597239,0.5646294467965142,34899.89659667969,1.8860457072594035e-06,3.7955849170684814,1.1351700777595397e-05
560,0.8111131703534907,0.014106749522451615,0.9299366856268814,50676.366067871095,1.5943933751984532e-06,7.324219226837158,2.545668394304812e-05
561,0.5819414986157888,-0.03348161600566718,-2.207155019530749,46851.494137695314,1.6459707353676462e-06,32.094322204589844,5.992109072394669e-05
562,0.9745253908809376,-0.001895159872681767,-0.12493159305974978,31097.16763769531,2.011372768218362e-06,12.460845947265625,1.869131301646121e-05
563,0.9336991743055942,0.007142037329761795,0.47081310350705746,46482.275575195315,1.653502034454884e-06,19.291513442993164,3.0618695745943114e-05
564,0.9637182058306069,0.016323161990722812,1.0760456997159054,38042.76207080078,1.8063829769415663e-06,18.189903259277344,5.820286969537847e-05
565,0.7462912343595363,-0.0044702831711777085,-0.2946873274670693,31482.312836425783,2.0009858161614354e-06,3.422597646713257,7.991287930053659e-06
566,0.6138155416390473,0.006981440705502999,0.4602263491134673,29640.988908203126,2.079528740775191e-06,3.4540772438049316,8.878461812855676e-06
567,0.9960059609396429,0.00012850145768993616,0.008470996062715553,21846.334045410156,2.424434500102556e-06,2.007059097290039,4.14186206398881e-06
568,0.4552349224596596,-0.00671935917462144,-0.44294956754134646,18910.780618652345,2.5484079952901316e-06,3.112448215484619,9.121937182499096e-06
569,0.7050583779322797,0.009408225157711381,0.6202033790186038,21358.61555810547,2.4184624810185843e-06,2.5788543224334717,1.4989784176577814e-05
570,0.946690830274593,0.0015655535533331166,0.10320348286052011,25751.484409179688,2.2258463768295985e-06,1.7027267217636108,4.948974037688458e-06
571,0.9153206441761272,0.0044408764412578626,0.29274879464536846,52450.76634277344,1.5625053989871175e-06,6.327723979949951,1.0885863957810216e-05
572,0.7582607564188871,-0.032464779139866694,-2.140123709213601,49943.31075,1.59763866156701e-06,37.55463409423828,5.9265061281621456e-05
573,0.9374929688528103,0.02429910461177934,1.6018310079451867,26187.215936523437,2.1773881900401797e-06,64.60071563720703,0.00017124843725468963
574,0.6873538191757664,-0.05319231953974831,-3.5065122021818484,48776.19451171875,1.605647318540876e-06,24.69578742980957,0.00010562301758909598
575,0.9203942355075015,0.004225051515429323,0.27852131326269913,31031.571576660157,2.045776017945169e-06,6.581246852874756,1.6057016182458028e-05
576,0.9741118139127489,-0.0026113114258782652,-0.1721413064473846,37489.02344824219,1.8335625475884688e-06,10.875317573547363,1.5418012480949983e-05
577,0.386260428177217,-0.0018929966787095487,-0.12478899228345537,32342.23758154297,1.980723874868069e-06,1.4468212127685547,2.9221644126664614e-06
578,0.8298525133490368,-0.012947043557189009,-0.8534872441788981,33965.95268359375,1.9396277519503e-06,15.551595687866211,3.212981027900241e-05
579,0.8903825117584999,0.0061840854055657014,0.4076635710113539,47048.80987158203,1.6527783305114834e-06,8.959654808044434,1.4147953152132686e-05
580,0.9695315210351052,0.0016252177442846146,0.10713662989029758,27382.30741455078,2.137929130247109e-06,3.299696207046509,5.868256266694516e-06
581,0.7382830449032163,0.006180178348955314,0.4074060123675971,48503.5518671875,1.6089032129263294e-06,3.7698938846588135,7.599978744110558e-06
582,0.8843203785936756,0.008369771659408293,0.5517470700118648,52465.72633154297,1.566130570121155e-06,9.867133140563965,1.5086765415617265e-05
583,0.998358000326903,-0.0004947845556677408,-0.032616890876578354,54740.79124511719,1.5202339547193472e-06,20.057857513427734,2.501689778000582e-05
584,0.334354922985869,-0.03571635595669004,-2.354472206951187,36764.97462890625,1.8652523191918963e-06,34.36007308959961,8.272578270407394e-05
585,0.8565712674642034,-0.019872366232528294,-1.3100142141482687,63107.79912060547,1.431899516274487e-06,28.459508895874023,4.384932981338352e-05
586,0.8100855107238083,-0.016183838504281057,-1.066861300361155,38493.833100585936,1.8161931968434334e-06,21.930950164794922,2.9381677450146526e-05
587,0.8202665169175382,-0.006702134685863053,-0.44181410511875946,40059.761798339845,1.8020189498389955e-06,8.748333930969238,1.5800853361724876e-05
588,0.9788521316776869,0.0021165710647244786,0.13952732893506242,35704.2925625,1.871205878419632e-06,4.739090919494629,9.233297532773577e-06
589,0.9915063915125577,-0.0005797423508015021,-0.03821742771882656,32003.54362158203,2.009337573604373e-06,4.097849369049072,6.390484486473724e-06
590,0.1877609423142822,-0.04728290764699702,-3.116955493827238,35592.54992822266,1.8930151456852189e-06,17.059307098388672,6.805380689911544e-05
591,0.5524265969060955,0.03489323652672078,2.3002110213135993,49713.10011621094,1.5735066423401816e-06,16.278221130371094,4.815530337509699e-05
592,0.7306777794910743,0.01443393789866499,0.9515054016282009,58388.33811132813,1.4930638158684788e-06,6.672591686248779,2.0963960196240805e-05
593,0.9229288459999498,0.002571934418376767,0.16954551896370038,52601.80805322266,1.570341217009471e-06,11.039270401000977,1.3347285857889801e-05
594,0.9809438828124692,-0.008466276947016104,-0.5581088337307603,29099.961974121095,2.1000608834121574e-06,64.8658218383789,0.00010453044524183497
595,0.41579201581987085,0.024805911286634594,1.6352404137560983,49681.92974121094,1.6042957081247795e-06,11.5216646194458,4.0375420212512836e-05
596,-0.010568420465481412,-0.005641633401093179,-0.37190437514926084,34892.414596191404,1.9039444379182115e-06,1.8078241348266602,8.167231499101035e-06
597,0.9528762383699158,-0.002811700738555499,-0.18535125059288254,41500.37854003906,1.7573855723525333e-06,6.310311794281006,9.480233529757243e-06
598,0.33850568293753575,0.018630989395782546,1.2281809144685636,28243.123778320314,2.1062079808816647e-06,6.286586761474609,1.8086142517859116e-05
599,0.8825838733635213,-0.00225666751167497,-0.14876268292911282,26612.66398388672,2.1925456877103667e-06,3.94158935546875,6.500363724626368e-06
600,0.9412558147784021,0.004283377954966678,0.28236627384567814,29420.51473852539,2.103629098731557e-06,7.148438930511475,1.5858195183682255e-05
601,0.9960806632935866,0.0009035523796630249,0.059563438331191716,42518.174966308594,1.7380820644250488e-06,14.9776029586792,2.1510169972316362e-05
602,0.964632199279371,0.0035260482240317974,0.23244203730972765,62337.9069453125,1.4242035357282267e-06,16.315759658813477,2.0443074390641414e-05
603,0.9485641168549725,-0.007137607378909281,-0.47052107494252393,41247.36573828125,1.7499352217883066e-06,20.822378158569336,3.189901326550171e-05
604,0.9441227972790244,-0.024987066068555656,-1.6471823906953655,47125.458736328124,1.6608324730642568e-06,60.15798568725586,9.887316991807893e-05
605,0.7683323226561637,-0.00617446538789229,-0.4070294059730759,46245.64857714844,1.6598500326193158e-06,8.869222640991211,1.5156882909650449e-05
606,0.848067218897784,0.0106059483450019,0.6991589689874147,34447.53590307617,1.8933718793971891e-06,7.0298333168029785,2.0271490939194337e-05
607,0.7566979497295309,-0.007434939620836372,-0.49012163275689663,33337.36369921875,1.950245719271008e-06,7.739054203033447,1.2543472621473484e-05
608,0.5898908415704243,0.02052111573591209,1.3527806900127928,38346.296095703125,1.8169678607024699e-06,9.880642890930176,3.238931094529107e-05
609,0.7961316860865048,-0.004939392681826709,-0.32561168341701213,29747.176815429688,2.067476083327315e-06,4.275559425354004,8.729611181479413e-06
610,0.9966337331770868,-0.0003789875318579643,-0.024983388888346673,28198.60934033203,2.0982195000635644e-06,3.82641863822937,6.797301011829404e-06
611,0.8254582547456398,0.0072527648979277244,0.478112419879257,33118.35602978516,1.949022694721522e-06,2.2472312450408936,1.0019252840720583e-05
612,0.703271277154954,0.013176222576087245,0.868595046079701,60594.597484375,1.4580152120898725e-06,6.20640754699707,1.6285330275422893e-05
613,0.6397165118365727,-0.02200803902431319,-1.450800755683941,48770.19014697266,1.6253075936813993e-06,20.04045295715332,3.896513590007089e-05
614,0.8265292003700068,0.014768063207808432,0.9735314099637418,57036.74707421875,1.4980008876118232e-06,22.57136344909668,4.375245771370828e-05
615,0.7223200839308472,-0.015748417903436784,-1.0381577645283009,36220.76700683594,1.8641412192305594e-06,30.831621170043945,3.7369893107097596e-05
616,0.12576045045313158,-0.0072454562612580976,-0.47763062431393655,30793.985066894533,2.0236845653258362e-06,3.7140285968780518,8.790058927843347e-06
617,0.3379294238674462,-0.011002896683077122,-0.7253263593764813,29066.04529296875,2.0890496733038467e-06,8.787803649902344,1.6960606444627047e-05
618,0.9469933111007944,-0.004499176749961073,-0.29659203264716333,28301.826697265624,2.1011606295877067e-06,7.353595733642578,1.4524262951454148e-05
619,0.9834307986216454,-0.0011564558340557971,-0.0762351882468825,26535.04831201172,2.1909776950211944e-06,6.668331146240234,1.2098432307539042e-05
620,0.7969828227029467,0.004523548655808542,0.2981986628145264,19355.054166748047,2.521003535419535e-06,3.0974342823028564,9.25628137338208e-06
621,0.8879317338614601,0.005104300696020905,0.33648265067343014,17539.466087158202,2.655544388514202e-06,5.177670955657959,1.4524924154102337e-05
622,0.610634914341195,0.01783171630458334,1.175491712880516,22344.77646923828,2.360462172203452e-06,5.50350284576416,2.9334045393625274e-05
623,0.9692376875199289,-0.0018502966343105936,-0.12197414555343529,21709.809810302733,2.3890318373106194e-06,5.471704006195068,1.110809898818843e-05
624,0.9966913611241082,0.0008269794273836117,0.054515642073233665,37389.036857910156,1.8243865939386675e-06,6.353899002075195,1.020413310470758e-05
625,0.7808830359960641,-0.011349732344280284,-0.7481902519211915,53045.81984082031,1.5437418116737877e-06,13.42454719543457,2.0042631149408408e-05
626,0.9994408502962162,-0.0014721680259414227,-0.09704737810442902,50307.55727148437,1.5952096369684668e-06,44.479679107666016,5.795443939859979e-05
627,0.9974405435518539,0.002052019498263936,0.13527199926675001,42927.58481542969,1.7062706019308003e-06,37.03273010253906,5.8684709074441344e-05
628,0.4758890516301225,-0.03202731264964485,-2.1112853054876224,34298.91755029297,1.9238387646081524e-06,18.001205444335938,6.718392978655174e-05
629,0.8436893666908322,0.008912842831106098,0.5875470822446186,36185.64109521484,1.862862879258062e-06,8.927013397216797,2.6126130251213908e-05
630,0.7214032846225191,0.01520297727903185,1.0022015546545728,33672.45606591797,1.9375655215844727e-06,3.315906047821045,2.0253088223398663e-05
631,0.9979980390612919,0.00018428459547793885,0.012148298632374249,27755.546669921874,2.142683677513138e-06,4.802852153778076,8.568090379412752e-06
632,0.9810032401502388,-0.0011615189731061094,-0.07656895746422218,18126.925672363283,2.615663950957748e-06,3.2471508979797363,7.501679647248238e-06
633,0.8185698319514576,-0.005240344145020265,-0.34545082536614474,23508.563523925783,2.3083864042319096e-06,5.301608562469482,1.2669823263422586e-05
634,0.7654280829131168,-0.008574390730539385,-0.565235845758599,23830.003451660155,2.2823648294134878e-06,5.314396381378174,1.6636928194202483e-05
635,0.7217303714637752,0.006919362190629699,0.45613404646940064,41965.3388828125,1.7341282053863427e-06,7.364437103271484,1.3172807484806981e-05
636,0.933677223122222,-0.01383205775580984,-0.911828619652272,48925.24236328125,1.6080258685482342e-06,39.92036437988281,5.8336656366009265e-05
637,0.5575548999060297,0.030272789338058416,1.9956246715028036,79245.18346484375,1.2885820989720354e-06,24.74049186706543,3.672539605759084e-05
638,0.7765499820298499,-0.018588327408965245,-1.225368576547627,47996.78775146484,1.638937124943425e-06,19.944381713867188,3.6051558709004894e-05
639,0.8250591311980617,0.04109762433274266,2.709212954997406,30547.6448046875,2.02794541637434e-06,40.168678283691406,0.00015131144027691334
640,0.9419012578241005,0.004078572933658337,0.2688652400028286,42250.49838916016,1.7446792520736712e-06,9.49820613861084,1.755832818162162e-05
641,0.7813126872224265,-0.003414605183520729,-0.22509555599848688,37854.334868652346,1.8237634746306222e-06,3.937452554702759,5.143708676769165e-06
642,0.9722609495576129,-0.0012140891135892385,-0.08003445475160326,29316.3968984375,2.097445596686118e-06,3.9595935344696045,7.399530659313314e-06
643,0.8326124428566911,0.0038565205041451644,0.2542272328553826,28561.68578173828,2.1101637418336966e-06,2.8883981704711914,8.152761438395828e-06
644,0.6834165775644577,-0.003963162651042587,-0.2612572325357547,27864.07110839844,2.1293807844423766e-06,2.746227264404297,6.099465736042475e-06
645,0.8548553775838823,0.0069634284820671456,0.4590389581176855,29801.401102050782,2.0692281103810553e-06,4.877572059631348,1.33324083435582e-05
646,0.787790299109525,0.008958043636959285,0.5905267826721253,47055.20726318359,1.6599844561751486e-06,7.255809783935547,1.5985375284799375e-05
647,0.9711646337025142,0.007075691519060987,0.4664394947455109,73988.20927929688,1.3193733613076608e-06,24.032329559326172,2.7391284675104544e-05
648,0.8989366351373792,-0.011693143705118312,-0.7708284097899528,36589.68587890625,1.861295638892381e-06,39.2741584777832,6.121271144365892e-05
649,0.9574213627500969,-0.015961866392895117,-1.0522285878971451,51933.537894042965,1.5741341217559622e-06,68.2554702758789,8.964334119809791e-05
650,0.6881868870872827,0.02762853183898909,1.821311513768278,37537.73885498047,1.8234593575177631e-06,10.936932563781738,5.067092934041284e-05
651,0.9966360910982379,0.00031166418210118473,0.0205453393831451,34878.24710351563,1.910088709625595e-06,3.192854881286621,5.312819212122122e-06
652,0.5683993736920994,0.009481961813581588,0.6250642026449122,25521.194924316405,2.213819765645387e-06,3.019653081893921,1.4509186257782858e-05
653,0.8699526664108966,-0.0023160712062271845,-0.1526786576714132,19773.687728027344,2.518664498148798e-06,2.9131669998168945,6.961666713323211e-06
654,0.8155385223447279,0.002480990851981735,0.1635503916965802,25792.4743359375,2.208472942140144e-06,2.2485437393188477,5.4638853725919034e-06
655,0.7199383709218173,0.0042684798691964435,0.2813841711662971,23664.2046796875,2.3240594450772715e-06,2.7834079265594482,8.171978151949588e-06
656,0.8484359514521308,-0.005945529391920902,-0.3919376244839748,41798.65807373047,1.730302571174936e-06,7.025357723236084,9.335562936030328e-06
657,0.6811283076157647,-0.020858036345838805,-1.3749909684909059,51879.51337060547,1.5751244411278425e-06,14.747105598449707,2.686998232093174e-05
658,0.5506169279392561,-0.012102062075129198,-0.7977848814487609,50244.30546875,1.623050730397656e-06,10.693297386169434,1.913276719278656e-05
659,0.2557081849140874,-0.03413230794358605,-2.2500495434002876,42832.083272460935,1.7490362730771601e-06,15.123538970947266,4.387252192827873e-05
660,0.5954872950190682,0.03626643159827642,2.390733963649057,59688.68371679688,1.4559774911281418e-06,17.841617584228516,7.557559729320928e-05
661,0.9879609577088554,-0.002448275146235314,-0.16139372655402906,43364.8137109375,1.7043019297701885e-06,11.364542961120605,1.4312916391645558e-05
662,0.7885643656401143,0.010108679270448237,0.6663782951462012,34282.47348339844,1.92556020005865e-06,9.402170181274414,1.783027073543053e-05
663,0.7523889409460034,-0.0040151399908780055,-0.26468365157419604,32324.12053564453,1.9673853809731552e-06,2.76631498336792,7.161171652114717e-06
664,0.5254004174695115,-0.011157857421427395,-0.7355415882776821,28987.03344042969,2.093270759624768e-06,3.4805922508239746,1.7862299500848167e-05
665,0.707376470267797,-0.005005017123670321,-0.3299377385331844,31468.195574951173,2.0138715820458143e-06,3.5029234886169434,8.336280188814271e-06
666,0.7884442085696922,0.025183413306896142,1.6601258756394868,49443.449896972656,1.6070822797102158e-06,9.80151653289795,3.7220022932160646e-05
667,0.10293950635709588,-0.014811004854086316,-0.9763621834279947,72195.02793847656,1.3184036717026763e-06,12.68416690826416,1.744097244227305e-05
668,0.7891740671954725,-0.009122997228856363,-0.6014007544745508,65662.38339550782,1.4107688542953102e-06,11.903033256530762,1.7691325410851277e-05
669,0.9933732115676519,8.133780972289007e-05,0.005361902334018966,33861.83253417969,1.9789238576324882e-06,23.150928497314453,3.845909668598324e-05
670,0.8405154246631684,0.017528862049814586,1.1555271362458055,48650.04930273438,1.6128535489639676e-06,22.1478271484375,3.909717270289548e-05
671,0.5866287998568631,-0.004273934775819503,-0.2817437662507196,32728.050862304688,1.9872832984686233e-06,4.078431606292725,9.983491509046871e-06
672,0.9654675551418033,0.0020162757702709734,0.13291572265683202,32527.986838867186,1.9645925547447623e-06,4.126277446746826,6.5219060161325615e-06
673,0.5605373211301786,0.00843560983763963,0.5560872149300629,24832.94670336914,2.2497669439826824e-06,2.4071204662323,9.478310857957695e-06
674,-0.07759577419414423,-0.004951734124148538,-0.3264252485795856,19342.563729492187,2.5535959790479204e-06,0.844611644744873,5.102895556774456e-06
675,-0.14011830852446452,-0.00777998863606105,-0.512867747096431,21862.888290527342,2.4183680955957195e-06,2.4036848545074463,8.71559495863039e-06
676,0.7986891278244337,0.00489109286327074,0.3224276917318382,20921.941250488282,2.4552039439332637e-06,1.6270453929901123,8.523385076841805e-06
677,0.5386237988769524,-0.007082367952450239,-0.46687961458516125,25488.64336035156,2.2284980637081405e-06,4.2741193771362305,8.751614586799406e-06
678,0.9059829268888323,0.005085560625245588,0.3352472789616495,54124.49173828125,1.5309926617418147e-06,7.057608127593994,1.1200066182937007e-05
679,0.9160971064924983,-0.019054900377751538,-1.256125720105445,67397.14771826172,1.3991213849225298e-06,38.376617431640625,4.7703273594379425e-05
680,0.9918301395226274,0.004230495703686548,0.2788802017774343,29168.466887207032,2.0540330917689734e-06,46.62352752685547,8.463556878268719e-05
681,0.9842096695977712,0.0019490067549521554,0.12848125495387855,46715.818616210934,1.635095257039092e-06,11.514517784118652,1.6634154235362075e-05
682,0.928448536774177,0.010999446899142739,0.7250989447879564,44157.33057617187,1.7074618851524184e-06,11.754125595092773,3.123852002318017e-05
683,0.933300829448625,0.0027260380981487036,0.17970424936306995,36874.85461425781,1.8349180415911594e-06,3.9757118225097656,6.634486908296822e-06
684,0.669674476099978,-0.005253388933838684,-0.3463107561148404,35126.91163427734,1.922006047910402e-06,4.632333755493164,7.785473826515954e-06
685,0.9922045579677633,-0.0007786460108831581,-0.05132943556450392,30225.148811279298,2.053588952743181e-06,5.515524387359619,9.577821401762776e-06
686,0.997025171460076,0.0003580599133986193,0.023603810969480714,38491.85940869141,1.8270047487853854e-06,9.350055694580078,1.3809348274662625e-05
687,0.8136380474975131,0.011621382319729352,0.7660977987602189,49573.63090917969,1.6085515697829828e-06,10.440460205078125,2.0665542251663283e-05
688,0.9841045962714514,0.0013121798943488124,0.08650073639961386,53935.32741796875,1.5461836971485282e-06,16.051738739013672,2.043176027655136e-05
689,0.9938461149212432,0.007152523601935863,0.47150437325524536,31042.080140625,2.0170404453398207e-06,53.431880950927734,0.0001069989157258533
690,0.3301515263089546,0.017860296151026273,1.1773757363853332,38036.43221923828,1.8169682536415574e-06,8.501250267028809,2.7954352844972163e-05
691,0.9323140047695891,-0.0027487645804388757,-0.18120241090504988,29219.084897460936,2.079175885578017e-06,6.1522040367126465,1.1487892152217682e-05
692,0.5196529902825269,0.007114397396392333,0.46899104038843203,29598.61496972656,2.0685780818841796e-06,1.6840615272521973,7.561990059912205e-06
693,0.8492867465541638,-0.009977351001281505,-0.6577209517118647,18744.375646240234,2.584289821798264e-06,3.7208595275878906,1.8016595277003944e-05
694,0.27893631834807503,-0.007556368177989109,-0.4981263733102999,18526.16641040039,2.603387377467051e-06,2.590132474899292,1.0141113307327032e-05
695,0.4578094957495846,0.0044326107774999585,0.2922039105140312,18995.806149169923,2.560911580534111e-06,1.5058199167251587,6.15990848018555e-06
696,0.6497214457395465,-0.0020094552317899118,-0.1324661032077042,20029.87908984375,2.5225618759564663e-06,1.2481502294540405,2.9698858270421624e-06
697,0.9978089370978639,0.0011983856494432708,0.07899926040172699,24485.401915039063,2.2802158441329953e-06,9.698456764221191,1.890084968181327e-05
698,0.9480594532768295,0.004476412959861088,0.29509141172210934,48639.58212792969,1.6127556305133139e-06,6.289525032043457,1.0903459042310715e-05
699,0.7551293475322475,0.012684152159052768,0.836157075023095,54872.51810644531,1.5359396270816792e-06,13.078330993652344,2.2775373508920893e-05
700,0.9825880938165679,-0.006167646731417135,-0.40657991058841325,67207.67493798828,1.424763614533987e-06,41.20435333251953,4.726940460386686e-05
701,0.9057949450792623,0.02562126058669925,1.6889893815479753,33716.36653466797,1.9440759980878586e-06,22.308034896850586,7.726497278781608e-05
702,0.9146360510605218,-0.011665702530348909,-0.7690194491166132,40505.19572753906,1.7406055201293786e-06,32.07027816772461,5.653915286529809e-05
703,0.850721457238593,0.006979690374979624,0.46011096487395353,33381.42376318359,1.94694395602552e-06,8.524413108825684,2.0348961697891355e-05
704,0.6504833220741607,0.008833007927568587,0.5822842535912244,35599.222356445316,1.8934395970386939e-06,6.411226272583008,1.240882647834951e-05
705,0.8041274603335232,-0.005497646107437317,-0.362412531091095,27207.39811328125,2.1720012899544656e-06,4.726909160614014,1.132447232521372e-05
706,0.9293865780928734,-0.0033815307432953287,-0.22291524257665846,26599.695120117187,2.170818729284044e-06,7.104327201843262,1.3689759725821204e-05
707,0.5661927760217,0.0063443615058655055,0.4182291960166598,21582.726757568358,2.414589067757625e-06,1.9443870782852173,1.18239095172612e-05
708,0.9970592570744757,0.00037246820211792465,0.02455362554128275,28626.276766113282,2.1055955528837728e-06,4.205775260925293,7.581735644635046e-06
709,0.9960317930875233,0.004115512603454985,0.2713003547714132,49824.19509033203,1.6050060645031442e-06,30.7026309967041,4.3906238715862855e-05
710,0.8818196177299772,0.0037442295427192536,0.24682485540988588,55932.640081542966,1.529545735616593e-06,4.418564319610596,8.399489161092788e-06
711,0.9388942579762579,-0.006751404876028863,-0.4450620650595011,67983.6459501953,1.383521198206375e-06,20.36713981628418,2.4877828764147125e-05
712,0.9766318445767697,-0.006817521199877912,-0.4494205457263736,50038.76545996094,1.5871232330958826e-06,34.72090148925781,4.7404995711985976e-05
713,0.8944373681361696,0.006605756805908976,0.4354607402908381,41613.2083203125,1.741687069190447e-06,11.73326301574707,2.5825302145676687e-05
714,0.8158284035697702,0.02172662612698248,1.432249623361085,40770.58098828125,1.7632115619891052e-06,17.756397247314453,6.0430425946833566e-05
715,0.6660799624827463,-0.026761283554562858,-1.764141292240536,32058.0264140625,1.98220987254839e-06,17.789567947387695,4.0983184590004385e-05
716,0.9353325182721989,-0.0030511746337349085,-0.20113770515655563,27683.483169677733,2.1400464010285936e-06,5.263654708862305,1.2077215615136083e-05
717,0.7309221117781188,0.007510362363784882,0.49509360560484417,32741.14971459961,1.976752369130166e-06,6.122702598571777,1.2758046977978665e-05
718,0.9923865205754061,-0.001819146215951605,-0.11992066634771574,34104.40626806641,1.9459018137292e-06,15.766488075256348,2.607097485451959e-05
719,0.9521615940847947,0.003998545271367458,0.26358970442244534,51278.58690234375,1.5607632438150711e-06,11.762345314025879,1.544486076454632e-05
720,0.8532494486230834,0.011317787480089993,0.7460844017336171,61799.57263037109,1.446965134901641e-06,12.780324935913086,2.339499224035535e-05
721,0.6641932104863659,-0.011487763792478987,-0.7572894783054048,48082.70596875,1.6187269072957178e-06,13.849989891052246,1.9731682186829858e-05
722,0.4380333372088998,-0.036373007954058414,-2.397759626286956,33950.588956054686,1.989523946862212e-06,22.82138442993164,7.678181282244623e-05
723,0.8426464994001435,-0.01811479885993832,-1.194152911398759,46601.731448242186,1.6455729303892655e-06,39.93156051635742,5.399940346251242e-05
724,0.9979196377562474,0.0005717369258629037,0.03768969889493367,46511.53790820313,1.6606736443077033e-06,19.01222038269043,2.5563887902535498e-05
725,0.6817832993649234,0.016529114947886923,1.0896224070981007,33895.45012939453,1.9225469334096274e-06,9.269808769226074,2.415809649392031e-05
726,0.9978473073167948,-0.00032322665889247484,-0.021307554046970892,32728.09717993164,1.980811308479522e-06,4.837623596191406,8.140665158862248e-06
727,0.9910823297726229,0.0005240596539182482,0.0345467463542807,20856.667606201172,2.4673438802370007e-06,3.2569801807403564,6.645692792517366e-06
728,0.5272891886032008,-0.010847816754300922,-0.7151032732754723,20950.413482177733,2.463498481340293e-06,5.641692161560059,1.9980952856712975e-05
729,0.7054082051255459,0.01751647858787118,1.1547108010909275,20121.68352392578,2.498325902313013e-06,7.172174453735352,3.275043491157703e-05
730,0.857068558127856,-0.002589580556941957,-0.17070877713209054,34738.241017089844,1.918273926241523e-06,3.3647003173828125,5.071634859632468e-06
731,0.9423889985617743,0.006518081690557773,0.42968107389413274,65601.92194921875,1.4019266344858246e-06,13.958090782165527,1.8754397387965582e-05
732,0.9979860953636088,4.972485847643782e-05,0.003277932312560698,50801.149875,1.6081023854295825e-06,45.47322463989258,5.5287309805862606e-05
733,-0.02467709143344882,-0.056310544521753825,-3.712069960203286,42041.77246435547,1.7677895277201346e-06,24.915666580200195,6.955143908271566e-05
734,0.4151277696076967,0.04735348250577292,3.121607887360858,39855.237883789065,1.7975248582622686e-06,35.35557556152344,9.628191037336364e-05
735,0.611175515088034,-0.008067938472676797,-0.5318498036122196,39112.0710649414,1.817555494831899e-06,9.885933876037598,1.713731762720272e-05
736,0.9933581138016842,-0.0010661605912427325,-0.07028279937829054,32076.49360449219,1.9815772634965824e-06,6.947265625,1.0873732207983267e-05
737,0.9985347067575081,0.00037377314803171746,0.024639649403552618,37412.401334472655,1.8499645809512628e-06,7.195887565612793,1.0837843547051307e-05
738,0.5062820580305398,0.010557832331221671,0.695987093970484,38067.4016015625,1.835892545711861e-06,4.234952449798584,1.5025882021291181e-05
739,0.7180276424628752,-0.007906358353860212,-0.5211982158799537,37448.36114697265,1.877358447644559e-06,5.895655155181885,1.2110220268368721e-05
740,0.8338864984197503,0.007659749289573014,0.5049414009755854,31759.211221191406,1.9985346206837227e-06,6.721044063568115,1.4164796994009521e-05
741,0.8670898861994555,-0.02289492282591077,-1.5092653780040008,44305.49770800781,1.6894219686771975e-06,30.530847549438477,4.950198490405455e-05
742,0.5847008857093673,-0.011177763004013522,-0.7368537921603804,45213.51117431641,1.6722571377102722e-06,14.653837203979492,2.5056600861717016e-05
743,0.6407733818151344,-0.052763591292625665,-3.478249835679251,47574.114514648434,1.6396854482515289e-06,45.645477294921875,0.00010479503544047475
744,0.9411517521559014,0.016255591250072813,1.071591341856541,52692.04330957031,1.5771043687736685e-06,57.3124885559082,7.925315730972216e-05
745,0.5871960073414219,-0.033260498711609084,-2.1925786578221986,54764.58159960937,1.521396130501514e-06,23.771602630615234,5.7526136515662074e-05
746,0.9527878824276149,-0.0035540228745602085,-0.2342861654522567,40463.95115185547,1.7660026081599813e-06,10.273240089416504,1.5365390936494805e-05
747,0.7718736764065803,0.010294207249684167,0.6786085593773143,38981.750668945315,1.7848978786610387e-06,12.115283966064453,2.4597633455414325e-05
748,0.9830483474133377,-0.002704587635274595,-0.17829020480811678,29352.008407714842,2.0792392833680843e-06,10.065377235412598,1.7019501683535054e-05
749,0.9230244260907755,-0.007731051096162784,-0.5096417159272169,24551.83278857422,2.2711584526925795e-06,15.854992866516113,3.5706681956071407e-05
750,0.9679903280105336,0.0063216130418782285,0.4167295854104203,37098.87292480469,1.8922287056929097e-06,25.51445960998535,4.407651795190759e-05
751,0.39834244396062135,0.024021991646337712,1.583563333154698,39101.57555859375,1.8162761805300612e-06,8.746565818786621,2.8102624128223397e-05
752,0.9876580229665181,0.0012289620798174162,0.08101490151559093,47638.33703442383,1.6363835757360254e-06,7.0791730880737305,1.0208582352788653e-05
753,0.9991803353176106,-0.0009940728059005086,-0.0655306716065004,57930.9982109375,1.4977533662011563e-06,33.734657287597656,3.8746384234400466e-05
754,0.9602837044985495,0.00674543180593078,0.4446683119130951,42086.31288378906,1.7209416353079696e-06,24.693931579589844,4.197388261673041e-05
755,0.770902314200032,-0.02341534739122415,-1.5435724942263513,44415.28290136719,1.673663259984888e-06,45.32426452636719,5.807851266581565e-05
756,0.10254569218835717,-0.021301733987032095,-1.4042401384159164,35343.32405957031,1.8925935157082493e-06,7.761197566986084,2.7527446945896372e-05
757,0.9802007823349378,0.00213875411091909,0.14098966640851746,24157.75776586914,2.2800869606036657e-06,4.7852888107299805,1.0941360415017698e-05
758,0.8297516946763754,-0.004612366205021326,-0.30405364005141466,23547.221232177733,2.3360547512953573e-06,4.031190395355225,8.601384251960553e-06
759,0.9519820309927925,0.0037650497087317707,0.24819734991296516,17075.083305664062,2.6714638573671115e-06,5.272283554077148,1.3938490155851468e-05
760,0.4628706269918428,-0.01420879329598446,-0.9366635540948418,15109.04690209961,2.862321691908561e-06,3.8849611282348633,2.191886233049445e-05
761,0.7372739776908906,-0.004073089734553118,-0.2685037798383573,17271.897653564454,2.6815104932749125e-06,2.361997365951538,6.8070485212956555e-06
762,0.6060480140896992,-0.004030349494666366,-0.2656862833654862,17986.54704980469,2.6172785913930236e-06,1.9088151454925537,5.656771918438608e-06
763,-0.4171512922674043,0.03227334170439229,2.1275038853508015,19444.96011254883,2.527941056493783e-06,3.738874673843384,3.939157249988057e-05
764,0.4521510083550519,-0.00466102488293592,-0.30726128824810706,21677.150936035156,2.4352761663868157e-06,2.497809410095215,7.911146894912235e-06
765,0.9894607551753236,0.0007535473189291606,0.0496748946391034,26541.15621533203,2.1835876469094834e-06,2.324136257171631,4.870101747656008e-06
766,0.8876174395572404,-0.003079148933031449,-0.20298181014538785,33352.968298339845,1.9522317836411073e-06,4.478851318359375,7.787650247337297e-06
767,0.8219758423837364,0.011709804841564045,0.7719267352390907,54495.08404003906,1.5324104643415184e-06,10.2911958694458,1.8399148757453077e-05
768,0.5993864568374614,-0.02790584069162928,-1.839592101717244,57292.95599902344,1.498033796580852e-06,34.6961669921875,3.411103898542933e-05
769,0.8846656744605653,0.05930330783735485,3.909357109460904,45420.52571386719,1.670779325216813e-06,48.51133346557617,0.00016403278277721256
770,0.7580117043379129,0.012002667764339382,0.791232669275507,51287.76807470703,1.5949395484588842e-06,13.61418342590332,2.7139931262354366e-05
771,0.8553254809168767,0.00317475511785388,0.20928430374943893,33731.39770166016,1.9300395563247318e-06,3.429779529571533,7.762259883747902e-06
772,0.5706383042517618,0.0080742197120579,0.5322638717093667,37878.730860839845,1.832038805982374e-06,4.574577331542969,7.988863217178732e-06
773,0.8301737968736943,-0.006929030265747912,-0.4567713795217465,27403.542717285156,2.1410767781934725e-06,5.126369476318359,1.1556458048289642e-05
774,0.7328072390646618,-0.002203928705235104,-0.14528606694563972,23865.222037353516,2.292456215422704e-06,2.2917566299438477,4.445871581992833e-06
775,0.9775398741718948,-0.0016176065456242341,-0.10663488901479562,21921.067615722655,2.3864005001788297e-06,4.55826997756958,8.306021300086286e-06
776,0.901338960266742,0.003460821461358108,0.2281421977614034,26347.047893066407,2.223573087233253e-06,3.8712918758392334,9.992501873057336e-06
777,0.9945749457216715,0.0030671800484592237,0.2021928045114513,48421.557227539066,1.625718170117803e-06,30.906261444091797,4.414908107719384e-05
778,0.8880874833070389,-0.005091410202301343,-0.3356328912737481,74019.39483398438,1.339561088107778e-06,9.493715286254883,9.300679266743828e-06
779,0.8662143816380139,-0.010699698893879199,-0.7053391364710648,57616.841659179685,1.4976990294687085e-06,14.719879150390625,2.5450801331317052e-05
780,0.9914246701915739,0.0031431743827029053,0.20720245745811453,42842.93256738281,1.7307598733577243e-06,40.354957580566406,5.692252307198942e-05
781,0.6719284032524907,0.0178828337991345,1.1788614497135688,41679.29775097656,1.733853636405317e-06,15.341663360595703,4.931986768497154e-05
782,0.9955585157284255,0.0003324119880246155,0.02191306380780844,34850.199174804686,1.9003237789871512e-06,2.6718947887420654,4.364642336440738e-06
783,0.9916716011911899,-0.00044084947352835747,-0.02906141472355773,29523.933912109376,2.077731351110828e-06,2.9840686321258545,4.777146841661306e-06
784,-0.15504451142220313,-0.010959037093496991,-0.7224350738041255,23557.7007277832,2.308855960450489e-06,3.693905830383301,1.2496533599914983e-05
785,0.4034936551017776,-0.010285077053518173,-0.6780066840588213,27603.247431396485,2.142660232784568e-06,5.004613876342773,1.202728981297696e-05
786,0.4849616273686642,-0.010829800158123364,-0.713915594022433,35761.01870556641,1.900993327519777e-06,5.876319408416748,1.2232671906531323e-05
787,0.7865756069215122,-0.017016041733474686,-1.1217213027658632,50568.8449975586,1.6003437066536417e-06,22.459320068359375,3.025644582521636e-05
788,0.7344615578516901,0.024013247619250812,1.5829869146427453,46845.34289306641,1.6511007003233825e-06,19.977066040039062,6.206710531841964e-05
789,0.9837409107363531,-0.009284518663456833,-0.6120484736611006,52959.78440771484,1.5872317966202178e-06,54.79011535644531,7.163698319345713e-05
790,0.9040262210126213,-0.009146319536949847,-0.6029381936879648,34286.22245751953,1.9277179981092245e-06,18.935009002685547,3.164975714753382e-05
791,0.7154717224208728,0.011503898182685053,0.7583530799046933,50072.78961865234,1.609991603995545e-06,9.018143653869629,2.319210943824146e-05
792,0.7712304741941306,-0.03369644052643369,-2.22131655281062,39734.1774609375,1.7755827766282708e-06,41.67588806152344,9.074182162294164e-05
793,0.3020736350054691,-0.03177895695665125,-2.094913350372699,33423.01296118164,1.9495087783747104e-06,9.041498184204102,4.16418733948376e-05
794,0.09256625618679229,0.021665149355578082,1.428196988489256,29626.017610839845,2.0497062622280718e-06,6.034019470214844,3.030564585060347e-05
795,0.6670113279055667,-0.0029864818379139045,-0.1968730654510038,35623.54992089844,1.9050148779377957e-06,4.064523220062256,8.124474334181286e-06
796,0.6467668481746119,0.008729081966637051,0.5754333086938584,28417.27221972656,2.1143487282809858e-06,5.095195770263672,1.4839081813988741e-05
797,0.25446660235758845,-0.0161241351179215,-1.0629255695151836,36860.794532226566,1.8572907335402937e-06,7.45074462890625,1.834310569392983e-05
798,0.9804444466441123,0.0025831716315588547,0.17028629179486193,48499.60665478516,1.6292122727888806e-06,12.065634727478027,1.5535004422417842e-05
799,0.9068820656848617,0.011022033048382951,0.7265878553787407,64737.524284179686,1.4200598400708816e-06,18.319564819335938,2.2093470761319622e-05
800,0.6338461979864501,-0.02062142846729865,-1.3593934457580712,62133.870328125,1.4560302808819579e-06,23.149778366088867,4.1396251617698e-05
801,0.86038738618359,-0.04752418260535066,-3.132860676997823,44472.75016015625,1.6952594955059447e-06,70.25383758544922,0.00016325086471624672
802,0.8969274247058202,0.032891666643108664,2.1682647313015426,56387.11161425781,1.490487479059235e-06,112.93870544433594,0.00017942457634489983
803,0.8866118946907717,0.01074009406262154,0.7080020425697241,37245.90608203125,1.8360159307998073e-06,21.182464599609375,4.4863329094368964e-05
804,0.8624494529044057,-0.027604447401463908,-1.8197238339153319,41583.65453466797,1.7388366470616899e-06,39.94275665283203,8.999738929560408e-05
805,0.605309986960743,-0.013178066758833332,-0.8687166171891801,24680.384494628906,2.261630749981323e-06,5.266280651092529,2.2778262064093724e-05
806,0.4761078229903845,-0.009237365096963983,-0.6089400445173024,25292.604029052734,2.219954203512493e-06,3.9401910305023193,1.2917097592435312e-05
807,0.9920596361536614,-0.0012167709359689471,-0.08021124423888076,21191.432438964843,2.400918443742815e-06,9.088089942932129,1.9280449123471044e-05
808,0.6520047293613607,0.009413329816967906,0.6205398853060876,25501.29928955078,2.225356708894445e-06,4.037775039672852,1.4539191397489049e-05
809,0.6606001446253748,-0.011401057493072816,-0.7515736776126644,30704.08428198242,2.0345887779955164e-06,7.379672527313232,1.700996836007107e-05
810,0.7202943958461777,0.01625741657047175,1.0717116695336786,34748.83904345703,1.9130075029330356e-06,8.566459655761719,2.303313885931857e-05
811,0.9976035699156026,-0.0015768750992735225,-0.10394981502522166,37596.581892089845,1.8433234501646716e-06,18.30286979675293,2.831945676007308e-05
812,0.9585615375537335,-0.005164910434036743,-0.34047812948996814,48544.687765625,1.6132445021613478e-06,10.103264808654785,1.563853948027827e-05
813,0.8120829021113052,-0.014711935293339166,-0.9698313792323799,78502.09358642578,1.3214453851888593e-06,24.67063331604004,3.276162897236645e-05
814,0.989130491902376,-0.006949957739384401,-0.45815094789368693,93125.00340039062,1.2152260141150332e-06,83.95909118652344,7.630394247826189e-05
815,0.8948539032773313,-0.0556231687325449,-3.666757185479402,87834.856546875,1.197456951986084e-06,168.82229614257812,0.00029926697607152164
816,0.8122056563757691,-0.009780886014357929,-0.6447697046162342,64018.09732910156,1.4043491563142313e-06,30.07583236694336,3.6998626455897465e-05
817,0.9992045973325698,0.00028835993718694076,0.01900909091980506,49980.25759960937,1.5799733227045191e-06,13.264912605285645,1.8522448954172432e-05
818,0.8774855571843426,0.007183124116775124,0.47352160205078103,36396.687826660156,1.8773647042009985e-06,10.045295715332031,1.9838844309560955e-05
819,0.7114743385723383,-0.01476781185024561,-0.9735148401211636,35403.87004785156,1.8995772261011488e-06,15.468095779418945,2.872316872526426e-05
820,0.9384286610564196,-0.005999772408376812,-0.395513400098416,27594.922282714844,2.1200016559865784e-06,13.257956504821777,2.5095068849623203e-05
821,0.7818303926110608,0.01020097358815359,0.6724624658314828,33349.309182128905,1.9388864684499602e-06,8.546558380126953,2.0660947484429926e-05
822,0.38611006620712035,0.007567705701202077,0.4988737587191856,30471.897260253907,2.0664963698121965e-06,2.4075725078582764,8.965712368080858e-06
823,0.8108812972442375,0.0069850244930623,0.4604625974086244,44701.78564111328,1.6919760780414704e-06,6.099621772766113,1.1676507710944861e-05
824,0.8875263876573265,-0.013709123363619912,-0.9037246123442305,51101.6563671875,1.5965326212882573e-06,22.13261604309082,3.1507297535426915e-05
825,0.978920223154078,0.005217320289829171,0.34393306058605266,43931.87976953125,1.7200050949257338e-06,40.20428466796875,5.365021570469253e-05
826,0.9373241174902291,-0.01920549327269501,-1.2660530146519176,41898.4435859375,1.7537079210565076e-06,56.843143463134766,8.829833677737042e-05
827,0.8727106545628736,0.008033556660904495,0.5295833064269896,37208.65086376953,1.8367165283385184e-06,12.90426254272461,2.5141311198240146e-05
828,0.2936109458967786,-0.005127783655687865,-0.33803068026356686,32720.153912597656,1.9621082620849705e-06,3.7459893226623535,6.582815331057645e-06
829,0.9745197642759711,-0.0026553052502935764,-0.17504144096807717,32888.78348583984,1.9555996509308847e-06,5.949323654174805,9.474492799199652e-06
830,0.997397767550929,-0.000500399407223393,-0.03298702975496703,29066.10126953125,2.076185402763095e-06,4.650935649871826,7.983216164575424e-06
831,0.531715965253065,0.014845590006836102,0.9786420851352482,27700.293682617186,2.1284690202337776e-06,4.037412166595459,1.8758570149657317e-05
832,0.9942153562151842,-0.0004643967522414596,-0.030613684315297745,26422.338861328124,2.210825651059861e-06,2.3474972248077393,4.319839717936702e-06
833,0.6444813918142894,-0.007863199461939968,-0.5183531212786947,22998.066361572266,2.3799697919784064e-06,5.734270095825195,1.2170492482255213e-05
834,0.9971242058080458,0.0009510607776553362,0.06269525846439096,38850.851750488284,1.806401875505976e-06,7.0714945793151855,1.0706982720876113e-05
835,0.9875451646857942,0.0019609448944526387,0.12926823382962607,58168.16892480469,1.4909451539506551e-06,9.685452461242676,1.1736879969248548e-05
836,0.959151188482856,-0.005611526875672528,-0.3699197108280533,63295.60812890625,1.4250497329179494e-06,23.161270141601562,2.4979257432278246e-05
837,0.9756200351961201,0.030363068802870492,2.0015760202634727,36602.1745703125,1.8489454859059885e-06,105.92414855957031,0.00022104426170699298
838,0.8983251319305049,-0.0023097019279969006,-0.1522587859300259,41625.54908789063,1.738149869253334e-06,5.794201850891113,8.351639735337812e-06
839,0.839324952549712,0.007490625293124458,0.49379251026429627,34407.11030419922,1.9197310324555114e-06,5.695844650268555,1.620834882487543e-05
840,0.6181822690004013,0.00824382066040373,0.5434442037577156,34270.40379199219,1.928555879734969e-06,4.452767848968506,1.1101640666311141e-05
841,0.6153244672147197,-0.012236158316412797,-0.8066246934817047,19848.459260498046,2.5422699417045153e-06,5.65696382522583,2.4907229089876637e-05
842,0.49486171243061033,0.011694156594474493,0.7708951808749072,27793.51374658203,2.135893211079428e-06,3.9931416511535645,1.8566281141829677e-05
843,0.9636692720630676,0.0012717903229081976,0.08383819928292394,27652.63204296875,2.1538045677583496e-06,4.115654468536377,7.722188456682488e-06
844,0.930985286460719,-0.0030382635641058183,-0.2002865893641,24251.46827685547,2.276988540680514e-06,5.45151424407959,1.2195046110718977e-05
845,0.6499822828015838,0.01646892684468959,1.085654723039316,62028.168001464845,1.4330949732262376e-06,6.6965742111206055,2.01712337002391e-05
846,0.900833431672501,0.011574318732667852,0.7629953011865555,51433.44340039063,1.5810031749600609e-06,16.33863639831543,2.4345130441361107e-05
847,0.9702317836610982,-0.01734829796059548,-1.143624098596742,51697.50165625,1.6247692032371682e-06,66.58405303955078,9.26279608393088e-05
848,0.8618674799851878,0.016986558782604376,1.119777745352357,53149.36511669922,1.5467253430036093e-06,34.466400146484375,5.166107803233899e-05
849,0.7905451075408538,0.006873483985080817,0.45310969090522657,39380.86998388672,1.8030288073588084e-06,3.047675609588623,1.2548570339276921e-05
850,0.18731934990845597,-0.008526367027945531,-0.5620700560243597,35171.316802246096,1.9017116146463324e-06,3.299898862838745,1.2719709047814831e-05
851,0.99747116212973,0.0004213978225279393,0.027779134646739867,34800.4925444336,1.9062553934732156e-06,5.056005001068115,8.121823157125618e-06
852,0.45067629335664666,0.004739483909920395,0.3124334171921512,24701.130216308593,2.281568322075943e-06,1.6264197826385498,8.89577222551452e-06
853,0.9794732103595131,-0.0021914432137280677,-0.14446300585903032,26166.24475683594,2.2052737989969615e-06,7.771371364593506,1.4189028661348857e-05
854,0.9896571688268981,-0.0015204284431800982,-0.10022877239958376,26841.72536669922,2.1719418251569043e-06,7.547731876373291,1.2552872249216307e-05
855,0.9172047337576568,0.008830518477865784,0.5821201455802347,50463.59039404297,1.6051806567830585e-06,17.766267776489258,2.8650387321249582e-05
856,0.9558255278840894,-0.011084113978212323,-0.730680317220094,61379.307947265625,1.451295168632481e-06,36.46957778930664,4.805445860256441e-05
857,0.9513773711055069,0.020058285629320865,1.3222702811729128,32434.506310546876,1.9494429960675674e-06,73.75003051757812,0.00014866703713778406
858,0.8966509603275613,-0.010747324419283973,-0.7084786778073359,36481.32738964844,1.875501735390073e-06,22.861263275146484,2.764007331279572e-05
859,0.8636450038767624,-0.002097603531864624,-0.1382769626040987,31684.37221923828,1.987674804118055e-06,3.6494340896606445,5.277432592265541e-06
860,0.76040614887553,0.008701354047981894,0.5736054454619728,37641.24694287109,1.823686053898314e-06,3.7210729122161865,1.1938170246139634e-05
861,0.9964748479834024,0.0004891577030782992,0.03224596087323432,24994.23931665039,2.2718019177561544e-06,5.745388031005859,1.0800117706821766e-05
862,0.7809550143022885,0.010137698371533898,0.6682912749322618,21767.272036621092,2.413266957222232e-06,4.558663368225098,1.9291628632345237e-05
863,0.9705594240476844,0.0016883494226716254,0.11129835854818873,24580.380779785155,2.26836611860028e-06,5.085422039031982,1.0143635336135048e-05
864,0.9753155929658561,-0.0011119254255925325,-0.0732996813542399,29913.16719238281,2.0663019097131065e-06,3.2663638591766357,5.758502538810717e-06
865,0.9609390628819322,0.004483591041818356,0.2955646009379437,64398.73293603516,1.4093388821841018e-06,15.947831153869629,2.01630264200503e-05
866,0.7105941461488302,0.013378831961921278,0.8819513405570029,49251.58385009765,1.6318134440922106e-06,11.497271537780762,2.9808694307575934e-05
867,0.9791697645703843,-0.010504259504444835,-0.6924554981983165,38294.64452050781,1.8334006687827893e-06,45.92988967895508,7.53610220272094e-05
868,0.7282741837749305,0.01186426838293087,0.7821091882187968,39174.917715332034,1.8157103740497085e-06,12.491575241088867,2.6641158910933882e-05
869,0.8227723777754298,-0.004368898886273153,-0.2880039334131279,36238.43127392578,1.8686737931226465e-06,7.081657886505127,1.1505166185088456e-05
870,0.8856089931534126,0.0034084933603607897,0.2246926560559136,38792.76137255859,1.811510736888154e-06,4.288320541381836,8.774676643952262e-06
871,0.9810700919475555,0.0008830648644719927,0.05821287263615641,30040.060243164062,2.0769987100108746e-06,2.886803388595581,5.57292469238746e-06
872,0.3697819869614384,-0.012241081011507827,-0.8069492044368143,25653.78614428711,2.234009838350931e-06,6.454401016235352,1.7439919247408397e-05
873,0.20502306715892102,-0.010153836774345996,-0.6693551410481596,38831.78765649414,1.817566571685872e-06,3.874390125274658,1.1710337275872007e-05
874,0.6479863560312062,0.045130935646558665,2.9750944856293904,37899.87177783203,1.8699068733746293e-06,11.214988708496094,5.364782191463746e-05
875,0.5328196148135758,0.015336568996760367,1.0110081077881587,42102.35296240234,1.7616368210452968e-06,6.578740119934082,1.8210637790616602e-05
876,0.666103537717321,0.018237067669500884,1.202213042567828,68708.6332734375,1.388694647534537e-06,11.723511695861816,1.966833406186197e-05
877,0.9973746457360181,0.0006055934204806714,0.039921566437607636,56419.6806875,1.4974795809044206e-06,14.201330184936523,1.9801031157840043e-05
878,0.9981540988382992,0.0005971734315813455,0.039366508976809,26399.543140625,2.1929179596680378e-06,23.429824829101562,4.7413166612386703e-05
879,0.8152840403058355,0.00676792437306173,0.44615105344017086,38888.17810986328,1.8088708279115797e-06,8.319754600524902,1.6803091057226993e-05
880,0.04042454700231964,-0.008770172029581112,-0.578142023191524,35165.494674316404,1.9170730584683865e-06,2.8788466453552246,1.02435406006407e-05
881,0.755846362625282,0.0018329147094886312,0.12082830472504139,30428.607521972655,2.0553461306214675e-06,1.2513906955718994,2.5514189019304467e-06
882,0.5178542241627269,-0.0032323654245939573,-0.2130820558554468,19935.021778808594,2.5180932324981673e-06,1.4672901630401611,4.415918283484643e-06
883,0.8595115247261896,-0.001971741406557387,-0.12997995502854873,20543.188431884766,2.481578923136198e-06,2.05729341506958,4.531460490397876e-06
884,0.9879015078026621,0.0005156100468615103,0.033989736423063965,21035.114642822267,2.4559474168220575e-06,2.0288169384002686,3.841913439828204e-06
885,0.5054390530764815,0.010616849108347285,0.6998775625741283,27790.41764477539,2.1465712670533457e-06,3.7251601219177246,1.2557651643874124e-05
886,0.683310528261966,-0.015868681299624144,-1.0460856960390086,70627.31768457031,1.3419226557207525e-06,14.583579063415527,1.7393676898791455e-05
887,0.9810737270403034,0.002790351550694753,0.18394388222865024,83053.33919140625,1.23740007698672e-06,12.64584732055664,1.5247839655785356e-05
888,0.8372923088540245,0.013586710667347447,0.8956549959617258,47662.798245117185,1.6554901290777396e-06,19.9908447265625,3.825784006039612e-05
889,0.9836000037558208,-0.006590434922432937,-0.43445070027314364,49701.233840820314,1.6069816457597018e-06,35.13080978393555,4.7397326852660626e-05
890,0.7486538210745757,0.016263875636315296,1.072137460200283,61125.44399121094,1.444015994874287e-06,13.123710632324219,4.0528404497308657e-05
891,0.9950761218390325,0.0009083874889245473,0.059882175505488876,35274.61804174805,1.9116650560228624e-06,7.168802261352539,1.080716810974991e-05
892,0.994341475266086,0.0020352020653804054,0.13416337053753266,35467.52195410156,1.9001101798080478e-06,12.306232452392578,2.234811290691141e-05
893,0.6793570821801167,-0.020563527224314433,-1.355576514727381,33061.07344287109,1.9929920805750256e-06,14.444994926452637,3.617537367972545e-05
894,0.9400613339983079,0.01326332642510767,0.8743370537997986,34417.75439404297,1.934618192083095e-06,14.67103385925293,4.4799133320339024e-05
895,0.9977340312776435,-0.0009798728473924996,-0.0645945904540024,36753.502496582034,1.8890424495550213e-06,10.040190696716309,1.5650039131287485e-05
896,0.9887787872625355,-0.003931799346063781,-0.2591897195458999,62407.07654736328,1.4416873593349046e-06,21.232690811157227,2.2686508600600064e-05
897,0.6645335880704042,-0.02038306226777206,-1.3436800120432069,73863.44765039062,1.3327188459568034e-06,19.926990509033203,2.5427661967114545e-05
898,0.9764661346313636,-0.0025012223027032878,-0.16488407726315815,43742.822498535155,1.7383789027294689e-06,15.031658172607422,2.2019210518919863e-05
899,0.8693784718648979,0.021359834512012676,1.4080702063949098,37069.43684570312,1.8459386287947714e-06,41.92845153808594,8.785914542386308e-05
900,0.9925262465385698,-0.0014511881053332475,-0.0956643523546608,53502.14392871094,1.550199419559273e-06,16.587560653686523,2.0990522898500785e-05
901,0.7556285546984901,-0.00486129836368904,-0.3204635965909398,37641.48767089844,1.8236424114397048e-06,4.543700218200684,7.862125130486675e-06
902,0.8247028500586899,0.007234694336675828,0.476921183172937,31425.99394042969,1.994735393310799e-06,7.944482803344727,2.0234610929037444e-05
903,0.91951553313097,0.0030320020910160625,0.19987382428856207,38847.97305834961,1.813527341294337e-06,6.002912521362305,9.686214070825372e-06
904,0.6680245167488177,0.009478235870694216,0.6248185832714341,38739.19404003906,1.8338644132335339e-06,5.002213478088379,1.3930926797911525e-05
905,0.9158440428689019,0.007599172004566781,0.5009480615068924,59881.900995605465,1.4657479147785086e-06,13.573714256286621,2.148762359865941e-05
906,0.24244535938828685,-0.01975895290239493,-1.3025378485856514,47843.02364160156,1.6437091372119234e-06,10.611995697021484,2.9393571821856312e-05
907,0.929787700878013,-0.04644192844931304,-3.0615169672885267,51624.485313476565,1.5697409596275991e-06,173.6865997314453,0.00020273843256291002
908,0.9837884832080385,0.002498631538943059,0.16471329048760827,55790.50828613281,1.5056740241052363e-06,23.455547332763672,3.0242434149840847e-05
909,0.9108012927256318,0.01583055734867681,1.0435725117983345,42458.47439941406,1.7283526815206932e-06,33.10963439941406,6.57401978969574e-05
910,0.9113253471507674,0.004282598328675122,0.2823148797886387,27369.6316640625,2.1471588928484512e-06,4.20866060256958,1.121434888773365e-05
911,0.7972256926880837,-0.0030649365547394634,-0.20204491026333563,24966.528746582033,2.2508506926631084e-06,2.825714588165283,4.682752660301048e-06
912,0.7984964460160575,-0.01412256098412018,-0.9309789993247025,24322.776165771484,2.2836845942915268e-06,6.747754096984863,2.7316275009070523e-05
913,0.83561065803014,0.02381229475521318,1.569739820402292,25495.19128564453,2.2354700246354777e-06,18.227624893188477,4.941692532156594e-05
914,0.7284613919535712,-0.007358352196952024,-0.48507288251047326,34180.37237670898,1.9349109025225798e-06,5.571005821228027,1.1832757991214748e-05
915,0.9058750776535345,0.004303718494866562,0.2837071507236757,52784.45652050781,1.5448781875627886e-06,5.353775978088379,8.89121656655334e-06
916,0.6561546516723101,-0.017732542428978364,-1.1689540321033758,61962.49847949219,1.454867236018902e-06,17.635202407836914,2.7063366360380314e-05
917,0.9947297875016172,-0.003897203238660381,-0.2569090956925377,71781.02458789063,1.3628820832641235e-06,32.489646911621094,3.467639908194542e-05
918,0.9814950534556599,0.007832980516058418,0.5163610460432551,48395.27454492188,1.6399076819159755e-06,69.43304443359375,9.815843804972246e-05
919,0.7396041339545957,-0.04509234040329113,-2.972550233138904,51108.00489941406,1.568749030277374e-06,67.25209045410156,0.00013940740609541535
920,0.9776713587601793,-0.018793721101106775,-1.2389084163962594,32227.577740234374,1.985818323205363e-06,91.5611801147461,0.00016761576989665627
921,0.9838284696251157,0.002825119025016005,0.18623580282924393,34262.377426513674,1.917280965475408e-06,15.759626388549805,2.8421949537005275e-05
922,0.8434109785446701,0.009981441468171067,0.6579906010180987,25947.707916503907,2.2072770285596276e-06,9.186617851257324,2.5796518457354978e-05
923,0.8169445302040216,-0.009371383560403977,-0.6177747293258647,25170.900857421875,2.2174290400933096e-06,9.766711235046387,2.4133320039254613e-05
924,0.9974007092487918,0.000510384615154377,0.03364526864648884,21232.204919921875,2.4248884488099247e-06,5.117204666137695,1.0811709216795862e-05
925,0.7316921495241367,-0.008011379770189016,-0.52812137473134,27120.449512939453,2.1660546246865757e-06,4.200948238372803,1.3446872799249832e-05
926,0.9921877605902687,-0.0034851019525116507,-0.22974280174411268,33045.731400146484,1.957521317785654e-06,14.392106056213379,2.3535765649285167e-05
927,0.5063819750115403,0.020984552151475468,1.383331067589279,48376.71769189453,1.6211764144301555e-06,8.400623321533203,2.344975837331731e-05
928,0.8867720796143905,0.01487333261630625,0.9804709168062333,56617.73200097656,1.5042962572194853e-06,16.741485595703125,3.1587540433974937e-05
929,0.9960464550395272,-0.002444527002317373,-0.16114664365752232,49712.354404785154,1.6178890181877086e-06,26.098031997680664,3.3754029573174194e-05
930,0.9995887811654653,-0.004404410802162184,-0.290344928644492,38439.22143408203,1.8085617481032636e-06,176.82858276367188,0.0002801708469633013
931,0.659539324225321,-0.014860495813532486,-0.9796246967888946,40725.91331445312,1.7704217930803809e-06,23.256961822509766,4.776447167387232e-05
932,0.7864062021796326,-0.012076226539566793,-0.7960817667607131,34524.61075585937,1.9121642808954228e-06,28.682180404663086,4.7337383875856176e-05
933,0.9002764111924462,0.003754068109147853,0.2474734274881928,33057.84257714844,1.9717082236718796e-06,6.027071475982666,1.1108197213616222e-05
934,0.8618555988629342,0.00570452694292969,0.3760504055122225,25853.12366796875,2.2296817119459734e-06,8.39045524597168,1.6869194951141253e-05
935,0.40037759249512017,0.02200790609547294,1.4507919928286193,31919.192623535157,1.978584305132097e-06,10.56005573272705,3.1236464565154165e-05
936,0.6871072747743442,-0.0036169871173037382,-0.2384368565180288,22596.33878564453,2.353091138886846e-06,2.58078670501709,6.195610694703646e-06
937,0.09646359696531488,-0.010310452909954368,-0.6796794960550692,25331.984862060548,2.226443434725277e-06,2.992419958114624,1.2278607755433768e-05
938,0.8619747518525711,-0.004140052060156115,-0.2729180301257118,38853.90609375,1.826007249006397e-06,6.1335129737854,9.383395990880672e-06
939,0.8348107849171668,-0.005506491727983386,-0.36299564678616225,54886.18648486328,1.5525451035573119e-06,8.217400550842285,1.098648954211967e-05
940,0.8320710358462051,-0.016234393661658075,-1.0701939671401113,52049.70504296875,1.5772532912199412e-06,27.296113967895508,3.891986489179544e-05
941,0.5282530504255728,0.05876953332244119,3.8741699458637266,72127.18213964844,1.3403803808954969e-06,56.640132904052734,9.592332207830623e-05
942,0.6622760801831674,-0.09167596318635955,-6.043407889357568,59142.75394921875,1.4684940134971412e-06,175.47900390625,0.00027173152193427086
943,0.999613935209487,-0.0021968727446680662,-0.14482092814288564,66262.79302050782,1.3916768782115498e-06,156.99407958984375,0.0001960031222552061
944,0.9876213363312357,0.0027966520666413077,0.1843592210639895,32626.33717480469,1.9622713216224687e-06,15.6639986038208,2.534803206799552e-05
945,0.98034230744918,0.001590465643251043,0.10484572271835868,27864.905927246095,2.1341925208396466e-06,8.933797836303711,1.697239167697262e-05
946,0.9992899844486618,0.0004347869873711354,0.028661767145302147,25197.776884277344,2.2256727167004436e-06,14.118062973022461,2.6701729439082555e-05
947,0.9848980632176425,0.0031472420418403946,0.20747060324538869,21587.705670654297,2.414710372718413e-06,15.674853324890137,3.4177519410150126e-05
948,0.3127445293877342,0.03433853530283158,2.2636443397520023,25801.8374375,2.225351009073379e-06,17.690309524536133,6.0792674048570916e-05
949,0.9811236518214266,-0.003904433439164444,-0.257385720635971,47675.336965820316,1.6281040067880081e-06,14.987067222595215,2.2745425667380914e-05
950,0.9561281362493572,0.010438536927444477,0.6881229738751691,70840.71346142578,1.3533590210277043e-06,31.569473266601562,3.770045441342518e-05
951,0.9107756575120498,0.018826671553789306,1.2410805563856118,67513.27939941407,1.3850864952773731e-06,48.85696029663086,6.030837903381325e-05
952,0.9985664442006751,-0.0015952407523775998,-0.10516050459972612,52559.56344140625,1.5724664873099622e-06,58.84751892089844,8.492310007568449e-05
953,0.727430914349524,-0.03402712689267545,-2.243115861213695,72257.83205273437,1.3175279399278834e-06,49.22397232055664,7.860836922191083e-05
954,0.9964827878572531,8.953123585567769e-05,0.005902024459936536,49091.09607128906,1.6165766917272262e-06,16.3297176361084,2.2716658349963836e-05
955,0.5484509690407335,0.027455092929238523,1.8098781779288993,32221.933224121094,1.9704067779368156e-06,8.32896614074707,3.977487358497456e-05
956,0.9961395141433772,-0.00046300080803338785,-0.030521661718022,36821.70294140625,1.8577327980508997e-06,4.297451019287109,6.9113830249989405e-06
957,0.9945078090790828,0.000911168110250868,0.06006547795769919,32301.107671875,1.9974445173781474e-06,9.685223579406738,1.4876349268888589e-05
958,0.9432496574211574,-0.004978700394128033,-0.32820290286405,42457.49114404297,1.786280695853203e-06,12.932592391967773,1.702858935459517e-05
959,0.989362817230534,-0.0006692247275367742,-0.04411623131711667,49751.05767089844,1.6114740311664207e-06,8.58314323425293,1.1749679288186599e-05
960,0.9972282945065888,-0.00038868066892714694,-0.025622374059600796,90572.45045019532,1.2109887867284857e-06,23.158832550048828,2.202204632339999e-05
961,0.9524304154032884,-0.009025450529327907,-0.5949703394233046,54634.13011230469,1.5157334213074447e-06,50.38011169433594,6.186201790114865e-05
962,0.48142391655961314,-0.05205455815138741,-3.4315093779775445,39180.300075195315,1.7973425089510759e-06,36.69591522216797,9.212550503434613e-05
963,0.9844975150621846,0.0023238347826046468,0.15319044349943667,46507.822407226566,1.6559498205309967e-06,9.234455108642578,1.5666704712202772e-05
964,0.9898650182338272,0.0016080320184062176,0.10600372277104853,30845.53164038086,2.024930214603163e-06,5.865321636199951,1.1348091902618762e-05
965,0.9829316286092964,-0.0025544989320726605,-0.16839614728738841,30496.221520996092,2.02979208542935e-06,7.125918865203857,1.2144229003752116e-05
966,0.9943559421807071,0.0014337931070175594,0.09451764970325047,27228.351639648437,2.132812922675072e-06,9.711443901062012,1.7808895790949464e-05
967,0.6008050178243777,-0.014439003307759019,-0.9518393204900014,27618.709661132812,2.153543993857797e-06,5.9096574783325195,3.056509012822062e-05
968,0.5892118704310814,0.018417136205980532,1.2140834126862634,25985.088108154298,2.1984454685027655e-06,10.999876022338867,3.2642376027069986e-05
969,0.8482763738394704,0.006353632632461981,0.41884036166650934,58095.654578125,1.4806213074508447e-06,7.564596652984619,1.2310013516980689e-05
970,0.9663541510790121,0.0054259095379742845,0.3576835559619539,65238.94177148437,1.4164184839573784e-06,19.02835464477539,2.3070493625709787e-05
971,0.9966312865106056,-0.0001838182848433294,-0.012117558782252782,38849.95720019531,1.8114611518100228e-06,45.406272888183594,6.701808888465166e-05
972,0.9712708068104763,0.018449306652816105,1.2162041335977534,55559.737084960936,1.5010244366934913e-06,92.70214080810547,0.00013406680955085903
973,0.6445906534954953,0.008914522008849818,0.5876577759932452,45313.36160058594,1.6704734855173387e-06,5.311024188995361,1.6924879673752002e-05
974,0.9616461733794235,-0.0033400394606538136,-0.22018007911461146,32628.881609375,1.9810045568518045e-06,9.4759521484375,1.4040758287592325e-05
975,0.8672343947943534,0.02043728686060716,1.347254573146762,31955.621778320314,1.990860737900661e-06,7.2577128410339355,3.3844244171632454e-05
976,0.7571453317993491,-0.003211233329146307,-0.2116889985271329,36701.61897460937,1.8721017166418887e-06,4.0885114669799805,6.71971429255791e-06
977,0.5822120844526496,-0.007763932102043107,-0.5118092778861046,43452.70847363281,1.7405849667728367e-06,5.971247673034668,1.141950906458078e-05
978,0.7583380604547966,0.008748294405176228,0.5766998195502039,37047.82160449219,1.8626001700126076e-06,5.427111625671387,1.774470365489833e-05
979,0.839377091648279,0.023465383865163583,1.5468709686666635,65608.061609375,1.4189116110724975e-06,8.369751930236816,4.1269890061812475e-05
980,0.9332937041554756,-0.012745171014434821,-0.8401795234294,68856.07239257812,1.3730174686564165e-06,37.08543395996094,5.03830196976196e-05
981,0.8702061419345467,0.019091237120250612,1.2585210890621479,32929.95796435547,1.9538196356138744e-06,42.81584548950195,9.536595462122932e-05
982,0.9036574954723906,-0.01311615032828645,-0.8646349993709168,42849.256045410155,1.7159470528506269e-06,22.517547607421875,4.52802560175769e-05
983,0.9953433317020665,-0.00021830858895642623,-0.014391207934536184,31757.45569824219,2.014071850457622e-06,2.8440914154052734,4.6549907892767806e-06
984,0.977634098301806,0.0008160828889065503,0.05379732699575696,32424.965795410157,1.9826325617554087e-06,2.290980339050293,3.864919563056901e-06
985,0.5284362386430435,0.0035868810555670797,0.23645222276351938,27969.271794433593,2.144985865114955e-06,1.8824124336242676,4.152884685026947e-06
986,-0.1308443948116668,-0.008396525782339747,-0.5535107392658013,25180.55363256836,2.258028720804226e-06,2.2845818996429443,1.0233659850200638e-05
987,0.2661616861754623,-0.011174208555104868,-0.736619477910164,23356.89426953125,2.3015852885970533e-06,4.960139751434326,1.1562954568944406e-05
988,0.9841758224608408,0.0028507093997451115,0.18792275617180246,30516.94469970703,2.015510400154211e-06,6.917657375335693,1.4064899005461484e-05
989,0.4546200292619239,0.02427173783589381,1.6000269517504708,45047.0342890625,1.6623021193603364e-06,9.218986511230469,2.8129063139203936e-05
990,0.9004242733646726,-0.00401248138278847,-0.2645083924054394,63862.2963359375,1.4153128616912936e-06,10.421602249145508,1.086467455024831e-05
991,0.9566600398952588,-0.012412825249781479,-0.8182708251589748,70351.31535546875,1.3760309528034534e-06,41.05827713012695,5.279115430312231e-05
992,0.9911986926987575,0.0073032307103218785,0.48143919691181136,35392.10405419922,1.928503743868679e-06,45.2367057800293,8.766310929786414e-05
993,0.6312335328873327,0.03147495597105416,2.074873179635739,49651.35941796875,1.5969429694483767e-06,13.52778434753418,5.590159707935527e-05
994,0.9812863255195654,0.0025712929905861034,0.16950323514539276,29248.06265234375,2.0720438757388662e-06,7.831549167633057,1.7144544472103007e-05
995,0.8473745713547691,0.004425436129243982,0.2917309476525952,29591.732666015625,2.0784425823375756e-06,4.436859607696533,1.0143130566575564e-05
996,0.6827168326677183,-0.004354045493264519,-0.28702477694318573,20444.28212158203,2.481273637295384e-06,2.2232348918914795,7.229268248920562e-06
997,0.7494897391085371,-0.0072952012765931705,-0.48090988539484897,17172.72038208008,2.6949265380097533e-06,5.819208145141602,1.7335207303403877e-05
998,0.9090884693032654,0.006352894189631781,0.41879168248092175,19641.429145751954,2.5342056107397656e-06,8.417716979980469,2.228292214567773e-05
999,0.9988297914791243,-0.00019209782021288512,-0.012663357349657773,19939.649880859375,2.4915936082973946e-06,5.390235900878906,1.2053717000526376e-05
