state_idx,cos_sim,mean_A,mean_safe_delta,mean_sigma_i,mean_alpha_i,v_unbiased_norm,v_intentional_norm
0,0.8713254935029178,-0.006864025732015053,-0.37230536588693647,20941.443728027345,2.4020506818384288e-06,11.236090660095215,2.3584974769619294e-05
1,0.9978126144550397,-0.0030481913080456532,-0.16533416751952634,33969.180203125,1.9084407992695976e-06,36.27360153198242,6.0528036556206644e-05
2,0.9947428924872141,0.004064920518312184,0.22048165026724786,29907.74645410156,2.041896608467897e-06,25.721416473388672,4.827552038477734e-05
3,0.794346106236813,0.042036652738145816,2.2800717813951152,33956.2162265625,1.9314611572724495e-06,28.439075469970703,7.109267608029768e-05
4,0.5983534891672493,-0.043285600169762954,-2.3478148011120967,39687.66790283203,1.7746683494627358e-06,23.211400985717773,6.453042442444712e-05
5,0.8617352525652123,-0.026625844327834346,-1.4441881632650673,48214.72927539062,1.6317262461590727e-06,33.54174041748047,6.853150989627466e-05
6,0.6990458154999322,0.030096800549994397,1.6324531373081457,42678.664063476564,1.7172514218212424e-06,19.478307723999023,6.504284829134122e-05
7,0.6076825829279747,-0.01008750331138866,-0.5471470763454885,29747.23381201172,2.0078634186229452e-06,10.346954345703125,2.25503790716175e-05
8,0.30909357365603424,0.017403870758464775,0.943987497068575,34832.65226074219,1.884936223447764e-06,5.54655122756958,3.0212557248887606e-05
9,0.4831826024460765,-0.07656579776957127,-4.15293567739249,43319.059587890624,1.7044994894181138e-06,55.473445892333984,0.0001733061217237264
10,0.933325042902043,-0.03782645526486171,-2.051710296175692,37353.68825585937,1.7961568736041609e-06,105.6578369140625,0.00020076517830602825
11,0.8374020258296531,-0.08009384639738448,-4.344297348593465,64497.954003417966,1.402515051749648e-06,41.73584747314453,0.00012487424828577787
12,0.9961534260141407,-0.0016618632727182917,-0.09013961164475548,53924.128161132816,1.5024281232291032e-06,45.80147933959961,6.242322706384584e-05
13,0.5214814340220121,0.06132551753428682,3.3263015226351307,39209.04436816406,1.7465744128751107e-06,96.03924560546875,0.00015244541282299906
14,0.9530366084726851,0.011542321526794401,0.626056545676194,19128.807817626952,2.5331258819841203e-06,26.36238670349121,6.080008461140096e-05
15,0.8364363079294158,0.007771557995798348,0.42152999655026724,22622.59760083008,2.3153515813764412e-06,8.52097225189209,2.2437508960138075e-05
16,0.8770344850260172,0.006726880874041608,0.3648666165988673,27031.719694335938,2.115710165309457e-06,5.795201301574707,1.947858436324168e-05
17,0.843967927485293,-0.028987919027111807,-1.5723073049321838,45311.52638378906,1.7018914467490736e-06,10.99913501739502,4.6440665755653754e-05
18,0.9221601182965586,-0.02469831221321355,-1.3396386500186999,52853.71411376953,1.5750203840897173e-06,55.08414840698242,6.48103014100343e-05
19,0.8149834977794448,-0.06965102643840516,-3.777877865696535,60789.967078125,1.4409433144372484e-06,63.76431655883789,0.00011303887731628492
20,0.9542366947246714,0.04358823337330379,2.3642296529749447,41205.44117382813,1.7193411039035007e-06,116.45895385742188,0.00017754833970684558
21,0.9892012176053125,-0.0037776148322810994,-0.20489816431667895,20815.73962109375,2.3946478469632468e-06,16.941532135009766,3.407075928407721e-05
22,0.9991815862001685,0.0008660599839735767,0.04697517051974386,15353.604547119141,2.7763672921438856e-06,17.58892059326172,4.4660169805865735e-05
23,0.6364074363182938,0.011343757748508711,0.6152864286905101,14083.941973876954,2.8802694062377303e-06,3.8780550956726074,2.0675121049862355e-05
24,0.8609419847216652,-0.008442001312528957,-0.45789490164927005,21528.63569433594,2.350924075993803e-06,5.893841743469238,2.365512955293525e-05
25,0.9880659132736812,-0.0023841932844081972,-0.12931885569085508,25733.393845703125,2.1533722620749823e-06,10.451193809509277,1.9685690858750604e-05
26,0.9116602893771341,0.007978489540591297,0.43275398193516335,24935.315430175782,2.1606933948559296e-06,11.49753189086914,2.5618781364755705e-05
27,0.9931715172877577,0.000986431261682445,0.05350411932316306,25167.815265625,2.216976363474654e-06,8.486416816711426,1.5352026821346954e-05
28,0.8157668527719412,0.026762830634330947,1.451618312706938,32481.858755371093,2.029235064952903e-06,25.34642219543457,7.070305582601577e-05
29,0.9804641545135152,-0.0038211134399098747,-0.2072575326613033,80846.48947412109,1.2967144784163093e-06,15.438848495483398,1.4747054592589848e-05
30,0.8977791830100802,0.028397928876216064,1.5403061867000056,39388.48630859375,1.8090961961646335e-06,59.69883728027344,8.032556070247665e-05
31,0.8697316389440879,0.006931191488009507,0.3759484424628232,36423.737916992184,1.8414367400978219e-06,6.661515712738037,1.280562446481781e-05
32,0.9910053941136716,-0.0014107853846019327,-0.07652112467357708,24577.444511230467,2.186310735133039e-06,6.1784281730651855,1.1992356121481862e-05
33,0.729573618750352,-0.00656189376158225,-0.3559177009524252,12219.305102294922,3.0799756991788046e-06,3.7421443462371826,1.088629232981475e-05
34,0.8261573099929064,-0.0042367397202085775,-0.22980113905209817,11898.191084228516,3.1534975440061964e-06,3.7820937633514404,1.1101406016678084e-05
35,0.9019012193945446,-0.0018696363549662966,-0.10140924209602291,15874.928993652344,2.731184816925018e-06,2.6576523780822754,6.695728188788053e-06
36,0.9981384915050163,0.0003661529492454898,0.01986016851650171,14288.573568359376,2.873682131631982e-06,2.719421863555908,7.041925073281163e-06
37,0.9803627118558903,-0.001158162512092281,-0.06281883761156397,18263.476962402343,2.5684027508836644e-06,4.042326927185059,8.685377906658687e-06
38,0.14811932295672298,-0.006128405823646575,-0.33240527666357633,22598.539071289062,2.3254069437854355e-06,2.7348804473876953,5.44630847798544e-06
39,0.571941571586584,-0.02360592771869539,-1.2803876179277398,35083.122189453126,1.9069734625526348e-06,9.07726001739502,3.453584940871224e-05
40,0.9846786608477607,0.003765902108247438,0.20426286512388225,33455.1952109375,1.956174487571264e-06,32.02737045288086,5.2030791266588494e-05
41,0.8859436469143772,-0.02919459056226703,-1.5835171873712162,54411.34521679687,1.5327920033834114e-06,53.56011199951172,6.512340769404545e-05
42,0.9735080639729856,0.005552457657673041,0.30116579694185075,38868.94884228516,1.8076610255338258e-06,16.744367599487305,2.6442494345246814e-05
43,-0.07358917879113032,0.02548298685039544,1.3821994720936546,34823.04289013672,1.862530038620777e-06,6.218461513519287,2.4104487238219008e-05
44,0.9468074158679044,0.0016753986714124198,0.09087377287316385,13558.556849853516,2.954644591976542e-06,1.6558161973953247,5.626365236821584e-06
45,0.8941342592927384,0.005859036237183616,0.3177946463480248,15601.592837402344,2.749311909172164e-06,2.207181692123413,1.3115180991007946e-05
46,0.38316980401965595,-0.014774224805493749,-0.8013552668151827,17554.55482421875,2.600214417245928e-06,2.023665428161621,2.4932089218054898e-05
47,0.7082473236020694,0.004042285795150535,0.21925394087083025,15022.747198242187,2.8089612564765333e-06,1.3142073154449463,7.308400199690368e-06
48,0.5460468256048978,0.009472902284089512,0.5138110619893882,16732.45665234375,2.6690421036871162e-06,1.9588185548782349,1.394572882418288e-05
49,0.8753141658026824,0.0038331418300264525,0.20790995361049877,28679.177067382814,2.116085614012114e-06,1.9138113260269165,7.508737780881347e-06
50,0.9370586464346747,-0.006644078071248302,-0.36037538521454443,44753.604790527344,1.6804454520215732e-06,14.485652923583984,1.6607478755759075e-05
51,0.9489443145145168,0.008751226617143601,0.4746673096603713,41602.01644677734,1.7978809300874793e-06,34.66281509399414,4.560979505185969e-05
52,0.9701893056136592,0.021648921707796163,1.174239437927127,38198.874067382814,1.8332567723106076e-06,57.99348831176758,9.151719859801233e-05
53,0.9168851026948157,-0.004818952792669331,-0.2613804278586138,45278.897869628905,1.64285816145879e-06,6.906920433044434,1.1618270036706235e-05
54,0.8668129750986966,0.005916746613642328,0.3209248622973502,19271.79644824219,2.490168370197934e-06,6.649862766265869,1.6667881936882623e-05
55,0.9511947048392497,0.003512556421641588,0.1905213725610363,18791.78773828125,2.5257664688819586e-06,6.081369400024414,1.2768908163707238e-05
56,0.7931112228163228,0.011368964566755213,0.6166536487529783,19754.7629765625,2.4784743578456143e-06,3.1641438007354736,2.3566888557979837e-05
57,0.24465028553942916,-0.017258998834222567,-0.9361296310191849,16464.09746484375,2.6769465597205143e-06,3.3797056674957275,2.4935792680480517e-05
58,0.8340085420643428,0.004500457507733132,0.24410521529080997,18011.135560546874,2.5721483054498034e-06,3.3141942024230957,1.0348840078222565e-05
59,0.8771763988514449,0.0028855588173950794,0.1565129667693085,26560.993388183593,2.1547014527689912e-06,3.0096819400787354,6.1792629821866285e-06
60,0.8383361888564484,0.01513577210056329,0.8209656242397582,38240.85481396484,1.8134980114193683e-06,6.826258182525635,2.064624277409166e-05
61,0.8158361024593934,0.018624110989083613,1.010173435651462,45657.48634082031,1.7199415911867397e-06,20.960887908935547,3.831644789897837e-05
62,0.9450251813357884,0.006587771657838618,0.3573213203458046,35388.04205224609,1.882745177622781e-06,24.983095169067383,4.1517694626236334e-05
63,0.652171150786854,-0.009061218063455495,-0.4914812732652381,59776.78573242188,1.4327186824824154e-06,6.653576850891113,9.234075150743593e-06
64,0.2688073246745959,-0.045532476452480576,-2.4696855704243625,29084.093829101563,2.050085872699163e-06,24.730812072753906,7.28037121007219e-05
65,0.916449657489334,-0.011047955651799512,-0.5992420966694658,33957.972610839846,1.8852270918105975e-06,22.429052352905273,4.10590109822806e-05
66,0.9932262581414896,0.0006899599651609174,0.037423489844809046,45121.24067773438,1.6815901418887868e-06,11.21633529663086,1.639549373066984e-05
67,0.994188222366484,0.0019241373079647533,0.10436537863156009,41764.573721679684,1.7429840585003846e-06,17.606996536254883,2.8263451895327307e-05
68,0.9035630069194184,-0.011406931945744698,-0.618713002764505,45004.434125976564,1.7040904020587488e-06,18.50705337524414,2.7940312065766193e-05
69,0.9926319140752333,0.004979796897724364,0.2701046264151497,37896.526312011716,1.8349562913544523e-06,39.94528579711914,6.168518302729353e-05
70,0.9677158910974286,0.008100125644629247,0.4393515350311096,45196.17326855469,1.687438548960615e-06,15.060778617858887,2.4860690245986916e-05
71,0.9975703883817795,0.002137043314188689,0.11591341933557693,62532.97914941406,1.408594237648186e-06,26.188800811767578,3.0171762773534283e-05
72,0.8671191481810959,0.010968873113324815,0.5949526527524999,30464.693924804687,1.9847025003743487e-06,23.86273193359375,3.990640470874496e-05
73,0.9846352226076811,-0.0047180458632406575,-0.25590722703620944,40539.020115722655,1.7574928477331895e-06,30.92596435546875,4.597282168106176e-05
74,0.9966681966871427,0.0012737116826137625,0.06908623489247466,34147.48539794922,1.8918759368427855e-06,10.137455940246582,1.6643027265672572e-05
75,0.62275725332249,0.014766272491238117,0.8009239325830306,33164.00721875,1.9442979386660674e-06,9.759584426879883,2.500697155483067e-05
76,0.7961537158895668,0.0049880388186326514,0.2705516689378866,23632.36654394531,2.2710911648540674e-06,2.687018632888794,8.663637345307507e-06
77,0.7093616414548164,-0.022983314790340804,-1.2466170373461687,37875.54175146484,1.823722716973829e-06,13.353165626525879,3.154902151436545e-05
78,0.8673326405821639,0.013216164928367424,0.7168459605750119,58993.132729003904,1.5254018827643196e-06,11.828030586242676,3.0498995329253376e-05
79,0.7827618004581794,-0.04192759428148318,-2.2741564410109048,45959.566364257815,1.6701342575989882e-06,25.254438400268555,5.615019836113788e-05
80,0.9076014597412682,0.03520454502302034,1.9094976515816433,41093.95577539063,1.7899716236142885e-06,59.407405853271484,9.030166984302923e-05
81,0.9304179633021825,-0.017660755232764856,-0.957920933790539,40054.626435546874,1.7254084153402586e-06,32.766143798828125,5.541095379157923e-05
82,0.9090239782675082,0.008194127463545605,0.4444502020454912,19413.62552734375,2.4840314996230993e-06,8.328643798828125,2.8233856937731616e-05
83,0.6996772000836851,0.020765783874864194,1.1263379633617323,27241.420037109376,2.126774474720215e-06,6.772470474243164,3.171913340338506e-05
84,0.14346369002020787,0.01827178022063043,0.9910629834498678,23510.06324902344,2.2733888655174807e-06,5.936676979064941,2.3345373847405426e-05
85,0.48732449896534197,-0.005786400807686319,-0.31385489419511325,31142.977779296874,2.0227955594695498e-06,2.317125082015991,9.06238619791111e-06
86,0.9797182613138934,-0.004546047260080424,-0.2465780075108605,52828.59102050781,1.6313393008728317e-06,25.53679656982422,2.8634767659241334e-05
87,0.9924521028853311,0.0036707372257879316,0.19910111343952883,50670.520861572266,1.619081563339522e-06,23.893043518066406,2.9945473215775564e-05
88,0.9532742255934561,0.012204901307732609,0.6619949318947822,40982.44702294922,1.7833303449622797e-06,27.796493530273438,4.939569771522656e-05
89,0.7906042329686536,0.00799043032847145,0.43340165133126757,41157.25855029297,1.7175840415951435e-06,7.246445178985596,1.4072207704884931e-05
90,0.8834323416753737,0.010728603204946266,0.5819203915630833,24330.053127441406,2.2306898770918147e-06,7.374652862548828,2.408218824712094e-05
91,0.9685482135359584,0.0033335476927107413,0.18081192319071915,23091.7586875,2.2495398795919157e-06,4.705904960632324,1.113325015467126e-05
92,0.8300856757450564,0.0052459846228295245,0.28454267228780045,20172.368951416014,2.4459640171300418e-06,3.155437469482422,1.1767372598114889e-05
93,0.8484425141769816,-0.007809290975856133,-0.42357663674290147,21442.078110351562,2.3775843121157354e-06,5.800120830535889,1.7861451851786114e-05
94,0.9390092439747074,-0.004960380474309343,-0.26905147788308215,27167.18139941406,2.122293934448598e-06,9.882163047790527,2.005826354434248e-05
95,0.968720902555703,0.011234324718120952,0.6093507713941511,31160.67118408203,2.0066841055642595e-06,24.69736671447754,4.208215250400826e-05
96,0.7917971196644972,0.015381195026333483,0.8342773855505786,43595.13563964844,1.73842992530214e-06,12.89795970916748,2.1837198801222257e-05
97,0.9667335560549385,0.028716862508240876,1.557605175252863,47516.0605559082,1.6741953276677907e-06,82.74665832519531,0.00011686436482705176
98,0.9748447545415876,-0.0024997419861640777,-0.1355862275458779,40897.611211425785,1.7392530941867942e-06,7.152666091918945,1.0322527487005573e-05
99,0.9851060983060509,0.0017880369791436564,0.09698328469756845,18712.05176147461,2.51368792231542e-06,4.247934341430664,1.0092904631164856e-05
100,0.9635892403494969,-0.003123062471618979,-0.1693951860874688,15258.538432861327,2.7939054450213713e-06,5.651345729827881,1.4082212146604434e-05
101,0.9638157046200628,-0.0032673408767010387,-0.17722085960485096,15846.85605493164,2.712558656779742e-06,7.4081621170043945,1.7932256014319137e-05
102,0.5738122559607569,0.008453116975293277,0.45849781618574137,19245.057417236327,2.4975632248478508e-06,4.761930465698242,1.5874617020017467e-05
103,0.4574753090828998,0.009430140969725918,0.5114916844970093,25048.994578125,2.1983848454105327e-06,3.927525043487549,1.2949930351169314e-05
104,0.8053592244634032,-0.0029705689430546173,-0.16112392354211733,33557.75258251953,1.930658389247173e-06,2.7006478309631348,3.6429601095733233e-06
105,0.9789706066649277,-0.0025366076563776434,-0.13758582477546163,43834.78500683594,1.6824115899341505e-06,6.077727317810059,8.866972166288178e-06
106,0.9581859782240605,-0.0030242894338231717,-0.1640377277369249,35996.715564941405,1.8736990659622917e-06,9.329092979431152,1.561221324664075e-05
107,0.9828000509799287,0.007797681676664079,0.4229469473227075,59023.22429394531,1.4913063023320179e-06,52.6713752746582,6.2550425354857e-05
108,0.18913771399922502,0.04734667216081939,2.5680877069188757,39101.0711118164,1.7717371856874234e-06,17.38673973083496,5.846768544870429e-05
109,0.9951914853537601,0.0010388284396099902,0.056346146911837446,26578.186286865235,2.124213270539042e-06,9.924652099609375,1.8542614270700142e-05
110,0.8765564697818282,-0.005239654035791242,-0.28419930068408195,18708.372830810546,2.5152440919589057e-06,5.2004194259643555,1.5519422959187068e-05
111,0.5296254737898776,-0.03435665373929439,-1.8635079529784502,23032.249419433592,2.2657221594366097e-06,10.153389930725098,6.208312697708607e-05
112,0.5852762793384617,-0.00736527182469756,-0.3994929985126629,17974.643469970702,2.5848479812012712e-06,3.6997485160827637,1.4738446225237567e-05
113,0.66060200006159,0.005647283598439675,0.30630916439865224,21592.002926757814,2.358081982817844e-06,4.929493427276611,8.10999972600257e-06
114,0.9991314709382046,0.0001991144350571039,0.010799984657916362,27061.932352050782,2.1217396475258024e-06,23.49563980102539,4.69467013317626e-05
115,0.8283099434073588,-0.0075924351177495365,-0.41181435572164427,51279.305333984375,1.6011007683843438e-06,9.09559154510498,1.6036265151342377e-05
116,0.6100778147005946,-0.06232276869992687,-3.380392514510798,57637.244727539066,1.5260030687137604e-06,47.14742660522461,8.72080127010122e-05
117,0.9646518921579155,0.014958194189274476,0.8113337825455382,69093.38321777344,1.3691893372763203e-06,37.63085174560547,4.084218016942032e-05
118,0.5151731143839018,-0.0750742047736785,-4.072031540699047,45035.87772021484,1.6602399691260339e-06,23.582223892211914,9.869403584161773e-05
119,0.9950181897980808,0.0005039400634908949,0.027333753841855806,50595.875051757816,1.5607357010632214e-06,18.598966598510742,2.3812615836504847e-05
120,0.5752251746842864,0.05238078594333911,2.841138485993863,53485.0908671875,1.5030565996367696e-06,22.209856033325195,8.557776163797826e-05
121,0.9992777301859689,-0.0029299790674168686,-0.15892232507926002,33623.740625,1.8684088707853225e-06,43.1922607421875,6.575048610102385e-05
122,0.8244814874176893,0.015375668027690746,0.8339776006528701,26389.002037841798,2.1420393671839084e-06,12.829089164733887,3.395191379240714e-05
123,0.7794784271962597,0.025500721418983182,1.3831613966703806,34719.967544433595,1.8815276807763603e-06,8.530096054077148,4.446846651262604e-05
124,0.9792439759993806,0.0016967337033555684,0.09203098690235305,31109.17842919922,2.008662207510246e-06,6.31067419052124,1.1460037967481185e-05
125,0.9889028481338571,-0.003646916432161515,-0.19780907147566562,53649.10108886719,1.5562170789033968e-06,24.27634620666504,2.926968409155961e-05
126,0.6221284600906908,0.02858999637774442,1.5507239450568802,32875.73650732422,1.9889729782308897e-06,13.354079246520996,4.6545865188818425e-05
127,0.6663504412229145,0.03214172433334452,1.743369985102008,49326.42958325196,1.5925322748572494e-06,12.780158042907715,3.540019679348916e-05
128,0.9970682067991848,-0.00044860922212602627,-0.02433260408755092,33813.831145507815,1.8829304207512304e-06,4.896939754486084,8.117346624203492e-06
129,0.8616755694719979,-0.0034478805219967813,-0.18701334601489197,14100.09461352539,2.877570592943866e-06,3.5573041439056396,7.913397894299123e-06
130,0.7419520309765195,0.009836101002701417,0.5335109927737057,17820.375850830078,2.6078336437194452e-06,4.631191253662109,1.756176061462611e-05
131,0.561984098385427,-0.007992243660344952,-0.4335000066132838,19855.231419921874,2.4433005608556785e-06,4.4757490158081055,1.3801963177684229e-05
132,0.4384246184822951,-0.002613246890160352,-0.14174274362873487,19394.2698984375,2.4891862526890007e-06,1.1783156394958496,3.511623162921751e-06
133,0.6861833901005928,-0.003000954670645065,-0.1627720481077841,18850.064844970704,2.5445357012943636e-06,2.2464311122894287,3.7213528685242636e-06
134,0.9796146987925473,-0.005502813834217301,-0.29847311154448847,32952.014022460935,1.966387584239781e-06,15.623987197875977,2.4951570594566874e-05
135,0.9229802500860471,0.0075922312748554965,0.41180329926495074,55798.833311523435,1.5403558421210823e-06,9.375685691833496,1.974975020857528e-05
136,0.9229782149961121,0.006974520324868093,0.37829860242578056,50245.933115722655,1.6338278989952655e-06,12.51784896850586,1.862108547356911e-05
137,0.83629977535276,-0.06668519903998489,-3.6170111239568867,37537.74061230469,1.8421824214805463e-06,70.93123626708984,0.00010974138422170654
138,0.6622696687225377,0.030525070350048315,1.6556825293344182,18661.46908203125,2.513869304258245e-06,7.670279502868652,4.956263001076877e-05
139,0.9987890726148829,7.268135425082001e-05,0.003942243115625058,13031.385806152344,3.012785723434181e-06,5.82309627532959,1.5474164683837444e-05
140,0.6340565726077403,0.01239927643975421,0.6725378563347494,11862.785870117188,3.127950159241113e-06,3.1517789363861084,2.1190824554651044e-05
141,0.3341689927645748,-0.005560565338619819,-0.30160555827714197,14047.925978759766,2.8933813934016955e-06,2.29935884475708,9.179895641864277e-06
142,0.7737080716338415,0.015826864099241496,0.8584505156831779,12197.876678466797,3.0938750013198337e-06,3.201237440109253,2.802585731842555e-05
143,0.9563401725110585,0.006465757502360086,0.35070326170611404,13940.862572021484,2.902176394485718e-06,7.29067325592041,2.785389733617194e-05
144,0.9342324682640273,-0.017517031287558573,-0.9501253342261082,11895.167598144531,3.1533194337031793e-06,14.245844841003418,6.392395152943209e-05
145,0.4982426598656112,-0.003112919453052529,-0.16884502785875372,13894.696272216797,2.925418232863143e-06,1.5933620929718018,5.420048182713799e-06
146,0.20750359948442196,-0.021430190233811115,-1.162375423333888,16593.460728027345,2.689520924757279e-06,3.1194305419921875,3.314874629722908e-05
147,0.7356007852494488,-0.012511284752967913,-0.678613197200519,20679.987368896484,2.4522719390909813e-06,2.593127965927124,2.1383211787906475e-05
148,0.927466829776558,-0.01591635698455712,-0.8633046177382309,39021.871627441404,1.7891722339933303e-06,28.147705078125,4.053018710692413e-05
149,0.31523864513114425,-0.13130568447254962,-7.1220319983031235,23357.49245727539,2.2817870037527466e-06,32.764198303222656,0.00020615143876057118
150,0.8730412252106303,0.04749265651761134,2.5760059114086533,58399.27065039062,1.4818154588879492e-06,62.33256912231445,8.930268086260185e-05
151,0.9419251376108746,0.0059274494242753896,0.3215053836975214,32451.975851074218,1.9186251638683096e-06,10.117243766784668,1.7777963876142167e-05
152,0.16235068095818814,-0.01339621878273654,-0.7266120976420082,17660.52795288086,2.599043526972501e-06,6.0868330001831055,1.3647526429849677e-05
153,0.0532819746899471,-0.018791599891118282,-1.0192580485868674,12051.109372070312,3.115927850807024e-06,4.656363487243652,2.203507028752938e-05
154,0.8323579309288468,-0.004629858047566834,-0.25112391207454277,13250.453329345703,2.9500177008296725e-06,4.660168647766113,1.0170635505346581e-05
155,0.1617399665919635,-0.014544180697194613,-0.7888776539311034,14901.665033203126,2.8332959656327524e-06,3.470430850982666,2.2484946384793147e-05
156,0.28225406017171367,-0.008073122664504084,-0.4378868909886715,13978.858611572266,2.8899619767133318e-06,2.6058316230773926,1.0277452020091005e-05
157,0.01052680116992393,-0.0157653101164358,-0.8551118221839117,18110.53177392578,2.5734717045320725e-06,5.493162155151367,1.7101881894632243e-05
158,0.9560498686257091,0.005247175210826006,0.2846072498865677,23426.5028203125,2.283287297699466e-06,11.090380668640137,2.1555868443101645e-05
159,0.5884501569143146,0.0115344947926773,0.6256320229219193,29150.851640625,2.049026817060597e-06,8.298967361450195,2.5290499252150767e-05
160,0.9218453004255045,-0.008732293737020048,-0.4736403885594178,44784.69022265625,1.685723464983546e-06,24.34834861755371,3.312898479634896e-05
161,0.8557869394808656,-0.049079971766688206,-2.6621020316240984,36409.2767709961,1.8668948635213977e-06,77.81404113769531,0.00013381995086092502
162,0.635264909220435,-0.08785990636190245,-4.765529131438334,50367.94394189453,1.601473647043422e-06,35.77412414550781,9.001662692753598e-05
163,0.8274777698589975,0.014745883695884691,0.7998180425105845,41966.610081054685,1.7138745934487037e-06,25.91621208190918,3.716894207173027e-05
164,0.9605366463968183,-0.009124919270165741,-0.49493643237996576,26983.720864746094,2.1074204155821174e-06,22.56484031677246,4.2772499000420794e-05
165,0.9983445490193076,-0.0007468909221363238,-0.04051143001207292,26678.43161230469,2.111697981855604e-06,33.026519775390625,6.264831608859822e-05
166,0.8793736787617107,-0.0022335022067582434,-0.1211453582433313,22226.914130126952,2.343254859753086e-06,4.208818435668945,8.13095539342612e-06
167,-0.02308527932674793,-0.025727738966001865,-1.3954748486015598,22617.142154541016,2.3204453552684965e-06,8.595322608947754,3.204396125511266e-05
168,0.5012783432497344,-0.03068929929314911,-1.6645903218074536,20995.356924804688,2.423384392069917e-06,6.525761127471924,5.9836034779436886e-05
169,0.44790846676405816,0.04213141118665861,2.2852114880660683,38653.12476416016,1.80585748403763e-06,10.871399879455566,5.2203740779077634e-05
170,0.971326794560076,0.006468948407459957,0.3508763366823889,49334.09838574219,1.621568301414627e-06,35.867164611816406,4.8638659791322425e-05
171,0.8438241634545264,-0.07543515255639786,-4.091609380520455,61003.80193896485,1.4586330205066447e-06,124.24562072753906,0.00020233145914971828
172,0.7235850179169131,0.12895598369916536,6.9945840194764415,59445.801347167966,1.4922205313928786e-06,44.069541931152344,0.000149091865750961
173,0.7325838296036207,0.028616705329567425,1.5521726409780714,45712.159256591796,1.635691446761534e-06,11.511383056640625,4.196997178951278e-05
174,0.9842584076901643,-0.00347450249298504,-0.1884573240878741,35537.66354736328,1.8449897709737362e-06,12.410733222961426,1.901089672173839e-05
175,0.9817247700044156,-0.0010122418735988793,-0.05490408920796312,24673.333977539063,2.211246104580876e-06,3.213933229446411,5.900990800000727e-06
176,0.5360585393346797,-0.01148090478908285,-0.6227252963630349,16042.168694824219,2.722391568541e-06,4.985457420349121,1.8252012523589656e-05
177,0.9952426667948129,0.0008226014496322786,0.04461797575379459,12679.609476806641,3.023083477841298e-06,4.676174640655518,1.3008047062612604e-05
178,0.7261460747475713,0.02384299352845019,1.2932460885229735,14348.073665527343,2.8503638660209614e-06,6.047322750091553,4.75154047308024e-05
179,0.7286318023183198,0.006234139676164602,0.33814029022343994,14953.121805419922,2.8100507105318568e-06,3.5452675819396973,1.4157130863168277e-05
180,0.0633362166986596,-0.009649144477039002,-0.5233704542021435,18187.45755053711,2.5577352722796332e-06,1.918853998184204,1.204086856887443e-05
181,0.37224593924448857,-0.009558473166893964,-0.518452434279586,22903.888635986328,2.325954170920384e-06,1.7423157691955566,1.405273360433057e-05
182,0.8313043865287889,0.019249650622974145,1.0441027610014744,38852.77966503906,1.8273046648445489e-06,20.83478546142578,5.3104115067981184e-05
183,0.9917385289030813,-0.0051185740096771695,-0.27763190930415976,50205.37858837891,1.6338671828689013e-06,31.171157836914062,4.175657159066759e-05
184,0.9867176457275407,-0.011421638054646249,-0.6195106634186353,47575.79289990234,1.6517214513414968e-06,45.470096588134766,5.577658157562837e-05
185,0.9860072264816115,-0.0024299453317427025,-0.1318004508054394,32687.133852539064,1.9382821631342034e-06,8.924430847167969,1.5001724023022689e-05
186,0.5366131303209684,-0.010815670743073037,-0.5866429425710099,13185.506986083985,2.954358239618198e-06,4.837924957275391,1.6606687495368533e-05
187,0.8955831840445861,0.009144634045325598,0.49600576353719533,13278.27544482422,2.9728360060151412e-06,3.571617841720581,2.060688530036714e-05
188,0.18754423581873575,-0.009868659654534703,-0.5352769769434678,12597.976069335937,3.0520018990909434e-06,2.3903720378875732,1.5316785720642656e-05
189,0.7818809271479672,0.004020362285578248,0.2180648077627235,11159.70575756836,3.2472406472257933e-06,1.7181700468063354,9.834788215812296e-06
190,0.5910317221390645,0.01698075159876359,0.9210374762329044,12626.986987792969,3.0889907128479047e-06,5.360306739807129,3.2841919164638966e-05
191,0.9627877514075536,0.002659949236300903,0.14427588303503655,15985.981110107421,2.7268400911713096e-06,5.2565460205078125,1.4670180462417193e-05
192,0.9866761133752789,0.0016828362843349903,0.09127718965925595,17994.0759519043,2.559395958186626e-06,6.874292850494385,1.5735286069684662e-05
193,0.9950816382956745,0.0006753339574918744,0.036630173888650815,22570.13402758789,2.3193257158156573e-06,4.881509780883789,1.0424198080727365e-05
194,0.9848679003697157,0.0006963465517758345,0.037769898870542294,32186.73320654297,1.9412092131679556e-06,2.7913665771484375,5.215217242948711e-06
195,0.9032990130136345,0.012250227347433713,0.6644534203174607,52405.60869775391,1.575361462659252e-06,36.175045013427734,4.419580000103451e-05
196,0.8564000199081508,0.03574474601947857,1.9387982016510887,32614.40507421875,1.947036878425365e-06,20.957561492919922,7.94509905972518e-05
197,0.8163082862531591,-0.09047417053171827,-4.907327052406012,58105.561951171876,1.4600550105244628e-06,78.49725341796875,0.00012362137204036117
198,0.9992398646974934,0.00021487929742360868,0.011655072194104214,29966.29351123047,1.9949943390219414e-06,17.032358169555664,3.142025525448844e-05
199,0.9115130666107998,0.009139044997928088,0.49570261310951214,15052.43748828125,2.7855077684749535e-06,10.529711723327637,3.1991359719540924e-05
200,0.4215713623777796,0.036493990078476694,1.9794372660157296,15800.711763183594,2.730507664637634e-06,8.800457000732422,7.036914030322805e-05
201,0.0018493102658924854,-0.03366520582600162,-1.8260037566946976,15682.791342041015,2.7341651232012417e-06,7.9402971267700195,4.66141318611335e-05
202,-0.0233146865076921,-0.015599135776224628,-0.846098511198672,13335.138748046875,2.999810184028063e-06,2.7484567165374756,2.626634159241803e-05
203,0.7341979770957776,0.01364865917016139,0.7403044866967996,15915.24939868164,2.71645077534281e-06,2.873805522918701,2.445408063067589e-05
204,0.7600403884311777,0.005788918689567473,0.313991464332176,18755.20447558594,2.5127442842376925e-06,1.4449799060821533,1.0980544175254181e-05
205,0.6932323093735139,0.07999156731954557,4.338749722319311,21970.71516796875,2.3335714516556673e-06,23.518997192382812,0.00013951446453575045
206,0.757832189558931,0.03710140465790996,2.0123834868007404,22853.244471191407,2.306128713936701e-06,8.52403450012207,4.7061985242180526e-05
207,0.7221540981589782,0.027805514011015674,1.5081735517483967,28733.286458251954,2.0781613569380584e-06,8.781039237976074,3.170384297845885e-05
208,0.9632372405276394,-0.006629882468674767,-0.3596054144690277,47636.90464501953,1.6769871584075323e-06,16.408708572387695,1.9295643141958863e-05
209,0.9746796086989641,-0.024805871567052298,-1.3454726789324782,60429.07285644531,1.494868362589987e-06,58.623382568359375,7.483399531338364e-05
210,0.8503482609403163,0.023227046428745773,1.2598370630799511,42219.248105957035,1.749447823692356e-06,13.057026863098145,3.1748772016726434e-05
211,0.9721350588463186,-0.004571498416157727,-0.247958480478992,31147.94484863281,1.9652783041170347e-06,9.963425636291504,1.7876755009638146e-05
212,0.9952580050389752,-0.0006554658998234642,-0.03555252867453115,16900.771500976563,2.645470035797905e-06,5.237847805023193,1.3002587365917861e-05
213,0.7795832964516564,0.005448094351810535,0.2955051219544183,13167.55081689453,2.976696010849657e-06,3.1924917697906494,1.0958618986478541e-05
214,0.9251181754715284,0.00216138889901613,0.11723392602083536,14376.081330078125,2.8450545443265714e-06,3.1571617126464844,7.5255588853906374e-06
215,0.999759828652052,0.00011838426609714192,0.006421173116962348,16016.820943847657,2.726175519653264e-06,3.1145737171173096,7.453552825609222e-06
216,0.4910146867237134,-0.0037628275809408417,-0.20409610248946017,20354.31186035156,2.4145030511770334e-06,1.8220306634902954,5.04452464156202e-06
217,0.006944150727602234,-0.0034259185574557743,-0.18582212710586327,26409.36966015625,2.1634058511213333e-06,1.537657380104065,2.981085799547145e-06
218,0.9593520019861043,0.004614538746237201,0.25029299180860337,42666.52033544922,1.743386090513791e-06,13.61631965637207,1.9952332877437584e-05
219,0.9992084421415708,-0.0006624606024261799,-0.03593192196550151,24348.458966796876,2.2483123047014376e-06,26.165163040161133,4.957058990839869e-05
220,0.9863521401980903,0.009609619847551116,0.5212266347851504,41932.80940527344,1.773936449354204e-06,52.66755676269531,6.55523399473168e-05
221,0.8486593912710618,-0.013215540765926532,-0.7168121059487328,42154.92522705078,1.7015293452486082e-06,13.848489761352539,2.4010481865843758e-05
222,0.8181683705650311,-0.005469631988757117,-0.29667332529700435,20863.907279541014,2.386489493223118e-06,5.543663501739502,1.2398037142702378e-05
223,0.9229388255014369,0.001571720192849317,0.0852502429793292,21506.275134277344,2.3604678074259927e-06,2.622833728790283,5.882860023120884e-06
224,0.3832741154863203,0.010565932667533525,0.5730971271531033,24396.915444335937,2.2001840823335965e-06,3.8213016986846924,1.3967631275590975e-05
225,0.6817692276658777,0.0032696136927106937,0.17734413734725826,31043.73843017578,1.9905151510847053e-06,3.123337984085083,6.363770353345899e-06
226,0.9749042286133401,0.0025543636606357696,0.138548912024855,52650.795671875,1.5910574353506238e-06,10.596335411071777,1.2838722796004731e-05
227,0.9522837873199027,0.0043556407098297115,0.23625033929893635,33968.47744921875,1.944748373937015e-06,13.34622859954834,2.269987999170553e-05
228,0.7363604456066002,-0.10946607984662253,-5.937449901945681,52211.98081054688,1.5764760238521728e-06,83.05889892578125,0.00012101859465474263
229,0.9879453177842141,0.0034930831632688695,0.1894651412958109,33170.93919824219,1.9033288336430866e-06,20.990318298339844,3.545402432791889e-05
230,0.7624143577371555,-0.017738959594577695,-0.9621627453272996,16760.462031494142,2.6720888330377614e-06,15.59399127960205,3.1094299629330635e-05
231,0.3442403450631618,-0.0887759413622326,-4.815214951287822,15984.223115478515,2.717708754827231e-06,46.60023498535156,0.0001384773786412552
232,0.8191873703718477,-0.0333212531184465,-1.8073477312609876,14228.169443847657,2.89410704205712e-06,37.62743377685547,9.208071423927322e-05
233,0.8595046407557463,0.04733811641527102,2.5676236425197625,12772.531298339843,3.0336626652618664e-06,32.381385803222656,0.0001368623779853806
234,0.4744388550513908,0.09503425676118647,5.15466653486447,16215.958129394532,2.677575418493855e-06,11.6802396774292,0.00014260107127483934
235,0.32314391740658766,0.030802132029585733,1.6707103794621223,23639.559951660158,2.2609438123829825e-06,5.517550468444824,4.8870650061871856e-05
236,0.5693705177172758,0.017945292459880767,0.9733542582834448,18054.97550732422,2.5495113734045565e-06,3.701878309249878,2.5482613636995666e-05
237,0.6465057867528083,-0.002209287257628207,-0.119831937249913,17374.43869506836,2.6269556879440477e-06,1.5842292308807373,2.970396508317208e-06
238,0.9019310036324363,0.002863550807554738,0.15531925035915078,16723.779501220703,2.679360775448802e-06,2.834547758102417,8.31831493997015e-06
239,0.9514842492846786,-0.0038560945640528613,-0.2091549119444908,17915.45949121094,2.579038243734913e-06,6.085422039031982,1.4015779015608132e-05
240,0.9015796817126116,0.003275384720209878,0.17765715839183355,21823.502020751952,2.345768235513556e-06,2.467559576034546,6.986100743233692e-06
241,0.9065126934368507,0.0055604613807839695,0.30159991959488414,31031.773805664063,1.993386522533812e-06,7.358631134033203,1.3633096386911348e-05
242,0.8381928387264399,0.016798260332073565,0.9111391337049468,42079.61235449219,1.7272301076175866e-06,17.83180046081543,3.5906654375139624e-05
243,0.6923826772683009,0.08165709542698223,4.42908811492498,46810.28156835937,1.6611648094239997e-06,48.93003463745117,0.0001380238390993327
244,0.9775180522946063,0.01636480970910319,0.8876287333831331,67978.31662207031,1.392531652813258e-06,95.66001892089844,0.00010742273298092186
245,0.7187090656752524,0.018342919917992577,0.9949216069588045,40710.146771484375,1.7537718370776075e-06,17.027284622192383,3.591220956877805e-05
246,0.8271000187746228,0.010885785565428952,0.5904459767685016,35518.523359863284,1.824868719112553e-06,9.893013000488281,2.2161082597449422e-05
247,0.8634816958207644,0.00831148549438691,0.45081571207094895,18884.52037133789,2.493412894196684e-06,5.807262420654297,1.8750244635157287e-05
248,0.9011383769522809,0.004475896330185591,0.24277301483724797,16663.964181884767,2.6616101956879312e-06,5.588135719299316,1.552787216496654e-05
249,0.7906175109068199,-0.018889208508597904,-1.0245523486759496,18958.69867578125,2.5480785361862107e-06,22.382356643676758,4.434754737303592e-05
250,0.7915729659533818,0.02015166873854716,1.0930283037756958,31545.584489257813,1.969371064188547e-06,14.443281173706055,4.693761729868129e-05
251,0.9758628089333824,-0.004982992268184985,-0.2702779435929885,59639.74700341797,1.5027186934297305e-06,35.14714431762695,4.02196055802051e-05
252,0.9724308651952509,0.014307890696111325,0.7760612632671784,44672.58245068359,1.7173742717945068e-06,49.76742935180664,6.515864515677094e-05
253,0.8421798908837266,-0.04180616601843943,-2.267570161228959,53334.460126464845,1.5280796273480134e-06,37.996063232421875,6.262373790377751e-05
254,0.9134138971441403,-0.005661140775307595,-0.3070607789038119,35644.77729345703,1.8448425606473827e-06,10.024227142333984,1.5025826542114373e-05
255,0.4774563721149599,0.022381228961894394,1.2139598484883882,16004.661562011719,2.6938743914986213e-06,5.708958148956299,3.0261213396443054e-05
256,0.39201902772149294,0.042759797817656604,2.3192952347922753,22996.433352050783,2.29178556904122e-06,14.046530723571777,6.83931284584105e-05
257,0.7566313175986457,-0.08454165553406745,-4.585546911558301,19510.774586914064,2.466562000034476e-06,17.09771728515625,0.00016332992527168244
258,0.8340989531833134,-0.005533070744873884,-0.30011424906821105,20657.062325683593,2.397806583762183e-06,5.074053764343262,1.4664694390376098e-05
259,0.9633724458345525,-0.0013372144221120927,-0.0725306291279852,24102.22920214844,2.2457886574518014e-06,3.3281188011169434,6.285481504164636e-06
260,0.9137914909030226,-0.0023835793023439626,-0.12928555324911062,22245.521712890626,2.325383021947387e-06,3.688220500946045,5.479138962982688e-06
261,0.5572369981436632,0.05061170281077326,2.7451832596195906,30351.205390625,2.0210305477802065e-06,25.509689331054688,7.25334175513126e-05
262,0.7650913659421629,0.018834102178755977,1.021563376446607,32204.5577421875,1.9716853744434275e-06,7.327244281768799,2.2122225345810875e-05
263,0.8240276013891156,-0.020630785401351482,-1.1190156341576176,44364.291918457035,1.7245220486925516e-06,21.681865692138672,3.5775996366282925e-05
264,0.9888302585767756,-0.004022049897567925,-0.218156343987065,44354.59294482422,1.7296820033459647e-06,29.064706802368164,4.8327197873732075e-05
265,0.869116059624734,0.016278657510238652,0.8829558304581596,44549.44398022461,1.6940276894131242e-06,12.308156967163086,2.7837226298288442e-05
266,0.9964594512679257,0.001215093614021947,0.06590678564115979,24810.93213989258,2.1953805208933795e-06,6.035106182098389,1.180901745101437e-05
267,0.9607346906223725,-0.002584977729281228,-0.14020942182964405,16237.121069580078,2.70125274264508e-06,6.129475116729736,1.2875036190962419e-05
268,0.9155687669345929,0.002461352969522131,0.13350400387059982,18086.822096191405,2.5644508814332275e-06,2.2084805965423584,7.404977623082232e-06
269,0.47771986864657434,-0.009128503256852008,-0.49513082813642995,16115.816929199218,2.708953471036185e-06,2.862649440765381,1.597858681634534e-05
270,-0.07290093785964993,-0.020582218861285806,-1.1163813807070986,18991.186592773436,2.510999251043213e-06,5.891866683959961,2.3339454855886288e-05
271,0.7411178916617155,0.010170557238103615,0.5516519287136455,22947.525986328124,2.29250477871151e-06,5.1478118896484375,2.05137566808844e-05
272,0.9626747269026216,-0.010050961271337908,-0.5451650328447052,31184.189434082033,2.0361182766447578e-06,23.134132385253906,3.47497989423573e-05
273,0.7431377931966059,-0.04290829847359872,-2.327349923571646,29153.01207446289,2.0922076779889193e-06,30.45008659362793,7.687245670240372e-05
274,0.8224740417430364,-0.04765429261949965,-2.5847730679438317,46700.444452636715,1.6413137819421683e-06,35.87744140625,6.324325659079477e-05
275,0.4343319305590501,0.02977756595378503,1.6151378244311636,34329.574028808594,1.8814988593391214e-06,18.453353881835938,3.7130772398086265e-05
276,0.9945875825591827,-0.0031241662763969993,-0.16945505655675214,21422.320465820314,2.3588586846677254e-06,17.513961791992188,3.4731769119389355e-05
277,0.7637729724817051,-0.034179005555379685,-1.8538722996907553,19146.782751953124,2.5002382860335937e-06,34.53532409667969,5.963131843600422e-05
278,0.998848802903846,7.803078770809435e-05,0.004232396861889302,16113.308354003906,2.718535832940025e-06,5.5594377517700195,1.2714047443296295e-05
279,0.23356126958083734,-0.02741854321953774,-1.4871842216185898,14916.598838867187,2.8290972030891535e-06,3.650365114212036,4.3103023926960304e-05
280,0.8505593733637573,0.001838770987954005,0.09973510184547749,21864.867849121092,2.327064418948114e-06,2.0091216564178467,4.274234925105702e-06
281,0.25958260132018346,0.032385028160521176,1.756566806316736,21336.972214355468,2.3635521546074158e-06,5.3936076164245605,3.646557161118835e-05
282,0.9503515586350998,0.009804352592016901,0.5317889561558802,21735.78711669922,2.3539012878739137e-06,14.444979667663574,3.123303395113908e-05
283,-0.2355441106139645,-0.01934476634494671,-1.0492618462166459,36952.410755859375,1.8194194142876228e-06,11.243505477905273,2.583493733254727e-05
284,0.7265517607494814,0.02138611115110951,1.1599845699697116,50616.55813574219,1.5962508585511022e-06,19.970409393310547,5.101715578348376e-05
285,0.7203997390765501,-0.04345183826971355,-2.356831570431271,56498.14394238281,1.5499689938859277e-06,41.94392395019531,6.8425084464252e-05
286,0.9876939593027202,0.03395168310826974,1.8415423099515216,72043.78821630859,1.3480558181833982e-06,182.0663299560547,0.00019662035629153252
287,0.9699506398557275,-0.0021838646518609174,-0.11845301285313466,40460.54187646484,1.7538708107833099e-06,9.591301918029785,1.4710702998854686e-05
288,0.9901925183181599,-0.0027246824601915806,-0.14778701885337278,32700.9790859375,1.9116398927662378e-06,11.30077838897705,1.8603801436256617e-05
289,0.9847356939342233,-0.00399513201716656,-0.21669631576121087,17505.71030541992,2.5911039303706008e-06,11.859882354736328,2.6597745090839453e-05
290,0.9545996043210607,-0.0049060150826922295,-0.26610269420891985,38588.18556152344,1.76962390995969e-06,15.448895454406738,2.380815931246616e-05
291,0.5281081828933942,-0.0405949502992467,-2.201873712948065,32458.903845703124,1.921494751132144e-06,38.96015930175781,8.993488881969824e-05
292,0.9488076139161608,0.027416742690615017,1.4870865607697623,42848.314796875,1.6829196866917223e-06,94.87181091308594,0.00017775912419892848
293,0.9187939404978123,0.020294798620975548,1.1007916813222436,29080.73047363281,2.0832724694923006e-06,65.75084686279297,0.00011992608051514253
294,0.7452929686736741,-0.05165968872390828,-2.802026108709486,48423.69740039062,1.6230254226452067e-06,36.7760124206543,9.19412195798941e-05
295,0.8465905454487016,-0.01080822915460636,-0.5862393101510521,45608.04296435547,1.6405278510196092e-06,15.363551139831543,2.4868682885426097e-05
296,0.9712511583256165,0.009428195189381037,0.5113861451981316,27150.572209472655,2.0933973724303384e-06,17.585704803466797,3.813242074102163e-05
297,0.5335035533171241,-0.009968718814544832,-0.5407041946772472,20722.11324926758,2.415443176847052e-06,7.311485767364502,1.3515421414922457e-05
298,0.8180649432732628,0.03708750021810205,2.011629308749514,25743.367626464842,2.1440356817140254e-06,19.557167053222656,9.123118070419878e-05
299,0.6222400255531374,-0.037728967102889026,-2.0464225296040137,72145.3087890625,1.3597812002439185e-06,57.59339141845703,8.035259816097096e-05
300,0.10049287949747063,-0.06739635438379736,-3.6555842530239344,85914.25488085937,1.2467569044697162e-06,29.136280059814453,0.00010863014904316515
301,0.9603286807762089,-0.02739787366641242,-1.486063103219638,49710.15153027344,1.6089082102796531e-06,69.69436645507812,9.394582593813539e-05
302,0.7815088958900162,-0.04279160172694212,-2.321020281659153,49727.92808203125,1.6224131581888595e-06,15.04251766204834,4.477066613617353e-05
303,0.6965314236654183,-0.07713973574581603,-4.184066124244629,70591.66113867187,1.3211814375038807e-06,23.115447998046875,0.00010921784269157797
304,0.9972114789734126,-0.0022258241961214255,-0.12072890226384805,37714.80323730469,1.7827280386420505e-06,35.81403732299805,5.571228757617064e-05
305,0.8924794058317138,0.01898911218263427,1.0299711328366903,51335.27147851563,1.5158250243078593e-06,42.13679122924805,7.969574653543532e-05
306,0.8536252405062343,0.02942265976850449,1.5958876813919098,52966.931884765625,1.5194989614755516e-06,66.39788818359375,0.00010235388617729768
307,0.8060315968728261,0.018678926986196245,1.0131466602077583,48027.21199707031,1.5999408305290377e-06,19.84265899658203,4.082136365468614e-05
308,0.8503691130216247,-0.02499678205076725,-1.3558276805403007,45683.86313476563,1.6546283828283447e-06,58.72753143310547,8.850823360262439e-05
309,0.988082194755605,-0.010853100681761063,-0.5886731457728095,37175.630138183595,1.8311895806176685e-06,47.850154876708984,7.372628169832751e-05
310,0.6998699206439172,0.04337846073464705,2.3528515664063163,55485.546482910155,1.5162649216368694e-06,25.847972869873047,5.036788934376091e-05
311,0.8467396771041471,-0.007603460464625567,-0.4124123715163062,43510.50013720703,1.666299647305274e-06,8.16359806060791,1.4416330486710649e-05
312,0.8734665756583847,0.012266835924594518,0.6653542710190938,20295.970954833985,2.410127251671319e-06,8.615538597106934,3.2450174330733716e-05
313,0.9087484557522051,0.0074143284753604745,0.4021538356055452,18270.122639160156,2.5250016608229603e-06,7.667263507843018,2.2784850443713367e-05
314,0.347594511270784,0.014476662282534207,0.7852154491178255,27981.288551757814,2.068616619990107e-06,7.716470241546631,2.0326051526353694e-05
315,0.22208319139599855,-0.013710266798895117,-0.7436460899559707,28398.414359375,2.066776594694496e-06,4.141046524047852,1.9279032130725682e-05
316,0.756245964128039,0.009825755253381726,0.5329498384109131,29672.488852539063,2.0814125673201154e-06,7.291251182556152,1.8343396732234396e-05
317,0.9246095602211739,0.007897246588968163,0.42834735701697463,41946.368498046875,1.7642584661867203e-06,13.15664291381836,2.347896406718064e-05
318,0.9549423851001487,0.021225543000206067,1.1512753391908894,44365.43224169922,1.6995300312736143e-06,58.11042404174805,7.403521885862574e-05
319,0.6709096674230896,-0.11069866004043587,-6.004305161229207,44929.026953613284,1.6722742760164377e-06,95.78466033935547,0.00014742168423254043
320,0.947963046547224,0.0030253659638843915,0.16409611882314437,39390.739788085935,1.763907382532462e-06,6.672279357910156,1.0280067726853304e-05
321,0.9908004401355867,-0.0025785091034135166,-0.13985856298754626,20757.86572290039,2.3913528695939528e-06,8.486950874328613,1.8463108062860556e-05
322,0.9812142155075305,0.0026441321009773007,0.14341796020900888,15877.807693603516,2.7205690221712395e-06,7.063725471496582,1.9368164430488832e-05
323,0.9852970990261241,-0.0016655474809628371,-0.09033944342744994,17710.922854003908,2.5952332853430535e-06,8.225106239318848,1.7978733012569137e-05
324,0.4294503279874086,-0.04324865111174921,-2.3458106809208186,20165.011490234374,2.4516626774107256e-06,14.681666374206543,7.286093750735745e-05
325,0.5926533598104732,0.03291441900607607,1.7852810128402086,31569.78403466797,1.965706004804802e-06,12.196246147155762,5.770294228568673e-05
326,0.5820619359634128,0.05172363918943269,2.8054947876444514,40742.549904785155,1.790410190386591e-06,23.25133514404297,6.79999211570248e-05
327,0.9308553168225298,0.01190558486793973,0.6457599815924691,36185.33418115234,1.8875199970650696e-06,15.838414192199707,2.9156679374864325e-05
328,0.9925515976371405,-0.004063885408398134,-0.22042550581349304,49253.21439648438,1.6311769611192723e-06,18.99989891052246,2.335496901650913e-05
329,0.9871989780676429,0.02690588900456941,1.4593778114259472,39418.3600444336,1.7820153079163382e-06,98.6235122680664,0.0001662140857661143
330,0.952812805507488,0.003654388550677664,0.19821435984822083,40664.90218457031,1.737487356154128e-06,8.738425254821777,1.3443821444525383e-05
331,0.4326676946907121,0.006937796825138482,0.376306716535885,19831.32791479492,2.4447499564789218e-06,2.6925580501556396,9.036166375153698e-06
332,0.7573693888492613,-0.006216264259551777,-0.3371707260373124,13554.862873535156,2.9457296685704234e-06,4.162413597106934,1.2358683306956664e-05
333,0.8722616618875401,-0.004199405973725023,-0.2277761533240203,14720.47389111328,2.850288312434458e-06,3.7813756465911865,1.4036895663593896e-05
334,0.8088600755946613,0.0026777457295068586,0.14524116640855947,17331.222856201173,2.610928329137691e-06,2.486959457397461,7.27378483134089e-06
335,0.9841142803715681,-0.0009395073671977272,-0.05095896311497906,19780.545584716798,2.4534663945624656e-06,3.780770778656006,7.940262548800092e-06
336,0.8186834386797988,0.013252352598576347,0.7188087830240727,24839.383201416014,2.1955661187166914e-06,5.645233154296875,2.098554432450328e-05
337,0.9505626127651904,0.0018165600167005112,0.09853037679022793,25433.025193847658,2.1802850985069645e-06,2.4751999378204346,5.494408924278105e-06
338,0.5230834694544849,-0.009464933449992455,-0.5133788317195686,34369.254429199216,1.898768151881e-06,5.7609429359436035,1.0201077202509623e-05
339,0.9765890333356936,0.006190321361141045,0.335763580921302,34178.526671875,1.933118232732038e-06,28.355653762817383,4.2928360926453024e-05
340,0.9851316599288416,0.005835256458166738,0.316504829020229,51725.32921972656,1.5860409299460503e-06,31.942398071289062,4.2752759327413514e-05
341,0.8387885314224596,0.02101538355633096,1.1398762722728306,49447.40746582031,1.5978181674704011e-06,16.71629524230957,2.8385984478518367e-05
342,0.5854945078572769,0.004465865321957988,0.24222893205926926,31292.816470703125,1.981941791599887e-06,1.8119312524795532,5.900022188143339e-06
343,0.9987013637801159,-0.00021045504951895877,-0.011415100594459342,17307.187534179688,2.6090706019103306e-06,3.8298280239105225,9.209815289068501e-06
344,0.8898903210923079,-0.004040720379888862,-0.21916903260787837,12802.028440185546,3.0294661495493867e-06,3.9568839073181152,1.1821951375168283e-05
345,0.9357847439834095,0.0021554328434978485,0.11691086904005601,17771.0064597168,2.612680442353248e-06,3.326899290084839,9.00058603292564e-06
346,0.9249920575106946,-0.001387705271169982,-0.07526925726930499,16636.200485839843,2.68268926408695e-06,2.1522762775421143,4.7153753257589415e-06
347,0.8716353595634371,-0.0032698766946503122,-0.1773584025958429,20109.847270751954,2.471452925975788e-06,4.03211784362793,9.17688612389611e-06
348,0.996891822856184,-0.00039762609730923515,-0.021567274865307098,50226.299358398435,1.632036187483438e-06,11.643731117248535,1.3506186405720655e-05
349,0.959008219698874,0.018399532386163115,0.9979922722649803,58653.570904296874,1.4833504140431398e-06,40.47505569458008,5.0254584493814036e-05
350,0.9369677087882158,-0.01985458096233348,-1.0769142363840365,56939.99283837891,1.5316915645961937e-06,28.350204467773438,4.5914446673123166e-05
351,0.8792828618748639,0.014699670934656241,0.7973114582334371,44241.93351513672,1.6763945254951751e-06,27.428468704223633,3.3958385756704956e-05
352,0.9961029976926468,0.0014848108131726026,0.08053627049979321,30639.655811523437,1.990828395103203e-06,25.14889907836914,4.451530548976734e-05
353,0.3175391665718982,-0.020017572985667025,-1.0857549382189395,24136.26790917969,2.23623346838441e-06,10.676279067993164,3.5260563890915364e-05
354,0.8916979636990747,-0.0029390673022824747,-0.1594152717462756,14601.382199707032,2.8485784232157125e-06,3.6083433628082275,9.781471817404963e-06
355,0.7287517866841535,0.008969452899609803,0.4865039226207183,15656.433487060547,2.718799417736184e-06,3.9655611515045166,1.8640150301507674e-05
356,-0.19730574197106807,-0.013729052509501037,-0.7446650285692048,23654.401591064452,2.2926785148894323e-06,5.368142127990723,1.5672168956371024e-05
357,0.7971180758027183,0.01977688451324257,1.0726999740784648,26321.928454589844,2.161735708539964e-06,13.68514347076416,5.06019132444635e-05
358,0.9791152634909615,0.003083665798341535,0.167258307026705,41377.480731445314,1.7427450703440674e-06,20.69953155517578,2.7185151338926516e-05
359,0.9593299434185796,0.014499226272089218,0.786439321917131,72144.28906933594,1.357955491642024e-06,35.49531173706055,4.0953975258162245e-05
360,0.8277239360912251,-0.03023377849604563,-1.639882833278716,59217.32339990234,1.4975973237333615e-06,29.367961883544922,4.580138192977756e-05
361,0.9164282943641786,0.009426328450099745,0.5112848930935692,39307.49517871094,1.7839668201730578e-06,18.15302848815918,2.5029610696947202e-05
362,0.997175518769311,0.0007086995968804048,0.038439929135146905,21404.33634326172,2.3532885702165747e-06,13.80819320678711,2.7995352866128087e-05
363,0.9770158264673343,-0.0026108444651334935,-0.14161243588171277,31368.167474609374,1.986406127896055e-06,14.803695678710938,2.3433171008946374e-05
364,0.5145914857340299,0.01282293839581088,0.6955173184929934,27325.25776220703,2.1070609717610368e-06,5.506400108337402,1.6625213902443647e-05
365,0.9308897949069115,0.001700573639990208,0.09223926540676977,16202.30080078125,2.722726941415317e-06,2.1691434383392334,6.176726856210735e-06
366,0.9287394322000594,0.009319901972801366,0.5055123115040479,19141.991474365233,2.5112714953360316e-06,7.511593341827393,2.8783602829207666e-05
367,0.9839081995797891,0.003062127378286584,0.16609006120825132,39000.135474121096,1.8086153093289527e-06,19.22146987915039,2.9127917514415458e-05
368,0.8650760555711186,-0.008217281233573214,-0.4457060645900596,53582.70300488281,1.5553792888990675e-06,15.922040939331055,1.4988764633017126e-05
369,0.9900214764446355,-0.0003202004246458463,-0.017367699497234757,35692.29110205078,1.8763062506402965e-06,21.40328598022461,3.412577643757686e-05
370,0.9928972301863088,0.0030931876728724304,0.16777477434771457,44908.4343894043,1.6873936160444642e-06,49.49461364746094,6.679314537905157e-05
371,0.9978555656578936,0.0005832770734639885,0.03163700031551623,44884.808536621094,1.650641797092893e-06,10.445867538452148,1.4117993487161584e-05
372,0.5096858602861961,-0.008877450756281258,-0.4815137181879823,26274.196876464845,2.144181459898872e-06,5.5422797203063965,1.0738231139839627e-05
373,0.7966178682924152,0.012359067554249332,0.6703569228105674,23946.60312573242,2.2382203438085923e-06,7.364120006561279,2.0131838027737103e-05
374,0.7688072952121712,0.014655910867425632,0.7949379082967665,28052.961446289064,2.0948047744624813e-06,13.118461608886719,3.194979944964871e-05
375,0.827009627262408,0.00690093842404458,0.374307513583998,26110.5125859375,2.1936732264542366e-06,7.705758571624756,1.66821828315733e-05
376,0.9510698998082845,0.007869231508666684,0.4268278165710021,46526.46393310547,1.6606375426684266e-06,23.167043685913086,2.988750748045277e-05
377,0.6730494664872211,-0.01563525880449725,-0.8480578274633611,42864.39686572266,1.7209842758766994e-06,23.556352615356445,3.5018802009290084e-05
378,0.9071700110044492,-0.016933764893797918,-0.91848891317865,53250.35136230469,1.5343787732998861e-06,19.22641944885254,2.4075732653727755e-05
379,0.8634124909623937,0.005980516499218515,0.3243837465598718,39524.80823144531,1.7635340502122777e-06,7.236956596374512,1.206130582431797e-05
380,0.9319391131318814,0.005505038409476911,0.2985937727043249,19251.933604492187,2.471645987054575e-06,6.228531360626221,1.837813397287391e-05
381,0.9279616284836917,0.007009600074593975,0.3802013311693516,18606.023707519533,2.5166242621755966e-06,6.257479190826416,1.8999735402758233e-05
382,0.997740181280889,0.000251997250429981,0.013668353264796628,20995.669708496094,2.3576593290971382e-06,3.8359482288360596,7.7628747021663e-06
383,0.8300193699296519,-0.01047080589635314,-0.5679374426279175,27116.109987304688,2.125681512548759e-06,7.251399517059326,2.3137334210332483e-05
384,0.65417683844708,0.02516286608290264,1.3648360932074817,50601.09991796875,1.6477957863938298e-06,14.754997253417969,3.184573870385066e-05
385,0.5969655950667437,-0.037680613474474656,-2.0437998245003883,39272.199735839844,1.8134862426374176e-06,7.987878799438477,4.1259947465732694e-05
386,0.981067813681942,0.008420491037810016,0.45672818243634344,48519.21165527344,1.6146519608262912e-06,14.601320266723633,2.2730811906512827e-05
387,0.8700961962734383,0.018493086411413593,1.0030666509111175,41221.075813964846,1.7444145059122015e-06,24.85724639892578,4.3348649342078716e-05
388,0.6181626579078839,0.007382456983582712,0.40042512305828043,31511.702216552734,1.9523522822642743e-06,4.992790222167969,9.914023394230753e-06
389,0.7815964318190228,-0.006476126096807102,-0.35126565519064373,20190.507204101563,2.4396366899734068e-06,4.40009880065918,1.118055297411047e-05
390,0.9146793829461151,0.007153984571114668,0.3880327590957964,21886.172097167968,2.3347111702436583e-06,4.04725980758667,1.6277359463856556e-05
391,0.7186321494846332,0.007708475723003915,0.4181084084661537,20123.315799316406,2.4308022285241877e-06,4.492455959320068,1.3422693882603198e-05
392,0.9931330319840447,0.00030358169506185815,0.016466298127265473,36255.97588916016,1.8747568654917195e-06,5.271948337554932,7.972758794494439e-06
393,0.9435287594009162,-0.012014395873808478,-0.6516619002236217,30006.89524609375,2.0746559053191754e-06,27.52851676940918,4.370536044007167e-05
394,0.8023772789855803,0.02400363870496907,1.3019594971780244,31903.456506347655,1.9869253895839992e-06,28.25686264038086,5.581570076174103e-05
395,0.46532108199588584,-0.19042058446514432,-10.328429428962457,49365.902256835936,1.601188248161523e-06,46.381046295166016,0.00013498285261448473
396,0.5139790827066681,0.07574420545249858,4.108372437078435,29933.861467285155,1.9997152260235544e-06,31.822240829467773,9.57064185058698e-05
397,0.9204932177921163,0.008038668473401525,0.43601809260043906,16975.200890625,2.6534484796372492e-06,8.515180587768555,2.686646803340409e-05
398,0.7826240818630681,-0.014728063979378772,-0.7988514995032069,13677.71190991211,2.919969549286322e-06,13.507479667663574,2.9412462026812136e-05
399,0.7144142475021835,-0.016284389391220812,-0.8832667281921716,12823.31296435547,3.0280994950756128e-06,15.355953216552734,3.925094279111363e-05
400,0.36325746554751,0.06959465991296501,3.774820540345918,12854.449664794922,3.0742042161298592e-06,16.250911712646484,0.00014077065861783922
401,0.8104666429240367,0.011562843525592725,0.6271696607153329,13956.202345947266,2.898383196531201e-06,7.666946887969971,3.0108954888419248e-05
402,0.5624812009665568,-0.009799043856259338,-0.5315010098564662,20311.644764404296,2.420326347518052e-06,7.332162857055664,1.6777661585365422e-05
403,0.6019201086409093,0.04987323970543166,2.70512895513966,28816.770868652344,2.0549475046502265e-06,10.957353591918945,7.981016096891835e-05
404,-0.2520635396764765,-0.02799569088895225,-1.5184887625135848,31399.15962841797,1.963446520647935e-06,11.980680465698242,3.45844091498293e-05
405,0.7429096185985875,0.02908198569929757,1.5774094895936632,24589.765843261717,2.2192086043621207e-06,14.119796752929688,5.0339611334493384e-05
406,0.7860285789506418,0.014206780294703144,0.7705770261065177,25205.15419140625,2.199239240335271e-06,6.66240930557251,2.3011889425106347e-05
407,0.966888360897814,0.004186715079723659,0.2270877981052203,34412.650283203126,1.9059301796256657e-06,13.502224922180176,2.0631880033761263e-05
408,0.9707633619932193,0.007898087572457212,0.4283929720361805,47617.29027832031,1.6716094648305796e-06,34.98466110229492,4.4652115320786834e-05
409,0.9964314196868032,-0.0018467084830778053,-0.10016563228660168,26787.753424316405,2.1490552370907105e-06,34.656673431396484,6.165797094581649e-05
410,0.9854807021774207,0.008269113924594574,0.448517474358762,41612.35059863281,1.7486708639895576e-06,22.73628807067871,3.630805076682009e-05
411,0.9948692461964571,-0.0008945239953423738,-0.048519061026715916,22212.255670898438,2.3146527542125443e-06,4.581982135772705,9.174154001811985e-06
412,0.9954541462897775,-0.0010041312703306278,-0.05446416936569533,15070.40064892578,2.7886511468627265e-06,7.141179084777832,1.7171541912830435e-05
413,0.5161984844720329,-0.008770758916826308,-0.47572674333149895,14186.50373461914,2.8888034619745833e-06,3.188457489013672,1.3653715541295242e-05
414,0.646485158251312,0.012748095358527469,0.6914578254975163,17168.95256762695,2.631200274571902e-06,3.555974006652832,2.210411912528798e-05
415,0.8061787474805082,0.00230108958706704,0.12481130375950857,14287.41039794922,2.8800923277182615e-06,2.0647776126861572,5.513107225851854e-06
416,0.42561046775749783,0.00762048072482272,0.4133355519424279,13775.437321533203,2.907821489803887e-06,2.1783013343811035,1.086407974071335e-05
417,0.905524623917731,0.0019141534200052522,0.10382385166111195,14557.264039306641,2.8474765118448013e-06,1.3692573308944702,5.093396339361789e-06
418,0.5125361564398732,-0.011210381128105514,-0.6080520689432313,19237.21407739258,2.499329435145087e-06,2.2116830348968506,1.577983857714571e-05
419,-0.09223721235814436,0.011362840900134907,0.6163215005311253,41275.779556152345,1.7594240947720546e-06,1.5655046701431274,1.1589450878091156e-05
420,0.7098427410779548,-0.03566463500208013,-1.9344529729458715,33472.008986328125,1.951207436513233e-06,30.87328338623047,8.042557601584122e-05
421,0.9966318923608652,-0.0057097325196950235,-0.3096963994389836,34633.27132568359,1.9153664715060873e-06,80.87406158447266,0.00011231473763473332
422,0.9822799027712509,-0.007511007151781419,-0.40739769560893674,32559.68817138672,1.936426117319888e-06,21.481382369995117,3.989598189946264e-05
423,0.7367718096751307,-0.00777729428359985,-0.42184113331055206,23212.78789404297,2.2390023610590433e-06,4.712372779846191,1.3165082236810122e-05
424,0.9877605957308848,-0.001165664131165896,-0.0632257260969786,13850.49121459961,2.937436767482149e-06,4.406686305999756,9.464614777243696e-06
425,0.9803722828990372,-0.0005398864671197297,-0.02928348997016488,14453.101105224609,2.876915383324942e-06,2.422529935836792,6.0271572692727204e-06
426,0.7072864446352572,-0.0057016138273298595,-0.3092560408433801,14069.198444824218,2.9061816197607094e-06,3.511979103088379,1.2141447768954094e-05
427,0.1603488825158495,-0.010016468915523343,-0.5432941643991007,11899.231790771484,3.1740787350157415e-06,2.0642051696777344,1.5598734535160474e-05
428,0.17389754844445934,-0.02116765724767704,-1.1481356108279202,12168.694358886718,3.1006316489699883e-06,3.9042510986328125,3.174052471877076e-05
429,0.07547397384880854,-0.02116051136486119,-1.1477480175087498,14559.991236083984,2.8474383092171013e-06,3.511098861694336,3.055136767216027e-05
430,0.8262487802932378,0.009785367401410294,0.5307591977296758,28638.3153515625,2.0986029485602016e-06,14.335674285888672,3.3040425478247926e-05
431,0.4908832012036371,0.01543686124667747,0.8372967262905245,48501.430475585934,1.6183574210103605e-06,15.536263465881348,2.448841587465722e-05
432,0.7762673669449973,0.02965136571217815,1.6082927121077464,66915.96393603516,1.404436167995579e-06,33.58342361450195,5.194293044041842e-05
433,0.9677607165033246,0.004119721062899822,0.2234540366772147,39212.49080908203,1.8082622570234729e-06,27.934070587158203,3.8214879168663174e-05
434,0.7604064737857177,0.009508976595625183,0.5157677358539344,55926.81608056641,1.4979975394783519e-06,6.272275447845459,9.863892955763731e-06
435,0.7898159428873113,0.005722904716585335,0.31041086056926587,45792.58170605469,1.6336553606874343e-06,4.990697860717773,9.038182724907529e-06
436,0.7985768757826421,0.005722566258899685,0.31039250259430873,17874.643841308593,2.5928456062859287e-06,4.410852432250977,1.2885718206234742e-05
437,0.2811270567225503,0.012016501987331644,0.6517761360083427,15334.948681152344,2.792967538507162e-06,3.6774911880493164,1.6010169929359108e-05
438,0.4879106399464389,0.003989023815695448,0.2163650063704249,20489.117381103515,2.429283335229931e-06,1.0035234689712524,6.254725121834781e-06
439,0.603648421192562,-0.012181530574802365,-0.6607273012630881,17069.68609814453,2.6692276281602443e-06,5.247650623321533,1.9377544958842918e-05
440,0.9086903700369404,0.005719684583387565,0.31023620025836285,20635.30618310547,2.438853695616812e-06,7.3974223136901855,1.678766966506373e-05
441,0.9853952984212745,0.00151655185266701,0.08225790730361211,30766.92860522461,2.0413470015164656e-06,7.694667339324951,1.178235197585309e-05
442,0.807806857045569,0.013944914067083636,0.7563733786416514,40337.66786767578,1.7920672274044408e-06,10.137118339538574,2.92637796519557e-05
443,0.9924404619196016,0.0028391769972708632,0.15399721272262623,35563.339197265625,1.9258806458789695e-06,12.552488327026367,2.209367994510103e-05
444,0.8167826391819655,0.01170384376798151,0.634817526396817,53356.794864746094,1.5525338775621062e-06,10.308070182800293,1.8622304196469486e-05
445,0.9963021788344708,0.0007461989409457375,0.040473896890781354,19626.00991088867,2.433770300539073e-06,5.351665496826172,1.1364899364707526e-05
446,0.8873931465468891,-0.0054611721279174885,-0.29621446169301757,17260.70199560547,2.611267196802874e-06,6.914820194244385,1.8689079297473654e-05
447,-0.04726408347028424,-0.012431726182723033,-0.6742979332780212,14823.24316821289,2.809893298654731e-06,3.138242244720459,1.6002120901248418e-05
448,0.01809247270071848,0.021550432360544373,1.1688973669769094,14680.600494384766,2.8513036700170987e-06,4.031052112579346,3.3959164284169674e-05
449,0.5232076953458219,-0.0074605266573436885,-0.40465962910313485,12021.245426513671,3.1367236281002863e-06,2.282485008239746,1.2508925465226639e-05
450,0.8791855850595721,-0.0014303354068246716,-0.07758151961685154,12502.217367675781,3.048122736867029e-06,1.082662582397461,4.179512416158104e-06
451,0.6458514265542651,0.0021021325268066452,0.11401985512455563,14340.791385986327,2.8649739069205665e-06,1.071667194366455,3.38356494467007e-06
452,0.7842203699129144,0.00233638643714074,0.1267258080452446,18238.83837426758,2.5543840809845758e-06,0.8969656825065613,3.817579454334918e-06
453,0.9764403126610484,-0.005642479924390569,-0.3060486126912028,36097.59999169922,1.9362806251334106e-06,20.008935928344727,2.7085390684078448e-05
454,0.9793450351715839,0.0035291971364039437,0.19142396640903458,35410.16851367187,1.935338465513628e-06,19.83403205871582,2.9636816179845482e-05
455,0.9910509794215473,-0.007677929794157702,-0.41645159457013314,43890.94030761719,1.7411563190309895e-06,48.40392303466797,6.610809214180335e-05
456,0.8578242089261944,0.0507367009112062,2.7519631676988685,59813.24958496094,1.4656737998710359e-06,46.52546691894531,7.65798831707798e-05
457,0.9809340486181951,-0.0011665457943824426,-0.06327354758822017,48823.687110351566,1.583946041637717e-06,4.46189022064209,6.477825991169084e-06
458,0.7242550007281569,0.007715270558815723,0.418476960964618,15614.824918212891,2.7413526435509894e-06,3.005070447921753,1.5034779607958626e-05
459,0.7152974225465158,0.005800358121577687,0.3146119401413265,13898.021410644531,2.9327936434915184e-06,3.982755422592163,1.2218734809721354e-05
460,0.6489175316876142,0.0027190233639541846,0.14748006897038704,17838.457747558594,2.5886717496823437e-06,1.5178595781326294,4.880675078311469e-06
461,-0.3177192346568842,-0.009014209260747875,-0.488931511627496,16214.416353515626,2.723812717511518e-06,1.9429787397384644,1.0646800546965096e-05
462,0.4633252696712951,0.0066896037790010665,0.36284470365009447,16674.147373046875,2.6755501027407027e-06,1.6121939420700073,9.02655938261887e-06
463,0.8784811951229692,0.0029238925516300754,0.15859219192191923,17499.517462158205,2.622533657659698e-06,1.2174625396728516,5.5352406889142e-06
464,0.7431650140411586,0.008263909438341311,0.44823518256172856,30388.344784912108,2.0205248125657233e-06,2.2214858531951904,9.064988262252882e-06
465,0.991211786637357,-0.00562220778544192,-0.3049490500725219,38803.08393554688,1.8240696907939492e-06,30.337303161621094,4.1309507651021704e-05
466,0.9894547279626966,0.005104533541813871,0.27687035307911706,30697.239009765624,2.026757110968022e-06,26.717954635620117,4.317810817155987e-05
467,0.9933431108162951,-0.007204647158814778,-0.3907807023563371,55863.962333984375,1.5046960659032226e-06,39.860694885253906,5.0826311053242534e-05
468,0.5034985484499405,0.008248212177962325,0.44738376176335304,42411.26670654297,1.6961854718986256e-06,3.5610127449035645,1.1394274224585388e-05
469,0.7087298413225589,0.012252405301453282,0.6645715527370928,15211.627386230468,2.7927073101506613e-06,3.34869384765625,2.4315149858011864e-05
470,0.2706116708596743,0.012424551705408814,0.6739087889907175,12982.418159667968,3.0136888796987205e-06,2.9727256298065186,1.954058461706154e-05
471,0.5579591391075125,-0.012346299172801577,-0.6696643646657867,15381.00596484375,2.7997756407397927e-06,3.999785900115967,2.3352295102085918e-05
472,0.22073056145805123,0.0059991413071139406,0.3253939577957852,13376.497279052734,2.9684996992977693e-06,1.8415976762771606,8.401525519730058e-06
473,0.9574263922582167,-0.00032076205649029843,-0.017398162458404497,13809.937830810546,2.9319173330980846e-06,1.003597378730774,2.5466486022196477e-06
474,0.948561405214143,-0.0005530092092370773,-0.02999526866916529,15784.847893066406,2.7532717296252986e-06,1.1459883451461792,2.3065988443704555e-06
475,0.5999569642650417,-0.003690726594810839,-0.20018533859230048,24886.948275390627,2.239169116072563e-06,2.4958627223968506,4.003612502856413e-06
476,0.7216958605367351,-0.022634957623056066,-1.2277221136251868,37315.08344628906,1.8640634760438299e-06,7.295323848724365,3.0316494303406216e-05
477,0.17504710260630219,0.05097929707479967,2.7651216051779364,69942.77307617187,1.3944552371588535e-06,31.526817321777344,4.9140009650727734e-05
478,0.706146520908477,-0.014779918035570536,-0.8016640681206514,41993.21323828125,1.7322755854089024e-06,13.268001556396484,1.7940079487743787e-05
479,0.8078564370839436,-0.007000515696371176,-0.37970859368698484,40023.23183300781,1.7418682394174815e-06,6.3437299728393555,8.889620403351728e-06
480,0.994300306289425,0.0006718175271846958,0.03643944239619388,14677.782680664062,2.8261874319267358e-06,4.973895072937012,1.3185472198529169e-05
481,0.9464073979259953,0.0032990076416695873,0.17893846775178457,17639.149130615235,2.5934041335296748e-06,6.3118743896484375,1.660007910686545e-05
482,0.43012613590373144,-0.013278173809357544,-0.7202093277922397,16425.71907373047,2.7061290442094815e-06,4.332221984863281,2.3348186005023308e-05
483,0.9868964415874522,-0.0004554703041739554,-0.024704749787751355,13471.618572998046,3.016953164830901e-06,3.260012149810791,8.678657650307287e-06
484,-0.06113160521677117,-0.005976933467113994,-0.3241894025800064,12242.762867919922,3.065340424090621e-06,1.2077133655548096,6.3262659750762396e-06
485,0.042407605599356225,-0.009171767328188637,-0.49747747521171903,14958.717512939453,2.792941585084896e-06,2.901986598968506,8.477405572193675e-06
486,0.012583595146090528,-0.012503522540299695,-0.6781921740953675,19076.235037353516,2.500574178733605e-06,3.8973007202148438,1.2203420737932902e-05
487,0.9201585411933265,0.011466751030161999,0.6219575952209595,54931.217955566404,1.567237299895192e-06,29.06842041015625,3.360398841323331e-05
488,0.9751312980874891,0.005949517559145864,0.32270236129465846,87706.07736230468,1.2447719585987814e-06,21.877540588378906,2.3356777091976255e-05
489,0.9549567736613466,0.019660466857393477,1.06638547007618,40282.585466796874,1.7848398682219614e-06,63.265071868896484,8.120123675325885e-05
490,0.6449284082209427,-0.02184264453901385,-1.1847469815135028,55560.18808984375,1.4854922021160853e-06,17.41161346435547,2.7932621378568e-05
491,0.7718272446810481,-0.0075495796363580295,-0.40948987060130054,19038.893415283204,2.48916093681397e-06,6.714639186859131,1.902601434267126e-05
492,0.9988240669354479,9.05412020284424e-05,0.004910962846747138,18498.86124658203,2.5427999228828035e-06,17.122255325317383,3.7440644518937916e-05
493,0.9632940620547381,-0.0027651992346197133,-0.14998465230012215,18263.09791845703,2.5549656550150434e-06,4.390778541564941,1.2389154107950162e-05
494,0.8935288696411898,-0.005542313956140012,-0.30061560166896767,19800.637533691406,2.4505752606786677e-06,4.0981974601745605,1.4733963325852528e-05
495,0.9737074508659135,0.0011281603076016085,0.061191515372922625,18086.093201416017,2.581513140947325e-06,3.6454415321350098,8.016124411369674e-06
496,0.8994521494258473,-0.012294288582529728,-0.6668433056259232,27036.066244628906,2.1559487485963626e-06,12.423380851745605,2.5948706024792045e-05
497,0.9698671145646699,-0.007931453801592048,-0.4302027592705686,50234.57469775391,1.6641848388946916e-06,27.3127384185791,3.2246818591374904e-05
498,0.9464166937685261,0.010208555248454872,0.5537129441729578,75001.42925634766,1.346922072147832e-06,27.107091903686523,2.8771935831173323e-05
499,0.9901260510484059,0.00985952765054596,0.5347816562353224,68958.47804443359,1.3845452684944315e-06,43.89146041870117,4.288175477995537e-05
500,0.3043800044964357,0.0420408583923711,2.2802998964541583,42637.89037744141,1.7041759015435805e-06,10.26052188873291,5.07868971908465e-05
501,0.7079690010520281,-0.023469016446762588,-1.2729615383672797,35383.89867871094,1.8627423914191446e-06,21.68517303466797,3.5547254810808226e-05
502,0.9188971349204837,0.007442167109886115,0.4036638056169511,18034.645697509764,2.5619598796707934e-06,8.510571479797363,2.5460227334406227e-05
503,0.9965422969786942,0.0004686963487405085,0.025422131620779817,21713.95794873047,2.3895995962764874e-06,6.291903018951416,1.2947177310707048e-05
504,0.4412327279098267,-0.010616061326476483,-0.5758161100703921,17529.1768034668,2.603677009161457e-06,3.9125308990478516,1.574331326992251e-05
505,0.7433439049876096,0.005148812586348441,0.27927205239088926,19442.990744628907,2.5144541353483016e-06,3.157034158706665,1.1126428944407962e-05
506,0.43242609946365607,-0.012152684948653973,-0.6591627119365469,26097.25502709961,2.1671170889456358e-06,6.872706413269043,1.2004120435449295e-05
507,0.9898037350143462,-0.007155222977651233,-0.3880999303764287,44674.2160415039,1.708028837643573e-06,37.92148971557617,5.35585822944995e-05
508,0.6859449829614602,-0.011038582016556747,-0.5987336698606222,29935.102099609376,2.011512986982589e-06,23.565227508544922,2.9427064873743802e-05
509,0.9933358010867629,0.002672167462644971,0.14493860071808673,54621.9371484375,1.5537695937186e-06,55.22239685058594,6.473778194049373e-05
510,0.8276719023994146,-0.009714353987174853,-0.5269074238287575,47046.23617578125,1.6098413022034765e-06,9.527140617370605,1.732000964693725e-05
511,0.8494628007494099,0.012906418462389484,0.7000452847252365,40926.8313125,1.7175994257239817e-06,15.989479064941406,2.6639827410690486e-05
512,0.9935312420036744,0.0011284838809476857,0.06120906601997814,20184.752682128907,2.4527929567121763e-06,7.777093410491943,1.686322684690822e-05
513,0.9894966672513077,0.0011443791531258673,0.06207122699594422,21656.07746875,2.3445106686824065e-06,5.938629150390625,1.2678586244874168e-05
514,0.7549505030552086,0.018700720956230453,1.014328767079804,21859.725876464843,2.358482060775522e-06,8.199440956115723,4.169663225184195e-05
515,0.7081454093461693,-0.01441630896206852,-0.7819418796506155,42966.388006835936,1.7546208154496135e-06,17.422426223754883,3.186953836120665e-05
516,0.8843248996521923,0.014248238647667194,0.7728257308567574,34461.64381054688,1.9395209404960026e-06,23.55535125732422,4.429651016835123e-05
517,0.9651573857082237,0.017396713380380555,0.9435992802450264,38692.50179248047,1.8434928501882958e-06,36.92107009887695,6.561663758475333e-05
518,0.23747992728941725,-0.12007923462634779,-6.513108360661906,54635.76471484375,1.5113556139833558e-06,31.595552444458008,9.283531835535541e-05
519,0.9980403377576508,0.0008582459261307229,0.04655133532771126,21653.38838745117,2.3571913272688246e-06,7.339613914489746,1.5610185073455796e-05
520,0.9487661217399714,0.007369246867828897,0.3997086052054709,15007.992662353516,2.816180104379462e-06,10.934185028076172,3.223063322366215e-05
521,0.74087331772916,0.040703641491544144,2.2077691328804594,15571.46394580078,2.7412535876155535e-06,14.025814056396484,8.446922583971173e-05
522,0.800175845644363,-0.01261430818669383,-0.6842011974041541,16879.924612548828,2.637412637260099e-06,10.832721710205078,3.290209861006588e-05
523,0.8439088074620107,0.01180449966821345,0.6402771113732751,15224.948143554688,2.7598838381184593e-06,6.274779796600342,2.8752285288646817e-05
524,0.04389420746299277,-0.01437256756300738,-0.7795693422771164,19177.140626464843,2.4803393855793945e-06,6.02426815032959,1.8433267541695386e-05
525,0.2443897878557067,0.04826966110181067,2.618150709127999,20510.837289550782,2.412855481631759e-06,9.614315032958984,7.50129038351588e-05
526,0.6188039195224592,-0.021134149297331716,-1.1463181366224766,18331.679464111327,2.545493063321931e-06,11.018197059631348,3.5209337511332706e-05
527,0.7002038341261057,-0.014721170407009588,-0.7984775915250935,22731.5367565918,2.310064685781454e-06,10.922110557556152,2.4552597096771933e-05
528,0.6953473205327343,-0.02076365251239929,-1.126222358072167,29344.937751464844,2.0850521717497406e-06,12.288349151611328,3.1293406209442765e-05
529,0.9079178346026459,0.010706233083109598,0.5807070341660545,33693.740564453125,1.9282579818700805e-06,10.18527889251709,2.302500251971651e-05
530,0.9404614070572463,-0.0086474659613003,-0.4690393224635535,41685.512383789064,1.7647558903386295e-06,17.868431091308594,2.6041163437184878e-05
531,0.9769587614752356,0.011509361299712329,0.6242687800292395,55267.68939697266,1.5594304303768463e-06,73.6022720336914,8.226690988522023e-05
532,0.8428974507641618,-0.04348872389243306,-2.3588322498865506,41546.63207128906,1.774850882037776e-06,34.697933197021484,6.653321179328486e-05
533,0.6512629459998056,0.02375244820180125,1.2883349019564438,37600.55879638672,1.8054373475968185e-06,21.408510208129883,4.154868656769395e-05
534,0.9583508142052511,-0.009798798898505184,-0.531487723326105,16835.244634277344,2.6323010585443428e-06,16.687210083007812,4.3618631025310606e-05
535,0.5977127352082363,0.028942285511270725,1.5698321389763397,33626.45053173828,1.8919286371379944e-06,14.81668472290039,4.352898758952506e-05
536,0.25410033168865787,0.034998152912871644,1.8983029251798051,27759.04277050781,2.073021513434056e-06,11.98521614074707,6.19005732005462e-05
537,0.03159202649817373,0.04094131318908704,2.2206604668831806,27317.6215703125,2.1087986962059425e-06,8.172968864440918,5.550694913836196e-05
538,0.6080045480751038,-0.017352308965082316,-0.9411907808118881,47588.93603125,1.6750632899762696e-06,13.988656044006348,2.318390215805266e-05
539,0.20796032181720953,0.039029653179263,2.1169718580119508,45509.74890917969,1.6805853374818575e-06,21.450807571411133,4.821073162020184e-05
540,0.9769004047656005,-0.000733196454562942,-0.03976864087351328,43494.11661328125,1.711585807541595e-06,57.76845169067383,8.102919673547149e-05
541,0.9712591856886428,-0.004004110170158926,-0.2171832915776361,41051.04061279297,1.7121381190892868e-06,12.054733276367188,1.678288754192181e-05
542,0.4919654717906069,0.014544033675598587,0.7888696794666653,19602.397252197265,2.4380688343936935e-06,5.8234734535217285,2.2901098418515176e-05
543,0.9922889487647574,-0.0011410823396798078,-0.06189240754155738,12264.386712158202,3.1006824391330915e-06,4.511502742767334,1.20521390272188e-05
544,0.6859403901012806,-0.010190320753882532,-0.5527239035663857,13191.41308203125,2.9744454359693233e-06,3.85032320022583,2.1535195628530346e-05
545,0.3257632963993241,0.00811444581639555,0.4401282624207157,15928.06501953125,2.713593669508558e-06,2.10921049118042,1.2507663086580578e-05
546,0.7470934972743785,0.0038125056712892662,0.2067906465261278,14293.755552001952,2.879691914966747e-06,1.1566108465194702,6.670838502031984e-06
547,0.9925643391066566,-6.0863889415974535e-05,-0.0033012627724611134,13508.99967163086,2.962722258293405e-06,1.1175086498260498,2.690444944164483e-06
548,0.3302126650703041,-0.013693996999149903,-0.7427636145714749,16093.12580126953,2.718064849062903e-06,3.18900728225708,1.7379297787556425e-05
549,0.7441927003424159,0.006470195127748789,0.3509439589016831,25466.305341796877,2.215962149737019e-06,4.205456256866455,1.0257929716317449e-05
550,0.811430587321107,0.014901548791116827,0.8082613311139346,48641.17209228515,1.6658070834142512e-06,24.15237045288086,3.553197529981844e-05
551,0.7623099828796065,-0.014962258546519773,-0.8115542336438273,33777.03376660156,1.9711874345228084e-06,22.69808578491211,3.0115124900476076e-05
552,0.9227931167519305,0.016065701047284803,0.8714050529766271,47088.409280517575,1.6391670553098581e-06,18.533493041992188,2.9518043447751552e-05
553,0.7183704581647752,-0.008744689308554925,-0.4743127254613828,27425.081048339845,2.0753441369872274e-06,4.79544734954834,1.3431963452603668e-05
554,0.7515739636395733,0.009135935492037846,0.4955339532336036,14548.524002929687,2.8351071414647646e-06,3.938218116760254,1.697966035862919e-05
555,0.7441641115605379,0.005780754248652566,0.31354862433116765,15847.089621582032,2.7365402353800877e-06,4.082893371582031,1.1281394108664244e-05
556,0.5715459374891557,-0.005214656810698978,-0.28284344897293145,18101.43233300781,2.5608328990877447e-06,1.5806190967559814,9.405107448401395e-06
557,0.09107164115157453,-0.010674277550457405,-0.5789737632342896,16994.438509521486,2.6444761480294002e-06,2.5594112873077393,1.1859612641273998e-05
558,0.8489529813080149,-0.0032753588262022433,-0.1776557538985576,23268.474566894532,2.2844868717088664e-06,3.568943738937378,5.578306627285201e-06
559,0.4835909177685713,0.01668925478601092,0.9052266631963837,24740.76603955078,2.2484758183910725e-06,3.3883233070373535,2.1107542124809697e-05
560,0.9748795947000026,-0.003741492847399949,-0.20293890464563588,47267.30208984375,1.6680828209695689e-06,12.697916030883789,1.5497260392294265e-05
561,0.9069463076691487,0.020052322282241724,1.0876397431542149,42951.77279736328,1.723593958875944e-06,42.92213439941406,5.2627081458922476e-05
562,0.8278892254535175,0.022634863367597846,1.2277170012007537,52689.69582861328,1.56058018183804e-06,28.197097778320312,4.175527283223346e-05
563,0.9377185663623617,0.002729133664241885,0.14802845255675426,49053.37705273437,1.570891075561194e-06,4.481605529785156,7.892692337918561e-06
564,0.9937941582175047,0.0005567080104497197,0.030195891975746573,29992.182830566406,2.0114645715983988e-06,5.158109664916992,9.017567208502442e-06
565,0.9417020293538245,-0.002679678641748495,-0.14534600774037346,20863.704569580077,2.3921724698011154e-06,4.409145355224609,9.201219654642045e-06
566,0.8573580005502386,0.020975060085218645,1.137689123615115,22004.936467529296,2.333946543958006e-06,7.593205451965332,4.4557244109455496e-05
567,0.9429366493922677,-0.007132454860942714,-0.38686498570217076,29698.99719189453,2.061922697714786e-06,21.744956970214844,3.366896271472797e-05
568,0.606932722232411,-0.03577789200732674,-1.9405960429785098,42862.4559296875,1.757236055805823e-06,21.141845703125,4.9182752263732255e-05
569,0.9803072993096326,0.0003437118854996779,0.018642963224014583,23990.53832470703,2.243154930198466e-06,6.122098445892334,1.0748618478828575e-05
570,0.9881093726344694,-0.02444425381919855,-1.3258585001426244,47926.87912841797,1.6255812482263095e-06,86.62224578857422,0.00010847341764019802
571,0.5690291928932635,-0.008107096557932758,-0.43972963798837633,40842.324921875,1.7377236843852677e-06,5.576370716094971,1.1037734111596365e-05
572,0.9753746249230865,-0.004142367538950322,-0.22468238355136835,19383.87315234375,2.488076424626612e-06,9.939597129821777,2.0268771550036035e-05
573,0.9118894936336168,0.007912655537260213,0.42918313974212485,27790.515822998048,2.0804408111072034e-06,8.339645385742188,2.1870424461667426e-05
574,0.9857211130105279,0.0022052794765029782,0.11961455484540606,28022.75978564453,2.0761518421148146e-06,9.402294158935547,1.767536195984576e-05
575,0.8984024749546285,-0.004032673002515646,-0.21873254214377788,29534.9633984375,2.018139814516749e-06,6.1963725090026855,1.1266482943028677e-05
576,0.9357306296558595,0.016299950098129755,0.8841107423181926,69963.54444042969,1.366543730740969e-06,44.70191955566406,5.339634662959725e-05
577,0.9712733732376568,0.006856763112785913,0.37191144077433225,19984.785619628907,2.472208417304832e-06,29.710744857788086,7.325322803808376e-05
578,0.6915507999378991,-0.053223390696337136,-2.8868414427004234,48124.01696972656,1.6509180976013172e-06,51.28963851928711,5.18645865668077e-05
579,0.4597494438551586,-0.027110654957157886,-1.470484334897161,39690.83392138672,1.7596324590910179e-06,11.505090713500977,3.341926640132442e-05
580,0.9931425781391542,0.0015591125474144452,0.08456640317017618,30380.064807128907,1.9860703317514148e-06,8.792917251586914,1.4843421922705602e-05
581,0.9525951540369706,-0.0033540028512815253,-0.1819214128099743,23201.716643554686,2.2642844632055903e-06,5.166254997253418,1.0339735126763117e-05
582,0.6710100003253635,0.011448550920833843,0.6209704196730889,21623.47543359375,2.3312048814013674e-06,7.5583319664001465,2.3017453713691793e-05
583,0.8333858459200312,-0.007044905990099601,-0.3821163271649213,21135.180178710936,2.3870973599153256e-06,6.959371566772461,1.4565502169716638e-05
584,0.6505943975567746,0.01625522423297067,0.8816848074160264,23307.73209814453,2.275171671172433e-06,9.13135814666748,2.8587577617145143e-05
585,0.9812988810247153,0.0057211535036380086,0.31031587462332755,46418.94500976562,1.6744684412896704e-06,28.77635955810547,4.022357825306244e-05
586,0.98049092806599,0.009132645996402792,0.49535553069793625,52768.0755024414,1.5883513777699297e-06,35.23603057861328,4.105309926671907e-05
587,0.9833237456576891,-0.005821914475786912,-0.3157811587099022,59474.655182617185,1.5087441137809723e-06,20.01541519165039,2.501321978343185e-05
588,0.4202419178921395,0.05949733435665679,3.227140704562837,58072.34622167969,1.4737780235603773e-06,24.703025817871094,7.786793139530346e-05
589,0.8696672405450402,0.023875177665944783,1.2949917590017122,35248.143899902345,1.8523316282720426e-06,19.64208984375,5.6238106481032446e-05
590,0.9805309916933437,0.003190400283610362,0.17304759499592404,30582.815635986328,1.997629820475587e-06,8.973109245300293,1.6891948689590208e-05
591,0.6827989563045582,0.013586493467366423,0.7369326134509362,18014.241829101564,2.5640285270576166e-06,4.824986457824707,2.0967965610907413e-05
592,0.9315727839681164,0.004397811651919275,0.23853769494669014,14361.610970458984,2.870368895304362e-06,2.198042631149292,1.2618072105397005e-05
593,0.8725967139233333,0.007600289511677872,0.4122403787465391,19065.874641845705,2.4916850368912444e-06,6.988845348358154,2.0753926946781576e-05
594,0.9817709202403822,-0.001024407807594315,-0.055563970549374904,24893.7097109375,2.210414877699898e-06,3.152574062347412,6.021814442647155e-06
595,0.9829647680681707,0.0026641858432084184,0.14450567697031635,57207.488231933596,1.5241049479007215e-06,10.120330810546875,1.5222342881315853e-05
596,0.9669842059240356,-0.009096805436859484,-0.49341153556223516,23391.02538330078,2.2755207767710423e-06,37.2470703125,6.63912360323593e-05
597,0.975557027714279,-0.06403406115564828,-3.473213169435685,47313.34827392578,1.6846953608402838e-06,277.4057922363281,0.0003313944034744054
598,0.43911226229461225,0.029492345113297763,1.599667420688225,36451.95820947266,1.8483971181255662e-06,12.81822395324707,3.321889016660862e-05
599,0.6462048357314857,0.008081018440131727,0.4383151585606155,25739.88680102539,2.158820199373475e-06,4.2351861000061035,1.3740971553488635e-05
600,0.7702966590942188,-0.004904818859584239,-0.2660378109612034,13544.48762939453,2.973964527890054e-06,2.923297166824341,1.1109330444014631e-05
601,0.6530178848834969,0.011970473810384071,0.6492795635989989,11524.335860351563,3.1705874714302306e-06,4.401893615722656,2.488184327376075e-05
602,-0.12556904415884967,0.014166859246721229,0.7684117049151686,14207.191048339844,2.868787671387799e-06,3.2004919052124023,1.8254777387483045e-05
603,0.2476034009122789,-0.008326805678101904,-0.4516466801975489,13973.857745361329,2.8953469841471917e-06,2.1252763271331787,1.2593512110470328e-05
604,0.9767812995668612,-0.00034706203439336037,-0.018824675597821784,18105.263106933595,2.5532165696074487e-06,1.7049732208251953,4.158400315645849e-06
605,0.8520066965094886,0.0013947061347777741,0.07564898473373838,18939.1310378418,2.5336698553934494e-06,1.2390270233154297,3.4492345548642334e-06
606,0.7262506490128626,0.003347182254709937,0.18155146304560957,26376.9265703125,2.1910540497915783e-06,2.052812099456787,5.591341960098362e-06
607,0.946261594519531,-0.017177623899465897,-0.9317158473241005,42659.790412109374,1.7576192579237402e-06,41.42336654663086,5.0306069169892e-05
608,0.8741235928847161,0.023030058228681725,1.2491524055970713,22880.459314941407,2.3155172485139656e-06,31.380815505981445,7.553044997621328e-05
609,0.8268315491187314,-0.022624679244254254,-1.2271646134452725,48709.90427880859,1.6293989510066237e-06,12.749441146850586,3.0055791285121813e-05
610,0.9350846911622522,-0.002329087722947596,-0.12632992513858407,39836.51708642578,1.738530283647724e-06,3.7650258541107178,4.858110060013132e-06
611,0.9164492553037487,-0.0058524709925179465,-0.3174385468937368,21120.407954101564,2.413354397115907e-06,8.852755546569824,1.8778971934807487e-05
612,0.6468870903319042,0.01526993600448673,0.828242686315161,23614.477102783203,2.259857292334155e-06,5.064584255218506,2.2087055185693316e-05
613,0.31012818541728393,0.024150590284953047,1.30993016393972,30793.565782226564,2.0293639063707355e-06,3.7641119956970215,3.21851039188914e-05
614,0.6659961505627869,0.010203558047968724,0.5534418955743595,27471.571252197267,2.126225184995336e-06,4.109277248382568,2.0152911019977182e-05
615,0.8133012137664906,0.01708925241853247,0.9269225703424256,46773.64326220703,1.659545082330887e-06,16.7888240814209,3.337104499223642e-05
616,0.4306738404982017,-0.016660144702853104,-0.903647729698142,29956.644305664064,2.0191665911318154e-06,16.83844566345215,2.0619134375010617e-05
617,0.9639702476888762,-0.03618913399242295,-1.9629018448077762,42058.77661767578,1.7399931357897088e-06,72.64090728759766,0.00010125072003575042
618,0.6144924823259457,-0.011547548555305914,-0.6263400601673188,42509.34949658203,1.6883722543461785e-06,6.521841526031494,1.4346045645652339e-05
619,0.9631617133694492,0.005305648968940417,0.28777887172475963,17955.471236328125,2.5759916100999345e-06,12.623091697692871,3.081832983298227e-05
620,0.5704701940150233,0.007486792788298649,0.40608430638107823,13489.029074707032,2.9551834966149048e-06,2.886598825454712,1.55672496475745e-05
621,0.9401745200169929,0.0018811325594882144,0.10203279725125497,14625.992759765624,2.8454534913674938e-06,3.096834897994995,7.894501322880387e-06
622,0.20182385554346438,-0.04153537043918973,-2.2528821849378904,15900.291517578125,2.7592879189500796e-06,3.9003193378448486,6.410360219888389e-05
623,0.8366457528996715,0.007301541821012701,0.3960362774474723,18833.213327148438,2.5336318436340382e-06,2.262840509414673,1.3996552297612652e-05
624,0.15873329325280902,-0.006124406322012641,-0.33218834333941316,16140.208724121094,2.7183858892726434e-06,1.6187831163406372,8.398484169447329e-06
625,0.936425169686293,-0.003304855914461831,-0.17925567858792224,22712.89722998047,2.3322374713035562e-06,5.677038192749023,1.0287246368534397e-05
626,0.5823380951518898,-0.05690265957141136,-3.0864053135556677,36597.084482910155,1.8874348849757115e-06,29.91656494140625,6.782748096156865e-05
627,0.8353494877199168,0.033795080772551764,1.8330481853409033,67199.00167773437,1.4002853492878341e-06,37.08561706542969,4.2312465666327626e-05
628,0.945947679798787,-0.03195221209790454,-1.7330908246049186,84706.80998242188,1.2805097879459364e-06,69.42366027832031,7.746725168544799e-05
629,0.37218824716812615,-0.08647039849410022,-4.690162101167452,58793.61971484375,1.4870899195917102e-06,32.68483352661133,9.24941195989959e-05
630,0.9905241976434316,0.003380942176668405,0.1833826042137491,49585.822805664066,1.5689169168734151e-06,39.65719985961914,5.3307048801798373e-05
631,0.8570547190058454,0.02784829682706809,1.5104940954942883,35722.02012451172,1.8125456229222473e-06,31.57021141052246,8.131730282912031e-05
632,0.919399001785289,0.01659181164288939,0.8999413384511946,18708.104611083985,2.5027837878577815e-06,20.328826904296875,6.748476153006777e-05
633,0.6406770909386731,-0.02199559855134717,-1.193043220739418,17113.721622314453,2.6244651675172068e-06,6.894261360168457,4.7186040319502354e-05
634,0.810699074337207,-0.01424297857950852,-0.7725404242922335,17080.73693310547,2.648146579864993e-06,9.881877899169922,4.6830944484099746e-05
635,0.73791380126278,-0.0154192823828147,-0.8363432471519224,16824.764322265626,2.6670517989455582e-06,8.8892183303833,3.763997301575728e-05
636,0.7448406806975623,-0.013393708336075064,-0.7264759307919217,17032.402349853517,2.6410318140246984e-06,9.329181671142578,2.791652877931483e-05
637,-0.18744551146518965,-0.022876224656361275,-1.2408084589592654,29599.26814501953,2.0313962810776375e-06,4.722357749938965,3.053361069760285e-05
638,0.8777494368733754,-0.011827372249467278,-0.6415177222137571,30664.46867236328,2.018515748632104e-06,14.33033275604248,2.8420827220543288e-05
639,0.9923805824793437,-0.0034032875797958707,-0.1845946208657933,45118.9333671875,1.6708623235034692e-06,38.29072570800781,4.6864744945196435e-05
640,0.9776609889459595,0.0063994219213902494,0.34710521389736165,76138.65938671875,1.3177927969600005e-06,27.422025680541992,3.164175359415822e-05
641,0.9796206677210036,0.016266739307885955,0.8823093861030723,61516.56260546875,1.4572989130228908e-06,93.27710723876953,0.00010379957529949024
642,0.6514828979904853,0.01575347389822736,0.854469824656097,36233.13731494141,1.8399222121894784e-06,7.786077499389648,2.2367048586602323e-05
643,0.9775432119240375,0.0032330040478116247,0.17535842695349238,17367.566529785156,2.6156277541837054e-06,7.8329877853393555,2.1276719053275883e-05
644,0.4798426251982842,-0.025768621434915956,-1.3976923173497362,14341.096365966798,2.8841232710672416e-06,8.202467918395996,3.995620136265643e-05
645,0.6918660061177865,0.0040157965076870646,0.21781715956402764,18073.001405029296,2.5546712823868028e-06,1.844361662864685,8.5137380665401e-06
646,0.5389252310768982,-0.010709802420938455,-0.5809006353671905,13098.236482910157,3.0145455026467492e-06,2.9053969383239746,1.98821635422064e-05
647,0.7795756199365493,0.003673224421088166,0.19923601913371453,13472.63053466797,2.94121008999152e-06,1.6118758916854858,7.832413757569157e-06
648,0.5910091018467378,-0.002938667766648158,-0.15939360089795326,14719.230155029298,2.8229013260112207e-06,1.6680727005004883,4.586493560054805e-06
649,0.7204141785904287,0.006018266650592004,0.3264313181261963,19512.678802246093,2.469168467286685e-06,2.7888851165771484,1.0641003427735996e-05
650,-0.11673589159141932,-0.06319797437289268,-3.4278637480144925,33295.35770605469,1.9509451904233344e-06,19.730487823486328,8.270749094663188e-05
651,0.9716136031848811,-0.00968421453007838,-0.5252726569965765,60332.87301464844,1.5009819318923135e-06,49.75562286376953,5.316205715644173e-05
652,0.8852587742549467,-0.030606897497981164,-1.6601208411123782,38380.35168212891,1.8288965459988516e-06,24.92770767211914,8.144330786308274e-05
653,0.886292044337831,-0.06519305485951352,-3.5360770909629022,45052.69273095703,1.6561503421499263e-06,56.70756912231445,8.450431778328493e-05
654,0.5465743952214246,0.024907681994625886,1.3509948855745801,34377.48185839844,1.8633507816772118e-06,10.141332626342773,2.8358661438687705e-05
655,0.8058389503751028,0.015165012743811459,0.8225516393289065,16743.50550390625,2.661737125913512e-06,9.049845695495605,3.413543527130969e-05
656,0.5917738549768153,-0.02050499465474027,-1.112192732879168,16952.142577392577,2.66082036029462e-06,9.651477813720703,3.826036845566705e-05
657,0.8614591746885706,0.010951212932878063,0.5939947629951537,16313.93433544922,2.7294127305952447e-06,7.629238605499268,3.202418884029612e-05
658,0.3638893886126767,-0.02378329900987494,-1.290008252528865,18255.552974609374,2.5386987817744533e-06,8.298473358154297,3.683808245114051e-05
659,0.517996850243135,0.02030140649973849,1.101150093253758,15235.901787841796,2.781396014308593e-06,8.658831596374512,3.4703010896919295e-05
660,0.7253828442231861,0.01726640915104019,0.9365315672621182,22186.274888916014,2.3521212459956705e-06,7.781785011291504,3.169701449223794e-05
661,0.9175605477997065,0.004540120537201398,0.24625654153504184,26160.817123535155,2.1464691734326475e-06,6.076627731323242,1.3127999409334734e-05
662,0.5789324990606349,-0.029536986639421947,-1.602088781033641,39049.150046875,1.7625144032676015e-06,26.853452682495117,4.98178051202558e-05
663,0.6839979298770562,0.02185080155110174,1.1851894185742735,27023.674704345704,2.1590906209296577e-06,8.99150562286377,3.460947482381016e-05
664,0.8703553507751496,-0.021031910352997427,-1.1407726871931811,50010.66586914063,1.634638290431466e-06,29.39834976196289,3.380700945854187e-05
665,0.9849683909178877,-0.02141171747105324,-1.1613734590397518,56053.35198681641,1.5106819607927074e-06,96.8528823852539,0.000126817831187509
666,0.8463699834815299,0.01499979700743129,0.8135903231006759,42642.2904790039,1.7091619483857444e-06,8.765045166015625,2.289471922267694e-05
667,0.7961215582664922,0.024771225234892322,1.343593458796211,26554.87211816406,2.1313699670287187e-06,7.095540523529053,4.217655805405229e-05
668,0.9877218339997417,0.0029638929043790453,0.1607618146108831,17932.9746550293,2.588917228143746e-06,7.867669582366943,1.956602318387013e-05
669,0.9981743026557995,-0.0006184795322429997,-0.03354638480903736,16692.883401123046,2.679219898906983e-06,5.397200107574463,1.2606620657606982e-05
670,0.48256326071846983,0.007786286478862662,0.4223288707809746,25586.448053710938,2.159817983212915e-06,3.8181405067443848,1.1949267900490668e-05
671,0.5927463550746723,0.0037844131232665436,0.20526690422406835,34609.98952539062,1.9151598014932955e-06,2.633493661880493,6.0381594266800676e-06
672,0.8510838778995024,0.01406277800670141,0.7627663292041181,42139.40015478516,1.7560202728125581e-06,12.252663612365723,2.5017736334120855e-05
673,0.9287187037893646,-0.01316975862426429,-0.7143288785151368,41680.67691040039,1.7818341209855194e-06,21.604114532470703,3.233849929529242e-05
674,0.9584190459657905,-0.21603505266687695,-11.717760461240767,53784.08234179688,1.592580306313401e-06,744.7864379882812,0.000787033059168607
675,0.7948760929716794,0.07957666477435382,4.3162453713850555,39677.844738769534,1.7509611492310907e-06,56.216434478759766,0.00013189336459618062
676,0.8652474637894801,-0.029402401363131644,-1.5947888636836014,23095.435538818358,2.285018073219564e-06,33.052738189697266,7.790614472469315e-05
677,0.9367320643701557,0.01440988699143694,0.7815935513926728,14090.569423583984,2.8972357869898384e-06,17.48341941833496,5.181919550523162e-05
678,0.9944368755036737,-9.672933437269471e-05,-0.005246607695197803,13129.360563964843,3.0028642428386937e-06,11.062820434570312,2.6126683223992586e-05
679,0.8217592459732991,0.0074428220967987626,0.40369933216531856,11730.766038330079,3.182142465432443e-06,6.999149322509766,2.361510632908903e-05
680,0.10842239026846101,0.10602613141967777,5.750866793471539,11362.585123046874,3.215881919581891e-06,23.15728759765625,0.00015561675536446273
681,0.6346355643514924,0.09985647072798849,5.416223849097946,10186.611431640626,3.3789188862738877e-06,12.776752471923828,0.00019100509234704077
682,0.4679145196349603,0.010371198531332799,0.5625347302945467,10752.269223876952,3.2829756022056875e-06,3.026461124420166,1.974903352675028e-05
683,0.5543415789853154,0.005949808333779124,0.3227181329366151,11291.130869628907,3.1993383436606072e-06,2.2754151821136475,1.124803748098202e-05
684,-0.03275396557228804,0.01535383804561179,0.8327935404843158,13455.564056884765,2.963083745324888e-06,2.921595811843872,2.1510388251044787e-05
685,0.7933397441520573,0.01214829496920428,0.6589245990609449,14044.14162548828,2.8670135373665295e-06,3.334969997406006,2.1743309844168834e-05
686,0.6992850300649857,0.03851258932756592,2.0889262687311425,19299.614366699217,2.4742766278407588e-06,5.516074180603027,5.314361260388978e-05
687,0.4478049104949012,-0.02074600088517426,-1.1252649322423276,50181.04664550781,1.6264480758340278e-06,10.678783416748047,3.083380215684883e-05
688,0.9827675045270535,0.01087439933474962,0.5898283866042675,46772.549755371096,1.681182290854965e-06,85.19113159179688,9.867722110357136e-05
689,0.9380073483292969,0.01262758193718195,0.6849211668106093,44042.443584960936,1.6945795575773935e-06,17.20076560974121,3.143557842122391e-05
690,0.9414799928156794,0.0027525306328979606,0.1492975062165499,38291.172212890626,1.7726084885921424e-06,5.282323360443115,8.626614544482436e-06
691,0.9914968033721887,0.0008848128254261565,0.047992326307178944,14532.410165039062,2.8263357428979187e-06,4.003409385681152,9.924267942551523e-06
692,0.9734107326924145,-0.001979523119626648,-0.1073695099796623,19907.802068115234,2.4431924779647353e-06,8.049284934997559,1.8008850020123646e-05
693,0.9640985823416126,0.001797198849497418,0.09748022536000746,16866.381274414063,2.642524087949403e-06,4.9683966636657715,1.1695568900904618e-05
694,0.8358530239511663,-0.014645956586313997,-0.7943979872043785,19057.10510205078,2.496103297847488e-06,6.289267063140869,3.449321593507193e-05
695,0.4026802013452396,0.00814889245433356,0.4419966511246316,20282.08651147461,2.4514674750653613e-06,2.1499907970428467,1.1257715414103586e-05
696,0.6908047162694027,-0.007471346104636023,-0.4052464768860735,20642.837311279298,2.451004930965708e-06,3.622591972351074,1.4232448847906198e-05
697,0.9402322657623694,-0.003606667497536786,-0.19562596568366272,40773.287420898436,1.7668151217974013e-06,7.43000602722168,1.0319558896298986e-05
698,0.6937164487288489,0.03445414736114596,1.8687960156944443,35752.54420166016,1.8861792628521992e-06,8.6082181930542,4.902958607999608e-05
699,0.9169475574844892,0.022058207747341577,1.196439149095843,53406.86827050781,1.5712990953591728e-06,36.6233024597168,4.8060279368655756e-05
700,0.6450026389324832,-0.04867559268635853,-2.640168474359452,44861.22687451172,1.6652607312537706e-06,30.584800720214844,6.6167522163596e-05
701,0.8185305414768682,0.009839868420598745,0.5337153378553642,24677.822146972656,2.170186262913019e-06,10.939542770385742,2.138272611773573e-05
702,0.8044981755910178,0.021437242129448548,1.1627579187801462,15660.135911621093,2.7684187144549693e-06,15.438440322875977,5.274572686175816e-05
703,0.6631390685690646,-0.012259846145106232,-0.664975144758288,18832.13189404297,2.5017272722348225e-06,5.29437255859375,2.542164656915702e-05
704,0.5388339100224833,-0.015483317286804334,-0.8398165060367485,21433.63265893555,2.3931819571175977e-06,4.697634696960449,2.56485836871434e-05
705,0.40101140162695564,0.014248558352449653,0.7728430716725784,34368.09785107422,1.8981136706305274e-06,4.9302239418029785,1.7179636415676214e-05
706,0.742651052310939,0.011310404415222772,0.6134773409281125,41857.63117626953,1.7483723933724512e-06,6.215750694274902,1.720726868370548e-05
707,0.8303680943990539,-0.021098680289652342,-1.1443942944929044,44443.86084912109,1.7181381679315922e-06,20.399303436279297,3.937254587071948e-05
708,0.8543797366897902,-0.04072201713841046,-2.2087658296000043,59154.596330566405,1.4807265814901081e-06,30.141258239746094,4.716235707746819e-05
709,0.47599914449243064,0.08116406035404193,4.402345848739995,45804.002546875,1.6514282845075706e-06,26.40763282775879,9.308007429353893e-05
710,0.8412065044711441,0.012319510483431696,0.668211343772965,43932.32902441406,1.656770935632439e-06,12.349120140075684,2.3045360649120994e-05
711,0.4563053965964288,-0.029166147549307152,-1.5819744358198105,26707.802063964842,2.1266015813832996e-06,15.25972843170166,4.466059908736497e-05
712,0.5643791751780455,0.018912134007975517,1.0257958298001697,13717.94337890625,2.9532139049814617e-06,6.995312213897705,3.72567810700275e-05
713,0.8055067671037027,0.005819811414426573,0.3156670884747643,13962.416760742188,2.89945196164062e-06,3.9046132564544678,1.7770602426026016e-05
714,0.6894028328391775,0.002542249559015009,0.1378918420760533,14897.427059570313,2.825340108983294e-06,1.9204187393188477,5.936421530350344e-06
715,0.852475494778641,0.0033627402194961265,0.1823953284386488,17820.477705810546,2.602835417019931e-06,4.055325508117676,1.0061071407108102e-05
716,0.7959942824244166,0.012457286652617607,0.6756843354373192,22595.542923828125,2.3006354739756675e-06,2.493666648864746,1.764548142091371e-05
717,0.27475552298662187,-0.01452918032336387,-0.7880640323210548,39697.57123535156,1.814678749129043e-06,4.632899761199951,1.2474238246795721e-05
718,0.9016163673047,0.013825511861339053,0.7498969923877215,41936.874965820316,1.7545447441363412e-06,23.0184326171875,3.907024802174419e-05
719,0.9853021800905442,-0.01051536047633341,-0.5703540870067583,35641.69896289062,1.9039152728163693e-06,36.81806564331055,6.179038609843701e-05
720,0.7567438491617029,-0.01920641501125727,-1.0417576575784906,38083.070033447264,1.843044451463089e-06,10.8533935546875,2.602107633720152e-05
721,0.48969021325185375,0.021236282481043596,1.1518578495862106,46229.10794335938,1.6171009767717375e-06,8.381477355957031,2.4073111489997245e-05
722,0.9126936609484813,-0.0047966517337984,-0.2601708164429862,18595.48876977539,2.518498248830198e-06,5.2044758796691895,1.1378068847989198e-05
723,0.9419166912145397,0.0029026428466370734,0.1574396060340912,21774.6590625,2.3237875096215706e-06,4.186678409576416,1.0610576282488182e-05
724,0.4229114610280608,0.02055326667961477,1.1148110117995371,23521.79163183594,2.264448687385106e-06,4.508434772491455,3.5479031794238836e-05
725,0.4241160413407314,-0.02469124852790619,-1.339255515099697,54671.57045458984,1.5655601929474789e-06,18.201828002929688,3.60310405085329e-05
726,0.967761136636774,0.009079840013362485,0.4924913294836046,38142.53264697266,1.832905754052136e-06,33.34730529785156,5.911424523219466e-05
727,0.9809218538224206,0.00444782193443598,0.24125025711609577,36861.68774316406,1.8851444083639911e-06,30.856294631958008,4.307958806748502e-05
728,0.970355080536061,0.04460934539465859,2.4196148597857072,40404.098540039064,1.743008626103305e-06,81.00358581542969,0.00012752224574796855
729,0.7075845761631311,0.015463350701054647,0.8387335166507417,37336.51106201172,1.8141493371381054e-06,7.402430534362793,2.185126686526928e-05
730,0.9055504158140744,0.002991035471599905,0.16223402986980034,16077.659942382812,2.7122428073883528e-06,4.063205242156982,1.1033842383767478e-05
731,0.4006759474166026,0.004984764075690658,0.27037404658960223,21801.53939794922,2.3190767737045255e-06,2.4467172622680664,4.5129745558369905e-06
732,0.8030603024799623,-0.007393760328311485,-0.4010382174811879,24692.924255371094,2.211083635321749e-06,4.206324577331543,1.564141894050408e-05
733,0.5835890476603334,0.008274941416382235,0.4488335580313637,25869.426353515624,2.177531947280987e-06,2.999738931655884,1.1677014299493749e-05
734,0.8782165734622241,-0.012081412644754989,-0.6552968958372639,33869.752126464846,1.9251338647608296e-06,10.660436630249023,2.1600539184873924e-05
735,0.7941773920550486,0.015728516324087165,0.8531161236161116,53955.305386230466,1.5721058546467239e-06,19.717708587646484,3.411310899537057e-05
736,0.7917304450786028,-0.040407868847890244,-2.191726398395753,67059.57141503906,1.4260569656035926e-06,38.35762405395508,5.15115461894311e-05
737,0.4203367963891632,0.055003078799571115,2.9833718836264715,39618.43543457031,1.7768146333498116e-06,31.74689292907715,6.847979238955304e-05
738,0.9961920265052505,0.0004165545249088853,0.022593954460968128,40618.48410205078,1.7375061898750937e-06,7.615844249725342,1.1354378329997417e-05
739,0.9194309136119933,0.004836692364713503,0.2623426238232616,27969.839728515624,2.06702576635327e-06,7.286169528961182,1.5059907127579208e-05
740,0.9313414064263821,0.0055368172149699146,0.30031745793926495,29907.956372558594,2.0054310184185516e-06,7.272242069244385,1.3726566066907253e-05
741,0.9801365918465079,-0.003713516273871665,-0.2014214528104644,21809.763600097656,2.3522977447573696e-06,12.241328239440918,2.430684799037408e-05
742,0.9981515581264712,-0.003318322515828455,-0.17998610824317104,27672.730127441406,2.1149141970615835e-06,17.865625381469727,3.6285036912886426e-05
743,0.9716493856940908,-0.004867096889901539,-0.2639917679722925,40443.596489746094,1.802559503146929e-06,23.53374481201172,3.146745802951045e-05
744,0.8347484531617263,0.015445121188289508,0.8377447462578349,59368.15116943359,1.5065254983549206e-06,21.994516372680664,3.584725345717743e-05
745,0.9690775517575971,-0.016808141837655437,-0.9116751074461311,49226.683994628904,1.6050828496263148e-06,37.8303108215332,5.3527135605691e-05
746,0.9440597048802026,0.0058831717497317085,0.3191037586941768,33019.01800048828,1.8916334374102501e-06,10.023416519165039,1.8661434296518564e-05
747,0.6884621631499676,-0.008348393820367188,-0.4528176229531111,20287.964557128907,2.409489023020402e-06,5.7314677238464355,1.3063384358247276e-05
748,0.9819920985140811,-0.0019745047953189294,-0.10709731562310415,14536.733211181641,2.8497142226514155e-06,6.419951915740967,1.468830305384472e-05
749,0.8020866583412407,-0.0076627752997024175,-0.4156296134437089,14940.861514160157,2.8180895896374973e-06,5.400357246398926,2.1599809770123102e-05
750,0.8787438891579755,0.0031803826368350372,0.17250423694430458,15406.691337646484,2.7851473591532983e-06,3.5774648189544678,1.0557715540926438e-05
751,0.9979623221591056,0.00024567475849801524,0.013325420740364401,26103.068166992187,2.158349828409083e-06,5.976986408233643,1.0831466170202475e-05
752,0.4893979154036107,0.023120082920909335,1.254035352906306,50070.67079589844,1.5808113702962516e-06,7.642651081085205,2.616590791149065e-05
753,0.987560952202798,0.003914378514191389,0.21231623858119764,37188.34548388672,1.8464467562978172e-06,14.711332321166992,2.5330764401587658e-05
754,0.8415998533935675,0.015776315205643064,0.8557087392008191,51017.001276855466,1.5918170532797185e-06,17.402263641357422,2.3209609935292974e-05
755,0.9949556697752524,-0.0029737858872159453,-0.1612984108794003,44462.03202832031,1.6853046872686504e-06,26.979482650756836,3.763395216083154e-05
756,0.9898685555291069,-0.0017956952904802969,-0.09739867218525886,40386.11742285156,1.72304440133018e-06,8.484380722045898,9.7740521596279e-06
757,0.47558123688646303,-0.005549702091392721,-0.30101633478184814,18071.682308105468,2.566649984171017e-06,2.748913526535034,6.775961537641706e-06
758,0.9983079107386394,-0.0002658762465644262,-0.014421151248912155,13228.560899169923,3.0084760713625976e-06,4.644880771636963,1.2112586773582734e-05
759,0.7843906915751185,-0.006188622622351724,-0.3356714411783587,15520.865854736328,2.746053489315045e-06,5.277765274047852,1.2570791113830637e-05
760,0.2874982342534578,-0.0105518418798432,-0.5723328415761694,13455.62831274414,2.9786111892792087e-06,2.9333271980285645,1.5159964277700055e-05
761,0.9560823251756635,0.0029087444711191975,0.15777055868840983,16041.479571533204,2.715254901560434e-06,3.0915982723236084,9.549650712870061e-06
762,-0.10414334139346024,-0.012801575831052337,-0.6943586110814497,15138.097458740234,2.7945625954593378e-06,2.1397154331207275,1.4928384189261124e-05
763,0.7845393408783411,-0.004991596374163021,-0.2707446310661053,17944.83707836914,2.559963684134732e-06,4.504785537719727,7.269510206242558e-06
764,0.7414149248729395,-0.021465583654134684,-1.1642951655985616,49501.97552441406,1.620982560008289e-06,30.63463020324707,3.742246190086007e-05
765,0.7139322230046168,0.018081473195171532,0.9807407134714992,53423.998491210936,1.5453173829454059e-06,13.998865127563477,3.716750870808028e-05
766,0.9869505810456367,0.0015927896218757862,0.08639305068270675,48508.2381015625,1.6302746176408387e-06,13.640976905822754,1.7400099750375375e-05
767,0.9771995812549086,0.006073529095276208,0.32942875803846183,45717.262830566404,1.6810946328527651e-06,38.03976821899414,4.573996557155624e-05
768,0.900872725063942,-0.0035246337550378713,-0.1911764481980738,39173.648924804686,1.762160676085711e-06,4.555174350738525,8.166153747879434e-06
769,0.9662121935822218,0.0034961333136293614,0.18963058172250927,14162.414731445313,2.8807226631854498e-06,6.110167026519775,1.7852720702649094e-05
770,0.9496766427347492,0.002316815847462775,0.12566429752137032,15007.938417480469,2.8082336431179555e-06,3.2821767330169678,7.885396371420939e-06
771,0.9925786081090491,0.000671974490423751,0.036447956096233594,18613.118427978516,2.531850306316623e-06,3.532083034515381,7.819402526365593e-06
772,0.9214286100794822,-0.0015693489706762028,-0.08512162767786802,16259.799762695313,2.6920222453856244e-06,2.2791121006011963,5.46230876352638e-06
773,0.9788786686982641,0.0019030913926665312,0.10322384631489294,19226.733224853517,2.4949541605930213e-06,3.486123561859131,8.32119803817477e-06
774,0.6270741848955971,-0.009163735167041888,-0.49704181007709475,24667.31307324219,2.2190248263590415e-06,4.931276798248291,1.1643822290352546e-05
775,0.9645276499814489,0.007993468006343821,0.4335664152491016,41363.59417333984,1.7491255626014208e-06,18.27483367919922,2.869316995202098e-05
776,0.9802462285383495,0.0033891766626337584,0.18382924346452034,32335.599791992187,1.9662060039044336e-06,14.344518661499023,2.5467146770097315e-05
777,0.9799729624182819,-0.033949207923014785,-1.8414080556832595,36504.94227197266,1.8661436100044302e-06,184.59083557128906,0.00023397471522912383
778,0.7104249635265035,0.02669608622872137,1.447998090213383,36081.580185546874,1.8347025908188696e-06,13.727828979492188,4.870865814154968e-05
779,0.6655739143407502,0.0076740791695448785,0.4162427363488296,16072.217990722656,2.706412097168207e-06,4.3307390213012695,1.4342279428092297e-05
780,0.9642551762183937,0.0014958009395791216,0.0811323759330579,11558.060101318359,3.195647124845261e-06,2.6943764686584473,8.073459866864141e-06
781,0.7487428927040456,0.005679142420282913,0.3080371897275421,12154.623625,3.0761214424197617e-06,2.990349054336548,1.2888541277789045e-05
782,0.9947067727612225,0.00019870862123106913,0.01077797327991713,12690.063930908203,3.0646742928268663e-06,1.4745287895202637,4.015520516986726e-06
783,0.7001133671333425,0.011039924111119693,0.5988064651890229,12560.369625976562,3.07874647111472e-06,5.15212869644165,2.3811167920939624e-05
784,0.36003215060200505,-0.006397701635253085,-0.3470119054243557,12640.597509033203,3.0427536066942087e-06,1.2868621349334717,1.006558977678651e-05
785,0.9688682504237107,-0.0005785102499831462,-0.031378447386165194,13694.047620605468,2.9418934984760144e-06,1.4815497398376465,3.5837883842759766e-06
786,0.49815482573183667,0.006213985147851618,0.3370471068160926,14902.947572021485,2.8265022303901266e-06,1.2506179809570312,9.387983482156415e-06
787,0.25230930439429056,-0.002180585365786031,-0.11827514408491833,19805.785045898436,2.474492258116301e-06,0.9615353941917419,2.043686436081771e-06
788,0.7928218754610251,-0.017475881192284038,-0.9478933494003504,33572.543725097654,1.955170372022599e-06,15.388248443603516,2.5992409064201638e-05
789,0.9906393233502625,0.0033012931713949697,0.1790624350872631,32585.941419921874,1.94166357119426e-06,45.53140640258789,7.318075222428888e-05
790,0.983079378603848,0.0060068183631728726,0.325810361998879,41851.24407714844,1.773364753592243e-06,55.883304595947266,7.486138201784343e-05
791,0.918588998934248,0.008180691778176132,0.4437214492766761,36348.66165869141,1.8166522073518972e-06,7.8831048011779785,1.5415331290569156e-05
792,0.9976422201558811,0.00016708976980081048,0.009062963967559658,25950.62087451172,2.1555271221763055e-06,7.061006546020508,1.3556086742028128e-05
793,0.6500672144886604,-0.011346843763728196,-0.6154538144303483,12945.582503173828,3.0242178811829415e-06,5.129708766937256,2.0124840375501662e-05
794,0.884798047225178,-0.004086529857894263,-0.22165374276715744,15937.58824194336,2.713712903768888e-06,4.854402542114258,1.1587401786528062e-05
795,0.7594773451979483,-0.006723963096359386,-0.3647083560780056,16129.185151855469,2.7326119604753135e-06,5.607110500335693,1.612439336895477e-05
796,0.9849490371841154,0.0023517592577558285,0.1275596312019848,12778.941197265625,3.046205156480128e-06,4.470016002655029,1.3910366760683246e-05
797,0.8485727875557182,0.014225722597535781,0.7716044582960494,16754.295084960937,2.6538125320202378e-06,4.898478031158447,2.860906533896923e-05
798,0.9228571342889608,-0.00397335630906709,-0.2155151994181286,28286.40351855469,2.076923806008461e-06,6.266663074493408,9.876924195850734e-06
799,0.9523433023475809,0.0054303142968873674,0.2945407301948151,58025.786150390624,1.4782477060392123e-06,11.718971252441406,1.8672719306778163e-05
800,0.8068070181199505,0.012741139389796988,0.6910805331352192,62147.00574511719,1.4435187884686453e-06,15.039005279541016,3.2838466722751036e-05
801,0.9957813314361449,0.00017955976329928137,0.009739337523445642,44726.25325732422,1.7102274114911698e-06,47.23483657836914,6.7797394876834e-05
802,0.9533647684783519,0.006500061503284305,0.3525639137657223,56993.66900927734,1.5106535827774974e-06,10.820862770080566,1.8235903553431854e-05
803,0.9001286917237628,-0.003075045614044118,-0.1667907474641157,25982.239666503905,2.138940131446606e-06,5.399773120880127,8.11136396805523e-06
804,0.9886375798953716,0.002400618799562781,0.13020977709299755,25693.403376708986,2.158704962885274e-06,10.86050033569336,2.3032234821585007e-05
805,0.730571194219892,0.013299677918545336,0.7213757125862087,23681.2354206543,2.254773220900531e-06,4.51126766204834,1.9727371181943454e-05
806,0.7492494393815129,0.003958372851656706,0.21470249535622432,22293.625328125,2.3074042638542882e-06,2.408190965652466,7.805568202456925e-06
807,0.8668632377682081,0.0012778845992238174,0.06931257426035843,34101.92705908203,1.9196898875433787e-06,1.4278335571289062,2.789103291434003e-06
808,0.9266198128878455,0.006328365446765289,0.34325110439708795,34272.17496240234,1.9291377801791946e-06,10.151701927185059,2.0348823454696685e-05
809,0.8950584698278489,-0.016468122005402406,-0.8932324015184224,35837.25652294922,1.8907193546111784e-06,31.180057525634766,4.063575033796951e-05
810,0.6923679518064317,0.03563360671720406,1.9327699960159126,37572.18882128906,1.8515903572723538e-06,10.054975509643555,4.339943188824691e-05
811,0.8329641820959804,-0.007244489404187588,-0.392941749287163,33601.635466308595,1.8960260249934696e-06,7.491815090179443,1.3702327123610303e-05
812,0.6314535979472414,0.011805024017979197,0.6403055521511817,14376.378162597657,2.88341477298256e-06,4.366726398468018,2.248177770525217e-05
813,0.9913933231454803,-0.0014756136586462985,-0.08003741602069891,19753.52300366211,2.471542790591164e-06,8.535734176635742,1.797654840629548e-05
814,0.7761957884050591,0.008532894506754074,0.46282495658405537,17994.378491455078,2.582559743676391e-06,2.792634963989258,1.745341796777211e-05
815,0.33991874738598216,-0.008059169310419943,-0.4371300598227545,13523.918079833984,2.958426891560506e-06,1.8046562671661377,1.1590706890274305e-05
816,0.9601400817113969,0.0006681489921902415,0.036240460731977654,13342.085996582031,2.9713305775657224e-06,0.9334223866462708,2.7843132102134405e-06
817,0.41608749734458794,-0.008861066617072392,-0.48062504102081366,14948.20176147461,2.8234380334394794e-06,2.4007720947265625,1.2863583833677694e-05
818,0.47127055384306954,-0.013142167733908442,-0.7128323461695238,17623.836618896483,2.6067155503063013e-06,3.6846795082092285,1.8387114323559217e-05
819,0.388666905145737,0.010329780711949774,0.5602882240893449,28920.600712402345,2.075484061079636e-06,2.61836576461792,1.2095550118829124e-05
820,0.9405781951746082,-0.006395160918465535,-0.34687409671994024,44418.93481542969,1.72465981390368e-06,21.838581085205078,2.6074178094859235e-05
821,0.4024658037188522,0.02402394095252348,1.3030606928901585,39955.02820458984,1.7828343899419765e-06,18.857650756835938,4.467253165785223e-05
822,0.8791679756541567,-0.06400550256869701,-3.4716641491407128,58444.35894482422,1.470203187634201e-06,86.16875457763672,0.0001256504183402285
823,0.5263132942879892,0.016127419720752732,0.8747526793120527,44546.0869675293,1.6664148643367127e-06,6.17264461517334,2.1444622689159587e-05
824,0.6214576555028251,0.008071172003208697,0.43778108694660434,16775.93932373047,2.671634563891903e-06,4.107400417327881,1.2852139661845285e-05
825,0.9076612519325951,0.008271412490342026,0.4486421487692365,19357.193368164062,2.4933833471497545e-06,9.237443923950195,2.5528213882353157e-05
826,0.25964620158567897,-0.027925354507441432,-1.5146737109278354,20985.409521972655,2.379802828498123e-06,5.877851963043213,4.32168526458554e-05
827,0.7924145368585225,0.0034058728185555756,0.18473484444593635,25439.345970214843,2.224883252636341e-06,2.8079111576080322,7.502998414565809e-06
828,0.9854453114039985,0.009501803299307653,0.5153786556239964,40331.10912451172,1.7728624550466932e-06,39.4844856262207,5.170554140931927e-05
829,0.9520431037979832,0.011320918823452895,0.6140476433652002,42082.296728759764,1.7598696690591283e-06,21.039791107177734,2.588813913462218e-05
830,0.9899818969253462,0.004468064717716202,0.2423482274807116,52652.15565087891,1.5815210970197477e-06,22.26132583618164,2.9375933081610128e-05
831,0.9805322997304468,0.007486026851407461,0.40604276189601174,33997.79355126953,1.927510988416411e-06,34.64518356323242,5.2987266826676205e-05
832,0.6681674356883476,0.028068184940799365,1.5224208463301825,35310.46551367187,1.8404834342000131e-06,14.033652305603027,4.8114907258423045e-05
833,0.9568428056852606,-0.0024753845335703227,-0.1342650771519196,23697.147924316407,2.2352914486664005e-06,6.357278347015381,1.2579705071402714e-05
834,0.776168035456576,0.010534386458732647,0.571386057983421,15676.839748535156,2.77573754445736e-06,6.226528644561768,2.3626553229405545e-05
835,0.8787059258793942,0.004308733414107481,0.23370608340910526,17099.925115478516,2.645851844228786e-06,5.241635322570801,1.4668597941636108e-05
836,0.132651387871217,-0.015028207927466668,-0.8151313339290037,18478.29802709961,2.542895163018333e-06,4.981379508972168,2.3052811229717918e-05
837,0.9008048072819949,0.00832318922821451,0.4514505236341698,23716.668693359374,2.2557758469003248e-06,4.254820823669434,2.0640663933590986e-05
838,0.9499564696039852,0.007034827730079243,0.38156968144550296,53642.40888818359,1.5488084734363023e-06,15.683835983276367,2.6988853278453462e-05
839,0.8537444842095828,0.009788034738625833,0.5309038743373615,37706.83602050781,1.799643082124936e-06,18.151212692260742,3.6134828405920416e-05
840,0.9815570417267123,0.005887320243821133,0.31932877338237053,43977.76744580078,1.6873344889579575e-06,24.262304306030273,3.3074727980419993e-05
841,0.8076127563417768,-0.004490689265983822,-0.24357538498997255,38486.11307519531,1.7561646797513656e-06,3.488532304763794,7.890997949289158e-06
842,0.9199013075972712,-0.004473893344119519,-0.24266437269496743,16295.48407006836,2.6965432031914333e-06,7.062151908874512,1.527450149296783e-05
843,0.6045227890892726,0.017435286424374325,0.945691485580227,17736.285583984376,2.592517139444521e-06,5.939413547515869,2.7030782803194597e-05
844,0.8420172678854498,0.003636205719856711,0.19722812148811666,19338.44157446289,2.5133342021732715e-06,4.031741619110107,1.0513948836887721e-05
845,0.46266325540140013,-0.004760050289580194,-0.25818555085487926,24640.71703076172,2.2404064732947906e-06,3.786592960357666,6.267217941058334e-06
846,0.988335016787214,-0.002425734897637545,-0.13157207648528613,48503.411234863284,1.666791759910381e-06,15.415922164916992,1.8599486793391407e-05
847,0.8509369658573985,0.013247056432886472,0.7185215185262476,36066.2733491211,1.8593453654360842e-06,15.240875244140625,3.160155756631866e-05
848,0.9987258333672068,-0.004040004069389871,-0.21913017986273622,32841.29085986328,1.9704233053017025e-06,37.94955825805664,6.868309719720855e-05
849,0.3413879384112997,-0.03619996671775852,-1.9634894127929607,54767.70233789062,1.508757230127907e-06,7.741288185119629,3.696044223033823e-05
850,0.9934849288216209,-0.0010182889599321926,-0.05523208370824206,25622.942197753906,2.168117309908136e-06,4.366936206817627,8.229981176555157e-06
851,0.8091661639665192,0.009833195059684512,0.533353374166143,25812.311478515625,2.1827993885409042e-06,4.650010585784912,1.912302104756236e-05
852,0.5412317796804643,0.02680045719900701,1.4536591809198076,27799.26186279297,2.0903064202231836e-06,6.6599016189575195,3.714596823556349e-05
853,0.6739869326644751,0.021864643922544284,1.1859402300318442,31438.837966308594,1.9916456599568544e-06,11.337163925170898,3.917927460861392e-05
854,0.9742221923729518,0.002365764504048149,0.12831927700588655,44469.57032568359,1.6847499104587898e-06,6.717835903167725,1.1200014341739006e-05
855,0.9853898681278808,0.005403806156300982,0.29310292629294954,24907.23432470703,2.2044827140294577e-06,36.948482513427734,7.555801857961342e-05
856,0.8139016128453945,0.017460762507585374,0.9470733105983088,55612.29282128906,1.4989142542546278e-06,22.413341522216797,3.369817204657011e-05
857,0.8564205419728034,0.002792045934196536,0.15144081967172543,50109.795497070314,1.557365194937066e-06,5.3691511154174805,8.357487786270212e-06
858,0.5263792889320605,-0.01242178159056634,-0.6737585377154105,22163.22891015625,2.33219620465678e-06,8.962101936340332,2.2135865947348066e-05
859,0.675500845014347,0.009235472184089115,0.5009328322588493,21455.872290039064,2.387823359348503e-06,3.1563847064971924,1.2148993846494704e-05
860,0.502965103071708,0.006833127666212793,0.3706294520511164,25752.44682495117,2.1955987597136223e-06,2.647310256958008,9.534492164675612e-06
861,0.5379800640825131,-0.008959641447466908,-0.48597174858429165,23116.978276367186,2.305264100182904e-06,1.941710352897644,1.3024108739045914e-05
862,0.9321535169837205,-0.010265838721380312,-0.5568200048366887,37562.515637207034,1.8419720271816892e-06,18.25929069519043,2.859209052985534e-05
863,0.9720782001324203,-0.011170449605897926,-0.6058861796289509,51787.00580908203,1.5933268593454685e-06,43.570701599121094,5.892181070521474e-05
864,0.9551930317768818,-0.03424664405920405,-1.8575410181509617,55869.79655859375,1.5160016352505304e-06,87.90352630615234,0.00013453036081045866
865,0.7116586199412306,0.06594785400841648,3.577017463897805,33394.1769321289,1.9467012925747275e-06,53.10894012451172,0.00011527979950187728
866,0.8291990190760475,0.00877316957729113,0.4758574977694083,47757.880126953125,1.6195735188202798e-06,16.37708282470703,1.9620567400124855e-05
867,0.8550667333278412,0.005822057375157048,0.3157889095844415,17805.427283447265,2.5862200585054305e-06,5.51365852355957,1.2912501915707253e-05
868,0.8723602210367558,0.004887296672979522,0.2650874060021164,12586.179865722655,3.063163393027258e-06,4.253642559051514,1.3040031262789853e-05
869,0.553282790436009,-0.01099545886624341,-0.5963946663541637,14062.111218994141,2.9111665654884554e-06,4.103422164916992,2.2615702619077638e-05
870,0.41246502007111435,-0.010768063025320017,-0.5840606957279642,14210.247570068359,2.8992641854442386e-06,1.610069990158081,2.045261862804182e-05
871,-0.23644202404862666,-0.012099408361187875,-0.6562729850963256,16698.041534423828,2.6721850873182407e-06,3.8324341773986816,1.3432725609163754e-05
872,-0.32607616238296255,-0.011735184408449107,-0.636517445521828,26219.60855078125,2.1943983427068624e-06,4.278722763061523,1.1742942660930566e-05
873,0.8056599222233343,0.015772280720295496,0.8554899083569186,39542.91317236328,1.8253710652545697e-06,17.636524200439453,3.895620830007829e-05
874,0.5738387277459721,0.020476220240730775,1.110632006105371,40085.23660205078,1.7840382615428962e-06,10.097500801086426,3.407682015676983e-05
875,0.994701395880561,-0.0002691347635740171,-0.014597893501180547,39470.16077734375,1.8304663675168374e-06,36.36831283569336,5.393210085458122e-05
876,0.8618284730924569,-0.008666992574581362,-0.4700984477037504,39933.751787597655,1.7449415737488417e-06,6.835671424865723,1.4756492419110145e-05
877,0.8315825023528561,0.007383072585366159,0.40045851335373894,19388.581635253908,2.505655965035425e-06,7.392982006072998,1.843474638008047e-05
878,0.4145053622573349,0.007977973850480694,0.43272601085772155,14124.965063476562,2.903142604916603e-06,2.371271848678589,1.298130246141227e-05
879,0.3849764995299395,0.013762709285730158,0.7464905751038154,13891.086052246093,2.89964076665999e-06,5.5288405418396,1.8925669792224653e-05
880,0.25044023471938964,-0.015547257104159436,-0.8432846074140645,14951.51904711914,2.8291907753422526e-06,2.941694498062134,2.3787359168636613e-05
881,0.7529233894152954,-0.001710417139159726,-0.09277317767676929,13748.573765625,2.945799882849577e-06,1.7336970567703247,4.3093200474686455e-06
882,0.58456965791087,-0.005259213423289351,-0.28526020360072507,13467.110748291016,2.9739092156259007e-06,1.0389620065689087,8.974804586614482e-06
883,0.6249769241397838,-0.0013891950430626446,-0.07535006262919734,16250.23458178711,2.7302994173697416e-06,1.0139578580856323,2.106468400597805e-06
884,0.5612046850138539,0.009726934705470393,0.5275898031074796,28165.793521484375,2.1356241251112058e-06,2.823356866836548,1.2388759387249593e-05
885,0.8238877799702513,0.017013664360969974,0.9228226673807821,35819.403304199215,1.8879766279478184e-06,17.891138076782227,3.421790461288765e-05
886,0.9924692122765534,-0.006657843198367578,-0.36112200693315477,26366.106669921875,2.1841603033019095e-06,41.181278228759766,7.128877041395754e-05
887,0.9950750692069114,-0.00950915370051607,-0.5157773420389601,45433.230839111326,1.6833404676530806e-06,76.98554229736328,0.00010110300354426727
888,0.8746158881661481,-0.010821479393617425,-0.5869580042929016,58251.51805664063,1.4594562729431447e-06,8.846863746643066,1.5883342712186277e-05
889,0.994457364409393,0.0009264761193468334,0.050252147073124545,27117.785202636718,2.1420054852736203e-06,11.26372241973877,2.1542104150285013e-05
890,0.8902031237890549,0.00801441973476929,0.4347028388614178,29267.623143066405,2.043928557260609e-06,10.238028526306152,2.1906784240854904e-05
891,0.05228885601144679,0.03411005876096736,1.8501326194327565,32401.060653320314,1.9914332791141112e-06,4.080031871795654,3.684572584461421e-05
892,0.8825596528779388,0.003870906276221555,0.2099583005292184,33751.55944580078,1.9387769598116244e-06,4.571967601776123,9.973924534278922e-06
893,0.7386293456599065,-0.014291650481132262,-0.7751803925630285,31544.940383300782,1.984125792270085e-06,15.810277938842773,2.70390937657794e-05
894,0.8076727938454713,0.01496906509360366,0.81192342136273,28893.17103222656,2.092666480658742e-06,16.565027236938477,3.9916165405884385e-05
895,0.81512327483463,0.036534234258661064,1.9816201139264649,49398.86627832031,1.6277320586124865e-06,30.449979782104492,7.012738205958158e-05
896,0.8984517670283027,0.0033271245078108714,0.18046352907075658,44541.40838867187,1.661335551725716e-06,5.303169250488281,8.182902092812583e-06
897,0.7024196168473953,0.005973263096995945,0.3239903213785233,20768.88516870117,2.39351985948182e-06,2.8107330799102783,1.0797040886245668e-05
898,0.3603751000699621,0.008872750414100279,0.4812587712102457,15667.041360839843,2.769321822224711e-06,2.198878526687622,1.190804505313281e-05
899,0.9816986224276697,0.0021158105588479723,0.11476175279839561,17838.88786376953,2.5390661305755438e-06,5.327914237976074,1.1229599294892978e-05
900,0.9177095202698676,-0.003096721685311917,-0.1679664594965908,17664.29824243164,2.591786284674788e-06,2.807929039001465,9.233399396180175e-06
901,0.4844219319405479,0.005435679715793252,0.2948317509932329,16711.789900634765,2.654416388557791e-06,1.2225697040557861,7.159338110795943e-06
902,0.3457958650300001,-0.003410505902373143,-0.1849861433240625,17814.335301025392,2.582733616048098e-06,0.8003705143928528,3.6030439787282376e-06
903,0.9115777402546872,-0.003799437705117716,-0.2060818388792968,28792.98848876953,2.0945284146445713e-06,4.540335178375244,8.46293187350966e-06
904,0.8287961062040993,0.01107045958526178,0.6004627120209624,52619.66177636719,1.5910028125806537e-06,15.599976539611816,2.233019404229708e-05
905,0.5233256030159265,0.016915906696992566,0.9175202829964105,35965.58214306641,1.8722156098943988e-06,14.365294456481934,2.7655099984258413e-05
906,0.9235758189615806,0.030777227010265727,1.6693595290002556,37880.53569116211,1.857905400880636e-06,41.99945831298828,7.645138975931332e-05
907,0.9868124234327942,-0.0028244187214468805,-0.153196722529986,41664.50946826172,1.6863570772054325e-06,9.570138931274414,1.3614582712762058e-05
908,0.8270212054814946,0.01154274411129131,0.6260794666968723,15655.027911621093,2.73926300532938e-06,6.721546173095703,2.6778687242767774e-05
909,0.9741617331017356,-0.002488674837926992,-0.1349859444416764,15014.131323242187,2.8042562173680056e-06,5.3571062088012695,1.3603543266071938e-05
910,0.7219495871151536,0.005993145301016659,0.32506873389204943,16064.586517822265,2.712044056871781e-06,3.5604944229125977,1.1607773558353074e-05
911,0.29033730461436047,-0.0020613608687784567,-0.11180839676868122,13910.052909912109,2.9358212107319203e-06,0.9945499897003174,3.492276391625637e-06
912,0.4695667580731425,-0.0020801393372537136,-0.11282694256810444,14325.9275,2.877337434560573e-06,0.9297729730606079,3.257583784943563e-06
913,0.46210075317459665,-0.00819809709904484,-0.4446655154278534,15362.638344726562,2.769131099283114e-06,1.9221657514572144,1.158790837507695e-05
914,-0.055437044286004544,0.011140746865349656,0.6042751003411663,16521.786764160155,2.683022122006588e-06,2.1251583099365234,1.2449392670532688e-05
915,0.8776684088333768,0.0034013242999201276,0.18448813239080583,25372.828865234376,2.238002635311033e-06,1.2349400520324707,6.053802280803211e-06
916,0.9940843225311596,-0.004511853962388372,-0.2447233600044061,56722.63190332031,1.5429302576170259e-06,29.608110427856445,3.137174280709587e-05
917,0.8686773955414376,0.024901169473853423,1.3506416458689463,34052.004692871094,1.9554392760970244e-06,11.44041919708252,4.8583333409624174e-05
918,0.9146752638799132,-0.035603052911951975,-1.931112754902937,50087.93863427734,1.5817135738344842e-06,57.68147659301758,8.815162436803803e-05
919,0.998074165599467,0.001022703976055578,0.05547155457525049,30219.62730957031,2.007512343402351e-06,12.618288040161133,2.220157693955116e-05
920,0.9935818808497339,-0.004254981598300602,-0.2307905801414343,28055.768037109374,2.072957715687313e-06,22.768882751464844,4.021349741378799e-05
921,0.9518205178478452,0.00505170019807326,0.2740046678179688,28728.042491210937,2.0639960491593206e-06,10.558625221252441,2.0240597223164514e-05
922,0.7110265246611587,-0.013545043796114554,-0.7346843795975369,13216.682567138672,2.9957101945158387e-06,4.811845779418945,3.449788346188143e-05
923,0.8162169447149697,-0.0016258763796958675,-0.08818767936813877,14971.384286621094,2.826090879172424e-06,1.8659974336624146,4.0526028897147626e-06
924,-0.511204282651,-0.009545828178953275,-0.5177665690095979,17683.748879882813,2.595522236488472e-06,1.9402471780776978,1.1609581633820198e-05
925,0.7401575925402696,-0.007857190147438095,-0.426174692067538,34512.05559619141,1.911941658716326e-06,9.324033737182617,1.3890932677895762e-05
926,0.710021994523655,0.017378167185211395,0.9425933329703744,45696.24338330078,1.6928513366810554e-06,16.539134979248047,3.414644015720114e-05
927,0.8544877844443247,0.009261102938200726,0.5023230466403272,55858.84990820313,1.5429490238048007e-06,14.839456558227539,1.761575367709156e-05
928,0.9836715518879674,0.010317505906153088,0.559622437531755,37927.35237109375,1.8512545606317105e-06,25.320083618164062,4.513516614679247e-05
929,0.650143396732564,0.016304992227575303,0.8843842278675431,43388.212435058595,1.6688459374754374e-06,12.097444534301758,2.074877374980133e-05
930,0.8708991617994118,0.0043867382587984985,0.23793707311944207,18190.565901123045,2.5734291236986477e-06,4.988633632659912,1.4783799997530878e-05
931,0.7531539781267668,0.01104017940961867,0.5988203126023023,13446.829136230468,2.9755592719182414e-06,2.8430333137512207,2.317733560630586e-05
932,0.9953731885747895,-2.2849496006444702e-05,-0.0012393586946117282,13207.976634521485,3.0209183195359887e-06,3.503699779510498,8.870263627613895e-06
933,0.6966986542656317,0.016130021627255253,0.8748938069520475,11678.870985107422,3.1736588256617833e-06,4.483628273010254,2.9242240998428315e-05
934,0.9586127900467863,0.029713622859078442,1.6116695452900112,11422.686618408203,3.1910580085347513e-06,6.364027500152588,6.0157741245348006e-05
935,0.936666120864377,0.0014373603845472128,0.07796255503301254,13056.713467285157,2.990895411242969e-06,1.4571797847747803,4.603821253112983e-06
936,0.891381395858114,0.005124470459762342,0.2779517332809486,13014.227449951171,3.0189848654159934e-06,1.9214248657226562,1.1635809642029926e-05
937,0.632860719745577,0.004701665204353203,0.25501873864198366,17269.866634521484,2.6339254681192723e-06,1.3614928722381592,7.987614480953198e-06
938,0.38952765395490363,-0.0027005394799343107,-0.14647750145801108,24972.433128173827,2.2509976603272072e-06,1.206835389137268,2.6025802526419284e-06
939,0.9101423491657848,-0.015722625084766306,-0.8527965822716423,35133.06403466797,1.9449582090536175e-06,28.88903045654297,4.1740280721569434e-05
940,0.837554905867228,0.017018654526531733,0.9230933344044563,22523.6802109375,2.3070174944635886e-06,18.646503448486328,5.373102976591326e-05
941,0.8643000544206908,0.019609774864057634,1.063635931851343,46752.303964355466,1.662132705614092e-06,20.580541610717773,2.891952681238763e-05
942,0.9988665906195484,-6.6266366578831e-06,-0.0003594293614031496,35746.67910791015,1.8449701950599237e-06,5.902252674102783,9.286204658565111e-06
943,0.9860416232142818,-0.0012510168583099866,-0.06785526560476535,18204.209318359375,2.5446969273970513e-06,5.720316410064697,1.1783540685428306e-05
944,0.8841414727001923,0.007575326993785854,0.41088640955701533,17480.25283886719,2.613212581491004e-06,1.7859078645706177,1.3915871022618376e-05
945,0.9923056291758253,0.001571485961888893,0.08523753827121368,17478.634990966795,2.6183362974957237e-06,5.1504130363464355,1.1600572179304436e-05
946,0.9810128295836584,-0.000322965414400417,-0.017517672787318396,19937.441455810545,2.463401660472104e-06,1.394103765487671,2.968820581372711e-06
947,0.9878597000889737,9.124101566797993e-06,0.0004948920800766095,24755.612662109375,2.271335308484852e-06,2.8401544094085693,5.192571279621916e-06
948,0.9297581586464866,-0.0034228982616972864,-0.1856583059954316,38355.47940673828,1.8393165821949867e-06,7.37994909286499,1.0670411029423121e-05
949,0.6687211724649176,0.02287245330058583,1.2406039002867484,52334.848765625,1.6138566759338356e-06,13.991541862487793,3.1618965294910595e-05
950,0.7298550049971757,0.03071330037686424,1.6658921427217557,43084.403423828124,1.7416239838174478e-06,36.221580505371094,6.249739817576483e-05
951,-0.07753687919417222,-0.01799521584363648,-0.9760621070563295,49612.889295898436,1.5815657415956774e-06,5.644526958465576,1.6007186786737293e-05
952,0.9595088510852676,0.002908294785191545,0.15774616768371885,20909.957569091795,2.37231543210224e-06,5.029353618621826,1.1852685020130593e-05
953,0.8752937496244367,0.006505608852107207,0.3528648024590119,21480.43086328125,2.3726983150398064e-06,6.276078224182129,1.4687783732370008e-05
954,0.8728511574159615,0.004231200238816396,0.22950067708895014,23822.4115,2.2425699383415067e-06,5.250944137573242,1.0586270946078002e-05
955,0.7615660416584186,-0.010948331280807244,-0.5938384619306659,25944.895908691407,2.1390431974826674e-06,6.974226474761963,1.9480577975627966e-05
956,0.9617434005344262,-0.0008777296970793942,-0.04760813679599083,35862.705642089844,1.8888292655224946e-06,2.112298011779785,3.7007509945397032e-06
957,0.9388129945009945,0.004923633164582876,0.26705830053684043,43890.984725585935,1.7076649051196765e-06,10.372476577758789,1.4047218428459018e-05
958,0.9940568103373282,0.0014515074110163736,0.0787298910063098,41399.05264111328,1.7492392943440111e-06,45.63420104980469,6.116236181696877e-05
959,0.9190075745595473,-0.01089054187442409,-0.5907039593912135,59392.118606933596,1.474653950288925e-06,17.834651947021484,2.1872912839171477e-05
960,0.2491567492557998,0.029716678417062447,1.6118352790266899,36826.84032226563,1.821645413997425e-06,8.880062103271484,3.789223774219863e-05
961,0.7880075221292732,-0.03836552640685742,-2.0809495628386503,29435.855875,2.028506918716651e-06,28.7305908203125,7.103681855369359e-05
962,0.7302174063562751,0.030102939627389545,1.632786121411796,18389.045193359376,2.5527087316261832e-06,9.07361888885498,5.028531086281873e-05
963,0.8632665312122589,-0.00250641707333792,-0.13594828486757377,14243.902212646484,2.8928072658424307e-06,2.960414171218872,8.210708983824588e-06
964,0.9388189855642822,0.005308041044111423,0.2879086180946802,13120.764611572265,2.9924727886511876e-06,4.842479228973389,1.9979624994448386e-05
965,-0.011131672759916599,-0.008389352179456341,-0.4550392079911293,14243.820859375,2.8834130526829132e-06,2.6223866939544678,1.1849679140141234e-05
966,0.585268545498892,0.015262968374483646,0.8278647614444012,14842.750644775391,2.810993817419116e-06,2.3518056869506836,2.4586477593402378e-05
967,0.9939970698598247,0.00079577577431172,0.04316294873972004,24062.988885253908,2.2627274055746718e-06,4.401898384094238,9.257613783120178e-06
968,0.47071615400010786,0.015886480286213128,0.8616841029641426,33022.25090136719,1.9741172267824224e-06,6.667555332183838,2.5643697881605476e-05
969,0.8404294123478987,0.02135798405047661,1.1584589535310046,53689.126600585936,1.6177160992458003e-06,35.11337661743164,4.486633406486362e-05
970,0.8237978047275326,0.017728771878696425,0.9616101627122553,44119.22195117187,1.7342759079836e-06,22.472511291503906,3.0004272048245184e-05
971,0.9889842213717508,0.01623381473149139,0.8805235541525777,55892.547676757815,1.5180048328754624e-06,62.06402587890625,7.064400415401906e-05
972,0.6173751023960012,-0.004928989870370179,-0.26734884873493187,51689.54285546875,1.5480657179666258e-06,3.6705784797668457,5.956173026788747e-06
973,0.9269528808736269,0.00333014298993561,0.18062725180953254,24836.167358398438,2.1891192878276686e-06,6.1004815101623535,1.2559830793179572e-05
974,0.7081183175908845,0.003009487653017901,0.16323487783023222,23934.16443310547,2.255690908862167e-06,2.1481969356536865,5.081647486804286e-06
975,0.8395837598435191,0.006725084848609074,0.3647692000197477,25806.965109863282,2.1550168150094747e-06,2.2795488834381104,1.0371928510721773e-05
976,0.8933073140193744,0.003195471764739525,0.17332267258320272,24230.00334033203,2.2417811253927284e-06,3.026979923248291,7.700302376179025e-06
977,0.8426182255867343,-0.007195662681835102,-0.39029338352627796,30905.505607421874,2.032840033891636e-06,8.803877830505371,1.4361249668581877e-05
978,0.5614022335403868,0.020336519195972437,1.1030546090188549,40059.06907446289,1.7750320876375818e-06,10.079109191894531,2.3326330847339705e-05
979,0.9540849697719016,-0.00908457974251223,-0.49274841281402837,37396.10911328125,1.8344210157904203e-06,23.48160171508789,3.554741124389693e-05
980,0.9470686296859074,-0.019668617140705783,-1.0668275421675646,36308.19590771484,1.8895019729693945e-06,34.798789978027344,6.347639282466844e-05
981,0.6749263175624579,-0.039258654100888336,-2.1293928883581086,39325.64953564453,1.766817755796824e-06,17.21818733215332,6.064241460990161e-05
982,0.9707825828358092,-0.002806864585959085,-0.15224458466064067,17514.05744946289,2.616330634569632e-06,7.315108776092529,1.6694821169949137e-05
983,0.6447991300966878,0.022420326134343277,1.2160804825975866,20026.2375859375,2.488747108549553e-06,3.6578457355499268,3.2898988138185814e-05
984,0.8207414503032142,0.013479081107288403,0.7311065574918064,18314.63794604492,2.5830939668170508e-06,5.368104934692383,3.051086241612211e-05
985,0.08811061735270698,0.03237698998616334,1.7561308150250075,22464.158275390626,2.3266891068079735e-06,4.1214599609375,4.21112054027617e-05
986,0.9817317368915985,0.0007344783040797451,0.039838168505255594,36602.79848046875,1.8945715002625044e-06,7.6865458488464355,1.1471262951090466e-05
987,0.9943739681439598,-0.0003238983740568733,-0.017568276602020694,49321.91301269531,1.6529938342939958e-06,13.595458984375,1.7290683899773285e-05
988,0.8842704568394427,0.013778272124528108,0.7473347048636858,23928.880770507814,2.276587951721556e-06,19.242431640625,5.619235525955446e-05
989,0.809530035410906,0.02287897089485377,1.240957415179227,49232.49686425781,1.6070266190187551e-06,32.648624420166016,5.010684981243685e-05
990,0.8984736181915206,-0.004133759960484375,-0.22421550773019863,43018.33752978516,1.6904814498183385e-06,4.616014003753662,8.357435945072211e-06
991,0.8124063338598672,0.00881910441333696,0.478349007359944,19161.10573901367,2.481220762226749e-06,5.010366916656494,1.82719395525055e-05
992,0.56782159828696,0.011865659849177796,0.643594445025659,19715.601422851563,2.5000582257125914e-06,5.092131614685059,1.9226514268666506e-05
993,0.6332659491674997,0.013649976642537602,0.7403759465156029,20585.024904541016,2.4190028570084154e-06,4.732126712799072,2.1296571503626183e-05
994,0.5554006946674845,-0.01337429134466087,-0.7254227514515287,24979.034794433595,2.225489653977109e-06,8.374271392822266,1.8010236090049148e-05
995,0.9053162158869476,-0.008600791230246879,-0.46650768090203254,26851.396102783205,2.181623467923602e-06,13.07352066040039,2.16624448512448e-05
996,0.9395711485198714,0.0020819710779201458,0.1129262963446856,33889.76813623047,1.9361238956374113e-06,5.581905364990234,8.514026376360562e-06
997,0.6591809721025206,-0.05374290298835493,-2.915019835601883,45015.11121337891,1.7249927190456129e-06,45.015316009521484,0.00010979411308653653
998,0.9846291640783666,-0.005595914055170821,-0.3035228758052176,42805.76248828125,1.7485110418196037e-06,35.9627685546875,5.198821963858791e-05
999,0.23465429161101375,0.03088840839170374,1.6753900170130014,53922.812205078124,1.5220655683735464e-06,29.603864669799805,5.5256561608985066e-05
