state_idx,cos_sim,mean_A,mean_safe_delta,mean_sigma_i,mean_alpha_i,v_unbiased_norm,v_intentional_norm
0,0.987240141084176,-0.00592007100739373,-0.32781331773665545,38058.65845166016,2.1113902012729413e-06,34.617679595947266,6.381690764101222e-05
1,0.9696307378561115,-0.016239752054993117,-0.8992471532383935,28771.679978515625,2.3753032871549635e-06,80.90227508544922,0.00019307003822177649
2,0.9907708469599978,-0.0060154004205427,-0.3330920130704145,29716.16428613281,2.343114289344695e-06,61.02155685424805,0.00013427813246380538
3,0.7969083337757948,0.0222568480088878,1.2324330534281946,47902.90999316406,1.861871854534406e-06,34.25511932373047,9.83217396424152e-05
4,0.5771970633386099,-0.04373661412955816,-2.4218365905530415,44733.9820703125,1.9096760227423106e-06,20.393096923828125,0.00012395487283356488
5,0.18679224809657186,-0.00881937766807517,-0.4883572258058235,40436.79911621094,2.0055853525240594e-06,10.0177640914917,1.7523560018162243e-05
6,0.8385939911842307,0.008994058753530215,0.49802987772120444,56904.72567578125,1.6953455678081754e-06,13.74450397491455,3.6866818845737725e-05
7,0.11948462332971099,0.042806218354603846,2.3703175926533504,76546.63637792968,1.495915468735498e-06,31.15716552734375,0.0001028641636366956
8,0.9819150076915707,0.01684323510187882,0.9326639449542959,87660.95634082031,1.385074420557509e-06,102.12098693847656,0.00014392659068107605
9,0.7385139902763136,-0.09009881556542396,-4.989060370687594,77346.09132910156,1.4616812674479187e-06,122.69644927978516,0.00027409030008129776
10,0.8765005068435663,-0.04512009096011979,-2.498444139562468,62280.7903828125,1.6538071229028445e-06,64.24015045166016,0.00016484576917719096
11,0.9959585657754908,0.001386228759529343,0.07675993214198612,70111.16413867187,1.5740521305610334e-06,100.97791290283203,0.00011799625644925982
12,0.7723686643389216,-0.08967374589263523,-4.965522899678871,67826.6373388672,1.6052703521205348e-06,88.02420806884766,0.0002713494177442044
13,0.08852328246655712,0.09626244537733344,5.330360320539399,44156.805762207034,1.9447138692567298e-06,36.60390853881836,0.00017002219101414084
14,0.7688792782062484,-0.009394844324708879,-0.5202226601430658,32496.810600585937,2.253947984233324e-06,15.25438404083252,2.812374623317737e-05
15,0.9869682031653031,0.018393266768982754,1.0184941694153902,43636.184047851566,1.9209193896071393e-06,89.9224624633789,0.0001540660741738975
16,0.762122105984846,-0.01260598649044082,-0.6980339002038637,25940.77603857422,2.5029981561847676e-06,16.104747772216797,4.2515875975368544e-05
17,0.6119891951935802,0.016292120903902578,0.9021469843528548,22953.21390527344,2.6671935928730044e-06,11.971392631530762,3.467524584266357e-05
18,0.8885104714522697,-0.006421587720101245,-0.3555839065163683,22721.044575683594,2.6824033946090736e-06,6.164303779602051,1.706826515146531e-05
19,0.6093741080334163,-0.03584680278771363,-1.9849524334109823,29518.240513183595,2.3886879700386165e-06,25.850433349609375,6.722076795995235e-05
20,0.9469745161886103,0.007041973939562743,0.38993668110737895,29478.90382446289,2.386940529673322e-06,15.569623947143555,3.272560570621863e-05
21,0.9210407048353212,-0.003803312137777731,-0.2106015905410388,41475.42983105469,2.0365284753473474e-06,8.783885955810547,1.6545225662412122e-05
22,0.8682286562266767,0.015099031760097718,0.8360818121449898,44764.7094375,1.978200038106003e-06,17.916484832763672,4.5277061872184277e-05
23,0.9501399191727681,0.009201057669498695,0.5094920715575234,40351.88474121094,2.1023174853408583e-06,24.442354202270508,4.888295734417625e-05
24,0.7536217510936513,-0.037024332594826286,-2.050156035246384,60562.347716796874,1.7055939588271572e-06,57.178428649902344,9.539831808069721e-05
25,0.42933698362026435,0.027785579152499778,1.538576627854561,43399.796013671876,1.984264732943732e-06,14.648261070251465,6.209525599842891e-05
26,0.9611021057501093,0.0020247712270588993,0.11211807641680746,21626.548838867187,2.7289180527091907e-06,4.6375203132629395,1.3829595445713494e-05
27,0.9848560547375094,0.0012535903548386495,0.0694153182941709,20357.39765527344,2.830397710234676e-06,6.454751491546631,1.637010063859634e-05
28,0.5094045752232029,0.0160239036706339,0.8872949359564523,21340.30887792969,2.766737262059547e-06,4.857943534851074,3.0425586373894475e-05
29,0.8831720389899097,0.002887897830058979,0.1599121645287319,20383.31356225586,2.817319887423463e-06,2.2609457969665527,7.456632374669425e-06
30,0.8257176651084975,0.0031280190636379947,0.17320844731659818,25578.890119140626,2.547356397975537e-06,1.4969180822372437,5.640385097649414e-06
31,0.46074620646892395,0.03524460509103966,1.951606815658507,42928.22276220703,1.9850717910648862e-06,9.761902809143066,3.484989429125562e-05
32,0.9161008274304803,0.010251659363323383,0.5676672566933587,38644.91169189453,2.119829862862684e-06,15.76116943359375,3.7477169826161116e-05
33,0.9928846327478126,0.00038514995740989246,0.021326988343042228,46945.481203125,1.949961667073521e-06,22.96613311767578,3.581381315598264e-05
34,0.7030606340231084,0.05725087031186141,3.170164296475994,52572.95250585937,1.8373156200253433e-06,42.2714958190918,0.00010592489707050845
35,0.7251994780544067,0.008718957841966085,0.4827966579811734,27459.7523515625,2.429839976441376e-06,4.8315629959106445,2.1066814952064306e-05
36,0.9889610820310668,-0.0009743741827173951,-0.05395422337918049,26419.618139892576,2.488884322374324e-06,6.452873229980469,1.3505030437954701e-05
37,0.5689432579356019,0.00797606467928165,0.4416602810560808,22973.239208984374,2.6650593272256094e-06,1.959884524345398,1.4333887520479038e-05
38,0.7671117975939151,0.00492091960568089,0.27248710027952544,18277.151546875,2.9884666861780975e-06,2.620333194732666,1.029134182317648e-05
39,0.9901857167177383,3.536762532807147e-05,0.0019584188407169526,19288.36202050781,2.9018858964222245e-06,1.192777395248413,2.8027625376125798e-06
40,0.8702129588702715,-0.0026174955180266178,-0.14493912131349276,20220.20018798828,2.843661705449886e-06,2.1089887619018555,5.943802989349933e-06
41,0.9882771704081764,0.0013235682499482201,0.07329021877010203,51599.581091308595,1.834225924813373e-06,3.767024517059326,6.152650257718051e-06
42,0.7450292207610602,0.016363191377637615,0.9060823844112496,39699.88619726562,2.09990500641446e-06,15.362308502197266,3.477525388007052e-05
43,0.9989647737751954,-0.0006782222469041348,-0.03755534091445516,49342.87381396484,1.9255374806298796e-06,13.14174747467041,2.0890454834443517e-05
44,0.8624249496606705,-0.009085325201017598,-0.5030835936160833,58645.797094726564,1.7195567683639628e-06,17.19356918334961,2.2989959688857198e-05
45,0.3036449983166133,0.044443372118359144,2.460972047012327,35874.51699316406,2.1378111971480833e-06,17.702547073364258,8.0581106885802e-05
46,0.9976822438076055,-0.0009519303166174353,-0.05271143453427031,37603.52337353516,2.089797337259984e-06,17.226167678833008,3.0287628760561347e-05
47,0.9911971249609753,-0.0007280167972001741,-0.04031262485874616,23272.04262182617,2.6429340293109333e-06,3.793879270553589,9.3268272394198e-06
48,0.9474429612908983,-0.0022537910212550986,-0.12479963690300064,21678.840482421874,2.7330953675312895e-06,4.211798667907715,1.1310802619846072e-05
49,0.9802281687464068,0.0009683889514501706,0.05362280192888376,25009.64289453125,2.589352985929219e-06,4.601227760314941,1.0165824278374203e-05
50,0.8292376170651831,-0.0027855869281960223,-0.1542468817747856,21309.98311401367,2.7729080602839205e-06,1.8534982204437256,6.22282686890685e-06
51,0.975600479340581,-0.002857615658253173,-0.15823534355892685,45531.234064208984,1.9344042149055433e-06,7.625251770019531,1.1497425475681666e-05
52,0.3798924072365464,-0.037745587927648906,-2.0900942561380838,43904.49864501953,2.0109317227883096e-06,18.957904815673828,5.516860619536601e-05
53,0.7013822462981719,-0.038810212950627074,-2.1490459579828864,35398.12494238281,2.2129160787051847e-06,31.19518280029297,6.932115502422675e-05
54,0.7390862861764876,-0.026408047573454118,-1.462298286488386,66429.02640917969,1.625494602920616e-06,29.360193252563477,6.261566886678338e-05
55,0.9750532415510468,-0.001282536208115843,-0.07101814302138525,32580.329168457032,2.256214185520383e-06,5.527950763702393,1.0325454240955878e-05
56,0.8059300910358921,-0.006182439704824825,-0.3423415139470918,29096.64050048828,2.378304286104295e-06,6.58466100692749,1.8869568521040492e-05
57,0.17418799668821286,-0.07204769430134053,-3.989511895161627,32362.26457421875,2.252250551808812e-06,21.336252212524414,0.00011441899550845847
58,0.13124250089105152,0.10372980141671263,5.743851772741999,25722.983076660155,2.52761555704854e-06,21.287145614624023,0.00017463778203818947
59,0.9223451721628482,-0.004776748012265024,-0.2645038567843023,18692.87213256836,2.9643253584807636e-06,8.286782264709473,2.1700820070691407e-05
60,0.749912427082759,-0.006100100373013308,-0.33778212107703304,16704.750165283203,3.102387646162803e-06,6.101942539215088,1.603368036739994e-05
61,0.999179642082036,0.0016424046635310843,0.09094521351954318,23297.854859375,2.637717866215685e-06,20.952619552612305,4.96242028020788e-05
62,0.3376920054197159,-0.021211812519258678,-1.174566086869851,29513.121778320314,2.362176028234957e-06,6.887415885925293,4.196778536424972e-05
63,0.9873882755144984,-0.007089324153176992,-0.3925586142904507,27232.26334375,2.465742057807891e-06,31.68067169189453,7.463944348273799e-05
64,0.7455041561557355,0.010007393347187709,0.5541414640027397,39109.75198291016,2.0845400781747662e-06,3.15368390083313,1.787094515748322e-05
65,0.9409820244172314,-0.007169048274805208,-0.3969731945855089,51834.93745043945,1.8380753704285926e-06,15.586575508117676,2.1432226276374422e-05
66,0.8262170291849691,0.032874808125795484,1.820383557598135,48957.866436523436,1.9368256350677734e-06,16.95720100402832,5.702351700165309e-05
67,0.8358898866817246,-0.030245822950358676,-1.674808217105753,43034.69741015625,2.0518726803796328e-06,44.029109954833984,7.871324487496167e-05
68,0.8963412961923594,0.013525115861513441,0.7489290411885271,52743.41941699219,1.7876735522222772e-06,29.33201789855957,5.212909309193492e-05
69,0.967454743765025,0.007986832137347764,0.44225650974114794,24503.583198242188,2.5908567707152157e-06,11.542155265808105,4.0010283555602655e-05
70,0.720792976864249,-0.008155848069519174,-0.45161546395069474,22720.130827148438,2.6711825949587537e-06,11.736574172973633,2.2179248844622634e-05
71,0.6955256957250304,0.008163443116305177,0.4520360260490506,23253.98512866211,2.6423364585819955e-06,4.948313236236572,1.7439871953683905e-05
72,0.8900290454629647,-0.004894445274071755,-0.27102113163340413,23219.40443798828,2.679130014408591e-06,5.79608154296875,1.7140528143499978e-05
73,0.4065815820235346,0.01373514303377511,0.7605589192876171,28251.743447265624,2.423005763231738e-06,2.716425657272339,1.749416878737975e-05
74,0.9854411799624201,0.004979815395924094,0.2757483490679664,35693.5792902832,2.1728646048099896e-06,15.614766120910645,3.0061351935728453e-05
75,0.979445260790332,-0.004829697945178867,-0.26743586438366074,63216.53774707031,1.6888411570189273e-06,22.35932731628418,2.735762063821312e-05
76,0.7209916379597945,0.046133755966676716,2.5545740218659008,45081.81882128906,1.9729266073172607e-06,32.46183776855469,7.563218241557479e-05
77,0.9439843278294854,0.004980192721502073,0.27576924279532694,57844.423209960936,1.7342338586344057e-06,12.53233528137207,2.0054822016390972e-05
78,0.9758384581542526,0.002313461134822657,0.1281037624572169,18198.217813964842,3.0016324187961973e-06,6.126544952392578,1.8210199414170347e-05
79,0.9660632705443513,-0.0011473081022660128,-0.06353012911504659,27246.22639404297,2.4312822219012914e-06,2.824331760406494,6.166826096887235e-06
80,0.8307003728973512,0.012039751758248295,0.6666796671303189,19487.585849121093,2.9102310504309935e-06,3.017665147781372,2.2828498913440853e-05
81,0.685591365926163,-0.015291298460623316,-0.8467282359650519,20783.511148681642,2.825552128670429e-06,9.538105964660645,2.44053517235443e-05
82,0.7250683428684538,-0.007777314510369923,-0.4306548467985688,18128.274078125,3.012086252252282e-06,1.9015017747879028,1.217793487739982e-05
83,0.1585965424195429,-0.010499656948923056,-0.5813996783525879,20153.266787719727,2.833915583600537e-06,1.2329498529434204,1.2732277355098631e-05
84,0.535870868437431,0.013650734586880915,0.7558849528796421,36351.0981340332,2.1421377537402643e-06,7.040644645690918,1.660360248934012e-05
85,0.6429557228027963,0.03463128492769974,1.9176453112562548,34511.845973632815,2.236514722549994e-06,6.828144550323486,5.060201874584891e-05
86,0.6614719372300892,-0.07307944934616513,-4.046643480899883,57118.880267578126,1.7669415664796038e-06,33.44207763671875,0.00011648904182948172
87,0.9666802669605844,-0.010936129668323226,-0.6055685726225065,54891.326543457035,1.8144920730606769e-06,45.2535400390625,7.298256969079375e-05
88,0.554437497056217,0.08040126155962435,4.452075704692668,41195.369758789064,2.0108802540857695e-06,32.956886291503906,0.00016586927813477814
89,0.8401967579362454,-0.024265701346440873,-1.3436697052533455,39572.83866699219,2.0396248030566858e-06,41.473052978515625,7.952543819556013e-05
90,0.756766656953875,-0.007444340969725175,-0.41221703398501447,27058.894381835937,2.456624340768719e-06,7.554614543914795,2.0364981537568383e-05
91,0.9503065986144325,0.0009930142895780314,0.05498638587610315,20361.084858154296,2.8330123668641684e-06,2.5272374153137207,5.7329743867740035e-06
92,0.9210208536075074,-0.009063241147891633,-0.5018607287694872,21440.03641357422,2.7412524851639943e-06,6.015740394592285,2.186160236306023e-05
93,0.3086701063175494,-0.026253116443122095,-1.4537192529275726,19316.422738769532,2.8960168481778558e-06,4.767502307891846,3.050710256502498e-05
94,0.838923963916632,-0.007004316720866031,-0.38785148013896376,21691.39430493164,2.7627876248531833e-06,7.180544376373291,1.6818548829178326e-05
95,0.7096591212758703,0.026690546404995918,1.4779411527831972,44290.64873339844,1.958657278101614e-06,18.72159767150879,3.730097887455486e-05
96,0.5481936645869415,0.025964703482635677,1.4377489023460976,33342.38865527344,2.207904214679627e-06,8.022143363952637,3.476789061096497e-05
97,0.6539755992611326,0.008435117081144519,0.4670794847584865,37078.11991748047,2.1427352428497125e-06,2.4038245677948,1.2054129911120981e-05
98,0.7698752627131671,-0.024729163831128352,-1.3693331093851757,45331.29767041015,1.968681940342167e-06,23.778949737548828,4.413385977386497e-05
99,0.745791016062822,-0.01782353806898245,-0.9869464641389438,39419.67882714844,2.1293120135168027e-06,16.17551612854004,4.3836440454469994e-05
100,0.5362076669451759,0.07259483764748166,4.019808976962174,59553.15956347656,1.6975515539169955e-06,36.0068359375,0.0001114794285967946
101,0.1849641170568725,0.012124238524671439,0.6713579703417876,27102.80539355469,2.4768181335670006e-06,5.692492485046387,1.979746411961969e-05
102,0.920645929382846,-0.0023502137359376423,-0.13013887184896372,22654.59830175781,2.703189419216167e-06,4.0192108154296875,1.060574322764296e-05
103,0.8885983259123551,-0.003934175177494021,-0.21784789673650906,21897.41516088867,2.755988534631124e-06,4.188671112060547,1.2251356565684546e-05
104,0.41936586063878156,-0.0060392488086450395,-0.334412574802991,19335.582712646483,2.9128485565022747e-06,1.8750735521316528,9.458949534746353e-06
105,0.9280100627673513,0.003372443108998441,0.18674299059220284,16010.463604736327,3.202138284163142e-06,4.074071884155273,1.1007650755345821e-05
106,0.9938709298499675,0.0017413048292794979,0.0964216328763721,17687.745637939453,3.044009729293079e-06,5.9874091148376465,1.4531946362694725e-05
107,0.968612707714044,-0.004022879459758454,-0.22275973732596066,27851.724585449218,2.452820571287436e-06,7.797296524047852,1.558140320412349e-05
108,0.8133788283660813,0.01727952301487795,0.9568226059011029,44433.437330566405,2.005196853153937e-06,7.819286346435547,2.8055186703568324e-05
109,0.8102952742295906,0.02013102660091265,1.1147195044194749,30182.70653076172,2.3980674256927496e-06,17.935739517211914,4.1923023673007265e-05
110,0.4789363815307325,-0.10215401792114148,-5.656595586950866,52710.579329101565,1.8132148194084553e-06,37.07534408569336,0.00014671595999971032
111,0.2130128105468711,-0.030060282675102912,-1.66453425702497,32839.726733398435,2.2659635407571165e-06,8.29675006866455,5.428013901109807e-05
112,0.975724173232847,-0.003374247121381351,-0.18684288454343095,27573.686953125,2.42818343704991e-06,12.023758888244629,2.2971542421146296e-05
113,0.8782140749873243,0.008106470126781888,0.4488812489030199,28228.98736743164,2.4004517842887588e-06,10.049334526062012,2.664705789356958e-05
114,0.7835833802905565,0.010990892085873411,0.6086009433089369,24218.66266503906,2.619753301310304e-06,9.853422164916992,2.6350591724622063e-05
115,-0.15239365878345723,0.025501644346755222,1.4121078329312786,24677.95301953125,2.5866735303370785e-06,5.4594268798828125,2.9545479264925234e-05
116,0.8460390095810688,-0.0037289447923303533,-0.20648363212264723,18167.916711791993,3.016778929501493e-06,2.558828353881836,7.158109838201199e-06
117,0.7877717531465033,0.005124334574708191,0.28375083947975765,18501.951306152343,2.9827062660523635e-06,1.809741497039795,9.835290256887674e-06
118,0.10805763040914587,-0.019568878488035936,-1.0835915605635036,31090.38190234375,2.3387219689920325e-06,5.751708507537842,2.046443296421785e-05
119,0.9950438321054345,0.002114604788574257,0.11709244882005569,39765.99025927734,2.065106448744888e-06,9.033426284790039,1.72408799699042e-05
120,0.6239724075720421,0.038545180544146115,2.134370263659669,53849.18181445313,1.8284116133356495e-06,28.11643409729004,5.9083744417876005e-05
121,0.5577991208375038,0.0520077611131973,2.8798365251497633,38800.39502539062,2.141561751819189e-06,20.895692825317383,8.704548963578418e-05
122,0.9972856715799456,-0.0001596730929841166,-0.008841611240646327,52310.88380615234,1.8379556824460185e-06,60.649696350097656,8.85385597939603e-05
123,0.5545990315533474,-0.01773532292969484,-0.9820617089648324,30576.752978027343,2.3393519259855224e-06,14.880934715270996,3.8794256397522986e-05
124,0.7109424218040425,-0.018896354262398395,-1.0463517373605091,23227.298716796875,2.640779086029855e-06,9.838671684265137,5.077712921774946e-05
125,0.8037556874605399,0.006598780350814659,0.365395630747396,24477.71670214844,2.5537042268884678e-06,3.8638360500335693,1.292552497034194e-05
126,0.973921034384567,0.003073126832560421,0.17016888843883593,23686.803223144532,2.6250730663986315e-06,7.258644104003906,1.822030208131764e-05
127,0.9655282936997022,0.00430121959266719,0.2381723231402385,24495.778592773437,2.6044279302904466e-06,9.698776245117188,2.068193680315744e-05
128,0.6727882500292043,-0.0205435935922739,-1.137564661860636,26390.905140136718,2.5260491192608963e-06,12.439109802246094,3.6490349884843454e-05
129,0.6820342624598742,0.006561880017557211,0.36335234095313435,31694.296528808594,2.2935594211662125e-06,2.0795094966888428,8.955035809776746e-06
130,0.785083701118311,0.008566780246536614,0.4743700964786816,50179.50942529297,1.8862698978947448e-06,6.848556041717529,1.3111574844515417e-05
131,0.9445800595099804,-0.028092554155133443,-1.5555748182394193,37474.65768310547,2.157066294474123e-06,51.15538787841797,9.53349590417929e-05
132,0.9957235822363222,0.006512459730183166,0.36061578114711995,43214.286567871095,2.0115997917901044e-06,44.75270080566406,8.673930278746411e-05
133,-0.16156247529371387,-0.022580211081929532,-1.250338703829168,26041.376208007812,2.5265198687661256e-06,12.604317665100098,2.924160253314767e-05
134,0.7123122458855078,-0.006563518595714333,-0.36344307428072214,16733.45278466797,3.091211178185624e-06,6.622429847717285,2.013602170336526e-05
135,0.6416704928944562,0.010155873843339094,0.5623633052613631,23294.540431152345,2.6443436647786742e-06,6.326023101806641,2.0039291484863497e-05
136,0.5763696557977968,0.00898165470474645,0.4973430257594467,19560.266302734373,2.892523558102997e-06,3.9550864696502686,1.7452230167691596e-05
137,0.9340070851174631,-0.00211226559381739,-0.11696292010441649,18961.201385009765,2.9144224464571914e-06,2.599942445755005,7.187199571490055e-06
138,0.7531136282139836,0.007685441289877034,0.42556753193641417,18864.310494873047,2.94982862150581e-06,4.227109909057617,1.441110362065956e-05
139,0.4226986591248764,-0.07591219633649708,-4.203501766560557,34938.65561962891,2.186546300624893e-06,17.34065818786621,9.314335329690948e-05
140,0.8452345226224771,-0.013034155674989872,-0.7217430011190933,45830.800606445315,1.9255787040087372e-06,21.001359939575195,3.717995059560053e-05
141,0.53473343113578,0.020647920364416636,1.143341569817002,61511.14138964844,1.6889771961850309e-06,9.491018295288086,2.711213346628938e-05
142,0.629279861348862,-0.06613809817748255,-3.6622786053199863,61918.3075390625,1.6878836188594926e-06,34.759212493896484,9.387123282067478e-05
143,0.9903755342884236,0.003403939400336681,0.18848704125427998,41550.01150976562,2.0376125822484554e-06,24.837806701660156,3.9927424950292334e-05
144,0.9568403563522782,0.00740322003506749,0.4099400359554753,42105.98779492187,1.9976882465696422e-06,25.020851135253906,4.2386480345157906e-05
145,0.8374522650825541,0.026253974736020803,1.453766779357976,34963.98025195312,2.1947957922173988e-06,43.40831756591797,9.319160744780675e-05
146,0.851452371039976,0.027966053551037862,1.548570074094886,20222.021662597657,2.8091264811589853e-06,23.536714553833008,9.638586197979748e-05
147,0.9515769917397877,0.002218993051043279,0.12287276169299197,24408.0998984375,2.576284207077312e-06,4.788914680480957,1.1950452972087078e-05
148,0.6774866435586187,0.010157983470113095,0.5624801220615516,22348.314677490234,2.6893949636272453e-06,5.558783054351807,2.1649138943757862e-05
149,0.1780920491503637,-0.02468974089676732,-1.3671501350776607,20087.519705566407,2.869818286938754e-06,5.05282735824585,4.038981205667369e-05
150,0.9748292182204855,0.0012991739184029004,0.07193942639821126,15410.359920898438,3.2468133528733656e-06,3.6434741020202637,1.0524414392421022e-05
151,0.9793088107196619,0.001735809542628345,0.09611734123075187,20734.218579833985,2.8219378704143215e-06,5.549228191375732,1.4216740055417176e-05
152,0.6052757546334497,0.014047081217629943,0.7778319369339404,29438.336609619142,2.357080278742106e-06,3.7044436931610107,2.403870712441858e-05
153,0.8903319955836201,0.004673535964707145,0.25878867470319467,38449.295994628905,2.0984731542075147e-06,2.563610792160034,1.2212739420647267e-05
154,0.6268637584731779,0.014449139029037411,0.8000951673774287,44649.1702758789,1.9399182608321557e-06,4.549524784088135,2.3564611183246598e-05
155,0.8935420242740983,-0.01456762578730153,-0.8066561591773431,55957.33783935547,1.7679355651179176e-06,29.122331619262695,4.0416689444100484e-05
156,0.9546966532743545,0.02038709441148957,1.128898800317437,41493.736048339844,2.0773468573301997e-06,51.245914459228516,9.688272257335484e-05
157,0.8524081853507387,0.06372294098545603,3.528543606029445,52180.655491210935,1.8802777103249147e-06,68.44678497314453,0.00016442188643850386
158,0.9026394301680005,0.01600264997028755,0.8861180504062592,35966.24790673828,2.1398780190938284e-06,19.81817054748535,5.275636067381129e-05
159,0.8945880606204555,0.0036732284466178614,0.2033984393745597,22272.12644970703,2.711375464697866e-06,5.876064300537109,1.563335899845697e-05
160,0.9582383447873577,-0.002241120514445653,-0.12409803030581255,19271.14922314453,2.889657258703846e-06,5.303228378295898,1.2851456631324254e-05
161,0.8883093394208069,0.0031736741523314387,0.17573651599642776,17123.90340283203,3.040911583353942e-06,3.1948976516723633,9.399956070410553e-06
162,0.9744239688061357,0.0017605872428365723,0.09748936195499636,16972.266639160156,3.091324087271731e-06,4.6112518310546875,1.2787047126039397e-05
163,0.9616811006075866,-0.0023122649931341262,-0.12803752825581785,13181.586039794922,3.472393432727192e-06,5.752542018890381,1.7272755940211937e-05
164,0.8724479217173022,0.00459190251626454,0.2542683688590869,14364.477590576173,3.3463173465607494e-06,2.9885690212249756,1.5346886357292533e-05
165,0.9322188216746162,0.003829050558573173,0.2120268094452915,19069.180353027343,2.937803348895178e-06,5.709672927856445,1.679688284639269e-05
166,0.9480171805343424,0.0024651784137928855,0.13650483476109518,23377.37180053711,2.650679741258288e-06,4.182084560394287,1.0680385457817465e-05
167,0.7108319482207157,0.024597571273229327,1.3620464074283147,33430.92023095703,2.2427429631561597e-06,4.560223579406738,3.159118568873964e-05
168,0.4140133176980647,0.007051029775470823,0.390438131784271,37502.53063427734,2.1015919259395257e-06,2.0537831783294678,7.151733370847069e-06
169,0.6054726398560089,-0.05740570778366185,-3.1787381438635456,49827.768164550784,1.900128006786848e-06,24.14365577697754,5.82305365242064e-05
170,0.977511620186647,0.009551987843442489,0.5289242007449504,27561.326783691406,2.506172902193785e-06,43.086280822753906,8.404754044022411e-05
171,0.9982513981975161,0.0007620594980071762,0.042197678379611386,77894.38165136719,1.505685958969276e-06,18.160322189331055,2.5376742996741086e-05
172,0.5633164040520496,-0.014020606204182816,-0.7763659305322629,24019.926700195312,2.602867572005774e-06,7.8579912185668945,2.990313987538684e-05
173,0.8817520312221806,0.01385453922311979,0.7671702692030674,19813.095395019533,2.824865528453123e-06,19.431392669677734,5.503000647877343e-05
174,0.9895181186206121,-0.0013105616071901257,-0.07256999924742717,21148.625942871095,2.798532533162882e-06,8.472569465637207,1.886882819235325e-05
175,0.9972245671526844,-0.00012268152377678643,-0.006793269419239925,24037.029096923827,2.6159153527819122e-06,7.3384013175964355,1.61545212904457e-05
176,0.9433757562758264,0.002406144979060027,0.13323596415582717,20586.81998828125,2.8398939383333442e-06,4.717691421508789,1.089764919015579e-05
177,0.2656857502234553,0.010412627722962827,0.5765805910027159,21019.460071777343,2.802503164692062e-06,2.0152573585510254,1.0321401532564778e-05
178,-0.5616272327136632,-0.010464047595996607,-0.5794278742795125,20753.107778076173,2.8305185883134025e-06,2.4940192699432373,8.25231290946249e-06
179,0.5284659256722487,-0.022657504499637198,-1.2546186882527182,53962.01546728516,1.8083299325257282e-06,9.909448623657227,2.121710349456407e-05
180,0.5407501529067595,0.03553312136866536,1.967582887241329,40053.55494384766,2.1251846544244605e-06,10.814983367919922,4.574346530716866e-05
181,0.7211059285970335,-0.03148493703033801,-1.7434219376345976,59103.650328125,1.7909881203006986e-06,18.889114379882812,5.090635022497736e-05
182,0.28667355316229653,0.03240233568821585,1.7942212434791547,35755.53385595703,2.181988988486721e-06,13.012234687805176,5.227844667388126e-05
183,0.9992728840398662,-1.445442723833068e-07,-8.00387992485696e-06,16248.122416503906,3.1400214862635223e-06,7.799835205078125,2.0992785721318796e-05
184,0.8023567746077347,-0.011243167436550178,-0.6225702385395588,26288.34957763672,2.4852793430099034e-06,7.353142738342285,2.3568560209241696e-05
185,0.9914349232395572,0.0008462071055182085,0.04685720127441149,19579.071635742188,2.886828594961801e-06,3.2512550354003906,8.790069841779768e-06
186,0.35507257125718017,0.010646216163314189,0.5895151320784692,17620.04089038086,3.05564877981376e-06,2.007894277572632,1.5276638805516995e-05
187,0.7740099798163674,-0.005036054799013472,-0.27886250518049144,17397.297794311522,3.061818668203555e-06,2.989149570465088,7.490445113944588e-06
188,0.9312016197913451,-0.002511784731557396,-0.1390855760452439,17745.88252734375,3.032305079173664e-06,3.670600414276123,1.0472533176653087e-05
189,0.6875672420597005,0.005903495598158736,0.3268954841688857,26641.898802246094,2.4956311197761844e-06,2.604966878890991,9.145486728812102e-06
190,0.9777217283239079,0.0064955645007908165,0.3596802381115532,37197.010637451174,2.1553120580046145e-06,19.80141830444336,3.790158370975405e-05
191,0.9352332406508078,0.006057387864452804,0.3354169924962125,52420.74757104492,1.8165451089380537e-06,8.322386741638184,1.6234627764788456e-05
192,0.6588757714384553,0.04225683646041575,2.339896555268272,56483.12567480469,1.8026710997553126e-06,5.277699947357178,5.035483991377987e-05
193,0.8844450600007301,-0.025213674560737448,-1.3961620223414222,53013.64073388672,1.8602791189183163e-06,39.57522201538086,6.0213646065676585e-05
194,0.7969421603008956,0.02534210082055563,1.4032733962190205,34267.99340576172,2.223476866386258e-06,12.424025535583496,5.78715989831835e-05
195,0.29399584569465526,-0.013304854899288709,-0.7367324853187445,24088.78034765625,2.609903383838592e-06,9.592428207397461,2.0354460502858274e-05
196,0.9688756422495087,0.0029928531885369037,0.16572387932639535,22914.463791015623,2.6684067388593855e-06,6.089508533477783,1.6875563233043067e-05
197,0.6063658182825753,0.01510359486019994,0.836334485631812,22317.793512939454,2.690013659544332e-06,7.16702127456665,2.6382265787106007e-05
198,0.6841751403011929,-0.009776345903032894,-0.5413476260355312,25668.179958496094,2.544908861756165e-06,4.3950700759887695,1.881301068351604e-05
199,0.8942442988419808,0.002230068278702746,0.12348603256748054,20936.984754394533,2.795677798705706e-06,2.1916022300720215,6.06359981247806e-06
200,0.9323519137951864,0.0031310830415169936,0.17337810959813704,46096.68068212891,1.945873714986723e-06,4.224908351898193,5.6747489907138515e-06
201,0.4468800081920479,0.03368381793329881,1.8651810251872807,57868.844001953126,1.7359999921593116e-06,15.226030349731445,3.809715781244449e-05
202,0.24525386689393985,0.012797933036101494,0.7086625960222973,45989.909177246096,1.978571160288384e-06,3.5653276443481445,1.529814107925631e-05
203,0.9310126117139681,0.020300462564069966,1.1241017170917784,40294.30341162109,2.08301186779179e-06,38.502140045166016,8.18566040834412e-05
204,0.9979928540310437,-0.0018045754554098052,-0.09992513035826844,31233.01976855469,2.322533884758374e-06,28.091968536376953,5.463451816467568e-05
205,0.9054670808955528,0.0026733854879915715,0.1480339281932635,30178.00064941406,2.324088119282876e-06,3.7883613109588623,9.757915904629044e-06
206,0.9817217615270613,0.001034075927997259,0.05726010048275208,24883.459020507813,2.5669080481741253e-06,4.020510673522949,8.941608939494472e-06
207,0.9126777021125504,0.0018171492593710506,0.10062138220861927,21282.01644946289,2.771045779020447e-06,2.1620049476623535,6.917768132552737e-06
208,0.8740226272610002,0.010235535161063037,0.5667744079028256,21523.927385253905,2.7885374762718074e-06,7.5134663581848145,2.883325760194566e-05
209,0.11078749691172415,0.009559142434162358,0.5293203733783529,34122.65666772461,2.2322021328376835e-06,3.2210748195648193,1.0378554179624189e-05
210,0.8903735428700824,0.011743503584344239,0.6502754556538644,52471.6948671875,1.8107878787138467e-06,16.59086036682129,2.3757720555295236e-05
211,0.9503286719952196,-0.0019523026821255721,-0.10810526067245706,38520.788958984376,2.135307628691103e-06,4.6421074867248535,6.095496246416587e-06
212,0.9007169078675689,0.02283133390111928,1.2642441796951094,50235.9170234375,1.8958395362808094e-06,21.297922134399414,5.934145156061277e-05
213,0.8878193551819639,0.012692336461304696,0.7028153750206351,53024.82545410156,1.7778807975939345e-06,19.114917755126953,3.96729119529482e-05
214,0.9834251068121509,-0.003151194708604717,-0.174491757104224,38050.17004345703,2.069091513883529e-06,17.92290687561035,2.989256608998403e-05
215,0.9696005409240499,0.004146474052464501,0.2296035663000859,29905.69424609375,2.3431587709919353e-06,11.440230369567871,2.9590602935058996e-05
216,0.5695937678565948,-0.025695524163608787,-1.4228435801757906,22376.227631835936,2.6821358561628037e-06,8.10361385345459,5.031954060541466e-05
217,0.606399739713634,-0.009678019190204565,-0.5359029606059886,25437.706505859376,2.5420094140085563e-06,7.257362365722656,1.8500079022487625e-05
218,0.9481616142803447,0.002815957386502244,0.15592859145125929,24858.649436523436,2.583438744025684e-06,4.533878326416016,1.2171945854788646e-05
219,0.6698917534012172,0.028222106320301095,1.5627485371070706,34393.15460107422,2.2314211682860113e-06,13.003543853759766,4.198642636765726e-05
220,0.8999938912437688,0.011861647574332803,0.6568174672750811,69111.23128417968,1.5872004914252645e-06,17.82559585571289,2.5487915991107002e-05
221,0.8963856969418184,0.016626164697174026,0.9206440604867203,42112.72185546875,2.0616195252902217e-06,22.79240608215332,3.764335633604787e-05
222,0.9783292912315815,0.006000163668487902,0.33224830524387394,53728.592635742185,1.8075392057779223e-06,31.063692092895508,4.640829865820706e-05
223,0.9178839835894935,0.018529742570603355,1.0260512722379986,21716.0643046875,2.716680267176715e-06,10.593770980834961,5.700475594494492e-05
224,0.9267070536850684,0.0029129051395640274,0.1612968994561135,34354.14888964844,2.1857129378432504e-06,5.150547504425049,1.098203665605979e-05
225,0.9938394726499455,-0.0032630508482596357,-0.1806855902869169,24073.424363769533,2.6296643734732105e-06,19.12968635559082,4.4030442950315773e-05
226,0.5923270674255379,0.010574138559023496,0.5855239639712737,24957.00501171875,2.549145199882756e-06,5.485156536102295,1.7355958334519528e-05
227,0.7751906808992965,0.003147027057341001,0.1742609808878202,26861.64865991211,2.4861129717280536e-06,2.458240270614624,5.519457772606984e-06
228,0.8416570597456294,-0.0037766124163663727,-0.20912314133872845,24908.74004321289,2.6178696294734798e-06,2.889047622680664,9.684211363492068e-06
229,0.9126911377751148,0.015672069417802744,0.8678127450215914,62792.55689013672,1.6646152147673024e-06,22.84703826904297,3.2311050745192915e-05
230,0.9681741285094281,0.005533262442658688,0.3063944869867568,63455.62613525391,1.67464531215086e-06,16.516454696655273,2.061603663605638e-05
231,0.8800266225018387,-0.026256225904066004,-1.4538914337522826,60085.99340283203,1.735269221784598e-06,40.57571792602539,7.005230145296082e-05
232,0.2678609752265447,0.0707305583071804,3.916577851023179,38588.443285644535,2.107533786042454e-06,34.14491271972656,0.00013526961265597492
233,0.9031401337473083,-0.008096782888179874,-0.4483448354340147,34078.79339453125,2.2069351851135355e-06,16.453372955322266,3.067006036872044e-05
234,0.9845657919703359,0.002297045788373206,0.12719479207921458,23502.844877441406,2.6315854435828973e-06,7.248281955718994,1.7619388017919846e-05
235,0.5567059621845346,0.012061168975783276,0.6678656071516568,24737.518535644533,2.590177097035299e-06,3.077000856399536,2.2115629690233618e-05
236,0.8569018979485856,-0.0038984018073312116,-0.2158670105030422,22115.978960449218,2.741847300828156e-06,3.914746046066284,1.029321356327273e-05
237,0.8582704305339549,0.01257411887150555,0.6962692879418669,22146.227700683594,2.6825648661063274e-06,3.8823585510253906,2.132066583726555e-05
238,0.9368111464097758,-0.008420323241178406,-0.4662603023947445,39698.71335791016,2.0536726669770835e-06,17.482284545898438,3.2027244742494076e-05
239,0.5926058819310487,0.02834818146943704,1.5697297224460267,51884.14373486328,1.853294589973435e-06,12.628910064697266,4.795558925252408e-05
240,0.899961529354909,-0.008594931518745757,-0.47592892270388426,48767.083100097654,1.916339355815173e-06,13.02641773223877,2.4320443117176183e-05
241,0.9319184651686347,-0.008270052961798361,-0.4579393550987977,50332.584611816405,1.8609852402429349e-06,19.85433578491211,2.8852635296061635e-05
242,0.7993651521276284,-0.008185559338842302,-0.45326067221911204,29133.974185546875,2.395758361900105e-06,8.813624382019043,2.3123197024688125e-05
243,0.6429633258686173,-0.018587625772113207,-1.029256450740835,28610.368024902345,2.4191109689647377e-06,9.746612548828125,3.549073153408244e-05
244,0.3617418647982408,0.028042245480530952,1.5527890655834498,20784.446631103514,2.7913735619792736e-06,13.2741117477417,3.5591252526501194e-05
245,0.01690053628865961,0.010077015527591594,0.5579966674146165,20833.26947607422,2.8156557511844784e-06,1.5171000957489014,1.7159429262392223e-05
246,0.33799810609459724,-0.006405621041627106,-0.35469978032306665,15422.37387133789,3.250834122854038e-06,2.000684976577759,9.981986295315437e-06
247,0.977707719853631,0.0015140390440068652,0.08383719748949883,14172.26144555664,3.3769164140625206e-06,3.9171910285949707,1.1685203389788512e-05
248,0.19809027573310833,0.0124218484762325,0.6878375878144211,17535.866889648438,3.023086777959603e-06,2.379032611846924,2.0637688066926785e-05
249,0.7134362697203631,0.012418116963547,0.6876309619898183,27354.80312109375,2.4699671727093664e-06,6.517202854156494,2.7010435587726533e-05
250,0.3077096126446525,-0.011992951908074102,-0.664088209335975,37986.413326171874,2.130040332259424e-06,4.985268592834473,1.675616658758372e-05
251,0.9084163734013173,-0.01182732880453168,-0.6549171269286398,45245.39812841797,1.9589860608325813e-06,16.545757293701172,3.0451159545918927e-05
252,0.7249501818224549,0.05917234350022586,3.2765624292066833,61774.90850195313,1.7077984181358331e-06,30.040006637573242,8.921205153455958e-05
253,0.8414743052714931,-0.05288628241096535,-2.9284830668827895,39322.19825341797,2.1141608056093475e-06,27.404796600341797,0.00013286818284541368
254,0.8223314802853786,-0.014611622311972178,-0.8090923878481067,35826.72225439453,2.1487131128534255e-06,18.894773483276367,3.881854354403913e-05
255,0.8952369636833152,0.015220902866386565,0.8428302061488603,20081.78359765625,2.833553382921821e-06,24.067771911621094,7.045063830446452e-05
256,0.06288032154298279,0.028354481029305646,1.5700785492790545,28203.09295288086,2.414437857121184e-06,9.77874755859375,4.735018956125714e-05
257,0.7769483142626072,0.01714950150800711,0.9496228980781363,22544.50728613281,2.6986998155446125e-06,4.906281471252441,3.491284223855473e-05
258,0.9948772409387634,0.0010643339843239943,0.05893558610114104,22759.035307373048,2.695223589978325e-06,4.325646877288818,1.0168487278860994e-05
259,0.8575271888912436,0.003644799581268985,0.20182424192695061,30016.629150634766,2.3626578294807256e-06,3.663919687271118,6.968431989662349e-06
260,0.6848643913096516,0.010938333284955363,0.6056905939425714,51267.10566845703,1.8195843755845909e-06,4.259683132171631,1.3877974197384901e-05
261,0.8935412810148056,0.011848856097457073,0.6561091621773639,35855.01908203125,2.1852198067467895e-06,17.90223503112793,3.261517849750817e-05
262,0.9896132947945441,0.005147493156098591,0.2850332044024384,53637.73723535156,1.8643966696223697e-06,19.124141693115234,2.9664846806554124e-05
263,0.9314796077499927,-0.006288050155918059,-0.34818950332379006,30867.257270996095,2.3199342512854203e-06,9.445316314697266,2.3021948436507955e-05
264,0.962536826759813,-0.008632880554702425,-0.4780302825298603,32617.300807128908,2.2544078089259852e-06,20.55824089050293,4.524278483586386e-05
265,0.5999325711442527,0.016060604309394374,0.8893271680259831,30490.58652783203,2.3165305593570296e-06,8.50075912475586,2.499144829926081e-05
266,0.899741922908152,0.001311656207276374,0.07263061076465725,21582.554616699217,2.769235600677676e-06,1.9915971755981445,4.3492650547705125e-06
267,0.5610115230286029,-0.010462509950427117,-0.5793427299129993,20944.088978027343,2.820628919929105e-06,2.5069363117218018,1.591570799064357e-05
268,0.9960896279175172,-0.00036890684442113876,-0.020427555084122778,15678.858978515625,3.229616230809222e-06,1.9397538900375366,5.5239606808754615e-06
269,0.8664181691455586,0.002597687651528447,0.1438422962203578,22859.550338378907,2.6913989548029923e-06,1.9293043613433838,4.946656645188341e-06
270,0.7558462244675119,0.012118263128532501,0.6710270934940858,46140.532536132814,1.948294087882775e-06,9.010688781738281,1.6983885871013626e-05
271,0.8663164863819812,0.008555009905188721,0.4737183349299897,46066.07314306641,1.9410622009841134e-06,9.613574028015137,1.7261689208680764e-05
272,0.9576326737720807,-0.010555302424769274,-0.5844809468088955,59394.13215917969,1.7491354852001562e-06,18.810482025146484,2.9168466426199302e-05
273,0.9869906756059147,0.00481411493836365,0.26657298332057394,42619.8231508789,2.060511822714866e-06,34.949256896972656,5.558733391808346e-05
274,0.45189005868496107,0.041507028734291976,2.298377296790082,44963.760189453125,1.965322066790379e-06,26.90679359436035,7.214030483737588e-05
275,0.9804452008576977,0.002873428314423087,0.1591109410432838,20322.73932763672,2.862386437388743e-06,7.841747760772705,2.3054337361827493e-05
276,0.7401700053979879,-0.0038111310841785428,-0.21103455067912735,25501.477006835936,2.558849410052004e-06,3.242729425430298,7.411802016576985e-06
277,0.31675468391566036,0.020513864621730347,1.1359184734188748,20567.854906005858,2.821833642641953e-06,6.184024333953857,3.266266139689833e-05
278,0.5013802598198541,0.007987948718120723,0.4423183383994947,20356.911177490234,2.8479929886590146e-06,2.6658642292022705,1.3614262570627034e-05
279,0.9308124655681873,0.0015480678495967545,0.08572148158762964,19179.857402832033,2.974732064453036e-06,1.9044870138168335,4.7407984311576e-06
280,0.5456071838256047,0.004867542527875254,0.2695314402976266,25063.463857421873,2.540402042939996e-06,1.4938089847564697,5.108306595502654e-06
281,0.82916914612969,0.019784268002438612,1.0955183687443255,40608.31169628906,2.036319573087147e-06,18.110647201538086,3.205431858077645e-05
282,0.37020738994443186,0.02643773199669056,1.4639420082028867,53736.06665625,1.8016650406374085e-06,12.016533851623535,3.7598409107886255e-05
283,0.9737449568095476,0.00682730941545716,0.37805001796439897,44357.11691210938,2.007798832820007e-06,23.397146224975586,3.666303018690087e-05
284,0.9450653307579379,0.017767347227031067,0.9838349970123684,41498.56058251953,2.041691848213042e-06,20.436023712158203,6.781911361031234e-05
285,0.34770666410443696,-0.008008250964839942,-0.4434425389109791,30168.28423779297,2.363918778275599e-06,3.4159557819366455,1.3778178981738165e-05
286,0.8293356951225758,-0.0066710055203228185,-0.3693949700139339,20283.436126464843,2.856855766746838e-06,8.88531494140625,1.7248561562155373e-05
287,0.9337881093902557,0.005723611768857243,0.31693473964118496,18438.613005859374,2.980120202463309e-06,8.533819198608398,2.5327919502160512e-05
288,0.9217698483988593,-0.0046062449894749245,-0.2550625575980012,16919.93701635742,3.0900055038650936e-06,6.0304059982299805,1.888066435640212e-05
289,0.7889176387061851,-0.008958586346328552,-0.4960656567721044,18693.881193847657,2.9501609231024257e-06,5.406577110290527,2.2538672055816278e-05
290,0.9075758913675771,0.005207025264077969,0.28832968814464416,14566.68614477539,3.334288798798542e-06,5.979846000671387,1.7414498870493844e-05
291,0.943511151227649,0.003636301121900862,0.20135365497661922,15810.596119628906,3.1888650269554193e-06,4.364536762237549,1.3805431080982089e-05
292,0.879286666424967,0.012334537845439591,0.6830029181764796,21967.202006347656,2.745942546407444e-06,12.062311172485352,3.321215262985788e-05
293,0.29999124617969053,0.017315685186696746,0.9588250213291742,34697.98654882813,2.1978041335613923e-06,3.248215436935425,1.735232763167005e-05
294,0.9107174865361304,-0.029616373958522107,-1.6399536077434276,48587.279681152344,1.8945820004214442e-06,25.81856346130371,5.0818067393265665e-05
295,0.6781233237714918,0.04988349789545589,2.762209258131504,40312.0214465332,2.122701382279101e-06,29.805906295776367,6.058792132535018e-05
296,0.9717665579188743,-0.008813995490333832,-0.48805919736328746,39375.83949609375,2.1344290079532582e-06,24.864749908447266,3.389357152627781e-05
297,0.16755769289277359,-0.1046616008796475,-5.795448497346894,47678.717140136716,1.8946698527254625e-06,71.32756042480469,0.00012879613495897502
298,0.9862573210082078,-0.0021902900031806967,-0.12128338188027762,18979.324427734377,2.940646580822366e-06,11.836651802062988,2.760679490165785e-05
299,0.7581132121706058,-0.010651585972771539,-0.5898124756494549,22526.955493164063,2.69794179280814e-06,9.201836585998535,2.499220681784209e-05
300,0.97588551237302,-0.004061056331978169,-0.2248737131765076,20569.123651123045,2.8247011865928054e-06,9.863853454589844,2.3943097403389402e-05
301,0.7802722019260115,0.016953532562686294,0.9387714690904203,14792.283806640626,3.2979486619582603e-06,13.935406684875488,4.8144178435904905e-05
302,0.9993370106189404,-0.001005943718581491,-0.05570232982555428,13608.422357910156,3.492958579851886e-06,15.85163402557373,4.645388980861753e-05
303,0.9071235027843657,0.012687357507472422,0.7025396743791094,15031.892260742188,3.260415663259674e-06,16.558269500732422,6.36228869552724e-05
304,0.7201257208221674,-0.0132482818000648,-0.7335998513810649,18661.03173046875,2.959022946046296e-06,18.899513244628906,4.835388972423971e-05
305,0.6084057300534746,0.06163687749468865,3.4130315804027753,21003.99876953125,2.7660099552459408e-06,34.7621955871582,0.00018502722377888858
306,0.6112875060421177,0.024208704271533817,1.340513594422372,19577.81476904297,2.8900979841746023e-06,12.053482055664062,8.284474461106583e-05
307,0.7896111379135344,0.009265209238475505,0.5130443496700723,21997.44844238281,2.7011861362864485e-06,8.955142974853516,3.2223462767433375e-05
308,0.8840728541649745,0.010287236903692109,0.5696372992030881,25740.883678222657,2.528306753058911e-06,13.173527717590332,4.7026434913277626e-05
309,0.0007720389911782214,-0.017809130484384858,-0.9861486699737033,31596.03336425781,2.2962112110120828e-06,11.48289966583252,2.3530572434538044e-05
310,0.8812130165688528,-0.021618417455028693,-1.1970811061722204,47933.7487421875,1.909640331202942e-06,37.242000579833984,6.404626765288413e-05
311,0.9931929801303448,0.0018014810310411332,0.09975378215695249,59706.62244433594,1.7271202196341925e-06,15.413339614868164,2.3134871298680082e-05
312,0.849223787660916,0.017974189306732113,0.9952885063215752,60871.62563818359,1.7429734099218432e-06,23.62620735168457,3.8913567550480366e-05
313,0.995409127671523,0.0026666128328940745,0.14765890456016453,50303.142,1.8617718261646386e-06,39.81485366821289,6.095283242757432e-05
314,-0.17510573490103384,-0.010444509648031371,-0.5783459954411926,31376.238948242186,2.3105028720879347e-06,6.380181312561035,1.4747574823559262e-05
315,0.9081705168358146,0.04289324663812865,2.375136627817551,24710.568338867186,2.5392851513138304e-06,41.1512451171875,0.00017669983208179474
316,0.2658932383216176,-0.020268015034978347,-1.1223049933446145,22115.168410644532,2.683560964452893e-06,4.778995990753174,3.351240957272239e-05
317,0.7421888388862384,-0.0054834533989688425,-0.30363640049676943,20573.08518847656,2.8320831327539954e-06,4.260375499725342,1.27812008940964e-05
318,0.7674899975918966,0.005262856300736628,0.2914212316982423,20478.74758984375,2.8495934403489413e-06,2.999671697616577,9.062167919182684e-06
319,0.6133642294798567,-0.002942118600277451,-0.16291454246530654,25355.59679296875,2.560594283995778e-06,1.878504991531372,4.473977696761722e-06
320,0.5163172635463233,-0.010628670589490468,-0.5885435773860399,23668.725051513673,2.648369067878159e-06,2.491008758544922,1.4345812815008685e-05
321,0.9071443613205384,0.0027857724277382426,0.15425715347934757,25077.05183935547,2.5673056808622696e-06,1.5165762901306152,5.791974217572715e-06
322,0.6909034690261081,0.005710137374178508,0.31618861919455304,33961.41957617187,2.2107789548374417e-06,2.041750431060791,7.856239790271502e-06
323,0.3319252003752851,0.025405173546279986,1.4067659353207598,41457.75928564453,2.0416663206890847e-06,5.686215400695801,2.8812037271563895e-05
324,0.7382155153076307,-0.047725573127788995,-2.642718043139065,43174.6768022461,1.9911070328614037e-06,50.87903594970703,0.00011365353566361591
325,0.9523125865887873,-0.024932944974440558,-1.380617124829908,67924.36741162109,1.6164110248725497e-06,72.71834564208984,0.00010706386819947511
326,0.6848269286287954,0.04282228869175806,2.371207458760208,34405.50243701172,2.1965996283183736e-06,31.279441833496094,0.00010059586202260107
327,0.4527602348756507,-0.005489325114330773,-0.3039615362073371,29566.38763720703,2.381824849839586e-06,3.876969575881958,1.0592556463961955e-05
328,0.7999298125517029,0.0071109048176568965,0.393753604893314,22565.49401611328,2.713264159892615e-06,6.64054012298584,2.0286250219214708e-05
329,0.7532706045342888,0.006605867919957909,0.3657880921811584,16709.49015673828,3.1206975253770117e-06,4.516936302185059,1.6638350643916056e-05
330,0.8144967561221255,-0.01041124738264795,-0.5765041571326387,17800.81122583008,3.0611389623229193e-06,8.790276527404785,3.571347042452544e-05
331,0.882691030715609,-0.008346027952807296,-0.46214633400775773,13772.68984790039,3.4294789205587183e-06,6.596214771270752,2.4893775844248012e-05
332,0.5194899671106468,-0.013395909102010458,-0.7417744485402673,15603.903153808595,3.238877133440037e-06,5.918323040008545,2.471444349794183e-05
333,0.7174465083734466,-0.007682614954027457,-0.4254110286561781,23025.991450439455,2.666862868922166e-06,5.541471004486084,1.237282413057983e-05
334,0.8544591650231054,0.02101534300774178,1.1636869399265088,27219.20731665039,2.4664004048386024e-06,17.685592651367188,4.508931306190789e-05
335,0.7344096942724374,-0.044570772247994286,-2.468026600770824,40808.27053271484,2.039925837809128e-06,18.54945945739746,5.7555767853045836e-05
336,0.865892540743518,-0.020597179088764413,-1.1405318626535286,41089.92979785156,1.990168834695928e-06,21.714223861694336,4.6936485887272283e-05
337,0.735779828140409,-0.03958960156511855,-2.1922032051178504,52967.819623046875,1.8161235495745332e-06,39.87629699707031,6.769436004105955e-05
338,0.292141815979838,-0.022227330116357236,-1.2307985530529535,36892.77124560547,2.1670721211318398e-06,10.147143363952637,2.8067335733794607e-05
339,0.6577592802995382,-0.09085363475377325,-5.030857129901299,84362.9327861328,1.449471230522995e-06,72.08221435546875,0.00015028273628558964
340,0.8324998074055107,-0.059368135720102716,-3.2874040723397973,33837.84394873047,2.2294387581711155e-06,38.612579345703125,0.00017132778884842992
341,0.7894430629528891,-0.03440209779350265,-1.9049544846175424,36489.824788085934,2.1050810661842992e-06,35.930904388427734,0.00010124977416126058
342,0.9580310875954713,-0.006830942610222045,-0.3782511996104253,25299.70909375,2.5274956634102176e-06,16.679128646850586,3.979354733019136e-05
343,0.7508349756239229,0.022680914756448425,1.2559149892505896,24656.069207519533,2.5570952951320597e-06,20.895315170288086,6.015457256580703e-05
344,0.8980664733743764,0.005746045107357627,0.31817694553914394,20587.532831054687,2.8198305984727345e-06,8.606884956359863,2.0469144146773033e-05
345,0.3849376698690025,-0.03858538738261252,-2.1365966452515304,24615.15848876953,2.58227292473412e-06,18.137386322021484,7.31051986804232e-05
346,0.5322861714758531,-0.009639643515066694,-0.5337779764002893,25838.445764648437,2.54498454078199e-06,7.8985676765441895,1.7173286323668435e-05
347,0.6876679728637819,0.0054258568328423955,0.30044709391437074,43482.95018945313,1.992499366411373e-06,2.731916904449463,1.297973813052522e-05
348,0.8833033697561552,-0.007565774246070306,-0.418941183940752,54643.780727539066,1.7965577076254698e-06,14.300934791564941,1.62197738973191e-05
349,0.9169718404978081,0.018448484880455012,1.021551773335726,62379.21572314453,1.6857373771622716e-06,18.905305862426758,4.7460685891564935e-05
350,0.9460039527760976,-0.009277103274605061,-0.5137029605955222,46566.03939013672,1.918880625621617e-06,40.784236907958984,6.766629667254165e-05
351,0.9988619951157608,-0.0017097353955511116,-0.09467353208558009,38503.95822314453,2.1020096653070954e-06,17.58538246154785,3.308797022327781e-05
352,0.7917238481277734,0.01767851318751365,0.9789159713476789,32414.143502929688,2.25476413619836e-06,28.03339385986328,5.8404904848430306e-05
353,0.6139074894372735,-0.035735038809460364,-1.9787637035006667,26828.246669921875,2.4685259704015344e-06,27.512935638427734,9.357250382890925e-05
354,0.8163448824643846,0.013603363304490586,0.7532618530508698,24412.284244628907,2.6204081685994168e-06,12.269865989685059,4.2137100535910577e-05
355,0.7163321286373497,0.005734450462213286,0.31753491285271196,27023.16193798828,2.454190523632111e-06,4.333944797515869,1.1478014130261727e-05
356,0.6876015670771415,-0.019847065850665545,-1.0989956869974817,25941.358748291015,2.537392397233311e-06,6.799420356750488,4.062441075802781e-05
357,0.36789168277470863,-0.02358558345658866,-1.3060093965094035,43681.3727109375,1.9737487985272548e-06,10.130569458007812,4.6839752030791715e-05
358,0.552757403784706,0.06608741400327306,3.6594720600465243,59148.79328320312,1.7459473531957123e-06,33.244140625,0.00017337387544102967
359,0.9991708787020934,0.0006030436889396644,0.03339246305738025,42631.63829248047,2.059877281878878e-06,24.696531295776367,4.569124212139286e-05
360,0.8894564640730834,-0.016612517572098105,-0.9198883754040384,42416.56474511719,1.9839639998435706e-06,40.1422233581543,6.931028474355116e-05
361,0.9172879769803977,0.0049029676770358,0.27149304441743044,26513.310961914063,2.4557329244949515e-06,8.677007675170898,2.3122007405618206e-05
362,0.9591420186571646,0.008833825923876833,0.48915727206606857,20581.493697265625,2.815075004654907e-06,27.792728424072266,7.91429411037825e-05
363,0.737509575625405,-0.019297061541403124,-1.0685401844936113,23099.51058618164,2.66220127190092e-06,12.964253425598145,4.386938235256821e-05
364,0.6796167854926038,0.01115754139724034,0.6178288501346307,23356.602025146483,2.6378991602020437e-06,7.651592254638672,2.1339883460314013e-05
365,0.9173251821269104,-0.0028344437703328586,-0.15695224181100975,21990.906122314453,2.760530899881237e-06,3.3501224517822266,9.994413630920462e-06
366,0.8535965485352153,0.003139735725491623,0.1738572364595391,18340.438937255858,3.010841215428774e-06,2.0918326377868652,7.29103658159147e-06
367,0.8983988733360854,-0.005033023271748027,-0.2786946397934964,25264.6959453125,2.5487276571689154e-06,4.653653144836426,1.1480902685434557e-05
368,0.6714188629791585,0.01031382047767668,0.5711093169498845,34673.734065429686,2.2221485763805066e-06,2.750396728515625,1.2948842595505994e-05
369,0.8144970208588068,0.013189540348679031,0.730347148830135,47547.30990722656,1.946496743287825e-06,9.616618156433105,2.0164403395028785e-05
370,0.7711080491243618,-0.028553865437001818,-1.5811191033721068,33870.81028808594,2.268768006356826e-06,21.957847595214844,4.532221282715909e-05
371,0.5188573912242654,0.06016582720016668,3.3315748078400036,35308.69241796875,2.2496825800982145e-06,32.51918411254883,0.0001137202707468532
372,0.7048826324591563,0.010501782085907563,0.5815173540028743,29312.010568359376,2.3944614242113584e-06,7.874450206756592,2.28564294957323e-05
373,0.9963935438361871,0.0007899043292840541,0.043739535987618226,18322.553829589844,2.9824874908910905e-06,6.586021900177002,1.7068889064830728e-05
374,0.2739601356592813,-0.00695018300388228,-0.3848539226191811,27542.610135742187,2.439026880200001e-06,2.6542274951934814,8.831990271573886e-06
375,0.7378991455941382,0.027992247110902223,1.5500204955090457,21895.53871118164,2.76599859972794e-06,7.391208171844482,5.174816396902315e-05
376,0.84976950412474,-0.006544814330205683,-0.3624073591136979,17964.45398010254,3.0436439712610224e-06,5.0963544845581055,1.3586135537480004e-05
377,0.8553772171113865,0.0036930091939850885,0.20449376279444145,28565.406234375,2.4289733876975487e-06,3.475008249282837,8.682227417011745e-06
378,0.8237712894550067,0.014953090911385901,0.8280005993099115,58012.0337578125,1.7348523607495832e-06,10.221659660339355,2.270433833473362e-05
379,0.9914137232608817,-0.0029571945643962197,-0.1637493469481717,49318.06344287109,1.912903342950647e-06,30.988079071044922,4.867653115070425e-05
380,0.7423039991385623,-0.026186571194727174,-1.4500344291089557,69486.45073046874,1.6104134597482427e-06,25.238910675048828,5.60053376830183e-05
381,0.96364348526606,-0.005688820017102952,-0.3150082087671127,28449.22757080078,2.3870020532590476e-06,9.754972457885742,2.5692826966405846e-05
382,0.9738237617091907,-0.002735550385144479,-0.15147619791553563,31959.797669433592,2.2657421407876023e-06,8.247516632080078,1.6104446331155486e-05
383,0.9794617959053995,0.0025243657866231423,0.1397822294125057,24144.85203857422,2.607955842115712e-06,7.264740943908691,1.803665691113565e-05
384,0.47333531134055346,0.021286243727237548,1.1786875815614226,22672.683887939453,2.6925534369275506e-06,6.104090690612793,3.431527875363827e-05
385,0.7259397572617555,-0.008109636637282895,-0.44905658874466803,22329.93746435547,2.686824887827381e-06,3.8874125480651855,1.3580411177827045e-05
386,0.9394414324832417,0.0015353398000400836,0.08501668866398432,32790.42773364258,2.260541506584757e-06,2.2495293617248535,4.99459520142409e-06
387,0.8002198559927821,-0.01613320787489709,-0.8933474602922804,45870.22537597656,1.929277127828717e-06,10.671420097351074,2.260368455608841e-05
388,0.7579534434277662,0.026456379050932573,1.4649745553985967,46538.15543115234,1.9616077893182398e-06,6.8287177085876465,3.776252924581058e-05
389,0.9501346435130049,-0.009371112568872363,-0.5189085567130953,55240.15503369141,1.8216149221288633e-06,19.069290161132812,2.515440974093508e-05
390,-0.05998193577908712,0.09590561586735379,5.310601526196107,37675.28909960938,2.1590815134072195e-06,17.02037239074707,0.00017553749785292894
391,0.3221790439145052,0.01037670359927205,0.574591357062929,28900.175110839842,2.4224651926000958e-06,3.535619020462036,1.9371726011740975e-05
392,0.8907932208607032,0.003284298968802451,0.18186216686549334,22100.40380078125,2.7002382803815616e-06,5.146108150482178,1.4039107554708607e-05
393,0.8587702840407971,0.005986354585065969,0.3314836520081623,19565.173466552733,2.864914678711761e-06,3.887723207473755,1.3035482879786287e-05
394,0.9869333798995574,0.0010404421609131562,0.05761261921623315,19561.307690185546,2.8751829531433365e-06,3.2504122257232666,8.272811101051047e-06
395,0.6613388063336153,-0.00349092814484199,-0.1933038870161664,19797.708053222657,2.890297394084152e-06,1.312333583831787,5.393730134528596e-06
396,0.6065296158739243,0.005004491646645288,0.2771147522087586,17155.596621337892,3.101190854585269e-06,2.027756929397583,6.396417120413389e-06
397,0.5775899576101807,0.024756498534527913,1.3708467195766019,21861.67968334961,2.736317131975699e-06,4.420899391174316,2.9379467378021218e-05
398,0.9808897264427829,0.001741283292598538,0.09642044032127779,46442.04905151367,1.9336466120979014e-06,4.54990291595459,7.481020929844817e-06
399,0.9384977864607998,0.010534816796130424,0.5833465918524035,43192.68799804687,2.0239552016423983e-06,17.518497467041016,3.4717846574494615e-05
400,0.9984731636261193,-0.005509675952329029,-0.3050884273737771,27780.66280810547,2.513062278454025e-06,34.609718322753906,7.098194328136742e-05
401,0.689964613490988,0.03513224698398656,1.945385186931134,59581.98723828125,1.6982398685617098e-06,19.502853393554688,5.74207806494087e-05
402,0.23985011079542226,0.01326417502871941,0.7344799104223007,25151.95497631836,2.546104718881292e-06,4.005508899688721,2.3712706024525687e-05
403,0.8462334915807929,0.012639214036669425,0.6998738160014689,31076.477825683593,2.3168866383086938e-06,9.143027305603027,3.3151456591440365e-05
404,0.8175237950575309,0.017479793283320583,0.9679122129447001,28689.881374023436,2.383592536364588e-06,6.535288333892822,3.978801760240458e-05
405,0.6407989854427402,0.0029944244739908946,0.16581088644119868,25087.16282421875,2.554288534943833e-06,2.258117198944092,6.8300832936074585e-06
406,0.9511545558379423,0.009862196468571135,0.5461014471777963,23192.122316894533,2.664728660559448e-06,11.434412002563477,3.8273708923952654e-05
407,0.4785963772406896,-0.017259292233532633,-0.9557023626565656,26525.112063964843,2.4808406990203012e-06,3.9958176612854004,2.723671423154883e-05
408,0.9578238009884421,0.003700283304446572,0.2048965536192447,54317.801102539066,1.794782535953116e-06,11.30518627166748,1.7863303582998924e-05
409,0.6027192414010334,0.021035700798599018,1.164814216095049,49225.012204101564,1.8943801795820033e-06,13.934803009033203,3.175758320139721e-05
410,0.8007128509971286,0.032113141232672886,1.7782076190100933,47238.75162939453,1.89855318758119e-06,35.18815231323242,7.219203689601272e-05
411,0.9480302281954951,0.002954578792438227,0.16360450326590484,31519.135618652344,2.2673681694668864e-06,6.943650245666504,1.2872073057224043e-05
412,0.98264556337353,-0.001784475636689987,-0.09881213893431091,22834.960634277344,2.6876381895781405e-06,6.0384979248046875,1.4455708878813311e-05
413,0.8701288235762404,0.004036012275755944,0.2234869434655468,20998.469451904297,2.7958228051638175e-06,4.41688346862793,9.89141972240759e-06
414,0.9888469401806685,-0.0011063642064379744,-0.061262934293280044,19280.568666259765,2.906373831416705e-06,4.627638816833496,1.1839649232570082e-05
415,0.8552437427985751,0.0039273594393957195,0.21747048745948552,16378.137648193358,3.179900262479633e-06,2.4152684211730957,8.89510010892991e-06
416,0.9253543710579983,0.0029707153763844744,0.1644980376700951,16107.95927709961,3.2014661457530907e-06,3.4939558506011963,1.0037550964625552e-05
417,0.9369741950438891,-0.0019437913314937054,-0.10763395989150908,25684.35199560547,2.542995695369689e-06,2.358231544494629,5.749484898842638e-06
418,0.696198945631377,0.01386216660501815,0.7675926218002953,41797.64363623047,2.011308170978943e-06,8.407485008239746,1.6780577425379306e-05
419,0.9466947551249384,-0.014640716695274584,-0.8107034371591625,47974.03951196289,1.9553069956314574e-06,31.514068603515625,4.871675628237426e-05
420,0.09335244797175057,0.05815485582814775,3.220220873653803,34300.10025610351,2.249516910666451e-06,13.30737590789795,7.616768562002108e-05
421,0.893215006306661,0.03423145685094743,1.8955055483715286,52853.913275878906,1.8201728420847458e-06,26.19586181640625,8.414440526394174e-05
422,0.12993519414913873,-0.19471615720984534,-10.782058092237735,26714.149896972656,2.4849290151745896e-06,45.76503372192383,0.000310585048282519
423,0.9294754123057107,0.022201994817729775,1.2293956563159814,22026.256130371094,2.7129164875221705e-06,31.01384925842285,9.342772682430223e-05
424,0.14203697621974903,-0.042884575981471246,-2.374656505751064,20219.207673339843,2.832054643979291e-06,9.627626419067383,6.29575879429467e-05
425,0.8858903893837133,-0.025515609807169732,-1.4128811452625805,18974.122971191406,2.942225088395552e-06,26.775407791137695,9.166674863081425e-05
426,0.49737809903138874,0.14577720185479204,8.0721511837784,19184.30902294922,2.8999439125069903e-06,31.306631088256836,0.00020584328740369529
427,0.9346048827978131,0.0039720976062110475,0.219947783234295,20474.81918457031,2.816086645564604e-06,7.853067874908447,1.7907099390868098e-05
428,0.9640348085929357,-0.0043760739347199545,-0.24231724812250052,28712.78823828125,2.3963027048645317e-06,15.112360954284668,3.159210609737784e-05
429,-0.1791246277854889,0.039471014743051286,2.1856366724642444,27614.011750976562,2.432607638993147e-06,11.452179908752441,7.316855771932751e-05
430,0.9962810849595843,0.0003160584825618287,0.017501171799798848,23667.327428710938,2.6256699736605205e-06,8.468145370483398,1.9110748326056637e-05
431,0.73286858409511,0.03670385679578486,2.0324102624664846,28372.793888183594,2.4032188886176183e-06,13.838295936584473,9.175834566121921e-05
432,0.07297078309189915,-0.018779959598365002,-1.0399065915276338,22760.17389550781,2.6697386509369386e-06,5.246687412261963,4.2310279241064563e-05
433,-0.04173071310382392,-0.016244731545456262,-0.8995228835948916,22233.11854785156,2.698369762368734e-06,7.003801345825195,3.262744940002449e-05
434,0.24794203368045048,-0.016267547151861874,-0.9007862568927212,30907.88482861328,2.334223546007188e-06,9.357051849365234,2.7664189474307932e-05
435,0.9298232963303874,0.015936513392744423,0.8824558560033403,40968.431405761716,2.0554282720169194e-06,32.72337341308594,5.732243153033778e-05
436,0.9343973877460758,-0.005404846689529107,-0.29928369489820184,48441.05922265625,1.9022081952299321e-06,11.531283378601074,1.7242728063138202e-05
437,0.4397410007985592,0.06502024338990489,3.6003794006979515,41717.1814296875,2.057913448991631e-06,26.562522888183594,0.00012134071585023776
438,0.8055587656523685,-0.0383643584024742,-2.1243575617667885,52560.32876171875,1.868094644283684e-06,52.53470230102539,0.00010781943274196237
439,0.902568680535595,-0.007508367198322443,-0.4157623715987733,36093.422334472656,2.147956548628101e-06,15.966032981872559,3.3884945878526196e-05
440,0.9077705463419707,-0.007689499948570242,-0.4257922728846426,25496.43255419922,2.5291663470375175e-06,11.147032737731934,3.207004920113832e-05
441,0.9628285389829573,0.0012883535185955863,0.07134026615914611,25674.84140234375,2.531548377538645e-06,4.15406608581543,8.165568942786194e-06
442,0.7362494393066327,-0.010494369428476737,-0.5811068913880493,21562.291094726563,2.725611128840037e-06,5.572442054748535,2.6133131541428156e-05
443,0.235149721221619,-0.008135339095253564,-0.45047981627197803,21143.0275871582,2.8054687523295973e-06,4.813903331756592,1.1579744750633836e-05
444,0.5701207610111636,-0.01273684369988614,-0.7052798835585322,24146.512528564454,2.62179958623028e-06,4.642757892608643,1.4150888091535307e-05
445,0.6026798057660462,-0.017442904278894743,-0.9658695504641771,27620.84613671875,2.4556605461498946e-06,5.797584533691406,2.019033308897633e-05
446,0.7477663627833133,0.031391092584290875,1.7382254696916544,50841.736154785154,1.8579280990636757e-06,21.5501708984375,4.825586802326143e-05
447,0.9898824979876345,-0.0014797373902164627,-0.08193780491146349,53865.76692578125,1.866791475226421e-06,15.224932670593262,2.2959466150496155e-05
448,0.7772415316714921,0.03175655915288544,1.7584625256700686,69690.35290673828,1.578315559263009e-06,27.175840377807617,6.586564995814115e-05
449,0.8028607787841359,0.009297437660585318,0.514828940760963,20592.880041503908,2.828648713136488e-06,6.910646915435791,2.965026033052709e-05
450,0.9996152484149675,0.0009742398619211743,0.05394678560591811,23036.086102539062,2.65578960758141e-06,20.499727249145508,4.7541518142679706e-05
451,0.6791400852056759,-0.015524159474559759,-0.8596224971073069,23321.786022460936,2.6484553131308917e-06,6.530756950378418,3.00291594612645e-05
452,0.9159135844404581,0.0038202295114324477,0.21153835977543095,16798.114102294923,3.0984309132983996e-06,5.240339279174805,1.3797160136164166e-05
453,0.8712465033554833,-0.0022915394350774073,-0.12688988763798886,18828.795144042968,2.950788534281083e-06,1.3948349952697754,4.85063446831191e-06
454,0.11419186084031195,-0.006502451545967759,-0.36006159589020753,13108.558487304688,3.552038685677281e-06,1.4699103832244873,9.431509170099162e-06
455,0.5691813764515737,-0.017669622474139276,-0.9784236640350371,16361.536611083984,3.150711935719008e-06,3.2762980461120605,2.7824884455185384e-05
456,0.014312125776121613,-0.014415884113018038,-0.798253736026732,25672.465052246094,2.537631995776907e-06,3.5397377014160156,1.4327744793263264e-05
457,0.5881429518494434,0.0037960616894319437,0.21020010996346764,32050.374455078127,2.2907331035648776e-06,1.4545300006866455,5.050799245509552e-06
458,0.9055885932221942,0.013516291918296385,0.748440431153632,47540.25766113281,1.9376850204968415e-06,18.97671890258789,3.699989974847995e-05
459,0.7831094138180736,0.026390902190008805,1.4613488916206465,59620.52053759766,1.7309087584055854e-06,11.212581634521484,4.135122071602382e-05
460,0.9196708780545131,-0.03435421958716275,-1.9023033147839432,49916.35139355469,1.9152662043545188e-06,69.19082641601562,0.00012297269131522626
461,0.8475412247166655,0.06264203070367819,3.4686901371770062,36550.97941601562,2.109831013563592e-06,20.161577224731445,0.00016868348757270724
462,0.954567070516164,0.002087945106183235,0.11561621670670916,27665.22656982422,2.4293527745472023e-06,5.847559928894043,1.377936132485047e-05
463,0.9927571476013074,0.0009691408534820179,0.05366443715578643,25335.691812744142,2.5721841592651484e-06,7.861044406890869,1.7541904526297003e-05
464,0.8564872327480755,-0.003972020997682126,-0.21994354117436,16627.527568115234,3.1392764723379403e-06,3.800051212310791,1.2161873200966511e-05
465,0.8990616424112469,0.0010548496254969794,0.058410406735926394,17168.74811425781,3.074640512062555e-06,1.7134710550308228,4.824242751055863e-06
466,0.8134587588918754,0.00531625712465088,0.2943782065783306,17059.55903076172,3.111463962911251e-06,5.529722690582275,1.852319110184908e-05
467,0.994038867953568,-0.001297793662790604,-0.07186299721838785,13851.505474365234,3.4199503434455764e-06,6.089022636413574,1.770808557921555e-05
468,0.6339499419114183,-0.005229072300150721,-0.2895505032382878,24334.77664477539,2.6063986759253713e-06,1.7832121849060059,8.43987254484091e-06
469,0.935577549634935,0.0014808040041342228,0.08199686674479088,29386.109646972654,2.3884708827312017e-06,1.0471701622009277,3.317076789244311e-06
470,0.5863959176885548,-0.027097480549887462,-1.500474401450421,41255.45417675781,2.0313959748086536e-06,14.306675910949707,2.7412032068241388e-05
471,0.9869807982630998,0.013267619990532655,0.7346706690061193,35945.916495117184,2.2308279314982918e-06,63.65837860107422,0.00011838766658911481
472,0.7299674452184612,-0.01151010272623277,-0.6373513016083224,42059.8565390625,2.069229422316866e-06,15.585803985595703,1.9423183402977884e-05
473,0.8503484773279458,-0.024218686147233732,-1.3410663228924087,48962.39472167969,1.8597348534920313e-06,45.29108428955078,6.762429256923497e-05
474,0.8221872107555397,0.004326520474192595,0.2395733140918921,23515.096978515627,2.6338517256068025e-06,3.665952682495117,1.4095821825321764e-05
475,0.8203130486370874,-0.003422113123671636,-0.189493378599663,23725.279732421874,2.622024965686056e-06,3.162508249282837,9.683501048129983e-06
476,-0.17575526833746455,0.017581864660466816,0.9735642324469099,20451.313307617187,2.825491031129926e-06,1.7912054061889648,2.134797250619158e-05
477,0.9241582593902656,-0.0026851973011394496,-0.1486879861685235,17002.192506591797,3.091350611650447e-06,4.0269999504089355,1.0654950528987683e-05
478,0.36989185057165647,-0.011045313901080763,-0.6116144537513103,18704.351806396484,2.9498189881780776e-06,4.262387275695801,1.3879191101295874e-05
479,0.5640917866129849,0.00646993560632828,0.3582610840316116,16105.131728027343,3.1538281037397903e-06,2.152345657348633,1.3072447472950444e-05
480,0.8400857003658118,0.005402470971122682,0.29915214375095284,22845.511024169922,2.6917534113121654e-06,3.300084114074707,1.2544366654765327e-05
481,0.5332860750998543,-0.007838549803499122,-0.434045641364747,33142.08044824219,2.2594863120674747e-06,4.723813533782959,1.024767061608145e-05
482,0.5793370203642086,0.016917874769746218,0.9367969827384397,43275.71934423828,2.0086382325069216e-06,5.486020088195801,1.980403067136649e-05
483,0.9590303054040045,-0.007449967160848916,-0.4125285742311012,63220.79002636719,1.6907889870759013e-06,23.725435256958008,3.0592687835451216e-05
484,0.8018374775508355,0.021025615229230417,1.164255745774025,40053.961554931644,2.1197102273961346e-06,17.903732299804688,3.794502481468953e-05
485,0.7572883379454902,0.06946572083457084,3.846539743747786,47195.39751904297,1.8952682475902865e-06,39.521453857421875,0.00013842000043950975
486,0.6049279027123103,0.026654300042763025,1.4759340754618935,28342.679299316405,2.43294162076199e-06,13.236700057983398,6.418801058316603e-05
487,0.9987668392377886,-0.00018227254299877193,-0.010093015265881031,23043.317974609374,2.665699181516148e-06,6.9548540115356445,1.5145615179790184e-05
488,0.5211566675077256,0.009132704791040516,0.5057071534651153,21567.60551293945,2.749919831163456e-06,2.862062931060791,1.565494494570885e-05
489,0.6683743079967238,0.011496817969546033,0.6366156820254889,22279.38677758789,2.703886576853461e-06,3.150969982147217,1.6868210877873935e-05
490,0.6558667890009962,0.003892072572922153,0.21551654049554142,22200.863611083983,2.739033211387068e-06,2.1596624851226807,6.278841283346992e-06
491,0.9829986962242504,-0.0013931046329182463,-0.07714067130290811,33707.64305517578,2.222473981665039e-06,3.617601156234741,6.766667866031639e-06
492,0.7676016539944751,0.010552988626960833,0.5843528244037403,44610.63415209961,1.9819925315519275e-06,5.348263740539551,1.6252843124675564e-05
493,0.9849282579884291,-0.0018871802132071922,-0.10449922071640345,29871.13841796875,2.4208584168554596e-06,6.239935398101807,1.2910027180623729e-05
494,0.9417322001989696,0.027425956129996314,1.5186631477638475,57512.70808789063,1.7672699894417509e-06,58.168312072753906,8.069020987022668e-05
495,0.8799875442469076,-0.009432372146631753,-0.5223006959971295,29711.996659179687,2.3634451956338244e-06,5.542224884033203,2.509576916054357e-05
496,0.8783427681794411,0.004947367940902822,0.27395162942231516,33363.30993115234,2.2328286715901117e-06,7.709865570068359,1.5615167285432108e-05
497,0.3853331325794174,0.018846122072060326,1.0435702198835501,23878.54854394531,2.612709762658272e-06,4.951345443725586,2.2318192350212485e-05
498,0.7073981030272695,0.009397898718936471,0.5203917917470908,19499.335993408204,2.882055411501392e-06,3.6600849628448486,1.5819998225197196e-05
499,0.9381680593261014,0.006535497157265622,0.36189143736722007,16675.417236816407,3.1165970825233107e-06,5.837577819824219,2.1564270355156623e-05
500,0.9879409819244883,-0.0014410829258311888,-0.07979738325104009,15689.151299072266,3.2043868645557883e-06,6.053305149078369,1.660757334320806e-05
501,0.891817512977446,0.0021787158121446544,0.12064248180341974,19213.48940283203,2.9166661974372965e-06,1.790036916732788,6.797410151193617e-06
502,0.9507759503096166,0.0011361396209341042,0.06291169448564428,26221.16239379883,2.5113139494386306e-06,1.8058754205703735,4.7820594772929326e-06
503,0.8067495964574907,0.011432997322259976,0.6330817281082447,35820.85848388672,2.183255447338154e-06,3.513587474822998,1.8799484678311273e-05
504,0.8234722499799038,0.008496335405717004,0.47046933972126004,42703.16319384766,2.0283117779526736e-06,6.178618431091309,1.4326818018162157e-05
505,0.9563387293077852,0.0070045725573037315,0.3878656466230035,55119.71486572266,1.7910888194993872e-06,15.751324653625488,2.4418639441137202e-05
506,0.703180871343629,0.07086487396969517,3.9240153400157896,47440.48609960938,1.9643856715786226e-06,40.624107360839844,0.0001345026830676943
507,0.7360013078985687,0.03117397040879368,1.7262027185092712,58857.539282226564,1.7329144950835214e-06,29.217527389526367,7.59476242819801e-05
508,0.9503677115903573,-0.007502481713534982,-0.41543647343095463,31998.33396826172,2.2484646245778037e-06,20.37079429626465,3.901427044183947e-05
509,0.9134862348253119,0.002877013228066564,0.1593094492087771,26513.97033569336,2.4671342770925966e-06,4.743566513061523,1.0917341569438577e-05
510,0.9372580764033787,-0.0028698480379933055,-0.1589126896551847,21541.088811279296,2.7526546970908585e-06,4.128845691680908,1.1887173968716525e-05
511,0.8176070445277095,-0.004287909462011555,-0.23743529851937123,21970.876250244142,2.7549662783308864e-06,2.8190574645996094,1.0375159945397172e-05
512,0.7790545555401439,-0.005067401594606358,-0.2805982777837057,25585.053953125,2.531558531987017e-06,2.2674431800842285,8.814429747872055e-06
513,0.983117324021277,0.0053531075657246635,0.29641873368237526,30262.434981445313,2.352603019085675e-06,12.740436553955078,2.6760517357615754e-05
514,0.8443224647883472,-0.0662556086979998,-3.6687855397049978,54977.59058789063,1.7909299358220278e-06,67.75198364257812,0.00012481023441068828
515,0.8801493467809022,0.018308988559884467,1.0138274146918558,75675.28109179687,1.5016556597856933e-06,29.29953384399414,3.748448580154218e-05
516,0.9256656569186749,-0.02710660210149953,-1.5009794910165977,77837.16644433593,1.5209420669311455e-06,64.11690521240234,8.165588951669633e-05
517,0.7789500165737888,0.09614248081231452,5.323717497840047,44110.251035644535,1.963298748461754e-06,91.84761810302734,0.00022323487792164087
518,0.4842594078019448,-0.028296691983558258,-1.5668785844827493,29533.865255859375,2.3532149573460364e-06,13.353707313537598,6.002414374961518e-05
519,0.9899053428953456,0.0015936646610365441,0.08824632326902539,29334.315076171875,2.3725455125564025e-06,9.693499565124512,2.2567726773559116e-05
520,0.45128921664256144,-0.006169484904954073,-0.3416241651313526,23495.12033496094,2.6393381794705446e-06,4.910261154174805,8.756393981457222e-06
521,0.8335083546602164,0.01858704489645597,1.0292242857927871,18761.71164819336,2.9462366190545373e-06,6.6982421875,4.149247979512438e-05
522,0.5326447853487138,-0.007922658182974393,-0.43870299207740016,23597.10241748047,2.6498798266626395e-06,5.035598278045654,1.3557471902458929e-05
523,0.534657745128114,0.025750994244542847,1.4259151364533094,27406.460353271483,2.450491253167336e-06,9.576107025146484,4.4392276322469115e-05
524,0.7445604492156361,-0.02451149009507217,-1.3572798165257502,58447.046477539065,1.719542484398628e-06,14.603059768676758,5.618649811367504e-05
525,0.984259138177011,-0.016918741320447062,-0.9368449664298307,76819.36824072266,1.570102168905922e-06,97.63750457763672,0.00013102524098940194
526,0.8411098248617959,-0.03938093799632465,-2.1806488341159374,46899.29982958984,1.9280367188026095e-06,60.22187042236328,0.00012054715625708923
527,0.981361861784071,0.009289656785368104,0.514398088746407,38501.14358984375,2.093399314731879e-06,36.79753875732422,7.931585423648357e-05
528,0.9950522539747045,0.0032715980888254844,0.18115887840861086,41230.7158149414,1.987489307561174e-06,58.68244171142578,0.00010038477194029838
529,0.9855240608899779,0.0006224471935883056,0.03446689733809168,21358.094493164062,2.757794797103047e-06,2.993133544921875,7.713067134318408e-06
530,0.6477391894863885,-0.01661907488041755,-0.9202514745954051,18873.518376953125,2.9227692751996124e-06,6.495434284210205,4.166771759628318e-05
531,0.9229335157277102,0.0027972738367944296,0.1548940233845643,19892.09226953125,2.8526942780419785e-06,3.067335605621338,7.456379989889683e-06
532,0.9076194640819499,-0.019020219975219393,-1.053210579124899,19987.244572998046,2.843871472330278e-06,5.1746344566345215,3.3156273275380954e-05
533,0.17130780437399315,-0.012879548833154864,-0.713181924452374,24774.1393203125,2.586671491549446e-06,2.465411424636841,1.6550224245293066e-05
534,0.9931508709278725,0.002424499490445304,0.1342523123153557,31635.255123535157,2.2787521421437702e-06,10.443522453308105,2.3623848392162472e-05
535,0.9890347539345393,-0.0045009143284568615,-0.24923006109507034,46308.32828515625,1.906224335094365e-06,17.2102108001709,2.8556722099892795e-05
536,0.9664995569316968,-0.010064792670511021,-0.5573198486185583,52198.31174609375,1.8280355701023455e-06,24.708114624023438,3.4298132959520444e-05
537,0.6371335881078128,-0.02590315023845521,-1.4343405018105209,65679.51387158204,1.655629784943086e-06,28.162729263305664,4.493020969675854e-05
538,0.965079948910127,0.013308359734502333,0.7369265592847599,53333.608436523435,1.8264153313606226e-06,64.25193786621094,8.035096107050776e-05
539,0.8982590510061464,0.024753742729033308,1.3706941217883162,47114.48869140625,1.9014683461930978e-06,26.05845069885254,7.988341531017795e-05
540,0.9715072914773922,-0.003117326985213013,-0.17261639264400788,26538.649769042968,2.4891296965154447e-06,10.787110328674316,2.2697267922922038e-05
541,0.9181149422560552,0.008254659890469241,0.45708699137271175,26147.742047851563,2.511213440575855e-06,16.25517463684082,4.351746247266419e-05
542,0.9355900534208699,0.004398678130680976,0.24356891494600613,23238.940817382812,2.6244554779923328e-06,8.654035568237305,2.1776761059300043e-05
543,0.9971738038109141,-0.00044022011204526733,-0.024376399418812502,21874.02077001953,2.7476547954906714e-06,3.4178848266601562,8.176106348400936e-06
544,0.44193814334080234,-0.009711705095655249,-0.5377682572237084,23712.029903808594,2.627270755563445e-06,1.8527350425720215,1.265167611563811e-05
545,0.3381126563043006,-0.008174957413586415,-0.4526736096166219,28591.479283203123,2.403415473871653e-06,2.1272552013397217,9.674066859588493e-06
546,0.8684854657349136,0.02085351325575253,1.154725907560201,54726.94933105469,1.799537465170054e-06,31.06867218017578,4.711675501312129e-05
547,0.9493095816427682,-0.004263567477187356,-0.23608740475330825,37260.109287597654,2.174576223017269e-06,12.1438570022583,2.04464013222605e-05
548,0.9377552661728594,0.02580655439848944,1.4289916803624012,50069.82361816406,1.917139491981462e-06,61.57769012451172,0.0001056481123669073
549,0.8594204881997529,0.004144543652182415,0.22949667384554612,32893.754260742186,2.22543354979913e-06,4.068861484527588,1.1724715477612335e-05
550,0.9011076756191042,0.002682239815319267,0.14852422069380833,29034.229290039064,2.3783618644162266e-06,3.953568935394287,1.0252059837512206e-05
551,0.9995353939559469,-4.0377168623801476e-05,-0.002235813318936505,27983.922928710937,2.4225471498837806e-06,8.692642211914062,1.828722088248469e-05
552,0.6259858852743054,-0.01055349968645957,-0.584381123407187,17114.99698901367,3.039335827801475e-06,4.8512115478515625,2.2640833776677027e-05
553,0.8148398847158135,0.005638608891181819,0.3122278576944749,16782.352173095704,3.117272052057286e-06,4.327337741851807,1.6307245459756814e-05
554,0.9280803243301705,0.0017876915885190164,0.09899021650085339,16593.367661132812,3.11135415928533e-06,1.9570847749710083,6.281910827965476e-06
555,0.9924817755022427,0.0007700260735117749,0.042638813214632865,17999.033512451173,3.027935627647614e-06,3.7091541290283203,9.713782674225513e-06
556,0.36604929793725377,-0.012072795968056297,-0.6685094310023432,26468.913954589843,2.473712264748488e-06,4.758721351623535,1.4989912415330764e-05
557,0.5940536630431088,0.005263438787898444,0.2914534858804667,33342.412783691405,2.232839497084982e-06,1.2503225803375244,7.179990461736452e-06
558,0.7171217731609476,-0.011926853259092351,-0.6604281151591388,45544.27284765625,1.943162686450565e-06,7.306788444519043,1.8159022147301584e-05
559,0.9053867817731492,-0.03177499573721524,-1.7594834184717487,40997.270833984374,2.0583080707948135e-06,49.10627365112305,8.102296123979613e-05
560,0.9959074740253842,0.004816085950306462,0.2666821245730125,32015.552199707032,2.34503858321631e-06,40.07699966430664,7.774667756166309e-05
561,-0.24832512204873922,-0.09493553692525507,-5.256885144065102,43935.492916015624,1.993870218510463e-06,25.742427825927734,0.00015024826279841363
562,0.9361555509755103,0.018704669997731096,1.0357375648818306,22595.657853027344,2.694445861680866e-06,31.4555721282959,9.019934805110097e-05
563,0.7004627463146196,0.05132943043136563,2.842275179845612,28229.31394628906,2.419682587965286e-06,15.026388168334961,0.00010954877507174388
564,0.8718638530719068,0.010945988486822582,0.6061144870206955,23694.35630761719,2.6307174275775696e-06,12.568254470825195,3.322317934362218e-05
565,0.6449704907148883,0.013239269675757438,0.7331008211556906,17404.15840576172,3.0751408437277733e-06,9.620919227600098,4.195866495138034e-05
566,0.6659125118090632,-0.007221002736797313,-0.39985007976739,20097.44578588867,2.8621376422282903e-06,5.46189546585083,1.4645398550783284e-05
567,0.9067036076939469,0.0031172382536995094,0.17261147929553738,18482.225857421876,2.9648487762706498e-06,3.950068712234497,1.1872968570969533e-05
568,0.46043334408879405,0.023670301412601104,1.310700501429872,26977.871845947266,2.4835362449285465e-06,8.534544944763184,4.20001451857388e-05
569,0.31685047016472767,0.04120940635509382,2.2818969911593268,29778.685076660156,2.349518146755275e-06,12.913990020751953,7.833741256035864e-05
570,0.7205895741314848,-0.0105192154886251,-0.5824826974214138,22600.478505859373,2.7138432349449183e-06,10.21286392211914,2.9221762815723196e-05
571,0.6678179548812526,-0.01350981836571455,-0.7480819697860668,23660.636176757813,2.625088206189893e-06,11.753616333007812,3.536006624926813e-05
572,0.9943264876350867,-0.0010422063145554764,-0.057710306061165256,32191.159244628907,2.28675216589445e-06,11.274921417236328,2.0377443433972076e-05
573,0.99162324402303,-0.005493808923784237,-0.3042098191166474,45888.73612597656,1.91006979538587e-06,30.44382667541504,4.7435420128749683e-05
574,0.8338115081181656,-0.01804137580642589,-0.9990088382811451,46063.277580078124,1.9309239747239933e-06,26.13715934753418,4.386706496006809e-05
575,0.9362753630575936,0.015647099651224593,0.8664300889664747,57751.60145019531,1.7379992882337907e-06,44.12123107910156,6.073893018765375e-05
576,0.9234484381415097,-0.009848987663529641,-0.5453700332811418,38668.62168457031,2.0929185403831323e-06,26.0707950592041,4.364354026620276e-05
577,0.9983123131059898,0.00013040035534772398,0.007220685878123493,42728.207390625,1.9822701366083972e-06,63.32509994506836,0.0001022119540721178
578,0.9881841795206003,-0.0030729284661606226,-0.170157904255105,25000.55581298828,2.5497347163208036e-06,21.38771629333496,4.180867472314276e-05
579,0.898979624773386,0.028259224489010797,1.5648038891489364,26591.12875097656,2.463107138234775e-06,48.77729034423828,0.00015012486255727708
580,0.9969488480815427,0.0036707747564611298,0.2032625706814357,30570.630592285157,2.276655250084653e-06,31.121599197387695,6.591040437342599e-05
581,0.9108663417863349,0.010822853408976797,0.5992961028580773,34231.95189208984,2.1934948382124722e-06,18.40096664428711,4.9660509830573574e-05
582,0.9933717573321649,0.0002404760194363793,0.013315928418610104,28645.89109716797,2.4121510112122705e-06,9.36939525604248,1.9253106074756943e-05
583,0.5924251020520221,-0.010395016297899733,-0.5756053899159733,23779.359294921876,2.6233513924713086e-06,6.52345085144043,1.5746605640742928e-05
584,0.9926956244535473,-0.0032110272486238125,-0.17780487673197412,44723.95656347656,1.9931419568179985e-06,27.560165405273438,3.9838210796006024e-05
585,0.9990153149798457,-0.0007178336368187188,-0.03974875061035958,41214.524166015624,2.0303996538882296e-06,24.096670150756836,3.844533421215601e-05
586,0.7133620977394621,0.07527852932116785,4.168413591709965,51307.48918847656,1.8466348104360141e-06,44.8748893737793,0.00016669945034664124
587,0.9911964777168895,-0.0010310283018403355,-0.05709134364850559,35051.42271679688,2.2079994862199786e-06,6.724426746368408,1.2405103916535154e-05
588,0.7130888279394548,-0.006273359113799286,-0.3473760132065348,23495.92265625,2.654536158232469e-06,6.1991682052612305,1.7699851014185697e-05
589,0.984279591658021,-0.0011193363758861504,-0.06198124491822654,21760.623042480467,2.7606510652345743e-06,5.26481819152832,1.2001079085166566e-05
590,0.7026762571834938,0.00952180421471776,0.5272528364215787,18055.41351513672,2.985033624834515e-06,5.686944961547852,2.502433562767692e-05
591,-0.3653789523293781,-0.016904660718119552,-0.9360652783215384,17033.598925048827,3.0888048033514333e-06,3.0247433185577393,2.1153811758267693e-05
592,0.9945222144049185,0.0008020831914694151,0.044413918645234064,12931.316744628906,3.5421990545352163e-06,5.007838249206543,1.5218530279526021e-05
593,0.8519079307393226,0.005091924462157176,0.28195618760644425,16280.354590576171,3.149054146356465e-06,4.0411505699157715,1.5146179066505283e-05
594,0.6221300803581881,-0.006320071436309486,-0.34996262431341657,21624.99956201172,2.764262063122053e-06,4.0418195724487305,1.0434217074362095e-05
595,0.7181526987341973,0.0046239796948873615,0.25604458511305506,25454.028676513673,2.5735404335943707e-06,2.2620439529418945,8.644387889944483e-06
596,0.5696630962750131,0.028711868283619414,1.5898682277148488,41838.66640991211,2.0352015494544836e-06,8.730474472045898,2.9905810151831247e-05
597,0.8463001265952826,-0.018784970833891686,-1.040184079710108,53428.087569335934,1.826813939365506e-06,12.494063377380371,2.7376527214073576e-05
598,0.9694443676635215,0.018152791455588378,1.00517828009259,54662.087835449216,1.793363928243447e-06,55.99074935913086,7.544639811385423e-05
599,0.9821242204148124,-0.012548379310907727,-0.6948440059231011,41491.88194824219,2.0739920010660703e-06,63.57512664794922,0.00010182416735915467
600,0.3214844222042094,-0.04836786878436244,-2.6782840135279713,25949.12885473633,2.53955348792594e-06,16.834753036499023,9.061780292540789e-05
601,0.8107198810058787,-0.018208110653940082,-1.0082414815176328,24414.022625,2.6215052457054244e-06,26.895132064819336,5.360482100513764e-05
602,0.9877662618273725,-0.010121384169983181,-0.5604535014369944,21357.571122558595,2.776873503488272e-06,48.73625946044922,0.00011622841702774167
603,0.9749539839305655,0.0031832799658202755,0.17626842069578058,16237.999278808593,3.1497459348984716e-06,9.684247970581055,2.6451409212313592e-05
604,0.7890665725079268,0.02198166481395583,1.217195277394198,13656.115486328124,3.4398172993480834e-06,12.6498384475708,6.523260526591912e-05
605,0.8298815810123139,0.011151224606672349,0.617479069182518,12073.099817871094,3.652739985138305e-06,4.4087090492248535,3.383526927791536e-05
606,0.7812528116490683,-0.0053410689476652866,-0.29575211679178726,12588.501719482421,3.5675399748546136e-06,6.760929584503174,1.9035922377952375e-05
607,0.977891793767019,0.0021206034472455175,0.11742461378877647,19474.440978515624,2.8921186560954197e-06,6.830546855926514,1.877339309430681e-05
608,0.2840979026012928,-0.010654411902671098,-0.5899689564509367,16405.471115234373,3.1362864246826656e-06,7.9958672523498535,2.5931381969712675e-05
609,0.5847571484415983,0.02880227399232883,1.5948742817431456,20534.887095214843,2.8028121059640423e-06,19.966266632080078,7.929948333185166e-05
610,0.934196487176634,0.0007445973584803918,0.04123074371178284,24514.62873535156,2.5599198871240468e-06,2.034872055053711,4.912013082503108e-06
611,0.3135199635524619,0.008028198494799976,0.44454709761790717,27061.658903808595,2.4599671007860286e-06,2.1461453437805176,1.5245621398207732e-05
612,0.38694827058676307,-0.009335195019226715,-0.5169196867992707,39515.747840332035,2.0835612893721574e-06,3.3717169761657715,1.1755611012631562e-05
613,0.9082602366756,0.013059275856097027,0.7231339861090703,46755.76916015625,1.938774035746805e-06,14.3861665725708,2.876580947486218e-05
614,0.9973266514677189,-0.0009912544093487292,-0.054888935663754995,46430.26511181641,1.9477442830305913e-06,26.4282169342041,4.121581150684506e-05
615,0.9439079869155059,0.012986561606893153,0.7191075649312699,42864.429858398435,2.0374402105639115e-06,25.671390533447266,5.5041859013726935e-05
616,0.908219162514882,0.010996531782969885,0.6089132314240483,32249.24080126953,2.300708148566051e-06,10.022470474243164,3.4281158150406554e-05
617,0.1018599525165519,-0.01228354090612374,-0.6801790540960209,20939.2978203125,2.7858963845568004e-06,6.126739978790283,2.0483397747739218e-05
618,0.8756577132740352,0.005848246920775951,0.3238361877160571,22430.414759033203,2.6930022232990217e-06,6.801591396331787,1.748905924614519e-05
619,0.982915505171694,0.0016758525324213015,0.09279732928951094,23301.321676757812,2.6792993945438676e-06,5.861744403839111,1.3380620657699183e-05
620,0.9227599664024848,-0.0048727952175422265,-0.26982229857020834,16652.97826977539,3.1216003418227343e-06,4.996188163757324,1.7140184354502708e-05
621,0.7168095584583482,-0.008070175736569542,-0.4468715121184646,16513.286392333983,3.1563913555631724e-06,4.060006141662598,1.748855720506981e-05
622,0.6551399139216306,-0.0081870307977398,-0.4533421516173321,21117.581087646486,2.7783657450761725e-06,5.1828293800354,1.2688335118582472e-05
623,0.9446328582974883,0.013052908646460639,0.7227814132914432,30102.551657714845,2.3393267012828315e-06,14.416457176208496,3.766890222323127e-05
624,0.9726824799207653,-0.014687372149902192,-0.8132868993090061,42592.72659082031,2.0034029441220526e-06,35.40634536743164,5.551508002099581e-05
625,0.8118079668038927,-0.023259292684067873,-1.28794162999895,52892.78255810547,1.8468410140652725e-06,18.62957000732422,3.3345146221108735e-05
626,0.7314246265171175,0.05115054628091325,2.832369790741823,68449.15151464843,1.6112331140008627e-06,43.784488677978516,8.265567885246128e-05
627,0.6851623667100855,-0.07029062218638979,-3.8922171771109144,45167.03419433594,1.9565206335588296e-06,62.31589889526367,0.0001387938973493874
628,0.5303968607985308,0.06861231512006873,3.7992839324075223,35241.08017724609,2.168908120410244e-06,51.36747741699219,0.0001379921450279653
629,0.9924233191343172,-0.0015036201014107168,-0.08326026722371563,28318.342540527345,2.398891430654234e-06,9.38536262512207,1.786328175512608e-05
630,0.8898633595480501,-0.006686552025280585,-0.3702558298521098,21565.515096435545,2.7568994267004684e-06,9.365958213806152,2.4398234018008225e-05
631,0.9101290802119305,0.0033800785712178845,0.18716579062272315,20699.72726977539,2.8184293821905067e-06,4.2893147468566895,1.2735206837533042e-05
632,0.8840786571731479,-0.0014017086242609027,-0.07761710189711736,23311.616064208985,2.6483878571378235e-06,1.3037974834442139,3.0892695122020086e-06
633,0.940105384194675,-0.0034316676459472473,-0.19002244314004524,21900.737208740233,2.7223275172491466e-06,4.57182502746582,1.0947582268272527e-05
634,0.9992338389489455,0.00023185289327711444,0.012838438268238613,48647.9202824707,1.9000822838158958e-06,8.444086074829102,1.319429065915756e-05
635,0.8826227705457903,0.013403326286341508,0.7421851618240758,38439.86431933594,2.1205148594970225e-06,16.76717185974121,3.413878948776983e-05
636,0.7384298989735425,0.018561974171661697,1.0278360393574646,39261.62795947266,2.1714478895826334e-06,11.635303497314453,3.69190784113016e-05
637,0.9226226918525547,0.005924586163249933,0.3280633363968153,54797.8430444336,1.7994874764704931e-06,14.936299324035645,2.5110806745942682e-05
638,0.9090651312167801,0.0025200763714435938,0.13954471073757735,20849.445158447266,2.7814722518114235e-06,4.275001049041748,1.048267677106196e-05
639,0.8987700073049707,-0.010166737478860923,-0.5629648596006009,24154.355903564454,2.607741058147809e-06,7.897680759429932,2.672352275112644e-05
640,0.6556839608509969,0.016632094733015048,0.9209724255892527,18626.965623535158,2.961249068461553e-06,3.7074813842773438,2.6473919206182472e-05
641,0.9957479846944559,0.0012379120115748815,0.0685471581461776,18020.63746801758,2.9759950512061394e-06,5.672597885131836,1.4723522326676175e-05
642,0.8960159769130701,0.005916507848122245,0.327616014180507,15461.862040771484,3.2605414992665573e-06,4.400300979614258,1.5593746866215952e-05
643,0.9764562331370019,-0.0018100747648523696,-0.10022964475875049,16255.721175048828,3.153695043345825e-06,4.658891201019287,1.3105433936289046e-05
644,0.7577059137902563,0.005759485479015908,0.31892118202201925,24771.46002001953,2.595903021177417e-06,2.6758813858032227,1.0465986633789726e-05
645,0.23764184562418855,0.01065525951236581,0.5900158913180729,28483.728375,2.4248709648919735e-06,2.250507354736328,1.1852627721964382e-05
646,0.6561101898714703,0.01034608238878554,0.5728957624340539,40458.863872314454,2.0521577692067354e-06,2.0103654861450195,1.133631758420961e-05
647,0.5435236310434253,-0.0392717795152824,-2.174604378942196,42644.87147216797,2.0388400164649997e-06,26.149560928344727,5.354039603844285e-05
648,0.274577784703165,0.03787476839109169,2.097247392689157,30028.217239257814,2.413370625087765e-06,6.460084915161133,5.435911225504242e-05
649,0.9164052499215982,0.007843556913465373,0.4343229011017094,70860.30468701173,1.5755134522197554e-06,22.33264923095703,2.8268252208363265e-05
650,0.99202969600822,-0.002762463747008028,-0.15296647707484276,25510.291772460936,2.5410744991889727e-06,14.317837715148926,3.431743607507087e-05
651,0.8921547264022484,-0.016299351810070414,-0.9025473828173597,24236.129002929687,2.599140379268271e-06,24.775577545166016,6.530422979267314e-05
652,0.9990959472047207,8.793272069189583e-05,0.004869116750731551,23459.85161328125,2.628317124352477e-06,3.4034667015075684,7.454914339177776e-06
653,0.8973122741464064,0.0012681873044361968,0.07022359820676496,19634.715924072265,2.8789779608413366e-06,1.8245741128921509,5.060142029833514e-06
654,0.604543685762045,-0.015534116452210032,-0.8601738468924849,17316.31451538086,3.087229222918029e-06,2.7912869453430176,2.406724524917081e-05
655,0.12200788111077275,-0.010841995539948584,-0.6003560640400587,14797.224841552734,3.337276472122601e-06,1.6121748685836792,1.4303807802207302e-05
656,0.10361928152629955,-0.013873406600583671,-0.7682150164021636,20867.172275146484,2.812762513853018e-06,4.020291805267334,1.4029327758180443e-05
657,0.667429301054116,0.04020863408912717,2.2264810212502453,38434.3186875,2.0967048262551828e-06,18.554046630859375,6.028827920090407e-05
658,0.6877683087592222,0.03269959004693958,1.8106811706359756,69083.70125683594,1.5837757316744012e-06,20.28685188293457,6.549503450514749e-05
659,0.8763261654759394,0.01704157535405654,0.9436466808076159,62724.60410888672,1.7207785568069774e-06,14.356828689575195,3.106243093498051e-05
660,0.8360757664299253,0.05204081593123385,2.8816668764334237,43665.162060058596,2.0220414880453997e-06,39.06007385253906,0.00011508901661727577
661,0.77389224852336,0.008340685495732721,0.46185050502592706,31603.672656738283,2.3074049100051838e-06,3.628196954727173,2.064965883619152e-05
662,0.9208336353941542,0.003224234778691232,0.17853622002922515,32048.41707861328,2.2545323252236633e-06,5.353285789489746,1.4312100574898068e-05
663,0.9888598659351651,0.000575706525419152,0.031878716641167266,32229.067110351563,2.2370556020143574e-06,3.707252025604248,7.62025320000248e-06
664,0.5866095824315792,-0.006994766900142547,-0.387322675938601,19548.625975097657,2.8855884665104664e-06,5.184319019317627,1.4855385416012723e-05
665,0.8785073366368678,0.01218013362730034,0.6744530614336217,18814.1455859375,2.9948402218678325e-06,4.191293239593506,2.793357452901546e-05
666,0.9833679296729341,-0.0009670471977904737,-0.053548504725654075,21132.841938720703,2.7592783212016286e-06,2.086958408355713,4.820822596229846e-06
667,0.9702675181949234,-0.002738039409596081,-0.15161402318188602,44573.43935400391,1.957325084704132e-06,9.363702774047852,1.4451425158767961e-05
668,0.9967170954449934,-0.0036082803703381457,-0.1998020560981976,40920.84101269531,2.0358601095509643e-06,36.94874572753906,6.209646380739287e-05
669,0.9884179236502015,-0.0008684710811684142,-0.048090029008198275,44630.23411669922,2.008997912899351e-06,15.843853950500488,2.409284388704691e-05
670,0.5632879258724938,-0.018077903098335756,-1.001031471579623,35029.45753466797,2.2063893993603667e-06,7.788674831390381,3.36580014845822e-05
671,0.9401992817775964,0.004936810035170113,0.2733670043219967,25961.5365859375,2.524359016704913e-06,7.091685771942139,2.085945561702829e-05
672,0.9183311371190962,0.0036711062055298843,0.20328092407935158,24789.111869628905,2.5554340326814273e-06,4.715351581573486,1.3552045857068151e-05
673,0.9058352215547487,0.0017449933607889513,0.09662587869541378,22044.681704589842,2.6999231608584187e-06,2.5808982849121094,6.92871162755182e-06
674,0.8965499174570829,0.004041497447557662,0.22379067501951475,19693.79621459961,2.8690125019111333e-06,4.872360706329346,1.353985680907499e-05
675,0.9014149817626278,0.0020106900502963898,0.11133835650020689,19718.94211352539,2.8612277437066493e-06,1.986202359199524,5.192943717702292e-06
676,0.7915158953281426,0.001946159920292315,0.10776511624950823,20743.98905102539,2.799188319844654e-06,1.5475741624832153,3.886264948960161e-06
677,0.5460072392057954,-0.009938615270365044,-0.5503330013132509,28771.16494946289,2.403146339417621e-06,1.9042260646820068,1.4193910828907974e-05
678,0.8456405782125083,0.0103570003225199,0.5735003234394573,45252.537430175784,1.949638760290158e-06,15.667989730834961,2.684148603293579e-05
679,0.9353806329579277,0.004391191681257563,0.24315436623189587,40897.612265625,2.0530270960828255e-06,8.978604316711426,1.7049382222467102e-05
680,0.8940870679087987,0.012388265536058351,0.6859779927142796,46477.817553710935,1.9756820323343434e-06,20.320348739624023,3.3065080060623586e-05
681,0.9862537141325787,-0.011803353663820546,-0.6535895464976105,47774.2943203125,1.8904121583542379e-06,80.83136749267578,0.00012501170567702502
682,0.8845773992825806,-0.004366548212624462,-0.24178977834045554,32275.161046875,2.246073754954016e-06,7.331676006317139,1.6077488908194937e-05
683,0.5985411489427221,0.009393237781545742,0.5201337006958332,32926.27066845703,2.242455340843935e-06,5.5062031745910645,1.9150205844198354e-05
684,0.3310688040525934,0.012513328782818712,0.6929031457734623,24374.314127441405,2.568781566883744e-06,2.702399253845215,1.72046111401869e-05
685,0.7511677501465973,-0.003128631764829245,-0.17324237454653074,23322.866197265626,2.6788349732427438e-06,2.6990816593170166,7.904425729066133e-06
686,0.48223828273098845,-0.01013609500277325,-0.5612680874271891,23186.003905761718,2.688866359995909e-06,5.911134243011475,1.766413333825767e-05
687,0.7027118194454193,-0.01764706756990341,-0.9771747266524353,22064.202818847658,2.717774417001675e-06,11.913601875305176,4.187464219285175e-05
688,0.5960281606976771,-0.02355792778920668,-1.3044780135129181,39065.07509960938,2.06481555687994e-06,18.999221801757812,3.654773536254652e-05
689,0.4438563254829424,0.020810459748463527,1.1523418967861783,44456.39318652344,1.9530823120209084e-06,8.103904724121094,3.1637864594813436e-05
690,0.9895214844314603,0.00048027330436871776,0.026594273130985252,40886.08153369141,2.0028685858403077e-06,2.8819568157196045,4.840269866690505e-06
691,0.578198464353268,-0.02342806482676712,-1.297287084803574,47037.81187451172,1.9021670892402307e-06,9.592940330505371,3.628769991337322e-05
692,0.8871226392048902,0.023909838066129722,1.323964414145561,55311.649080078125,1.7916810137126046e-06,50.433197021484375,7.766421185806394e-05
693,0.30237336860485664,-0.03151737829557838,-1.7452183145322293,41238.094894042966,2.0762997506433055e-06,14.397034645080566,6.42968516331166e-05
694,0.7840652005966353,0.07114522495039804,3.939539272921349,47159.16538085938,1.944530755425403e-06,72.153564453125,0.0001862829230958596
695,0.5213171713190247,0.02661174761821073,1.473577811246007,34324.84448681641,2.1719818944050015e-06,14.271596908569336,5.318762123351917e-05
696,0.979463943903093,-0.00126934801899174,-0.07028787069419334,28671.46319580078,2.3979051637171524e-06,6.475943565368652,1.2160578990005888e-05
697,0.8071092854957137,-0.012550857478228402,-0.6949812299952924,30193.691383300782,2.3428044037356987e-06,14.165684700012207,3.36868324666284e-05
698,0.5100026275058827,-0.00959663586721053,-0.5313965050101369,21366.798856933594,2.7473070732546457e-06,3.0836431980133057,1.711034929030575e-05
699,0.47269082062637124,-0.011265694980066318,-0.623817660871362,26774.90495605469,2.48776315329006e-06,3.591264247894287,1.994542071770411e-05
700,0.5213681975653918,0.024166364359457817,1.3381690977038396,25712.149059082032,2.507692566121597e-06,14.532108306884766,2.5269731850130484e-05
701,0.9612885322739967,0.0037541170245513774,0.2078774993497304,32533.97350341797,2.2666893614424655e-06,6.75738525390625,1.4518427633447573e-05
702,0.9883955029921635,0.00107920770599539,0.05975919177109031,43342.8671430664,1.9717927604158647e-06,5.4974236488342285,8.994216841529123e-06
703,0.986776085034508,-0.004284050788828117,-0.2372216314101854,51503.75188427734,1.8598389885586885e-06,19.368356704711914,2.816965752572287e-05
704,0.9992660070469571,-0.00016502949126438304,-0.009138212191746405,35268.0201796875,2.2319677199141314e-06,12.350701332092285,2.1613450371660292e-05
705,0.9882746636780263,-0.01688314044239653,-0.9348736316378142,44519.376615234374,2.001292883678734e-06,117.14422607421875,0.00017630956426728517
706,0.9181218824468894,0.0017826587164571181,0.09871153023403421,30211.992359375,2.3753996558647112e-06,3.621547222137451,6.93787342243013e-06
707,0.7058873543827153,-0.010772578973781272,-0.5965122461478795,31151.266296875,2.2874453098897444e-06,7.119079113006592,2.553194462961983e-05
708,0.747267553278042,-0.016102678478653803,-0.8916569497125071,28559.661760742187,2.40962884462238e-06,12.965149879455566,3.6913454096065834e-05
709,0.8018968439039236,0.020795663669568847,1.151522590445781,21058.366100097657,2.781871411299624e-06,5.012063503265381,3.814978481386788e-05
710,0.7089183883291754,0.007680239028602381,0.4252794660456424,18399.09390600586,2.972881178801119e-06,3.257765054702759,1.6684063666616566e-05
711,0.8382983712103551,-0.0026387963788582994,-0.14611861829100525,16200.622876953124,3.1888710222097594e-06,2.875859498977661,7.909437044872902e-06
712,0.945568879684068,0.002087410268421552,0.11558660102458486,16509.783927490233,3.1562237058939296e-06,3.7092692852020264,1.1588167581066955e-05
713,0.9984864033794594,-0.00011087643688196858,-0.00613958389818341,22554.322747558595,2.697005971503636e-06,8.49833869934082,1.9126971892546862e-05
714,0.8242533890335243,0.029036823388514398,1.6078620340252878,25526.727711914064,2.5381411821782195e-06,8.53817081451416,7.110224396456033e-05
715,0.9387883145694034,0.007899922158548362,0.4374440254890044,28620.952438964843,2.4053260033505404e-06,17.836959838867188,4.838614404434338e-05
716,0.9860970363963576,0.0032328508906106926,0.1790133217786436,42798.01284375,2.0050963943833454e-06,14.663602828979492,2.6754540158435702e-05
717,0.9962383970432193,2.4847602258888378e-06,0.00013758914249700904,62985.10593652344,1.6870984049548611e-06,9.074301719665527,1.2202659490867518e-05
718,0.9980093548902348,-0.003494545525877191,-0.19350419300526453,60587.37191113281,1.7457300286057238e-06,50.387874603271484,6.328132440103218e-05
719,0.9916227489086287,0.005735919356645211,0.3176162502482487,62619.136291503906,1.6654190547479172e-06,64.10977172851562,8.866476127877831e-05
720,0.8258678786162068,0.00970290568558573,0.5372810056678721,27160.866150390626,2.4673020465525337e-06,6.708764553070068,3.08250128000509e-05
721,0.6666695710773322,-0.018100087201862004,-1.0022598765377508,26244.60296923828,2.48089517957854e-06,17.5416259765625,3.752651537070051e-05
722,0.8389407914020391,0.026060249238217304,1.4430395772541775,21937.301013183594,2.730101441731473e-06,7.609561920166016,5.857953510712832e-05
723,0.9322372272289403,-0.002985574465549417,-0.16532083309123466,23914.16811669922,2.5996881454138183e-06,4.428280353546143,1.1703959899023175e-05
724,0.4880652279973122,0.010001739499989119,0.5538283923510937,27943.754733642578,2.4340105084088945e-06,4.764312267303467,1.276692364626797e-05
725,0.9697301983507839,0.0023915698149974234,0.13242889057817062,36604.51855615235,2.1501555785127715e-06,5.4544358253479,1.0151245078304783e-05
726,0.9895448349262901,0.00350577300441668,0.1941258944992585,41361.63566015625,2.0459568384697457e-06,22.69513702392578,3.918599759344943e-05
727,0.9704602800623309,-0.008902900966762118,-0.49298217871883454,38747.36651904297,2.1766089248549936e-06,36.10078811645508,5.454934580484405e-05
728,0.7986790497622032,-0.016780343230962533,-0.9291814203632928,47169.16475878906,1.8964901640742332e-06,25.34649085998535,3.957454828196205e-05
729,0.5742082367053318,-0.007690716590842823,-0.4258596422691272,17102.14148950195,3.0756338214455868e-06,3.687793254852295,1.7310137991444208e-05
730,0.6571151053754684,-0.015110745930124068,-0.8367304633074626,24943.72080908203,2.5780346680501783e-06,4.824084758758545,2.9971452022437006e-05
731,0.6922605550007126,-0.0067866442965598605,-0.37579825991534344,19325.850138427733,2.9002353302113985e-06,1.74666166305542,1.1805485883087385e-05
732,0.8562632139283322,-0.0042889482209592465,-0.23749281793367322,19989.22501269531,2.8417375144797855e-06,2.3755414485931396,8.749023436394054e-06
733,0.9949404161847911,0.0006141149866329778,0.03400551631703921,23189.07644995117,2.659405745132891e-06,4.629318714141846,1.0140061931451783e-05
734,0.4708727477630304,-0.00910984659893601,-0.5044414220605623,29324.272925048826,2.381395261126018e-06,4.341343402862549,1.3524889254767913e-05
735,0.9411882555729522,0.005924186388480299,0.32804119958571665,37838.23616772461,2.1308011602520948e-06,14.738513946533203,2.8528056645882316e-05
736,0.8719171267244256,-0.013974413145207006,-0.7738080727125926,42033.88629589844,2.0144092128870304e-06,18.103164672851562,3.299278978374787e-05
737,0.9848083837694829,-0.0077789554969595965,-0.4307457134887911,55806.855153808596,1.8130065156006396e-06,28.680723190307617,4.0193815948441625e-05
738,0.8964658493882778,-0.03703938750209357,-2.0509896737438513,63506.98240917969,1.719494266591085e-06,44.225624084472656,8.338611223734915e-05
739,0.574321148341982,-0.037647936099582495,-2.0846869612422085,38849.759052246096,2.108453479475499e-06,32.116355895996094,7.826190994819626e-05
740,0.7861383975128352,-0.029392033211152743,-1.6275311410860471,27716.86312841797,2.4257634823685872e-06,30.78522491455078,8.978890400612727e-05
741,0.6468810405122168,0.0406956162978316,2.253446787930196,20979.043529785155,2.78951855410246e-06,48.0778923034668,0.00010303288581781089
742,0.697133718933789,0.023035321296629115,1.2755396159854888,34255.20054248047,2.196095850936307e-06,17.54526710510254,5.3405081416713074e-05
743,0.6607209164177293,-0.023851549519181576,-1.3207367903658365,19384.170938964842,2.858774061843318e-06,5.33167839050293,5.324434459907934e-05
744,0.1915888462980597,-0.042760369308853505,-2.3677787839492472,19404.851778564454,2.8972376291771315e-06,6.580733299255371,5.740690539823845e-05
745,0.47378969746484295,-0.009407693272068467,-0.5209341475657857,15721.522595214843,3.2055914977447082e-06,3.501389980316162,1.70932926266687e-05
746,0.18224233816797486,-0.007308769650394831,-0.4047100152475516,17996.494052734375,3.003345672948016e-06,4.337367534637451,9.277589924749918e-06
747,0.235139862408626,0.05833512229292651,3.2302028059350167,21020.710426757814,2.78470566936691e-06,11.880453109741211,0.00012321826943662018
748,0.47181791323041566,0.015442115504816566,0.8550794593822166,20517.49504663086,2.84158019591325e-06,4.943880081176758,3.9462014683522284e-05
749,0.9975912874925825,-1.0779703986036893e-05,-0.0005969067809268559,23781.091807128905,2.6376037458728614e-06,1.8402998447418213,4.021296717837686e-06
750,0.41080111064155606,0.003901843868092978,0.2160576084463366,26657.181638916016,2.5011337365375263e-06,1.5934189558029175,8.173614332918078e-06
751,0.3759560625549567,-0.007911213631516844,-0.4380692705597661,29755.81326953125,2.3462697250515547e-06,2.8924341201782227,1.2638343832804821e-05
752,0.3162680704490903,-0.015480907170843538,-0.8572274783375555,32353.51712084961,2.2771910677910596e-06,5.399368762969971,2.459270035615191e-05
753,0.6516540063708871,0.024789779751580265,1.3726896072998436,44016.42152392578,1.9719913625521026e-06,16.497648239135742,4.877362516708672e-05
754,0.9320872869313801,0.009819086969651789,0.5437143359676324,54833.049394042966,1.7980676696039945e-06,29.713966369628906,4.46105987066403e-05
755,0.9369831844706354,0.00951733524559378,0.5270053752689059,68259.41193115234,1.6355479442294819e-06,30.899486541748047,4.100628211745061e-05
756,0.993376750250297,0.0006376148011647578,0.03530677641311537,50743.30021630859,1.8987426763759813e-06,13.385539054870605,1.8815928342519328e-05
757,0.9796412272756968,0.006698458926562317,0.3709151531622952,40492.43154003906,2.082281238061699e-06,27.0363712310791,5.103989315102808e-05
758,-0.055808148398004014,-0.011425067237273821,-0.6326426138702569,27658.176197265624,2.4480566284257765e-06,3.071909189224243,1.584207348059863e-05
759,0.8903427766250147,0.0050679043197841625,0.2806261152890734,26899.89912988281,2.4705413185044793e-06,6.7245001792907715,1.729430368868634e-05
760,0.8567523993603114,-0.009662907076528946,-0.5350661544062268,19724.7461796875,2.90244411481124e-06,7.197943687438965,2.8607215426745825e-05
761,0.8790713794575125,-0.004826110391072848,-0.26723721000728845,15032.899732666016,3.2676408174506495e-06,5.655029296875,1.9312819858896546e-05
762,0.9994573086774848,9.132458243925612e-05,0.005056935013606699,15342.215536376953,3.2306777062045577e-06,5.802074432373047,1.6372381651308388e-05
763,0.9159639619180249,-0.00353758320453932,-0.19588732729745398,14308.430546875,3.3637138959543213e-06,5.167807579040527,1.504787815065356e-05
764,0.9762939677543255,0.002465971831282081,0.13654876883201406,15245.483424316406,3.231344467570118e-06,5.587398052215576,1.6534633687115274e-05
765,0.4734540785179418,-0.014417639576895304,-0.7983509416915044,18802.67656640625,2.9637316148146354e-06,3.058800220489502,2.4355487767024897e-05
766,0.7483481056411952,-0.018735738235931436,-1.037457912868868,27088.420619628905,2.475787029221445e-06,8.056842803955078,3.047160316782538e-05
767,0.798049127604564,-0.016430136716637126,-0.9097893625297597,39694.35508349609,2.045748060034842e-06,12.254124641418457,2.7949356081080623e-05
768,0.9178478942860618,-0.016364591457128787,-0.9061599113028229,51134.238185058595,1.8689472281645673e-06,22.286657333374023,3.6320376239018515e-05
769,0.11345988951030526,-0.017001456002512384,-0.9414251436472155,33759.342697753906,2.2733234706946887e-06,7.833737850189209,1.5874251403147355e-05
770,0.9968617804215499,0.0027686954681492098,0.15331154745996975,86625.85527734376,1.4132684739009404e-06,97.32299041748047,0.00011852981697302312
771,0.5760573986092759,-0.00622463884514983,-0.34467821568230705,28821.67406640625,2.4057345671317317e-06,3.4928572177886963,1.2739292287733406e-05
772,0.8325128370201698,-0.0047885007815375216,-0.26515464531082494,22382.82602294922,2.6917330834836476e-06,5.495631694793701,1.5668994819861837e-05
773,0.4872509216350719,0.005520807080092034,0.30570479361627384,28966.074993164064,2.3779511397118675e-06,1.5989948511123657,8.526479177817237e-06
774,0.7365999776412593,0.006877218869863606,0.38081366451778825,20303.672828857423,2.8309264081397947e-06,4.347984790802002,1.563683690619655e-05
775,-0.12769896168213316,-0.01198889710763227,-0.6638636820314989,18097.367559814455,2.9888990000712254e-06,2.4106011390686035,1.584027450007852e-05
776,0.25514824861786195,-0.011781911773225677,-0.6524022402498185,15463.70723828125,3.2360514136980713e-06,4.343567371368408,2.0453782781260088e-05
777,0.6913170520292204,-0.011568283292234713,-0.6405729461367534,21252.747920410155,2.7954282638571237e-06,7.06736421585083,2.67911145783728e-05
778,0.7001734108981296,-0.024384369954011782,-1.3502407666325793,42763.679609375,1.9916450847738567e-06,15.346567153930664,4.0236209315480664e-05
779,0.7917985342221837,-0.04579552195565677,-2.5358449199369972,45519.14508349609,1.9417472301560196e-06,34.404151916503906,9.101918840315193e-05
780,0.7789833312811855,-0.013168898521399687,-0.7292041446539795,54494.895270996094,1.8151047272409138e-06,7.845848560333252,2.1994321286911145e-05
781,0.6392984297523667,-0.12477581957667183,-6.9092372942240186,71516.53024560546,1.578960466214426e-06,60.6422233581543,0.00020007813873235136
782,0.6071901497111111,0.02400486314365527,1.3292262574398268,38649.60837158203,2.1343175226939075e-06,28.621198654174805,6.672572635579854e-05
783,0.9849074039344635,0.0016028304166134518,0.08875386055050001,39713.89256640625,2.0630229662681745e-06,17.54178810119629,3.517423101584427e-05
784,0.3647320916631322,0.04464909843548862,2.4723637729696226,32862.583270996096,2.2557647722553052e-06,21.284015655517578,8.754829468671232e-05
785,0.3129476467050507,0.013684337623001457,0.7577456607567844,21496.175103759764,2.7638710515302075e-06,5.6714558601379395,2.7152782422490418e-05
786,0.7871555100349318,0.010964629489433612,0.6071466991181903,20963.083038330078,2.7927200260720486e-06,5.523247718811035,2.3788981707184575e-05
787,0.20942640118398426,-0.019295975102543526,-1.0684800248896744,27017.068740234376,2.4626838904557443e-06,7.029896259307861,2.002337532758247e-05
788,0.9960332643837801,0.0008067802912687148,0.04467401212502941,33761.475907226566,2.21868566751719e-06,5.1594038009643555,1.0581372407614253e-05
789,0.6635495161095626,0.009126267944834215,0.5053507246472828,36638.50511279297,2.141722312541905e-06,3.0530073642730713,1.6963482266874053e-05
790,0.9852535747017359,0.0017672695716271574,0.0978593839307992,44380.72049169922,1.962159893059206e-06,12.280583381652832,2.1470759747899137e-05
791,0.45854637074276244,-0.062300591190809364,-3.4497835363304756,47588.527982421874,1.911938731868956e-06,38.07159423828125,0.00014342299255076796
792,0.9148537735523331,-0.03269194481933242,-1.8102578298646195,50498.194389160155,1.8592690075173324e-06,57.58395767211914,0.00010135517368325964
793,-0.055260005006911354,0.0894873833159366,4.955203406130021,34057.918528808594,2.1980504090236684e-06,18.5130558013916,0.00020303699420765042
794,0.8448821940344914,-0.011680787388432303,-0.6468026587512535,28766.000710449218,2.392154272331955e-06,11.223851203918457,3.64859115506988e-05
795,0.5718176159874331,0.02017543326120579,1.1171784436149879,26337.30504394531,2.509786389860747e-06,5.495372772216797,3.7491758121177554e-05
796,0.7039521541815713,0.0069549512460985955,0.38511795548276495,21330.36380395508,2.7538114632935066e-06,2.6827006340026855,1.2396886631904636e-05
797,0.8863841572447403,-0.0023238677508295373,-0.12868001016022015,18924.84707470703,2.955278340380077e-06,1.5567313432693481,5.713593964173924e-06
798,0.9216495588271753,0.0045908285195794905,0.25420889821825765,26403.4563046875,2.4910672708834103e-06,5.757487773895264,1.5340192476287484e-05
799,0.9925907527114792,-0.0028202788998791797,-0.15616788750631797,46469.94141699219,1.957265368783855e-06,18.820362091064453,3.227335400879383e-05
800,0.9889555388441086,0.002609056983787472,0.1444718526097367,70449.19944921875,1.583464419875613e-06,32.9378547668457,3.8845468225190416e-05
801,0.952156827167236,0.008184540097945892,0.45320423358190526,34542.669484375,2.2062302112499706e-06,16.524309158325195,4.18579948018305e-05
802,0.8948671839730046,0.0065616417780360965,0.3633391488668004,31782.853959960936,2.2517087841471636e-06,6.930509090423584,2.1582171029876918e-05
803,0.8695881829080255,0.0038484328571040116,0.2131000694752508,22450.63116796875,2.6921985303679564e-06,4.679717063903809,1.5605966837028973e-05
804,0.647192798282751,-0.004274907082612847,-0.23671531507257845,26165.68519970703,2.4909435069776037e-06,2.5497193336486816,8.198450814234093e-06
805,0.7316906081715437,0.012564233938429419,0.6957219274958109,22392.94577294922,2.7384654187526534e-06,4.517411708831787,2.7677499019773677e-05
806,0.8408604662995505,-0.007989817136727806,-0.44242179872991033,26221.444762939453,2.523742928153315e-06,5.842977523803711,1.7571484931977466e-05
807,0.7211924447408264,0.006064295218577727,0.3357994748464486,19881.205146240234,2.8693509259737425e-06,2.7064218521118164,1.1917478332179599e-05
808,0.9958673973564431,0.0001248837655793338,0.006915214610581343,24569.76326489258,2.6197477118901686e-06,2.592637777328491,5.9925910136371385e-06
809,0.8604265733312425,-0.003663681424221492,-0.20286979012654371,37201.38045507813,2.1472102775744923e-06,3.4316227436065674,7.184359674283769e-06
810,0.7259069488225919,-0.01226796884393063,-0.6793167790717605,48049.483491210936,1.8866533409623906e-06,7.388341426849365,1.4916803593223449e-05
811,0.9498833058382432,-0.006886260182019786,-0.38131431096795887,64019.06451245117,1.675253025440347e-06,14.228606224060059,1.939606408996042e-05
812,0.9357220262202902,0.02091206067809874,1.157967866100947,51435.68507373047,1.8977932827496143e-06,50.35371780395508,6.489134830189869e-05
813,0.8950412046331732,0.01988401938395854,1.1010419226483281,64158.28326953125,1.6476479509994654e-06,32.782920837402344,5.280934783513658e-05
814,0.8117655921342456,0.05973681625221783,3.307819095785737,50124.54632714844,1.8131293318110762e-06,37.00837707519531,0.000167865859111771
815,0.9988977736685213,-0.00045548211004631066,-0.025221505194362108,33477.03802832031,2.192043602054958e-06,6.7618231773376465,1.2943352885486092e-05
816,0.8810004847323359,-0.00406890836582369,-0.2253085054725233,30261.650930664062,2.30748071069549e-06,5.325377941131592,1.1793867088272236e-05
817,0.5358673403240357,0.011025426957754788,0.6105132499206152,26478.583346191408,2.494349306870751e-06,5.689652442932129,1.9602888642111793e-05
818,0.9946620854677044,0.0005081227719432402,0.02813638746566158,18699.26978588867,2.9369643593804597e-06,3.5313363075256348,9.114004569710232e-06
819,0.8950730480747485,0.001353536956987218,0.07494968219046677,19049.429432128905,2.9327927320241286e-06,0.8632532358169556,3.265639861638192e-06
820,0.9389764221147043,-0.0017383257773468835,-0.09625667321684764,18249.786033203123,3.0187405938181307e-06,2.38163685798645,7.048119641694939e-06
821,0.8880227935723365,0.010472274105614599,0.5798834025000182,33173.7959519043,2.254983518516586e-06,5.673398494720459,2.0654002582887188e-05
822,0.9420105478068526,0.01917604684965724,1.0618392129095626,40145.238388671874,2.1086445019022053e-06,40.695735931396484,8.156317926477641e-05
823,0.9301896109088342,-0.005833568343001854,-0.3230233877895406,39377.630796875,2.1361917297765775e-06,9.930927276611328,1.38432951644063e-05
824,0.9971766508136573,0.001540941243990192,0.08532685857970117,49456.69963720703,1.8604665707438786e-06,44.97196578979492,6.638594641117379e-05
825,0.6438327070978522,-0.020240453330973178,-1.12077881340165,27334.593795410157,2.468251407709167e-06,21.31973648071289,4.547483695205301e-05
826,0.7693974981901993,-0.007575733899053933,-0.41949268186771793,29975.718232421874,2.3360495243027328e-06,9.941352844238281,1.8871971406042576e-05
827,0.8475259568976562,0.008161462906791978,0.4519263754976426,25168.127196777343,2.5837364021498508e-06,8.929677963256836,2.687537380552385e-05
828,0.8387822288155498,-0.008079276752541411,-0.44737546456038413,22808.520615722657,2.658874077474593e-06,8.834076881408691,2.0786636014236137e-05
829,0.5127688422090125,0.011909165620021202,0.6594486938583469,21574.821895996094,2.757252674221792e-06,7.324969291687012,2.2829726731288247e-05
830,0.8444187866993513,0.004089253991235558,0.22643510800133781,19827.55148730469,2.856558376515403e-06,1.931372046470642,7.698798981436994e-06
831,0.8652316062715742,-0.0036383339657684874,-0.20146622006103368,34931.829864257816,2.184720240165368e-06,5.691245079040527,1.1066355000366457e-05
832,0.994772082051593,-0.0028225840449795474,-0.15629553078327735,49080.109935546876,1.8994995387704391e-06,24.285444259643555,3.985750663559884e-05
833,0.9982143705454887,0.0024201218628387986,0.13400990903544371,60587.73936621094,1.735498256382295e-06,70.3785629272461,9.207271068589762e-05
834,0.7536631479089332,0.03873720939215189,2.1450035168228996,47091.592688476565,1.9257576343639994e-06,39.35200500488281,9.31006798055023e-05
835,0.9482605476315039,-0.001838008028795994,-0.10177639916712446,41259.31203076172,2.0305584400648125e-06,6.678795337677002,1.0654357538442127e-05
836,0.5557612831931086,-0.011397170595152469,-0.6310978873296308,38931.071387207034,2.071404630700234e-06,9.703597068786621,2.5935707526514307e-05
837,0.6490037568124605,-0.007720062601216146,-0.42748462497808437,26133.466780029295,2.5097767823498004e-06,6.670846939086914,1.620770308363717e-05
838,0.8230416849548194,-0.0024077076911714966,-0.13332249653715983,20921.746646484375,2.790237627055025e-06,3.135207414627075,9.322252481069881e-06
839,0.8268386976296231,-0.0062064565013809055,-0.34367140099584886,18401.913279052733,2.970644520300872e-06,2.6053922176361084,1.5532825273112394e-05
840,0.9563575524193273,-0.00195693052258468,-0.10836151904046673,29095.340371826172,2.3793188837640295e-06,4.017275333404541,6.307428520813119e-06
841,0.9206664609466282,-0.004876195566944542,-0.27001058682175877,63640.536887695314,1.6629341805285415e-06,9.665708541870117,1.3206251423980575e-05
842,0.8861441482912449,0.00782149175875388,0.433101082720931,78486.41998925782,1.5106833246824022e-06,13.645063400268555,1.9668439563247375e-05
843,0.9278690218618454,-0.03677626881835989,-2.0364199483865857,72582.3349580078,1.5635875603166007e-06,85.02912139892578,0.00012747467553708702
844,0.93173545063799,-0.022256552606279408,-1.2324166960383922,54123.363923828125,1.8183164493118918e-06,76.03082275390625,0.00013257155660539865
845,0.6161012525725035,-0.01616135069044727,-0.8949058182451551,41707.82186328125,2.000461736446723e-06,21.046850204467773,3.575827940949239e-05
846,0.871036718101505,0.028649254082053745,1.5864010785662934,33844.698954101565,2.193625414831047e-06,24.15489387512207,8.200219599530101e-05
847,0.7730120212285545,-0.013026161566831061,-0.7213003417127091,23252.26080126953,2.64187166943676e-06,14.29031753540039,3.280036253272556e-05
848,0.6095701902044703,-0.009483502596859055,-0.5251319530049335,24183.215182861328,2.588236049008588e-06,5.430627822875977,1.718616476864554e-05
849,0.621904965230507,0.00644109321347465,0.35666398823985435,26382.25555419922,2.5308316521247074e-06,3.3391802310943604,1.0742708582256455e-05
850,0.8725923498917394,-0.013437046932355031,-0.744052382138175,21563.54384790039,2.7491377674681314e-06,6.916034698486328,3.201515937689692e-05
851,0.876962278915262,-0.00908830988427114,-0.5032488650999075,41568.09538647461,2.0185188390240694e-06,10.70417594909668,1.7619264326640405e-05
852,0.9080392934750787,-0.019437873495790174,-1.0763373940012257,39157.457651367185,2.104108340135014e-06,28.548219680786133,5.944086660747416e-05
853,0.81849905735776,0.018982333454958592,1.051112680993495,52819.20582666016,1.825534170513593e-06,18.006261825561523,3.888771607307717e-05
854,0.6840460467691537,-0.07579304464066287,-4.196903955034889,68693.36933740234,1.6222916188936915e-06,68.69374084472656,0.0001495620235800743
855,0.8516339657937918,0.02771529306883081,1.5346846619897152,37785.35576464844,2.095929932244505e-06,28.49994659423828,8.942183922044933e-05
856,0.9898452693381751,0.0022716455933225175,0.1257883018191611,26979.67086328125,2.452342236041905e-06,14.973103523254395,3.175530946464278e-05
857,0.8584956610814913,-0.005954048918406542,-0.3296947836388312,29451.805780273437,2.363643417086064e-06,5.916004180908203,1.849718319135718e-05
858,0.9743602357722884,-0.002918841689883451,-0.16162562528620747,23225.630635253907,2.6640126950450645e-06,7.70359468460083,2.0436315026017837e-05
859,0.9360762030038812,-0.004784180215837202,-0.26491540173165967,26846.44304663086,2.494745048324576e-06,9.434136390686035,1.8079263099934906e-05
860,0.8421819516966982,-0.0035962339436860355,-0.19913500682078727,16039.698160888673,3.2110845477551976e-06,3.1209864616394043,8.68263032316463e-06
861,0.7683637693697528,-0.005488833853287218,-0.30393433350784904,22999.614271728515,2.7129396009592563e-06,5.144992351531982,1.3012147064728197e-05
862,-0.19630927894958985,-0.0546494398478974,-3.026114748727634,36879.64165185547,2.1442594281108272e-06,17.050935745239258,6.444853352149948e-05
863,0.9446707486358448,0.00539743778702892,0.29887344020592865,48924.44434716797,1.8415678066954168e-06,13.725878715515137,2.170975312765222e-05
864,0.3681996867260322,-0.017355658672252965,-0.96103848142202,51399.46153027344,1.823606114729178e-06,11.754780769348145,2.5729539629537612e-05
865,0.4914539002322048,0.04779546356086586,2.6465881005617495,64502.83687060547,1.6493792770526701e-06,16.26110076904297,5.7287350500700995e-05
866,0.9804774054728562,0.00715276990705234,0.3960718091572361,44347.407133789064,1.9956396477896265e-06,39.67097091674805,6.390756607288495e-05
867,0.9959989022372272,-0.0032749040232231165,-0.1813419385985569,50260.79660351563,1.8387764619756688e-06,43.67582702636719,6.510518142022192e-05
868,0.8677482940882122,-0.0064299993888786685,-0.3560496875933495,28828.232186035155,2.3980298097282952e-06,9.912372589111328,2.201720781158656e-05
869,0.6778293027335042,-0.008909217234965563,-0.4933319307459471,23857.67248828125,2.6160378053034134e-06,6.69692850112915,2.528689401515294e-05
870,0.6786913397476007,-0.010316290941730777,-0.5712461144675007,22966.058885253908,2.674010868126486e-06,5.239833831787109,2.1415708033600822e-05
871,0.8165305300514416,0.014831982387836945,0.8212944319580017,22101.41965356445,2.7138204725031447e-06,11.811737060546875,3.4788146876962855e-05
872,0.8504121905067561,0.014579165947750994,0.8072951748714838,31271.205134765623,2.27882551961204e-06,8.950666427612305,3.4084565413650125e-05
873,0.7640461635075185,0.021193111849881638,1.173530570832167,39401.20006445312,2.042149161453015e-06,22.502696990966797,6.14075324847363e-05
874,0.886481895340105,0.011798104303653913,0.6532988725901407,39613.356314941404,2.1119776655968017e-06,15.953178405761719,3.479840233922005e-05
875,0.8392733835779729,0.016136583482424607,0.8935343785068743,35768.018473632816,2.2246420770011574e-06,12.231546401977539,3.3366046409355476e-05
876,0.9923229323099093,-0.0011509788639388946,-0.06373339096124826,42045.94550927734,2.0140892583002284e-06,17.416248321533203,2.993891575897578e-05
877,0.5982323473123196,-0.015473488113715688,-0.8568166613509822,25007.514600097657,2.558707576220013e-06,6.092928886413574,3.2766591175459325e-05
878,0.9907647953697222,-0.0013632194263938598,-0.07548583157382902,15308.540916015625,3.25713978250027e-06,9.2167329788208,2.3241665985551663e-05
879,0.4528718930803231,0.00587546096626402,0.3253431166919661,21998.31200708008,2.7196505282531736e-06,2.3269550800323486,8.732222340768203e-06
880,0.9711429266087446,0.0024829419786714883,0.13748846031734482,19335.480884277345,2.931184580825823e-06,3.759023666381836,1.0936316357401665e-05
881,0.8650360168942368,0.002842191436291761,0.15738125492242871,16744.244579589842,3.138704549735226e-06,2.014617919921875,6.119456429587444e-06
882,0.7189587024568548,0.0068758546859855225,0.3807381252814313,22165.248982421876,2.7579063222717876e-06,2.9471747875213623,1.1371070286259055e-05
883,0.9978011194503479,-0.0017617036565754827,-0.09755118136413216,50069.77467041016,1.8471677296791502e-06,54.52970504760742,8.722888014744967e-05
884,0.8481876907205359,0.013006381880081847,0.7202050770226484,86614.89845214844,1.425563138360044e-06,15.922986030578613,2.3399903511744924e-05
885,0.9929766500587098,0.006761735977002983,0.37441900637885933,67189.35251757813,1.6856758832519134e-06,44.73082733154297,5.527318353415467e-05
886,0.8219497811954756,-0.0701994731881943,-3.8871699647599955,46976.04000585937,1.9210255179818412e-06,99.53463745117188,0.00022249082394409925
887,0.8094887174952508,-0.007657644304595028,-0.42402832371458876,30081.99868017578,2.311647769961135e-06,8.247591018676758,2.3900356609374285e-05
888,0.9428306206387111,0.021169623241653588,1.172229931265068,40169.57444921875,2.014277339755459e-06,56.24729537963867,0.0001060212598531507
889,0.5469343752039192,0.007919847261099048,0.43854734231835085,22086.00430859375,2.719309802758172e-06,5.134977340698242,1.519745637779124e-05
890,0.7389359734426134,0.008067489781736775,0.4467227821853404,21915.23423803711,2.7642906264997296e-06,7.075240612030029,1.8907563571701758e-05
891,0.9908077890269386,-0.0020058708736262177,-0.11107150323256278,19385.558930908202,2.883713686168997e-06,5.622616291046143,1.5902536688372493e-05
892,0.4157551985960749,-0.027608080490128997,-1.5287479576692014,19631.074810546874,2.91392209927462e-06,6.189627170562744,3.48646062775515e-05
893,0.9035862877824188,-0.0070530595740716405,-0.39055052824249586,29034.13054199219,2.368205653876656e-06,11.008764266967773,2.3921333195175976e-05
894,0.999233648061241,-0.002011661056984209,-0.11139212425459379,45148.076169433596,1.9503652517446625e-06,19.830856323242188,2.981877696583979e-05
895,0.9897507001492433,-0.006943755374824988,-0.3844980041844494,55583.85775830078,1.75487472081284e-06,31.91016387939453,4.474623710848391e-05
896,0.7862261312264095,0.04556328028335661,2.5229849537274127,63959.46187060547,1.6410736713282892e-06,30.560874938964844,7.062681106617674e-05
897,0.5697112587067461,-0.048937094339965,-2.7098038580854973,41551.15414404297,2.0592162759335667e-06,44.01567077636719,0.00010903073416557163
898,0.8998479810503824,0.024270166544545196,1.3439169575925662,39050.35934277344,2.0718729020822966e-06,16.852624893188477,7.202602864708751e-05
899,0.98466842473691,0.0015207779943373465,0.08421035478155474,23097.22748486328,2.643645357086527e-06,8.037577629089355,1.8128243027604185e-05
900,0.7921264624412658,0.02124148030174864,1.1762088871328507,23826.313060791017,2.6148936965793474e-06,20.200464248657227,5.5729968153173104e-05
901,0.6908818358130967,0.011211604683830667,0.6208225076976548,20057.984791015624,2.8307109790142284e-06,2.65118145942688,2.0653296814998612e-05
902,0.9986960137145617,0.00010404409156421224,0.005761255026158236,20989.338821777343,2.7901897769822835e-06,3.9498167037963867,9.682025847723708e-06
903,0.7852498189459034,-0.005340008464569609,-0.2956933944417406,19958.354951660156,2.872384137265884e-06,2.96826434135437,1.0189927706960589e-05
904,0.7758563276104807,0.005833440327656817,0.3230162991693323,24629.078768066407,2.614380675513321e-06,2.296562671661377,1.0396735888207331e-05
905,0.6907965036539473,-0.0016306366543723395,-0.09029358111164378,35665.448999023436,2.1652082118815206e-06,0.9027160406112671,2.426576202196884e-06
906,0.9233071393267847,0.005908016521456232,0.3271458221907666,42526.15644042969,2.0031464777560386e-06,9.3153657913208,1.6316040273522958e-05
907,0.7883407037667791,0.01679332263453727,0.9299001315650274,35748.6415546875,2.2474822734924044e-06,12.94746208190918,3.446428308961913e-05
908,0.949085800401393,-0.011483069927109619,-0.6358544088249078,50858.972065917966,1.9042251512028508e-06,29.8089542388916,5.382239032769576e-05
909,0.5583656982504008,0.04966367184718811,2.750036784842316,45379.12926123047,1.9347528381934986e-06,30.053142547607422,0.0001011951026157476
910,0.985970279261832,0.0012348056475801053,0.0683751488094731,27531.89219824219,2.4145676066726714e-06,5.694972991943359,1.2377435268717818e-05
911,0.9990142607773176,0.00010123751026628946,0.005605845618801355,27103.262226074217,2.462102341848127e-06,4.173327922821045,8.782814802543726e-06
912,0.9796361875981693,-0.0011361962927221483,-0.06291483258429843,20144.43820361328,2.8386417639557604e-06,3.784449577331543,8.739665645407513e-06
913,0.8224523660256845,-0.0028696372781284304,-0.15890101920554583,21005.19723730469,2.8377176188630217e-06,2.475757122039795,7.847442248021252e-06
914,0.941963609986029,0.004294270553423561,0.2377875325512927,26393.126211914063,2.5030212930025166e-06,2.80375599861145,9.830164344748482e-06
915,0.9957856155742193,0.00019723994768446973,0.010921808464779808,26029.303733642577,2.560887877442663e-06,2.924419403076172,6.037382263457403e-06
916,0.767220143221101,-0.013836910996389899,-0.7661941377541502,51471.27375537109,1.8549520570633363e-06,13.320953369140625,1.8854061636375263e-05
917,0.8799445209847666,0.02320240388805285,1.284791514917486,32735.683876220704,2.2738364833688554e-06,14.347856521606445,5.106593016535044e-05
918,0.7730741571018636,0.026585619938891598,1.4721310378489196,61158.63924414063,1.6883280028717612e-06,28.2268123626709,5.535059972316958e-05
919,0.8606632029175656,0.026381141125381084,1.460808390167833,41921.933639160154,1.9851891650092492e-06,7.0706915855407715,4.469240957405418e-05
920,0.6861846793408092,-0.007455017260616903,-0.41280821445125687,25669.533645019532,2.51595701152517e-06,7.50014591217041,1.6491467249579728e-05
921,0.8310353625068052,-0.006189870613224093,-0.34275298717657143,29803.56418408203,2.3418586841021217e-06,5.1712646484375,1.5748175428598188e-05
922,0.0061180993382047655,0.007330385648681641,0.40590696239662116,30971.386572753905,2.313745638780938e-06,2.5421831607818604,6.708086857543094e-06
923,0.9575607476161032,-0.0005412340747356761,-0.029969866491405556,27688.9804921875,2.4567997076500836e-06,0.9626635313034058,2.0025634057674324e-06
924,0.7596436480594726,-0.007219540939999602,-0.39976913539062225,20182.537615234374,2.8537341662300558e-06,3.516788959503174,1.4270598512666766e-05
925,0.33172108114284377,0.03626355038323213,2.008029084311803,32733.629302978516,2.2774801841562995e-06,12.1655855178833,4.083153180545196e-05
926,0.9745084999544931,0.003991548250150489,0.22102482776871682,57695.05616308594,1.7430999279871963e-06,12.564240455627441,1.7376645701006055e-05
927,0.9042125147151472,0.012314471249972555,0.6818917664305779,55157.768415527345,1.8063529457163532e-06,13.516156196594238,2.629790651553776e-05
928,0.9677507478627152,-0.004151637262599817,-0.229889469804033,54481.488622558594,1.794920917892794e-06,13.038932800292969,1.8451097275828943e-05
929,0.8881990002165226,0.03144246438722675,1.741070091172966,44473.95980078125,1.910698557175924e-06,41.19812774658203,0.0001137496146839112
930,0.6822754151930647,0.006593257715320736,0.3650898247086421,25975.137209472658,2.5223195728041704e-06,5.079756736755371,1.4860434930596966e-05
931,0.5266017284056703,0.0053638688941695135,0.29701462295065506,24240.77160986328,2.587185038494423e-06,2.4292733669281006,9.943040822690818e-06
932,0.9332020964435376,0.001532690545850513,0.0848699909631753,20987.921634033202,2.8000398107271397e-06,2.310236692428589,5.928543032496236e-06
933,0.9566209593517707,-0.0020162819469046085,-0.11164799774898433,25668.38898925781,2.5729432933056398e-06,3.851875066757202,8.926283953769598e-06
934,0.673674813144521,0.006694536287939389,0.3706979440815835,20250.09210083008,2.873136993213183e-06,3.255192756652832,9.714441148389596e-06
935,0.9500211587196837,0.0027610715648503444,0.15288938748395203,25981.21445629883,2.531886087421528e-06,4.244221210479736,8.845968295645434e-06
936,0.9705245101143136,0.0045240053554877115,0.2505086853162116,53075.559524414064,1.816127035952019e-06,8.145447731018066,1.3844512977811974e-05
937,0.9573534942122389,-0.012326325459490146,-0.6825481720287969,59073.04540478515,1.7479235715531753e-06,28.494983673095703,4.1463557863608e-05
938,0.9216855106554714,0.011845619079698715,0.6559299181227546,44238.859226074215,1.9864535447693943e-06,17.902807235717773,4.8263751523336396e-05
939,0.6352277959945022,-0.03502932584047178,-1.9396861131398413,42669.82672216797,1.975415023287506e-06,19.431303024291992,7.82368952059187e-05
940,0.9748328479399686,0.007670842332561734,0.4247591408500493,27311.887502441405,2.439107667677847e-06,19.01021957397461,4.949680078425445e-05
941,0.005290978892705095,0.021572575541532114,1.1945426924038818,26437.510811035158,2.508924507493378e-06,7.092179775238037,3.528278466546908e-05
942,0.9874521542378409,-0.0021502602361750775,-0.11906680530307975,31963.11526147461,2.2588203129012586e-06,13.394052505493164,2.5980818463722244e-05
943,0.5760821367061103,0.016512715292387136,0.9143620031039639,23841.42744165039,2.624166900544053e-06,6.1580400466918945,2.470137224008795e-05
944,0.23301385313491074,-0.008793147214211011,-0.4869047614525734,23642.72469799805,2.6564662412266607e-06,2.7703564167022705,1.1134020496683661e-05
945,0.8365546757063875,0.005888509791869456,0.32606567201418146,22408.785541992187,2.7275802509389e-06,1.7327592372894287,1.08463555079652e-05
946,0.1284235190928293,0.01920687324735195,1.0635461694122044,55552.753020507815,1.7998588456122704e-06,3.8078696727752686,2.246108851977624e-05
947,0.7632781793184613,-0.01777241737842361,-0.9841157475552824,34516.24273388672,2.2272333564062454e-06,7.560728549957275,3.3292984880972654e-05
948,0.7266277002982933,0.06408217903749366,3.5484357690708386,48242.51830224609,1.9295729895505425e-06,28.182605743408203,0.00010944378300337121
949,0.7251763422997919,-0.024223407707980114,-1.3413277708532916,31941.42168701172,2.2711254169366393e-06,6.434848785400391,4.951428127242252e-05
950,0.9869213502592198,-0.0011023794754424015,-0.06104228695876067,28757.34257324219,2.375410881012387e-06,4.382802963256836,8.698574674781412e-06
951,0.8906973444426666,-0.004877175561849246,-0.27006485228254035,23803.493537109374,2.6043173282755622e-06,5.791926383972168,1.4582241419702768e-05
952,0.8659214350961059,-0.010359549059915683,-0.5736414552030303,17557.04157421875,3.0483290485094992e-06,7.499673843383789,3.45435764756985e-05
953,0.775188785886284,-0.006204166759116765,-0.34354461062332925,20010.293287353517,2.9028338505045184e-06,3.1795549392700195,1.2828822036681231e-05
954,0.10867546502884097,-0.013293299225847904,-0.736092610620522,19182.47555419922,2.9412653326493043e-06,3.431155204772949,1.5422148862853646e-05
955,0.8055831237381551,0.013666050823896929,0.7567330620433987,25393.492311279297,2.594906717842813e-06,4.6544928550720215,2.359203244850505e-05
956,0.8146858367463541,0.023447008340397254,1.2983360479063693,33618.78890673828,2.256768123734913e-06,16.537893295288086,4.54810397059191e-05
957,0.36114998961883527,0.027458451340025072,1.5204625117574162,45735.642046875,1.9327340384083717e-06,7.757455825805664,2.398527431068942e-05
958,0.5610966794913858,0.023466968227777905,1.2994412908833082,43781.62299194336,2.0048565065342072e-06,9.920838356018066,2.8038411983288825e-05
959,0.8398850023726804,0.01019294220607685,0.5644158993868311,68539.45301660156,1.6371484872315248e-06,11.394725799560547,1.9756087567657232e-05
960,0.9974507313986658,-0.0019394630512783858,-0.10739428913490738,39276.32039160156,2.128953652983881e-06,31.010765075683594,5.0354934501228854e-05
961,0.774820150653086,-0.013656075043653314,-0.756180671098326,46606.11201464844,1.904471050020376e-06,16.230775833129883,2.7187530577066354e-05
962,0.9981416434054968,0.0007606866727889221,0.04212166064453585,30935.02132080078,2.285724370797097e-06,11.83361530303955,2.42345267906785e-05
963,0.6308062939149052,-0.013546849955325258,-0.7501325276655563,25782.69251660156,2.5299974371381615e-06,12.508414268493652,3.060290327994153e-05
964,0.8022608324264355,0.00820116764976627,0.4541249544518524,22464.929526855467,2.6899860175047678e-06,9.065231323242188,2.777674853859935e-05
965,0.8875262647540327,0.00882577433500937,0.48871142976850196,20256.730885498047,2.842809109154135e-06,4.954649448394775,2.4278275304823183e-05
966,0.45156550410329127,-0.011446899823464385,-0.6338515541861689,23572.3454765625,2.649697049497004e-06,3.35994815826416,1.958338361873757e-05
967,0.7839799590371387,-0.015950681007508995,-0.8832403622693276,18465.175194335938,2.9593908234851198e-06,11.58939266204834,2.9387991162366234e-05
968,0.6809529713183307,0.03389703436714406,1.8769875029284253,33125.49595947265,2.2362194445464753e-06,10.762129783630371,5.3228577598929405e-05
969,0.9354095733199058,-0.005910798882698332,-0.3272998904559572,65392.887930175784,1.6679590680261925e-06,17.450475692749023,2.1905234461883083e-05
970,0.9773673014902673,-0.004784880498514664,-0.2649541786293634,45032.97138378906,2.0119283170446508e-06,20.600013732910156,3.2783402275526896e-05
971,0.8586398538226979,0.04012708671016278,2.2219654813491765,43654.16737988281,1.991616414425487e-06,28.330432891845703,0.0001033037988236174
972,0.35959862343766136,0.011975176843512937,0.6631039470054214,28628.901443359377,2.404564746801701e-06,4.7307353019714355,2.3474727640859783e-05
973,0.9747991576754259,-0.0017930412224021906,-0.0992864428855926,29025.238653808592,2.357438644115082e-06,6.065186023712158,1.1488015843497124e-05
974,0.9979727353209309,6.886501131110778e-05,0.0038132765309186675,26586.931506347657,2.503147984713563e-06,3.560879945755005,7.5025122896477114e-06
975,0.9969612884683784,-0.00025477511818215514,-0.01410771537431428,21944.139292236327,2.7223302538564394e-06,2.462956190109253,5.587482519331388e-06
976,0.5115179573643099,-0.006938137184893732,-0.38418690699005104,24631.278033691407,2.5823393932844624e-06,2.95465087890625,9.897066775010899e-06
977,0.49307711730892434,-0.01425593780190926,-0.7893969958222947,22939.939213867186,2.6901037084492673e-06,4.104418754577637,2.0324549041106366e-05
978,0.9571121775723948,0.010835572775068322,0.6000004149504091,52191.638839355466,1.8422458714811708e-06,28.96953582763672,4.231114508002065e-05
979,0.70475153812508,0.040127141608389094,2.2219685212400297,44466.80000341797,1.9775307775141815e-06,17.14463233947754,7.846448716009036e-05
980,0.7512991635774153,0.008177230861267735,0.45279949770583267,47853.39480761719,1.921435367563496e-06,8.958345413208008,2.0981295165256597e-05
981,0.23962269482796958,0.019423586494308594,1.0755462769098367,38377.46287109375,2.1084804477568673e-06,6.572349548339844,2.9433631425490603e-05
982,0.9844226759753381,-0.00126603494989341,-0.07010441543298819,31604.57401171875,2.2587562530315968e-06,5.590533256530762,1.2006582437606994e-05
983,0.49692518356197485,0.010999268928262881,0.6090647959371264,24323.49650830078,2.5842653764593034e-06,6.713486194610596,1.676101419434417e-05
984,0.43089775644239076,-0.009279188429218065,-0.5138184222936724,19144.50731689453,2.9000246892068334e-06,3.2233691215515137,1.6902858988032676e-05
985,0.11316940680723193,0.013232476326351023,0.7327246516123388,21016.051979736327,2.8112236123922143e-06,3.0561442375183105,1.5661293218727224e-05
986,0.8449718242995619,-0.0025834833679084707,-0.14305575948224747,28785.717684326173,2.383413059953322e-06,1.7289941310882568,4.865816208621254e-06
987,0.6147105941499029,-0.01133624277366959,-0.6277241184545912,57388.07805371094,1.7386520565587522e-06,5.6693034172058105,1.3200943612901028e-05
988,0.7879377372349455,0.01610317340462788,0.8916843553509519,38214.977087402345,2.138565738822946e-06,10.385931015014648,2.9632872610818595e-05
989,0.9649176503632113,-0.005983854604392477,-0.33134522006066863,42105.56499511719,2.0616673105229716e-06,18.068696975708008,2.9526945581892505e-05
990,0.5723928296258913,0.017527624328961395,0.9705607713391423,51171.19653564453,1.8313998827643557e-06,7.390588283538818,3.0061661163927056e-05
991,0.9794569112509965,0.002143389289659469,0.11868633895893291,29954.23873144531,2.3300490883362428e-06,10.086447715759277,1.9402270481805317e-05
992,0.9870504385048373,0.0021302561212011312,0.11795911330245931,31877.905145019533,2.2602209628558213e-06,7.773515701293945,1.5430621715495363e-05
993,0.6581426561491024,0.0031684431533655602,0.17544685880752917,18372.914060302734,2.967632497770356e-06,2.2759907245635986,5.68023187952349e-06
994,0.8321030657986211,-0.0058082437142442465,-0.32162108187748106,21563.278694091798,2.765871892928885e-06,3.630082607269287,1.1430095582909416e-05
995,0.8923457954760333,0.005527247056778873,0.3060613957788531,19175.307498535156,2.927941072731575e-06,4.734708786010742,1.1197387721040286e-05
996,0.7911656579971149,-0.00811940963205065,-0.44959775080759606,18015.18196484375,3.047326967607774e-06,4.698403358459473,1.742630047374405e-05
997,0.935352460675441,-0.001296933002718383,-0.07181533970999547,36020.259540039064,2.1810048924342597e-06,1.637717843055725,2.7388878152123652e-06
998,0.839091240137521,0.01055210739396656,0.5843040277066752,45416.2920546875,1.977911063308923e-06,9.796417236328125,1.8182498024543747e-05
999,0.842475760705487,0.01835187209451621,1.0162020135347327,34902.72017138672,2.2555822772950788e-06,10.35204792022705,3.995718725491315e-05
