state_idx,cos_sim,mean_A,mean_safe_delta,mean_sigma_i,mean_alpha_i,v_unbiased_norm,v_intentional_norm
0,0.5926680957581143,-0.012449184460737386,-0.8868335602022619,37700.47955029297,1.405287785201977e-06,17.53884506225586,2.4846824089763686e-05
1,0.9981827144336163,-0.0010754310420163136,-0.07660970425422266,81166.81766113281,9.557594895977072e-07,47.429840087890625,3.8718553696526214e-05
2,0.9544563188772861,0.0038024638635958227,0.27087337137049644,87743.49608105469,9.12681802449218e-07,38.24199676513672,3.392236612853594e-05
3,0.6871209144939837,0.021238408483071423,1.5129451625907169,96962.15165820312,8.713697626083554e-07,48.347389221191406,7.219014514703304e-05
4,0.8015011660001552,-0.04731190078760149,-3.3703236985308185,78589.122015625,9.65574963621962e-07,35.22732162475586,9.729538578540087e-05
5,0.86091564865057,0.00831010217177465,0.5919807452353343,56608.17335449219,1.1477320449949976e-06,18.58738899230957,2.2008083760738373e-05
6,0.8271396517194791,-0.0109743649878812,-0.7817729108164623,46494.52799707031,1.2641091857854635e-06,21.254060745239258,3.0677085305796936e-05
7,0.7979300343711412,0.006521548318360212,0.4645708264218211,56153.122333007814,1.1445145592360685e-06,13.732529640197754,2.1950312657281756e-05
8,0.4496179091102474,-0.007934226759443922,-0.5652047800176088,67850.20746875,1.0652129786690576e-06,15.037158966064453,2.1479572751559317e-05
9,0.7656417597071484,-0.03053137373836388,-2.1749414152913364,80544.64818652344,9.818231163114086e-07,89.35649871826172,0.00010293774539604783
10,0.9343286738582487,0.004535675617183157,0.32310464739237044,69270.4515283203,1.0417071097582584e-06,28.592557907104492,3.0026209060451947e-05
11,0.7177131242859666,-0.09214005015983175,-6.563714191734178,62325.368593261715,1.1091213139434768e-06,94.77229309082031,0.00020901471725665033
12,0.9901449628624848,0.0031941127052604766,0.22753669937393184,61710.08684667969,1.0916099852045707e-06,40.53225326538086,3.6777753848582506e-05
13,0.9103559170661755,0.009134268126798788,0.6506912600001111,46354.277651367185,1.2624248243351299e-06,21.46820831298828,2.85210207948694e-05
14,0.8506487710707964,-0.016028077236203815,-1.1417805594742971,25436.827442871094,1.709008115917253e-06,19.79761505126953,4.1943701944546774e-05
15,0.9258926844394901,-0.005696603797738765,-0.40580484954202056,27923.686556640627,1.6223545868072911e-06,11.986751556396484,1.7316411685897037e-05
16,0.8405009773730676,0.019103265300557275,1.3608455101144892,25524.3126484375,1.7022522236658454e-06,9.666128158569336,4.312691089580767e-05
17,0.9838127957250903,0.004795972775180133,0.3416472479992631,31102.19242236328,1.5518548249977897e-06,30.872785568237305,4.360913226264529e-05
18,0.9618749509306125,-0.006918900603259007,-0.4928767240958949,74765.66241357422,1.0260836395859938e-06,45.03300857543945,3.54066833097022e-05
19,0.958055548487573,0.00871158210888157,0.6205806814879633,58409.608885742186,1.1449844057052823e-06,45.226497650146484,4.390244430396706e-05
20,0.9335511289179822,-0.009895795397962745,-0.7049396280926058,66745.33345361328,1.1038395853091086e-06,41.03346252441406,3.259088407503441e-05
21,0.6652341191005297,0.06298185000488328,4.486592551031021,61983.92699560547,1.1156838364912583e-06,44.11854934692383,7.18524242984131e-05
22,0.738246599435288,0.010540526095077683,0.7508678430128191,24230.787485107423,1.7509490782771149e-06,7.707945823669434,1.8274664398632012e-05
23,0.9849870784124269,0.0036442472218389103,0.25960260675655344,18352.20139477539,1.9931222832620297e-06,9.760747909545898,1.825337494665291e-05
24,0.8595003962115846,-0.00442640544567967,-0.3153206471211905,16879.45633544922,2.0799705989319622e-06,4.347389221191406,8.383984095416963e-06
25,0.8826212847523528,-0.0049257085340263995,-0.35088914053174486,15713.807767578124,2.159597510087522e-06,4.397861003875732,1.1067109880968928e-05
26,0.5549322805844654,-0.009625199994759573,-0.685663418831359,17754.905333251954,2.0078671697066395e-06,4.3476948738098145,1.054627227858873e-05
27,-0.13855646554840395,-0.00684166616405004,-0.48737483014373023,23463.350408691407,1.7537337707356464e-06,1.952513337135315,5.3781996030011214e-06
28,0.911138890237265,-0.01154641251897271,-0.8225234475446125,38556.14383154297,1.389959958827721e-06,15.06667423248291,2.2515216187457554e-05
29,0.9606148701852386,0.004977544358909498,0.354581731743007,63446.05687646484,1.1102671686744772e-06,20.06406593322754,1.893078842840623e-05
30,0.9874871720383778,0.004709764626739384,0.3355061004051158,60325.4255102539,1.1634508492537237e-06,31.491455078125,3.3638596505625173e-05
31,0.9575061367017544,0.018626265869008278,1.3268658461911873,48436.48955322266,1.2802754481884355e-06,47.05711364746094,6.570745608769357e-05
32,0.7342213450725396,0.02063178690250281,1.469731699276083,42978.23233203125,1.335435340668332e-06,14.0051851272583,2.855019920389168e-05
33,0.8547112064943838,-0.006503359181538404,-0.4632751000217855,27909.5675847168,1.6430171119854626e-06,10.883491516113281,1.3704332559427712e-05
34,0.8805596053849886,0.0049543851845670495,0.3529319583704433,18157.12555371094,2.006435202752365e-06,3.8812828063964844,9.274660442315508e-06
35,0.9895243685987417,-0.001273537275917783,-0.09072205492772983,16556.775788574218,2.115763026357706e-06,4.844583511352539,8.478328709315974e-06
36,0.40934593847779754,-0.005148915197749224,-0.3667895523920136,16474.265967773437,2.1062261987420705e-06,2.2159459590911865,4.812240604223916e-06
37,0.9327450144871179,0.0019050986925473574,0.1357121393274283,18931.95392675781,1.956261497994814e-06,2.8344345092773438,5.644882548949681e-06
38,-0.6768772558571747,-0.010717194695798309,-0.7634530564978591,21355.91785180664,1.8452316235650175e-06,2.8212223052978516,9.301947102358099e-06
39,0.9471365095131601,-0.007639504145394981,-0.544209838066716,34979.695220947266,1.4643632457381355e-06,16.816116333007812,1.8131791875930503e-05
40,0.8229011768670965,-0.008946745009391998,-0.6373328111511462,65928.43931054688,1.0992874100324395e-06,11.320143699645996,1.3272774594952352e-05
41,0.9686943032529856,0.004213008509414638,0.3001190437293355,82688.23281640625,9.847213134942384e-07,18.174169540405273,1.745113513607066e-05
42,0.9953080215611431,0.0010832395359795482,0.07716595229786544,61461.20033935547,1.149459065414651e-06,20.928817749023438,2.1986374122207053e-05
43,0.6516687651308561,0.03910049340154338,2.7853736024489644,56964.528686035155,1.1634422361976042e-06,37.33583068847656,6.432912778109312e-05
44,0.6975927702604288,0.013252512911355712,0.9440596887185886,28967.843458007814,1.6143988647957155e-06,5.942245960235596,2.083703839161899e-05
45,0.9827127888698924,0.0016785545950447802,0.11957398110793646,20244.092056396483,1.908263159718508e-06,5.953299045562744,1.00185943665565e-05
46,0.8431071309384284,0.010256049683371035,0.7306028023763799,20333.573444335936,1.9071235272326643e-06,8.123557090759277,1.8977210856974125e-05
47,0.8792230703760013,-0.0048824118163382745,-0.34780484353112373,22004.393421142577,1.8116245558800429e-06,6.449413776397705,8.919542779040057e-06
48,0.6839695822687527,0.003617410071074092,0.2576908280345407,34895.19193798828,1.4703360054910254e-06,2.2337000370025635,5.0344870032859035e-06
49,0.9727720773662908,0.0069947437275247985,0.49827950595053133,71580.47736083984,1.0504891366404195e-06,25.81626319885254,2.2020833057467826e-05
50,0.9987385795789352,-0.0017905319985770096,-0.12755083451145735,34038.82284912109,1.5288528664253215e-06,50.32425308227539,5.742660505347885e-05
51,0.9844795023891723,-0.005148484919310677,-0.3667589009577178,47453.99366894531,1.2689135077599717e-06,20.207691192626953,2.288938958372455e-05
52,0.735188720892365,0.014236437574336958,1.0141508191532311,41567.91594628906,1.3483438430729086e-06,9.037833213806152,2.1750292944489047e-05
53,0.9989595800215392,-0.00011746424319858928,-0.008367715437168409,23936.04981225586,1.7513510313505567e-06,10.5925931930542,1.6120775399031118e-05
54,0.7309289814163605,0.032692980240318026,2.3289262161375444,21037.398287597658,1.8693668839904336e-06,21.111536026000977,4.917773185297847e-05
55,0.9756155959375047,-0.002008947408168016,-0.14310993526231522,17550.996486816406,2.023450037282348e-06,4.672014236450195,8.438000804744661e-06
56,0.7138354289165838,-0.008291012091394951,-0.5906208389699021,20744.19987939453,1.8881251527558132e-06,5.047128677368164,1.3935288734501228e-05
57,0.8398360240280308,-0.00530634767977028,-0.3780044563853265,28902.486751220702,1.5854826169704392e-06,4.114251136779785,8.21283356344793e-06
58,0.8971853946403988,0.0027121594341156454,0.19320414235796965,47262.96916845703,1.2745189488292943e-06,3.5318150520324707,4.91315267936443e-06
59,0.9903977310742029,-0.002881312190423041,-0.20525395506395216,56818.48720703125,1.148309806770585e-06,15.234027862548828,1.4092630408413243e-05
60,0.9462034514971237,0.016705498810479842,1.1900375507951122,51803.68114160156,1.2430442398689369e-06,36.806026458740234,3.984710565418936e-05
61,0.9919889812617557,0.0023922349332589615,0.1704139118022679,47678.12051123047,1.2945041317405483e-06,24.084732055664062,2.5560580979799852e-05
62,0.6579888471947289,0.020766918666094647,1.4793579831005785,49735.70771923828,1.2458781925805541e-06,15.265296936035156,2.2772064767195843e-05
63,0.9988107407775121,0.00014950666921917355,0.010650298592311824,27065.706213378908,1.6449602764712123e-06,10.401906967163086,1.4370709322975017e-05
64,0.6986707234076239,-0.014700499467767424,-1.047208861019595,19079.264563964844,1.9484044264918547e-06,7.413434028625488,1.738137871143408e-05
65,0.9240811963607224,0.0019780328299264624,0.14090769578465512,18074.694984619142,2.017471749283496e-06,1.8243236541748047,4.408630502439337e-06
66,0.9520380540147471,-0.0025181558049318276,-0.17938404597303315,17361.752109375,2.051934056065524e-06,4.46068000793457,8.147551852744073e-06
67,0.8133252242946206,-0.004674384155537172,-0.3329857273367555,20590.97098022461,1.8695090689181654e-06,3.7141783237457275,8.763180630921852e-06
68,0.40092850950452064,-0.009688514332368768,-0.690173696561671,24304.348134033204,1.7404765365996245e-06,4.607553958892822,1.059415990312118e-05
69,0.7211366451047473,-0.008422628216300965,-0.5999966817810155,45436.143415527345,1.302324636312016e-06,7.806040287017822,1.241551581188105e-05
70,0.790610603837094,-0.029259552329015483,-2.084341592310877,62132.186316894535,1.12422978229401e-06,35.96421813964844,3.7601286749122664e-05
71,0.9027767395682014,-0.02793719543585973,-1.9901418095770076,41412.180799316404,1.402453435790448e-06,67.26241302490234,7.728774653514847e-05
72,0.4839877496154333,-0.09539600636035567,-6.7956563915047665,50626.06640478515,1.2368610162694005e-06,34.34788131713867,8.967181202024221e-05
73,0.9922535381098693,-0.001534067070616829,-0.10928122770731238,36110.049719726565,1.4447694108986898e-06,14.58476448059082,1.8563259800430387e-05
74,0.9425614355876646,0.006996996193215224,0.4984399632217505,27973.663595703125,1.6419884890057778e-06,20.144582748413086,3.294171983725391e-05
75,0.7213056199146886,0.03002504074023656,2.138872137276113,20471.244213378905,1.8856425122832811e-06,13.872097969055176,4.323849861975759e-05
76,0.7498194179292068,-0.011858941388574117,-0.8447868408591485,18895.39324682617,1.97397638678642e-06,6.9708147048950195,1.9614519260358065e-05
77,0.505374402018662,0.005414116447166651,0.3856815022167344,17970.85830883789,2.0119238446881535e-06,2.285153388977051,8.80894367583096e-06
78,0.8364048621905099,0.010485870970863584,0.7469744154117618,26489.152525634767,1.6576928047572775e-06,8.555710792541504,2.1896776161156595e-05
79,0.5998581038043193,-0.008981797332872925,-0.6398298081973376,44978.217923828124,1.2997458778377358e-06,5.776038646697998,1.0840848517545965e-05
80,0.3463254435511118,-0.039127628215605136,-2.7873065855962307,56614.607856933595,1.1729673523634917e-06,23.26704216003418,4.1118808439932764e-05
81,0.9435879620866392,0.01675181708232811,1.1933370920666841,67012.97793066406,1.0989725589760644e-06,57.89927291870117,6.068701623007655e-05
82,0.9487780964888214,-0.015484324711707319,-1.1030456536907876,65568.6558852539,1.11140632786889e-06,47.46345138549805,4.1863557271426544e-05
83,0.8565691227012634,0.03454105321494064,2.4605760555922553,59336.86554638672,1.1356296676311708e-06,49.75776672363281,6.392897194018587e-05
84,0.830918937318796,0.03007993656481577,2.1427827114751983,30973.456837402344,1.5319743618958375e-06,28.631277084350586,5.142309237271547e-05
85,0.7702872517675619,-0.00595771569223175,-0.4244054889441179,18290.048312255858,1.991482224505819e-06,4.520244121551514,9.831146599026397e-06
86,0.9923698929945298,0.0005513606815874418,0.03927688257410354,15166.201978027344,2.201259837420693e-06,3.13619327545166,5.893705292692175e-06
87,0.9644996871215856,-0.0028001023345545295,-0.19946886722703228,15968.64571484375,2.1366834600895813e-06,4.7983622550964355,7.971162631292827e-06
88,0.9530848881831041,-0.0017974206481428396,-0.12804155626425306,17076.341786132813,2.0581828664572364e-06,3.033546209335327,5.829191195516614e-06
89,0.9899702229244921,0.0006883008823212831,0.0490319927288784,17781.310204833986,2.01474834645094e-06,2.0513041019439697,3.7686490941268858e-06
90,0.9509020939319069,0.0009466670060684859,0.06743703364388935,21917.411682373047,1.8279493690205144e-06,1.408374547958374,2.3677630451857112e-06
91,0.953255432039442,0.0013159727785675703,0.09374500217480229,26363.180595703125,1.6598495400838337e-06,2.1811037063598633,3.7019967749074567e-06
92,0.6346768468508976,-0.004300418943070351,-0.30634583764681655,36829.582103027344,1.4425770405303533e-06,4.085455894470215,4.466939117264701e-06
93,0.8627985609032648,0.011815311845843501,0.8416788346414065,68370.1427470703,1.083032489294176e-06,14.33863353729248,1.9402337784413248e-05
94,-0.05703477670236712,-0.03075859843873318,-2.1911280571255807,58618.885776855466,1.1877074395116234e-06,7.640276908874512,2.9181765057728626e-05
95,0.91442451389129,-0.01667818594505309,-1.1880918839313812,51245.777266113284,1.251534707814108e-06,39.13051223754883,4.065702160005458e-05
96,0.8680925302482224,-0.015200093889302213,-1.08279810792201,47133.88120703125,1.2589277976683552e-06,21.281604766845703,2.309264164068736e-05
97,0.8997339844947249,0.005760078073383275,0.4103265206626158,22285.184282714843,1.8177071374306897e-06,5.203944206237793,1.1925052604055963e-05
98,0.8509653024405719,0.007185421462892593,0.5118626780403045,16924.434974365235,2.076090903865589e-06,4.862658977508545,1.2254471585038118e-05
99,0.9571962874288448,0.0025088642904292162,0.17872215306655323,15274.42845336914,2.1683839687130625e-06,4.232999324798584,8.044227797654457e-06
100,0.7493283532092935,-0.01274134331341395,-0.9076458693363189,15514.879787353515,2.18576441125295e-06,4.962007999420166,2.0232086171745323e-05
101,0.9149795585390842,0.0038421214395176766,0.2736984294580112,17229.809613769532,2.0695492066197374e-06,6.384994983673096,1.1196974810445681e-05
102,0.9452001705417059,-0.0020770479337466493,-0.14796116320748837,19155.766806396485,1.959638648335892e-06,4.470880508422852,7.842743798391894e-06
103,0.9088493205282899,0.017301444255640112,1.2324904859640478,20356.551841308592,1.8926261579370827e-06,28.325653076171875,4.9529488023836166e-05
104,0.8859195076448386,0.0073175366350099426,0.5212740711171024,25447.86069946289,1.6950971886914714e-06,11.690698623657227,1.9316195903229527e-05
105,0.9243419707304746,-0.0056876737257313455,-0.40516870445346637,36723.80699072265,1.425363269525401e-06,10.338260650634766,1.5618070392520167e-05
106,0.9955958902864224,-0.003152966583967022,-0.22460560285509792,58125.92758203125,1.1605501661308588e-06,20.11529541015625,2.22481776290806e-05
107,0.8271183736407365,0.012071634327888457,0.8599382941287909,70066.7211381836,1.07315022897267e-06,15.20154094696045,1.4912467122485396e-05
108,0.8808865973453368,0.021517969982269933,1.5328600831553212,70652.55168261718,1.0567372331890032e-06,25.1924991607666,3.106523217866197e-05
109,0.45118142798877553,0.03473507148791202,2.4743971951461075,52514.79672265625,1.2233057874434899e-06,12.516865730285645,3.233119787182659e-05
110,0.7818289126370833,-0.027320525539645986,-1.9462125416596132,37662.32680419922,1.4029052622647308e-06,7.479607105255127,3.451506563578732e-05
111,0.6866653349886156,-0.006601602840194382,-0.4702736125627441,20308.022857666016,1.8754694773772962e-06,4.707021236419678,8.369057468371466e-06
112,0.7346772910193784,0.0075872145962157965,0.5404849252255416,17815.129252197265,2.022280320159695e-06,3.409111738204956,1.1324819752189796e-05
113,0.9099527480622861,0.00393055886630691,0.2799983825434503,17969.15579614258,2.0206438700767787e-06,4.9927077293396,1.0031038073066156e-05
114,0.9818053966673029,-0.00106351733424039,-0.07576101605979088,19136.54224682617,1.9700799241748806e-06,3.4254634380340576,5.512984898814466e-06
115,0.5812730123569654,-0.011767873018192064,-0.838299469145568,32150.6397265625,1.5243659869104e-06,5.662475109100342,1.4018660294823349e-05
116,0.8661185927044959,-0.0036147678520715406,-0.2575026061881814,64393.47586132812,1.088580920273594e-06,4.993777275085449,5.679148671333678e-06
117,0.99757264662075,-0.0005551194115570181,-0.0395446405056589,54604.81025292969,1.1936932829230257e-06,32.54320526123047,2.8026011932524852e-05
118,0.918543371292179,-0.011666770703969829,-0.831097316623114,55715.82118457031,1.2069185698861806e-06,25.25339698791504,2.4709188437554985e-05
119,0.8240220728940547,-0.02186669692393202,-1.5577020923799412,40727.63953417969,1.3695222416218948e-06,28.225242614746094,3.426291368668899e-05
120,0.9451770273166487,0.0035401971907197366,0.252190469854928,33744.73034399414,1.4939470553490944e-06,8.931381225585938,1.3397185284702573e-05
121,0.993098652801149,0.0008736817191285353,0.06223783348234671,23106.219529296875,1.7889795912745917e-06,5.491307735443115,8.300908120872919e-06
122,0.638343231734279,0.017415651218529046,1.24062616487684,21283.562705322267,1.8633404614565365e-06,12.81713581085205,2.273271638841834e-05
123,0.6350288603725597,-0.010254185208931834,-0.7304699841576413,18736.830987792968,1.9820891402353947e-06,3.482574939727783,1.327757490798831e-05
124,0.8363425992300131,0.004786096290165833,0.34094368397102187,19671.279681396485,1.9371761728628426e-06,4.425073623657227,8.494098437950015e-06
125,0.7438300148472798,-0.007748726211140968,-0.5519904114628,25808.218462402343,1.6789609348546782e-06,4.252654552459717,1.002595126919914e-05
126,0.23983470475443674,-0.01965682752694204,-1.4002792225449348,46012.493710205075,1.276372530998137e-06,5.809393882751465,1.6363146642106585e-05
127,0.8425494724282518,-0.011308514173244816,-0.8055764549465451,47367.409343261716,1.282566537160871e-06,16.448877334594727,1.937614069902338e-05
128,0.9878353904221061,0.001978090692945689,0.14091181773075584,57774.838508789064,1.1730786614078434e-06,19.18091583251953,1.8425362213747576e-05
129,0.7443785600144316,0.04023888520581495,2.8664683970414324,37390.306623046876,1.4270737043395772e-06,32.43008804321289,5.4839074437040836e-05
130,0.678573537085011,0.014525311170349,1.0347290988315303,28514.522655761717,1.609854697493001e-06,5.610471248626709,1.673420592851471e-05
131,0.9183987752542371,-0.002899479354493499,-0.20654811620697286,24568.31201928711,1.710567733079367e-06,3.628068208694458,5.546128249989124e-06
132,0.8417923038984954,0.0038582552038726524,0.2748477387744176,25388.256630615233,1.7051162650862974e-06,2.906963586807251,6.463601039286004e-06
133,0.5972491055312729,0.009733317953756156,0.693365339772537,22090.31154785156,1.811655865500538e-06,1.8976391553878784,1.1057910342060495e-05
134,0.24590313033372702,-0.018078525886301364,-1.2878468887276613,28088.571685546875,1.639150002687142e-06,6.05635404586792,2.1753410692326725e-05
135,0.5572478399005192,0.013865198790006817,0.9877051500549071,45775.47294433594,1.2970241069846246e-06,5.283247947692871,1.1903035556315444e-05
136,0.6262745571852577,-0.011038860280530229,-0.786367315387831,51587.94198632812,1.24775524236357e-06,7.64150857925415,1.1707516023307107e-05
137,0.9713215753181418,0.008917375823029663,0.6352406596384028,42727.800147949216,1.352523009032099e-06,36.67417907714844,4.441634155227803e-05
138,0.9952083717154538,0.0020772758696541967,0.14797740051307462,40468.694677246094,1.3550600930898341e-06,24.63811492919922,2.8549982744152658e-05
139,0.9980866392682892,-0.0007581351526566911,-0.054006726196841555,31286.209864257813,1.5306269971257448e-06,8.543800354003906,1.1478580745460931e-05
140,0.9638093058277571,-0.002558304365040432,-0.18224407994637493,26995.306818603516,1.6413298532350066e-06,5.4174065589904785,7.867321073717903e-06
141,0.628693722347785,0.0249735457588378,1.7790224384603903,23749.90177416992,1.7460473865816336e-06,7.7389092445373535,2.9630980861838907e-05
142,0.6431816720299073,-0.005668105784379134,-0.4037747571511398,21022.790631103515,1.8832156600209927e-06,3.8473591804504395,8.029553100641351e-06
143,0.4386831182441802,-0.01748773627460036,-1.2457612359423156,31201.61250415039,1.5438871448096567e-06,6.693115234375,1.784442429197952e-05
144,0.8120963054556264,0.015589830357523902,1.1105614831650836,50060.739375,1.236312162767273e-06,17.461877822875977,2.4332823159056716e-05
145,0.6681016697903599,-0.01601869955762973,-1.1411125285601023,61227.142678222655,1.1463890033949668e-06,12.997306823730469,1.5640081983292475e-05
146,0.9935567864303136,-7.530766551547696e-05,-0.005364637766452995,43409.47572705078,1.357357629765779e-06,28.764060974121094,2.8772952646249905e-05
147,0.9077437483188431,0.029608860855792167,2.109225031494171,50691.150356445316,1.2324047848243425e-06,36.536502838134766,5.707025047740899e-05
148,0.7169192645919106,0.008121194166079317,0.5785236420997947,25261.233732910157,1.7226908819099816e-06,4.490094184875488,1.1621031262620818e-05
149,0.948306320002103,-0.003138387936441142,-0.22356707427283734,23284.42152441406,1.7715837648775868e-06,4.1527252197265625,7.436121904902393e-06
150,0.841950982551642,-0.0023429291543237392,-0.16690155164650242,23068.635768554686,1.7905228063542239e-06,2.5189685821533203,3.6547933177644154e-06
151,0.9570088805249897,0.0013417560166665411,0.09558170408157914,21457.760482177735,1.8404327460008822e-06,1.939154863357544,3.923978056263877e-06
152,0.29294163083073443,-0.019547176298309373,-1.3924680771823175,27500.15007421875,1.6346943037334674e-06,6.698517322540283,1.9393470211070962e-05
153,0.9957101723564015,-0.0011233143717582616,-0.0800207344243769,46075.87125244141,1.2821191684015326e-06,8.480667114257812,9.46496038523037e-06
154,0.7184557659671755,-0.036412720046565324,-2.5939066335941408,58986.84415820312,1.143873869493988e-06,45.996665954589844,5.479575338540599e-05
155,0.9084543554161418,0.02982320108103223,2.124493831281313,49821.589357910154,1.2566093767948238e-06,59.612281799316406,7.366250065388158e-05
156,0.9942018901798104,0.005698254970627806,0.4059224729523182,57277.06443359375,1.1593820371582482e-06,48.558013916015625,4.800129681825638e-05
157,0.5321661839982875,0.018553806532163004,1.3217041127565952,32355.419751953126,1.5376588248623097e-06,6.606688022613525,1.9586716007324867e-05
158,0.7994673720757095,-0.012485534423388277,-0.889422996232596,21484.500442871093,1.851677801091656e-06,11.078753471374512,1.9450999388936907e-05
159,0.9964311228243585,-0.0010933457380935025,-0.07788588051718841,23645.36312475586,1.7651742637751272e-06,7.79564905166626,1.160429383162409e-05
160,0.22445335982710263,-0.0223726279340753,-1.59374273426754,22036.941314697266,1.8309403417832042e-06,8.240035057067871,2.4528049834771082e-05
161,0.8376431247579161,0.014572748206300147,1.0381083366933097,20754.81717163086,1.8735760794770285e-06,20.146533966064453,3.740755346370861e-05
162,0.9664356310067858,0.0018313313304816998,0.13045722704512272,20856.594411376955,1.884319956952096e-06,6.326450824737549,1.0841883522516582e-05
163,0.9170269558958823,-0.0038973675430303786,-0.2776339562244424,23409.24032397461,1.7655118053150213e-06,5.230023384094238,1.0453832146595232e-05
164,0.6868059235619834,0.00978080465012956,0.6967481152579423,33651.99157714844,1.4888057568697666e-06,3.1720008850097656,1.1694613931467757e-05
165,0.7609608344977764,0.012154411793527185,0.8658350526504784,42095.655645019535,1.3411633773529057e-06,9.347607612609863,1.57986596605042e-05
166,0.8698409600286502,0.02411254187282396,1.7176877266172335,61389.80707910156,1.1407961398108153e-06,23.549888610839844,3.221835504518822e-05
167,0.9793908927889402,0.002406770455210437,0.17144936827913831,39470.904823242185,1.4056000761141589e-06,26.005159378051758,2.9709091904805973e-05
168,0.9407996465753562,0.013039314772948753,0.9288722469461387,43284.126187011716,1.320959697024924e-06,14.009944915771484,2.61432087427238e-05
169,0.9470555516936197,0.0024413913411163285,0.1739156313184651,30195.422276367186,1.5727498117160117e-06,3.669966459274292,6.410737114492804e-06
170,0.9651599898578389,0.0010383050013345629,0.07396498331383901,21182.470193359375,1.8483800976843322e-06,1.9768872261047363,3.8247403608693276e-06
171,0.9485141241096815,0.002098274858410384,0.14947329030553683,17973.45766088867,2.018904682908073e-06,3.099006414413452,6.26664132141741e-06
172,0.9479953372551778,0.002662592655077642,0.1896731895264275,15428.992629882812,2.200549559998426e-06,6.411716938018799,1.2257569323992357e-05
173,0.5532658064793413,0.0138181413510612,0.9843529532707919,16636.519565429688,2.08884244513611e-06,7.464030742645264,2.73497607850004e-05
174,0.37442344272243827,-0.011174949905448846,-0.7960618336877083,21166.230252197267,1.8631848716146413e-06,4.673203468322754,1.213999894389417e-05
175,0.9587185687851977,-0.0016446018733778157,-0.11715531560181966,37031.300086425785,1.4230770507753851e-06,3.590031623840332,3.843774720735382e-06
176,0.5559532922361062,0.007297655958119243,0.5198578456991391,63921.83126025391,1.0846068983770135e-06,4.26676082611084,5.791245712316595e-06
177,0.991323196383144,-0.0024879767102692863,-0.17723419960778156,65289.58290527344,1.0946925577990118e-06,20.762298583984375,1.8185875887866132e-05
178,0.9935253556643256,0.00029980240045604755,0.021356807025564202,48987.749142578126,1.3001840408862038e-06,14.885303497314453,1.4662236935691908e-05
179,0.88181862979795,0.027528980331809075,1.961062085102258,50600.77276269531,1.231732618311606e-06,33.15983581542969,4.094187534064986e-05
180,0.634236313828634,0.016694666938907452,1.189265928584799,32694.27234033203,1.5041788385949136e-06,6.903792858123779,2.1977521100779995e-05
181,0.7196272878347914,-0.007899387078789835,-0.562722930854861,21850.100698486327,1.8325546897319712e-06,3.8042428493499756,9.751420293468982e-06
182,0.9343410635967511,-0.0034409596159653785,-0.24512115443086907,21398.911301757813,1.8481586105766595e-06,4.710759162902832,8.180491931852885e-06
183,0.5080257405692737,-0.017468963914657958,-1.2444239628981557,19673.324985351563,1.9428845693290413e-06,6.8816118240356445,2.2315798560157418e-05
184,0.8812106173098319,0.005687431058347916,0.4051514177323747,23637.060029541015,1.7423337441718973e-06,5.582810878753662,1.0289988495060243e-05
185,0.8290982994313324,-0.017049026259950306,-1.2145091675505642,66132.98830273437,1.0861530285443685e-06,26.122745513916016,2.3456041162717156e-05
186,0.9121931057601391,-0.005891501050962558,-0.4196886043771433,55674.23221875,1.205095659612286e-06,13.050889015197754,1.1511813681863714e-05
187,0.9683986354789706,-0.021262222207952756,-1.514641563707175,44448.342209472656,1.3368362945781932e-06,68.05721282958984,8.837543282425031e-05
188,0.8484342276586294,-0.0026117169047701655,-0.18604899045415602,33082.70216015625,1.5050515113232172e-06,2.991823673248291,3.990654477092903e-06
189,0.9087249775770511,0.004805519434576234,0.34232731647820525,26717.982886230468,1.661876724620103e-06,8.454153060913086,1.1029895176761784e-05
190,0.5466878095204688,0.007262316945395396,0.5173404259784526,18238.564095458984,1.9898429242692085e-06,2.613640308380127,7.134332008718047e-06
191,0.9698814651969668,0.0021085539428573213,0.1502055340187252,18399.00512988281,2.0008838311292107e-06,4.869850158691406,8.14239501778502e-06
192,0.12394067157055508,-0.009720593020969564,-0.6924588629280451,17119.044536865233,2.0718766696488653e-06,3.407419443130493,8.631718628748786e-06
193,0.822717668870431,-0.0047840937235671625,-0.34080102858087624,17933.74114868164,2.0188676978676996e-06,3.562479019165039,8.986236935015768e-06
194,0.833861763606157,-0.005475465952832593,-0.3900518126332895,20612.931466796876,1.872221439441958e-06,3.7994420528411865,1.0670617484720424e-05
195,0.7334434930393828,0.022483790463495353,1.6016615390725926,32756.674958007814,1.4993059222165894e-06,8.461471557617188,2.7781938115367666e-05
196,0.8321290563928542,0.01008655466002514,0.7185286078406278,43404.18575439453,1.312894043155544e-06,10.570026397705078,1.3966673577670008e-05
197,0.9665756740736914,0.002879494823302689,0.20512449259525636,62856.50270263672,1.1303648240127183e-06,9.098753929138184,8.638202416477725e-06
198,0.5237096217362731,-0.01902886172569224,-1.355545276400591,46395.19592773438,1.309851174577984e-06,15.961812973022461,1.4263046068663243e-05
199,0.7710603162283781,-0.08509111212922829,-6.061574085364921,56563.8929453125,1.1708387555843585e-06,40.19045639038086,8.787489059614018e-05
200,0.818218416775219,-0.01982186725093553,-1.4120360381392052,34956.74988818359,1.4646119599159092e-06,19.590084075927734,3.1322641007136554e-05
201,0.8612690530705835,0.006256373847743963,0.44568078421921486,33061.73891479492,1.4954416225809743e-06,6.867079734802246,1.1975845154665876e-05
202,0.514546048988863,-0.06137571231982829,-4.372177281026421,23189.06560107422,1.7847964194240925e-06,19.906230926513672,7.432794518535957e-05
203,0.5552199600393983,-0.023621502365389114,-1.6827078999505303,20937.385198242187,1.8671977168144627e-06,7.674215316772461,3.5466335248202085e-05
204,0.9229246490965984,0.005251439802095367,0.3740930235685691,19066.481346679688,1.9525352126178565e-06,4.056825637817383,1.090691421268275e-05
205,-0.2589680073536836,-0.020436926990794038,-1.4558506045114903,22127.73666357422,1.8318147949171214e-06,6.068853855133057,1.8797136362991296e-05
206,0.9306955126713194,0.003886768251398412,0.27687890214333016,27435.03699609375,1.645625335485988e-06,9.047453880310059,1.3128852515364997e-05
207,0.9122648699595073,-0.003956287907979214,-0.2818312236985318,42642.79608349609,1.3288697028259682e-06,8.487671852111816,1.0273506632074714e-05
208,0.8560669738507779,0.02753367817064855,1.9613967416539708,44568.43387011719,1.3202190292595777e-06,56.48698043823242,7.112745515769348e-05
209,0.437441667670428,-0.11492334031853768,-8.186710974237435,41735.37868701172,1.408402902216943e-06,81.16973114013672,0.00015553385310340673
210,0.9048726677839583,0.07747085938028571,5.518735645120172,49994.12234716797,1.224085539850465e-06,20.715248107910156,9.833352669375017e-05
211,0.691620173200715,-0.020332083734306908,-1.4483819611873496,34409.5698359375,1.4464248448484186e-06,13.667084693908691,2.9352662750170566e-05
212,0.2578561435267628,-0.015171166879758499,-1.0807374554398679,33726.50178027344,1.4833714177692309e-06,11.656929016113281,1.9116607290925458e-05
213,0.8426499028655695,0.012093071037410969,0.8614653655192763,36976.20110644531,1.4134507757688628e-06,16.79024314880371,2.885465983126778e-05
214,0.6154942509598865,0.02481522517195204,1.767744269182393,32989.541104492186,1.484144824361604e-06,13.573713302612305,4.493888991419226e-05
215,-0.000675788909234084,-0.012446287773992412,-0.8866272110211619,45894.30852246094,1.2814754023362647e-06,13.399890899658203,1.2752162547258195e-05
216,0.7835946776776916,-0.02003987456803614,-1.427566067900129,55195.10225878906,1.1745611333289644e-06,20.84468650817871,3.343668868183158e-05
217,0.918156222943843,0.007724871579735848,0.5502910963178577,70525.87026757812,1.0440240052129475e-06,25.05019187927246,2.317270809726324e-05
218,0.5737581008923437,-0.02311901174347196,-1.646912338513677,55272.02772167969,1.221708655675259e-06,27.144166946411133,2.543622031225823e-05
219,0.9308935019766466,0.019955437044317875,1.4215510530202469,65024.61902587891,1.086287896938959e-06,48.669410705566406,5.0791808462236077e-05
220,0.9497696288229458,0.0071858017274172205,0.5118897666695442,35763.10718798828,1.4345804930047356e-06,22.044483184814453,2.864525049517397e-05
221,0.9284741943950445,0.011306246478193465,0.8054149127923431,29243.253518554688,1.5732491362145509e-06,18.859886169433594,3.00958490697667e-05
222,0.8051418639085598,0.013015268447790053,0.927159276251751,28164.642822753907,1.6008917214789786e-06,11.406516075134277,2.1619618564727716e-05
223,0.5043074770913357,-0.007890026930251431,-0.5620561487151542,26301.554639160157,1.6639556841694473e-06,4.661994457244873,1.0270257007505279e-05
224,0.714267790394557,-0.013653472755849744,-0.9726225755094658,27291.813052734375,1.6352249347750627e-06,7.1165947914123535,2.2167561837704852e-05
225,0.9909124018937023,-0.0006267161620450796,-0.04464492649904996,39157.8714609375,1.3800685323459273e-06,4.983532905578613,6.066818968974985e-06
226,0.9428848488974833,-0.0017703371081235568,-0.12611222568891048,52177.469234375,1.2071614734726878e-06,5.335694313049316,5.758338375017047e-06
227,0.9989380708373127,9.222173576660309e-05,0.006569533170294483,65432.48188330078,1.0762312753787866e-06,19.20041847229004,1.6534568203496747e-05
228,0.7749067947296213,0.02282762198349403,1.6261548166806041,72269.96346191406,1.0465311136225075e-06,26.464630126953125,3.884558827849105e-05
229,0.9942675277342595,-0.024105015465566315,-1.7171515733804585,54335.34189257812,1.2016514305147287e-06,259.8356018066406,0.00022810144582763314
230,0.692627247494572,-0.05800503579335774,-4.132062832269749,60130.052821289064,1.1258077063047316e-06,100.39556121826172,9.649877029005438e-05
231,0.8433503083266124,-0.012429893312440255,-0.8854593306068461,37325.06534179687,1.4416193255161738e-06,16.820110321044922,2.5767491024453193e-05
232,0.9685872699261603,0.012799712360921315,0.9118038630080992,29066.555068359376,1.5892494145455083e-06,57.680076599121094,7.225567242130637e-05
233,0.5961548091218363,-0.018928952034149505,-1.3484280818784122,24215.250498535155,1.7394222431948584e-06,8.039129257202148,2.343673440918792e-05
234,0.3141068770674447,-0.01577699347464329,-1.1238942869336372,23567.719501220705,1.752252934160103e-06,7.2009782791137695,2.06503664230695e-05
235,0.8909844728975564,0.019320791899143767,1.376341295277891,28857.152486816405,1.6163032148357984e-06,41.741703033447266,7.177756924647838e-05
236,0.9372907067998227,-0.00613399518417791,-0.43696298376848164,31296.192328125,1.5367434754886413e-06,21.12457275390625,2.812895763781853e-05
237,0.8824381643307976,0.004483269262049033,0.3193714137297642,37003.855410888675,1.4190223357794193e-06,6.024315357208252,1.4067163647268899e-05
238,0.778809929883751,-0.012045989274242738,-0.8581114359680865,39461.10381445313,1.3785296203871452e-06,27.906953811645508,3.9241054764715955e-05
239,0.9692478760085046,0.0035930741849356873,0.25595723009381904,41277.86884814453,1.3453777774851396e-06,17.630474090576172,2.1521840608329512e-05
240,0.8731283496219112,-0.009515885009239736,-0.6778762261764697,61748.86705810547,1.1139759151385399e-06,20.91728401184082,2.2105808966443874e-05
241,0.9728560722802947,-0.007665226518796097,-0.54604220419898,65637.71138378906,1.131274817249822e-06,37.02532958984375,3.068715159315616e-05
242,0.9020580467925376,-0.06957963480758236,-4.956594180814843,46513.10826367188,1.3270452326072044e-06,99.55718231201172,0.0001813231356209144
243,0.9195236131267666,0.0150604198589553,1.0728482499219931,61514.26759277344,1.1187411512238832e-06,37.08845520019531,4.552548853098415e-05
244,0.8082038548782431,-0.0033983846102971613,-0.242088269508049,37677.18365722656,1.4276761579061647e-06,4.557150840759277,5.045316811447265e-06
245,0.9813743316348127,-0.0033169052160003073,-0.23628398075682236,26499.6336953125,1.6653656625040303e-06,11.198114395141602,1.661863279878162e-05
246,0.8942078837020434,0.01634902756110861,1.1646438659166638,23992.16634375,1.7450121954095674e-06,13.15806770324707,3.466353518888354e-05
247,0.8703329080573667,-0.013031702596353728,-0.9283299838210364,27859.748950439454,1.614473934400503e-06,18.351062774658203,2.6576282834867015e-05
248,0.03276846130052746,0.04532714008965905,3.2289367344724873,32930.24588110352,1.518613680674948e-06,15.077897071838379,5.417660577222705e-05
249,0.4959444230826674,-0.03626351070063577,-2.5832775152062264,64840.13677441406,1.0867758484475317e-06,34.48443603515625,4.0813498344505206e-05
250,0.9558798369677562,0.021426569823460775,1.5263490760692415,46187.76772558594,1.311357307555785e-06,84.69682312011719,9.441946895094588e-05
251,0.9688646476697963,-0.006725442657148321,-0.4790955001418404,54109.36442041016,1.1901898315142402e-06,30.58414077758789,3.3412830816814676e-05
252,0.9953537734576117,-0.0005673704619617088,-0.0404173597332416,33691.12518505859,1.4926080071611993e-06,5.799583911895752,7.79429501562845e-06
253,0.4318806223892796,-0.016317358158433114,-1.1623878555560847,27036.625577636718,1.6383803744820359e-06,11.569520950317383,1.9368340872460976e-05
254,0.8252717442832204,-0.010391424175380843,-0.7402463772698408,18959.017518310546,1.9644465590932153e-06,9.722542762756348,1.940739639394451e-05
255,0.4664908183007626,-0.025711490913912803,-1.8315909043846563,19752.848611328125,1.9261391646592845e-06,12.720097541809082,2.804910036502406e-05
256,0.8563764063700852,-0.010313711417824192,-0.7347104096990769,20989.80466894531,1.8677246021373312e-06,11.88592529296875,2.142281118722167e-05
257,0.6326745818075067,0.01744827115857997,1.2429498879817698,20949.882524902343,1.8867316838496487e-06,6.700103759765625,2.6016035917564295e-05
258,0.9924257798489245,-0.00106284535629709,-0.07571314685247742,25063.5549309082,1.7021348537584338e-06,6.386549472808838,9.184323062072508e-06
259,0.8462057772907977,0.007588790806015924,0.5405972085444273,40390.30576953125,1.3587435229460002e-06,10.506425857543945,1.4817394912824966e-05
260,0.7614113075273112,0.02108052984490335,1.5016984760942595,51230.760690429684,1.2079051054690819e-06,17.44402503967285,3.180376370437443e-05
261,0.8917416789209878,-0.014181847573503624,-1.0102620306994048,64303.90743017578,1.1118314411559948e-06,31.249889373779297,2.6241075829602778e-05
262,0.9310520222716873,0.02213261618897048,1.576645190964767,50226.41794921875,1.2853524707102993e-06,55.13502502441406,6.661275983788073e-05
263,0.7550670210321105,-0.061873858680672605,-4.407663373475499,67645.39096289063,1.0704449975630715e-06,46.823734283447266,8.48448762553744e-05
264,0.4997753657199816,-0.012916203351735843,-0.9201022475682568,29999.134330566405,1.5690283820923581e-06,7.630041599273682,1.6960928405751474e-05
265,0.6396995200808624,-0.012256325474960509,-0.8730950039528209,32574.22043261719,1.507638831557246e-06,14.896454811096191,2.8974322049180046e-05
266,0.7688843469335589,-0.0269734119612508,-1.921485462428552,21208.65548852539,1.865612076864515e-06,17.640291213989258,4.434783477336168e-05
267,0.6425227168227484,0.013384149150891027,0.9534369644210188,19547.548495605468,1.9414041786443277e-06,8.924433708190918,2.0295909052947536e-05
268,0.9870194429570672,0.0015752924698578727,0.1122179716920287,18476.584418945313,2.003653827109269e-06,6.072830677032471,1.0478665899427142e-05
269,0.995352440751058,-0.001078239918506363,-0.07680979815962627,25331.13095654297,1.7025155002799883e-06,12.72637939453125,1.8245835235575214e-05
270,0.8212854504638603,0.002201584535712554,0.1568326871571282,26267.393848144533,1.666345136965007e-06,1.5148704051971436,3.767979706026381e-06
271,-0.008399889334968411,-0.010308641226549833,-0.7343492281459455,40360.21863574219,1.3508152280848956e-06,4.01309061050415,9.48358683672268e-06
272,0.5633757059782766,-0.021035523237761516,-1.4984923729338402,49558.34455517578,1.257126810606175e-06,17.04836654663086,2.8751366698998027e-05
273,0.9176377365480051,0.009629913973150505,0.6859992251046398,50228.01554833984,1.2780283381021424e-06,26.857887268066406,2.793704334180802e-05
274,0.678221920284539,-0.02383306373919377,-1.6977787447053956,50649.13343017578,1.256053607557568e-06,26.308019638061523,3.0424764190684073e-05
275,0.9674330412642588,-0.004844224654217528,-0.3450845322493391,44351.62004638672,1.3043030939939517e-06,17.92876434326172,1.9755574612645432e-05
276,0.15186246195130815,-0.02018761575184372,-1.4380905998835525,23740.645963867188,1.777999462520022e-06,8.575035095214844,1.834212707763072e-05
277,0.9390079484297287,0.0048511123801669494,0.34557518820713995,23322.495558105467,1.7689454244571735e-06,7.83665657043457,1.392958529322641e-05
278,0.6288945261455154,-0.010616883920607499,-0.7563072902695834,18468.497630615235,2.004977050123825e-06,4.743170261383057,1.5569978131679818e-05
279,-0.40613797056306006,0.023765894395970464,1.6929938507249875,17097.57265649414,2.070979715601867e-06,7.019139766693115,2.4538197976653464e-05
280,0.5721547400086427,-0.005496576572419105,-0.39155565459057007,16201.854689697266,2.1016815001272506e-06,1.901943564414978,8.007997166714631e-06
281,0.6946887406071361,0.007320091527427643,0.521456072142621,17540.081070068358,2.0385825913500862e-06,1.9835671186447144,1.212094139191322e-05
282,0.9867564353631884,0.0004843976616404353,0.03450668629588232,17695.470414794923,2.026077878466637e-06,2.0429534912109375,3.6778244520974113e-06
283,0.4937434102340971,0.006890166001628862,0.4908297780372976,27358.116568847658,1.6378214966100315e-06,3.01074481010437,8.667042493470944e-06
284,0.8857671106709176,0.0044354129405419955,0.3159623075257297,35750.84178222656,1.432348806142729e-06,6.434732913970947,9.138046152656898e-06
285,0.6038315606653917,0.019627196480051515,1.3981684170629114,54523.812951660155,1.2038484368672728e-06,10.138409614562988,1.9724739104276523e-05
286,0.955111793534477,-0.017797032502333197,-1.2677943478833043,59174.46393408203,1.1596725712839083e-06,46.73031234741211,3.850284338113852e-05
287,0.9351744067409491,-0.015611945954217013,-1.1121369159505166,33776.53275585938,1.5302011198044273e-06,35.40967559814453,3.934104825020768e-05
288,0.9826491072045256,0.01061072300415475,0.7558684095148532,42060.724470214845,1.3313681820344773e-06,43.2022705078125,4.346146306488663e-05
289,0.9915428701364756,-0.0010736697321381498,-0.07648423509479317,28694.36666479492,1.6071741930455472e-06,6.897830009460449,9.463274182053283e-06
290,0.9875685756616785,0.0015810163515223698,0.11262571971525959,22020.570946533204,1.8360844635337417e-06,6.861639976501465,1.1182288290001452e-05
291,0.9994082126032249,3.981315763339666e-05,0.002836141149508495,23179.82160961914,1.7816860289278746e-06,8.678581237792969,1.3019456673646346e-05
292,0.889935837978817,-0.003092163085811313,-0.22027418798111625,18012.200491210937,2.0057059910550473e-06,4.097439765930176,8.500500371155795e-06
293,0.999205836862326,-5.976668103532523e-05,-0.004257555881768262,22018.02326196289,1.821439756061938e-06,12.62479305267334,2.028155722655356e-05
294,0.37495153580899654,-0.005011438776461744,-0.3569962438810222,28421.511761230468,1.6089019199806376e-06,1.6952388286590576,4.773319233208895e-06
295,0.959307615412529,-0.0026318674639027226,-0.18748444127842098,50369.770903808596,1.2437598136646717e-06,5.844088077545166,6.538884008477908e-06
296,0.844461798669433,-0.027447120161610876,-1.9552306712932177,64471.449458984374,1.0848638142501286e-06,34.550811767578125,3.490019298624247e-05
297,0.9425623344636969,0.00747258538026349,0.5323191665763074,51940.800548339845,1.2460612738810503e-06,28.199098587036133,3.1667674193158746e-05
298,0.9474812814098542,0.02278122066595438,1.6228493595431068,38710.7876640625,1.4148960235496251e-06,60.64012145996094,7.562052633147687e-05
299,0.7838921745851563,0.010583576470369184,0.7539345914980884,45435.77482324219,1.2855889619583878e-06,7.977834701538086,1.3125110854161903e-05
300,0.9401910533326606,0.0036562921097502404,0.2604606397355273,27147.19921411133,1.6622919137483125e-06,6.001939296722412,1.0756420124380384e-05
301,0.9351459354333415,0.004295890856028129,0.3060232735812567,26504.32269506836,1.6673953990216208e-06,6.761183261871338,1.1403308235458098e-05
302,0.9229406226289162,-0.00253306018025331,-0.18044577819096494,19937.030252929686,1.9100160321555814e-06,3.7895843982696533,6.099217443988891e-06
303,0.9789624818914366,0.001446337578268524,0.10303170523623348,25456.714381835936,1.6918587743351811e-06,5.355470180511475,7.760468179185409e-06
304,0.7745795660493336,0.007408818927392496,0.5277766818376965,47698.00204833984,1.2579060802891392e-06,3.4875991344451904,6.741363449691562e-06
305,0.7825637328403782,0.004846639391917541,0.3452565491744807,58243.00935058594,1.1554118615106128e-06,3.8415639400482178,4.769299266627058e-06
306,0.6788029299863786,-0.0038828626881099943,-0.2766006843527122,46323.57300683594,1.3091319616849901e-06,3.426380157470703,3.853375801554648e-06
307,0.9239297676145649,-0.018433054574894348,-1.313102192807245,43671.0457109375,1.3207112652850522e-06,35.21904373168945,3.6176268622512e-05
308,0.5619531730077127,0.028771865689776382,2.0496006114937386,33370.14065600586,1.4879239073697955e-06,14.225141525268555,2.965358544315677e-05
309,0.8075456069409511,0.0075219009684542575,0.5358322255069241,20655.15244580078,1.8665586359013301e-06,3.0656845569610596,9.670973668107763e-06
310,0.6775800662196075,-0.015398125512729547,-1.0969051436230688,21393.79996875,1.871047177867981e-06,3.729267120361328,1.8912112864200026e-05
311,0.3194151603384195,-0.017713121698652905,-1.2618168545782673,18732.226708251954,1.9904072016937253e-06,6.22848653793335,2.1415988157968968e-05
312,0.5482072653062607,-0.028320571355324776,-2.0174520830031324,19945.22548461914,1.9061073738278076e-06,9.002938270568848,3.953992199967615e-05
313,0.7895382171595282,0.027980989172458524,1.993261512354724,27726.021556640626,1.6166943335634154e-06,34.92155456542969,4.9037422286346555e-05
314,0.9948404488157105,0.0005764151293228359,0.04106166816822469,30666.287241699218,1.5393844153768872e-06,5.136963844299316,7.0579335442744195e-06
315,0.9734097639875448,0.001559818554398983,0.1111156675547613,59249.226666015624,1.1241910695235037e-06,4.706171035766602,4.7765684030309785e-06
316,0.9783467534299833,-0.007769967304803742,-0.5535035479075976,45700.157393554684,1.3137706114529045e-06,27.350576400756836,2.9975446523167193e-05
317,0.3306451612217599,-0.02592719296022605,-1.8469567152358162,43194.044428710935,1.3791958541065121e-06,17.001462936401367,2.2853302652947605e-05
318,0.6269096203481429,0.033938311262732855,2.4176389625605377,32813.09555834961,1.5087333194049693e-06,12.917142868041992,3.4263506677234545e-05
319,0.9983916401832631,0.0004434257619272048,0.031588000673902064,24268.445203125,1.7450248437534138e-06,8.496932983398438,1.3228787793195806e-05
320,0.8361441914216708,0.007494967342479184,0.5339135742500516,16842.858880371095,2.0569457085511613e-06,5.584176063537598,1.2541591786430217e-05
321,0.33230038959672775,0.011072899257397907,0.7887921253933707,19608.946607177735,1.9302772249410235e-06,4.043363571166992,1.0790863598231226e-05
322,0.7598631852519363,0.005652869677309681,0.4026893935983191,16564.49594873047,2.1063554180478177e-06,2.770017623901367,9.087224498216528e-06
323,0.678083144880732,-0.007240802328449634,-0.5158078047531369,15590.212365478515,2.1679555781214428e-06,3.57889723777771,1.2664344467339106e-05
324,0.9523433478622322,-0.0019057968280404443,-0.1357618719012198,17809.62632861328,2.0173156960016296e-06,3.732783555984497,6.765540092601441e-06
325,0.40788270103430263,-0.006265089960151025,-0.4463016876222817,19911.657955810548,1.91979531645324e-06,3.1392502784729004,7.355625712079927e-06
326,0.49238335600441147,0.01892966419637272,1.3484788136642452,27486.620485595704,1.6256633480532597e-06,6.489567756652832,1.9030419935006648e-05
327,0.9633280878354772,-0.0016837924550033145,-0.11994710675399926,48086.85215332031,1.285439521246985e-06,5.485993385314941,5.790757768409094e-06
328,0.8723449120045323,0.009803003364547619,0.6983294690407036,62714.29082910156,1.1199287445036269e-06,11.971965789794922,1.3014959222346079e-05
329,0.6633943806178433,-0.00998580611866887,-0.7113516567802629,39213.792489257816,1.411891864026705e-06,8.747658729553223,1.1945659935008734e-05
330,0.9986630545440184,0.0005677720635772188,0.04044596833741072,56310.524748046875,1.1581417386245614e-06,21.77535629272461,2.0558947653626092e-05
331,0.7185466350591527,-0.00611757167795188,-0.435793034319715,24519.29126660156,1.7335165179740708e-06,5.284456253051758,8.2844317148556e-06
332,0.9947832317465717,0.0011930034280744609,0.08498512338615555,18300.37953076172,1.9863699575837856e-06,5.343636512756348,9.4634369816049e-06
333,0.7381853728692946,0.010114194464695001,0.7204975646390409,19162.58557446289,1.971693485931105e-06,2.6168692111968994,1.2141015758970752e-05
334,0.9414861972667847,-0.0022365235872370865,-0.15932161513078888,17508.035143066405,2.0408026554232187e-06,3.608452796936035,6.766253136447631e-06
335,0.8696006266080107,0.009720789162557992,0.6924728353246883,16483.976694824218,2.0878931200482927e-06,2.903923273086548,1.5225641618599184e-05
336,0.8004475589591664,-0.0025479108135018124,-0.1815036820236669,19166.212330078124,1.938775723161429e-06,2.466507911682129,4.620551862899447e-06
337,0.37005766171499804,-0.007190332064815027,-0.5122124910420591,25366.18002734375,1.7206741484405886e-06,3.7331619262695312,6.805417342548026e-06
338,0.9918867257682424,0.0018021216861457865,0.12837644071246318,40638.00406494141,1.3577302503805727e-06,9.722139358520508,1.1601980986597482e-05
339,0.923743846125659,0.016139265109017295,1.1497011696483597,63435.02329101563,1.1052165688771998e-06,29.324827194213867,2.9242190066725016e-05
340,0.9445920153115296,0.01346843782926976,0.9594413761129735,53442.31123144531,1.227564109051051e-06,30.214876174926758,3.155656304443255e-05
341,0.9923184369689073,-0.009235666547465155,-0.6579145060434198,51747.20400488281,1.2457970617992523e-06,70.84513092041016,6.795279477955773e-05
342,0.719695076079956,0.027756847650825756,1.9772945046968613,32813.06990625,1.5092362847310957e-06,14.821051597595215,3.3000345865730196e-05
343,0.9561782777798474,-0.005606657724506546,-0.39939742609976087,22964.647934570312,1.7833953881420611e-06,13.417923927307129,2.0152536308160052e-05
344,0.9467345736199703,-0.006472992263930225,-0.4611118738490378,16559.94320776367,2.103051713019455e-06,9.205273628234863,1.8477359844837338e-05
345,0.7024653671870105,0.019442483547417275,1.3850101553165255,16818.04053125,2.081551010585325e-06,10.208105087280273,2.5538764020893723e-05
346,0.8822006725483844,0.010774763899610186,0.7675540722821071,15571.751226074219,2.1629528452365693e-06,11.681563377380371,2.4218301405198872e-05
347,0.9995133054037957,-0.0006106850069493621,-0.043502926684320924,15279.666738525391,2.1870513061393377e-06,11.10080337524414,2.1648909751093015e-05
348,0.7262370429834974,-0.004984029983958418,-0.3550437435294346,17964.82063671875,2.0135940456764587e-06,4.397229194641113,1.2769778550136834e-05
349,0.8635156777619186,0.0023216965234466322,0.1653890180590541,22065.639193359377,1.8287451921370277e-06,4.264233589172363,8.114771844702773e-06
350,0.8981038270232536,0.0034313580275867413,0.2444371730156785,33228.64655175781,1.481362095446984e-06,4.290225505828857,8.837196219246835e-06
351,0.9413332107905302,-0.0050541001490684075,-0.36003528126304535,46159.953393066404,1.2779193349605895e-06,12.518856048583984,1.2662782864936162e-05
352,0.7468903181782969,-0.02901060039412305,-2.0666071831665507,61163.64201318359,1.1180155701883146e-06,32.66578674316406,3.2668871426722035e-05
353,0.950937061556866,0.06932150347728287,4.938205865711052,43759.60094677734,1.3520794288839924e-06,195.21873474121094,0.00022650153550785035
354,0.9213582192525775,0.022161609189055333,1.5787105443674168,62943.22157373047,1.1393530964716893e-06,56.454917907714844,5.3166557336226106e-05
355,0.7982856650947712,0.008330317781417953,0.593420830015841,40599.16615820312,1.3515760748903677e-06,5.579284191131592,9.958254850062076e-06
356,0.9128867754007022,0.014741366929621472,1.050120106877246,26590.89193725586,1.6581478318343476e-06,8.946244239807129,2.957557990157511e-05
357,0.8209158081161781,-0.011262528513266937,-0.8023006077065066,19231.309475341797,1.944108657907122e-06,11.24677848815918,1.852790592238307e-05
358,0.9536866773495896,0.00384365515680585,0.27380768576851927,18443.623396484374,1.9959582791856383e-06,7.837296009063721,1.4557127542502712e-05
359,0.9587922609617952,0.004358633084339355,0.3104927963747982,18954.03486987305,1.9483473805046885e-06,8.88504409790039,1.7040281818481162e-05
360,0.2864250612046112,0.02118481820516864,1.5091275906770993,38703.5391328125,1.4016495731029545e-06,9.72310733795166,3.5037250199820846e-05
361,0.9666104702119793,-0.006692729937269693,-0.4767651677473484,65213.54810009766,1.102909067976552e-06,20.110013961791992,1.763012187439017e-05
362,0.7585011114967248,-0.02317951305920298,-1.6512222270365664,45460.4471640625,1.3270037725273622e-06,30.280614852905273,3.590467895264737e-05
363,0.9244428695753105,0.010575692766262624,0.753372985763797,48773.54462841797,1.2827553199402932e-06,16.834110260009766,2.3158330805017613e-05
364,0.9970733843800287,-0.0004292608420299575,-0.03057894450784766,35706.8354008789,1.4496615810890881e-06,4.7831034660339355,5.793124273623107e-06
365,0.7562653109882157,-0.007052668106076481,-0.5024058230611422,20880.712020507814,1.855308362147811e-06,5.928471088409424,8.759200682106894e-06
366,0.6395024385270838,0.006842190542415649,0.48741218490655286,19512.348031982423,1.9218413530235072e-06,3.05910325050354,8.070972398854792e-06
367,0.6315074669535178,-0.008093456824261675,-0.5765477371180453,18940.74330102539,1.969375526347624e-06,5.03557825088501,1.1468291631899774e-05
368,0.5420524475888063,0.007109327318489732,0.5064420144454993,20706.69483203125,1.8771425907802689e-06,4.595827102661133,1.213943960465258e-05
369,0.03281844594271393,-0.011401259097195313,-0.812183258095547,25968.093196777343,1.6963767443987102e-06,4.163337230682373,9.036251867655665e-06
370,0.4156014065286254,-0.014325694946689362,-1.0205091821084293,35899.9823515625,1.4374119629761815e-06,9.197529792785645,1.2538806913653389e-05
371,0.997313186755424,-0.0004163686233119366,-0.029660550836304977,65709.51793359374,1.1037099499477446e-06,7.164181232452393,5.358395810617367e-06
372,0.9374400852235408,-0.004423489696447789,-0.31511293999948137,84882.56572558594,1.006185003571778e-06,14.373074531555176,1.0006997399614193e-05
373,0.9704650587403403,-0.004546302425345969,-0.3238616616487127,53402.03579931641,1.2347461647207507e-06,19.583860397338867,1.833958776842337e-05
374,0.9430321402595156,0.010816629720519298,0.7705364375225543,51947.74037695312,1.2145075174747033e-06,23.968481063842773,2.870163370971568e-05
375,0.41252462312797805,0.009681441814081392,0.6896698766855843,29614.099728515626,1.5684386025241232e-06,2.255394458770752,1.0589993507892359e-05
376,0.9988810052080555,-0.0003993143781220119,-0.028445669891609952,23227.226700439453,1.7942273119205084e-06,6.221848487854004,8.891684956324752e-06
377,0.9713134479260969,0.0027347263740538142,0.1948117271561028,21779.064447753906,1.8243922634996364e-06,5.5986480712890625,9.146017873717938e-06
378,0.9929418040606924,-0.0008137359821311204,-0.057967522320356166,22022.573822265625,1.8115336774055221e-06,3.884901523590088,5.906031674385304e-06
379,0.9507380163098217,0.0007070396625583175,0.05036687367982487,31012.181369384765,1.5526348907381618e-06,1.9443187713623047,2.6689067453844473e-06
380,0.9975529359253099,-0.0010033748096305178,-0.07147668648081007,64160.740372070315,1.0950585651858401e-06,15.296028137207031,1.4929937606211752e-05
381,0.9621171100657536,0.006014552318606882,0.42845431863871447,63352.687720214846,1.1148757112875844e-06,19.534021377563477,1.7575830497662537e-05
382,0.8605514868629478,0.012502932557727687,0.8906623745602089,58327.90533300781,1.179936371959571e-06,18.709169387817383,2.049075555987656e-05
383,0.8316754417434065,-0.02667585873128177,-1.9002888779361824,38020.865618652344,1.4028303526856625e-06,20.45086669921875,4.2421521357027814e-05
384,0.9678064892788756,0.0019723365446292903,0.1405019136239079,24418.448091796876,1.7392521458616328e-06,6.695123672485352,9.973614396585617e-06
385,0.7175725682892015,-0.017316478925033556,-1.2335614998466602,20256.654544921876,1.9053232530348158e-06,8.401694297790527,2.5720855774125084e-05
386,0.944459025437248,-0.01335657492082807,-0.9514726789135067,20324.56552807617,1.893029944051387e-06,22.82124137878418,3.637918416643515e-05
387,0.9022858952352218,0.011859740820706413,0.8448437894284512,19716.383990234375,1.906925101928737e-06,13.414355278015137,2.9612298021675088e-05
388,0.9541393096018537,0.0032149306579996994,0.2290196928344331,19878.75194213867,1.9238850658078253e-06,8.794788360595703,1.465827790525509e-05
389,0.9880238980038777,0.0010753051038593427,0.07660073288871161,22857.407319335936,1.7904284296920604e-06,4.404854774475098,6.727359505021013e-06
390,0.5094061401499158,-0.01116866354338314,-0.7956140166544696,28926.327257324217,1.5870124291251054e-06,3.25936222076416,1.1259363418503199e-05
391,0.678848912856469,0.007130422365893164,0.5079447470984231,47471.239833007814,1.2793403874875215e-06,5.23948860168457,7.87528642831603e-06
392,0.7368211937262845,0.01397004620268703,0.995174089450772,52027.17932421875,1.2512849045915332e-06,13.661489486694336,1.8124872440239415e-05
393,0.6753506203277135,-0.007662638792671583,-0.5458578642224081,40846.74012158203,1.437357226132148e-06,8.152616500854492,8.779101335676387e-06
394,0.2892259681373262,0.02223987043908131,1.5842855844999897,42426.267678222655,1.3400524954844957e-06,5.660136699676514,1.751956187945325e-05
395,0.4421348976298042,0.006132854170657975,0.4368817022126244,26535.39544165039,1.6733420356372422e-06,2.5200445652008057,7.701914910285268e-06
396,0.9151442363809277,0.004794316565658272,0.34152926579799164,20545.266783691408,1.8849776740917693e-06,5.279907703399658,1.041017549141543e-05
397,0.9169938433400606,0.003263088534024105,0.23245028065977993,18939.929275146485,1.9507635988599874e-06,3.885592222213745,7.951894986035768e-06
398,0.7373463506739041,0.004723604058668574,0.3364919700199205,17569.69013696289,2.0393622305862776e-06,3.7990174293518066,7.849066605558619e-06
399,0.4260628133004694,-0.007866591470917384,-0.5603866938282309,20959.360359619142,1.8868951904330956e-06,3.0175392627716064,1.04004648164846e-05
400,0.561724519034738,0.005572563871896975,0.39696870695063796,31197.741634033202,1.5386734602256704e-06,2.4780683517456055,4.664934749598615e-06
401,0.7362229634636793,-0.01488243185020312,-1.0601690467201426,58302.196305175785,1.1568669800715277e-06,8.912515640258789,1.2816650269087404e-05
402,0.3043552361827757,-0.013813112941623662,-0.9839947481001873,56438.209965820315,1.2008089076356108e-06,8.147933006286621,9.295590643887408e-06
403,0.994513231414637,0.0023583677141051566,0.1680013371769145,49637.44255908203,1.3008624597070809e-06,32.970272064208984,3.3639684261288494e-05
404,0.7607563676570483,0.03828631315252041,2.7273744322089697,42636.334390625,1.3273554123266392e-06,23.338584899902344,3.7378264096332714e-05
405,0.7725499017295059,0.006261768819303894,0.4460651019109298,26320.78716064453,1.6736844203832108e-06,3.566894769668579,9.287008651881479e-06
406,0.8352561405094663,-0.006084187601232157,-0.4334148769629187,20796.510662353514,1.8669541944102413e-06,4.5065202713012695,9.315581337432377e-06
407,0.6807152280382528,-0.013083289901502461,-0.9320048714115108,20093.005893554688,1.917575183736059e-06,3.194432497024536,1.5971416360116564e-05
408,0.8672374527733777,-0.002955904420977249,-0.2105676279068958,20607.58998120117,1.874797138565986e-06,2.938096761703491,6.0080556067987345e-06
409,0.9327840731804126,-0.003679988858362848,-0.2621487078980334,25691.70310986328,1.6891090577620192e-06,6.156271457672119,1.1102206372015644e-05
410,0.5976761133311317,-0.017122963696938564,-1.2197761953372697,45855.074404785155,1.2894557522485736e-06,12.252023696899414,1.945466283359565e-05
411,0.44017564177044044,-0.04291159703110658,-3.056862438586356,68274.27874023438,1.068950277324538e-06,19.58108901977539,3.131179983029142e-05
412,0.6797554129474788,0.05016293845506743,3.5734210092730367,38490.07899316406,1.4398412185524518e-06,23.833961486816406,6.460662552854046e-05
413,0.1286309808309039,-0.04592979022583521,-3.271867286871887,57711.73890625,1.1473536981947172e-06,15.601604461669922,2.9918310247012414e-05
414,0.9914452545121476,-0.0012320365456224992,-0.08776569738360034,33900.5118071289,1.488412046012799e-06,6.239899158477783,8.320435881614685e-06
415,0.8010130969725541,-0.00904869372909262,-0.6445952584492247,28335.398684082033,1.6090461999384167e-06,9.518379211425781,1.2387642527755816e-05
416,0.8330168422899137,0.005698390914868241,0.4059321571139687,23277.396349609375,1.7814813256824474e-06,5.716858386993408,1.0202343219134491e-05
417,0.6464003545275889,-0.023189983026543466,-1.6519680685365494,20743.20344213867,1.867281067251464e-06,5.749274730682373,2.757667243713513e-05
418,0.8597713692313269,0.007695900450114209,0.5482273008855969,24003.251099853514,1.7501062119942654e-06,7.560749053955078,1.4395681319001596e-05
419,0.8126116307682729,0.007505648067564513,0.534674429347254,20712.13510180664,1.8819233354965447e-06,6.29057502746582,1.3526438124245033e-05
420,0.5171345854449229,-0.00838388921829818,-0.5972370597651452,25215.06954638672,1.677651689977205e-06,3.1368014812469482,1.1359129530319478e-05
421,0.8672363778169605,0.0028263299324372032,0.20133722367071746,25603.429993164063,1.6864771053719603e-06,3.676800489425659,7.827409717720002e-06
422,0.9795989241964236,0.0006017828693497051,0.042868771538992906,31304.1991484375,1.533560884244179e-06,1.9451438188552856,2.7802641398011474e-06
423,0.5150254217676259,0.015551603041896301,1.107838311496938,42403.98157958985,1.3334344844989146e-06,8.518534660339355,1.7078782548196614e-05
424,0.8759215276329443,-0.024068027764275968,-1.7145167072233645,49375.16969921875,1.2452382041587516e-06,42.40873718261719,4.533226092462428e-05
425,0.9800322953016812,-0.004581890550096449,-0.32639682718288304,34443.68907373047,1.5153116051739867e-06,15.713081359863281,2.0383342416607775e-05
426,0.833532603769096,-0.030866214203597864,-2.1987942036261674,59508.96157958984,1.1340718978491494e-06,45.585208892822266,4.537517452263273e-05
427,0.9956097937466238,-0.0005406738203758165,-0.03851559036210496,29071.6392421875,1.5855007599185939e-06,9.195511817932129,1.2807308849005494e-05
428,0.7759737728633769,-0.011357987171491904,-0.8091007271836314,23239.760165771484,1.7697055657485871e-06,9.254820823669434,1.509247249487089e-05
429,0.9289683874658722,-0.00374407744410045,-0.26671414018295586,18568.90791870117,2.0041683351161725e-06,6.898521423339844,1.1835724762931932e-05
430,0.7743822812157205,-0.010512640662632113,-0.748881388605988,19634.553575683592,1.9305313003439462e-06,8.670100212097168,1.8231839931104332e-05
431,0.9908426981734043,0.0021577707540255814,0.1537115564419455,18480.87138305664,1.975126555532949e-06,10.016669273376465,1.7279291569138877e-05
432,0.7637791543238038,0.015317364044986024,1.0911519972870956,26799.931135253908,1.6516311383007503e-06,4.573472499847412,2.2087084289523773e-05
433,0.680904080633457,-0.0063672115997589875,-0.45357645309088307,29388.759035644533,1.6013460043546072e-06,7.079474449157715,1.1991158316959627e-05
434,0.9887435677060309,-0.0010825517220817463,-0.07711695499610097,45769.59780224609,1.287938915528126e-06,6.448129177093506,7.199920673883753e-06
435,0.8585975501614826,0.019344542829185643,1.3780332231237336,59970.65194091797,1.1506340228900296e-06,19.759225845336914,2.97805145237362e-05
436,0.5753745529424847,-0.0556034297062028,-3.960981354347067,71328.78088867187,1.0525377465215531e-06,53.41182327270508,5.737479295930825e-05
437,0.8185367812295283,0.041124616275169,2.9295645813814044,46223.7709609375,1.3194479542469966e-06,53.807220458984375,8.314351725857705e-05
438,0.9406456778886282,-0.006286672606955793,-0.4478391550415191,49551.33057421875,1.2371201906401947e-06,12.954580307006836,1.5701798474765383e-05
439,0.9972132842644912,-0.00020853123561848897,-0.014854988989854472,29420.266200195314,1.580327049113303e-06,7.534635066986084,1.0510066204005852e-05
440,0.9941637806246294,0.0027588743346735434,0.19653193798240698,19363.127721191406,1.9382599582471866e-06,15.047391891479492,2.821616544679273e-05
441,0.8393220790871405,-0.014664220079371116,-1.0446244524364523,19766.491485839844,1.9287929887397774e-06,29.8258113861084,4.45157966169063e-05
442,0.8892947782007161,-0.007718268307483506,-0.5498207037825876,26201.87501220703,1.670179132364872e-06,19.98865509033203,2.956868047476746e-05
443,0.6446314146527037,0.036834727106964435,2.623968845700046,60712.781181640625,1.1216346692423434e-06,54.577720642089844,8.242199692176655e-05
444,0.9980095128569292,-0.000519221004667997,-0.03698737162693154,55552.45795703125,1.1707187581644618e-06,15.691712379455566,1.5756206266814843e-05
445,0.9888732310395666,-0.005678221101283126,-0.4044953346741762,60309.42838378906,1.1246758241119866e-06,43.60472106933594,4.053830343764275e-05
446,0.9476931917040975,0.015284930411304692,1.0888415459544298,40883.90286376953,1.4044563521978113e-06,34.58931350708008,5.1010367315029725e-05
447,0.7263589238579748,-0.06101847535320775,-4.346729049301433,50973.10198828125,1.2326385487248539e-06,57.36210632324219,8.491134212817997e-05
448,0.13421680357824897,-0.018658351908466677,-1.329151536205294,23710.313937255858,1.7644065915916892e-06,7.1378960609436035,1.6387950381613337e-05
449,0.9770264950235591,0.004009637957706835,0.28563168265117483,20118.706853515625,1.9224122756191584e-06,9.961884498596191,1.837886156863533e-05
450,0.9755816392032869,-0.0019999092789369437,-0.14246609257937973,18696.33957348633,1.9792947292064195e-06,5.1871490478515625,8.64037974679377e-06
451,0.6896042696990837,0.0088273001834422,0.6288240063712929,16654.13437524414,2.09743256275068e-06,4.292006015777588,1.3862704690836836e-05
452,0.7271849149852341,-0.017742055128494316,-1.2638779644185179,19455.38424291992,1.951173262124292e-06,9.830581665039062,3.273933180025779e-05
453,0.743265060265735,-0.007808181445382629,-0.5562257810343157,27574.16960571289,1.6480215983725333e-06,6.405818939208984,1.26520299090771e-05
454,0.5589130589954371,-0.009096617339887932,-0.6480091580916787,42704.121166015626,1.3277403044107124e-06,4.422125816345215,1.0264990123687312e-05
455,0.2829624957689127,-0.05266496795246877,-3.7516562771260835,59764.359031738284,1.1344109019630158e-06,32.31638717651367,4.96286156703718e-05
456,0.6554457793794741,0.04106956575860719,2.925642987501303,68323.7151274414,1.0675615470912645e-06,33.70887756347656,4.535314656095579e-05
457,0.8439630404006597,0.021793278911401166,1.5524720664580787,71625.189765625,1.0627871117944074e-06,43.387699127197266,3.5408767871558666e-05
458,0.7702092199572347,0.048002732099301025,3.419535949629347,52270.47854785156,1.2474722057575081e-06,39.898765563964844,8.200072625186294e-05
459,0.9130960414734843,-0.005230494681772297,-0.37260097116276264,31680.483412597656,1.543462805508712e-06,11.452783584594727,1.4016335626365617e-05
460,0.9484582770627422,-0.004476031037491974,-0.3188557895558495,24387.32144873047,1.737828133187083e-06,11.85586166381836,1.5312964023905806e-05
461,0.7394142532183136,0.0146976316753458,1.0470045701625346,16269.285251220703,2.1148086207367005e-06,4.615933895111084,1.976183739316184e-05
462,0.9685618178159234,-0.003137567779346429,-0.22350864933435857,15093.171983398437,2.2170019263857796e-06,6.736310005187988,1.3498134649125859e-05
463,0.6812527201448467,0.016412211124347032,1.1691448277675962,16177.823790283202,2.113587785964043e-06,6.085818290710449,2.302573739143554e-05
464,0.8047231525342747,-0.03941751353138851,-2.8079569364250188,21279.04415307617,1.8536265716677305e-06,33.01105499267578,7.453918806277215e-05
465,0.46123566271670874,0.018628501216774566,1.3270250840452107,24426.3587109375,1.734319828219249e-06,6.554903507232666,2.680640682228841e-05
466,0.30425530286472924,-0.03691811971908548,-2.6299094249673156,37258.56759277344,1.4256487776079445e-06,14.519370079040527,4.489883940550499e-05
467,0.9981185494714914,2.759369042646176e-05,0.0019656717913687886,61353.38843603516,1.122400019705535e-06,5.197113037109375,5.1945380619145e-06
468,0.7361401657766763,-0.017379392115092256,-1.2380432013187046,77117.79504980468,1.0169214888727772e-06,21.122297286987305,2.297598621225916e-05
469,0.9789115227451332,-0.0048729647238501105,-0.34713186782807576,66992.80009375,1.0928084804416409e-06,30.921218872070312,2.4541639504604973e-05
470,0.8882939011934491,-0.03195757663358346,-2.276538800656404,56523.12866845703,1.1728822019018971e-06,42.8454704284668,6.224275421118364e-05
471,0.4487695265675517,-0.0428688336174969,-3.053816132183116,51777.58275292969,1.1942046258093843e-06,47.145206451416016,5.445946226245724e-05
472,0.6623034894946082,-0.0201561649533744,-1.4358501620728896,25569.654537109374,1.6937851315705596e-06,16.268083572387695,3.126001320197247e-05
473,0.5625286873602274,-0.025522095459375962,-1.8180990772081245,23191.38991674805,1.7786256189312214e-06,13.533459663391113,2.8123600714025088e-05
474,0.8483285864829144,0.023640254473653092,1.6840437303405036,21939.273991699218,1.8314754815814712e-06,29.443429946899414,4.554723636829294e-05
475,0.5605851093289935,0.0156569259540854,1.1153411237078186,18017.82948510742,1.995014615218042e-06,5.57378625869751,1.828408676374238e-05
476,0.8024070910191243,0.009953272174692175,0.7090340597155501,23804.459236816405,1.756422967174893e-06,10.39709758758545,1.8553833797341213e-05
477,0.964509111151593,0.0017740055977803083,0.12637355523649027,25605.321250244142,1.6906257869779628e-06,7.132903575897217,1.0110029506904539e-05
478,0.9182665870091541,0.004073466428709162,0.2901785853306061,37666.85143798828,1.4098641371732348e-06,7.834205150604248,1.047036494128406e-05
479,0.8466794964146781,-0.004057175093469541,-0.28901805125091856,65093.24567822266,1.0909868475125683e-06,6.229710578918457,6.368591130012646e-06
480,0.9026381925861657,0.020513238294082126,1.4612867376969279,66946.71518603516,1.0851580185078468e-06,48.491390228271484,5.395961125032045e-05
481,0.9995269203360084,-0.00015473797023632052,-0.011022957003805178,52647.400803222656,1.2731451059987253e-06,69.4951171875,7.522085070377216e-05
482,0.9669985647545946,0.013938298776495333,0.9929125209853328,59729.73919238281,1.131402762867191e-06,53.617679595947266,5.327288818079978e-05
483,0.45297729652726043,0.009305595030273995,0.6628959508572942,38737.993122070315,1.3958234167385721e-06,7.152442455291748,1.3369661246542819e-05
484,0.9910838462062851,0.0027719563417117595,0.19746385146741333,39631.327366210935,1.3753491735324468e-06,21.10792350769043,2.8748956538038328e-05
485,0.46225323520855544,-0.01606273521961149,-1.1442494652015593,19070.769944335938,1.9588282243002297e-06,8.740080833435059,1.9091967260465026e-05
486,0.9878612981741998,-0.0017593710135143446,-0.12533104192908479,18604.08262915039,1.972816546160209e-06,7.599392414093018,1.3747829143540002e-05
487,0.28549944497594626,0.008254093253429882,0.5879908783797646,27861.413197265625,1.6283850064969102e-06,5.10140323638916,9.172911632049363e-06
488,0.9368668340276747,-0.002089201977522659,-0.14882697204394083,36504.13201611328,1.4206356218598508e-06,4.942448139190674,7.421328973578056e-06
489,0.9989670950105969,0.0002872410019711049,0.020461979755982466,63998.88032470703,1.0974227511427199e-06,18.81049919128418,1.9371311282156967e-05
490,0.9956088556381614,0.004348970203973304,0.30980444874657737,44583.15221630859,1.3377419786519862e-06,47.692501068115234,5.438108564703725e-05
491,0.9957297107231717,-0.017919934884981316,-1.2765494561319546,42381.3815546875,1.3712316213723967e-06,144.38059997558594,0.00016667415911797434
492,0.9839667842426624,-0.043340769047349965,-3.087435055475813,42431.247212646485,1.3540536746539278e-06,145.78501892089844,0.00019854833954013884
493,0.8728890904193155,0.012556109941864981,0.8944505334589269,24908.19542089844,1.71553690412268e-06,9.419278144836426,2.2591919332626276e-05
494,0.9885752369432177,-0.0021421434457439387,-0.15259832517097383,21106.100229248048,1.8469271136913513e-06,7.601609706878662,1.139776395575609e-05
495,0.9150605520101587,0.0067824409106600194,0.48315584355200597,20408.274354003905,1.881386199279327e-06,8.433937072753906,1.719833380775526e-05
496,0.9191644471722987,0.0034232914393503076,0.24386253929674184,19364.978382324218,1.952056764925025e-06,4.753981113433838,9.813281394599471e-06
497,0.9059599150263611,0.0034645297007914657,0.2468001995367161,28378.80870703125,1.599895287972239e-06,7.416740417480469,1.1616326446528547e-05
498,0.7801512625273898,0.004416683185073545,0.31462806946570343,67946.141296875,1.0790279113421e-06,4.079545021057129,5.383338702813489e-06
499,0.6244944352717012,-0.02059559147551203,-1.4671532717909321,49350.92757910156,1.272499398642343e-06,20.498167037963867,2.7716578188119456e-05
500,0.9862342910705686,0.008007639450461785,0.570434426854695,61612.280022705076,1.1535294912207321e-06,41.15041732788086,3.868327257805504e-05
501,0.5018031194976509,0.03281378924865423,2.33753220019258,44099.38651074219,1.3086249795108046e-06,10.583417892456055,2.5559802452335134e-05
502,0.6061920657053433,0.014200039004265292,1.011557920511177,27349.346127929686,1.629165319664745e-06,6.299932956695557,1.6353706087102182e-05
503,0.9394496117287671,-0.0018413065373599786,-0.13116782365147217,21269.136821777345,1.8651865704007693e-06,2.6914591789245605,4.96115853820811e-06
504,0.7515884301918963,0.010850630657172391,0.7729585376848074,18627.552962158203,1.979207423352783e-06,4.904644966125488,1.584134588483721e-05
505,0.9636962514565632,-0.0010622252869812393,-0.0756689754225591,19993.92492626953,1.9316824574786666e-06,3.1364920139312744,5.439177584776189e-06
506,0.876999134022451,-0.003169384624456011,-0.22577516294510347,22726.288083496092,1.799433117169132e-06,2.939757823944092,6.510822913696757e-06
507,0.6686865098691888,-0.008873984969177278,-0.6321496567278516,38244.09900390625,1.4064616625444229e-06,3.8062937259674072,9.740076166053768e-06
508,0.30840827556785155,0.012496004143776922,0.8901688201406492,58393.07904296875,1.158265779430426e-06,7.849076747894287,9.270442205888685e-06
509,0.7433989418191165,0.02796817826383009,1.9923489109112953,50992.94254931641,1.2525069727788376e-06,21.758132934570312,3.165322050335817e-05
510,0.6940531864370483,-0.03147869461610836,-2.242425028319455,47066.59454638672,1.3273951948801063e-06,20.654502868652344,3.753267083084211e-05
511,0.9756261094779337,-0.014707519436715558,-1.0477089374763637,43658.615341796874,1.3033658608231474e-06,39.3115119934082,4.342962347436696e-05
512,0.9858399488409875,-0.0021843727781783472,-0.15560658561934962,25411.08924951172,1.6965510176908507e-06,7.632937431335449,1.1673313565552235e-05
513,0.7852513945363755,0.004465554822826604,0.3181095030196965,20872.602149414062,1.8836036073997004e-06,3.450699806213379,6.807703357480932e-06
514,0.9993144713999353,0.0001245237496457987,0.008870608398196853,20728.858131591798,1.8945532681118602e-06,3.192227602005005,5.049208994023502e-06
515,0.6831969974378769,-0.006177329581620431,-0.4400499649345471,21127.56481616211,1.8640071195669943e-06,2.5971126556396484,8.31774559628684e-06
516,0.5957047555657434,0.01978340677205575,1.4092962567888998,24848.56819067383,1.7294309832247422e-06,17.230674743652344,2.7100439183413982e-05
517,0.27945645002852126,0.007598238391728783,0.5412702193829667,31322.249888916016,1.5416257462965835e-06,3.301194429397583,8.331266144523397e-06
518,0.7189275491011399,-0.0074807694166116444,-0.5329021668615348,37222.765622070314,1.4074248696306738e-06,4.710020065307617,9.266635061067063e-06
519,0.9332526663804245,-0.004770481031326229,-0.33983131105744824,64322.52701513672,1.104000312861076e-06,8.87546157836914,9.14869178814115e-06
520,0.7568220319613106,-0.12802927384496496,-9.120328893200076,52730.09923486328,1.2374958152170998e-06,80.82772827148438,0.00015817760140635073
521,0.6314025193505668,0.05884192813747765,4.191679927621064,61422.300935546875,1.1220247300554025e-06,48.89413070678711,6.189051055116579e-05
522,0.9354969796603759,0.019094182396484024,1.3601984778384666,48378.18637695313,1.2456102158358406e-06,52.825706481933594,6.083086918806657e-05
523,0.9583025713065163,-0.009620700843367228,-0.6853429160337865,39322.417316894534,1.3823993087777015e-06,32.228763580322266,3.869562715408392e-05
524,0.873261196659821,0.00683654633409072,0.48701011251545706,29574.976628417968,1.5853504942228216e-06,7.871706485748291,1.4498413293040358e-05
525,0.4000653792312324,-0.031708135282036996,-2.2587695272914474,26764.40552734375,1.6601080089533634e-06,9.791996002197266,3.659843059722334e-05
526,0.5726629469159348,-0.01609523374915364,-1.146564539473782,26628.986853759765,1.6647449981291288e-06,7.282881259918213,2.1174082576180808e-05
527,0.7674053342260262,0.013390677652057275,0.9539020305424426,35495.6730546875,1.4680695531087594e-06,8.534106254577637,2.17495507968124e-05
528,0.949951043524259,-0.006103723037620036,-0.4348065087325824,58384.653805664064,1.1361196323832043e-06,18.514684677124023,1.802879160095472e-05
529,0.7648508513583852,-0.04022172735286874,-2.8652461354658474,42973.271354492186,1.33530515607669e-06,27.730539321899414,7.30874526198022e-05
530,0.8501219941071522,-0.05187631594885094,-3.6954756440625407,63473.40390917969,1.1096236553294324e-06,97.29488372802734,0.00010040950292022899
531,0.9367442002539161,0.02206253630797005,1.5716529611072876,48801.66061621094,1.2514233317626725e-06,41.85202407836914,5.5368982430081815e-05
532,0.347135772675018,-0.022927193751889476,-1.6332479388156536,22949.226228271484,1.7818661892675676e-06,10.786055564880371,2.2692291167913936e-05
533,0.9969752000272738,-0.001215450771556329,-0.08658418857792709,22802.25509716797,1.7870910241118529e-06,10.189397811889648,1.572021392348688e-05
534,0.9279759974474542,0.0068424945146562865,0.48743383875747115,26207.405250488282,1.6972030106583307e-06,10.492948532104492,1.8716771592153236e-05
535,0.541296519932265,-0.020642517632601137,-1.4704961165442727,19685.71545678711,1.924254263599941e-06,11.517021179199219,2.3831498765503056e-05
536,0.8585010209170438,0.009606225149755294,0.6843117215051203,25047.39067529297,1.6948981725973638e-06,10.418506622314453,1.9967452317359857e-05
537,0.8294226261850509,-0.005366781642047242,-0.38230954689886454,24039.09736352539,1.7451848234369082e-06,7.155621528625488,1.2812410204787739e-05
538,0.7682318186140908,0.008326622395365992,0.5931575844691857,33083.465568359374,1.4921647548551909e-06,6.633934497833252,1.3383765690377913e-05
539,0.6608357099960104,-0.01683875384817732,-1.1995301436528092,57889.03679541015,1.1661000279787569e-06,13.996870040893555,1.952908314706292e-05
540,0.9887947750700867,0.009558543200539045,0.680915036933999,61625.00318701172,1.1309253422372572e-06,75.69552612304688,6.778530951123685e-05
541,0.765081130178484,-0.04758116644826765,-3.3895051818835555,51162.72488085937,1.2570500686659726e-06,45.87126541137695,8.356822218047455e-05
542,0.199277420244479,-0.3782297142928545,-26.94367692586576,46976.45631689453,1.2806727308836873e-06,160.7185516357422,0.0003723148547578603
543,0.9952833192207367,-0.026854954830504582,-1.9130470173784104,31067.20426513672,1.5480246203351326e-06,159.25596618652344,0.00023221876472234726
544,0.5265539389381676,0.37820735883278045,26.942084406105934,23960.583107910155,1.748377982222334e-06,182.61447143554688,0.0006035966798663139
545,0.9852990219262423,0.0022392010205884187,0.15951234551627355,18736.90110986328,1.981760383571218e-06,8.847766876220703,1.6090569260995835e-05
546,0.9811775263090636,0.0028566614735510156,0.20349792975369166,18045.153608154298,2.0261233051328627e-06,13.540663719177246,2.2783768145018257e-05
547,0.983107168918211,0.002557166005626157,0.1821629874591253,20728.000111083984,1.886320210014418e-06,10.782674789428711,1.8281882148585282e-05
548,0.9860496250712012,0.0018793560125010265,0.13387832662534846,33383.85495751953,1.479372451510501e-06,11.665148735046387,1.5276493286364712e-05
549,0.3282972743446287,-0.018255781859871322,-1.3004739444680544,51402.03798144531,1.2318286682277301e-06,14.543736457824707,2.3821321519790217e-05
550,0.49574807011878796,0.016200195595902158,1.1540416307267038,57173.88192919922,1.1534896112976122e-06,9.83895492553711,2.174029577872716e-05
551,0.9472600674981799,0.01661338503753715,1.1834757084945127,66427.14628955079,1.098977504002846e-06,72.45802307128906,6.955424760235474e-05
552,0.9686051207282493,0.02048217455779254,1.459073872755151,50865.251166503906,1.2449418209699906e-06,60.057491302490234,8.096808596746996e-05
553,0.6992230721732793,0.024469551695552753,1.7431197774568912,65595.55087597657,1.0765458787904136e-06,30.84711265563965,3.904483310179785e-05
554,0.9175702263188801,-0.008713504830064512,-0.6207176489879087,43870.406563476565,1.298127882626757e-06,24.467275619506836,2.5593835744075477e-05
555,0.9950697763308957,0.0004549274087509776,0.03240733517995623,31744.637197753906,1.5258574741626758e-06,22.202974319458008,3.07342124870047e-05
556,0.9307435501409197,-0.006307866253766069,-0.4493489115491605,20504.283263916015,1.9130223960142607e-06,14.13818645477295,2.219938687630929e-05
557,0.9539437318959549,0.008151292816835964,0.5806677579406343,22029.032050048827,1.8306242690492882e-06,20.090927124023438,3.2507316063856706e-05
558,0.9265261759116131,0.009719037085858594,0.6923480239025445,24106.96066699219,1.7396337238314663e-06,16.08531379699707,2.6929415980703197e-05
559,0.7689054083440814,0.005906720274390301,0.42077276520217616,45062.96035351563,1.2774281457243472e-06,8.82439136505127,1.3997793757880572e-05
560,0.9472398803420886,-0.005400392052379735,-0.3847038274197316,65534.334978515624,1.0978141927787377e-06,23.80098533630371,1.894730121421162e-05
561,0.9819174853225017,-0.004090747460009366,-0.29140962167361,49260.52699023437,1.2481203496970926e-06,28.039045333862305,2.523417424526997e-05
562,0.9342291580747,0.014203393494608495,1.011796881916489,59738.01187646484,1.1488134471221221e-06,28.136674880981445,3.618418486439623e-05
563,0.9994390063297397,-0.0002041128092697484,-0.014540236743897877,52810.80479052734,1.1858141332013612e-06,13.856893539428711,1.4907674994901754e-05
564,0.9840022612283534,-0.002277175641960066,-0.16221751618625302,25477.39103198242,1.7113894620518991e-06,9.954140663146973,1.4332153114082757e-05
565,-0.06104885635042207,-0.015284722114634879,-1.0888267076750349,18643.085228271484,1.9831177150426664e-06,3.195704221725464,1.3798344298265874e-05
566,0.9947189184533769,0.0006068938330964286,0.04323285757128413,18443.83666430664,1.9953821377836405e-06,4.92252254486084,9.089453669730574e-06
567,0.7615955629965322,-0.008354522731713245,-0.5951451005744943,16125.207810302734,2.121791442483887e-06,6.549982070922852,1.1496819752210286e-05
568,0.6407694739030988,0.004081229121356133,0.2907315706589689,21231.63190625,1.854065700136178e-06,2.283205032348633,5.55128190171672e-06
569,0.8772173205505944,0.0032779997087076123,0.2335124972389525,21237.341107910157,1.8472554565854436e-06,3.185331106185913,6.2041963246883824e-06
570,0.598908844575224,-0.009612961119932248,-0.6847915669465854,27148.529756103515,1.6428296046330794e-06,6.6205735206604,1.1623292266449425e-05
571,0.44091466930732187,0.026602459728877748,1.8950602062249915,38518.51063427734,1.3843549956487291e-06,11.212278366088867,2.8322090656729415e-05
572,0.6288234745621938,-0.026582724825689914,-1.8936543651829931,68339.21575634765,1.0583399581160916e-06,23.358999252319336,2.7555171982385218e-05
573,0.9348462733502194,0.008407622159579351,0.5989277061586366,75615.59458398438,1.0280028561927006e-06,29.449546813964844,2.7341900931787677e-05
574,0.9567515675738565,-0.005909314610357942,-0.42095757603936795,61771.34631835938,1.1321759980436517e-06,15.703314781188965,1.3615836905955803e-05
575,0.9963890172807444,0.002697614368994212,0.19216800606119488,50992.64788183594,1.2216426480210466e-06,41.23990249633789,4.438932955963537e-05
576,0.34148795392615333,0.02522970942321271,1.797270584368143,25020.06493286133,1.718213407164036e-06,7.202006816864014,3.0632003472419456e-05
577,0.7289695710328448,-0.004708575275181495,-0.33542137542736794,18381.571348999023,2.0019960855071073e-06,3.560258150100708,6.2472013269143645e-06
578,0.997538883401499,8.791638167024951e-05,0.006262835770698357,18102.171520263673,2.0086229115667907e-06,2.446380615234375,4.188727416476468e-06
579,0.48220693454206426,0.0077967128984275475,0.5554088044396964,16638.83563720703,2.112585140337696e-06,2.8145782947540283,8.875493222149089e-06
580,0.21538625548852233,-0.008760433660188404,-0.624060684158297,16588.585140136718,2.103135465425996e-06,2.340501308441162,8.496376722177956e-06
581,0.6727805374818927,0.0035320996439071693,0.2516136307622676,15243.436204589843,2.174521074942012e-06,2.3866026401519775,5.197473456064472e-06
582,0.9966434762321555,0.00023073522953425928,0.01643671886438038,17557.91853833008,2.0402202258842918e-06,2.7133076190948486,4.819826244784053e-06
583,0.6797599282165073,-0.005594538927362216,-0.3985341281021475,27819.339213378906,1.625438631871361e-06,2.1212306022644043,5.913115728617413e-06
584,0.49832312040912896,-0.0042317248577270735,-0.301452326713474,42582.12537597656,1.332766613120085e-06,1.519250512123108,3.972984359279508e-06
585,0.9953895357144553,0.004091389960983648,0.2914553910513755,69699.34153564453,1.0772556203091092e-06,41.907501220703125,3.368264879100025e-05
586,0.8480714639495827,-0.012029484808423767,-0.8569357192592825,46096.78984619141,1.3083257034567612e-06,39.24755096435547,3.072003528359346e-05
587,0.9166742548751988,-0.03326521777506572,-2.3696902880188926,46273.60163378906,1.3050035204487562e-06,64.26242065429688,8.071542833931744e-05
588,0.7328263683761619,0.008797970906954587,0.6267346978894643,27619.667420410155,1.6543758799153528e-06,4.729033946990967,1.1870954949699808e-05
589,0.7874549484010708,-0.008306955000203174,-0.5917565524475978,19243.421629882814,1.9464442972924946e-06,5.442751407623291,1.189043450722238e-05
590,0.9474761630562123,0.004309056745731326,0.3069611625550719,16641.130868652344,2.083568493779484e-06,5.863932132720947,1.2042790331179276e-05
591,0.9905526640205944,0.001432623087847691,0.10205473598940244,14175.7310390625,2.2662621719573847e-06,5.253170490264893,1.0123517313331831e-05
592,0.5928189700187868,0.007712341888090377,0.5493985277254945,14645.390315917968,2.2142096088181843e-06,4.113126754760742,1.0343534086132422e-05
593,0.8343226762503675,-0.0039180557410412225,-0.27910770644109234,16671.37185546875,2.093434534948117e-06,3.6960883140563965,9.400001545145642e-06
594,0.9844392440602374,0.0005474346513038002,0.038997206790931986,17684.34351513672,2.0297715205739187e-06,1.6279809474945068,2.960911842819769e-06
595,-0.009228484739239649,-0.013085428617878378,-0.9321572256049844,20824.757900390625,1.8664503311699396e-06,2.984123945236206,1.2352046724117827e-05
596,0.6961125945878175,0.006999213172732173,0.49859789259006465,23891.035978515625,1.761306208680402e-06,4.367070198059082,9.333087291452102e-06
597,0.8110861607085222,-0.003389311020903292,-0.24144190077511257,41906.796678466795,1.3461501062305825e-06,2.5840766429901123,4.692286893259734e-06
598,0.8394328870708095,0.013622268389972594,0.9703996926393499,64860.03052050781,1.0964749893101545e-06,12.329976081848145,1.705582508293446e-05
599,0.8270590748367304,-0.006481402893035719,-0.4617110157588305,67476.7315234375,1.0996124184107739e-06,8.365645408630371,7.851281225157436e-06
600,0.9622582817732342,-0.006515164888536998,-0.46411609464286185,44680.025373046876,1.3580996533418323e-06,22.09733009338379,2.157485687348526e-05
601,0.992934702578958,0.00027585251195459204,0.019650706119663176,50331.96291088867,1.2417475201557324e-06,13.799792289733887,1.2810147381969728e-05
602,0.8912829766490182,-0.003970386131480241,-0.28283552866158984,20485.553334960936,1.892038128320019e-06,3.9326069355010986,7.614633886987576e-06
603,0.833249823872349,0.00656251837712234,0.4674893809012976,18459.93309301758,1.994924464476294e-06,4.787680625915527,1.058244288287824e-05
604,0.5951908409392854,0.006837032472688428,0.487044743219558,17597.383140625,2.0178973656098716e-06,2.2066073417663574,7.4972449510823935e-06
605,0.8521196669319111,-0.0037902047798430436,-0.27000007987709923,15452.668884521485,2.1730907347028832e-06,3.5683035850524902,8.191184861061629e-06
606,0.9023723968179582,0.002506805951382334,0.17857552465480414,18045.24746496582,2.022600010614259e-06,3.0306284427642822,5.9896728998865e-06
607,0.9479887373883837,0.0051938913606429,0.36999348681752,17151.518028808594,2.0525504274420804e-06,7.8814544677734375,1.6181218597921543e-05
608,0.654856123241134,0.007391553924013573,0.5265467872641424,19006.86725756836,1.957494782797595e-06,3.5047988891601562,1.2209845408506226e-05
609,0.6066760124962317,0.008536692142335921,0.6081221712807698,20707.17067211914,1.869281336361997e-06,4.383476734161377,1.2734078154608142e-05
610,0.6735469410907039,0.012307055718277372,0.8767088376487157,31319.06642504883,1.5321107873556208e-06,6.707911491394043,1.4804519196331967e-05
611,0.7639389783368677,-0.013101230205463494,-0.9332828718847991,48253.19216845703,1.2568206301397004e-06,8.82880973815918,1.4386169823410455e-05
612,0.7576672853027254,0.02956477574567343,2.1060845723515005,66896.75148632812,1.0964031869354565e-06,23.263708114624023,3.083113188040443e-05
613,0.9977239082495432,-0.004974272392222203,-0.35434864901575613,39117.64338574219,1.4200663470215311e-06,64.63799285888672,7.198494131444022e-05
614,0.848952297414764,0.03233436549744205,2.3033798367607474,39254.18737060547,1.3912033971435688e-06,18.138059616088867,4.9107547965832055e-05
615,0.7962423197000128,0.0122932567194778,0.8757258483395567,28539.15084692383,1.6199746721844111e-06,9.28593635559082,1.8555510905571282e-05
616,0.93482428421489,-0.005017639499799095,-0.3574379603300342,19344.46310839844,1.9432106464590645e-06,7.06511116027832,1.1930377695534844e-05
617,0.8948173017333887,0.0033299435315709944,0.23721278182431882,16799.54097290039,2.1000018411355803e-06,3.768352508544922,7.916107279015705e-06
618,0.8976880054622336,-0.00407898701286677,-0.2905718511961998,15023.785973632812,2.21286810838071e-06,5.542320251464844,1.1108335456810892e-05
619,0.3170701977629904,0.006597945718518054,0.4700130928277735,15562.281470703125,2.154403941800509e-06,2.271914482116699,7.657459718757309e-06
620,0.6371218847409318,0.005484970606368945,0.3907288887711454,15870.788505371094,2.1413457151179447e-06,2.57220721244812,1.0158104487345554e-05
621,0.9766169460699821,0.0011588855538333838,0.08255469302542208,17650.359649902344,2.022751145826037e-06,3.8027100563049316,6.357799065881409e-06
622,0.4391768683695503,-0.007842867986924977,-0.5586967211367876,25066.973051757814,1.7054242008796004e-06,3.049447774887085,7.842845661798492e-06
623,0.8167857766902447,-0.022383503633806753,-1.59451747863276,40875.29625439453,1.3635991472824884e-06,9.173321723937988,2.4924680474214256e-05
624,0.49363534775392287,0.030906846197586754,2.201688675629609,56531.100004882814,1.1730650816191086e-06,15.66108226776123,2.8690072213066742e-05
625,0.24780525375684817,-0.01340909143758715,-0.9552137600802098,49736.33614453125,1.2852758064626114e-06,3.3972198963165283,1.2079239240847528e-05
626,0.6220836699402231,0.027941626748459687,1.9904574797915329,35343.83502050781,1.4494058997939807e-06,11.973809242248535,2.6635534595698118e-05
627,0.5391368086307333,0.01463081412939866,1.042244736910552,36606.30982910156,1.4196074933301784e-06,4.799916744232178,1.3340215446078219e-05
628,0.8589906613965481,-0.0037388884290405957,-0.266344494065655,20116.69421435547,1.9011330268550245e-06,3.33746337890625,6.547857083205599e-06
629,0.8189981373283841,0.00241458013706611,0.17200570094381656,18774.34655029297,1.996635746214054e-06,1.9332947731018066,4.58097110822564e-06
630,0.9274792142982436,0.003202322295321562,0.22812152001054745,17606.82283618164,2.0208200221153026e-06,4.602523326873779,7.452825229847804e-06
631,0.9155772906586145,-0.004527526551233047,-0.3225241382681261,18374.709583984375,2.000522677548396e-06,4.461630821228027,1.1602991435211152e-05
632,0.9982940599900786,9.29967451326239e-05,0.006624741952638898,22422.572626464844,1.81242500476068e-06,1.309226155281067,2.040668050540262e-06
633,0.49427022456555564,0.015596594252997911,1.111043317900762,27937.825075683595,1.6186714658362182e-06,5.59920072555542,1.5105601050890982e-05
634,0.6186465390694207,-0.01173177483812311,-0.8357279691691368,36132.75265673828,1.437283086089793e-06,4.864226818084717,1.2791194421879482e-05
635,0.8131673098794971,0.007964213308915656,0.5673409101801965,59251.07555126953,1.1332586552115633e-06,7.405783653259277,8.766013706917875e-06
636,0.9950444860922871,-0.005165921406279193,-0.3680010113838649,65807.72504736329,1.1025774067409933e-06,32.222328186035156,2.7150881578563713e-05
637,0.9003623389203154,0.012483944908409667,0.8893097651023222,40550.30539013672,1.399501141510204e-06,19.453245162963867,2.715133086894639e-05
638,0.8424676450754246,0.008630764130596462,0.614823509551362,41758.177736816404,1.3361168126709827e-06,6.037742614746094,9.75044440565398e-06
639,0.8110880814760993,-0.008067128799500648,-0.5746722266373747,23272.672135498047,1.7660813922200411e-06,8.142701148986816,1.092934689950198e-05
640,0.924458440706763,-0.002524087805350329,-0.1798066196015991,18679.96609082031,1.9778609231487495e-06,3.4906985759735107,5.9316980696166866e-06
641,0.8268465203830277,-0.006445075169576018,-0.4591231639656936,19001.378201904296,1.9561853117857575e-06,5.149863243103027,1.1541194908204488e-05
642,0.6090398105168506,0.010003980067451228,0.712646301240904,19125.262206542968,1.966532899825324e-06,7.5955915451049805,2.1861835193703882e-05
643,0.8829752574418522,-0.006417687606572993,-0.45717217592468284,25476.04591015625,1.6805891436838397e-06,8.121489524841309,1.262333807972027e-05
644,0.9972933784713403,-0.0013713108565161045,-0.09768708085767708,33677.59107763672,1.4917685808238183e-06,6.999896049499512,8.150257599481847e-06
645,0.8851477945059313,0.004846184915747937,0.3452241739838978,52672.33465527344,1.2037183895300115e-06,7.6804914474487305,8.085118679446168e-06
646,0.698075610186661,0.019211592356437285,1.3685623263393014,81172.89941992187,9.977321342460858e-07,6.398941993713379,1.7472959370934404e-05
647,0.8522417034372132,-0.010008855257739696,-0.7129935916496711,70954.1870336914,1.0782471219014405e-06,11.6748628616333,1.2540176612674259e-05
648,0.7663856930777929,0.04161615764767602,2.9645801590477094,47861.936790039064,1.3016944774759291e-06,29.146514892578125,5.408395008998923e-05
649,0.712045772805593,-0.013918816990187653,-0.9915247110476753,38231.337177246096,1.3957784930728836e-06,8.308910369873047,1.651426100579556e-05
650,0.9937425724396444,0.0007212317206780919,0.05137786307183291,24917.769014160156,1.7224282515601576e-06,6.242422580718994,8.8920169218909e-06
651,0.6730108975096432,0.007590369660665606,0.5407096802725503,21927.4181953125,1.8350622554325389e-06,3.862708330154419,9.996762855735142e-06
652,0.9918000673015142,-0.0005231659451509096,-0.03726839450230793,19614.07063305664,1.9383729923148525e-06,3.1929376125335693,5.163232344784774e-06
653,0.9291100476164204,-0.001973384861956602,-0.14057659184805454,20134.393684814455,1.9017980354020193e-06,3.322598934173584,6.3969478105718736e-06
654,0.6921946750415139,-0.009165783964344778,-0.6529363309524947,28768.60829345703,1.598455777521782e-06,3.6282293796539307,1.2571728802868165e-05
655,0.8994875555821411,0.006820053249416407,0.48583520655703333,47331.820872558594,1.2579223235725587e-06,9.329651832580566,1.3223242603999097e-05
656,0.8750237654041425,0.010852144729178434,0.7730663945385441,63237.6461640625,1.1150467181366713e-06,19.165956497192383,1.863607576524373e-05
657,0.6695164021108702,0.019292562475724636,1.3743303362345736,58341.81798486328,1.1741812367979987e-06,13.454792022705078,1.9879307728842832e-05
658,0.9873781557719523,0.010462397398579732,0.7453022455001659,43467.82270898438,1.3603463168716153e-06,51.79401779174805,6.678132922388613e-05
659,0.405695354962047,0.013445506531552166,0.9578078358229177,29598.54576660156,1.5724241405308043e-06,5.315867900848389,1.4762690625502728e-05
660,0.9452674591615279,-0.002746085648583774,-0.19562091958991162,23715.36679663086,1.7581097931787036e-06,4.98534631729126,7.523619387939107e-06
661,0.7914302182763907,-0.006418830846562818,-0.45725361608596726,22436.989805908204,1.8258971445738815e-06,5.292157173156738,1.0046774150396232e-05
662,0.9508548891279903,-0.0028794884876556896,-0.2051240412673479,21023.62913623047,1.8553585689735402e-06,4.873497486114502,8.56427323014941e-06
663,0.0486337323636428,-0.023443657053995596,-1.6700388619773348,23292.127574707032,1.774133699689151e-06,6.682268142700195,2.863928057195153e-05
664,0.6781027331159849,0.025266840488681615,1.7999156632556588,38894.57659228516,1.3768315150277149e-06,26.283164978027344,4.408742825035006e-05
665,0.649010032870658,0.024634088312058877,1.7548407535465267,55449.01146386719,1.1676217188752803e-06,14.865496635437012,3.189337076037191e-05
666,0.8222188590158349,0.011115222459745961,0.791807072784974,63070.1748046875,1.1048220059681895e-06,9.97332763671875,1.559677184559405e-05
667,0.8842028054059364,0.02231352056733483,1.589532145481909,60772.29447070313,1.1459428003124397e-06,25.07079315185547,3.61434904334601e-05
668,0.7758911987269124,-0.019370586551960264,-1.379888480989177,50533.09862939453,1.269847732150772e-06,32.165042877197266,3.213043601135723e-05
669,0.9681293485593988,-0.002600233577486381,-0.1852309609639381,50518.47178613281,1.2213573628258222e-06,6.616336345672607,7.071495019772556e-06
670,0.9305628856613277,0.0036773744751635523,0.26196246897068226,20951.901697509766,1.8528212562700223e-06,4.332756042480469,9.01547355169896e-06
671,0.7653906490013366,0.010897977584212607,0.776331356523193,18686.876155517577,1.9798526800957365e-06,4.071997165679932,1.658267865423113e-05
672,0.8972112662757805,-0.0019712515227539337,-0.14042462070438738,18479.138939453125,2.0060090246590493e-06,2.720414161682129,4.813399300473975e-06
673,0.7604549563414611,0.0024966957738685406,0.17785531324279463,16650.346263916017,2.0860771133115448e-06,1.4287489652633667,4.157279363425914e-06
674,0.9988461052913449,-6.105889385065755e-05,-0.004349608312606147,17948.541265869142,2.030957847581346e-06,3.6634860038757324,6.325835784082301e-06
675,0.9473824014799308,0.001582126710013462,0.11270481752097222,21941.81643359375,1.829593460601174e-06,2.7622687816619873,4.721530785900541e-06
676,0.9990051448639339,-8.622023687430058e-05,-0.006142008729155682,40961.06425634766,1.3650139460859394e-06,4.777757167816162,5.609892014035722e-06
677,0.9982935707531251,0.00041908238058512514,0.029853868802770717,53193.488540527345,1.1996045369839453e-06,14.32752513885498,1.37586521304911e-05
678,0.9818049083595067,0.007029385280978264,0.5007472412690145,57893.26949804687,1.1781827714549351e-06,24.864418029785156,2.600785046524834e-05
679,0.9615744964472615,-0.026668735064446124,-1.8997814144279122,42210.60982470703,1.3549654484715775e-06,79.2408447265625,8.564210293116048e-05
680,0.15031656004934663,0.04655681402173654,3.316534128061721,31597.383729003905,1.5546788793562638e-06,11.626936912536621,3.876420669257641e-05
681,0.9388225803087894,-0.0045946966526012305,-0.3273090862559532,21302.215707763673,1.865305553054267e-06,9.360245704650879,1.400750898028491e-05
682,0.9944617168023949,-0.0025009948013512877,-0.1781615599579876,17339.504494628905,2.0703171321488976e-06,10.510809898376465,1.820171564759221e-05
683,0.9942785481979037,-0.000843879127163444,-0.060114807767769764,15782.682379394531,2.155735333211838e-06,5.365752696990967,9.991314982471522e-06
684,0.9694438769223674,0.0022631122929163915,0.16121569554972032,15773.866413574218,2.1352427607599906e-06,4.463732719421387,9.365525329485536e-06
685,0.9983212468856005,-0.00020723247178214076,-0.014762469888664902,16635.216697265623,2.091405322256338e-06,6.546259880065918,1.1792455552495085e-05
686,0.8021353299134543,-0.004781653631708101,-0.3406272055198223,17623.32838598633,2.02650284876119e-06,4.736346244812012,1.3435274922812823e-05
687,0.8458941389842036,-0.0024103070018416457,-0.17170129869672252,19151.61460961914,1.95166149631484e-06,3.74389386177063,7.558498964499449e-06
688,0.8089602483438284,0.009912045071319172,0.7060971943348165,29063.59189501953,1.602695384720971e-06,6.306416988372803,1.9174716726411134e-05
689,0.6832364265873594,-0.015112708042929284,-1.0765730655110306,47011.222881347654,1.283939582598308e-06,17.65044403076172,2.0471039533731528e-05
690,-0.054915236575751834,-0.03416161580411651,-2.433546346861024,69559.44296679688,1.0539974325995164e-06,16.712125778198242,2.2831209207652137e-05
691,0.8430047557715865,0.03138680503741022,2.235879156782298,62190.18014355469,1.118016914689979e-06,40.89877700805664,5.810952643514611e-05
692,0.7754362691170142,-0.039367748871607065,-2.804411887305904,63662.19803222656,1.1231825530804533e-06,20.590606689453125,5.310522101353854e-05
693,0.9216002179550404,-0.11267911491469598,-8.026840710360936,59691.67609814453,1.1317671418004824e-06,144.23521423339844,0.00020228876383043826
694,0.28214032314950266,-0.023938609560745637,-1.705297436149524,46278.485786621095,1.2716870868818646e-06,24.380712509155273,4.552636528387666e-05
695,0.493340544382327,-0.021935377862142495,-1.5625946667604822,29641.40763330078,1.5655211329309062e-06,21.503408432006836,2.6342677301727235e-05
696,0.8063564072823141,0.03995158206905062,2.8460019910340697,24136.715278320313,1.741130044182141e-06,33.51365661621094,7.751201337669045e-05
697,0.8323883243645389,-0.017989376438612065,-1.2814962139237245,21710.030315673826,1.8282292181129258e-06,16.2244815826416,2.5877252483041957e-05
698,0.41155549212967535,0.01214142151400176,0.8649096734920375,22474.895149658205,1.811628887123877e-06,5.231714725494385,1.4855591871310025e-05
699,0.3156863711748854,-0.06865181218420519,-4.890499550847648,33545.96743066406,1.4940460730402908e-06,23.635156631469727,8.790526044322178e-05
700,0.6871596900679888,0.01941096125061937,1.3827646242310796,55746.52153662109,1.1733293539632316e-06,19.018787384033203,2.8851294700871222e-05
701,0.7941242295474285,0.010835492740471263,0.7718801688483229,74040.41637939453,1.035821813812487e-06,14.148846626281738,1.799409437808208e-05
702,0.9974449457181045,0.0008243929424057521,0.05872668450090643,74948.37679833984,1.0537598457717113e-06,25.943801879882812,2.2725720555172302e-05
703,0.889174870065484,0.024699195712478455,1.7594787623969625,56839.150258789065,1.1723217486064143e-06,55.83770751953125,5.8924779295921326e-05
704,0.6831883873017877,0.05997835709298348,4.272634896173956,48654.84838818359,1.2503846950166092e-06,55.208370208740234,0.00012661246000789106
705,0.8214708312346669,-0.005439415141317161,-0.3874836870162869,21010.89778833008,1.8505621992951316e-06,5.833212852478027,8.67075414134888e-06
706,0.4052344054300492,-0.018369458141708286,-1.308571819638108,17676.64707739258,2.038200919833297e-06,10.158995628356934,1.909052843984682e-05
707,0.9825085666466131,-0.0024689686643664813,-0.17588013717311873,16940.94489758301,2.0536368903604234e-06,6.132192611694336,1.1159614587086253e-05
708,0.6542940316220057,-0.013002344885019586,-0.9262386497465868,17177.158088134765,2.0358594838629474e-06,2.98616886138916,1.6459009202662855e-05
709,0.8245936991551698,-0.006484745555238312,-0.46194913457143444,23788.902264648437,1.7621047466113978e-06,7.079902172088623,1.4966156413720455e-05
710,0.586658741352516,-0.0036676957608195878,-0.26127299338881504,30322.161522460938,1.5373892738770739e-06,2.2044782638549805,4.573021669784794e-06
711,0.3009349361626494,-0.040764142858269,-2.903885796985855,58737.3459375,1.1547235820914037e-06,24.74308204650879,4.002157584181987e-05
712,0.983318339832045,-0.006257647641969313,-0.4457715245782638,63832.61662597656,1.110323021583394e-06,33.964195251464844,2.8301899874350056e-05
713,0.9868215730172661,-0.0024930240546866995,-0.17759375363586902,49758.87847998047,1.292309448668958e-06,13.9983549118042,1.6465543012600392e-05
714,0.8033218103508929,-0.09268128531332871,-6.6022697693783305,52844.22062011719,1.2109481223295155e-06,69.78853607177734,0.0001398994936607778
715,0.9977117651329841,-0.0003420986085081981,-0.02436983144401052,37524.635669921874,1.4102737439043083e-06,12.372370719909668,1.498160509072477e-05
716,0.9968299886363347,-0.001968672852296458,-0.14024092581982656,26978.050595947265,1.6436773955564129e-06,12.369283676147461,1.754685763444286e-05
717,0.9615404364762021,-0.0074068170951336896,-0.5276340787591893,22148.32855786133,1.8150780899042138e-06,15.973705291748047,2.2493173673865385e-05
718,0.6331985224869909,-0.023131441129214753,-1.6477977616869115,20945.818362548827,1.8427431479810423e-06,17.972896575927734,2.88386127067497e-05
719,0.9714767259868784,0.024127733855907132,1.718769946941518,30836.777854980468,1.5508013462799665e-06,73.96404266357422,0.00010153032053494826
720,0.490070078543646,-0.01870572539154167,-1.332526246796745,57679.330086914066,1.163414648081268e-06,16.361377716064453,2.028217750194017e-05
721,0.9802564301595812,0.0071557210346256585,0.5097469300872907,59137.29975585938,1.1728192911373636e-06,50.9925651550293,4.9677844799589366e-05
722,0.9493608586047705,-0.016588894797163953,-1.1817311149326717,59177.799704589845,1.1705372132186777e-06,60.47211837768555,5.3508203563978896e-05
723,0.3164005847278727,-0.22980731472616603,-16.37061766751716,45331.67061474609,1.2863559631664076e-06,130.89540100097656,0.0002146081387763843
724,0.9143103883607007,0.07762533328883578,5.529739791352391,31743.3270078125,1.5257825283305817e-06,70.58506774902344,0.0001609829196240753
725,0.9878935552219674,0.010511771382372222,0.7488194643160777,23449.17439428711,1.7681023867823872e-06,38.802249908447266,6.644293898716569e-05
726,0.9867748020412561,0.004563614857435208,0.3250949348670413,17376.16584082031,2.06092299681429e-06,13.533332824707031,2.742100514296908e-05
727,0.8673126658869742,0.03809423711866432,2.7136916505399094,15742.017020996094,2.159990382985707e-06,21.802114486694336,7.255956734297797e-05
728,0.35375012469651385,-0.03613739828014061,-2.5742937358103815,17294.39205419922,2.0682973844795524e-06,15.658982276916504,4.5213055273052305e-05
729,0.9361465887753376,0.007374607429414347,0.5253395820704385,18970.85015161133,1.960545211102356e-06,15.110224723815918,3.322800694149919e-05
730,0.7394523696341632,-0.011431209298693063,-0.8143167989637693,21956.94074975586,1.823014755343829e-06,10.021982192993164,3.262498285039328e-05
731,0.138488500881005,-0.075984784695092,-5.412873216303793,27530.15839453125,1.6303988652401587e-06,26.988317489624023,0.0001336896966677159
732,0.64591229739137,0.030998722650740638,2.208233612151851,30551.84636328125,1.5406433862849238e-06,9.06926155090332,5.541623613680713e-05
733,0.7704314548952695,0.0045513626319723674,0.32422213193269,36414.91124658203,1.4135896549714554e-06,11.545868873596191,1.5364686987595633e-05
734,0.36429122450797274,-0.021711961888686546,-1.546679344453959,36626.213439941406,1.393894039640137e-06,10.949566841125488,4.380992686492391e-05
735,0.5127582548365854,0.06116834257908843,4.357405032608176,56506.75364404297,1.1501082644415518e-06,44.228614807128906,0.00011926685692742467
736,0.350137543729063,-0.014164541271294663,-1.0090291941509295,38825.86038867188,1.3785052302256448e-06,5.751077175140381,1.956486448762007e-05
737,0.6405531767096941,-0.01683143013725407,-1.1990084297483805,46953.331618652344,1.2574125653431423e-06,9.11565113067627,2.706839586608112e-05
738,0.8421428073517239,-0.014042653646306625,-1.0003463734606546,59863.84133496094,1.1288907343376917e-06,28.391517639160156,2.6444275135872886e-05
739,0.4623625909052593,0.024109623908255905,1.7174798616832214,66386.8688642578,1.0890505718773148e-06,20.65085220336914,3.2393934816354886e-05
740,0.9864370505042426,-0.015328318150492758,-1.0919323269878891,54267.03448046875,1.1797379475511627e-06,115.01091766357422,0.0001084979303414002
741,0.7234554570222291,0.01125637842049618,0.801862497990592,45672.87117529297,1.294581788346588e-06,11.26688289642334,1.5977759176166728e-05
742,0.4715829908378484,-0.03406017145949955,-2.4263198293664225,38581.230806640626,1.3944147918806366e-06,11.979192733764648,3.2453230232931674e-05
743,0.9915552187114594,0.001264183295933956,0.09005571221288931,26834.636639648437,1.662644190626381e-06,12.812118530273438,1.8632696082931943e-05
744,0.9420948628245179,0.009075980951252376,0.6465390985820695,25728.778696044923,1.6985031075854923e-06,13.917916297912598,2.705290353333112e-05
745,0.9320355597837648,-0.004129712640778134,-0.294185356107787,27494.76851953125,1.633024982837746e-06,8.498708724975586,1.226850781677058e-05
746,0.4954121747851861,-0.05280168217639377,-3.7613952895341707,26953.613217773436,1.6620198367317089e-06,31.50226593017578,7.083481614245102e-05
747,0.31408157269834097,-0.03483290593252936,-2.481366556802209,47665.91998876953,1.242043955377291e-06,22.11363983154297,3.735458085429855e-05
748,0.8748853946479047,0.007627127509856234,0.5433281726216606,62143.82425048828,1.1101591342822584e-06,23.90456199645996,2.5185376216541044e-05
749,0.9665680595412945,-0.0059989537665852575,-0.4273431358566644,85391.19334472656,9.494290778465591e-07,37.01393508911133,2.725023114180658e-05
750,0.9990346234739593,-0.002147460186717129,-0.15297707000689442,57575.41428515625,1.1543121558539613e-06,40.438602447509766,3.903382457792759e-05
751,0.7092976054538889,0.02909699762418534,2.0727618002315804,39910.71595703125,1.4115077553448043e-06,25.846141815185547,5.62989735044539e-05
752,0.6823007677683904,0.010947286552543015,0.7798439438795994,29917.408314453125,1.564485782423534e-06,5.781647205352783,1.2866711585957091e-05
753,0.8649182632209774,-0.006790673160921855,-0.48374227841697276,19862.729345458985,1.9244830119483748e-06,6.528365135192871,1.2452617738745175e-05
754,0.9488689152857235,0.00351249625056638,0.25021715799224103,19159.086615722656,1.9507108336615226e-06,5.140615463256836,1.0546310477366205e-05
755,0.9585215377853012,-0.003888760789980365,-0.2770208431748931,17635.023991333008,2.030484614040167e-06,7.38444185256958,1.2781075383827556e-05
756,0.9993543782056283,0.00019606711587314064,0.013967091495571555,16990.713854003905,2.071219373438078e-06,4.696096897125244,8.49055595608661e-06
757,0.5126255639349886,-0.009079322483641128,-0.6467771369109411,19149.46402734375,1.9500314387205877e-06,2.915130853652954,9.924157893692609e-06
758,0.5958939312435493,-0.012295053855864045,-0.8758538696460616,31545.31808984375,1.5282682080499723e-06,3.2100019454956055,1.1000423000950832e-05
759,0.9424670703212065,-0.008318832704876001,-0.5926026759149827,44307.51693115234,1.3145977756567738e-06,18.809589385986328,2.0689140001195483e-05
760,0.8771646671414851,0.01735116062087994,1.2360320947597891,57244.30312548828,1.1728761402907245e-06,19.760929107666016,3.19363534799777e-05
761,0.947267464435848,0.007697401264277868,0.5483342132999931,45837.525557617184,1.3104004420354446e-06,10.076353073120117,1.6196172509808093e-05
762,0.8589366035516935,0.017325886189135244,1.2342316383237126,55105.74752832031,1.1828902647198124e-06,17.570138931274414,2.464390308887232e-05
763,0.9820015444646272,-0.0012473195934768811,-0.08885440482320722,23560.417694335938,1.7675420776787255e-06,4.359335422515869,6.4272844610968605e-06
764,0.8879866327376054,-0.003094723814024717,-0.22045660472699757,22253.29435546875,1.8044159399601624e-06,3.0020811557769775,5.265925210551359e-06
765,0.9867210194786087,0.0015035383713346761,0.10710647681032613,19450.561397216796,1.945174346873537e-06,5.2538909912109375,9.619489901524503e-06
766,0.8637979952439857,-0.006943538904365047,-0.49463186495320294,15980.110197021484,2.147842645555337e-06,6.18267297744751,1.3480633242579643e-05
767,0.7895899541463061,-0.005859854246405778,-0.41743420382242197,17377.652336669922,2.0465520695159156e-06,3.4251229763031006,9.305204002885148e-06
768,0.4679764292751137,-0.004126396724194413,-0.29394914255351373,17360.13799584961,2.0585190935823017e-06,2.135558605194092,4.557858574116835e-06
769,0.8307494787419397,-0.0017054642946916626,-0.1214909279422518,25189.759296386717,1.7246081147195644e-06,1.747259497642517,3.0324624731292715e-06
770,0.19163911125871805,-0.022896355628317485,-1.631051145684059,34339.300514648436,1.4876396292363205e-06,4.459362983703613,2.4610670152469538e-05
771,0.63464199375249,0.015728018902338253,1.1204055207053243,63325.44738574219,1.1038224622868571e-06,6.781525611877441,1.3701754141948186e-05
772,0.9969194501284872,-0.001186934997440384,-0.08455283097687914,74551.27583789063,1.0512578624784233e-06,17.456867218017578,1.2619461813301314e-05
773,0.9915886280713118,0.00414806657174033,0.29549282182895503,46225.836455078126,1.3402816548078334e-06,39.34434127807617,4.0791084757074714e-05
774,0.9289829187073301,0.011820444764122815,0.842044484632876,59135.17066259766,1.1270660799470562e-06,20.68689727783203,2.1593952624243684e-05
775,0.8625544509507559,0.0031473938772369247,0.2242086239714609,24811.778912109374,1.6910092766444347e-06,2.216313123703003,5.116396550874924e-06
776,0.9096997103501994,-0.004034950683947353,-0.2874348670445864,21433.501530761718,1.8419311507107062e-06,4.268112659454346,8.30600311019225e-06
777,0.5992641848324886,0.004560496150043398,0.3248727697615092,20562.26660546875,1.9103767504640768e-06,1.677349328994751,6.700508947687922e-06
778,-0.24380759174583316,0.009664939789308165,0.6884943338677922,21327.436510742187,1.8597055474746447e-06,3.3153653144836426,1.2453282579372171e-05
779,0.9174650668972936,-0.007248384546798992,-0.5163479337643344,26324.840159423828,1.6712186433424162e-06,2.212588310241699,1.1391683983674739e-05
780,0.8552404825034059,0.004556692641988683,0.3246018220058503,46715.336987792965,1.2844905974614862e-06,4.44199800491333,6.102557563281152e-06
781,0.995319471824392,0.0005033886269089521,0.0358595319697393,72377.54485498047,1.0458944479225992e-06,8.994436264038086,7.891340828791726e-06
782,0.9816832424877082,-0.0029422225630507397,-0.20959298327748935,45573.08083007813,1.3235892570549077e-06,9.94788646697998,1.0906287570833229e-05
783,0.7954067296922854,-0.02821110275757867,-2.0096539475850492,62923.91675878906,1.1275584770922413e-06,42.52933120727539,4.244858064339496e-05
784,0.7160905823143476,-0.008603994224114373,-0.6129165210617412,32498.284893554686,1.5063367440136865e-06,7.310983657836914,1.2042187336192e-05
785,0.9232815516990925,-0.0027764487957766216,-0.19778387717230603,24221.109102783204,1.7300401308118913e-06,4.719349384307861,6.679378202534281e-06
786,0.4271974760082827,-0.06421843841011801,-4.574682505949577,24212.265498535155,1.7476639658665633e-06,22.284406661987305,6.591740384465083e-05
787,0.4547062880028636,0.050995795915290645,3.632750674514982,24540.85347363281,1.7350203214070519e-06,16.76734733581543,6.405632302630693e-05
788,0.573751578168181,-0.0037678349366565785,-0.26840653551788546,20503.218766601563,1.8808187204665508e-06,2.0224082469940186,4.086066837771796e-06
789,0.9882364027792084,0.000776384707518405,0.05530675655314022,27151.504139648438,1.6459779425297209e-06,3.561300277709961,5.115521616971819e-06
790,0.5295366631268643,0.013564979608708864,0.9663186531135887,44575.11624951172,1.2959889150804513e-06,7.26041316986084,1.5130611245695036e-05
791,0.7689986771440946,0.011738702836618516,0.8362214939932033,45127.70630908203,1.2906768987923115e-06,8.262530326843262,1.42627677632845e-05
792,0.9963328793743271,-0.005327361910521469,-0.3795014319607759,46264.95936376953,1.320604380372721e-06,36.88373565673828,4.030778291053139e-05
793,0.995968251214998,4.4920938196720606e-05,0.003200000423663404,49469.440424804685,1.237765066987854e-06,20.833127975463867,2.1448084225994535e-05
794,0.850491171897583,-0.00537130375043634,-0.3826316850674308,36803.52146435547,1.4315668100108497e-06,7.7174859046936035,9.651195796323009e-06
795,0.15635813205475144,-0.019366330774482243,-1.3795853152433268,27160.75593310547,1.6473406435690658e-06,8.632933616638184,2.072601819236297e-05
796,0.940279301401027,0.004023974086205092,0.2866529350806592,26409.50155102539,1.6746261064977778e-06,6.685011386871338,1.1915145478269551e-05
797,0.9186177961842878,-0.0033585693249234974,-0.23925197678624413,24052.33282348633,1.7602412616604335e-06,6.698118686676025,1.0214946087216958e-05
798,0.6256913252002717,-0.010435617686549931,-0.7433945584998262,28162.935836425782,1.6090035984455773e-06,4.782505035400391,1.384209463139996e-05
799,0.8861290477006135,-0.022716919858300044,-1.61826880935881,49695.16941992188,1.2322145075080383e-06,37.22917175292969,4.429883847478777e-05
800,0.9907845644573987,-0.0003088602650254435,-0.022002055580539144,50196.85873535156,1.2361058935255814e-06,9.923917770385742,1.0540436051087454e-05
801,0.5031986643470813,-0.03887842985765684,-2.769554622190689,47618.31079443359,1.2985054399021154e-06,27.969972610473633,4.60893934359774e-05
802,0.8181502761164753,-0.0426127581759576,-3.0355742709417717,51094.07811523438,1.2185572081485258e-06,69.9607162475586,7.688174082431942e-05
803,0.284817263896964,-0.04160320331530429,-2.963657340630688,28823.533083496095,1.5978248428838294e-06,25.282915115356445,5.051888001617044e-05
804,0.5362254361101729,-0.04993091609701169,-3.5568926001639873,30261.111135742187,1.5536123649160087e-06,29.38062286376953,6.194625893840566e-05
805,0.7863319545902305,-0.016445947425737323,-1.1715480762988044,26059.275214355468,1.689645483879228e-06,21.75572395324707,3.237440250813961e-05
806,0.900389139196829,0.0339325267146899,2.417226892890329,28350.41933569336,1.6263814701333134e-06,41.38526916503906,9.255227632820606e-05
807,0.9006620469050514,-0.007152852558460986,-0.5095425905229204,26201.358416503906,1.6749105192644729e-06,18.711191177368164,2.4037211915128864e-05
808,0.27671282896789046,-0.013142401110302732,-0.9362157338911804,33381.23804589844,1.4715227198205038e-06,9.782809257507324,2.8801408916478977e-05
809,0.9123536879723799,0.04321488456418495,3.0784675134868946,32122.930772949217,1.5025915379029032e-06,50.79938888549805,0.00016676040831953287
810,0.033212298025941535,0.011439359124225135,0.8148973621978055,43123.942743164065,1.3014352411028999e-06,7.783095836639404,1.5589092072332278e-05
811,0.2582098738413339,0.009459231292310449,0.6738404262699338,39700.59187548828,1.3628055411788404e-06,8.039101600646973,1.563902333145961e-05
812,0.8249007571444469,-0.004920909900673458,-0.3505473037540896,46436.99849023438,1.2731964756961768e-06,12.17457103729248,1.529743713035714e-05
813,0.9828161868264171,-0.005310133555301962,-0.3782741480656797,66824.85899609375,1.073700091351329e-06,30.528169631958008,3.0105853511486202e-05
814,0.46973664287948663,0.017814245674384437,1.269020550186011,62731.921887207034,1.0967723994183832e-06,8.653264999389648,2.2282038116827607e-05
815,0.7142859755009804,0.057924118608141666,4.126298593200674,57388.4443125,1.1576038394038746e-06,55.2520751953125,9.048291394719854e-05
816,0.9312882887121819,-0.018554374703684567,-1.3217445871808327,54239.42854101562,1.216863679903851e-06,62.518943786621094,5.3670220950152725e-05
817,0.8529614706960286,0.009652151884031802,0.6875833710975375,47101.053010986325,1.2648600910033508e-06,10.678140640258789,1.5541150787612423e-05
818,0.6125751140941895,-0.031693743790957525,-2.2577443310377587,23691.66059741211,1.7682967989017279e-06,10.264959335327148,4.8056353989522904e-05
819,0.9644758263336874,-0.005320297377463449,-0.3789981809227044,23428.433461669923,1.779970203530633e-06,16.289657592773438,2.3919557861518115e-05
820,0.9181802329809796,0.0050565110944925384,0.3602070280405695,25258.398310302735,1.7056360378882722e-06,10.391661643981934,1.731687552819494e-05
821,0.678281701170719,0.023776394416945585,1.6937418331340313,24708.663623535158,1.7178638247466423e-06,14.470974922180176,4.413186616147868e-05
822,0.5730399757815968,-0.04711821620733993,-3.3565263300034776,26060.54391845703,1.6759666517758936e-06,49.48325729370117,7.733367965556681e-05
823,0.9980104156123227,0.0007791137739925516,0.05550116509009531,45974.73065966797,1.2752879311088758e-06,21.45417022705078,2.3005399270914495e-05
824,0.9412778048846192,0.023223531280670222,1.6543579212806898,61283.2410078125,1.1173298583417704e-06,67.4053726196289,6.932287942618132e-05
825,0.9932183322732804,0.002241297499988349,0.1596616909048004,66319.50555029298,1.090299510578803e-06,38.15523910522461,3.145830851281062e-05
826,0.9996988365551848,-0.003456535823211502,-0.24623074545428864,54491.40766259766,1.2269357223425035e-06,176.21954345703125,0.00019463093485683203
827,0.4304791662175522,-0.056437723068933195,-4.020413307938627,38786.39287402344,1.3980709529588933e-06,33.70448684692383,5.573830640059896e-05
828,0.8999549790861181,0.00913252096876257,0.6505667989652232,22046.649729003908,1.8307937695226092e-06,15.201333999633789,2.8826632842537947e-05
829,0.7346120873003519,-0.008048640805859432,-0.5733552107899875,19042.205963134766,1.979997998925732e-06,4.303841590881348,1.4293882486526854e-05
830,0.9482225561395581,-0.0031295561874457615,-0.2229379333496638,17105.172900634767,2.061548847666889e-06,6.691747665405273,1.174512999568833e-05
831,-0.11521421263576422,-0.02544817979308077,-1.8128336002845538,18193.09866430664,1.998891369622232e-06,8.133938789367676,2.8878612283733673e-05
832,0.7208634698754481,0.013955794584162112,0.9941588571972089,19575.832158203124,1.920609998795286e-06,8.655773162841797,3.430299329920672e-05
833,0.9832879498158997,0.0008189650330527778,0.0583400204434226,23521.478392089844,1.7494192037306009e-06,5.091153144836426,7.949768587423023e-06
834,0.6745129954257775,0.014857708713385208,1.0584078624825128,30082.271329589843,1.5553491106780442e-06,10.814058303833008,2.694607974262908e-05
835,0.9791115997630844,-0.0025867346712310324,-0.18426934913056675,41871.48140917969,1.3271456997162892e-06,12.966267585754395,1.4004525837663095e-05
836,0.7358216444942376,-0.015497187054908379,-1.1039619191417103,63313.18218164062,1.110898029534142e-06,18.549720764160156,2.2794105461798608e-05
837,0.9730489389852919,-0.0056505394576866425,-0.4025233974263715,67437.23449609375,1.0429190219020082e-06,25.73479652404785,2.230889913334977e-05
838,0.9302950761245552,-0.015966786953053883,-1.137414467849333,61286.21930566406,1.124406199794978e-06,55.830562591552734,5.8748013543663546e-05
839,0.8731716892312535,-0.019044430476116786,-1.356654336227799,63488.41801123047,1.115486784431765e-06,52.43236541748047,5.259820682113059e-05
840,0.8816544788021392,0.037464768383584625,2.6688506409840373,63979.99787792969,1.0826024568127976e-06,68.61224365234375,9.230020805262029e-05
841,0.8114870644056258,-0.022595914514253343,-1.6096488390785977,24340.677904785156,1.7327959392787644e-06,21.50751495361328,4.884204099653289e-05
842,0.9785303392137003,-0.00629415638935362,-0.4483722718419469,22706.261650634766,1.8160989062635045e-06,24.58273696899414,3.8785550714237615e-05
843,0.9979819612686647,0.0003993534087909434,0.028448450291177076,20436.71946435547,1.88892378980667e-06,8.128806114196777,1.3440878319670446e-05
844,0.6258371264858564,-0.02127196952944625,-1.5153359266069915,20940.044208007814,1.8753821164460296e-06,14.628387451171875,2.876459802791942e-05
845,0.6123769816964011,0.019401888140650525,1.382118289650597,21818.507981689454,1.8489589890185337e-06,7.066751003265381,3.208324051229283e-05
846,0.9188483251114192,-0.01425874614689596,-1.015739998821018,38889.92062426758,1.3699720775696877e-06,17.56545066833496,3.760203981073573e-05
847,0.9808688207209186,-0.006617033567319664,-0.4713728401238893,57848.88144140625,1.1491938679252779e-06,42.71921157836914,4.041643114760518e-05
848,0.8648291034769979,-0.010312693985580792,-0.7346379316133416,72065.79112890625,1.0470313266763965e-06,27.554603576660156,2.2440734028350562e-05
849,0.9281671186037996,0.023330396676472926,1.6619706142824706,54001.02520898438,1.203872223515457e-06,77.50971221923828,7.73511128500104e-05
850,0.6843749819547313,0.012606718337949328,0.8980556872115403,46287.40529541016,1.2906996986621089e-06,14.946481704711914,2.020465581153985e-05
851,0.5029753867456718,-0.006697021859421888,-0.47707090830524157,23885.211622070314,1.7594859372405556e-06,5.562687397003174,9.625849088479299e-06
852,0.8961799381586208,0.005019945784879875,0.35760225149428515,23426.048260742187,1.762797865173095e-06,5.899229526519775,1.0933140401903074e-05
853,0.9442582243407673,-0.003260845194686684,-0.23229047351597698,18244.102744628904,2.013817027754142e-06,5.736502170562744,1.0615821338433307e-05
854,0.9675811708314858,0.0010812123130608201,0.0770215404832595,16554.04873803711,2.0934338781006716e-06,2.737020969390869,4.865825758315623e-06
855,0.9742575098948402,0.002020800624229368,0.143954314252175,21092.219719726563,1.8688120398035469e-06,6.576515197753906,1.0736776857811492e-05
856,0.9163220166418623,0.0042010422872639655,0.29926661460632586,30890.49301269531,1.5382915751498062e-06,6.5513410568237305,9.18349269340979e-06
857,0.8724965277191548,0.006129051452899676,0.43661081075474045,57272.677185058594,1.167583979286478e-06,10.509725570678711,1.1108244507340714e-05
858,0.8793511906680068,-0.02444477369189236,-1.741354684709639,55434.83532958984,1.1998002348815283e-06,38.44145202636719,3.651752194855362e-05
859,0.9596737051332755,0.007189228273364113,0.5121338610478438,68326.8111772461,1.0851048357925571e-06,23.555530548095703,2.0986666640965268e-05
860,0.9388484542587813,0.004910298642777531,0.34979139724087605,67175.19886816407,1.0725140401670404e-06,10.950472831726074,1.136277296609478e-05
861,0.9484190556285469,0.003523522962557973,0.2510026599087457,24708.553673583985,1.7362043203266847e-06,6.146554946899414,1.0446178748679813e-05
862,0.7102833008405733,-0.005051739051133513,-0.3598670854351024,19466.653028564455,1.9472161085047827e-06,4.192294120788574,5.872484052815707e-06
863,0.8791825375355763,-0.0042392273769473405,-0.3019867782553866,17916.031629638674,2.0040959324830215e-06,4.730453014373779,8.190801963792183e-06
864,0.35952051425137777,-0.011114272084460277,-0.7917393715872938,16357.240059326172,2.1031874912315764e-06,2.0053815841674805,1.3735739230469335e-05
865,0.15329109532860155,0.014326437121749754,1.020562051897063,19665.728990966796,1.94816506454406e-06,7.20826530456543,2.541073627071455e-05
866,0.7541745999742548,-0.003828559351543801,-0.2727323167941993,30490.1043984375,1.5609308905520433e-06,2.912614583969116,4.880211690760916e-06
867,0.8853734964878435,0.010307740219536975,0.7342850437602535,35220.62219140625,1.4500015716619067e-06,5.957109451293945,1.491501370765036e-05
868,0.8975637571989449,-0.012539912736616326,-0.8932967048494067,69697.69796875,1.0523235899321968e-06,20.55954933166504,1.8104896298609674e-05
869,0.9125179430785466,-0.003755842379548487,-0.2675522303905384,67752.92424853516,1.0992336476381842e-06,8.2583589553833,8.156140211212914e-06
870,0.828256241045834,0.018670798752607673,1.3300382030498294,51606.00852001953,1.264202953550549e-06,23.51181983947754,3.382169234100729e-05
871,0.8897281895988961,-0.017875361314701098,-1.2733742009056224,44069.006698242185,1.3117862634130301e-06,19.50558090209961,2.783065428957343e-05
872,0.8831612078208231,0.0044338289536639,0.31584947019675874,27264.86924902344,1.6404508994022484e-06,4.881036758422852,7.052789896988543e-06
873,0.8174193106966283,-0.007317334874081626,-0.521259698419603,22012.881040283202,1.827476509182183e-06,5.074958324432373,1.0258649126626551e-05
874,0.9899067512071134,-0.0012240456432606006,-0.08719645524463285,19719.13669506836,1.9242780396654676e-06,3.825700283050537,6.402027793228626e-06
875,0.9811684880868446,-0.00590641280536394,-0.42075086225325936,19721.35328076172,1.9129612539264792e-06,16.865318298339844,2.9697372156078927e-05
876,0.8371498687798766,-0.013548072699915153,-0.9651142678653156,25133.493158447265,1.7025739401422602e-06,9.03857707977295,2.2479867766378447e-05
877,0.9461090224725883,-0.011988875832565388,-0.8540428869817759,61249.615719726564,1.128524012877252e-06,24.451162338256836,2.6273022740497254e-05
878,0.7010410061610958,0.023571529800226542,1.6791480404259695,57598.51649121094,1.1531996316512657e-06,8.736538887023926,2.1049454517196864e-05
879,0.9623899229561271,0.004396195557674895,0.31316860715286315,74147.48324414062,1.0291976003984337e-06,16.594518661499023,1.3312419469002634e-05
880,0.9421611210075412,0.022269501358295113,1.5863963808867985,46059.68091992188,1.3233028120174113e-06,62.42267608642578,7.772095705149695e-05
881,0.8894105771753664,-0.004839801194070641,-0.3447694214143403,42102.591309570314,1.3412557372209081e-06,10.209624290466309,1.0474996088305488e-05
882,0.9245678418121692,0.011961408740682316,0.8520862335993883,26478.45081298828,1.653975551565359e-06,8.89765453338623,2.4703243980184197e-05
883,0.37222501001318464,-0.009772654679845668,-0.6961675417123256,20491.50992993164,1.9197646415299692e-06,5.8143720626831055,1.0494964044482913e-05
884,0.5058109776656077,-0.013343652862854357,-0.950552159604462,19757.93825292969,1.932212232433567e-06,5.6637444496154785,1.835026341723278e-05
885,0.9685500219199786,-0.004466802868387932,-0.31819840913976705,20484.204138916015,1.898805829100126e-06,19.372373580932617,3.683351678773761e-05
886,0.5143345411557867,-0.00951725441745922,-0.6779737777205473,27138.222599853514,1.6408268418556406e-06,4.235499858856201,1.203877582156565e-05
887,0.6189753605733159,-0.01705813381109517,-1.2151579555922225,37142.035389160155,1.4194802046293805e-06,9.693563461303711,1.825167055358179e-05
888,0.767670843928032,0.007169664667526401,0.5107402225914316,60768.35007519531,1.138837973572301e-06,8.451093673706055,9.896433766698465e-06
889,0.6572258931366886,-0.012184689955117066,-0.8679919561748672,47553.73345996094,1.2888821144601733e-06,18.866727828979492,1.3872942872694694e-05
890,0.9905639230389395,0.006110768508277072,0.43530840183616576,34322.81603515625,1.5254900597976296e-06,38.16962814331055,5.8346264268038794e-05
891,0.9950281924974378,0.003421792958870224,0.2437557931252768,36813.91342480469,1.4255266041031249e-06,25.581302642822266,3.227808701922186e-05
892,0.9150139071717046,0.002816506076663521,0.20063740875367092,24747.63936767578,1.7160529767230812e-06,3.346942901611328,6.510192179121077e-06
893,0.7347886704809198,0.00410170460477393,0.2921901678798178,18981.78393786621,1.9629797529284586e-06,1.9093742370605469,5.548953595280182e-06
894,0.9904231464103458,0.0005959649431439757,0.04245432413271554,19532.197124023438,1.9447287962004555e-06,2.8232266902923584,5.158309704711428e-06
895,0.9026029178274056,0.003304306777057632,0.23538651486291098,17727.636466796874,2.020307911590526e-06,3.6714885234832764,7.288577307917876e-06
896,0.5716020392757349,-0.00700449868152726,-0.4989744125618757,20926.75891723633,1.8536264873555963e-06,2.734241485595703,5.6161593420256395e-06
897,0.6802480543555458,-0.020044632109201786,-1.4279049774233223,31104.592538085937,1.544132242107317e-06,5.573802947998047,2.0784322259714827e-05
898,0.6266031372736717,0.01946600955206793,1.3866860603147586,63839.51844091797,1.0995532863685106e-06,8.140562057495117,1.929867903527338e-05
899,0.6339187299225523,-0.02193134978414939,-1.5623077214783503,56062.67248144531,1.1985447206666766e-06,16.977052688598633,2.3215034161694348e-05
900,0.6614213957752739,0.0296199893146035,2.1100177814753724,40884.18351660156,1.3875957124309917e-06,21.392953872680664,4.040636122226715e-05
901,0.9894238574447993,-0.0011121713346725138,-0.07922694594117258,39086.73238183594,1.3843822117395692e-06,5.846376895904541,6.604097052331781e-06
902,0.9847426024416203,0.0018668202946358489,0.13298532874752533,25640.623321777344,1.6807909278163505e-06,6.308677673339844,9.548176421958487e-06
903,0.9854885216386968,-0.0016829462744197747,-0.11988682799904618,22979.683006591797,1.7850316082305314e-06,5.3610453605651855,8.233985681727063e-06
904,0.9834537080173641,-0.0029048833054287093,-0.2069330735559578,19955.09698022461,1.885365691514449e-06,8.475472450256348,1.2953115401614923e-05
905,0.8954342361686853,0.005152921293416443,0.3670749317350762,22118.921931640623,1.8226061349890314e-06,4.667012691497803,1.058925045072101e-05
906,0.2441913802801664,0.008233490049621175,0.586523182833693,35576.61070361328,1.4596573811384652e-06,2.6818785667419434,7.251990155054955e-06
907,0.969869143964347,-0.004283418754778221,-0.3051348075142994,64081.877265625,1.0962560137749987e-06,10.795184135437012,1.039864855556516e-05
908,0.8050996688202002,0.009307841714744417,0.6630559962959202,39183.96799951172,1.431859182768269e-06,7.602241516113281,1.5665664250263944e-05
909,0.9488719298377332,-0.020480511761446323,-1.4589554213330311,39806.04840771484,1.393225199634232e-06,63.57658386230469,6.758479139534757e-05
910,0.21015757933952672,-0.04429510527209415,-3.1554184157102987,34698.95304248047,1.465073776583988e-06,8.242634773254395,4.495477696764283e-05
911,0.9281624274832367,0.004566137510271224,0.325274639264769,23497.88807910156,1.7550740054992232e-06,6.0895466804504395,1.2066901945217978e-05
912,0.9076169202773543,-0.004562525171352563,-0.3250173096867555,27536.582373535155,1.633085109318031e-06,8.2308349609375,1.0970003131660633e-05
913,0.4296574370072928,0.008890997261487706,0.6333615491055765,23461.404137695314,1.7641082488152462e-06,3.431931972503662,1.1022012586181518e-05
914,0.2232508036990107,0.05737536959217421,4.087207755963687,28665.73004711914,1.6136168570710567e-06,19.23297882080078,7.917003676993772e-05
915,0.5755195975076649,0.012326631791075503,0.878103364204981,41126.501765136716,1.351630532247992e-06,6.3536481857299805,1.5128556697163731e-05
916,0.2560292866174829,0.009256544214370568,0.6594017533188409,47740.6622866211,1.2592964211696529e-06,3.6328816413879395,1.0037971151177771e-05
917,0.9704116786681152,0.0022656559241670646,0.16139689437161825,69443.08970214844,1.0610803036083252e-06,6.599771499633789,6.625881269428646e-06
918,0.8431396975773648,-0.00476918765000645,-0.33973917538670323,59453.34415234375,1.1736747729802726e-06,7.6082940101623535,7.872440619394183e-06
919,0.86511225503753,-0.01764416232936283,-1.2569044458040464,56882.82729296875,1.1844105205701939e-06,31.405681610107422,2.8148468118160963e-05
920,0.3329884625669644,0.02816570784592548,2.0064201830566635,28818.2580324707,1.6149018639980967e-06,12.468306541442871,3.072374238399789e-05
921,0.782231986971731,0.005047753119481585,0.3595831425014306,25127.213089111327,1.6966436530181422e-06,3.972447395324707,7.89624664321309e-06
922,0.9200546004752755,0.013914459140098992,0.9912142740289983,26922.984232666015,1.6519481947085625e-06,23.447723388671875,3.6376768548507243e-05
923,0.9457527490121455,-0.004576645539318096,-0.3260231921390346,19062.222226318358,1.953364853079306e-06,7.700967788696289,1.2858694390160963e-05
924,0.6772353679227306,0.019923306210082915,1.4192621719930014,16994.368731933595,2.05222555253938e-06,6.5598626136779785,2.6011972295236774e-05
925,0.6933088426176841,-0.0035035192757410854,-0.2495776717215323,18058.29161743164,2.003909042061183e-06,2.4738688468933105,6.093555384723004e-06
926,0.6457545966084809,-0.004262937307925556,-0.3036757854805487,25510.35674169922,1.7120552516930242e-06,3.0474355220794678,5.209398750594119e-06
927,0.8781852363630918,0.002485116411557084,0.1770304425746856,47540.30319580078,1.2525491484040746e-06,2.9573938846588135,3.4199147194158286e-06
928,0.688380648574761,0.014297575035690457,1.0185060243222803,57562.81859179687,1.1696378260217279e-06,8.493600845336914,1.4239712072594557e-05
929,0.4099329556486254,-0.022677595825542848,-1.615467511644766,39427.3788515625,1.426992312122476e-06,12.43820571899414,2.256367042718921e-05
930,0.9930129540314566,-0.0018404103649719806,-0.1311039836664587,40838.292255371096,1.368209776595119e-06,22.57198143005371,2.5724842998897657e-05
931,0.8965191333050746,0.011802173538814723,0.8407429105546433,30278.659691894532,1.5845853406576546e-06,4.8975911140441895,1.866671664174646e-05
932,0.998310792134484,0.000418897319483905,0.029840685738790285,23165.892584960937,1.7804893696069798e-06,6.88997220993042,1.0516872862353921e-05
933,0.701173373077433,-0.028531645736222567,-2.032488236196093,20934.737614013673,1.863314779616406e-06,14.781182289123535,3.585885860957205e-05
934,0.889920401657608,0.012213380071270135,0.8700357332536703,21367.58993359375,1.856931300206743e-06,15.740997314453125,3.146862945868634e-05
935,0.6712531356931629,0.01894448611619298,1.3495346720592019,17613.163963867188,2.0455654193241785e-06,5.584290981292725,2.788780147966463e-05
936,0.9457626517280922,0.001602153544326137,0.11413145464962139,18601.898618652343,1.9706772955364196e-06,3.5533196926116943,6.787831807741895e-06
937,0.8079042572315263,-0.0036954575897929116,-0.2632506427443842,21882.81482080078,1.821854289681987e-06,2.9393467903137207,6.337170361803146e-06
938,0.6984670608830257,-0.005388749111252535,-0.3838744276334544,32991.44774658203,1.4919196953338153e-06,2.3620855808258057,5.951962521066889e-06
939,0.5812375195290186,0.01061877512056471,0.7564420123147421,53942.4935180664,1.2063481773569627e-06,5.925378322601318,1.0010792721004691e-05
940,0.9978866346216644,-0.004485647664529478,-0.3195408422691178,47980.69592382813,1.2858170426863525e-06,48.756900787353516,5.098955080029555e-05
941,0.7663586109252484,-0.017720906925887705,-1.262371445186784,37961.356822265625,1.4657504993552322e-06,20.036348342895508,2.4827415472827852e-05
942,0.799265182942468,0.015333870140859145,1.0923278301148898,45414.649669433595,1.2914507380860931e-06,12.250800132751465,1.7706517610349692e-05
943,0.9473719531450705,0.0020682460811338507,0.14733415199132383,20484.122955078125,1.893811975425275e-06,3.678786039352417,6.176909664645791e-06
944,0.9571328137617527,0.0020908074638364316,0.14894134091267994,18092.152004638672,2.0105458562660284e-06,3.462944507598877,6.576447049155831e-06
945,0.9767063842734306,-0.002949396098818942,-0.21010399926288317,18654.323208740236,1.9664505340216837e-06,6.765706539154053,1.1051710316678509e-05
946,0.9209028955364759,-0.0022312811749045087,-0.15894816519054494,16468.61019555664,2.1096764390536503e-06,2.9266064167022705,6.523419415316312e-06
947,0.3090814779484706,-0.01235470785658789,-0.8801033986018806,20859.94342236328,1.8643086689160735e-06,4.518128871917725,1.3639905773743521e-05
948,0.9231515725725497,0.00832371677121867,0.5929505986208108,28429.117761230467,1.6027880257997776e-06,11.554685592651367,1.8503069441067055e-05
949,0.6696163798724007,-0.016869973355081575,-1.2017541051133347,31661.493411376952,1.534026828830973e-06,8.090895652770996,2.0872959794360213e-05
950,0.786513247028656,-0.019455487900623923,-1.385936537031629,57068.64519726562,1.1473442924611022e-06,17.199277877807617,2.077620774798561e-05
951,0.3947198675507038,-0.015626856229390078,-1.1131990684519137,74001.62113964844,1.0323723329444704e-06,6.75273323059082,1.280166361539159e-05
952,0.9839517374214009,0.007299706429746544,0.5200039136652028,50901.60225048828,1.2479125323776163e-06,39.9813117980957,3.962005939683877e-05
953,0.9891861482270158,-0.012545580226065165,-0.893700435701108,54001.54440136719,1.2056322559776136e-06,76.13277435302734,6.644337554462254e-05
954,0.9510555745199543,-0.005772760001813173,-0.41122993403681607,35469.32260644531,1.4396206965369467e-06,14.225309371948242,1.581885044288356e-05
955,0.8174293382832291,-0.008199934928667805,-0.5841328409223858,24473.49601953125,1.740155454157441e-06,9.079456329345703,1.2884167517768219e-05
956,0.8143627956235285,-0.00485482938030999,-0.34583997346118783,24912.893180175783,1.7084362365491556e-06,5.034590721130371,6.35942569715553e-06
957,0.33792337188522353,-0.01550067848916015,-1.1042106359213093,24765.54129614258,1.722647248946454e-06,6.531111717224121,1.5375897419289686e-05
958,0.37847382180572187,0.011324189049127189,0.8066930747563272,31221.12827001953,1.529068140472524e-06,3.9863555431365967,1.133907790062949e-05
959,0.7254423840526041,-0.038083712932922,-2.7129419467228026,58925.92375878906,1.1413039525538491e-06,38.384483337402344,3.891870437655598e-05
960,0.9897941562288086,-0.019152933068109865,-1.3643836569918912,41636.83650439453,1.389380469607359e-06,131.43930053710938,0.00014689212548546493
961,0.885320260268432,-0.26035819124421644,-18.54694838823631,47399.11565185547,1.2862702968933293e-06,376.81866455078125,0.0005462513072416186
962,0.34440767536022504,0.10320573456652227,7.351992358019678,33371.5854765625,1.505774207145518e-06,27.067943572998047,9.1601672465913e-05
963,0.9887554354135927,0.0069427327041227645,0.4945744342489384,21453.501224365235,1.8718774035137133e-06,27.6484375,5.0384340283926576e-05
964,0.998091552663508,0.001927434824209579,0.13730328220314253,17595.200650390623,2.067963125978827e-06,16.84696388244629,3.091317194048315e-05
965,0.7415600414213696,-0.02915232282854611,-2.076702961847983,17416.72430883789,2.0566966978236857e-06,20.69957733154297,5.037077789893374e-05
966,0.6885102892896471,0.040099282347818836,2.8565236090947543,16808.383427001954,2.0944942115868434e-06,19.44200897216797,7.142982940422371e-05
967,0.2543681937654701,-0.013296042577598612,-0.9471605801071254,16913.419423095704,2.0676078300490086e-06,10.576090812683105,2.2640839233645238e-05
968,0.998446086204596,7.916750078090917e-05,0.005639598062931301,16687.337077392578,2.067277359412036e-06,14.652691841125488,2.6346744562033564e-05
969,0.992553116251876,-0.0012532040712433848,-0.08927359311494296,19362.805364990236,1.9291398053909232e-06,14.42819595336914,2.4867829779395834e-05
970,-0.20770964749290013,0.04286043775916961,3.053218042488579,24773.369143554686,1.7169242409180618e-06,22.52393913269043,7.019603799562901e-05
971,0.20435031731504122,0.008764984114371188,0.6243848415756912,27891.97129248047,1.6163887187386687e-06,9.46886920928955,1.922233059303835e-05
972,0.47307944912846434,0.005000263950796686,0.35620019089775745,31708.69019580078,1.5164279065391678e-06,6.760246276855469,1.2172236893093213e-05
973,0.28596001703767726,-0.021833479778528127,-1.5553358265887005,39992.46055615234,1.3470879185487365e-06,18.592924118041992,4.107941276743077e-05
974,0.5038782806032435,-0.008592983319536868,-0.6121321452065747,38762.856358398436,1.3701310928244461e-06,7.0510077476501465,1.4905027455824893e-05
975,0.9300316760071373,-0.004351535363253376,-0.30998718114515383,47009.06665722656,1.250156468740519e-06,11.021247863769531,1.3316061085788533e-05
976,0.49583645278115024,-0.01985940740125452,-1.4147102587086666,63817.87506591797,1.0921834016901622e-06,16.825653076171875,2.5761233700904995e-05
977,0.8164022748527567,0.0284052145379599,2.0234817482587077,53061.709704101566,1.2027003523636574e-06,52.69477081298828,6.73909526085481e-05
978,0.5696559041286652,0.045302985810267135,3.227216073520373,44095.12376611328,1.335909494032829e-06,28.953039169311523,7.984013791428879e-05
979,0.8767161970945335,-0.00872715305939397,-0.62168989804124,45592.83770361328,1.2924379389768535e-06,11.786866188049316,1.4630117220804095e-05
980,0.9968183639659846,-0.0010232349960931902,-0.07289145223695416,26162.354575683592,1.6650796424309246e-06,13.721986770629883,1.954352956090588e-05
981,0.7507610133580191,0.014419454175822273,1.0271882405829824,17896.859184814453,2.0161680460028128e-06,8.278952598571777,2.4237837351392955e-05
982,0.9653590990793232,0.0027028374262414957,0.19254007721720973,18522.07400024414,1.985044612713073e-06,5.736815929412842,1.101031284633791e-05
983,0.35779610323210653,-0.007735233897890986,-0.5510292692905894,15830.050120605469,2.144636325170257e-06,2.9809253215789795,1.074915962817613e-05
984,0.9873124946047661,0.0005701720308516931,0.04061693307241835,17843.114792236327,2.011911541473643e-06,3.0218515396118164,5.697532742487965e-06
985,0.5501300928399262,-0.0032205233093521995,-0.22941809249872835,23401.20741455078,1.7565574703890417e-06,2.436375617980957,3.5963203117717057e-06
986,0.5223017637691899,-0.004010557158242655,-0.2856971630757193,34810.49328710938,1.453854049422923e-06,2.635145664215088,3.8908442547835875e-06
987,0.2879371492144327,0.04689211626608839,3.3404198118219854,62620.04540820313,1.1276280609923386e-06,21.586017608642578,3.915282286470756e-05
988,0.9965623090369693,-0.0017450631748335112,-0.12431180476088784,52501.84732519531,1.227550671122494e-06,31.161104202270508,2.969973866129294e-05
989,0.665016547839352,-0.015868160097509045,-1.1303886577884223,37825.91523193359,1.4569546715045394e-06,15.44207763671875,1.954732942976989e-05
990,0.6761842634638572,0.03322448335880117,2.366788519833789,44345.84496386719,1.310957481687983e-06,15.26065444946289,3.155527156195603e-05
991,0.8409263630265086,0.006891926908168031,0.49095521846435863,22772.263462890623,1.7827142057951126e-06,4.783497333526611,1.0793517503771e-05
992,0.9600844170815839,0.0029851955613121057,0.21265421971115978,19714.791920410156,1.924071030568604e-06,5.406075954437256,9.657800546847284e-06
993,0.9629018737613629,-0.0026378244699752367,-0.18790879621669787,17318.306767333983,2.0633208993147307e-06,5.526558876037598,9.86247687251307e-06
994,0.8830883760091048,0.001957465715062501,0.1394425710806699,16457.06399584961,2.110616547927855e-06,2.7115583419799805,4.953512416250305e-06
995,0.8694749608019374,-0.005033170349117005,-0.3585443202234879,20640.6638425293,1.8832474118673935e-06,5.309896945953369,1.1284879292361438e-05
996,0.7418117884625157,-0.0024962368454363565,-0.1778226208895987,28739.995383300782,1.5839925752948787e-06,1.7448357343673706,2.545497636674554e-06
997,0.7827156906900651,0.010702216060065065,0.76238603424462,42958.644127929685,1.345052542000669e-06,7.043360233306885,1.331001112703234e-05
998,0.9918806932277336,0.002676479707451474,0.1906624514444464,68837.21155810547,1.083524134826032e-06,21.700218200683594,1.7839705833466724e-05
999,0.5458995550216916,-0.018181687373362194,-1.2951957290580822,43422.34731591797,1.35509963639546e-06,13.788722038269043,1.6823994883452542e-05
