state_idx,cos_sim,mean_A,mean_safe_delta,mean_sigma_i,mean_alpha_i,v_unbiased_norm,v_intentional_norm
0,0.7115541123122214,-0.011981871243222269,-0.6152376155599406,37057.54990234375,1.652133347058373e-06,16.780014038085938,2.8320335331954993e-05
1,0.8577761333888996,-0.018659297016955807,-0.9581058894478094,69412.44509960938,1.2139158353381884e-06,84.54827117919922,8.833070751279593e-05
2,0.7731104599152873,-0.033983864845310234,-1.7449821943936326,51896.20894433594,1.3912332289497818e-06,68.2560806274414,0.00011440595699241385
3,0.8500961391467919,-0.021948892416216545,-1.127017972420072,61878.66168847656,1.2832753836061512e-06,107.24835205078125,0.00010072147415485233
4,0.6762947799105913,-0.0357442520624755,-1.8353734539862117,64803.832870117185,1.2565582234397485e-06,67.57205200195312,9.742895053932443e-05
5,0.9120753532445983,0.013520967355335858,0.6942661581734304,58969.950016601564,1.3048347453499164e-06,49.46890640258789,6.941827450646088e-05
6,0.9770100386978317,-0.004420356897585158,-0.22697371574015168,53089.491424804684,1.3712704929386821e-06,30.974519729614258,3.627535261330195e-05
7,0.9981650797239934,0.00198822739355153,0.1020902541822538,65705.8160546875,1.23255925225016e-06,34.304542541503906,3.7901099858572707e-05
8,0.8559263434424018,0.009547013522703323,0.49021406725172756,59096.831890625,1.3179162852657773e-06,28.50564956665039,3.557598392944783e-05
9,0.5407687316729352,0.0917873897502566,4.713041365751826,65177.279953125,1.2668128805364406e-06,68.35243225097656,0.00020149607735220343
10,0.3707498367587018,0.06278711741796641,3.2239535565000135,53874.54116894531,1.380778690067851e-06,32.993896484375,0.00014252633263822645
11,0.9981693125022566,0.005860191251499172,0.3009054278009397,46232.415896484374,1.4711917299686603e-06,116.0400390625,0.00015656516188755631
12,0.8761966950252172,-0.021450999581267772,-1.1014524831604928,72947.71645117187,1.1585196688472028e-06,49.46975326538086,6.152017886051908e-05
13,0.7671985249198005,0.01691215828091358,0.8683949045611155,59153.77167675781,1.3317532255085928e-06,19.487119674682617,3.0673909350298345e-05
14,0.5030911200498754,-0.03637713948801307,-1.8678705608822535,44690.0006640625,1.5090137224629362e-06,26.13035011291504,3.445744005148299e-05
15,0.7225688725441608,-0.01869868176738643,-0.9601281929305033,41051.18121630859,1.5665044369298352e-06,20.15789794921875,3.3599168091313913e-05
16,0.9989318515774334,-0.0010458135639352943,-0.05369977946973488,41055.36748486328,1.5905705849449172e-06,34.02592086791992,4.488550257519819e-05
17,0.9619604207148745,-0.010358925893193326,-0.5319036348262789,39966.690645996096,1.6044377728894319e-06,30.098234176635742,3.884441321133636e-05
18,0.7759859496064465,0.032546420445453875,1.6711732001960131,36891.77438671875,1.6765442492809594e-06,21.24072265625,7.370803359663114e-05
19,0.7620258983458054,0.040395067880312066,2.074180629934859,64865.76695507813,1.268684403740545e-06,32.00248336791992,7.280000136233866e-05
20,0.9811441718311498,-0.0069002598823341985,-0.3543102200461909,52501.43861669922,1.4168949840926484e-06,35.9036979675293,3.97077965317294e-05
21,0.8369573595095454,-0.028925634498639937,-1.485255352545059,38647.745099609376,1.607505459907271e-06,41.3535270690918,7.154903869377449e-05
22,0.5713414773759534,-0.0606151707903819,-3.112429802225452,61579.45911035156,1.2956926741348492e-06,34.84084701538086,6.865796603960916e-05
23,0.691521142043629,-0.03046511974524737,-1.5643038761926682,33260.15790917969,1.7517203732672554e-06,17.963972091674805,4.333435572334565e-05
24,0.4429344394646353,-0.019817864852770185,-1.0175953046069053,30762.59099169922,1.8257084218675e-06,9.865609169006348,1.8804204955813475e-05
25,0.9956326052289456,-0.0037363694328752983,-0.19185275605707852,46055.61648339844,1.4945983550992571e-06,32.696044921875,4.0962320781545714e-05
26,0.42673681550766607,-0.06520863598815584,-3.3482921744767493,39863.5776328125,1.5998801716774086e-06,31.64677619934082,7.61531773605384e-05
27,0.9294931963162433,0.028481370619241678,1.4624435692858282,44423.99742919922,1.54214408162433e-06,43.59213638305664,8.0478101153858e-05
28,0.6517058821334076,-0.031271163759826935,-1.605692119105628,44970.677032226566,1.5143553514264673e-06,55.96734619140625,6.888958159834146e-05
29,0.7217210086953918,-0.06139970099254807,-3.1527133673813124,41224.39605175781,1.5686016997362917e-06,103.32954406738281,0.00013960429350845516
30,0.6173928157598974,-0.06781754462160026,-3.482252779984177,55080.49523144531,1.3673005672871385e-06,38.25685119628906,9.014659008244053e-05
31,0.7869849517850902,-0.010409835604945898,-0.5345177148002408,53089.09660839844,1.3843746763427056e-06,13.628499984741211,1.9378039723960683e-05
32,0.9442767374132774,0.014801312483884742,0.7600085174420451,44158.80110302734,1.5286980178936517e-06,27.75806999206543,4.762224489240907e-05
33,0.3805057478401347,-0.05539895965829805,-2.844591062014,36667.69703710938,1.6640924806647291e-06,17.038795471191406,5.498554673977196e-05
34,0.9313960136098501,-0.009175662388836948,-0.47114616195566067,39383.21250390625,1.6350353393322626e-06,23.31565284729004,3.0835475627100095e-05
35,0.4485156595106654,-0.056434765689241995,-2.897776980951414,49140.25819628906,1.467293935220005e-06,34.279354095458984,8.799290662864223e-05
36,0.837446022061994,-0.019075043152211882,-0.9794533614528934,47778.882946289064,1.4710136885981102e-06,23.381166458129883,5.398675784817897e-05
37,0.4150658003683741,-0.055211544929083804,-2.8349678079510916,63947.397684570315,1.2684447136748624e-06,45.512821197509766,8.76747872098349e-05
38,0.8811794974248353,-0.02851825044152063,-1.4643372512876285,63800.96421289063,1.275542351418727e-06,47.854881286621094,6.280279922066256e-05
39,0.9809752971849958,-0.004020848238263943,-0.20645999547334698,42031.03882714844,1.5554977791388868e-06,15.139647483825684,2.0576648239511997e-05
40,0.9988053606518622,-0.0005802595335961764,-0.029794802882527727,35453.49164794922,1.7076374547368694e-06,24.72156524658203,3.4298671380383894e-05
41,0.9835371106713086,-0.009443204470284043,-0.484883745085221,41682.05836914063,1.5933414581953115e-06,28.924524307250977,3.7259451346471906e-05
42,0.9944247642397193,0.0030170824098477273,0.1549192567757358,43121.76564355469,1.5507738060154072e-06,33.32197952270508,4.152809924562462e-05
43,0.46465570197335143,-0.026397640376433905,-1.355449494651587,65596.53270214844,1.2799605641988127e-06,36.00690841674805,4.2676201701397076e-05
44,0.7552937656123813,0.04697587131182314,2.4120876003474976,62879.59948046875,1.2959206540376268e-06,53.418724060058594,9.250360744772479e-05
45,0.9765246340793399,0.011092699361054528,0.5695809749982859,70507.14901025391,1.2140126607841042e-06,51.28822326660156,5.454817437566817e-05
46,0.9845501070048706,-0.013816420523634274,-0.7094369022987582,70278.16387597656,1.2194407197018675e-06,114.026123046875,0.00011833891767309979
47,0.9534697184548433,-0.009589596519577224,-0.4924005922884504,65304.46591992187,1.256038287547122e-06,42.5529670715332,4.7360164899146184e-05
48,0.8652777730731708,-0.03343862857345415,-1.7169857440058622,75265.20840820312,1.1651553728415793e-06,73.13876342773438,0.00011196469131391495
49,0.3626320155037887,0.06212745578527412,3.190081664394383,60025.167548828125,1.3057880045441814e-06,69.02244567871094,0.00016816500283312052
50,0.4829440203390543,0.023219732941467522,1.1922722952750795,52904.72631933594,1.3915742996311888e-06,19.87879180908203,3.8688143831677735e-05
51,0.9690181968581123,-0.009156200861641645,-0.4701468636537726,35021.178392089845,1.6977490546539098e-06,32.816429138183594,4.2507694161031395e-05
52,0.9023010232071108,0.017841597794951723,0.9161191822483322,30527.258436035158,1.8142356275966027e-06,22.595523834228516,5.461457840283401e-05
53,0.782191213580687,0.015259415972463568,0.7835309282801984,36370.38158691406,1.6918211072974605e-06,8.731343269348145,2.484738070052117e-05
54,0.8570575310701655,0.007202779521981087,0.36984380891376334,38048.51808886719,1.6675330539043316e-06,5.610535144805908,1.4862306670693215e-05
55,0.9672451761696159,-0.0084779453377559,-0.4353202240759297,37962.9333984375,1.6548555760343182e-06,25.819034576416016,3.5947334254160523e-05
56,0.9415517808330046,0.009677341462043031,0.49690606460444153,60402.841425292965,1.3001284896214121e-06,23.147531509399414,3.2998621463775635e-05
57,0.9554931811606926,0.007160493985414568,0.3676725576824856,55192.3881484375,1.3649404672901194e-06,16.666887283325195,2.4094257241813466e-05
58,0.7551904806342519,0.036035807579702185,1.8503440639669653,37102.43110253906,1.6565721253386172e-06,21.6278133392334,6.995115109020844e-05
59,0.4141224826327376,-0.012855806015836845,-0.6601118705693538,26734.200634277342,1.9426094657149964e-06,4.168331146240234,1.7559423213242553e-05
60,0.9893160654932578,-0.0020157001470488462,-0.10350090791166323,18947.748729980467,2.2980577644347157e-06,5.760385513305664,1.0674623808881734e-05
61,0.698356304202991,0.015622234201211484,0.8021606913118129,28001.856814453124,1.909691441201984e-06,7.6286139488220215,1.8872251530410722e-05
62,0.9993540490466283,-0.00039388969386887183,-0.02022520115016264,28660.445150634765,1.875782979604686e-06,10.47874641418457,1.7052314433385618e-05
63,0.8414608241235492,-0.006515564375752929,-0.33455711626287615,38627.01937939453,1.6554039525982841e-06,6.7374043464660645,1.1693090527842287e-05
64,0.5943217122780731,0.011894829700680254,0.6107682609824159,47413.2809140625,1.4932221954244316e-06,5.292107582092285,1.0764296348497737e-05
65,0.9107613067803122,0.011173687708170996,0.5737395138906366,41268.24868310547,1.5813400992411908e-06,18.736421585083008,3.2739873859100044e-05
66,0.5911669334850428,-0.06886923072995052,-3.5362540991842097,40438.02091699219,1.612410085242927e-06,66.40997314453125,9.399460395798087e-05
67,0.9899867517541002,-0.004854622242012585,-0.24927210049178047,34828.25686816406,1.708227936075059e-06,31.571439743041992,4.8380898078903556e-05
68,0.6447918540689772,-0.027677242440146185,-1.4211536994926506,28965.586568359377,1.8720249453951188e-06,21.369892120361328,4.444502337719314e-05
69,0.8334853134241978,0.02882120514276466,1.4798931794254377,22407.225842773438,2.1155620513632922e-06,9.226012229919434,4.7283945605158806e-05
70,0.9329665463321409,-0.02465363366239641,-1.2658993308679543,26457.208048095705,1.9563299215324473e-06,37.09569549560547,6.821798888267949e-05
71,0.9995558360885676,-8.514447110505374e-05,-0.004371944942274139,26676.426587402344,1.9691631673971738e-06,10.631333351135254,1.8573335182736628e-05
72,0.62693068012526,0.034459389289413694,1.7693991255383543,35384.64848046875,1.7205022982541878e-06,13.93387222290039,3.316123184049502e-05
73,0.924146225287834,-0.0071752934929250065,-0.3684324735192823,34208.03223828125,1.7420247803374189e-06,7.593446254730225,1.1847711903101299e-05
74,0.7521345169270984,-0.03974035267979089,-2.040562724128423,47688.26668310547,1.4786720993020232e-06,18.024587631225586,3.0907329346518964e-05
75,0.73036723938519,-0.028449142211942013,-1.4607887252253435,52311.813603027345,1.4301298941998075e-06,13.426947593688965,1.9465465811663307e-05
76,0.8038049824268887,-0.017907649027240225,-0.9195107395295843,52150.80545068359,1.4263368017140149e-06,16.086652755737305,2.272687925142236e-05
77,0.6983823501337374,-0.041329986058719986,-2.1221862226466572,62097.9564921875,1.300780655697393e-06,30.71788215637207,4.7333480324596167e-05
78,0.8333928728273639,-0.022732308530972935,-1.1672443321138135,82611.43379492188,1.1283918013489628e-06,51.994747161865234,5.3454041335498914e-05
79,0.8078231072725194,0.05037530489832618,2.5866395857227014,78296.3859140625,1.1619534821390414e-06,90.61663055419922,0.00011550507042557001
80,0.6666936731872621,-0.0162785177440198,-0.8358591273751297,60377.85758203125,1.3079181097062804e-06,17.29857635498047,1.9951214198954403e-05
81,0.8920558190875694,-0.01043008185210483,-0.5355573064110374,32744.882546875,1.768556115923628e-06,13.719846725463867,2.4401308110100217e-05
82,0.9943912735669359,0.003479768292025632,0.178676961488629,24402.288159423828,2.042034667855269e-06,15.659828186035156,2.890877476602327e-05
83,0.8995775722194024,0.01095772388874669,0.5626503390353327,27153.40210595703,1.9450974075535456e-06,15.431221961975098,2.867949297069572e-05
84,0.645385510375414,0.016006640433230544,0.8218989416061956,40667.557809082035,1.6077534717324114e-06,13.747793197631836,2.114155904564541e-05
85,0.7189936066432822,0.016186584379450225,0.8311385905858378,54768.72435058594,1.3849667754011187e-06,15.59577465057373,2.605576992209535e-05
86,0.5515216921940463,-0.02197902952187761,-1.1285654336346365,45591.086999023435,1.497973681445728e-06,23.598125457763672,4.13183806813322e-05
87,0.8401415759479247,-0.017981517229224125,-0.9233036776718616,79624.55791992188,1.127856662746251e-06,49.838104248046875,3.204627500963397e-05
88,0.7863491178831548,-0.06080884568783346,-3.1223744994837634,41565.15525683594,1.5636635200444997e-06,54.078243255615234,0.0001233611983479932
89,0.4508529012532613,0.02465718786505071,1.2660818298384289,30339.771729492186,1.8248894218303116e-06,13.860864639282227,3.4073622373398393e-05
90,0.982194109910684,0.008284124334153521,0.4253680246505506,26414.65679223633,1.9809220338569743e-06,22.520849227905273,4.339543011155911e-05
91,0.9546785460979353,-0.0031705547954827703,-0.1627996606522013,26555.898240722658,1.970823804489e-06,6.675315856933594,1.1634191650955472e-05
92,0.8562648001527963,-0.012443204315525378,-0.6389258570391885,31232.496272949218,1.8059615061431518e-06,8.670669555664062,1.8903632735600695e-05
93,0.85402862684694,-0.010664588235118821,-0.5475985932009222,33979.05022412109,1.755879852385324e-06,8.619927406311035,1.63855711434735e-05
94,0.9965510330086504,0.0005999517681460103,0.030805947401071947,34047.6367241211,1.7572752162746354e-06,7.374907970428467,1.1090332918683998e-05
95,0.8535264920465713,0.025669043916354477,1.318037980230729,47375.84398730469,1.502755037009607e-06,17.674781799316406,2.9395710953394882e-05
96,0.8098003213858346,-0.030801287597343262,-1.581565212385742,48590.730845703125,1.4897417044083842e-06,30.300769805908203,3.816722892224789e-05
97,0.9705847902820687,-0.006723032282278574,-0.3452100483070468,56742.799162109375,1.3731569484919052e-06,17.349014282226562,2.034885619650595e-05
98,0.4636538348591575,0.05871618844473076,3.0149220468329285,46955.26778027344,1.4901323920603557e-06,21.705589294433594,7.705806638114154e-05
99,0.9164850351927507,0.004877543034851762,0.25044902299802885,27045.887375,1.9229770571007763e-06,5.091419219970703,1.3626859072246589e-05
100,0.6872172914204742,-0.004909733783565628,-0.2521019333890507,20471.96623046875,2.2335781429336033e-06,3.1145429611206055,6.5464828367112204e-06
101,0.9610681816799378,-0.0013321619320631828,-0.06840301602188334,21275.037947265624,2.199931109322759e-06,1.969492793083191,3.622488065957441e-06
102,0.9890260128448999,0.0006675553092196962,0.03427721166099382,22146.381357421877,2.1498000175398693e-06,1.5417300462722778,3.28033343066636e-06
103,0.9224063683373969,-0.003670476042228404,-0.18846930352952052,25477.78265234375,2.0026609416753372e-06,3.752880096435547,6.53094912195229e-06
104,0.9178930616210272,0.005480457828646409,0.2814071139831792,35544.737603027344,1.7060635210103016e-06,4.146808624267578,7.6259757406660356e-06
105,0.9988043821286366,-0.0005339963760963684,-0.02741931126434193,45229.61565380859,1.5396008751056667e-06,4.317134857177734,5.3354665396909695e-06
106,0.9975960225475271,0.0007185749624530304,0.03689693684120949,50218.605765625,1.4611281310170124e-06,10.299077033996582,1.2030795005557593e-05
107,0.8563286685605327,0.011830453906892278,0.6074627330672918,34188.342782226566,1.7619966817575176e-06,9.043992042541504,2.070783193630632e-05
108,0.9986076277444355,-0.0011711041390998172,-0.06013312140369684,35460.157497070315,1.7255583097851679e-06,80.96064758300781,0.00013155015767551959
109,-0.06723807410885738,-0.032900166405152025,-1.6893371260420504,33887.9529375,1.7358947142853634e-06,12.100290298461914,3.0165534553816542e-05
110,0.7398255472423194,-0.007604772956983794,-0.39048511588505275,20359.765420410156,2.222564456157053e-06,4.589306831359863,1.2608072211151011e-05
111,0.9992141372139851,4.2875532616272415e-05,0.002201545978690049,24941.052294921876,2.031190370905784e-06,5.143272399902344,8.975236596597824e-06
112,0.7588659300393221,-0.009295827382043324,-0.4773163187194372,21325.81491040039,2.1946196578353907e-06,4.417370319366455,1.0069217751151882e-05
113,0.8995807212245172,0.005558270335931498,0.28540258184216644,23283.995200439454,2.0911260217227123e-06,4.217122554779053,8.069659088505432e-06
114,0.8487767201461348,0.013876325607538507,0.7125128710045648,26022.37885107422,1.9801075238799543e-06,6.96992301940918,1.858111318142619e-05
115,0.9755785713300389,0.0041032497376711965,0.21069109602390246,28546.80243774414,1.9222433116991474e-06,8.898764610290527,1.5828978575882502e-05
116,0.9823480168725863,0.003787427779910045,0.19447446806235974,33640.29395727539,1.7637934875364903e-06,10.162394523620605,1.670329220360145e-05
117,0.7868878248290885,0.010803717221016527,0.5547425011766814,41443.61019775391,1.572385114813321e-06,4.811519622802734,1.0025518349721096e-05
118,0.9250661069178068,0.022731490257188153,1.1672023159043248,53693.879138427736,1.4166155867275923e-06,25.020185470581055,3.1189942092169076e-05
119,0.6908871376058925,-0.04618205100685147,-2.371327012814887,74258.15261621094,1.2133678608781781e-06,32.817665100097656,3.481899693724699e-05
120,0.95734351567037,0.006979983226513569,0.3584038043605045,59547.951493164066,1.327618379427362e-06,14.37501335144043,1.8817660020431504e-05
121,0.9420032191826833,-0.012688020716222773,-0.6514965361557943,53188.2837109375,1.4057315361813853e-06,38.74106979370117,4.893118602922186e-05
122,0.8862993301997001,0.029994116095507808,1.5401190759637624,52792.711087890624,1.3886627881164027e-06,49.49225997924805,6.7555571149569e-05
123,0.9603842549570852,-0.006645631764544145,-0.3412357350293131,34500.93999267578,1.7262339121925146e-06,17.420503616333008,2.439007585053332e-05
124,0.8860573532624535,-0.025039742510424307,-1.2857250060221295,30020.05811694336,1.8346775747074463e-06,29.973392486572266,5.367811172618531e-05
125,0.95430113878049,0.00907764547162044,0.4661132507176157,26958.78949291992,1.9704804528410993e-06,16.269304275512695,3.152609497192316e-05
126,0.8812207328609809,-0.007032112585807044,-0.36108051003204367,29326.43790673828,1.879955458140723e-06,7.572957992553711,1.1118463589809835e-05
127,0.9046718013954865,0.04359509368704984,2.238493549603504,32389.811805664063,1.77146410398782e-06,36.45343780517578,7.758179708616808e-05
128,0.7478331271331815,-0.008729164439275195,-0.4482196650617665,29884.44407055664,1.8499175399784893e-06,5.8437700271606445,1.087225155060878e-05
129,0.6922459288308157,0.018498723541032134,0.949860863237456,33913.83639355469,1.7551534120912624e-06,6.374050140380859,1.9570215954445302e-05
130,0.8986060293637246,-0.005470882935758502,-0.280915468383755,52706.89319580078,1.4132274065771733e-06,9.570290565490723,1.2416750905686058e-05
131,0.9968221031166297,-0.000891011396255149,-0.04575109477819166,76792.21843359375,1.1859858289355015e-06,24.010177612304688,2.235485408164095e-05
132,0.979257371770374,0.01310807007609996,0.6730649674418929,34425.332438476566,1.732895076901613e-06,58.15315628051758,9.319150558440015e-05
133,0.929747819717745,0.029420748186669916,1.5106781399103428,43398.348235351565,1.5237802829710136e-06,18.084686279296875,5.46224218851421e-05
134,0.8124740380347544,0.012298111964540616,0.6314757459301793,33048.966341308595,1.7380681801573024e-06,8.576761245727539,2.343540108995512e-05
135,0.9989008645688909,-0.0005842243261954714,-0.029998384568181352,25838.53192138672,1.9727203057433977e-06,5.3419976234436035,9.022286576509941e-06
136,0.7490418216009138,0.008616919193565373,0.44245616652913833,29793.920182373047,1.8623336513362267e-06,2.115882158279419,9.426275028090458e-06
137,0.9768583449840094,0.0012049577479930785,0.061871415297096034,30088.66311669922,1.857176377729926e-06,3.7287044525146484,6.217769168870291e-06
138,0.9454152928870603,0.0012586207556900897,0.06462686978572273,26382.17277294922,1.9614450893652736e-06,1.780877709388733,3.6615911085391417e-06
139,0.9881712032431095,-0.002980105683455224,-0.1530205990022428,31215.44555957031,1.8175250790924568e-06,7.779724597930908,1.269282256544102e-05
140,0.9977613018213737,-0.002364276771372215,-0.12139940196449771,48496.57835693359,1.482145092791378e-06,19.761634826660156,2.3492002583225258e-05
141,0.9477862090331308,-0.02461438344151764,-1.263883935124379,35015.435338378906,1.7063589747499212e-06,39.022727966308594,6.746414146618918e-05
142,0.8494729696422074,0.030417413886948366,1.5618543056779857,61603.32538964844,1.2962145326322745e-06,26.20003890991211,4.009217445855029e-05
143,0.5040726428025027,0.019763991332868044,1.0148290408694975,32172.849008300782,1.7955981948503533e-06,9.876330375671387,2.701848279684782e-05
144,0.9979339538094427,-0.0005774643102104383,-0.029651275503882937,24628.08570019531,2.0389704676205385e-06,6.774875640869141,1.1324002116452903e-05
145,0.8893171575246597,0.007666822314673597,0.39367118741738494,25096.119989501953,2.0113230728028407e-06,6.446325302124023,1.501317456131801e-05
146,0.5504682982938366,-0.010406958055140905,-0.5343699601762139,28778.376663574218,1.894794630909635e-06,4.3277587890625,1.1869322406710126e-05
147,0.8449457902052986,0.009619585233152478,0.49394043395918996,28712.409991210938,1.8820410541527918e-06,4.530666828155518,1.2520245945779607e-05
148,0.9991883855398777,-0.0001838200711202762,-0.009438677811871016,28551.14440698242,1.9018614880858707e-06,3.1129586696624756,5.217929810896749e-06
149,0.9936340395800085,-0.0006084249322887789,-0.03124102212334404,43304.15318408203,1.5807715201081288e-06,2.928880453109741,3.79447510567843e-06
150,0.7005777645079211,0.0315520697059508,1.620115901583479,49540.67773583985,1.4557897170137187e-06,12.652009963989258,2.3989805413293652e-05
151,0.9155689644958007,0.018898489082413,0.9703877737232715,45154.512427246096,1.5379609278973805e-06,25.336320877075195,3.6271954741096124e-05
152,0.9058771918584918,-0.11438101173175134,-5.873164507837873,48306.51186816406,1.4924346007326988e-06,296.4607238769531,0.0002633606782183051
153,0.8109852263280245,0.03936128283133425,2.021098483112892,29959.87056640625,1.833995124502785e-06,41.60612106323242,9.12507384782657e-05
154,0.5303658664909828,-0.07262791612110524,-3.7292527210816115,22142.407329101563,2.126646093291502e-06,33.11220932006836,0.00012251752195879817
155,0.9540131635579558,-0.08000599810184465,-4.108097850785671,22682.096650878906,2.0994050976447614e-06,146.1214141845703,0.00028373004170134664
156,0.4537417277005856,-0.057800800502119346,-2.9679192804292134,23348.452909179687,2.083630759112261e-06,20.17593002319336,6.428035703720525e-05
157,0.7672535009935639,0.05150011625859281,2.6443956945305493,23584.06010058594,2.08238075840424e-06,21.621553421020508,7.771149830659851e-05
158,0.6704974698791828,-0.07441032325283126,-3.820774645447178,21740.86695336914,2.1711157825030085e-06,17.020566940307617,9.021102596307173e-05
159,0.6285092999969886,0.05387438058429602,2.7663079311756364,26082.123073486327,1.973041739965516e-06,9.227569580078125,5.5031239753589034e-05
160,0.997456550575749,-0.0016039874196897594,-0.08236054080753763,28210.531435546876,1.8974863561704905e-06,14.087255477905273,2.2040276235202327e-05
161,0.12176086813944366,-0.5870195894361009,-30.14191399327011,27875.757064453126,1.9123966932676576e-06,78.13174438476562,0.0006086077773943543
162,0.420681395619019,-1.5104718968365622,-33.691920747464046,27451.973372558594,1.914638650045461e-06,107.43553924560547,0.0005800460930913687
163,0.7676585767141101,-0.22330362066010148,-11.466054369306978,23575.357599853516,2.055404679443282e-06,106.39321899414062,0.000307420123135671
164,0.44020420834778023,-0.8488858655790864,-33.691920747464046,25039.578966796875,2.0223383895997365e-06,151.192138671875,0.0006851698854006827
165,0.7928895920884247,-0.016520246186384847,-0.8482712479425091,34525.55527539062,1.6988839142703499e-06,18.13247299194336,4.5951335778227076e-05
166,0.6879328567938965,-0.08596576418195329,-4.414116184482518,66086.89963476562,1.229999741808251e-06,214.7333984375,0.00027696596225723624
167,0.9652315106090419,0.01265508169153652,0.6498052037590867,57152.52327636719,1.325405642119833e-06,85.85301971435547,0.00010879688488785177
168,0.5989176818993905,0.10756986853915686,5.523430195727021,80878.7145546875,1.1257602552354392e-06,144.73666381835938,0.0003230104048270732
169,0.4928473924110723,0.055142552838408826,2.831425245316446,67262.30157324219,1.2438970277272578e-06,67.86639404296875,0.00014299435133580118
170,0.8897830201334204,0.013845337725499696,0.7109217246577375,57506.22374707031,1.3309441543584691e-06,40.24561309814453,5.7018758525373414e-05
171,0.9013134884159858,0.010889175947508893,0.5591305823076397,52773.332877929686,1.3878416337313122e-06,28.042665481567383,4.110304143978283e-05
172,0.6566253614435941,0.014097964935430913,0.7238934683118483,56426.43956591797,1.3520729332478803e-06,14.209554672241211,2.512290666345507e-05
173,0.8944201373210953,0.019033949056393013,0.9773432875744504,62394.892875,1.2888150888118387e-06,33.80867385864258,5.0876758905360475e-05
174,0.5661284412313513,-0.023515570824032772,-1.20746279346748,58421.63890576172,1.3312232997641349e-06,15.262799263000488,3.674714025692083e-05
175,0.9686024052591371,-0.0073713957139919,-0.37850180746939055,66846.38472558594,1.2434963349082617e-06,47.82329177856445,5.321205026120879e-05
176,0.9741515735271495,0.00839813777805407,0.4312223155157466,57460.45380859375,1.3527516521656934e-06,34.65399932861328,4.918178092339076e-05
177,0.9661516278620392,0.008770089649727331,0.45032106712023906,71705.17908203125,1.2300151105555948e-06,21.777389526367188,2.7692862204276025e-05
178,0.5045693523716972,-0.045582259974381915,-2.3405293187685956,71502.81427246094,1.2323240823282557e-06,31.02267074584961,4.480554343899712e-05
179,0.8232800232038946,0.05907177444198141,3.0331804537740603,55673.71330273437,1.3612171323292573e-06,91.11456298828125,0.00014010710583534092
180,0.9950644961807843,0.001229291185737975,0.06312087340865895,22116.557105957032,2.1160866181951656e-06,9.838261604309082,1.8151353287976235e-05
181,0.8165419705410965,0.011087571699691285,0.5693176830561109,19922.40723803711,2.2589061753737085e-06,7.452749729156494,1.7905575077747926e-05
182,0.6598164396245639,0.025833957074256297,1.3265058377116183,19920.84988989258,2.2499243386074893e-06,7.773712158203125,2.6673938918975182e-05
183,0.9817756462099659,0.002577567584396285,0.1323513249623349,22170.875754394532,2.1437471027919164e-06,5.441504001617432,1.0279511116095819e-05
184,0.8669410377476079,0.009637563262027747,0.49486355851904895,25425.68178955078,2.0285230607490854e-06,5.68932580947876,1.273153247893788e-05
185,0.36541966178457913,-0.018740580774027953,-0.9622795968654312,22888.97590625,2.103609440719815e-06,4.416230201721191,1.2298129149712622e-05
186,0.5888883935409576,0.02150836117582342,1.1043978503692329,23682.20917260742,2.094287876157571e-06,8.252256393432617,2.4717322958167642e-05
187,0.9995227546071346,0.0001258063777317191,0.006459827040928935,26848.889150146486,1.971180555614013e-06,21.387378692626953,3.759343599085696e-05
188,0.959624593871485,0.008176099827963875,0.41982125000566767,37057.96776611328,1.6747849504266197e-06,13.328570365905762,2.3400802092510276e-05
189,0.79024250029209,0.020950607612993673,1.075758669969131,43955.322739746094,1.5538256963044017e-06,14.88538646697998,2.443832636345178e-05
190,0.895455590203517,0.012065674192395329,0.6195406768747823,52578.90529833984,1.4324086711519518e-06,11.793119430541992,1.73820553754922e-05
191,0.8710756133922434,-0.02763332232150954,-1.4188985167656283,48761.478772460934,1.4906252869601133e-06,29.98191261291504,4.404513674671762e-05
192,0.6222397462908377,0.06209176316295911,3.1882489419923132,52350.93545898437,1.4358477158110667e-06,49.57193374633789,8.706851076567546e-05
193,0.783866347120225,-0.007751735162180175,-0.398031239096283,38925.11762109375,1.6162771431894902e-06,11.200127601623535,1.483021696913056e-05
194,0.9801381032596248,-0.0023180083014339875,-0.11902363756655328,36372.85845996094,1.6851081362156883e-06,10.950096130371094,1.6487516404595226e-05
195,0.7071348706515198,-0.0208702929116632,-1.0716347210184263,24334.2756875,2.0374956658257307e-06,9.963644027709961,3.332909909659065e-05
196,0.8809143709480403,0.007827714478847869,0.40193257743230854,34529.65386132812,1.7410168090408952e-06,10.009185791015625,1.7817217667470686e-05
197,0.7328902960163209,0.0102160184657441,0.5245657138016809,32471.95881201172,1.7825941750954952e-06,6.848762035369873,1.4845018995401915e-05
198,0.5236032478444853,-0.015471808083586473,-0.7944367052960308,30242.44342919922,1.8320912871381363e-06,6.177669048309326,1.4264876881497912e-05
199,0.8936651520443778,0.008349582908781763,0.428729150517682,33037.36273095703,1.777442114386892e-06,7.208398342132568,1.263379272131715e-05
200,0.8996874377201087,0.011022803834745467,0.5659920233168848,39407.64299902344,1.6358493708119364e-06,9.058960914611816,1.246915417141281e-05
201,0.6513490143534156,0.017560566757113736,0.9016889766395395,50414.21855957031,1.4598693487912844e-06,6.524623870849609,1.3003557796764653e-05
202,0.9971810236617532,0.0007815057961061496,0.040128269848885186,61090.504140625,1.316352597600702e-06,6.703975677490234,7.387373898382066e-06
203,0.8727871853661204,-0.03403779932533251,-1.7477515882730854,59632.083543945315,1.3193213677339233e-06,27.86530876159668,4.881526547251269e-05
204,0.9829206406675228,0.008231847160314991,0.4226837290903873,69345.94787890626,1.2223125574441892e-06,31.526044845581055,3.1473711715079844e-05
205,0.9988018241430409,-0.0006673156423845357,-0.03426490539854116,40817.60998095703,1.5873936676782456e-06,6.097748279571533,8.620007065474056e-06
206,0.931620889830326,0.004995606007151755,0.2565112465096406,21704.520934082033,2.1458784480304223e-06,5.5146918296813965,1.3425376891973428e-05
207,0.7665729349909864,0.013978068206643345,0.7177370862213275,23176.318282958986,2.090565493032329e-06,5.379899024963379,2.0030185623909347e-05
208,0.7799206235888211,-0.007486422692213367,-0.38440814065971524,25875.731309570314,1.9823652697102833e-06,6.684560775756836,1.1810661817435175e-05
209,0.681958288005128,0.02006314984873608,1.0301900448596895,30677.845364746092,1.8274258158536241e-06,4.7313361167907715,2.333300290047191e-05
210,0.5353082214048224,0.01197672458735001,0.6149733482996204,41066.052275390626,1.597731152869078e-06,5.907803535461426,1.2029556273773778e-05
211,0.9683373570170548,0.0069546698300684134,0.3571040279437407,48926.63407275391,1.4794309420968065e-06,20.793071746826172,2.409060653008055e-05
212,0.8494416992523395,0.014517696332552779,0.745445573045654,34468.510657226565,1.767661507045319e-06,15.086848258972168,2.9829589038854465e-05
213,0.9559155173610526,-0.047961315791002754,-2.4626875858864947,44700.18704882813,1.5349973703357974e-06,141.00465393066406,0.0001617368689039722
214,0.6896478540308393,0.029123329508070447,1.495406471993862,32622.30185986328,1.7573027362558337e-06,8.518835067749023,4.056838224641979e-05
215,0.5384847617891674,0.019499452066772584,1.001245644420749,23200.736055664063,2.091970666266471e-06,9.48783016204834,3.174402081640437e-05
216,0.9037824419006929,0.004863199386392479,0.24971251432610403,26296.165100341797,1.9778484577966725e-06,5.380794525146484,1.1413982974772807e-05
217,0.5750241791052716,-0.01880317177327368,-0.9654934802689303,29281.48280175781,1.8760896579027624e-06,4.713603496551514,2.0128192772972398e-05
218,0.8813280644024349,0.00400752711796627,0.20577599093664634,28447.87980517578,1.8899013417687186e-06,3.5629019737243652,7.1472322815679945e-06
219,0.8787017923682803,0.003760043274890042,0.19306834566045808,25215.200147949217,2.007525413756034e-06,2.8956410884857178,5.937597506999737e-06
220,0.6544914942376073,-0.017941968281598948,-0.9212729430945239,27701.70928466797,1.9360997945263178e-06,5.134651184082031,1.5762594557600096e-05
221,0.8696515841179971,0.008184063004374431,0.42023013819747523,34643.65958886719,1.7317289600468889e-06,5.835141658782959,1.1087839993706439e-05
222,0.9994498935778813,0.00042773509241165455,0.0219630734636309,41090.019100097656,1.6088362255558111e-06,11.164745330810547,1.5185797565209214e-05
223,0.4562866412831894,-0.03393637812256931,-1.7425438759142542,65907.31594970703,1.2768966277598211e-06,13.941283226013184,2.155736910935957e-05
224,0.9906791217518504,-0.004977101664040266,-0.2555610970962211,61104.24007421875,1.3018802582083497e-06,22.529617309570312,2.458033850416541e-05
225,0.9289993357851373,-0.01465480261038616,-0.7524856202753571,68545.42471972656,1.2370680360106579e-06,23.337621688842773,2.6195832106168382e-05
226,0.8033651880886639,0.04672269729230515,2.3990877794574104,61194.70070410156,1.2835560784386856e-06,68.81959533691406,0.00015311282186303288
227,0.6124724622860922,-0.01580470582558334,-0.8115301299251174,35084.55936572266,1.7030449527883802e-06,10.132913589477539,1.9638204321381636e-05
228,0.8707569873276533,0.01210272980926527,0.6214433854670701,26541.41691845703,1.9530724845960644e-06,14.138570785522461,2.888734161388129e-05
229,0.8969047460786828,-0.006896067124721506,-0.35409493295589495,24251.808932617187,2.054865282046343e-06,10.755678176879883,1.9481229173834436e-05
230,0.6349140234965414,-0.013578742297498602,-0.6972327496960549,36319.06348413086,1.6787816043100017e-06,7.068366527557373,1.849638829298783e-05
231,0.6864755005616875,-0.013018507970788148,-0.6684661885869009,51244.57476855469,1.4355805687617737e-06,10.088679313659668,2.0669913283200003e-05
232,0.9776771634277246,0.003957590563397766,0.20321188002789456,54390.44280957031,1.4010058047280186e-06,27.138601303100586,3.243968603783287e-05
233,0.911698991137702,0.03142894592627882,1.6137938189065375,63535.442247070314,1.283084182826947e-06,71.17259979248047,7.586296123918146e-05
234,0.8650672939559149,-0.04014827302793482,-2.061508362521292,51704.59745996094,1.4048574378209585e-06,61.35764694213867,0.00010268167534377426
235,0.5222283924184773,0.033088765985078095,1.6990212190767635,28594.03997265625,1.8731525075209408e-06,18.61428451538086,5.306950697558932e-05
236,0.9825757155620517,0.0047370975739592855,0.2432375174892727,26636.00135058594,1.9557572495082187e-06,23.34481430053711,3.9281847421079874e-05
237,0.7820781668406267,0.01781171468834811,0.9145847632181886,26377.230311279298,1.9561961315263154e-06,16.021642684936523,3.246327105443925e-05
238,0.9801386437990796,-0.004009069090495854,-0.20585516717574143,34017.37517626953,1.734403180224795e-06,12.214762687683105,1.662314207351301e-05
239,0.8413603949020089,-0.007635814774151275,-0.392079031659066,31958.880822265626,1.8021595840484209e-06,9.487278938293457,1.607899321243167e-05
240,0.6977043399321318,-0.025516224951308588,-1.3101911277851763,29283.653599853515,1.8819844404785332e-06,12.774242401123047,3.310088868602179e-05
241,0.9986196211917703,0.0018122946845220186,0.09305657169601068,33513.60447363281,1.755650136366932e-06,13.90716552734375,2.1855546947335824e-05
242,0.9988035694085113,-0.001564138423338916,-0.08031439951627499,53336.54832861328,1.411322397611573e-06,16.499807357788086,1.9077586330240592e-05
243,0.9948901723344361,-0.014599877912817654,-0.7496653813259099,51874.922435546876,1.4179817672130451e-06,126.7415771484375,0.00014472838665824383
244,0.7489878035098154,-0.062059300724145644,-3.186582081028325,78940.22952246094,1.151283285424021e-06,51.95890426635742,6.966022192500532e-05
245,0.7027827016794346,0.058017877446769575,2.9790656113410225,31689.29490332031,1.7753060629418675e-06,47.913352966308594,0.00010939162893919274
246,0.7522166727980738,0.052895822961044205,2.716061567598828,24465.96069970703,2.025716675856981e-06,32.873435974121094,0.00011098240065621212
247,0.7643558375167192,0.03303054443669464,1.696031695497806,22938.117232910157,2.1141667907618914e-06,11.713518142700195,6.394235970219597e-05
248,0.9810751716060154,0.00226223177030289,0.11615965920117796,33170.90502099609,1.7579050255459693e-06,5.121457099914551,1.0492565706954338e-05
249,0.7650469181445249,0.008642577350601964,0.44377364549668985,33183.08001464844,1.7599265600369606e-06,6.069416522979736,1.6534973838133737e-05
250,0.525520887457108,-0.0232784017094386,-1.1952847824051496,42443.47177880859,1.580725461576676e-06,8.996532440185547,2.2302505385596305e-05
251,0.9421549034942512,0.010774006705063571,0.5532169442231052,53610.647490234376,1.4176131277528476e-06,17.63787841796875,2.3637763661099598e-05
252,0.8246976570930692,-0.023119597485354797,-1.1871306026294797,59714.52311376953,1.3538714053941594e-06,23.612516403198242,2.9778177122352645e-05
253,0.9573546339264744,-0.03563859545932614,-1.8299482649426766,71297.96031835937,1.2285273064428232e-06,77.6739273071289,9.085386409424245e-05
254,0.5335378196359325,0.029418232026625885,1.5105489417012792,73526.06538378906,1.1809280385167249e-06,26.385818481445312,3.274542905273847e-05
255,0.6670139592582913,-0.020898167747541833,-1.0730660206219664,32793.9512133789,1.7709378569247522e-06,8.860302925109863,3.0516328479279764e-05
256,0.7215703436015461,0.005048924493778342,0.2592490107462545,24450.912870117187,2.0534774284637435e-06,3.132683753967285,8.763868208916392e-06
257,0.9734806216559683,-0.007270467246848389,-0.3733193957903618,23730.987954589844,2.0615120142090573e-06,21.013757705688477,3.9379367080982774e-05
258,0.9967963302204148,-0.0017203551127339875,-0.08833571618235565,27183.213387695312,1.9458579175994024e-06,13.593352317810059,2.16065800486831e-05
259,0.848232658957714,0.007495705370608842,0.38488478181251284,41416.80191796875,1.5825904285781365e-06,8.071370124816895,1.4687793736811727e-05
260,0.507298788808037,-0.010406179741842811,-0.5343299958327523,48674.007991210936,1.4953077769812444e-06,8.842531204223633,1.2011922081001103e-05
261,0.7890563747186081,-0.06498926552130735,-3.337028077224455,41181.8460078125,1.594026673863195e-06,49.558902740478516,0.00011625051411101595
262,0.9495099263558563,0.018074040255008753,0.9280544920156834,60073.796428710935,1.3273268203788955e-06,46.09147644042969,5.296702147461474e-05
263,0.987663093934789,-0.008849874050463637,-0.4544177865283741,45111.35703808594,1.5118837100535116e-06,34.2705078125,4.710770008387044e-05
264,0.9808277216439835,-0.003191229556455114,-0.1638612553217394,23306.0398515625,2.068101942601872e-06,11.0967378616333,2.1319476218195632e-05
265,0.8792407380420386,0.011745596490710579,0.6031055276413247,24545.07429248047,2.0279105398761216e-06,12.156232833862305,2.835724808392115e-05
266,0.8405832006598601,0.02098623940831891,1.07758826906505,30448.503739746095,1.8344288806907443e-06,16.087636947631836,4.19753159803804e-05
267,0.8643828086962376,-0.004985991614476912,-0.25601757269991127,27942.175539550783,1.9065135178486926e-06,6.479679107666016,1.0038830623670947e-05
268,0.6708344529849539,0.01020314000905765,0.523904438878672,30802.302505859374,1.8166862433226269e-06,3.4839823246002197,1.2897776286990847e-05
269,0.8113612997893037,-0.005186785557272034,-0.2663278142370193,36097.21113183594,1.7135035600796871e-06,4.152290344238281,7.215004188765306e-06
270,0.8247359689549336,0.013489455722550413,0.6926481186014992,45669.22311279297,1.526123254199281e-06,9.82742691040039,1.603056261956226e-05
271,0.4314950020628008,-0.019260022528216302,-0.9889515665254194,48347.14974707031,1.4933790753184172e-06,9.718012809753418,1.3042904356552754e-05
272,0.33786187354051894,0.03932456585222542,2.019213162680138,60376.21177441406,1.3394260788602858e-06,25.4312686920166,3.350943006807938e-05
273,0.8999515912448904,0.020307426073533846,1.0427329873627291,46552.32380859375,1.4827888991615248e-06,23.89242935180664,4.4849817641079426e-05
274,0.9612681411579502,-0.0028633967154122262,-0.14702790005266497,25742.672529296877,1.9665292849116917e-06,7.996942043304443,1.1723504030669574e-05
275,0.9389750818926914,0.005918804092507334,0.3039150432283676,24392.930012695313,2.0374432928981943e-06,6.967331886291504,1.846766463131644e-05
276,0.6317733703198134,0.008135905873569287,0.41775739602495987,23412.517982910158,2.092164854472979e-06,3.6524264812469482,1.173421878775116e-05
277,0.9121901415149611,0.005535241664603466,0.2842201200588798,30989.67890234375,1.8317652602944998e-06,4.956015110015869,1.106578747567255e-05
278,0.9601992827913489,0.004444539841394086,0.22821544638340505,39692.96421191406,1.6353615434338492e-06,7.0705389976501465,1.1385322977730539e-05
279,0.7916486928360863,0.010808457915901876,0.5549859234066615,51761.02805029297,1.4296206469027586e-06,2.9246253967285156,9.716760359879117e-06
280,0.7355293860519151,-0.01831520734893023,-0.9404377888149792,62071.856453125,1.3094587961009449e-06,11.750394821166992,1.6097150364657864e-05
281,0.874216409499481,-0.0030265355697334123,-0.15540465170525197,45260.37656591797,1.5467143228980087e-06,5.793262004852295,8.0931376942317e-06
282,0.26126765711305594,-0.026570548504808472,-1.3643278728658643,37339.981191894534,1.6614061174584396e-06,15.477766990661621,3.148649921058677e-05
283,0.9384280996784632,-0.003674319830311381,-0.1886666719511038,33980.90689794922,1.7344490705932708e-06,7.982104301452637,1.1887900654983241e-05
284,0.8407819406367096,-0.013286322170010422,-0.6822177442494449,21751.24563232422,2.16263358939666e-06,11.78370189666748,3.2351628760807216e-05
285,0.9425169516251296,-0.003986430818843983,-0.2046927513903628,28657.838501953123,1.891653153470702e-06,7.697979927062988,1.315232839260716e-05
286,0.9822009427255926,0.0017520837793408024,0.08996489987093145,33272.582266113284,1.769966870979327e-06,4.999131679534912,7.839043973945081e-06
287,0.7890665835326941,-0.004208362220826251,-0.21608834593496967,42191.79055566406,1.5840162959462532e-06,3.624667167663574,5.410321591625689e-06
288,0.8163897553317592,0.010216931499897932,0.5246125957072134,43878.282232177735,1.5596398760524981e-06,4.13848352432251,1.0826460311363917e-05
289,0.995723725259253,-0.0012463770250966727,-0.0639981863803562,56210.82103417969,1.3745133151033978e-06,6.461937427520752,7.78228059061803e-06
290,0.8526814905123332,-0.02384194551853409,-1.2242212767417582,41522.07074121094,1.6018963312759674e-06,30.17487144470215,3.116842344752513e-05
291,0.873552985786137,-0.014847116734742415,-0.7623604454095673,58586.83294921875,1.3463697044377004e-06,21.886890411376953,2.4279293938889168e-05
292,0.9976560122606235,0.002436654401359142,0.12511580315001586,50832.024278320314,1.405977530466716e-06,36.90864944458008,4.666942186304368e-05
293,0.9789011637427995,-0.0023813986157118893,-0.12227856369739387,20811.69826196289,2.224014556131608e-06,8.46196174621582,1.540353514428716e-05
294,0.5550323601037943,-0.016209737605635512,-0.8323274479338764,20712.11849731445,2.2414359403072106e-06,6.757318019866943,2.0044552002218552e-05
295,0.9907125697189311,0.0005869112189909611,0.03013634945556881,19672.792140625,2.2989176137102418e-06,3.4177772998809814,6.765330908820033e-06
296,0.9658545945585284,0.005366413361842016,0.2755512301733587,28754.21574926758,1.9117185785478674e-06,9.345104217529297,1.6043173673097044e-05
297,0.5563692038698257,-0.0314587009711622,-1.6153216623037272,31584.232033203127,1.7916311321977184e-06,8.984821319580078,2.1893709345022216e-05
298,0.9991197922710952,0.0001089205761194525,0.00559278548207179,25286.638676269533,2.0117968154393233e-06,7.429075241088867,1.2818670256820042e-05
299,0.9654128238052755,0.005039388495291172,0.2587593622721442,31008.814932617188,1.8313566808486463e-06,7.847074508666992,1.3392307664616965e-05
300,0.9450560402311947,0.009330271076838332,0.4790849119739126,35307.227500976565,1.7168107403261274e-06,10.664979934692383,1.6974565369309857e-05
301,0.9976534256683127,-0.0023487065829906045,-0.12059991368931369,48141.2647890625,1.4826365068120635e-06,14.719740867614746,1.853821777331177e-05
302,0.9478885432978663,0.01800307585005104,0.9244106562232972,57266.88412744141,1.3640718889987076e-06,24.39426612854004,3.205937900929712e-05
303,0.9966112741469542,-0.0019322552995120893,-0.09921623417522016,56152.714034667966,1.3713312058014314e-06,16.901790618896484,1.920398062793538e-05
304,0.8630457009473865,-0.037519000275665536,-1.9265021130026356,53517.97026123047,1.4115704596453947e-06,50.644046783447266,7.671245111851022e-05
305,0.8549328880842814,0.01573378381702566,0.8078884710765105,76002.61269335938,1.1698815454044443e-06,30.40323829650879,4.248500044923276e-05
306,0.9890812028805166,0.0023425729401643485,0.12028496724142419,47067.40769140625,1.4712561201569904e-06,16.194011688232422,2.17069718928542e-05
307,0.5895279585256836,-0.015441555320087683,-0.7928833053552976,24379.483963378905,2.0564337066387154e-06,10.096541404724121,2.8279579055379145e-05
308,0.4952139804970021,0.018296087353418214,0.9394560272679267,26166.398978027344,1.976652628288717e-06,4.704040050506592,1.9517272448865697e-05
309,0.8246758454160134,0.005754837943611307,0.295495812172417,33016.46237841797,1.7689212479986034e-06,6.87434196472168,1.0279672096658032e-05
310,0.7156642725108754,0.015512717148727933,0.796537278335209,34527.73761352539,1.7400181422952166e-06,9.179234504699707,2.4384151402045973e-05
311,0.5743825780082419,-0.013776041812147945,-0.707363561526691,46729.03418017578,1.4931858737596052e-06,6.7733941078186035,1.4177361663314514e-05
312,0.9233814017760099,0.008192229369109164,0.4206494595760147,65806.94904589844,1.2590217300479317e-06,7.095364570617676,1.5674761016271077e-05
313,0.7093831794976646,-0.01808991346666773,-0.9288695397402091,66446.00235253906,1.2632054743076745e-06,19.16551399230957,1.976399107661564e-05
314,0.583084689601536,-0.07519404487391217,-3.861016692088209,36282.9407109375,1.6944939364733248e-06,57.109291076660156,0.00014332069258671254
315,0.9481671626189517,0.011499237568006275,0.5904556440714066,34375.390392089845,1.7114359573232196e-06,19.378902435302734,3.7201596569502726e-05
316,0.7690636368142437,0.011498503979961426,0.5904179762522195,23487.59634033203,2.094025742580917e-06,6.213017463684082,2.0616676920326427e-05
317,0.7867415720225506,0.012454894491477887,0.6395261168677664,25222.729114257814,2.0131167562939154e-06,5.000357627868652,1.8389735487289727e-05
318,0.9215580709252458,-0.0028494280812092097,-0.14631064737774954,23919.925598632813,2.0827370072532748e-06,3.9809482097625732,7.575778909085784e-06
319,0.9993123272636275,-3.0200257381403083e-06,-0.00015507038895231907,32810.528191162106,1.7758053013487204e-06,5.191876411437988,7.93502385931788e-06
320,0.9134460270305879,-0.0028691597791509794,-0.14732381823781118,36665.087972900394,1.6866359298541977e-06,3.675523519515991,4.662578248826321e-06
321,0.5208574935806723,0.016194524542954503,0.8315462971253562,53012.3308828125,1.4277867414189584e-06,6.3787922859191895,1.119816988648381e-05
322,0.812797277020362,-0.008824343868519059,-0.4531068787456454,55514.01392773438,1.3778594077160884e-06,9.874589920043945,1.0054814083559904e-05
323,0.9974639871239385,0.004543259492590527,0.23328444116544822,52506.295234375,1.4431787327991766e-06,65.3198013305664,7.639366231160238e-05
324,0.6221533335158631,0.02611135787727646,1.340749640298053,45069.05668164063,1.5058141744556563e-06,9.875656127929688,3.1761854188516736e-05
325,0.9992619764509139,0.0001147532115253198,0.005892275989580468,20437.107118164062,2.2459754051348678e-06,9.387383460998535,1.8126580471289344e-05
326,0.9904105699974753,0.002199475066619773,0.1129372673100747,24586.194158447266,2.031333107064789e-06,11.006377220153809,1.8887119949795306e-05
327,0.9343109809689071,0.006968472974988625,0.35781278317867476,24404.54012768555,2.066271419120764e-06,9.072132110595703,1.6403671907028183e-05
328,0.7672182493791767,0.0077349688271422185,0.39717033183221384,22828.452242675783,2.1086707209895936e-06,3.4350407123565674,9.30069109017495e-06
329,0.49971517161398615,0.01604410885981374,0.8238228468929317,26131.913458007813,1.9744782651097985e-06,2.9005112648010254,1.2377319762890693e-05
330,0.7641831617770781,-0.012350840944142762,-0.634183240529546,31107.32078125,1.8267356198882768e-06,4.309159278869629,1.1704510143317748e-05
331,0.573422112887011,0.019717826889297355,1.01245861795228,35716.26018310547,1.6876133141231859e-06,5.440970420837402,1.3991030755278189e-05
332,0.9101285375366497,0.011406397227823743,0.5856885364667422,36759.98733056641,1.69950734618886e-06,8.267967224121094,1.7699665477266535e-05
333,0.7595726707486287,-0.020244082319047407,-1.0394804519548813,44764.415803222655,1.5456382242645672e-06,8.836820602416992,1.817611700971611e-05
334,0.3125707639981085,-0.030019198154451948,-1.5414069738075036,49938.51502246094,1.4470594468264673e-06,17.64274024963379,2.9200195058365352e-05
335,0.645320638604428,-0.021420258116380715,-1.0998739896871441,44886.073494140626,1.512746622198874e-06,14.381160736083984,3.570207627490163e-05
336,0.7191955179309024,-0.03708969232181657,-1.9044582772356333,72175.66946972656,1.2324279874984264e-06,50.90562057495117,5.194557161303237e-05
337,0.9621001139314551,-0.014127455652932663,-0.7254077391922997,31155.339548828124,1.8083126693070236e-06,44.25808334350586,7.47231679270044e-05
338,0.35675870498098433,0.07123243456667772,3.6575984087729627,22952.60996533203,2.0829234060469646e-06,32.39939498901367,0.00012574688298627734
339,0.820735233617948,0.03297326294469994,1.6930904413451653,20626.194658691405,2.194248901819526e-06,14.027946472167969,5.414335828390904e-05
340,0.6908469950710402,-0.0070411201529821145,-0.3615430249463081,28420.39839453125,1.9077926884713763e-06,6.578213691711426,1.21310886243009e-05
341,0.9939752730158757,0.0012919031675776686,0.06633583421324327,31078.64527050781,1.8312095825229452e-06,7.270648956298828,1.1952881322940812e-05
342,0.7074520361615472,0.02264058928826649,1.1625347899197596,37679.933283447266,1.6675027044011385e-06,6.864789962768555,2.1569136151811108e-05
343,0.9320283858403752,-0.005418216445634218,-0.27821118245493526,42603.93263037109,1.5628100156133335e-06,5.490747928619385,7.242834726639558e-06
344,0.8411543709196404,0.011600581143993502,0.5956593704991939,45878.873177246096,1.5312115180962286e-06,5.335996627807617,1.1389501196390484e-05
345,0.7452906130780024,0.017007204100136075,0.8732752577213505,57294.82000585937,1.3999695109319015e-06,9.4498872756958,2.0882380340481177e-05
346,0.9657686847370184,-0.006002748105503198,-0.308225347799978,69741.7663359375,1.2373595446486318e-06,34.082515716552734,3.4760629205266014e-05
347,0.9542838314310538,-0.007139457513819541,-0.366592390122578,58833.6046875,1.3233153795762607e-06,23.656414031982422,2.6486546630621888e-05
348,0.9829896199609647,0.004359677138416343,0.22385796949434797,29153.524835449218,1.8613283192246723e-06,17.934551239013672,3.214821481378749e-05
349,0.627395050106037,-0.014428830556079728,-0.7408825488474854,25335.92148388672,1.977423530113422e-06,9.871935844421387,2.2224357962841168e-05
350,0.6808556894261636,0.005626682705703181,0.2889153773311803,23903.604849121093,2.0822546455281175e-06,2.6035211086273193,6.591247256437782e-06
351,0.8947673565099072,0.01453923083710355,0.7465513132896558,21875.24005395508,2.1843372661361113e-06,10.82956314086914,3.391139398445375e-05
352,0.5875942459706847,0.01282750069010979,0.6586584664428646,37478.739731933594,1.6711894953174304e-06,7.140030860900879,1.5552908735116944e-05
353,0.8074738218987886,0.012639442020566553,0.6490021477355005,46469.51861865234,1.4898773008999483e-06,10.217994689941406,1.855693517427426e-05
354,0.786512766382177,-0.007063389537322619,-0.36268649933720426,53231.95061962891,1.4069799325415275e-06,9.190900802612305,9.782014785741922e-06
355,0.938946679376436,0.01931429410339134,0.9917382693555185,37630.567935546875,1.663801279283691e-06,19.105066299438477,5.555388270295225e-05
356,0.9859916249167112,0.01607315564612301,0.8253143230727235,34356.57034277344,1.71867455736364e-06,93.93280029296875,0.0001491535804234445
357,0.6744210772873034,0.037925156710358336,1.9473571790730608,32582.42243457031,1.7669959320361493e-06,9.591118812561035,5.020041862735525e-05
358,0.6114788687960163,0.016985161085670736,0.8721434068289384,25275.045518066407,2.0101862806193997e-06,6.405980587005615,2.761648102023173e-05
359,0.8751713866173293,-0.007746877880590791,-0.397781830445289,25180.899842285155,2.014643248778975e-06,6.692110061645508,1.597440495970659e-05
360,0.9926469127820751,0.0007461186744998703,0.038311234105750124,27144.84066503906,1.9529677333465804e-06,3.619830846786499,6.1621044551429804e-06
361,0.9990246736778382,-3.591548462671623e-05,-0.0018441657963834202,25359.83151464844,2.0017106741488785e-06,1.4452919960021973,2.5805811674217694e-06
362,0.9712198211715688,0.0009111128815208374,0.046783253246016225,24863.562826171874,2.024087383160034e-06,1.288187861442566,2.492753537808312e-06
363,0.7687059444002913,0.006119227609509589,0.3142062643740093,28501.673212646485,1.894888287415258e-06,2.1537797451019287,6.359960934787523e-06
364,0.8788950587233447,-0.0028921262511680777,-0.14850308624986036,31644.457224365233,1.813026906502122e-06,2.189091682434082,3.517887762427563e-06
365,0.5255373505086104,0.022117767672272165,1.1356892732339168,45618.43874072265,1.5251848319568416e-06,3.39619779586792,1.4678123079647776e-05
366,0.8715899472267792,-0.014554593739852364,-0.7473401579920731,52916.799556640624,1.413728261097048e-06,12.883650779724121,1.725073525449261e-05
367,0.5124745784827351,0.04064159792258557,2.0868393000451766,63041.243814453126,1.300131951180571e-06,19.009540557861328,4.057653131894767e-05
368,0.9890384968020988,-0.0031143543631454765,-0.15991391607334904,40173.54060351563,1.5986409629530113e-06,17.335617065429688,2.3115413569030352e-05
369,0.9167234745276502,0.008455082191985215,0.4341462615952267,29824.03775732422,1.8447230300498464e-06,9.523933410644531,2.341736399102956e-05
370,0.9974330741271638,0.00037151984959766924,0.01907656840570321,23576.140052734376,2.0822791660490178e-06,6.349048614501953,1.1286105291219428e-05
371,0.9841283463924871,-0.0009728678674735591,-0.049954209562875496,23339.076405273438,2.1045521830121515e-06,3.340695381164551,5.935464741924079e-06
372,0.7427243882101321,-0.0044014526936771185,-0.22600303452514361,27390.047729492188,1.9368355672320538e-06,3.6296448707580566,5.85590032642358e-06
373,0.391222209173906,-0.006938887764971492,-0.35629366035576193,25750.833079833985,2.0054208527365635e-06,3.170696258544922,6.71368661642191e-06
374,0.9807194890037816,-0.005998308796376122,-0.30799740093703537,32432.384842285155,1.7710741405536278e-06,20.125375747680664,3.1194296752801165e-05
375,0.9186432196510192,-0.01606880046178232,-0.8250906957965908,63384.88215380859,1.3126617638291953e-06,19.986562728881836,2.3266675270861015e-05
376,0.9971181034419503,-0.0006732352964008159,-0.03456886408312277,61895.70441992187,1.3220933803511283e-06,15.156530380249023,1.607849117135629e-05
377,0.8820960058380252,0.017268657026761745,0.8867001787452125,60103.77282421875,1.3366164784567266e-06,23.770606994628906,3.366262899362482e-05
378,0.6518117030125902,-0.0750437055317719,-3.853297161765637,43937.62182763672,1.562013944328436e-06,79.25983428955078,0.00012677523773163557
379,0.7124154467317181,-0.019503852475591145,-1.0014715938550287,24509.716833984374,2.0225123651402593e-06,18.752256393432617,3.943819319829345e-05
380,0.7301730900302753,-0.02464499474836385,-1.2654557453242163,28209.049256347655,1.9063581156736342e-06,22.71918487548828,4.512956729740836e-05
381,0.6412530295069744,-0.022230329495324507,-1.1414690271815295,25442.926376953124,2.01972712345592e-06,12.886292457580566,3.345988079672679e-05
382,0.16245229362000474,0.0387966047731056,1.9921037480626278,33595.16052490234,1.7447623092583594e-06,5.0840864181518555,3.644948446890339e-05
383,0.7720265640218291,0.01570590285954354,0.8064568571447109,27632.222224121095,1.9251673526572975e-06,4.887441158294678,1.817131669668015e-05
384,0.9984153162911643,-0.0003059510018634013,-0.01570978030423175,29100.896841064452,1.890679026957575e-06,3.9294402599334717,6.174433565320214e-06
385,0.956199797218458,0.002766579529142831,0.14205659184742117,33514.07203564453,1.760033070679354e-06,3.9880566596984863,6.565256171597866e-06
386,0.009248216241017716,-0.008104184206585286,-0.41612857174862966,34786.77668115235,1.7276041742406153e-06,2.6057851314544678,5.02905277244281e-06
387,0.7036104121074236,0.010977360312891806,0.563658617836192,41010.9085546875,1.5888608361986112e-06,2.8116402626037598,8.398790669161826e-06
388,0.8363634716700087,0.011894532353900039,0.6107529930062924,54773.79285449219,1.3963935118119808e-06,9.332599639892578,1.4678390471090097e-05
389,0.9458529438225683,0.012322067398792588,0.6327057945552822,49591.91784399414,1.4999921120290878e-06,19.533645629882812,2.748973565758206e-05
390,0.8996973810811513,0.013451730536222452,0.6907110293763001,51947.270198242186,1.4413645106486177e-06,14.697973251342773,2.7910491553484462e-05
391,0.15070634195860608,-0.11074773683438655,-5.686605385380857,29877.181329101564,1.8546450806126742e-06,91.28238677978516,0.00022510862618219107
392,0.9823403821064,-0.036755740807053974,-1.8873107441429717,32531.448078125,1.7478178650158435e-06,142.57708740234375,0.00023003961541689932
393,0.21462466549745726,-0.031451381414383674,-1.6149458222894286,28402.28138769531,1.8942334686153583e-06,10.529921531677246,3.874841422657482e-05
394,0.22281487824644583,-0.023220405025030928,-1.1923068050006986,25094.74167944336,2.0023837627300254e-06,7.014711856842041,2.051826231763698e-05
395,0.8626543806081927,-0.006382196954565666,-0.32770904950109686,25857.730906005858,2.0051364369464447e-06,7.757176399230957,1.2385583431751002e-05
396,0.7937439665168144,0.015756759039461648,0.8090681883995849,31726.490817871094,1.8009508711272931e-06,9.995707511901855,1.906534998852294e-05
397,0.8141213736979058,-0.016759569394470604,-0.8605598660474755,36749.7592421875,1.7013199570829127e-06,13.163724899291992,2.4959712391137145e-05
398,0.7251574169109997,0.02530460591776489,1.299325046272393,47671.09365234375,1.4934883336175674e-06,20.02408790588379,4.2690862755989656e-05
399,0.4458546237020255,0.09632072957305976,4.945816457929688,47967.31351367188,1.4719481772269805e-06,69.77532958984375,0.0001341246534138918
400,0.6518701230139631,-0.031331483602106004,-1.6087893845645367,49423.93766015625,1.4403443322459795e-06,58.90175247192383,6.324171408778057e-05
401,0.8604629958900559,-0.11931777953256639,-6.126654567002434,37178.52300585937,1.64183966687739e-06,113.18267822265625,0.0003034509136341512
402,0.9064493417854257,0.0501265736799227,2.573867890999939,32032.549895019532,1.776561078407003e-06,94.39603424072266,0.0001630080514587462
403,0.8207581980723545,0.02832856470054761,1.4545973867361732,24416.30783642578,2.044972945627548e-06,11.835062980651855,4.7553152398904786e-05
404,0.5914261006907603,0.044163328196787345,2.267670899097017,28372.069123291014,1.8986673544268782e-06,16.430810928344727,5.0676753744482994e-05
405,0.8810039002030415,0.011262976957975538,0.5783242823320397,26192.972038085936,1.995346766410097e-06,9.211495399475098,1.9501216229400598e-05
406,0.977479480301879,0.0038619433209893927,0.19830064536682288,30026.877045410158,1.8301642464933674e-06,10.52398681640625,1.753158176143188e-05
407,0.9520116698569641,-0.0073815356238132995,-0.3790224652042197,32457.868038085937,1.7587624091638785e-06,9.837227821350098,1.549269654788077e-05
408,0.9991500398514735,-0.0005015274266935328,-0.02575211599869118,33065.218579101565,1.7593379331224205e-06,10.485140800476074,1.558447183924727e-05
409,0.6682727100244163,0.018208321734910462,0.9349494932914916,34653.50696875,1.7056133152558731e-06,6.020997524261475,1.2713687283394393e-05
410,0.8442529280445786,-0.010433932313318817,-0.5357550174803695,38104.28254199219,1.6388246001616647e-06,6.307651042938232,1.0691492207115516e-05
411,0.5542158596070882,0.054944019950314456,2.8212311029991093,49746.26738720703,1.4429493390247108e-06,12.579340934753418,3.889178697136231e-05
412,0.9961594204416104,0.0018323188671399873,0.09408476087592568,47373.43147802734,1.4788630633600386e-06,11.159567832946777,1.4391202967090067e-05
413,0.9958133256794149,-0.004444142140817433,-0.22819502550343396,46843.79556689453,1.4749392100682327e-06,31.759681701660156,3.8608450267929584e-05
414,0.9347441042524732,-0.01340993636836469,-0.688565008637539,38059.02999804688,1.6357007702294607e-06,36.641448974609375,5.42932357348036e-05
415,0.368478833296108,0.023613369754197044,1.2124845116429792,52050.47519921875,1.3987297868482318e-06,6.837024688720703,2.7865800802828744e-05
416,0.9711669785011888,0.0041250235137186295,0.21180912223076362,32740.433606445313,1.7652229759220757e-06,7.741330146789551,1.457121834391728e-05
417,0.9645451728665152,-0.0018741378424125118,-0.09623205541027328,23860.067912597657,2.0554313263811053e-06,5.1535491943359375,8.941508895077277e-06
418,0.7953865952192769,0.016381077143317747,0.8411252831363195,25727.874029541017,1.9902387397168216e-06,5.067202568054199,2.115260031132493e-05
419,0.9724139227517125,-0.0011687814562104523,-0.06001385773831876,25891.35873535156,1.9852019310822376e-06,2.5678603649139404,4.214864929963369e-06
420,0.7872679548437973,-0.014260969617338795,-0.7322633305634427,32199.157525390627,1.8058482461514211e-06,13.618688583374023,2.0711060642497614e-05
421,0.5481759877910986,-0.014636750728921726,-0.751558703579033,49994.10773730469,1.4418190080422875e-06,6.473464012145996,1.261668967345031e-05
422,0.973752550295748,0.004712718736928478,0.24198572824362855,70567.36120117188,1.2276281097046093e-06,15.649600982666016,1.5619598343619145e-05
423,0.9518680153678548,-0.006687047522551089,-0.34336232541620393,47775.91829199219,1.4997327293373614e-06,12.172332763671875,1.6043743016780354e-05
424,0.8640453490499659,-0.015390171885225136,-0.7902449009439669,42078.61307226562,1.6148982347063039e-06,31.005300521850586,4.0585509850643575e-05
425,0.7465633989582062,-0.045708703482318105,-2.347021860771975,31249.54920800781,1.8077637396643419e-06,37.01455307006836,8.59913052408956e-05
426,0.577135780291389,0.02598967536497278,1.3345015629146972,30115.28090673828,1.8301371917867839e-06,12.356646537780762,4.4510536099551246e-05
427,0.9229128882078107,-0.0048704158831179,-0.25008306247738354,22974.47599169922,2.1137109714961583e-06,6.778171539306641,1.195047934743343e-05
428,0.9993927805574258,-0.0002492425957658253,-0.012797952607083605,25691.437025878906,2.0051181122334585e-06,9.438011169433594,1.6276302631013095e-05
429,0.9104898693769005,0.009598706341709826,0.49286835772619086,27739.733770996092,1.9379551798353003e-06,11.928314208984375,2.3644359316676855e-05
430,0.862203253863273,0.011838399667966796,0.6078707270273387,41321.47188574219,1.5805936104675415e-06,14.094096183776855,2.0003000827273354e-05
431,0.6665688985016959,0.02214849226930203,1.1372669005871057,58048.046954589845,1.3699252887429333e-06,19.234268188476562,2.8125195967731997e-05
432,0.8320517069371692,-0.027516272098321838,-1.4128882952607447,59717.55975195312,1.3325426845796714e-06,28.603181838989258,4.2636675061658025e-05
433,0.9828868459928957,-0.0058453814040368875,-0.3001449810347757,47148.24100390625,1.4788352251129174e-06,38.64698791503906,5.119241905049421e-05
434,0.7088581102991836,0.017509085039334193,0.8990455256585806,47464.070616210935,1.4556917657809546e-06,10.451875686645508,2.606288035167381e-05
435,0.4472806705834703,0.021870544462473666,1.1229950107919346,34420.01289013672,1.7224725823816981e-06,5.246544361114502,2.4518320060451515e-05
436,0.9191041189958863,0.010728350045961406,0.5508725947045492,31312.150692871095,1.8037594217824512e-06,9.56541633605957,2.46186027652584e-05
437,0.7308877220840551,0.011198430504194818,0.5750099914745609,24903.372610351562,2.0183081423123878e-06,3.865232467651367,1.1829733921331353e-05
438,0.9634488942527698,0.0014046179561516543,0.072123442538598,27412.896593017576,1.9317495260568503e-06,2.2140953540802,4.063489996042335e-06
439,0.7385411271923618,0.006514573707684322,0.3345062480597409,35154.91115869141,1.710277674705076e-06,3.7004647254943848,7.378914233413525e-06
440,0.46225896436827446,-0.02167608526866456,-1.113010041975774,35701.982510742186,1.7147074388463159e-06,5.779628753662109,1.8537359210313298e-05
441,0.8479232561668756,0.018183094335720996,0.9336541326079184,48864.63187695313,1.4698225736380544e-06,11.891547203063965,1.8938235371024348e-05
442,0.8247848903711303,0.019544856085518692,1.0035770215206319,58700.56597460937,1.3610568308519903e-06,17.51921272277832,2.382170714554377e-05
443,0.9971810294164244,-0.0048780707300647074,-0.25047611876111664,35696.06081689453,1.7202689872124394e-06,39.24113082885742,5.6646425946382806e-05
444,0.7212725096015685,0.025445543788118342,1.3065618357135589,39444.16113964844,1.598007807150484e-06,9.722326278686523,3.878917050315067e-05
445,0.8877719032064193,0.009809267032324044,0.5036800961094945,23058.814103027344,2.078671983095533e-06,10.266825675964355,2.6169322154601105e-05
446,0.8464685382086156,-0.0070993398775323355,-0.3645324548762195,20594.252714111328,2.2049656470033226e-06,6.720875263214111,1.343570420431206e-05
447,0.9929727431267723,0.0008718741229993152,0.0447684460643776,22592.635653320314,2.125990958634006e-06,4.621385097503662,8.628444447822403e-06
448,0.9523959687529324,-0.0031175420535283194,-0.16007759560140214,24343.885857421876,2.0559714839827864e-06,6.034867286682129,9.930598935170565e-06
449,0.8180981698656079,-0.0035054732256922646,-0.17999684231326496,32131.67405859375,1.794990407756724e-06,2.7905495166778564,4.798662303073797e-06
450,0.8031833479153164,0.01979618355396422,1.0164820268634835,27378.694259765623,1.937648867734374e-06,5.1603169441223145,2.0852758098044433e-05
451,0.7599717941995674,0.006239844752193297,0.32039963782578573,61819.19147412109,1.3124969120017669e-06,3.74424409866333,5.236706329014851e-06
452,0.8595667508552013,0.011974789551844502,0.61487398930917,70928.22577685547,1.2519158351492493e-06,9.09616756439209,1.3093502275296487e-05
453,0.95737195996428,0.003585298883925921,0.18409568018551783,41802.84068945312,1.6048350485710016e-06,12.069232940673828,1.755430639605038e-05
454,0.9804609762547902,-0.005880166767952656,-0.30193111810113993,47397.84386572266,1.4771576053815122e-06,19.667774200439453,2.4491115254932083e-05
455,0.7891912818748662,-0.022627465960438315,-1.1618609415068262,33134.64648291015,1.7750485619459952e-06,13.162893295288086,3.332735286676325e-05
456,0.8966361729776693,0.006425503130568749,0.3299327078865288,23369.060444335937,2.0593808769448168e-06,4.836411952972412,1.3557486454374157e-05
457,0.87334070100737,-0.0044814350605350715,-0.23010991897362762,27309.154084472655,1.9335847157228293e-06,5.750667572021484,8.698441888554953e-06
458,0.8049272564179811,0.01998104113101029,1.0259739778794272,25853.56957324219,1.9860015511971113e-06,8.603009223937988,3.37176097673364e-05
459,0.9967409594928172,-0.0016671141757217778,-0.08560193391474051,29942.12147753906,1.832504924047476e-06,15.30216121673584,2.3575721570523456e-05
460,0.8315953063901914,-0.012297793888064098,-0.6314594135386014,40430.75297070313,1.6043397803472068e-06,14.317026138305664,1.9877899831044488e-05
461,0.6372611748014754,0.019331913966834768,0.9926430030612458,57673.1496484375,1.3605871653263578e-06,7.74371337890625,1.8077569620800205e-05
462,0.6983804704077899,0.011319749154293837,0.5812393854894642,40910.15577636719,1.614029464398599e-06,6.460505485534668,1.2428734407876618e-05
463,0.764019017696896,-0.0997307327913957,-5.120911166136261,26826.110515625,1.9654658659785134e-06,114.96415710449219,0.0001830882829381153
464,0.883306300209932,-0.009878665769492234,-0.5072435389734278,31006.036530761718,1.8041746788830126e-06,15.061281204223633,2.3135289666242898e-05
465,-0.11148514326828224,-0.05402516445134879,-2.7740502866848336,19835.23290283203,2.245015093314503e-06,12.886202812194824,5.302273348206654e-05
466,0.9990985718679213,0.0006887788962912773,0.0353669871091263,23371.172322509767,2.0889685925009427e-06,12.908547401428223,2.4131806640070863e-05
467,0.253813922147532,-0.03779925459382613,-1.940892436096204,26534.16644506836,1.9795459784842813e-06,10.094353675842285,2.9671156880795024e-05
468,0.5894592730011624,0.05673619830452812,2.9132547539733475,32160.190397216797,1.79913129384709e-06,18.71035385131836,4.6423803723882884e-05
469,0.43633954040792394,-0.031543545776752877,-1.6196782202089695,35732.39801220703,1.688859788100789e-06,5.996247291564941,1.894047272799071e-05
470,0.7311273064866796,-0.08663179172601608,-4.448314949415686,42728.347828125,1.5512620531793463e-06,29.17063331604004,6.738260708516464e-05
471,0.728665531049234,-0.026818141245026125,-1.3770411097242248,44863.353993652345,1.5344615291662323e-06,13.12024974822998,2.1845391529495828e-05
472,0.9694496302443605,-0.008377621028086441,-0.43016883429625313,50630.595829589845,1.45136353316658e-06,17.13031005859375,1.9665818399516866e-05
473,0.8985216697912892,-0.025032605915446267,-1.2853585606157003,44850.605649414065,1.5218714760830298e-06,31.857177734375,3.8431171560660005e-05
474,0.437345266088522,0.06133084466769687,3.1491777759651027,46334.92276171875,1.5030137100911223e-06,25.592458724975586,7.339333387790248e-05
475,0.8017795279243727,0.018387937026403064,0.9441722667141756,37233.379796875,1.6505884667997158e-06,34.61817169189453,4.758316572406329e-05
476,0.8347092839121223,-0.07877473627669553,-4.044875790219527,47114.77597851562,1.4555302489594513e-06,46.84450149536133,0.00013299385318532586
477,0.9882956865601935,-0.0021453583828955746,-0.11015851774912272,29234.062005859374,1.8551461628182785e-06,9.132919311523438,1.3637233678309713e-05
478,0.9981064812445491,0.0007843256304294632,0.04027306093452891,24617.983049316405,2.05346117622897e-06,8.344491004943848,1.421475644747261e-05
479,0.9334115097551012,0.007678680132952654,0.3942800552390848,25993.70749511719,1.9851321012849797e-06,9.7701416015625,1.9012966731679626e-05
480,0.9400957623241452,0.007403422629372295,0.3801463054490797,29629.78716455078,1.8731089793933854e-06,9.200377464294434,1.5843856090214103e-05
481,0.6563435160624791,-0.02506857295232827,-1.2872053734849802,32833.66711816406,1.7770961910106507e-06,8.678540229797363,2.2210309907677583e-05
482,0.8796798654652912,0.011856260804323997,0.6087878494634367,47048.78836083984,1.4928859047371787e-06,11.575922966003418,1.9553268430172466e-05
483,0.9809056748961932,0.004266228473765445,0.21905962602611878,55009.06878466797,1.3822895758459257e-06,10.992036819458008,1.3954057067167014e-05
484,0.998251285171145,-0.005445154706237105,-0.27959439137816816,55935.644038085935,1.3697774912589818e-06,70.03961944580078,7.532603194704279e-05
485,0.8671844150189896,0.02303567368754116,1.1828213360543773,47985.79137060547,1.5014391557019538e-06,45.63758850097656,5.4029165767133236e-05
486,0.7470126268297933,-0.06556420806076291,-3.366549866424009,47673.842421875,1.4516622805308736e-06,84.69978332519531,0.0001266571052838117
487,0.3609933289636486,-0.035395938807045994,-1.8174884832342857,62640.59457324219,1.2837863241755284e-06,19.43593406677246,3.327401282149367e-05
488,0.1896331414133223,-0.032330534456712454,-1.6600880217418381,42603.52756298828,1.5490129441187748e-06,13.730052947998047,3.061487586819567e-05
489,0.706561360553905,0.06646452286288457,3.412778666656191,39946.14827441406,1.6080384505213098e-06,31.034042358398438,8.524020813638344e-05
490,0.9489589829615381,-0.04472642618031406,-2.29658450146172,29122.761322753908,1.8750771822350951e-06,65.3533706665039,0.00011096269736299291
491,0.9307183946308314,-0.008348886765813295,-0.42869340540480966,36573.92385546875,1.6722607863867088e-06,14.098565101623535,1.8772436305880547e-05
492,0.5502957115665339,-0.05794696291632978,-2.9754243364741266,38042.00435546875,1.6342531359030097e-06,23.898977279663086,4.49467079306487e-05
493,0.6976687989647672,0.08911077573704572,4.575604266835101,52627.04026611328,1.4047885175022552e-06,23.4498233795166,8.527263707946986e-05
494,0.6840176676598577,0.03898114749495976,2.0015795320914975,47018.89168457031,1.4812945030224737e-06,18.466352462768555,4.24035606556572e-05
495,0.7640448271631651,0.0234010406838464,1.2015819716052134,59975.30721484375,1.305105081344092e-06,18.287038803100586,3.058722722926177e-05
496,0.968055452166739,-0.007311656091507687,-0.3754343347728843,74096.15237695312,1.1890409218015342e-06,26.772836685180664,2.6426700060255826e-05
497,0.9796343732994326,-0.006995418846348362,-0.35919638289428063,57989.97632910156,1.356604931704592e-06,28.457921981811523,3.380134148756042e-05
498,0.9619413162848015,-0.0076477327565109094,-0.3926909887482707,42679.72615820313,1.5354653952446857e-06,33.946712493896484,4.514848842518404e-05
499,0.9613438691834201,0.004890893406620493,0.2511345295209335,55881.73438476562,1.3534167464502713e-06,11.909507751464844,1.5865514797042124e-05
500,0.8573811969231994,0.021648692934633906,1.1116035175747399,52445.34753417969,1.379988338851853e-06,15.784418106079102,2.821265661623329e-05
501,0.9952647721936826,0.002772395762174975,0.14235524013612327,44454.968069824215,1.5184595860927515e-06,15.345202445983887,2.060518818325363e-05
502,0.8269594530828182,-0.01555999192563503,-0.7989647139527385,41576.78954882813,1.5659937715855986e-06,13.716876029968262,2.3255353880813345e-05
503,0.9717321447881299,-0.008402301468777204,-0.43143611009761357,45718.495087890624,1.4989149676855073e-06,20.202880859375,2.6681911549530923e-05
504,0.8330872667955352,0.015899778833733388,0.8164118791653653,48632.816111328124,1.4568011820432864e-06,16.321908950805664,2.4726727133383974e-05
505,0.8141199523170476,-0.028717787465517893,-1.474582953346015,54115.279973144534,1.3807692382417432e-06,31.483736038208008,4.560242814477533e-05
506,0.5650723966808492,-0.024509250165590957,-1.2584856175591053,55244.16364550781,1.3614522514616255e-06,17.173917770385742,2.6032652385765687e-05
507,0.9515959647086533,-0.011898385041357349,-0.6109508183873718,44271.8564399414,1.530345996507749e-06,27.097572326660156,3.584085061447695e-05
508,0.9954441809200782,-0.007361076875344076,-0.37797196220931684,41368.238631835935,1.567413813534669e-06,129.72499084472656,0.00016417414008174092
509,0.5198722047561479,-0.004928343642552881,-0.25305750076553213,31197.230541015626,1.7930848229373839e-06,3.405007839202881,6.47277602183749e-06
510,0.6371799222361411,-0.007034809895230132,-0.36121900978589694,22906.625862060548,2.1207950862372843e-06,4.251579761505127,7.945079232740682e-06
511,0.7123107854068249,0.016063621768772705,0.8248247835134194,22651.402896728516,2.1217043676180073e-06,4.149701118469238,1.6103384041343816e-05
512,0.9927547636056547,0.0013903824714681936,0.07139248779244792,27007.176111816407,1.9484458086885984e-06,5.085376262664795,8.485079888487235e-06
513,0.8501520429069831,0.005461813364663832,0.2804497697310849,32642.988283691408,1.7846166439392813e-06,3.8229928016662598,7.5766783993458375e-06
514,0.8931000435337527,-0.00572104746793092,-0.29376076000366685,39715.34303125,1.6073108676474567e-06,5.034671306610107,7.531401024607476e-06
515,0.9990245671632748,-0.00013594263748747747,-0.006980297354475049,58360.81616796875,1.3476049274679273e-06,18.965524673461914,2.1062125597381964e-05
516,0.9733652830558625,0.002712698256158826,0.13928993000962472,46439.35534521484,1.521484223049404e-06,11.562053680419922,1.3419118658930529e-05
517,0.993121625075549,0.010344625501056885,0.5311693472529108,47483.95720019531,1.4716331205284843e-06,68.98892211914062,8.80899460753426e-05
518,0.6168960384688247,0.037742422804781205,1.9379742730087992,38605.025009765624,1.6040912883310867e-06,8.72364330291748,4.582884139381349e-05
519,0.7194433856735977,-0.017854356644919696,-0.9167743156805184,25252.77779638672,2.0014689756316524e-06,9.473981857299805,3.2202660804614425e-05
520,0.22361660147478238,-0.028985215377974934,-1.4883146741978235,25332.86249926758,2.007298874710025e-06,6.005247592926025,2.7806299840449356e-05
521,0.5383112295047479,-0.037143940051343804,-1.9072437556543536,32899.98956445313,1.7911819692127129e-06,10.185348510742188,3.855062459479086e-05
522,0.9169210762007853,0.00789562375670355,0.4054195404729071,29152.580682128908,1.8710039055735991e-06,8.46072006225586,1.6768075511208735e-05
523,0.96387653491286,-0.005350290065416808,-0.2747233412529847,25779.050947753905,1.970271104658824e-06,7.187816143035889,1.3448978279484436e-05
524,0.9082099328799174,0.011439399089472045,0.5873830953763972,26150.65435913086,1.980154063273026e-06,9.880430221557617,1.763151158229448e-05
525,0.9392975318584522,0.008872050228923812,0.45555647504213925,29791.799843505858,1.857914666113276e-06,9.304301261901855,1.6747329937061295e-05
526,0.88360435403686,0.015359453494269553,0.788667592256391,42275.49110498047,1.584063578817306e-06,14.268851280212402,2.2651856852462515e-05
527,0.9823984244897593,-0.0058775149456478425,-0.30179495399132894,49687.14269384766,1.436429558443615e-06,14.904196739196777,1.9162031094310805e-05
528,0.7658539960465687,-0.017601049440740132,-0.9037676561078954,54831.51191455078,1.3842489834038278e-06,11.559499740600586,1.9227218217565678e-05
529,0.9755595412013246,0.008970720574300976,0.4606229380998743,60037.201720703124,1.3247555945614256e-06,31.865495681762695,4.042350337840617e-05
530,0.5067646335845195,0.05471651383059315,2.8095492613417137,38843.52100195312,1.6229437087837152e-06,43.42444610595703,0.0001552848843857646
531,0.8732294764634867,0.014087328383526675,0.7233473093105953,28068.33570654297,1.9042979263525248e-06,14.89303970336914,3.0908577173249796e-05
532,0.9472299123588915,-0.004631687949783772,-0.2378250101673052,18894.77915991211,2.313285957099295e-06,6.170755386352539,1.1804011592175812e-05
533,0.9018035374100067,-0.0028961589875023726,-0.1487101566678384,19100.481223876952,2.3354093430889984e-06,4.830005645751953,8.133647497743368e-06
534,0.522557129300595,-0.009806893052170555,-0.5035581984643461,31302.651947265625,1.8275225819404905e-06,6.020424842834473,1.5493869796046056e-05
535,0.8255044366239572,-0.021804753936884688,-1.1196168401149047,47642.13240039063,1.4740242274383121e-06,13.760208129882812,3.112142439931631e-05
536,0.9379479549527577,-0.014893551948209172,-0.7647447716497165,56069.232583496094,1.3913770178460003e-06,25.50823402404785,3.53463547071442e-05
537,0.9934029549923522,0.006748665316016727,0.3465262372592149,59849.72986816406,1.3248863523333319e-06,57.0655517578125,6.067701178835705e-05
538,0.8722181994582904,0.022988265439868455,1.1803870470636215,47622.27150244141,1.4674850612683263e-06,22.649150848388672,4.7874207666609436e-05
539,0.5970657885280235,-0.0661394124335782,-3.396085100078829,51189.55829589844,1.4233183177390223e-06,69.29663848876953,9.80449840426445e-05
540,0.7361714988110573,0.019520033982400604,1.0023024717257332,26255.145038574217,1.9702228602298167e-06,14.029662132263184,3.855955583276227e-05
541,-0.2233192965193507,0.016243960483649268,0.8340847028266538,19418.809182128905,2.277825802822285e-06,2.1639299392700195,1.8215640011476353e-05
542,0.6486004400267347,0.010515826831728201,0.5399600858883714,19480.521360839844,2.286544431037905e-06,3.1460883617401123,1.538805190648418e-05
543,0.9972525243570874,0.0033386772661030423,0.17143230791128214,26206.495747070312,1.9868292017603685e-06,19.918848037719727,3.60698250005953e-05
544,0.36298197380942426,0.03953412169418557,2.0299733047244906,31998.356596435548,1.8128566590207056e-06,10.018417358398438,4.118415745324455e-05
545,0.9953627372461757,-0.0009355153471986805,-0.048036255760620275,37550.892341796876,1.6767583681543685e-06,5.219365119934082,7.529310551035451e-06
546,0.5112121072931398,0.026107049761392654,1.340528429863547,48646.76244677734,1.4765036630753311e-06,4.566762447357178,1.9220076865167357e-05
547,0.8835688699486152,-0.005633811606258078,-0.28928142764919207,48269.89833154297,1.4847730955102195e-06,7.799225330352783,8.583738235756755e-06
548,0.6382625439927411,0.015726291943511966,0.8075037830504858,57636.283520507815,1.3407729271987818e-06,9.111540794372559,1.4756034943275154e-05
549,0.8059834780902336,-0.03555965665663369,-1.825894964772961,26179.340208984377,1.9790459889665107e-06,53.46649932861328,8.521922427462414e-05
550,0.6791229531977816,-0.01806256617109466,-0.9274653279456693,30091.40778027344,1.8586560144982015e-06,16.209115982055664,2.9875742256990634e-05
551,0.871987133403274,-0.007945240392271832,-0.4079672243813287,22305.81491455078,2.1265992412079443e-06,8.067718505859375,1.5906220141914673e-05
552,0.9816766401560227,-0.002019896887897696,-0.10371639953067306,22449.063201171874,2.1410324511818334e-06,5.025587558746338,8.886182513379026e-06
553,0.9390327088013396,0.0047886234355507505,0.245883235139021,25838.415614990234,1.9979368788989037e-06,6.385285377502441,1.1064126738347113e-05
554,0.8629377650575697,0.010305389159594504,0.5291546641809102,29876.858574707032,1.8504122735026472e-06,6.039694309234619,1.4698246559419204e-05
555,0.41060358959948173,-0.01765691521316368,-0.9066362167792279,37223.55907080078,1.672132656297239e-06,7.096446514129639,1.213615632877918e-05
556,0.7638224952094365,-0.011324667641178097,-0.5814919368715822,56476.63833081054,1.389423533568069e-06,6.57173490524292,1.0118667887581978e-05
557,0.4494484634570949,0.04544701156193616,2.333584668046493,61618.91267822266,1.3255730678004015e-06,8.202256202697754,2.7645703084999695e-05
558,0.9471113212878218,-0.017201539703224425,-0.8832538804786356,41382.546334960934,1.5800291852787389e-06,55.37701416015625,7.225836452562362e-05
559,0.9019699289386838,0.01876171534811435,0.9633648017305848,55754.195444335935,1.373855114630219e-06,28.424049377441406,4.192310370854102e-05
560,0.9535161131417853,0.008206808363290737,0.4213980526325965,31298.650717285156,1.812013692238411e-06,14.595743179321289,2.7690413844538853e-05
561,0.9941657073760858,0.001696865138613913,0.08712956771240159,27511.704713378906,1.9286346790476115e-06,11.813825607299805,2.0641895389417186e-05
562,0.9916339056839911,0.0037447181031666824,0.19228143834709002,26914.063900878908,1.933484852854474e-06,12.462724685668945,2.3036747734295204e-05
563,0.8599988331312665,-0.013182336882522391,-0.6768783728750746,25773.321396728516,2.0009592085753385e-06,10.745139122009277,1.8282955352333374e-05
564,0.9793986475469049,0.00667432556501746,0.34270908631361613,31910.81771875,1.7845720755199171e-06,14.85024356842041,2.4350792955374345e-05
565,0.7487116145805559,0.02823694884979451,1.449893153447344,37554.46495263672,1.6599461369819925e-06,16.049039840698242,2.641841820150148e-05
566,0.7275150631345628,0.033112621347899246,1.7002461292967515,58659.02174267578,1.3274889952611733e-06,15.862302780151367,3.239635771024041e-05
567,0.9448744145755151,-0.02211286969473766,-1.1354377749530367,60669.86374707031,1.3254693024368503e-06,47.988868713378906,5.81152671657037e-05
568,0.9847185132862785,0.008118069885811601,0.4168415649033893,38431.84341113281,1.6481425454099455e-06,47.712890625,6.406883039744571e-05
569,0.812384637198943,-0.016159379666570155,-0.8297417000380617,59009.73645410156,1.3133801798549567e-06,16.22706413269043,2.40864264924312e-05
570,0.9360308659121179,0.004938126002082802,0.25355979923207117,47744.66156689453,1.4594396739008534e-06,10.110248565673828,1.4408109564101323e-05
571,0.3830243402167899,-0.010268707817291368,-0.5272711736045208,36230.69060986328,1.6792453335561853e-06,5.724862098693848,1.0381962965766434e-05
572,0.9130161452391047,0.007508646122463394,0.385549255428773,29642.855826660158,1.8554082475705112e-06,9.765800476074219,1.689578675723169e-05
573,0.853934545619339,0.006410437364985688,0.3291591203970828,24336.782384765625,2.053128353207662e-06,4.398098468780518,9.676482477516402e-06
574,0.9316980090122885,0.004070148094441931,0.20899141359216133,25980.05078857422,1.989997609588766e-06,5.222607135772705,9.40097561397124e-06
575,0.6961771635340535,-0.025834549046749807,-1.326536233944226,39248.916158691405,1.6355382796183348e-06,19.365175247192383,2.7228032195125706e-05
576,0.7715180764654015,0.020858395437906508,1.0710238169921127,50550.56787646485,1.4412557306911099e-06,11.520565032958984,2.1780198949272744e-05
577,0.5805065941118469,-0.024494542683607207,-1.2577304269913807,51536.55144384765,1.4231667342056742e-06,9.4556245803833,2.1556716092163697e-05
578,0.993017815724219,0.0040981265558866905,0.21042803409632896,34775.70742822265,1.7458478506245384e-06,15.941400527954102,2.594442958070431e-05
579,0.9936367174376591,0.008280331524959678,0.425173273861018,43863.163330078125,1.5327951209634528e-06,48.30458450317383,6.402136204997078e-05
580,0.9229876499839329,0.007072554710786129,0.36315710692039554,36980.61382714844,1.6569284968940363e-06,9.914911270141602,1.8451917640049942e-05
581,0.600957011646464,-0.016774977153377363,-0.8613510139957794,24521.205173583985,2.021847184413182e-06,10.721383094787598,2.1945084881735966e-05
582,0.9495019750044842,0.007712102466695475,0.3959962042863393,25365.508784667967,1.9964666405947666e-06,11.394429206848145,2.2028987586963922e-05
583,0.5913667507581265,-0.01717360593870986,-0.8818195550444282,24166.478763916017,2.0665221651791215e-06,5.106969833374023,1.705918475636281e-05
584,0.9757915201423476,0.0022628613363972973,0.1161919857664446,28067.561078857423,1.9175715000402205e-06,3.9272310733795166,6.787856818846194e-06
585,0.8949967851841273,0.008584156789186895,0.4407739031213065,31571.13430810547,1.8158201308315632e-06,6.016737937927246,1.1347910003678408e-05
586,0.6861592273410586,-0.013974893046085637,-0.717574050066883,32469.87692578125,1.7785994324783285e-06,4.8871917724609375,1.0593331353447866e-05
587,0.9362151208301012,-0.009868499361433402,-0.5067215206237093,44451.361667480465,1.5386747457547213e-06,11.486352920532227,1.529453402326908e-05
588,0.9987608315449287,0.00025649083355458967,0.013170130578591469,51331.69486328125,1.4343027701230917e-06,7.905299186706543,9.280088306695689e-06
589,0.9280231550072163,0.01913438975007914,0.982500653367677,56113.68125390625,1.381888930687323e-06,19.43802833557129,2.6197767510893755e-05
590,0.7677931150848092,-0.016245344577681387,-0.8341557724196036,65992.85145410156,1.2615110252128234e-06,22.69647216796875,2.3454091206076555e-05
591,0.9830575146468058,-0.006038753246878255,-0.3100741172348873,46614.86806640625,1.4838819957733941e-06,33.898521423339844,4.039830673718825e-05
592,0.8033597617616719,-0.0051797884140992526,-0.265968529314492,52355.68689746094,1.403182493337929e-06,8.516018867492676,9.58584132604301e-06
593,0.9987438258764214,-0.000498171633920454,-0.025579804854454,25419.762791015626,1.9878764030927024e-06,6.3219804763793945,1.1104826626251452e-05
594,0.9976821848303028,-0.0006863833008319826,-0.03524397957480177,22410.620393554687,2.136634793696078e-06,4.374698162078857,8.248256563092582e-06
595,0.6895493315540422,0.011562981991263694,0.5937287527682076,24049.73450439453,2.0601521820436224e-06,3.3872063159942627,1.1605653526203241e-05
596,0.9525683950408905,0.003559697738204906,0.1827811285992696,29237.250882324217,1.8662088526540602e-06,5.272152900695801,9.56697385845473e-06
597,0.6626666781819572,-0.015258053524802723,-0.7834609701715551,32229.328532226562,1.7723301687596237e-06,7.71806526184082,1.3718226909986697e-05
598,0.8896198554012291,0.008813304201106988,0.45254002082192846,35752.30413330078,1.6945364641262752e-06,7.0405449867248535,1.1972080756095238e-05
599,0.718070018867965,-0.032151197499873205,-1.6508795400725016,65188.099077148436,1.2580046029336732e-06,19.146488189697266,2.6241110390401445e-05
600,0.6411177087341156,0.04658852253347696,2.392198258028403,61329.464659179685,1.2980189362920898e-06,36.1167106628418,3.7692640034947544e-05
601,0.8553730623422168,-0.04704240005921198,-2.4155036767748626,59363.05893359375,1.3171111514655017e-06,55.17366027832031,6.993942224653438e-05
602,0.8625740020014435,-0.03519712443552282,-1.8072798874822529,56714.14838183594,1.3389371117008904e-06,34.44392013549805,5.301497003529221e-05
603,0.9937754200395088,-0.0020735626527756366,-0.10647199559329819,48440.94394091797,1.4429861390229614e-06,16.80791664123535,2.1291940356604755e-05
604,0.9647222753793585,-0.009732343166919538,-0.49973025767687956,34005.97667675781,1.7184796975942934e-06,19.460615158081055,3.0222288842196576e-05
605,0.3752021944472164,-0.016925498302646075,-0.8690798796368459,23312.406463867188,2.0985597570240656e-06,5.299795627593994,1.5605137377860956e-05
606,0.6431842468917572,-0.012602186410145315,-0.6470891699996766,24129.191693359375,2.060100673495586e-06,6.140465259552002,1.5423174772877246e-05
607,0.7817964063297319,-0.007931777514711644,-0.4072759409815516,26892.66360546875,1.9493484679047534e-06,5.8769001960754395,1.1095557965745684e-05
608,0.6585118192037897,0.031075801741525837,1.5956607926232527,40146.962938476565,1.5913923463235254e-06,9.187280654907227,2.6728157536126673e-05
609,0.04727462306839376,-0.0411919724546708,-2.1150995865990456,64777.07243945313,1.2876364184881349e-06,10.133358001708984,2.4490556825185195e-05
610,0.9566916521846371,0.005099370201174617,0.26183926531532065,53646.442952148434,1.4207821784053323e-06,8.887553215026855,1.17117697300273e-05
611,0.9948044477044425,-0.005033478882520617,-0.2584559191791552,45259.000502441406,1.5382683722523351e-06,26.617036819458008,3.338824171805754e-05
612,0.7557614690077521,0.06183122532441375,3.1748710083377136,43507.564192382815,1.5402162045454244e-06,28.20397186279297,8.528892794856802e-05
613,0.9388148274072224,0.0033434874102411085,0.17167929617796687,31290.762494140625,1.8122203203713037e-06,2.9624736309051514,7.174538495746674e-06
614,0.9003987317157904,-0.003712794958895578,-0.1906422687412874,23413.958422607422,2.1004606528897815e-06,4.344911575317383,6.763817964383634e-06
615,0.9456142968073925,0.0031411111646035177,0.16128780754613284,23913.688974609377,2.075392420579482e-06,3.3839633464813232,6.793669854232576e-06
616,0.9886882252003941,-0.001659464852819021,-0.08520916127615935,26767.486837646484,1.9711948806514665e-06,4.5935187339782715,7.835019459889736e-06
617,0.8140091534709571,0.005575026239280481,0.2862629534664078,27458.78896435547,1.9249806128045637e-06,1.3575124740600586,5.174142188479891e-06
618,0.9313611192669257,-0.0024712602520420737,-0.12689272268340124,32164.430493652344,1.7945974479139169e-06,2.654808521270752,3.6250235098123085e-06
619,0.9165707155078013,-0.005500134237006569,-0.28241744586845435,52243.361216796875,1.422409800218341e-06,5.733678340911865,7.89304613135755e-06
620,0.9631582509726453,0.007532903489191921,0.38679480749346107,60380.146724609374,1.3406837736093892e-06,19.990203857421875,2.1170752006582916e-05
621,0.9994792929645024,0.00013216591840042158,0.006786372749662228,37412.95402294922,1.657543231194177e-06,42.52970504760742,5.974547821097076e-05
622,0.6482219207544132,0.02482948550878465,1.2749288612699703,59128.558319335934,1.325079464198879e-06,12.869379043579102,3.0688097467646e-05
623,0.8284578344462388,0.011064592683324447,0.5681377709246527,31701.239361328124,1.7902413899935497e-06,4.327733516693115,1.7333299183519557e-05
624,0.8139908121881124,-0.016522814219239405,-0.848403109684139,24288.525997070312,2.0227879050591034e-06,12.356646537780762,2.8175718398415484e-05
625,0.9702849863841128,-0.0036533364456560425,-0.1875892302661057,21923.123032714844,2.1653554708871883e-06,6.329413890838623,1.1802655535575468e-05
626,0.9903994711273498,0.0014067565455343888,0.07223325348596898,26807.47208911133,1.959744579861723e-06,5.672205448150635,9.310367204307113e-06
627,0.9969655192640772,-0.0011721168331284987,-0.06018512058202636,23052.789521240233,2.1128542323432738e-06,4.926091194152832,8.903683010430541e-06
628,0.9939619803728044,-0.0011213200080463256,-0.05757683704207014,24457.195224121093,2.050314025206613e-06,4.282768726348877,7.076561814756133e-06
629,0.999313598348001,-0.00014334759526265283,-0.007360522485628748,27770.374178222657,1.918729069180684e-06,5.1877217292785645,8.376813639188185e-06
630,0.9880940662015059,-0.004948783850983188,-0.2541070517781358,43911.31118847656,1.530436736166792e-06,21.5465087890625,2.752374166448135e-05
631,0.9282327229761,0.00878111626174904,0.4508872546839536,52674.98044042969,1.429766696036676e-06,13.533185958862305,1.7233827747986652e-05
632,0.7861035900392813,0.020712306246913434,1.0635225207670758,49953.21349169922,1.4725876225772317e-06,14.875991821289062,2.5309263946837746e-05
633,0.8669118078835218,-0.017783620015891243,-0.9131421755838008,53246.95469042969,1.3937334816193866e-06,17.18766212463379,2.6307699954486452e-05
634,0.5509483421090557,-0.05503284025791221,-2.825791792489965,39903.68449707031,1.5949031249643011e-06,33.156185150146484,8.587965567130595e-05
635,0.9408308475428768,0.011876841311977249,0.6098446044726146,39237.25345507813,1.5929119891651867e-06,24.957744598388672,3.736306825885549e-05
636,0.9048622817479486,0.013079781242650535,0.6716124101505397,25011.208966796876,2.0247646888418973e-06,12.827794075012207,3.1685951398685575e-05
637,-0.05111019775679582,-0.008090718634255846,-0.4154371499795299,23424.046759033205,2.0995038737116885e-06,3.4284067153930664,5.628056442219531e-06
638,0.8208665864479066,0.0034324347180204476,0.17624650679455506,23459.28846826172,2.080950955536203e-06,1.960056185722351,5.197135578782763e-06
639,0.9232160885428241,-0.003480357203760508,-0.17870720055932054,28364.81121875,1.9115402233147216e-06,3.828618049621582,6.733800546498969e-06
640,0.7600069444704687,-0.007670455334502428,-0.3938577334427427,28581.446728027342,1.8868104472473882e-06,3.6334593296051025,6.966670753172366e-06
641,0.9177025765063103,0.016847810723560112,0.8650908265127346,42383.88261181641,1.5671692298040876e-06,20.091718673706055,2.8873575502075255e-05
642,0.9733494009406215,0.011525009453586265,0.5917789627009309,52264.51156591797,1.4183420605554642e-06,26.29119110107422,3.024255420314148e-05
643,0.9727858809694596,0.0060699355851158215,0.3116752483967429,57555.91220996094,1.3420564294716756e-06,14.08110523223877,1.6707410395611078e-05
644,0.8398686305504507,-0.030660204374550176,-1.5743209594785985,42283.50933691406,1.5770593487548677e-06,29.522014617919922,6.025873881299049e-05
645,0.7083156718628987,0.0401942615602671,2.063869752858483,45287.66395996094,1.5133344856681e-06,21.981626510620117,7.008857210166752e-05
646,0.9993804380001906,0.0012575225974259733,0.06457048224339251,26933.717615234375,1.939696856952244e-06,21.011112213134766,3.6611309042200446e-05
647,0.7024367075030007,-0.014410809054336785,-0.7399571920700614,25011.213024902343,2.0236257658910877e-06,9.599464416503906,2.5384979380760342e-05
648,-0.38638908281452994,-0.012655452518732051,-0.6498242447615256,20851.35328808594,2.212603137504137e-06,1.7428053617477417,1.2339353816059884e-05
649,0.9217721833108803,0.0017116755044151808,0.0878900410939109,20568.56618725586,2.199121881657045e-06,1.2962334156036377,3.7702336612710496e-06
650,0.5348140083502502,-0.027721427952936306,-1.423422509512343,26100.72215234375,1.9809032006394427e-06,5.439548969268799,3.168144030496478e-05
651,0.9524631401985458,0.010130708939166105,0.5201852936944222,36085.54458105469,1.6792966397869577e-06,12.960335731506348,2.3873320969869383e-05
652,0.9925995849365582,-0.0024475680018849763,-0.12567618787026447,49687.74701953125,1.4605809765347534e-06,10.100587844848633,1.2754318049701396e-05
653,0.9713705190253966,0.009049596914951033,0.4646730310077816,52836.09826953125,1.4227490643547692e-06,18.97850227355957,2.4386798031628132e-05
654,0.976524855609465,0.006961226330180257,0.35744068700252596,62927.03308496094,1.3093476493451884e-06,22.996681213378906,2.5408007786609232e-05
655,0.9797677973592424,0.0074754623284679625,0.38384535477097464,58692.128851074216,1.3575648459062765e-06,31.889854431152344,3.58187680831179e-05
656,0.40839132972932457,0.0961521208706052,4.9371588439431005,54837.29277734375,1.3917408942587968e-06,71.14268493652344,0.00015920969599392265
657,0.3588012771243197,0.033055103697219264,1.69729274901594,24587.42921044922,2.0139480424906255e-06,10.956588745117188,4.899279883829877e-05
658,0.8451529793200655,-0.004410697448696988,-0.22647772841221722,22915.57386791992,2.1474548766626504e-06,5.2050909996032715,1.0760636541817803e-05
659,0.7321544636152392,-0.011837989763509906,-0.6078496795101734,23036.613274658204,2.0942465133208534e-06,4.667405605316162,1.3740277609031182e-05
660,0.9911142627544112,0.0008456184986517932,0.04342028871977715,26975.876688964843,1.962116059586603e-06,2.9546473026275635,4.938072834193008e-06
661,0.9830339359130071,-0.0012078653479165172,-0.06202071291577231,30140.096064941405,1.8633173176683076e-06,2.8656556606292725,4.8487199819646776e-06
662,0.7688328736584967,0.007042487655829772,0.36161324262551575,36167.02494189453,1.7081162460926693e-06,4.5241899490356445,8.444017112196889e-06
663,0.9968828720037329,-0.001187367771056467,-0.060968216184991014,38631.35997119141,1.6324261422376675e-06,6.9748969078063965,9.784660505829379e-06
664,0.9418404803123913,0.006844862844577488,0.35146572766877515,70979.76351855468,1.233995971851154e-06,10.993584632873535,1.2338060514593963e-05
665,0.9929335996350416,0.0019661796743674327,0.10095816171489135,74075.14163964844,1.2021775463058149e-06,16.046785354614258,1.5299165170290507e-05
666,0.9950625470603824,0.002919370503161363,0.14990200702724263,57431.73561328125,1.3766827012207128e-06,26.333280563354492,3.596916576498188e-05
667,0.6466933392343337,-0.04875859170091988,-2.5036256096562175,46760.7363671875,1.476851167883572e-06,54.5313606262207,7.923857629066333e-05
668,0.7589122273157036,0.026672418974968873,1.3695586539254516,26490.322955566407,1.9420406329076075e-06,10.264723777770996,4.903109584120102e-05
669,0.8365542337549068,0.010718262053495206,0.5503546027895382,31758.427897460937,1.8121505444292347e-06,9.880097389221191,2.7625274015008472e-05
670,0.814457485144951,0.02462430366116496,1.264393312345829,25265.00434057617,2.0074019184399333e-06,7.69746208190918,3.883913086610846e-05
671,0.9973765393270108,2.5403863354342083e-05,0.0013044216549211456,27022.5135078125,1.940761998516895e-06,15.668396949768066,2.77133694908116e-05
672,0.4133723421972062,0.02189348184987301,1.1241727853852588,26803.177291503907,1.957787259888149e-06,9.47166633605957,2.9589202313218266e-05
673,0.9978208498190229,-0.0007422636781081771,-0.038113290166955166,38338.770121582034,1.6385804053226107e-06,7.679203987121582,1.0512916560401209e-05
674,0.996977017847824,-0.00036189988536118855,-0.018582608510918648,60305.732327148435,1.3301781022916453e-06,8.946709632873535,1.0179090168094262e-05
675,0.9753343778216222,0.003690137913479689,0.18947888897243953,60925.25563085938,1.3210492436398848e-06,7.285733222961426,9.091671927308198e-06
676,0.9452893807651149,-0.00846778219972374,-0.4347983736334914,49379.872114257814,1.4801442439853288e-06,22.369312286376953,2.759168273769319e-05
677,0.9985081928691512,-0.0026954909061997164,-0.13840637778776818,50309.09675,1.4329570749525498e-06,32.904701232910156,3.9157152059488e-05
678,0.999298898399959,-9.425725855197875e-05,-0.00483986264111622,23398.72537158203,2.0818912450392217e-06,8.928647994995117,1.5497500498895533e-05
679,0.8557092121851717,-0.005426473591274442,-0.27863516519451753,18696.71326464844,2.3385772588090925e-06,6.34666109085083,1.1553567674127407e-05
680,0.9958096885148031,0.000281461402937083,0.014452303726191384,23707.003940429688,2.096638313445872e-06,5.400230884552002,8.951003110269085e-06
681,0.8202949060436634,0.00794088641817573,0.40774365924807704,20919.330779785156,2.226088638287619e-06,4.2769670486450195,1.2031282494717743e-05
682,0.9960527370413409,0.0013835078077878875,0.07103949187014233,29716.34415332031,1.867931153405474e-06,8.411346435546875,1.4970098163757939e-05
683,0.9949666150848069,-0.001774893696088058,-0.09113612918109788,34628.518127685544,1.7270313773938751e-06,8.69053840637207,1.3142113857611548e-05
684,0.9971052743891499,-0.000900539824522065,-0.04624035454137662,48887.80775683594,1.4815298773629458e-06,12.16238784790039,1.4283566088124644e-05
685,0.11965362712267566,-0.015615544298275288,-0.8018171823684064,60594.44108398438,1.3354649029664435e-06,3.736060619354248,1.0677687896532007e-05
686,0.5649214188287853,0.039678320867723785,2.0373775535177288,53968.150548828125,1.424468447252816e-06,33.44389343261719,4.918887134408578e-05
687,0.8257481070538888,-0.022597824968664654,-1.1603389544372376,43411.64568066406,1.5457583287077053e-06,50.85759353637695,3.9717371691949666e-05
688,0.9383036090249315,0.023513043936999573,1.2073330444556991,37690.5761953125,1.6345225404753185e-06,9.299056053161621,3.28333699144423e-05
689,0.9144497978732132,0.008388806703904529,0.4307431893680988,27104.84486328125,1.960141958155266e-06,8.219529151916504,2.492719067959115e-05
690,0.8599165595583182,-0.006049969865635027,-0.31065006114535665,26411.297168457033,1.992425476219584e-06,7.262231826782227,1.1846996130771004e-05
691,0.7037889119417292,-0.015219868007124309,-0.7815002441406623,23928.150454345705,2.0658645814892184e-06,7.887946128845215,1.82053536263993e-05
692,0.9059051191973435,-0.007627844049436975,-0.39166975588168823,31201.346303710936,1.8098762036422704e-06,7.012094020843506,1.1857972822326701e-05
693,0.37497102544757527,0.018067968739368903,0.9277427356356264,39466.92136328125,1.6014921255104197e-06,4.250253677368164,1.0801598364196252e-05
694,0.6742572103174264,-0.0068763943774898025,-0.3530847890599494,30148.211732666015,1.846428445018466e-06,2.993029832839966,5.300822067511035e-06
695,0.9914953249407592,-0.0021044318115349342,-0.10805704581157313,38291.114095703124,1.6442270611850611e-06,5.725843906402588,7.8175589806051e-06
696,0.9728346610136791,0.0063077872231223076,0.3238883052435116,47233.98138769531,1.4933466758160004e-06,11.170074462890625,1.517626969871344e-05
697,0.9118386944077975,0.006676022929500654,0.3427962415213611,55546.543359375,1.381003119515725e-06,9.759326934814453,1.3094850146444514e-05
698,0.940545007594955,-0.04498337419061366,-2.3097781068653016,60770.12776855469,1.3136512306216435e-06,92.15548706054688,0.0001072874219971709
699,0.9881721632428003,0.003960850073221108,0.20337924729556917,67626.95599023438,1.22418705512111e-06,25.416065216064453,2.718373252719175e-05
700,0.7204146921755599,-0.02173046965061854,-1.1158025371376628,39888.93568310547,1.58526044698287e-06,15.483659744262695,2.8624801416299306e-05
701,0.5305932592911002,-0.0209830667250329,-1.0774253601120003,26707.8061315918,1.959409555408583e-06,10.303677558898926,2.548907468735706e-05
702,0.8645919404511716,-0.00865219216083638,-0.4442673407470064,25505.057370605467,2.001901151190666e-06,8.053923606872559,1.3632258742291015e-05
703,0.6462999657891427,0.03667581754364505,1.8832068945013485,35898.480921875,1.6811654920710469e-06,13.074819564819336,3.837832628050819e-05
704,0.9480621787547362,0.0057139102933431475,0.2933942848358003,38336.44301464844,1.6461234645283404e-06,7.46027135848999,1.3642523299495224e-05
705,0.9968946058204499,0.0007556910284571603,0.03880274933775617,45002.065879882815,1.5233921548767327e-06,6.468743324279785,8.50387823447818e-06
706,0.9968782228983649,-0.001870997159427041,-0.09607078958860094,53108.1399296875,1.4085441190139991e-06,16.66459846496582,2.019557541643735e-05
707,0.5486234873038796,0.031029845209656563,1.5933010454257814,39281.7288828125,1.6320457202334415e-06,9.31054401397705,4.131435707677156e-05
708,0.9292658217874209,0.03856900939298501,1.9804173231181885,53010.062231933596,1.4197940896970253e-06,51.750152587890625,9.651057189330459e-05
709,0.9132276329721264,-0.0036332264815398265,-0.1865566364315779,39618.875397460935,1.6041876900765636e-06,6.1662278175354,9.508063158136792e-06
710,0.999100168157871,0.00046122044297035634,0.023682458258854597,21838.146501953124,2.147748978280552e-06,5.970321178436279,1.1015462405339349e-05
711,0.7153742074032889,0.010542392302448146,0.5413241530303222,18331.416831787108,2.3601924597849744e-06,4.099477291107178,1.5087445717654191e-05
712,0.9284779590937358,-0.0036886723873332523,-0.18940363805431734,21628.642334960936,2.16809154067803e-06,4.4295268058776855,8.155097020789981e-06
713,0.6269549975016623,-0.008865515995413357,-0.45522095931484763,29568.546918701173,1.8562348562488281e-06,4.223226070404053,7.640265721420292e-06
714,0.9847989078691811,-0.0017846473968641536,-0.09163695609590593,30860.78269604492,1.82791413691156e-06,3.8074023723602295,6.0620754993578885e-06
715,0.9379852356539701,0.006513157987342186,0.33443355453884455,36058.48183789063,1.730801259337941e-06,8.42219352722168,1.4736553566763178e-05
716,0.9797346611901588,0.004529998665319954,0.23260353251731744,50451.54734033203,1.4512072823271323e-06,11.856501579284668,1.4599419046135154e-05
717,0.9967468756428437,-0.0011193262866032799,-0.05747446468287757,57074.92159667969,1.382372510017545e-06,17.455684661865234,1.8832804926205426e-05
718,0.8464860427262594,0.012228214099132075,0.6278866741421639,63424.810890625,1.2817889105136278e-06,15.601330757141113,2.2543272280017845e-05
719,0.6357550820371595,0.03095182706566552,1.5892950186620896,52288.80618847656,1.4131280238722122e-06,33.464759826660156,7.362711039604619e-05
720,0.6788545001729952,0.027642144037192798,1.4193514886939642,43062.369620117184,1.5347755757221076e-06,15.32652473449707,4.9617541662883013e-05
721,0.8477968563203422,0.015367264850900121,0.7890686849012813,27978.777088378905,1.9020707032449718e-06,9.70456314086914,3.954916974180378e-05
722,0.5947268135348874,0.015117221387698714,0.7762296098550189,24606.92316894531,2.034787201025055e-06,6.283609390258789,2.547123222029768e-05
723,0.9563325882782566,-0.002241095343930906,-0.1150743592260248,26333.773234375,1.956772552679832e-06,4.615555286407471,7.81166545493761e-06
724,0.6343077715138187,-0.007192552055697275,-0.36931865538457387,29496.53658569336,1.8503807651266802e-06,3.8728291988372803,7.340399406530196e-06
725,0.968291390607747,0.0026224792013595085,0.1346574185240584,40854.810139648434,1.5890229357791255e-06,4.820643901824951,7.269551133504137e-06
726,0.8365353210975651,-0.010674982387059216,-0.548132305600744,44745.08676757813,1.54736765125818e-06,8.521573066711426,1.0818017472047359e-05
727,0.9812541453027817,-0.003477863482940464,-0.17857915454546738,59294.07806640625,1.3426392132861926e-06,12.664972305297852,1.366909418720752e-05
728,0.6856431246724719,0.019635936477435684,1.0082537604047166,69030.60254296874,1.2524256140621888e-06,8.067028999328613,1.736849117150996e-05
729,0.9977324900634604,0.0005219727498574631,0.026801929639431506,49082.93425732422,1.461166533608092e-06,36.17171096801758,4.4555592467077076e-05
730,0.7292029832930693,0.009451264196662097,0.4852975908642519,30125.086338378907,1.8530708268487697e-06,3.4803638458251953,1.3919565390096977e-05
731,0.956628397990974,-0.0018924840421984173,-0.09717408457931911,20587.050356445314,2.224537088351135e-06,3.7698276042938232,7.807385372871067e-06
732,0.8952472081286807,-0.00615195888233054,-0.3158869292581353,26404.19557910156,1.9648401056275586e-06,6.835409641265869,1.1892254406120628e-05
733,0.6753990662110818,0.010044265699812158,0.5157466604140419,28404.4562890625,1.908922759938134e-06,4.77699089050293,1.1918747986783274e-05
734,0.6888262143744747,-0.032066103570183246,-1.646510190299136,32910.40896435547,1.763549708134248e-06,9.546542167663574,3.7016314308857545e-05
735,0.8533457699595737,0.00715362050765998,0.3673196226543506,31411.050830932618,1.8191965673294817e-06,4.25446891784668,8.059193532972131e-06
736,0.9977453804853523,-8.251011996805025e-05,-0.0042366779310387724,35962.55070288086,1.6906420507883137e-06,4.645997047424316,6.574120106961345e-06
737,0.9330069460111945,0.0038268256493348488,0.1964974451709453,42027.13857617188,1.5745499731878101e-06,2.702322483062744,4.575674665829865e-06
738,0.9766113750721253,-0.0038259378016299,-0.1964518565234056,54798.00325,1.3943807205298275e-06,8.40351676940918,9.723069524625316e-06
739,0.6647871573114155,-0.014134395026266261,-0.725764057785329,52261.40794873047,1.4481578454872322e-06,12.713254928588867,1.9408553271205164e-05
740,0.9520976070309187,-0.018924033036148303,-0.9716993886512796,57842.20706835938,1.337835335486102e-06,73.2901840209961,9.100258466787636e-05
741,0.8529953095780023,0.013249543039745851,0.6803292325180955,53910.11223144531,1.363931051974034e-06,14.465343475341797,2.613323158584535e-05
742,0.5691926073771236,0.008662212894263804,0.4447818790870456,27966.882345214843,1.9296492161993593e-06,5.109222412109375,1.2728656656690873e-05
743,0.9148473672338285,0.0026240523966576204,0.13473819797030462,26965.22408203125,1.952211277516365e-06,2.9347455501556396,6.023346486472292e-06
744,0.9476190485195828,0.002203317656132585,0.11313457418822827,24714.569838867188,2.02446447084661e-06,2.8677139282226562,5.953804247837979e-06
745,0.8722503071955396,-0.004465450928043218,-0.22928917575568958,24139.31694580078,2.0335354235472887e-06,4.286566257476807,7.1154863690026104e-06
746,0.9990796858643727,0.0002753064672510237,0.01413626394588095,27536.32687036133,1.923636248415112e-06,6.52794075012207,1.0963637578242924e-05
747,0.9062293837003123,0.005781949849789779,0.29688793733984137,37295.27137158203,1.6498913111705495e-06,3.897588014602661,7.556711352663115e-06
748,0.8934669683722831,-0.01813147785849597,-0.931003762083407,55871.97455273438,1.374018323806893e-06,19.29104232788086,2.1063115127617493e-05
749,0.9988258568612832,-0.0002845362260194899,-0.01461018781483562,42712.045411132814,1.5688858467639767e-06,10.636164665222168,1.3741209841100499e-05
750,0.6537816795211057,-0.027296243710758162,-1.401590415507885,41935.728875976565,1.5769953391604264e-06,23.580503463745117,2.764250893960707e-05
751,0.8058176838897732,0.023498665923503907,1.2065947712294227,34161.074165527345,1.702980393106829e-06,19.648988723754883,3.654798638308421e-05
752,0.827093854460068,-0.008550058235250228,-0.4390230319433256,22568.80283569336,2.12374431888223e-06,7.126133918762207,1.720554064377211e-05
753,0.748146642049821,0.017602562853049324,0.9038453658546926,19347.593036621092,2.274637018571039e-06,9.26211166381836,2.619616498122923e-05
754,0.6041324738841172,0.010053729749946002,0.5162326145291957,25252.39434423828,2.0323060255122103e-06,3.6024322509765625,9.616822353564203e-06
755,0.9176318567635167,0.004290572126320296,0.22030960864134158,28321.550762207033,1.8936570624694471e-06,3.6055169105529785,6.763263627362903e-06
756,0.20957637589949335,-0.013539646516977925,-0.6952252840591993,27490.49752368164,1.9363586146842436e-06,2.6441946029663086,7.325910701183602e-06
757,0.9511815587893138,-0.004645877652889095,-0.2385536141496724,30971.808178955078,1.8214076117224016e-06,5.208996295928955,8.437627002422232e-06
758,0.8546480927894927,0.007078726965708961,0.3634740359980219,42364.16503588867,1.5868218433930541e-06,4.987922191619873,8.979070116765797e-06
759,0.8846987777826109,-0.01776379273707088,-0.9121240968966854,52442.213258300784,1.4307393614462067e-06,14.73765754699707,1.9600103769334964e-05
760,0.7972281707048547,0.016520848638814655,0.8483021822923179,40284.092401855465,1.6170744177281633e-06,13.356929779052734,2.5984341846196912e-05
761,0.7778407090317508,0.06102100106959071,3.133268121068487,57022.09068554688,1.3554435213386827e-06,57.9677734375,9.932598914019763e-05
762,0.583994392816612,-0.007873065685747199,-0.4042612427825803,30076.80970703125,1.836354796743274e-06,3.8827149868011475,1.2273897482373286e-05
763,0.8935431523394681,0.004583330672950795,0.2353419910219841,27801.846537597656,1.9295721058111645e-06,4.312557697296143,9.577127457305323e-06
764,0.9975051330141667,0.00037984348189332097,0.019503965060401137,27506.903717041016,1.929898882721878e-06,4.36942720413208,7.690564416407142e-06
765,0.998768075610464,-0.0006850431911217565,-0.03517516846124765,33785.359315917965,1.740532464663903e-06,6.918652534484863,1.0400773135188501e-05
766,0.792997802624771,-0.012735592636080815,-0.6539392292833495,33818.203731933594,1.757749379762004e-06,10.726329803466797,1.8150147298001684e-05
767,0.6767844948193923,0.011264417176302994,0.5783982337601333,40190.942471679686,1.6040439594794246e-06,2.746142864227295,8.716118827578612e-06
768,0.9592494630409436,-0.0015443958181878418,-0.0793006685996655,48163.94745507812,1.479175244296317e-06,2.599801540374756,2.9638176783919334e-06
769,0.9756840298725772,-0.003979897448250186,-0.204357279971575,55281.1512290039,1.3942903959916405e-06,7.839231014251709,8.99267070053611e-06
770,0.8507442135786715,0.013677148092779173,0.7022856288012235,61226.179557617186,1.3076282495476293e-06,13.709293365478516,2.027645859925542e-05
771,0.9652336995066924,0.00810353330941305,0.41609514988854684,49372.75449365234,1.4425520669905802e-06,22.607004165649414,2.7435273295850493e-05
772,0.9939170888301098,0.002712384063820659,0.1392737970583488,50346.69243652344,1.4350545665211713e-06,21.356754302978516,2.6839554266189225e-05
773,0.7069642152287956,-0.003757588129287125,-0.19294228038267888,27762.668357421873,1.9161928212267622e-06,4.020219326019287,5.34661921847146e-06
774,0.9317502640541021,-0.003188120272563626,-0.16370160176106707,26015.837767089844,1.9675387513164984e-06,3.6700611114501953,8.358397280971985e-06
775,0.9668394759378689,0.0019275322016593162,0.0989737155066407,22677.477895263673,2.1274015626378553e-06,3.82004714012146,7.178114174166694e-06
776,0.9993500485474061,0.0003264084842570183,0.016760218289477827,22349.91044262695,2.1258169390434818e-06,3.980257272720337,7.694273335800972e-06
777,0.5752115498790158,-0.007681455954597926,-0.39442258638931926,28964.76719189453,1.8850502642343219e-06,2.6102700233459473,6.480809133790899e-06
778,0.9477817920767355,0.005969268080979122,0.3065062364826424,42150.0312109375,1.5768988862362581e-06,7.332216262817383,1.083599818230141e-05
779,0.9922565983301752,0.0029495985479005803,0.15145413772460056,57913.19757421875,1.3595480739115373e-06,16.983482360839844,1.8658925910131074e-05
780,0.943877277187293,-0.007954554302260042,-0.4084454691943772,73738.26723730468,1.1943504239991505e-06,13.372527122497559,1.4318912690214347e-05
781,0.8921340016663103,0.007508852071491168,0.3855598303703829,58619.96949804688,1.3490484308873374e-06,8.179290771484375,1.3888754438085016e-05
782,0.9422226193806963,0.015546176913641104,0.7982553493747406,45334.68610839844,1.5163376372846978e-06,41.56991958618164,5.562635851674713e-05
783,0.7755453867897034,0.01948185781586338,1.0003422258513774,29456.92385546875,1.8649016538236247e-06,11.534769058227539,4.1903109377017245e-05
784,0.8908779671881892,0.006339236104787451,0.32550312271024356,23470.323319335937,2.043990949098099e-06,4.149197578430176,1.2727898138109595e-05
785,0.25428474765256837,-0.030394858678476702,-1.5606961549687284,33282.37028369141,1.7527672819959112e-06,8.168089866638184,2.5990539143094793e-05
786,0.9981918184823054,0.00017411507314819775,0.008940351658121607,29693.616645507813,1.8478328661587673e-06,4.35400915145874,7.091448878782103e-06
787,0.9051328029476291,0.006330587617477905,0.3250590456038788,31878.70624145508,1.7839124329533809e-06,6.625197410583496,1.1208470823476091e-05
788,0.8628893747502805,0.01183903050633615,0.607903118920582,24849.302365234376,2.017953890062622e-06,6.5697021484375,1.4971526979934424e-05
789,0.9162679083156269,0.007232536909586667,0.37137177260358395,25504.58480566406,2.0023920790764844e-06,5.118957996368408,1.0723410923674237e-05
790,0.9045074251010886,0.006025759883365544,0.30940694214817577,28450.269516845703,1.902590077888868e-06,4.405520439147949,8.556917237001471e-06
791,0.9429472525270269,-0.006133992929655859,-0.31496442477945585,33261.49527099609,1.7588079842753079e-06,6.917426586151123,1.0718893463490531e-05
792,0.9768884112371304,0.003815476976365087,0.1959147206235057,37365.21583740234,1.6870966209310274e-06,8.318697929382324,1.2131275980209466e-05
793,0.9248913150203413,0.012504232370589303,0.6420594873643374,47534.09700878906,1.5051311352888837e-06,12.481903076171875,1.8060301954392344e-05
794,0.9794141351222089,-0.009594924496337776,-0.49267416990010887,46459.15002246094,1.5298675892103414e-06,26.325313568115234,3.429094431339763e-05
795,0.936893638098621,-0.0503302899809581,-2.5843281879565274,42704.36888476562,1.5509128866584212e-06,95.21215057373047,0.00015718162467237562
796,0.8099435522796773,-0.024464306427167293,-1.2561778746447614,63129.123225585936,1.2734472073862676e-06,26.224502563476562,4.00293392885942e-05
797,0.8701590587245904,-0.011049442754097973,-0.5673598618531903,34133.493921875,1.710776846017818e-06,11.159687042236328,2.2954696760280058e-05
798,0.6864290320455414,-0.018213577724621077,-0.935219374557224,25449.83246875,1.973029834956087e-06,24.483539581298828,3.315771391498856e-05
799,0.8330320397804136,0.01511289359453979,0.7760073890441219,25029.82048950195,2.0382625927638122e-06,12.818277359008789,3.892689710482955e-05
800,0.9611199279806824,0.006493165512064484,0.3334069934475666,24425.482274414062,2.034514438097712e-06,11.462544441223145,2.30726545851212e-05
801,0.7052802363169122,0.007435002001485985,0.3817678232575854,29841.13252685547,1.8621820033644545e-06,4.104862689971924,9.905204933602363e-06
802,0.5373053607495867,0.013958565579183868,0.7167356775288323,42686.052350097656,1.5775692627159106e-06,6.947793006896973,1.6696914826752618e-05
803,0.9380711030428186,0.007409189511013846,0.38044241967350617,42522.95160791016,1.5989833864683043e-06,12.719924926757812,1.8137101505999453e-05
804,0.9919229549858618,0.0052167127791204245,0.26786449846910465,46275.83240136719,1.52778586015979e-06,28.910289764404297,3.618654955062084e-05
805,0.30658695570491634,-0.01965813640574381,-1.0093936684107905,28361.613751953126,1.933892464415449e-06,6.30621862411499,1.9327675545355305e-05
806,0.9451772631122781,0.016951208997021135,0.8704000562587277,51298.38085546875,1.4193018650467293e-06,27.33294105529785,4.67662321170792e-05
807,0.9932872036262308,-0.0010308774959796327,-0.052932851612779275,35166.763669433596,1.6958651631959442e-06,6.431422233581543,8.841791895974893e-06
808,0.9933563638185298,-0.0012950953771280447,-0.06649974578867868,22181.30751611328,2.1223985626338024e-06,4.5879693031311035,8.124606210913043e-06
809,0.7235134958663543,0.015747729455213133,0.8086045429664314,18921.98028198242,2.320673640414201e-06,3.234933614730835,1.7137301256298088e-05
810,0.9367163595530089,0.0030862102285647707,0.1584687886888242,18537.94246166992,2.32763065400789e-06,2.395026445388794,6.767773356841644e-06
811,0.9085450744522023,0.005907910952246426,0.30335570908898,30790.200228027345,1.8430078175872694e-06,2.4696156978607178,8.086910384008661e-06
812,0.8496569062144619,-0.006448090296131844,-0.3310924995084889,34391.165984375,1.7391118953816625e-06,4.236740589141846,8.461072866339236e-06
813,0.9991278168016798,-0.0014490364231344636,-0.07440421414418422,50535.367806152346,1.465154013634548e-06,20.44977378845215,2.484568176441826e-05
814,0.5819554721858138,0.0258520750865083,1.3274361500501786,43235.89130371094,1.5423725322968253e-06,16.845849990844727,3.6589695810107514e-05
815,0.9684447182562889,0.008789253573671786,0.4513050842769105,42247.07526660156,1.5722725002307722e-06,31.9346866607666,4.750073640025221e-05
816,-0.5224021248553895,0.0348646636426152,1.7902088990411644,38023.86649902344,1.661277522312571e-06,8.70897102355957,3.09743445541244e-05
817,0.8104859615816511,0.004712918833238632,0.24199600266356203,24145.240078613282,2.0516578489739432e-06,4.294679164886475,1.0507116712688003e-05
818,0.807508424016462,-0.016050960186243073,-0.8241746445087001,21877.75730419922,2.15613694402101e-06,5.127246856689453,2.7345189664629288e-05
819,0.5667210626291567,0.015655036907282552,0.8038450241056987,28824.12458984375,1.874178011955053e-06,5.511185646057129,1.6929872799664736e-05
820,0.8974712908984128,-0.003199515915794293,-0.1642867381080273,27968.402938964842,1.9150740526380013e-06,4.542695045471191,8.463135600322857e-06
821,0.6997188732098167,0.004290391115418153,0.22030031420697785,26998.990299316407,1.942801091047979e-06,1.9034771919250488,4.1777661863307e-06
822,0.7841180812504801,-0.011845145407352433,-0.6082171030257586,27820.87198876953,1.924848305376857e-06,4.955714225769043,1.1963636097789276e-05
823,0.9370273420820668,0.006974127736814753,0.3581031403450843,40642.479034667966,1.6119083832295512e-06,9.193471908569336,1.301336942560738e-05
824,0.9376541962610763,0.006673128087502337,0.3426475989886286,43602.399974609376,1.5571931625225641e-06,7.895997047424316,1.1378583621990401e-05
825,0.8094664153617191,-0.022123195236064354,-1.1359679643780647,48455.44062646484,1.4632425289267236e-06,13.311786651611328,1.9309078197693452e-05
826,0.6671773598204354,-0.016036158282507897,-0.8234146056320573,70617.72465722656,1.2098461846083868e-06,17.43010711669922,2.1591598851955496e-05
827,0.19855687650551104,-0.05570666394782671,-2.860390869034482,55755.42355078125,1.3390139439878923e-06,41.161094665527344,5.9381494793342426e-05
828,0.8917610653818899,-0.01857258801843524,-0.9536536101322929,64731.75887207031,1.2622657077038371e-06,37.48418426513672,4.4360629544826224e-05
829,0.8742638694727894,-0.09990609968806921,-5.129915795644242,30047.8084921875,1.8355057502201775e-06,85.26480865478516,0.000258865300565958
830,0.5239962097500197,-0.025789035499583907,-1.3241992328476848,28540.09830810547,1.8950377015653184e-06,14.052117347717285,3.791990820900537e-05
831,0.9529395317809242,-0.01030862702200881,-0.529320919910992,29934.50528857422,1.8673344428053827e-06,19.0662784576416,2.9398644983302802e-05
832,0.9982075404374733,0.0019347044786708536,0.09934199309176414,25547.245781738282,1.9834382204388872e-06,17.880638122558594,3.080139504163526e-05
833,0.9824496295495344,-0.0031615606456423242,-0.16233783468282656,39562.10027929687,1.6212510489742676e-06,23.60533905029297,3.193014345015399e-05
834,0.5864842753704397,0.0262151037661311,1.3460767191814271,46917.153239257816,1.4982719754528081e-06,16.783626556396484,3.072351319133304e-05
835,0.8402523270663456,0.019373602942370872,0.9947836224505985,53431.51715917969,1.400634264229594e-06,18.94597053527832,3.978930544690229e-05
836,0.4765903110528633,-0.020467028057169753,-1.0509281299959246,53989.45863476562,1.3824371417308984e-06,12.898118019104004,2.7932064767810516e-05
837,0.4063894285990105,0.03139067777995019,1.6118288501114968,58151.908872070315,1.3324454809837743e-06,21.248640060424805,4.1832008719211444e-05
838,0.9982958546657167,0.00031484831541002303,0.01616663398427852,33597.841451660155,1.7346861717481046e-06,8.23245620727539,1.2413573131198063e-05
839,0.914863320812084,-0.009471978520857604,-0.48636121700137874,23966.651275390625,2.05405388069427e-06,13.375917434692383,2.264468275825493e-05
840,0.887504095268683,0.008630071695006923,0.44313151293048814,29801.589888183593,1.8523674976955025e-06,7.494953155517578,1.6007055819500238e-05
841,0.980512416896689,0.0024128144301029594,0.12389168324646005,28910.167990722657,1.8831333277206585e-06,7.601827144622803,1.2626690477191005e-05
842,0.7693316145486653,-0.012646306442341064,-0.6493546177628459,27793.119487060547,1.9452055047946123e-06,7.5287885665893555,1.7966071027331054e-05
843,0.8848244232429667,-0.014960413908595942,-0.7681779576892752,29299.3721328125,1.8804171628972159e-06,10.499284744262695,1.8979975720867515e-05
844,0.9304636641781491,0.007861135408123478,0.4036486543638608,38597.675147949216,1.6469451447361546e-06,8.278846740722656,1.30100970636704e-05
845,0.34697987701653976,-0.030850081828857106,-1.5840706680061767,51859.74771435547,1.4536503673552685e-06,10.418502807617188,2.134138048859313e-05
846,0.839871635622789,-0.02404165439843693,-1.234475803149482,62019.316098632815,1.3302379885277343e-06,20.68798828125,3.104827192146331e-05
847,-0.21526571144972603,0.07238544965638931,3.716802705005078,33814.4629321289,1.7665046030152373e-06,25.740528106689453,0.00010871569975279272
848,0.7543674301047268,0.007444235114980689,0.3822419193829204,33579.18493359375,1.7534111951319625e-06,5.882997512817383,1.1864903171954211e-05
849,0.960495685230015,-0.0028508921969244154,-0.1463858258739328,23454.835919433594,2.093897161766635e-06,8.08111572265625,1.4299972463049926e-05
850,0.779655132122535,-0.016804016740732407,-0.8628421205281807,18110.69196069336,2.3618754422454632e-06,8.74586009979248,2.3443724785465747e-05
851,0.9933177227274227,0.0008374147774498879,0.042999049184772646,21076.228425048826,2.2040376812435205e-06,5.437290668487549,1.0140857739315834e-05
852,0.7696327611148878,-0.013054229457437571,-0.6703003930967247,22625.402969238283,2.1271568841994183e-06,8.210203170776367,1.6878957467270084e-05
853,0.726937510780651,0.03964055556445264,2.035438404392872,38707.331209716795,1.6427491424693322e-06,16.781789779663086,4.25014877691865e-05
854,0.9928303948798983,-0.0012236484755915916,-0.06283113506434812,53429.92634472656,1.4234224363479457e-06,5.910768985748291,7.439219189109281e-06
855,0.8678531580241682,0.009566167616491868,0.4911975796557139,51641.086108398435,1.4571590013583193e-06,8.228509902954102,1.1211734999960754e-05
856,0.6712299703362592,-0.006768115470215379,-0.3475249515875984,51702.734377929686,1.4769218742633886e-06,5.300393581390381,5.2635468819062226e-06
857,0.9197166640683111,0.04343698646568815,2.230375159086798,31764.901434082032,1.8157282856186085e-06,42.37614059448242,0.00010954411118291318
858,0.7213774873948375,-0.027027739755884152,-1.3878034427044055,32457.239352050783,1.761054360826433e-06,26.698129653930664,3.728444062289782e-05
859,0.6543617382063212,0.019026188338460974,0.9769447950937168,21281.148212158205,2.1729556936878216e-06,7.829960346221924,2.7237905669608153e-05
860,0.8954607693930929,0.010334939293695207,0.530671985947648,21887.737434570314,2.1542320137814574e-06,6.377026081085205,1.768758193065878e-05
861,0.8843030488271829,-0.004498115942499723,-0.23096643844684217,21694.74425024414,2.18488999706637e-06,3.179259777069092,7.281455509655643e-06
862,0.46030962124386055,-0.025782932648405376,-1.3238858674700256,25830.14557055664,2.0033381495473054e-06,5.400833606719971,1.9052435163757764e-05
863,0.1759317839051768,-0.03572587741568165,-1.8344299641380295,26421.774542480467,1.989225447782353e-06,4.363476276397705,2.632124778756406e-05
864,0.9875414624040361,0.0015690656991563098,0.08056740218702345,31977.76693774414,1.8282880304936956e-06,4.181149482727051,6.915920039318735e-06
865,0.9828495240431901,0.0018732099626378104,0.09618441122110406,36439.61868676758,1.688572464931204e-06,4.3932576179504395,6.951070645300206e-06
866,0.9151738032177963,0.007104393284867829,0.36479193406911287,47137.186170898436,1.497208500720836e-06,8.127427101135254,1.034455908666132e-05
867,0.9049004563711242,0.010398642387050929,0.533942972462558,49909.62153759765,1.4842693837561803e-06,14.189274787902832,1.8573260604171082e-05
868,0.9363100371037874,0.008332789906232098,0.4278668739469341,36054.21018798828,1.6918251566518696e-06,15.990972518920898,2.8484673748607747e-05
869,0.882343870203698,0.035224048303195345,1.8086623573663179,39785.18276660156,1.5974288430588932e-06,64.31221771240234,0.00011752552381949499
870,0.7934320409334162,-0.026725304856187626,-1.3722742050106977,51663.22838671875,1.4084107351911144e-06,34.2037353515625,4.59015864180401e-05
871,0.9854160729720686,0.0018235938908634161,0.09363675626201771,24551.304119628905,2.044520638414109e-06,6.340485572814941,1.204574709845474e-05
872,0.9249136117721337,-0.006419560922123922,-0.32962759109128487,22949.882111572264,2.114163279117961e-06,6.50397253036499,1.275913200515788e-05
873,0.8380976242069634,-0.010243601288207572,-0.5259820192833843,22919.573993408205,2.1114935789861787e-06,6.647115707397461,1.4715356883243658e-05
874,0.7632605562213518,0.02893845050977018,1.485913421052782,26727.33430029297,1.95031075093521e-06,9.453473091125488,2.7975052944384515e-05
875,0.9835497862412953,0.00462101693015347,0.237277081338855,41498.99037109375,1.584060296698274e-06,11.789072036743164,1.7367359760100953e-05
876,0.9714322513664516,0.005807355069584769,0.29819242864442685,56404.39257373047,1.365756028039896e-06,14.79124641418457,1.8506187188904732e-05
877,0.9517429719149197,0.009948698759453926,0.5108395490523157,68346.14712890625,1.2427288843714713e-06,20.01239776611328,2.2838394215796143e-05
878,0.8512879677170585,0.023873017141799277,1.2258167229805972,46287.942353515624,1.5025936580126916e-06,25.890853881835938,4.8335918108932674e-05
879,0.9970709649593057,-0.003704372560374194,-0.19020980070032734,51451.69632421875,1.415253243171721e-06,36.83537673950195,4.3819312850246206e-05
880,0.9225540812323526,0.010421558179412998,0.5351196382074416,42704.724352539066,1.5422259512908381e-06,12.191324234008789,2.3106462322175503e-05
881,0.7515903411437723,0.028851268192340213,1.4814368380545349,33181.51186083984,1.752557856083094e-06,12.841141700744629,4.353104668552987e-05
882,0.8338250117448018,-0.00945303261398886,-0.4853883944488797,25917.14657397461,1.9828354463841688e-06,7.622985363006592,1.171065650851233e-05
883,0.8795154423610544,-0.013019152157184827,-0.668499265866286,23432.72377294922,2.090996124028046e-06,10.697580337524414,1.9078244804404676e-05
884,0.9663448963456758,-0.0052633006736489425,-0.27025666448072805,38548.908456542966,1.6363018689927854e-06,9.675250053405762,1.4241135431802832e-05
885,0.29618897824391094,0.06483912514170583,3.329318763105631,42020.11803662109,1.5617322155018144e-06,12.096893310546875,4.968214125256054e-05
886,0.8552123198952163,0.012939933814838926,0.6644316120696329,34886.858324707035,1.7035157376919536e-06,9.324563980102539,1.7402644516550936e-05
887,0.9887598690254638,0.0037250193587551176,0.19126995956424536,49957.84051513672,1.4449766840070285e-06,10.623743057250977,1.5144721146498341e-05
888,0.9678518832653181,0.00826453644563563,0.42436223802666084,43676.18113769531,1.540377277336536e-06,21.78926658630371,2.978345764859114e-05
889,0.8587563475035852,-0.04412612419710541,-2.2657605714370908,47807.53394189453,1.486459740092197e-06,73.47757720947266,9.654467430664226e-05
890,0.8540525841258186,-0.022871268633092433,-1.1743795683511689,41305.38066796875,1.5785545979961806e-06,32.114013671875,4.139398515690118e-05
891,-0.231371895361377,-0.03089028714245192,-1.586135105251979,24522.18372753906,2.0236376463707124e-06,7.642420291900635,2.7150119422003627e-05
892,0.43474373768996366,-0.02039475249356222,-1.0472169696508908,20574.123534667968,2.213419219364126e-06,9.66136360168457,1.8721941160038114e-05
893,0.928025949423188,0.012336207759990203,0.6334318649602948,27164.891903808595,1.9342753453491996e-06,13.897004127502441,3.192715666955337e-05
894,0.6462932374445216,0.03871453245197639,1.9878895499519973,35310.950626464844,1.7202713202018626e-06,9.45357894897461,3.894650944857858e-05
895,0.7302531647817365,-0.019549303585049242,-1.003805388939279,39936.08609863281,1.6109596508505143e-06,12.813497543334961,1.5095759408723097e-05
896,0.9570042338940529,-0.004852143135614619,-0.24914480489011334,49146.26103173828,1.4834756307119506e-06,8.072064399719238,8.944156434154138e-06
897,0.7904230647248416,0.019323563429350137,0.9922142248957656,52570.664221435545,1.4361666679545636e-06,8.615118980407715,1.6013067579478957e-05
898,0.9136116221300582,-0.022263161892627947,-1.143154884542208,49244.55741699219,1.4730589181022642e-06,35.517845153808594,4.161303513683379e-05
899,0.9543144004630792,0.0077858182362148445,0.3997813154219574,58858.38902148438,1.3372612219692085e-06,19.795421600341797,2.52628142334288e-05
900,0.503457709438115,0.02465516061583717,1.2659777359162887,69051.74806054687,1.2170776411293276e-06,17.43174171447754,2.765872523013968e-05
901,0.9991710979716446,-0.0001576041539472275,-0.008092559326380947,34593.900303710936,1.7072610622158612e-06,23.523277282714844,3.4879936720244586e-05
902,0.9316225050353854,-0.011597698113829812,-0.5955113344731433,27338.45369482422,1.9314576869080783e-06,21.12889289855957,3.792364805121906e-05
903,0.7011083322470166,0.05578340018115422,2.8643310730527967,26415.598493408204,1.9672028948129963e-06,17.499202728271484,7.364154589595273e-05
904,0.9847221320957944,-0.0017618885017840595,-0.09046834661432963,21038.046698730468,2.2050924770968904e-06,3.8639328479766846,7.000384357525036e-06
905,0.8586399034135694,-0.004410600430728596,-0.22647274679437734,24181.761301269533,2.0684827646877983e-06,3.1822524070739746,5.690397301805206e-06
906,0.7343798002727482,-0.009314258768821623,-0.47826272201678177,26187.102497802734,1.9708643342409856e-06,4.108648300170898,8.234170309151523e-06
907,0.9985920133247526,0.00044375883238822133,0.022785850421872044,27561.500055664063,1.9433292070395465e-06,5.985321044921875,9.601526471669786e-06
908,0.98001785514092,0.0068299997286419365,0.35070254570642917,35742.70772216797,1.6970027624824228e-06,12.310172080993652,1.8928378267446533e-05
909,0.9778272273286882,-0.01150401789564764,-0.5907011013393049,64880.47873779297,1.2789538133467046e-06,27.68579864501953,2.933796713477932e-05
910,0.999655090515964,-0.0021045379065855693,-0.10806249351374338,48252.921866210934,1.4951055940526474e-06,23.947099685668945,2.8717953682644293e-05
911,0.9476904330420137,-0.02407140424559882,-1.2360033796573258,40904.46744042969,1.605583214923148e-06,70.278564453125,0.00010050002310890704
912,0.7140856374523771,0.040003563437251824,2.0540779051483815,44314.4219375,1.5071288857054283e-06,12.877198219299316,4.783690383192152e-05
913,0.9096246731211813,-0.0023998342814887203,-0.1232251867100734,25345.423287597656,2.0019917380339672e-06,3.254122734069824,4.125196483073523e-06
914,0.9489759165385756,-0.0028810181485984885,-0.1479327143605634,22481.001867675783,2.140404961997603e-06,5.299154758453369,9.040401891979855e-06
915,0.8419215159414113,0.00706748067353843,0.3628965684356992,24563.923287597656,2.045263968154551e-06,3.520209312438965,9.326649887952954e-06
916,0.6900545479946509,0.005987989390915703,0.30746752657262366,28510.97712573242,1.9032126385070726e-06,2.138700246810913,5.965884611214278e-06
917,0.9968168628276323,0.0013133485633638436,0.06743699895624522,35386.64954492188,1.7063313898086906e-06,7.546308517456055,1.1480300599941984e-05
918,0.6866957594638583,-0.01645423708455742,-0.844881853949769,39159.03108349609,1.6296078055856865e-06,9.379914283752441,1.5249757780111395e-05
919,0.6603128427427215,0.02619699331203833,1.3451467949344906,60374.415986328124,1.3258116633161366e-06,12.212532043457031,2.0912726540700532e-05
920,0.9582269227869663,-0.01029896581692373,-0.5288248424069589,43889.13478613281,1.566708217218504e-06,18.486879348754883,2.7408284950070083e-05
921,0.9111212448392485,0.02412644818023871,1.2388297411171887,33347.712313476564,1.774154615597294e-06,31.82219696044922,5.936517845839262e-05
922,0.8600000291747667,0.015175826159473998,0.7792388109485339,37857.57979980469,1.6415377777008431e-06,11.721248626708984,2.735321868385654e-05
923,0.6978765238828423,0.011846152196207672,0.608268798988943,22527.136814941405,2.1354192857520533e-06,8.109908103942871,2.1926613044342957e-05
924,0.825075553179004,0.006563842535669638,0.3370360729623632,20781.276791992186,2.2008218034043745e-06,5.001248836517334,1.1629212167463265e-05
925,0.8703180103243804,-0.007623764708050591,-0.3914602924167028,22346.535939208985,2.152770362616001e-06,5.991986274719238,1.2172668903076556e-05
926,0.917933548115088,-0.004424762430910946,-0.22719992830441715,25942.572567382813,1.9993268262674568e-06,4.145951747894287,7.869787623349112e-06
927,0.8621235274616386,0.009083447166549526,0.46641115251291315,24192.591537597655,2.0524768711468555e-06,4.979460716247559,1.2051336852891836e-05
928,0.8643984922425982,0.00977421055546894,0.5018800381058277,29312.950193115234,1.8562307056293406e-06,4.9719696044921875,1.0066454706247896e-05
929,0.8806541520527384,0.0068935078070814886,0.35396351871763937,36259.86264160156,1.6840976594719494e-06,4.09027099609375,8.001318747119512e-06
930,0.7384053122375598,0.03941476275931736,2.0238445369391056,41896.92707470703,1.576080304091294e-06,8.105884552001953,2.857173421944026e-05
931,0.8393588662536384,-0.012243353799102862,-0.6286640579682162,59285.44254394531,1.3415444312131204e-06,10.198912620544434,1.3237909115559887e-05
932,0.7265362165872612,-0.02353709390070498,-1.2085679469199355,54963.673044921874,1.376301487631224e-06,14.906035423278809,2.9525066565838642e-05
933,0.9381442637531519,0.0756267191400729,3.8832333791501297,36242.35646582031,1.6744529648247057e-06,78.89242553710938,0.00021399931574705988
934,0.9968055965102207,-0.0015925147004554362,-0.08177144681024515,33417.138684082034,1.7326268648120975e-06,15.62665843963623,2.2903328499523923e-05
935,0.5526650312892343,0.010697648565989001,0.5492961543515393,24066.213498291014,2.043780581107173e-06,4.114096641540527,1.3256887541501783e-05
936,0.7478036106290972,0.010305729700087064,0.5291721500407053,23669.369725830078,2.0818737039249938e-06,3.745701313018799,1.2225597856740933e-05
937,0.548703342305347,0.014104121258607919,0.7242095793361744,25349.308369628907,2.01701306102812e-06,3.7865443229675293,1.419169257133035e-05
938,0.963110425044326,-0.005815544659045347,-0.29861294255163395,25054.879434814455,2.0272148097113824e-06,8.553194999694824,1.5169251128099859e-05
939,0.9895164581456266,0.0023857278798703496,0.12250086004025323,28724.463203125,1.9131302189482814e-06,7.254900932312012,1.235082709172275e-05
940,0.9710881637690312,-0.0018732013553696815,-0.09618396926049434,32796.340447265626,1.7904285722954766e-06,3.0014593601226807,4.621814241545508e-06
941,0.9915186022306636,0.0018926174555380548,0.0971809350038727,43948.28993847656,1.5596881307784885e-06,6.59707498550415,8.745410923438612e-06
942,0.8259742293391484,0.012869886219877245,0.6608348520623584,50506.94345849609,1.4627727976510256e-06,5.987504482269287,1.3521612345357426e-05
943,0.9549032472043456,0.001711516765140948,0.08788189024913948,64596.66979589844,1.2765028306217932e-06,4.197259426116943,4.792013896803837e-06
944,0.9986584258909925,0.0015440357171705465,0.07928217835830469,37806.46908984375,1.6460707337464794e-06,61.88312530517578,8.889345917850733e-05
945,0.494708648998812,-0.03325528516891902,-1.707571541771078,48359.03390234375,1.455765130250742e-06,20.686767578125,3.5162367566954345e-05
946,0.9819809768028102,-0.001827766663726108,-0.09385101718789503,28586.496540527343,1.8755094370862545e-06,7.219839096069336,1.1052220543206204e-05
947,0.9224520239850601,-0.019884529495560202,-1.0210183589061645,21486.55783496094,2.1501994110463385e-06,18.54795265197754,2.9994509532116354e-05
948,0.9947209051126299,-0.0020076856499732613,-0.1030893845385103,26653.712838867188,1.9515354989761124e-06,9.66573715209961,1.5902756786090322e-05
949,0.8582383772737271,-0.007787548112613802,-0.3998701400311778,25431.63484326172,2.012545207403393e-06,8.316909790039062,1.4168256711855065e-05
950,0.6799340805617425,0.02471540653134519,1.2690712054296878,36364.055915527344,1.6935210572884094e-06,12.515809059143066,2.3771646738168783e-05
951,0.7163460635737433,-0.015580772022982992,-0.8000317173684776,38797.0880649414,1.6452113024652814e-06,7.521515846252441,1.5788125892868266e-05
952,0.9634883034504291,0.006488613194052387,0.33317324387521846,57291.958950195316,1.3677704013208874e-06,17.163150787353516,1.92644729395397e-05
953,0.584315194211333,0.04304803824014388,2.2104036893553487,47627.93062792969,1.5061977499701397e-06,32.73054122924805,6.208987178979442e-05
954,0.8102714740988457,0.028008940557962554,1.4381855265711212,66562.341453125,1.249513398938166e-06,33.47100830078125,6.122155900811777e-05
955,0.9621480770703258,0.005572763011733361,0.2861467426766826,50992.330275390625,1.4183589526882355e-06,15.838359832763672,2.1898900740779936e-05
956,0.9766696542244937,0.005966727716986815,0.30637579546441124,34009.43996582031,1.7297515005667952e-06,18.35564613342285,3.214152457076125e-05
957,0.7910176539063983,0.025171141131685164,1.2924719800791344,35000.13582128906,1.698408327743e-06,14.129745483398438,3.837265103356913e-05
958,0.8853074146525107,0.008534016966037257,0.4381993549048391,29867.64309814453,1.833140229904108e-06,6.306663990020752,1.1274200915067922e-05
959,0.9886064452888655,-0.0025433023798081492,-0.13059189671114224,32362.275873535156,1.78252164225431e-06,7.017933368682861,1.0850531907635741e-05
960,0.8789964883740398,0.007792458304388441,0.40012226548120555,29374.40544140625,1.8499440112998604e-06,4.796328067779541,1.0894957995333243e-05
961,0.8212894658996686,-0.009606407499447156,-0.49326379194737296,34288.52904736328,1.7333788120940944e-06,7.585166931152344,1.2532797882158775e-05
962,0.9848409632450961,-0.006646067348943056,-0.3412581011440477,40164.233081054685,1.5963193129192165e-06,17.102933883666992,2.4226656023529358e-05
963,0.3334012155498515,-0.02695298772955784,-1.383965122503686,43317.20771484375,1.5481274364391417e-06,19.325571060180664,2.9991946576046757e-05
964,0.5300741498074582,-0.05556216385009759,-2.852971168574478,62108.359416992185,1.2757851004312616e-06,25.710193634033203,5.337368565960787e-05
965,0.8856022525485345,0.017549152532957378,0.9011028862108514,54926.2938984375,1.3804932791697852e-06,25.09458351135254,3.936473513022065e-05
966,0.823984281382299,-0.012368691651278896,-0.6350998274525366,44800.72750048828,1.4939205541577436e-06,9.259894371032715,1.775290547811892e-05
967,0.5749957618355739,-0.017152258603333897,-0.8807234254459154,31963.77492578125,1.8067896729304943e-06,12.269923210144043,2.437625516904518e-05
968,0.9854415949783873,-0.004042647948560454,-0.20757935333577682,33162.644248046876,1.7548311456760269e-06,12.560717582702637,1.8259255739394575e-05
969,0.8773363995437681,-0.013271048384242857,-0.6814334754699314,37868.65213671875,1.6300555512124175e-06,17.28046226501465,2.7265798053122126e-05
970,0.7875736453660986,0.0414780098412173,2.1297868550638452,36556.89622412109,1.6734949540152685e-06,15.942020416259766,7.822032057447359e-05
971,0.804815966317853,0.012702379871797788,0.6522338410773794,42056.397226074216,1.56051821584913e-06,9.136619567871094,2.0837436750298366e-05
972,0.9976248003628821,0.0005568747494503956,0.02859405564145113,43297.54991894531,1.5239854249153133e-06,28.742557525634766,3.738211307791062e-05
973,0.9782601817807642,0.01129944999753588,0.5801970771097353,36884.69115234375,1.6981299522130776e-06,39.43742370605469,6.23168598394841e-05
974,0.7969023561301897,-0.004500317317076187,-0.23107947324899328,41054.212869140625,1.567980236490415e-06,4.797274112701416,6.887998097226955e-06
975,0.1833264302331931,-0.007212019943198008,-0.3703182802714391,31481.88890283203,1.7886094421350785e-06,4.1786298751831055,6.99116799296462e-06
976,0.8751963642268517,-0.006668073609712145,-0.3423880648306983,22566.338235595704,2.1214565045149254e-06,7.2228264808654785,1.3644791579281446e-05
977,0.6820626998516943,0.018218333251183837,0.9354635583548809,28165.120273925782,1.924034042497055e-06,8.703048706054688,2.361631595704239e-05
978,0.9813175110394956,-0.0016348201448350976,-0.08394372025543592,23887.0355703125,2.0539482966658494e-06,3.824506998062134,6.525493972731056e-06
979,0.9488857408339538,0.004424226209780212,0.22717239475784595,39520.115549316404,1.6126890910910441e-06,7.268263816833496,1.0930864846159238e-05
980,0.9455320387097721,-0.0033816314927647187,-0.1736378946224981,51946.85768701172,1.4320910846127564e-06,7.966947078704834,1.0149714398721699e-05
981,0.8079536569804152,0.01775613818149994,0.911731055574338,37011.38820703125,1.6825358471396326e-06,17.12643814086914,3.129868855467066e-05
982,0.6347531378858781,0.03321467689951585,1.705486413802961,46415.61051220703,1.4936500074287577e-06,21.664892196655273,4.298691055737436e-05
983,0.9962631153985334,-0.0004583282278548797,-0.02353395060965591,35537.0606640625,1.6877849197958228e-06,4.459567070007324,6.249797479540575e-06
984,0.9965928675072766,0.0019432996701025473,0.09978333359479348,24674.737642089844,2.038329426584576e-06,14.563889503479004,2.5157069103443064e-05
985,0.9119296258885686,-0.00303633824899147,-0.15590799353645698,22499.168217773436,2.1029027620258462e-06,3.5671937465667725,6.073549684515456e-06
986,0.770540729302181,-0.041479704161152334,-2.129873853942039,21365.67227368164,2.1956950587763e-06,27.07862091064453,6.546768418047577e-05
987,0.7931807757256737,0.007992406985965317,0.41038910507500415,27469.93965625,1.946643003116875e-06,6.3467512130737305,1.464273373130709e-05
988,0.2291969736758735,0.031416882158428514,1.6131743761153217,31257.044720703125,1.8184228162001293e-06,6.68189001083374,3.134619691991247e-05
989,0.8022555724706381,0.012898435846369054,0.6623008003914128,45156.56737695313,1.5174473726769032e-06,4.857576370239258,1.5151290426729247e-05
990,0.4095014221538869,0.02532663264843398,1.3004560610346407,63607.8949765625,1.2991216411239072e-06,2.6759371757507324,1.3486371244653128e-05
991,0.7827389950677479,0.014675781625160726,0.753562837578456,48943.34692431641,1.4883497378976073e-06,10.855887413024902,1.7564338122610934e-05
992,0.9779528471224251,0.0036951220288841914,0.1897348102066855,51041.93663964844,1.4380992685394407e-06,16.410781860351562,2.222241528215818e-05
993,0.9952921859456342,-0.0005973330680746045,-0.03067148403094437,33384.76758935547,1.755312914159398e-06,3.6910483837127686,5.793760465166997e-06
994,0.5752221325158529,-0.010692882517110298,-0.549051430260598,20606.706283203126,2.2147687413531305e-06,4.7425150871276855,1.5076386262080632e-05
995,0.9624281869342932,-0.0034658691562043657,-0.17796327737306514,21907.874627441408,2.1526270004453242e-06,5.633382320404053,1.0133977411896922e-05
996,0.6774247851686259,0.014011041945149636,0.7194302010815112,27175.058209228515,1.942942909914353e-06,4.794885635375977,1.6943906302913092e-05
997,0.8466997819269021,0.00664264455814193,0.34108234982705393,25901.982661865233,1.9790112671111937e-06,4.63725471496582,9.69329721556278e-06
998,0.6595822487540582,-0.016157374941081784,-0.8296387626500461,27124.140405517577,1.9453737759449083e-06,5.0296196937561035,1.5169900507316925e-05
999,0.9985523662052664,7.199908706029845e-05,0.0036969640005543925,35356.41563427734,1.731353126683566e-06,7.7246551513671875,1.2479248653107788e-05
