state_idx,cos_sim,mean_A,mean_safe_delta,mean_sigma_i,mean_alpha_i,v_unbiased_norm,v_intentional_norm
0,0.6309363362856986,-0.018757361029614877,-1.0452857428020992,32262.96553857422,1.968358985904755e-06,8.728288650512695,5.945158045506105e-05
1,0.09618552006549586,-0.020747836138299093,-1.156208342693689,40987.41627441406,1.748559878237505e-06,18.39679527282715,3.057325375266373e-05
2,0.9930605057092685,0.0048494728457762586,0.2702450956609819,42754.088737304686,1.7047092439094986e-06,73.61784362792969,0.00011527853348525241
3,0.5819027405833024,0.03381751304186943,1.8845382452190265,80870.57010742188,1.2446839233803158e-06,52.30154037475586,0.00014831266889814287
4,0.26485019348769756,-0.045744743440676534,-2.5492033794724476,42130.9351928711,1.711103467728079e-06,27.464881896972656,8.529508340870962e-05
5,0.6381185087259356,-0.05169005453670573,-2.8805159194076047,38606.394998046875,1.7952831575604853e-06,35.24296569824219,0.00010475493763806298
6,0.9351028810626059,-0.005842340623609569,-0.3255743357933328,39776.10000927735,1.7508512377301116e-06,14.64511489868164,2.6376874302513897e-05
7,0.2576547405011136,-0.014168133336233315,-0.7895432494529268,62204.72993554688,1.417265167590865e-06,9.13489818572998,4.578061998472549e-05
8,0.0500653429053984,-0.010847796806685914,-0.6045118673645179,52720.95942773438,1.5252106447287932e-06,19.878503799438477,3.2260377338388935e-05
9,0.8218586700013932,-0.011075204389534844,-0.6171845404437305,64992.131477539064,1.4030217730070836e-06,33.925079345703125,5.181960659683682e-05
10,0.468451467369562,-0.04914006937927968,-2.7384136735103235,79996.16774707031,1.2671969957043023e-06,94.59814453125,0.00015720546070951968
11,0.8077049975146545,-0.07113637668590067,-3.964195188596758,71929.56160449219,1.3093402307588311e-06,112.04985809326172,0.000268126925220713
12,0.5469244252742474,-0.027443294788455672,-1.529324126810649,61482.66624609375,1.4306662167415333e-06,49.660057067871094,0.00011578245903365314
13,0.5116201976922141,-0.03152572482554443,-1.7568244615868749,61806.50622558594,1.4297218229447554e-06,48.17866897583008,0.00010281516006216407
14,0.6459515044943283,0.056400189182329225,3.142996157644483,57319.54905615234,1.4713904328057816e-06,70.20841217041016,0.00014120085688773543
15,0.8635931395763813,0.0412483967515072,2.298636837544528,26924.2674765625,2.1253410153574517e-06,28.23430061340332,0.00011293096031295136
16,0.8666042775727375,0.012133940456345084,0.6761844026460863,22683.658937011718,2.322957665460494e-06,15.972830772399902,3.299664967926219e-05
17,0.5812136881399912,0.01836650591877775,1.0235046791325173,25739.46568261719,2.1771415037488197e-06,5.441705703735352,2.9330045435926877e-05
18,0.710239551475685,0.0041239771708645795,0.22981561924090071,45128.30567333984,1.6678680485775546e-06,4.072458744049072,1.041130963130854e-05
19,0.9568057085880214,0.015692685728087637,0.8745015160685842,62595.35167431641,1.4227327343366743e-06,32.876068115234375,5.4946438467595726e-05
20,0.9990689000972268,-0.0005868591290950893,-0.03270371987337862,61742.12738574219,1.4252383492371576e-06,60.768123626708984,7.244216976687312e-05
21,0.8484379566787191,0.01887089312563234,1.0516125113240749,74878.76779394531,1.30450896792482e-06,38.31955337524414,6.031075099599548e-05
22,0.5825475614361857,0.039189125221250995,2.183880440429999,37430.92562597656,1.7983588701336994e-06,19.214902877807617,7.02088582329452e-05
23,0.7503214897596973,0.008451316278400529,0.47096392716309254,21494.60996484375,2.4093967151813974e-06,3.868767499923706,1.62237756740069e-05
24,0.9795792452554682,-0.0007838071848642061,-0.043678984167914464,19066.396466796876,2.547288935384319e-06,1.9160577058792114,4.250797246641014e-06
25,0.6052638183499848,-0.01637344268570764,-0.9124378516218656,15071.604885253906,2.881014408117621e-06,2.4301629066467285,2.4218943508458324e-05
26,0.9873083610090899,0.0023470581423105275,0.13079379395701415,15667.557683349609,2.8008152020352584e-06,6.235626697540283,1.733597855491098e-05
27,0.7604799941681696,-0.0284387536187369,-1.5847977577332812,16551.901049072265,2.730444125224547e-06,4.72125768661499,4.459506453713402e-05
28,0.8008122709512001,0.007390636661544553,0.4118557573395302,14562.142494995118,2.9196092695234177e-06,3.331716299057007,1.1702277333824895e-05
29,0.9837270436486297,0.0018458044692575583,0.10286058324884391,22659.198837402342,2.335746317973928e-06,3.502999782562256,7.871492925914936e-06
30,0.6719496493591777,0.015575281540522852,0.8679589686807626,52203.1318515625,1.5946525040145512e-06,4.404581546783447,1.6183123079827055e-05
31,0.9956983492742536,-0.0033382797561635723,-0.18603129881081654,34623.94121484375,1.933895687458038e-06,25.978164672851562,3.6909612390445545e-05
32,0.9834213679158164,0.005350781072688926,0.29818134647546923,55520.43975244141,1.545989881441918e-06,30.348915100097656,4.1750787204364315e-05
33,0.9443289389025309,0.028087105196027515,1.565201553226868,47123.33329296875,1.6255230018212817e-06,46.7335090637207,9.142626367975026e-05
34,0.8907043220356422,0.007549910017959243,0.4207315351424769,25758.10299951172,2.184490996080578e-06,10.735466957092285,2.4808488888083957e-05
35,0.8188237186468542,0.009163556026855557,0.5106546946085534,16643.124431884764,2.7273595458695115e-06,3.2422235012054443,1.4096910490479786e-05
36,0.9087858298022305,0.002063961791143986,0.11501776985391791,12966.618642089843,3.0798124078790562e-06,1.6714333295822144,5.275820967653999e-06
37,0.8023539569866032,-0.008767394834585784,-0.48857794055571646,13755.2645859375,2.9975802130665306e-06,6.664881229400635,1.560382042953279e-05
38,0.9826499666062339,0.0027735383134560912,0.1545601245075868,14499.324413085937,2.896627822009755e-06,4.61253547668457,1.343809981335653e-05
39,0.8896427075258108,-0.0040225517578640615,-0.22416351615455132,16278.426065185547,2.760015791305552e-06,3.364948034286499,7.890980668889824e-06
40,0.30182864937778553,-0.006955763824737248,-0.3876217312668384,24136.8600625,2.284034075936669e-06,1.976226568222046,7.71402210375527e-06
41,0.9166396352359979,0.006530735994708696,0.36393633488717075,47599.398217773436,1.6905513874191806e-06,5.404956817626953,1.2196731404401362e-05
42,0.9322760964797946,0.01631953911409674,0.909433983710915,36083.05556152344,1.91574670498656e-06,25.423673629760742,4.528402496362105e-05
43,0.9938150655166941,-0.004038280891666278,-0.2250400488013413,60387.81726171875,1.4607674629917377e-06,22.793167114257812,2.8729224140988663e-05
44,0.5101115883964978,0.034198558806976705,1.9057726664679908,42405.63673583984,1.7160883872093271e-06,11.671637535095215,3.872130764648318e-05
45,0.7937402266462112,0.009205205760358543,0.5129756966169619,25238.891846191407,2.2025928824174963e-06,5.624694347381592,1.7940838006325066e-05
46,0.9969797154265263,0.0003551842839727173,0.0197932463696721,18552.547272705076,2.6080793384968453e-06,2.108274221420288,4.830789293919224e-06
47,0.9371518086124585,-0.00472602987482389,-0.2633660268313143,15594.143802734376,2.810323179913457e-06,5.495719909667969,1.183062431664439e-05
48,0.6685721883069701,-0.01006095233032161,-0.5606636249786284,17183.153110595704,2.6509679600803643e-06,4.210824966430664,1.4092300261836499e-05
49,0.9953345338576786,-0.0006018294756884615,-0.03353796781658084,18402.09449145508,2.621919452215407e-06,3.6506505012512207,8.074040124483872e-06
50,0.9241971748281227,-0.004944911124200898,-0.2755635555230781,32054.73900341797,1.9984402381327244e-06,6.097225189208984,1.2052762031089514e-05
51,0.8454723576882391,-0.007450800447088757,-0.41520848628487966,48497.22996484375,1.6694833011139096e-06,6.721789836883545,1.1941449884034228e-05
52,0.7501043823947681,0.02846466940354364,1.586241958776767,48844.54446337891,1.645538696704178e-06,16.996715545654297,3.1220777600537986e-05
53,0.8308984651529856,-0.025097077181930244,-1.3985771731352235,68894.651609375,1.3871257019601724e-06,23.82859230041504,2.983103331644088e-05
54,0.9906751391446305,0.0008772821230067835,0.048888033564334306,38455.655006835936,1.8050976274652767e-06,5.116046905517578,8.263088602689095e-06
55,0.6682852261553879,0.014392184267017959,0.8020288674053118,33140.816294921875,1.9701553771091135e-06,8.339426040649414,2.0060533643118106e-05
56,0.6900259219833254,-0.05767124132775781,-3.2138276932681173,39515.75850341797,1.7740773244926265e-06,30.691455841064453,7.670584454899654e-05
57,0.7370947314488219,0.02532493315559194,1.4112748335526357,28529.935537353515,2.1025792886084397e-06,8.122285842895508,3.857853153022006e-05
58,0.6424247124360144,-0.009947262534961613,-0.5543280683934422,17030.501813720704,2.709013477578993e-06,5.894628524780273,1.5241912478813902e-05
59,0.7954810789203749,0.01893925443659011,1.0554220612703917,18508.099129150392,2.57793846525606e-06,9.318991661071777,2.980594217660837e-05
60,0.8084754366486626,0.009370163726473067,0.5221682589325726,19570.238029296874,2.5505369688331774e-06,6.334231376647949,1.635883563722018e-05
61,0.9967158449025825,-0.0015525680568280467,-0.08651948704138354,24552.678086669923,2.248137331552859e-06,6.02439546585083,1.2086703463864978e-05
62,0.06610239241929332,-0.017648370737536688,-0.9834853787005042,49418.26875048828,1.620948359867766e-06,3.475522041320801,1.6169948139577173e-05
63,0.774901346691418,0.029340425485563044,1.6350449511199765,48063.44768310547,1.6425443322256803e-06,23.384782791137695,4.63839023723267e-05
64,0.38929140302400866,-0.02626382722345906,-1.4635962971952814,55188.536799804686,1.5779000127303487e-06,5.899873733520508,2.3752460037940182e-05
65,0.42319732292234674,0.036462797175773096,2.031951188141247,57774.4453125,1.510109200537368e-06,24.370521545410156,4.195211295154877e-05
66,0.9101257494705658,0.003688702938250928,0.2055592247064124,31454.869051757814,1.98553495087358e-06,4.003667831420898,9.641768883739132e-06
67,0.5919419003753109,-0.00377853088538425,-0.21056503934608348,22600.07910986328,2.3735466638906105e-06,2.457587480545044,5.9414674069557805e-06
68,0.905825867860983,0.005861088736958861,0.32661910619347123,16834.305725341797,2.70322175062498e-06,4.69443941116333,1.3451551239995752e-05
69,0.9397569639584169,-0.0030048681683115556,-0.16745137284380654,16699.55650769043,2.737091523569883e-06,3.8086295127868652,7.874585207900964e-06
70,0.9840979001235134,0.002793847209659114,0.15569187217825067,22597.12740576172,2.3373678528380405e-06,7.5441741943359375,1.6987882190733217e-05
71,0.46610971936164325,-0.01711767590458157,-0.9539115094450744,38604.59676416015,1.8205239431435013e-06,5.659177780151367,1.3990264960739296e-05
72,0.5186872466343949,0.008065704410165854,0.4494750520764213,59743.077991210936,1.5171258345700379e-06,4.792408466339111,8.809814062260557e-06
73,0.7231582069783078,-0.024520994131315404,-1.3664739685038838,31495.57845214844,2.02839512325072e-06,13.258935928344727,4.3468797230161726e-05
74,0.9966150331262789,-0.012158593734745413,-0.677558248379743,50465.94034375,1.5939248121810394e-06,143.8581085205078,0.00019159533258061856
75,0.6474828748674902,-0.012567765186574287,-0.7003600212028541,27284.25344921875,2.1478667821583433e-06,12.794920921325684,2.9349283067858778e-05
76,0.999030413766481,-0.0004794290276386275,-0.026716995343050144,14717.596332397461,2.883908638263891e-06,8.039958000183105,1.9770202925428748e-05
77,0.42970179714059425,0.027877566627344103,1.5535246612554372,13949.738642578124,2.9896510634356273e-06,6.347408771514893,3.5711225791601464e-05
78,0.9018201048112576,0.008974900968410892,0.5001415716490731,14574.581625,2.8921266021317606e-06,6.725200653076172,2.2500262275571004e-05
79,0.5336749298637065,-0.013494820688220307,-0.7520217606728615,15149.206557373047,2.860277549977342e-06,6.186883449554443,2.0762636268045753e-05
80,0.6684020089494558,-0.012168672558078096,-0.678119907896625,15385.817515625,2.8278731793284797e-06,4.998886585235596,1.5376503142761067e-05
81,0.8057076235340231,-0.005776334366706424,-0.32189602522674204,21859.874529296874,2.381218507451762e-06,4.560227394104004,9.849822163232602e-06
82,0.4930038019302526,-0.00837769829013983,-0.46686143996240437,44256.63493603516,1.745528976673879e-06,3.901974678039551,7.941835065139458e-06
83,0.6896097430000913,0.030587280401775708,1.7045280551238966,41575.90478955078,1.788096028217976e-06,12.215863227844238,3.9672704588156193e-05
84,0.9825568309109584,0.005865365719537874,0.3268574482984719,58654.55483398437,1.4871655542468384e-06,26.14788246154785,3.314291461720131e-05
85,0.9160778373513481,-0.014328094461922089,-0.7984573543646495,52920.428938476565,1.5578840734904042e-06,22.007516860961914,4.3801777792396024e-05
86,0.6521047277419102,-0.05934451915402712,-3.307073936851355,39503.50207421875,1.7801349145577463e-06,66.64767456054688,9.839402628131211e-05
87,0.9971919589308146,-0.0005980492785803535,-0.03332730992414872,20721.296787353516,2.4480287543753457e-06,4.86704158782959,1.0277274668624159e-05
88,0.9727651468742137,0.0018242319046236064,0.10165841551256455,19536.308725830077,2.487813395806098e-06,3.806577682495117,8.281316695502028e-06
89,0.7158679138102501,0.02383371859090951,1.3281743738738798,19739.66297167969,2.4981341779468707e-06,5.356936931610107,3.1389488867716864e-05
90,0.37892092985660253,-0.014522240508926592,-0.809276471970521,28028.668865234376,2.110249673580829e-06,5.782445430755615,1.7570851923665032e-05
91,0.7068191825642774,0.008952213879546147,0.4988772951605755,38422.06639624023,1.8420622601293466e-06,4.458068370819092,1.4133742297417484e-05
92,0.33191068170845156,-0.012373545542337452,-0.6895368022664415,69938.35886962891,1.3720216007894459e-06,11.886282920837402,9.928433428285643e-06
93,0.9965978683894025,0.001531925187214104,0.08536912813620975,61057.924908203124,1.469403602374887e-06,37.79109573364258,4.420575714902952e-05
94,0.8571864647039412,0.018936305289046593,1.0552577150238278,51927.91190234375,1.6071629512671684e-06,30.02499771118164,5.130556019139476e-05
95,0.9783389068662889,0.004163980686015737,0.23204488294081319,42915.90999853516,1.6999041788051823e-06,17.746931076049805,2.8325795938144438e-05
96,0.8232971754091863,0.006788619741095803,0.37830734384590653,28356.62168017578,2.091781028248318e-06,4.327943801879883,1.3155297892808449e-05
97,0.9989067858971675,-0.000498860306678003,-0.02779983630944197,20514.699926513673,2.452383741538789e-06,2.8280575275421143,5.984528797853272e-06
98,0.5946300842058694,0.005468393982720187,0.3047355252765832,18986.144981933594,2.55846629895202e-06,2.494734764099121,6.286787083809031e-06
99,0.6586544823244711,-0.004304196977023953,-0.23985867346646722,21167.069159179686,2.4354755776979484e-06,2.3976564407348633,5.454497568280203e-06
100,0.8660901361518326,-0.005048585893548561,-0.28134100780521465,26955.984487792968,2.150482597228858e-06,4.987282752990723,9.174964361591265e-06
101,0.9587866223012338,0.011173131145522906,0.622641674936774,54074.00322167969,1.557324400281566e-06,22.35569953918457,2.9633114536409266e-05
102,0.897624179297109,-0.010843024216542542,-0.6042459066877879,51184.61529296875,1.6105749242750017e-06,13.951704025268555,1.8732960597844794e-05
103,0.9905571103707821,0.011808185629986501,0.6580311626938353,59170.15704638672,1.491519121636379e-06,90.36682891845703,0.00011469056335045025
104,0.8651019587456659,0.007657180413259903,0.4267093597765229,37643.62998876953,1.8172353776668655e-06,6.597278594970703,1.4061956790101249e-05
105,0.8993606640296724,0.005649689465779263,0.3148385234209849,29148.880744140624,2.061031749774945e-06,3.2121260166168213,1.1445306881796569e-05
106,0.6453297301390593,-0.009212996789096007,-0.5134098649015182,23271.89137988281,2.3027497038274076e-06,4.417369365692139,1.1774772247008514e-05
107,0.8944563715706968,-0.004965943466675939,-0.27673561846371136,21528.60128173828,2.425894270047776e-06,4.356016159057617,1.067662287823623e-05
108,0.5158024778732556,0.009485466448840315,0.5285936986096392,23336.526154785155,2.3029709796843265e-06,3.171015501022339,9.827990652411245e-06
109,0.864117213860947,0.023398978590436093,1.303947750331092,26375.53493701172,2.188318261201023e-06,12.084416389465332,3.459305298747495e-05
110,0.7748457879760404,0.00965859040355895,0.5382413244840464,26935.82716821289,2.154152849745681e-06,3.9060401916503906,1.073663224815391e-05
111,0.9908034700637812,0.0006102051682650554,0.0340047174847556,41983.18812963867,1.758176841211896e-06,3.2799336910247803,4.811211965716211e-06
112,0.737072548445012,0.009209291696402782,0.5132033923299303,69585.79070605469,1.4088416577329232e-06,5.160643577575684,8.651354619360063e-06
113,0.9501724981291061,0.01642753894690089,0.9154524574864611,48631.07654443359,1.6310004985626552e-06,49.502044677734375,6.256554479477927e-05
114,0.9958708573163765,0.010877106670797745,0.6061452092312759,46419.40861669922,1.6605323215677747e-06,55.933990478515625,8.820107905194163e-05
115,0.8695737490841555,0.007228354505953808,0.402812309101669,33675.76284814453,1.91983321346033e-06,4.93090295791626,1.2168157809355762e-05
116,0.8666519957527885,0.007091917237188951,0.3952091109971172,25289.888689697265,2.22029667548122e-06,6.327662944793701,1.424930178473005e-05
117,0.9414041837558575,0.0025864458071160946,0.1441340774131398,19759.78189428711,2.4901317205419198e-06,3.2863595485687256,7.578082659165375e-06
118,0.7109706728310538,-0.010025180626321385,-0.5586701861293076,15295.987521240235,2.8329978358619624e-06,3.5480549335479736,1.4354781342262868e-05
119,0.4984906025248997,-0.008854826334421962,-0.4934502091070477,16048.927514770508,2.7803833246005495e-06,2.4431920051574707,1.063914896803908e-05
120,0.8893078746254942,-0.002055432670446824,-0.11454247014361721,15816.484912475586,2.800097562348643e-06,1.6359901428222656,4.138484655413777e-06
121,0.9592815703682198,0.0033912200419777398,0.1889814859876826,19192.012243652345,2.5346525926721033e-06,4.460129737854004,1.0417159501230344e-05
122,0.6482507793033556,-0.009190976507019177,-0.5121827473517173,37372.30611230469,1.84779641375054e-06,3.8371741771698,1.2169430192443542e-05
123,0.8831896745826673,0.05544932581031182,3.090007684236456,56614.175615722655,1.5316030275379584e-06,22.693801879882812,8.569162309868261e-05
124,0.901588528928549,-0.017419228807604475,-0.9707160561898304,58418.8168359375,1.4992991638540299e-06,23.64864730834961,2.7089305149274878e-05
125,0.9635395405049223,-0.014485410598846766,-0.8072240627934336,55980.600037109376,1.5488286656213088e-06,32.239227294921875,4.639554026653059e-05
126,0.7945300618925543,0.0321922950683946,1.7939702184088155,30859.55819189453,2.021948699223252e-06,17.143064498901367,5.288104512146674e-05
127,0.9944060498330901,0.001185522194890746,0.06606523413065596,21572.46719140625,2.3861510316881262e-06,7.08850622177124,1.501326642028289e-05
128,0.9985669010978107,-0.00022739046476921666,-0.012671719145200318,15018.831811157226,2.8900733975191825e-06,3.357671022415161,8.339116902789101e-06
129,0.9716257306862092,0.004844326708762972,0.2699583184516505,14064.017653320312,2.965512562430147e-06,5.990097999572754,1.743066604831256e-05
130,0.9123809425497624,0.006819629072186305,0.38003539139116377,14815.23037841797,2.8766342442749577e-06,5.658997535705566,1.7120115444413386e-05
131,0.8532561514355786,-0.004163639520608488,-0.23202587092011515,13154.955749023438,3.0634063304080014e-06,3.4079599380493164,6.384245352819562e-06
132,0.49389248640915495,-0.011738487498063301,-0.6541471161329021,15225.658958496093,2.8668718902805914e-06,4.442121982574463,1.521616468380671e-05
133,0.6027349858021348,-0.005972530223657752,-0.3328293719669511,29666.00403515625,2.0752749350835967e-06,1.4457106590270996,7.144455594243482e-06
134,0.5452350939784357,0.03116495978462146,1.7367202180750714,51136.87819921875,1.616251643495582e-06,8.723784446716309,3.231067967135459e-05
135,0.8962568941292738,0.01133477400662787,0.6316494974056169,66516.77568457031,1.4073605279061856e-06,22.098913192749023,2.992978807014879e-05
136,0.9789333552934351,-0.01244343111582409,-0.6934312943262678,47212.82039306641,1.6564397592250895e-06,53.23094940185547,6.907065107952803e-05
137,0.945034324008882,-0.012216669376326752,-0.6807946119627234,44687.09531982422,1.6862740218457797e-06,24.112638473510742,3.6595625715563074e-05
138,0.8138716416680594,-0.025214523621289182,-1.4051220750759035,39526.65696484375,1.77546397896587e-06,16.42239761352539,4.0965034713735804e-05
139,0.9806160859216286,0.005455741823631216,0.30403046226209596,31381.726229980468,2.0167002595573946e-06,18.016016006469727,3.086565629928373e-05
140,0.9356391585737668,-0.010796890843272348,-0.60167504625222,36228.16800390625,1.8455193311023702e-06,16.14728546142578,2.76182599918684e-05
141,0.7593598740858817,0.009968668329063448,0.5555209425590926,20457.764956542967,2.4690969609150325e-06,4.98975944519043,1.7808666598284617e-05
142,0.9859976704158341,-0.0038129800615527556,-0.2124847780898953,19149.66920629883,2.533684932191558e-06,8.659355163574219,1.8548942534835078e-05
143,0.2908553192972686,-0.009652528663389524,-0.5379035237366134,23763.8985,2.2777864776046888e-06,3.9559409618377686,1.1072585948568303e-05
144,0.7074494120251589,-0.0040286433739591876,-0.2245029817885926,28176.6610871582,2.088697989215627e-06,1.919010043144226,3.79269772565749e-06
145,0.8580889412647797,0.006121659239573784,0.3411398391978702,63646.18830371094,1.446175599341713e-06,7.292759418487549,1.2347722076810896e-05
146,0.6376878659215152,0.010738962539633688,0.5984468933258781,43874.392102050784,1.7158808999269653e-06,9.476497650146484,1.7325111912214197e-05
147,0.8111700523944657,0.028500602810907737,1.5882444088201764,49590.261456054686,1.6238613738114982e-06,24.330793380737305,5.062769560026936e-05
148,0.4051647013013167,0.038917804927720775,2.1687606571026827,42138.24278515625,1.7157360492041103e-06,14.432117462158203,4.413337228470482e-05
149,0.712567045382469,0.005140909977003188,0.2864859238731,25212.346855957032,2.224034096759594e-06,3.9018242359161377,9.847874025581405e-06
150,0.9868505235299231,-0.0010090538197808216,-0.056231234760135536,19710.879529541016,2.487479579133465e-06,2.8584353923797607,5.995752417220501e-06
151,0.7589561549457814,-0.009366515481626772,-0.5219649543036291,17417.848958740233,2.6805400255915977e-06,6.930292129516602,1.5219445231196005e-05
152,0.8895848497468841,-0.006716891169915872,-0.3743101476151803,17771.27690600586,2.636775929924849e-06,6.6055707931518555,1.3823075278196484e-05
153,0.9769611803705179,-0.0041013080887223035,-0.2285523462075396,19793.031627441407,2.49177255860709e-06,6.236322402954102,1.3722689800488297e-05
154,0.8435615521073218,0.011674119893279076,0.6505601222336514,37637.429525878906,1.8288366689215485e-06,7.470963478088379,1.4137162906990852e-05
155,0.9904574674151507,-0.006025586954291205,-0.33578604822878116,69008.56076318359,1.3979802479904755e-06,22.415546417236328,2.4080061848508194e-05
156,0.9613064565821,0.009386702179121645,0.5230898922441174,31428.44468310547,2.01843326534141e-06,20.48793601989746,3.883434692397714e-05
157,0.8441843418514818,-0.04354005135786421,-2.426343175534703,57561.2914375,1.4953808530537504e-06,44.5573844909668,6.294731429079548e-05
158,0.6071954858758846,-0.010160597556327658,-0.5662165241267532,33753.77090478515,1.919747568941938e-06,6.5077948570251465,1.3127718375471886e-05
159,0.9136631720879937,-0.005476350198087669,-0.30517889886613886,25130.978336425782,2.2510390421726733e-06,5.705744743347168,1.3759035937255248e-05
160,0.7188132053728006,0.008218211736780084,0.45797378139826095,21618.15945654297,2.4320819497170558e-06,4.685997009277344,1.3027560271439143e-05
161,0.9832856505190561,-0.002883429907681252,-0.16068401989542924,19786.309936279296,2.5039392413203286e-06,7.5203423500061035,1.723666355246678e-05
162,0.6688186962356877,0.00709324129341988,0.39528289627526325,22729.478013183594,2.33931741122858e-06,3.416490316390991,9.775231774256099e-06
163,0.9988577455233978,-0.0005435812162978358,-0.030291984813538453,23782.572627197267,2.271365749184562e-06,3.5350992679595947,6.888742063893005e-06
164,0.9893524165815936,0.0017043961028364195,0.0949803622998746,57031.96397167969,1.5137607027351306e-06,12.204182624816895,1.4631190424552187e-05
165,0.9823054639151243,-0.0054964698016336175,-0.30630009788257867,57896.44851513672,1.525986107692101e-06,21.159347534179688,2.2686303054797463e-05
166,0.9647230855704033,-0.024949693196141383,-1.3903639506664967,68172.57990185547,1.4027959460668547e-06,63.594398498535156,7.305934559553862e-05
167,0.15208168217283063,0.05803650070260137,3.2341823911569074,53976.3659140625,1.542856010093318e-06,23.308244705200195,7.315784023376182e-05
168,0.8081347173652378,0.013304998356764807,0.74144358944597,35341.642474121094,1.869892860513346e-06,9.100266456604004,2.940999729617033e-05
169,-0.06340100245144965,-0.06764632595438473,-3.7697061948865085,29168.994058837892,2.0872717510061368e-06,18.5234317779541,5.924770812271163e-05
170,0.8031508404581735,-0.026704507061979035,-1.488153928283044,19128.70720703125,2.5380251649338647e-06,15.33243465423584,4.339567749411799e-05
171,0.7546646078899262,-0.007264782188153118,-0.4048423034482163,24718.448375,2.233606514812249e-06,3.420731544494629,1.2265112673048861e-05
172,0.8987494002333097,0.004671124652102588,0.260306340214133,26995.02894628906,2.1279046063155735e-06,7.889529705047607,1.5686988263041712e-05
173,-0.20337276107385083,-0.03531935580389522,-1.9682309792127652,37797.958005371096,1.839404948346947e-06,12.814781188964844,5.286990199238062e-05
174,0.9147781806027044,0.00803231534962734,0.447614390073309,62679.781595214845,1.4470570119325599e-06,24.89484977722168,3.2832664146553725e-05
175,0.996814835870889,0.00010472869470797308,0.005836184059563606,54579.663556640626,1.5732587297842574e-06,25.516510009765625,3.0244873414631e-05
176,-0.013586335106639813,0.06922339079963725,3.8575908069923464,54300.19992041016,1.5607505852633548e-06,22.06930923461914,6.0500566178234294e-05
177,0.9737092436844074,0.018330712056844008,1.0215100054947863,46722.90463964844,1.6878478295339748e-06,65.95130920410156,0.00010539952927501872
178,0.5461577415347901,-0.009102378300000843,-0.5072454620647372,30969.476958007814,2.007389771136948e-06,10.475939750671387,1.5908171917544678e-05
179,0.5835347712329729,0.014994664796451613,0.8356031162955774,26188.982790527345,2.182548819428106e-06,11.266983985900879,3.694958650157787e-05
180,0.6783862649063968,0.013000185837607292,0.7244573950660732,14580.820942626953,2.908318417799952e-06,4.53997278213501,2.0030523955938406e-05
181,0.9648293937312349,0.003591699859828337,0.2001535637116189,17022.011762451173,2.673669665231215e-06,5.6348700523376465,1.4407774870051071e-05
182,0.9992411059871791,0.0001607129121997386,0.00895599948955301,23844.084897705077,2.2797122493623143e-06,6.819652080535889,1.3816400496580172e-05
183,0.924763615426027,0.008491073458760674,0.4731794634391635,55140.01271435547,1.546025548558459e-06,17.228729248046875,2.2905160221853293e-05
184,0.9935108943219326,-0.0029090946759318167,-0.162114232615773,30870.577821289062,2.020171888205056e-06,16.033069610595703,2.705478254938498e-05
185,0.7657968994305887,0.03312831849674238,1.8461317107976392,53687.432125,1.5627634236725946e-06,31.08753204345703,5.1161412557121366e-05
186,0.7471972163952338,0.018974034797149666,1.0573602558258528,30132.856204589843,2.0217950032434682e-06,10.144596099853516,2.7898369808099233e-05
187,0.9591323470422763,0.002848846723920279,0.15875681335134365,22981.01618334961,2.324706017343625e-06,6.07041597366333,1.323044125456363e-05
188,0.8216058156822792,0.011055679369520784,0.6160964756026053,15898.58522241211,2.7636447042544187e-06,5.50566291809082,1.8891496438300237e-05
189,0.9979647178556122,-0.00016894836850241558,-0.009414934253620652,14166.41879321289,2.9561611913340106e-06,2.8338863849639893,7.467316208931152e-06
190,0.8177705569599154,-0.003772383306681594,-0.21022245510086401,12635.917682861329,3.116971649593273e-06,2.5633468627929688,6.847476015536813e-06
191,0.9889599308743898,-0.001175811947501284,-0.06552411413305816,14024.735135864257,2.9938966483355355e-06,3.2866060733795166,8.284578143502586e-06
192,0.9729534531984364,-0.0019314750005854783,-0.10763471884467585,20369.675361083984,2.451576593511197e-06,2.414673089981079,5.614224392047618e-06
193,0.8209092454567827,-0.005298139979049722,-0.29524783228977464,42438.36855517578,1.7177048964833776e-06,2.894534111022949,6.380697868735297e-06
194,0.45858831485591683,0.02989156353215642,1.665758053112858,36369.19096289062,1.913420087410932e-06,9.872405052185059,3.436199403950013e-05
195,0.992330275753988,0.0018268464174962364,0.10180411367478567,46072.95567675781,1.7097546419929037e-06,23.19542694091797,3.087642107857391e-05
196,0.5267529749896013,-0.03314136215029859,-1.8468585905050154,43726.0866928711,1.693676782223391e-06,10.091635704040527,3.938144800486043e-05
197,0.9436367975475917,0.00817142734318589,0.4553666417514607,31761.548764648436,1.9978894459029275e-06,14.717628479003906,3.578778705559671e-05
198,0.9690234518868329,0.0022037135691384308,0.12280567460438892,24534.04538671875,2.248091019818643e-06,5.781846046447754,1.149899708252633e-05
199,0.7692386514383182,0.006634267602711986,0.36970580926069024,19315.473092041015,2.519252173198567e-06,3.2795164585113525,1.1696049114107154e-05
200,0.9238598802732579,0.005374358983146239,0.299495265507426,22031.470681640625,2.383029593184506e-06,6.767257213592529,1.4832500710326713e-05
201,0.8613679500546156,0.026556739496159245,1.4799193301668097,35626.16092285156,1.921189678683518e-06,37.75343322753906,6.61522863083519e-05
202,0.983959883817138,0.003152994152266236,0.17570594441823548,57297.109010742184,1.5376219366260226e-06,18.693206787109375,2.191356361436192e-05
203,0.5496913606568391,-0.043300060530623595,-2.412969279829341,53472.23313867187,1.584965064777877e-06,32.39430236816406,5.934122600592673e-05
204,0.83604641659706,-0.029747322284161454,-1.657719965035592,74188.77313183594,1.319911029761951e-06,42.933650970458984,5.6193250202341005e-05
205,0.9629928678829209,0.006379214589393984,0.35549254770118305,42506.15507714844,1.7238911853645715e-06,15.826959609985352,2.5546481992932968e-05
206,0.8165463945890087,0.015634300124850765,0.8712478793468702,34221.72424072266,1.909758594696212e-06,18.402023315429688,4.283598900656216e-05
207,0.5037750714345731,-0.038099017158402616,-2.123132320563351,24996.69695214844,2.229660039755344e-06,10.914505958557129,5.370443614083342e-05
208,0.6219634933701685,0.015066226426945797,0.8395910094735752,20339.47572241211,2.480043468402878e-06,7.689043998718262,2.67796240223106e-05
209,0.8308287558171433,0.008474502383050688,0.4722560121522157,20648.619759277342,2.4782040377595243e-06,5.156055927276611,1.6934985978878103e-05
210,0.9480930653438271,-0.014335255405810663,-0.7988564101028164,27057.54588696289,2.1530644324358496e-06,24.424652099609375,4.543226532405242e-05
211,0.6489894905461501,-0.022486403492673817,-1.2530929559161905,59861.79663378906,1.4781596907576712e-06,26.30580711364746,3.448272036621347e-05
212,0.9569214473634498,0.009100748881415292,0.5071546599516976,38819.42244482422,1.822563028151039e-06,14.603848457336426,3.1483592465519905e-05
213,0.874610280888033,-0.05905717370429421,-3.291061124527134,66381.20637011719,1.4110923106679346e-06,94.08216857910156,0.00013017824676353484
214,0.7057782798664829,-0.024340738868855537,-1.3564289384158632,30957.0428046875,2.000314130452542e-06,11.945206642150879,3.876495247823186e-05
215,0.9979279274477199,0.0011991879180423967,0.06682677972083508,26563.752092773437,2.177975479171394e-06,14.899853706359863,2.7062123990617692e-05
216,0.7578002982230856,0.018987555165978706,1.0581137012999848,22981.04213256836,2.3143649136146693e-06,13.376009941101074,2.9208649721113034e-05
217,0.4540831217698766,0.016605561318660242,0.9253730559547675,19000.006346435548,2.5603048985413943e-06,4.808543682098389,2.6502733817324042e-05
218,0.9611198338581376,0.001244773172443038,0.06936709530316917,18381.60069067383,2.596758905568034e-06,3.36423397064209,7.446410108968848e-06
219,0.8578937388698176,0.006169125889106698,0.34378499871348667,20563.46126611328,2.4656473834834227e-06,5.257316589355469,1.2883755516668316e-05
220,0.742349998679105,-0.010152335558097835,-0.5657561102687987,35667.064102539065,1.9001982304171438e-06,6.502046585083008,2.0247234715498053e-05
221,0.9982023287320126,3.859047620830447e-05,0.0021505197092915635,49449.941427734375,1.6388631678159318e-06,34.8857421875,4.17526280216407e-05
222,0.9856823210124744,-0.0014881671636654307,-0.08293063809081312,54437.882203125,1.5426872657617405e-06,12.322569847106934,1.4636878404417075e-05
223,0.9652402059344364,-0.03358436764412835,-1.8715458226776087,66406.27352490234,1.4105304388417692e-06,74.33804321289062,8.76357953529805e-05
224,0.8678020767725562,-0.07553742738257409,-4.2094511997871775,29094.41774707031,2.0627096344036055e-06,32.31322479248047,0.00015796374646015465
225,0.994701038334186,-0.0018039896730629899,-0.10053038284211561,43171.685171875,1.7220783526553649e-06,14.06956958770752,2.2570768123841844e-05
226,0.9629468636543892,-0.0057673989676526385,-0.3213980849662532,21010.36881201172,2.428903314023865e-06,8.233769416809082,2.475603650964331e-05
227,0.894046052925671,0.005474259179728458,0.30506237332316033,15683.448764892579,2.7968658725900323e-06,7.756487846374512,1.7919379388331436e-05
228,0.8928079523822587,0.003773647067195433,0.2102928802979558,19588.715482421874,2.5170122826583403e-06,7.325463771820068,1.5387979146908037e-05
229,0.6936735748329458,-0.020076456514838435,-1.1187945749838677,19880.34699243164,2.4994740952514973e-06,9.299909591674805,3.328694947413169e-05
230,0.37719889033872606,-0.007599760681833738,-0.4235095478989067,28553.93586376953,2.111345370660102e-06,4.3706769943237305,1.296361460845219e-05
231,0.6137101292715436,-0.031174933117715433,-1.7372759989695632,68529.14443652343,1.3907349970620967e-06,23.93235969543457,4.4988530135015026e-05
232,0.9921252508873368,-0.0036520976307300463,-0.20351933188769164,49484.61082470703,1.624740230499897e-06,24.782215118408203,2.9743929189862683e-05
233,0.6147366512383066,-0.023334965930550945,-1.3003805363380816,56701.85854394531,1.5222629607679805e-06,20.11233139038086,3.557923992048018e-05
234,0.9882356487487509,-0.0021203595437570603,-0.11816063022960994,38485.69820361328,1.8159792063538379e-06,19.00859832763672,3.1041374313645065e-05
235,0.829058780522675,-0.006456103371412999,-0.35977730542904274,34120.106697265626,1.9258030871942608e-06,11.574838638305664,2.0307395971030928e-05
236,0.996066610104732,0.0020089345770844904,0.11195128506260338,27501.854166992187,2.1222533000426676e-06,15.301492691040039,2.971502544824034e-05
237,0.6541946489749747,-0.016665156376977294,-0.9286940916112183,21119.526720703125,2.444785709808888e-06,12.958986282348633,5.233461706666276e-05
238,0.3836719640395619,0.016337192474160822,0.9104177471282956,17374.44847973633,2.672236765647421e-06,14.394230842590332,3.924170232494362e-05
239,0.3431187371368695,0.026777051077919913,1.4921965665555006,18594.900796142578,2.560497319334702e-06,3.892265558242798,5.9591096942313015e-05
240,0.5123091785220918,-0.006756938418331701,-0.3765418484254078,40189.338,1.7706380829948789e-06,6.603142261505127,1.0795516573125497e-05
241,0.283696617409491,-0.05067158000581572,-2.8237596995499414,59748.796921875,1.4873002427415502e-06,29.611352920532227,0.0001344937045359984
242,0.8239412480940668,0.026428757589705885,1.4727873214614742,55973.45444335938,1.523563778545281e-06,28.005428314208984,8.875888306647539e-05
243,0.9949053795050748,-0.00031819668226012744,-0.01773204955901357,52950.06247949219,1.5667403899163004e-06,67.1740493774414,8.015827188501135e-05
244,0.31326625692805177,0.02246301549088689,1.2517896198668443,43942.04892480469,1.7087871904767298e-06,19.766481399536133,4.213866850477643e-05
245,0.9230466549488489,-0.0032825794555523093,-0.18292730513031852,32735.651341796874,1.9510917200294643e-06,12.891128540039062,2.1290596123435535e-05
246,-0.3418510280501235,-0.013932319081488068,-0.7764021003304283,28189.469399902344,2.105150519334621e-06,6.3425774574279785,2.357689845666755e-05
247,0.6784202055471646,0.008645208149976573,0.4817688804123085,26332.322415527342,2.1677139119639775e-06,7.872600078582764,2.2527709006681107e-05
248,0.701146349863495,0.009851814546949082,0.5490090674481001,25373.932889648437,2.1959947703549366e-06,7.338304042816162,2.5587969503249042e-05
249,0.9942797859408273,0.0021513420609509766,0.11988718352502233,34339.22360986328,1.9041002540616636e-06,19.897586822509766,3.1632662285119295e-05
250,0.5436199342679248,-0.01999844018468458,-1.1144469827246575,53093.66770361328,1.6003481701715362e-06,18.851377487182617,2.8406795536284335e-05
251,0.7827565024801643,-0.04503177426840348,-2.509471963648132,41677.17984692383,1.7484015581241238e-06,47.34653854370117,7.407378143398091e-05
252,0.19498586267793766,0.05904265855413672,3.2902522431770183,50743.109905273435,1.6135930070962118e-06,23.030780792236328,8.239177986979485e-05
253,0.295577826551723,-0.03989132249189454,-2.2230115737743636,39043.399884765626,1.7949517101128603e-06,11.5913667678833,6.081854007788934e-05
254,0.3258420348484621,-0.014239739783613727,-0.7935336401278877,36545.27431835938,1.8486057750926633e-06,14.223555564880371,3.1745155865792185e-05
255,0.8161679198645605,-0.038582958698065044,-2.1501007832890062,36054.16509570312,1.8371407161812878e-06,92.10704040527344,0.00016293986118398607
256,0.9858907503280196,0.006436353483348074,0.35867670943456303,29901.359409179688,2.019501677238652e-06,33.59069061279297,6.0313966969260946e-05
257,0.9378089039370997,0.004621299695653567,0.25752976004756967,27246.938333984373,2.1094232754443983e-06,12.156471252441406,2.086188760586083e-05
258,0.6519871949817377,-0.01281665901793444,-0.7142300519060751,21774.81693286133,2.3955493406315736e-06,11.181732177734375,2.6341009288444184e-05
259,0.849626610586578,0.022056229174995196,1.2291207627873628,46372.492907226566,1.6596692388949256e-06,22.717967987060547,4.893897130386904e-05
260,0.9826442983635366,0.0034232539502140297,0.1907666298313586,53409.35450927734,1.5695466871706448e-06,17.468772888183594,2.5245515644201078e-05
261,0.9868134134257448,0.0045667759883746125,0.25449133402519775,40397.15480029297,1.7908921788174868e-06,24.499313354492188,3.893202665494755e-05
262,0.9646376319072862,-0.00924519317299087,-0.5152040629767136,54195.43963964844,1.5401762552920606e-06,34.83327102661133,4.208860991639085e-05
263,0.9802417659058007,0.003017345976467108,0.1681467198569512,22942.67373339844,2.3214947240370412e-06,10.542277336120605,2.4100703740259632e-05
264,0.9620818043132847,0.0035812649920520393,0.19957206301451294,33008.70339208985,1.950667337660426e-06,10.290517807006836,2.203443000325933e-05
265,0.7843863380087756,0.007416020168240708,0.41327029628293066,21838.344893554688,2.3775501821345425e-06,5.348252296447754,1.904195232782513e-05
266,0.9558122919526044,0.0025317044543127494,0.14108352272494595,13201.847482177734,3.0547153728279696e-06,4.64307975769043,1.3668151950696483e-05
267,0.9741982104597507,0.002389603765424025,0.13316472093277348,13992.404575927734,2.9567951748054045e-06,5.467398166656494,1.5710951629444025e-05
268,0.9995046309961338,-1.406828497235546e-05,-0.0007839790301025165,12588.873748046875,3.167947234742942e-06,5.706243991851807,1.590911233506631e-05
269,0.8801819557583447,-0.00841562553843743,-0.4689750001719991,18341.1630168457,2.5934168496708273e-06,6.883886337280273,1.990794771700166e-05
270,0.7098397244202369,0.010936636834134964,0.6094626285049588,40141.407666992185,1.7925518214979133e-06,5.4656195640563965,1.7024500266416e-05
271,0.7271500503006773,-0.03798634760311584,-2.1168536185858624,48255.78550585938,1.6548509511879971e-06,31.885955810546875,6.341818516375497e-05
272,0.6392351860002736,0.052828390421982147,2.9439516164398687,42419.43702099609,1.7393755542537284e-06,21.148807525634766,9.735407365951687e-05
273,0.9984360886007463,-0.0007317167173069006,-0.0407761545541122,54582.09672265625,1.5345674199230361e-06,48.28318786621094,5.933431748417206e-05
274,0.9943402965128317,0.0011347001989492455,0.06323309224808926,34444.620845703124,1.8963298489360985e-06,10.528685569763184,1.6553840396227315e-05
275,0.9991414754470371,3.805385517099546e-05,0.0021206155922517955,16523.857528564455,2.7172681659374853e-06,3.061716318130493,7.214548986667069e-06
276,0.5279005947062452,0.018477884409533678,1.029711434350278,12456.156504394532,3.1479387653431626e-06,5.128201007843018,2.597297316242475e-05
277,0.9392618703184138,0.005115349866238499,0.28506154336858286,12623.527694335937,3.1159155619092197e-06,5.9307861328125,1.730581425363198e-05
278,0.8984297457307755,0.006317359187784974,0.35204555058281906,10508.32860949707,3.4366306979338938e-06,4.773002624511719,1.7283835404668935e-05
279,0.7260706478355826,0.008828719158154735,0.4919953424499595,12056.091950927734,3.209482887024351e-06,4.113125801086426,1.3950677384855226e-05
280,0.6604383880600309,0.0055064765856243925,0.30685774288500434,14393.463432128907,2.93745049706387e-06,1.6165564060211182,8.954815712058917e-06
281,0.953887350359973,-0.0009325116707906304,-0.05196579374545546,15711.286280273438,2.8041380415347952e-06,1.6033146381378174,4.048856226290809e-06
282,0.7481581985904873,-0.0024054660288796454,-0.1340486724551946,24387.48212792969,2.278583107334609e-06,1.8541487455368042,4.2518477130215615e-06
283,0.8865713732958109,0.005090261293698339,0.28366344013102834,47783.274914550784,1.6692866453368252e-06,7.405988693237305,1.3449397556541953e-05
284,0.8510626069108689,0.0169671463999109,0.945522997604049,55786.58941796875,1.5405680146912417e-06,18.73341178894043,2.8110634957556613e-05
285,0.8780120478537989,-0.026953882588037773,-1.5020508022399621,51437.599900390625,1.6030380018863167e-06,40.90318298339844,5.430676901596598e-05
286,0.8390255940696387,-0.030924034259941346,-1.7232942347702969,56320.43374511719,1.542768626973303e-06,33.91534423828125,4.081025690538809e-05
287,0.9833217368040474,0.0038129731531664763,0.212484393108358,47259.32481640625,1.673161231658149e-06,21.025239944458008,3.0197228625183925e-05
288,0.3751119365275229,-0.05009503602265449,-2.791630808671034,35977.902939453124,1.8545700754674607e-06,40.064613342285156,0.00012840889394283295
289,0.8936956908369326,0.007802595831619647,0.4348128804879416,25186.004037597657,2.223758686687881e-06,6.890444278717041,1.9805796910077333e-05
290,0.7504482232807022,0.0077290544941217435,0.4307146647809566,18178.311635742186,2.618422469439268e-06,5.1900553703308105,1.5101989447430242e-05
291,0.6412688308798274,-0.018770842314933332,-1.0460370102813454,21869.719049072264,2.3963329050601513e-06,7.425697326660156,3.468653449090198e-05
292,0.9983591265261117,-0.0003318076621947217,-0.018490544490615848,21150.541197998045,2.4135141290580613e-06,3.0459110736846924,6.571970970981056e-06
293,0.8699095044715289,-0.005572739245531845,-0.3105503419436911,37968.2951430664,1.8535000688617401e-06,6.939721584320068,1.2452202099666465e-05
294,0.9928281006781374,0.0026790122345199518,0.14929249850844267,54392.97281347656,1.5568854983052063e-06,37.26264572143555,5.005104321753606e-05
295,0.749167150734295,0.03283775690466288,1.829939673488817,58915.18299609375,1.4983309582145026e-06,23.553138732910156,5.426695861387998e-05
296,0.9603451758544109,-0.04926372357999711,-2.7453045134767473,49380.6875703125,1.6103523631600646e-06,125.98808288574219,0.00017810043937060982
297,0.8074911665173178,0.00539387822977351,0.300583008616785,25627.39753930664,2.2024184054825513e-06,5.113410472869873,1.1201758752577007e-05
298,0.9941968915235092,0.00034375429353276135,0.019156290775098485,20165.219752197267,2.5059207267114437e-06,2.1653716564178467,4.795611857844051e-06
299,0.9024071987656305,-0.0032433648539826514,-0.1807420049771834,17173.63223376465,2.687108980304365e-06,3.0952277183532715,8.164931387000252e-06
300,0.7535736704285333,0.008031208787340092,0.44755272501389276,15287.62855859375,2.8606788897373235e-06,6.533891677856445,1.641826020204462e-05
301,0.9490880672606633,-0.013053016408711468,-0.7274014682047253,16065.29788232422,2.774700491105545e-06,17.72960662841797,4.953842653776519e-05
302,0.6663778641722155,0.012225783568541327,0.6813025157752058,20164.829549072267,2.5032512791573595e-06,3.5087218284606934,1.658267865423113e-05
303,0.8541880668520012,-0.003639647392793182,-0.20282552127172326,35251.025419433594,1.923167565290277e-06,4.162626266479492,6.2305953179020435e-06
304,0.8076091275667003,0.011562078310288132,0.6443164150769514,46914.55762158203,1.7027363515264332e-06,8.086092948913574,2.0751485863002017e-05
305,0.9240061638782564,0.013496397371050711,0.7521096239965425,29442.43624169922,2.1186977559923734e-06,19.50646209716797,4.291330333217047e-05
306,0.9830534663007175,-0.01596393155285514,-0.8896171494978506,50749.11187792969,1.5969988550194431e-06,70.20926666259766,8.684176282258704e-05
307,0.9646761217710795,0.002752134597416926,0.15336736614550162,26083.45832128906,2.186646813724687e-06,10.392727851867676,2.1554433260462247e-05
308,0.7947983711863905,0.017952298674148926,1.0004222782184298,23592.92615893555,2.2918951205052574e-06,12.432910919189453,4.757732676807791e-05
309,0.9192117865455149,-0.00432609978456724,-0.24107924454873136,15130.8086953125,2.8577925154100415e-06,5.919701099395752,1.5255827747751027e-05
310,0.7353849104436642,0.010202606934695393,0.5685575679549572,12991.072346313476,3.098156482273729e-06,3.5333049297332764,1.9801476810243912e-05
311,0.8899687925616607,0.006174527653259996,0.344086021178561,13462.941746826173,3.0208492840886094e-06,4.657568454742432,1.5711773812654428e-05
312,0.7012524285482427,-0.01279907075906788,-0.7132499163632928,14453.626764404296,2.9396901000217866e-06,4.51710844039917,1.8345826902077533e-05
313,0.9300719274813958,0.00351889246245069,0.19609624806208678,20463.606940429687,2.4602750620051393e-06,3.867619752883911,9.56132589635672e-06
314,0.819172443480167,-0.004602852538744123,-0.25650176095525445,36814.009379394534,1.8728123224376686e-06,4.3986687660217285,7.002759502938716e-06
315,0.9925261578938834,-0.00014609185810902713,-0.00814121646321848,55170.80082128906,1.5786429576640127e-06,13.489577293395996,1.636956221773289e-05
316,0.9829197672469572,0.001817529217337642,0.10128489690046247,47879.132444824216,1.663055382813586e-06,10.571783065795898,1.5332478142227046e-05
317,0.8160521665241091,0.02351922040985249,1.3106484295644927,67272.49353222657,1.3976723221105344e-06,32.921043395996094,4.540092413662933e-05
318,0.617346096395906,0.025125574975223143,1.400165260978889,57583.950247070316,1.477200878931682e-06,21.59342384338379,4.009152326034382e-05
319,0.440503437713905,-0.04092502338036219,-2.2806163082213433,43469.135260253905,1.6935724121549993e-06,29.262819290161133,5.8198067563353106e-05
320,0.5272305334426789,0.009195004684235227,0.5124072243560662,21364.404653076173,2.4039382173613138e-06,1.893857479095459,1.2587968740263022e-05
321,0.8359106668467641,0.003108945942749194,0.1732512832677981,17970.67265209961,2.6189837313100338e-06,2.782456874847412,7.448978522006655e-06
322,0.9995432392318958,0.0001623654050362684,0.009048087454346139,21575.851912353515,2.405536154382204e-06,9.756837844848633,1.9701737983268686e-05
323,0.42918117328309646,0.019882438942101004,1.1079826168243316,28871.486990722657,2.059436930434122e-06,8.349087715148926,3.0491388315567747e-05
324,0.695435890999381,-0.009851135381156971,-0.5489712197829424,35844.59293652344,1.89905651885128e-06,6.927389621734619,1.45899011840811e-05
325,0.8407196407243209,0.015906698427700528,0.8864277365710711,48900.70508251953,1.673669501936231e-06,9.773338317871094,2.5065535737667233e-05
326,0.6794616131618832,0.02745907718537086,1.5302036276347066,33833.21958300781,1.969847832330628e-06,12.795431137084961,3.7944031646475196e-05
327,0.8515909997499109,-0.03418076883283887,-1.9047812899997478,55153.17908203125,1.5466309169747438e-06,40.905029296875,8.068921306403354e-05
328,0.8092487218825575,-0.01131782330505482,-0.6307048908238685,29514.35922998047,2.048807467944333e-06,14.637224197387695,2.6121315386262722e-05
329,0.9926737651855597,-0.0019637771279291203,-0.10943480965282193,20773.33774951172,2.433868467113289e-06,7.181500434875488,1.5771654943819158e-05
330,0.6011423669095596,0.009237895469020017,0.5147973860511121,16816.120663818358,2.7509811882224075e-06,5.409483909606934,1.5769846868352033e-05
331,0.9880836915683128,0.00043346891303895597,0.02415579004062314,18143.36092700195,2.615057791435666e-06,2.3633522987365723,5.513215910468716e-06
332,0.9375131128186411,0.003764660029639502,0.20979206239439196,22352.754111816404,2.35141558074874e-06,4.723288536071777,1.1344340236973949e-05
333,0.432686501424935,-0.030467085753139216,-1.6978300045621746,36909.33074267578,1.868747411364186e-06,7.669713973999023,2.8328138796496205e-05
334,0.7620096162967889,0.018321882763039792,1.0210179781292104,52733.80070849609,1.559256186896745e-06,17.760591506958008,3.5957978980150074e-05
335,0.8248968489667262,-0.024005455408026483,-1.3377446991538142,40872.136798339845,1.7930330590451543e-06,36.258609771728516,4.867693132837303e-05
336,0.443400033882912,-0.03332376837132202,-1.8570234864055195,53165.181948242185,1.5493675942849452e-06,20.781597137451172,3.357452806085348e-05
337,0.7266235147144762,0.013031898523426878,0.7262246382460087,37537.77750244141,1.8184763339858625e-06,7.477767467498779,1.968849937838968e-05
338,0.9194509198278046,-0.00465924039676286,-0.25964406993790257,25343.58810595703,2.213210548903061e-06,5.5837016105651855,1.2209736269142013e-05
339,0.9658478007300572,-0.003884548057131998,-0.21647302597304868,19501.66285205078,2.5292356740659448e-06,6.021233558654785,1.3615007446787786e-05
340,0.8881124959227881,-0.0029102851424358434,-0.16218057337991237,19272.526748291017,2.5110564974242356e-06,2.1187613010406494,5.51070934307063e-06
341,0.7120449876480996,0.014233780661671332,0.7932015579551254,22484.786303222656,2.3329875792867714e-06,3.413785457611084,1.651116690482013e-05
342,0.6110762184891875,-0.018974214776599586,-1.0573702854858196,23252.367505371094,2.3178938411143095e-06,6.050381660461426,1.9597975551732816e-05
343,0.9960938633918092,0.0010160089244791671,0.05661881976046679,62427.84831054688,1.4349196948466737e-06,18.307353973388672,2.072569986921735e-05
344,0.937591288016038,0.013502100941391171,0.7524274651230495,50494.80279589844,1.586311026381117e-06,20.519376754760742,3.485507477307692e-05
345,0.7087288003322424,0.040399191112125594,2.251313413628377,49929.26471875,1.6500462597383528e-06,27.225706100463867,5.0989903684239835e-05
346,0.8408167185477545,0.01166606339135666,0.6501111600058058,33772.23153320313,1.8972689246555692e-06,9.299299240112305,2.031557960435748e-05
347,0.8860064997005381,0.0056457589761173994,0.3146194902212031,24243.315254394533,2.2677534291245596e-06,5.55885124206543,1.415410588379018e-05
348,0.9819060491651271,0.0009589527119695336,0.05343926559074937,22538.359501708983,2.352057455228991e-06,2.0282809734344482,4.45022033090936e-06
349,0.9178633495916798,-0.005690201591988653,-0.3170961303343676,16424.99480004883,2.7591291972972593e-06,5.449769020080566,1.2498911019065417e-05
350,0.8520682247512932,-0.004401220243216161,-0.24526545945894707,18006.10123144531,2.633630185545667e-06,3.1322262287139893,8.035238352022134e-06
351,0.8521081294996573,0.0025508709242659457,0.14215160675607855,19909.36757434082,2.483146889077564e-06,1.3416221141815186,3.7938748391752597e-06
352,0.6135121132692651,-0.010773484473768732,-0.6003706866307222,26022.449725097656,2.2092259221439174e-06,2.9556941986083984,1.1986712706857361e-05
353,0.7719862932758953,0.010137739038569486,0.5649426944725453,64780.53614355469,1.4311210142117707e-06,3.576704740524292,9.376696652907412e-06
354,0.8738933478741869,0.013724385289641162,0.7648146372687968,53832.746783203125,1.5710815898624275e-06,16.29336166381836,2.4460316126351245e-05
355,0.9848471221285635,0.009462817250387888,0.5273315336286039,51608.68703027344,1.6037379588861363e-06,35.57233810424805,4.7599100071238354e-05
356,0.582642034070325,-0.02122884555051965,-1.1830134076467995,52601.02014404297,1.5589349225765798e-06,14.431312561035156,2.092447721224744e-05
357,0.894368627496116,0.007684297741396148,0.4282205188590265,34128.015431640626,1.9081011730807374e-06,7.847270965576172,1.7279393432545476e-05
358,0.9912689619176619,-0.0020696762970232032,-0.11533622038186124,28767.605905273438,2.07967966417901e-06,7.585013389587402,1.436070215277141e-05
359,0.8091854666393943,0.013939630725069112,0.7768095540644396,31559.576274902345,2.002724501620776e-06,5.183333873748779,2.0662979295593686e-05
360,0.8865695745429865,0.0068603128771073316,0.3823025653918,23480.22744921875,2.3126795712300465e-06,6.226149559020996,1.6533314919797704e-05
361,0.5025124105739789,0.008929552101472681,0.49761442915883153,34348.02114160156,1.951362763291948e-06,2.173823833465576,1.0174843737331685e-05
362,0.9812853118306651,0.001997521459018397,0.11131526970966707,30274.365485839844,2.050164944493166e-06,3.724440336227417,7.529592949140351e-06
363,0.9232294110013266,0.010885613134651454,0.606619246350565,53321.413577148436,1.5832894716662475e-06,9.889939308166504,1.738782702886965e-05
364,0.9876158148143684,0.003879189017538347,0.21617438440649187,49440.76821289062,1.6316490704209083e-06,15.620335578918457,2.4458591724396683e-05
365,0.7676809768911258,0.03370567386468722,1.8783058174691574,53248.61457714844,1.5763536527093108e-06,25.989412307739258,4.138360600336455e-05
366,0.9657020619989956,0.008663004044234313,0.48276058678926953,44289.33828125,1.6807643240488628e-06,17.572834014892578,2.7075877369497903e-05
367,0.881488848299411,-0.0021673663059087194,-0.1207801617412571,27243.270225097654,2.129481815553288e-06,2.0847368240356445,4.654433269024594e-06
368,0.9896302180717454,0.001572507628234083,0.08763065346161752,22460.39723730469,2.366188506993974e-06,5.608477592468262,1.2070588127244264e-05
369,0.9981335458903412,-0.00033869216813923455,-0.018874195255703413,21162.265682617188,2.441735705130743e-06,2.966531276702881,6.0744796428480186e-06
370,0.5751950164103596,0.014311119400809468,0.797511390306262,24437.344161376954,2.2503940781273857e-06,3.2358269691467285,1.577721195644699e-05
371,-0.002690823478753653,-0.018284936102446702,-1.0189590628318437,31568.50158203125,2.0069421941525745e-06,5.330417633056641,2.2072435967857018e-05
372,0.9904297330976503,-0.0003621187565986617,-0.020179681612791153,39997.188256835936,1.7973423028532392e-06,5.790712356567383,8.266900294984225e-06
373,0.9883094650651475,-0.002135041309857883,-0.11897879653563323,36113.57696435547,1.9080028987990844e-06,22.739831924438477,3.370108606759459e-05
374,0.9940448595955449,0.00022312667618223347,0.012434112297773374,66204.848890625,1.4143555998157683e-06,23.88197135925293,2.684545142983552e-05
375,0.994308071731733,0.007127697199357341,0.39720301004685904,34304.54473095703,1.9033308163210831e-06,51.300559997558594,9.36843644012697e-05
376,0.37757673434891964,-0.030510137240622105,-1.7002291216875118,47735.73028222656,1.6436380826918746e-06,14.214962005615234,4.0213592001236975e-05
377,0.7696387887378832,-0.0027477093300609977,-0.1531207606199196,23629.828595947267,2.3080814413962453e-06,2.176205635070801,5.111059635964921e-06
378,0.9907983996380116,0.0012505156451482575,0.06968710432990374,15367.649434326171,2.8285741228068495e-06,3.452777862548828,8.890636308933608e-06
379,0.9955183463539834,-3.873540130489461e-05,-0.0021585959059911247,15594.617826416015,2.809192578100746e-06,3.243694543838501,8.370147952518892e-06
380,0.04531205665222888,-0.013454290647193936,-0.7497631554259316,18290.8974296875,2.619355044734848e-06,5.00084114074707,1.3804455193167087e-05
381,0.7494393093895212,0.008408548496843147,0.46858062003142165,28362.365561035156,2.1045782600970014e-06,8.551775932312012,2.2263649952947162e-05
382,0.75684040327925,0.013673666036497717,0.761988220902832,45924.7651875,1.683481721276638e-06,13.00836181640625,2.6908563086180948e-05
383,0.5555868680889549,0.02931352050995109,1.633545625741891,59951.30284863281,1.4906634162322768e-06,14.21490478515625,3.3926375181181356e-05
384,0.997009799325453,-0.0036857038024430597,-0.2053920927790724,56279.38804101563,1.5335226588244174e-06,22.31905174255371,2.7727550332201645e-05
385,0.9634673218838552,-0.060458002444564056,-3.369124680909061,47574.254604980466,1.677856862805683e-06,140.69679260253906,0.0002260876790387556
386,0.7052826290496782,-0.04834953995235478,-2.6943600810073334,39824.16434716797,1.7696907017926545e-06,20.975854873657227,6.484537880169228e-05
387,0.8236294425481476,0.025170976091965933,1.4026953151780703,27114.630587402346,2.127139217031902e-06,11.227177619934082,4.506757977651432e-05
388,0.8547480289486342,-0.005356373609477738,-0.298493000069075,15684.62028881836,2.816885996678271e-06,2.8412463665008545,9.341703844256699e-06
389,0.9059778232531088,0.008756609630430267,0.4879769167699519,14964.506405273438,2.8646845554695377e-06,7.282980442047119,2.041189327428583e-05
390,0.7227441011543774,0.005465240079930959,0.30455976869682977,15706.168547607422,2.8539113487895977e-06,1.373123049736023,8.491550033795647e-06
391,0.979870613213549,0.0020493451874201815,0.114203234831824,15856.327865478515,2.816457063260279e-06,4.625393390655518,1.2260170478839427e-05
392,0.9785476935137983,-0.001339887792497525,-0.07466751875388927,17688.892766845704,2.6354022037230335e-06,3.1490745544433594,7.176861799962353e-06
393,0.7398693210755408,-0.028405556693684823,-1.5829478028058788,29031.9416081543,2.0658983068989306e-06,4.933935165405273,3.535159703460522e-05
394,0.9675336100489652,0.005261185576340945,0.29318848554988597,50700.936125976565,1.6113038851362172e-06,10.395843505859375,1.8235550669487566e-05
395,0.7637216881509235,-0.014091404886143159,-0.7852674264936143,38562.291807617185,1.8462425652785787e-06,18.72898292541504,2.8250953619135544e-05
396,0.9299646985402815,0.02781429263342177,1.5499986106754686,55359.1176875,1.5383171986515662e-06,67.79866027832031,8.310013072332367e-05
397,0.9275220753333664,0.012921281638342988,0.7200603247954752,49157.95004736328,1.6312079544515018e-06,23.816680908203125,4.331285526859574e-05
398,0.7255390935456159,-0.014533216300320891,-0.8098881165532701,31576.166508300783,1.97177648462973e-06,10.778258323669434,2.1696519979741424e-05
399,0.8504875479418674,0.007029247124230969,0.3917167127076483,26539.127275634764,2.160366262523343e-06,6.132622718811035,1.413831068930449e-05
400,0.9532167468209657,0.0036329738019351275,0.20245362410739376,18863.443084472656,2.554642715355774e-06,5.2685675621032715,1.1943555364268832e-05
401,0.9785112596229711,-0.005784803015399881,-0.32236795503211785,24120.472380615236,2.2638193009204105e-06,12.167360305786133,2.5296341846114956e-05
402,0.7691267169992116,-0.004791071847965236,-0.2669906010505249,22639.539142822265,2.3480447058685705e-06,2.897557258605957,7.919154086266644e-06
403,0.9121685259835568,0.004385687790911295,0.2443998872220318,26196.889285888672,2.1989526629195517e-06,4.112045764923096,9.937200957210734e-06
404,0.8855455408384436,0.00947031210536604,0.5277491971283182,51358.728856933594,1.595674765371681e-06,7.6769304275512695,1.5971816537785344e-05
405,0.9618128584916965,0.006111580224529504,0.34057816899753446,64786.18515820312,1.4516539029447097e-06,13.497875213623047,1.816478106775321e-05
406,0.8326130536338928,0.01724827846413091,0.9611895584869864,61200.321267578125,1.4765428446708488e-06,20.484970092773438,2.878911982406862e-05
407,0.9720789073466687,0.018863350453393664,1.0511921831264528,59218.05445703125,1.4627891464719098e-06,75.38969421386719,9.61353798629716e-05
408,0.9154716800631696,-0.006103971425117836,-0.34015415575109215,30733.284312011718,2.001964031859015e-06,8.963345527648926,1.819773024180904e-05
409,0.9994092392692225,-3.0490967326607166e-05,-0.0016991608457302015,24551.616875488282,2.2417575900940854e-06,13.456722259521484,2.5861883841571398e-05
410,0.697851897339719,0.027223141871061635,1.517055732262773,21074.48446972656,2.4469965033283554e-06,9.08460521697998,4.3080282921437174e-05
411,0.9481345177852024,0.004412028088038561,0.24586774493425648,19783.021900634765,2.5163137474790216e-06,4.711729049682617,1.2396349120535888e-05
412,0.7457300722832169,0.008221626026063985,0.4581640484568641,22883.991080566408,2.338786878876004e-06,4.412761688232422,1.4203327737050131e-05
413,0.676991569090136,0.01700462218722869,0.9476113993851804,17784.138706054688,2.6478646363466424e-06,3.9848597049713135,1.844323196564801e-05
414,0.8403829587098872,-0.002198361519699498,-0.12250742257605424,25520.79188720703,2.234762842974915e-06,1.7881345748901367,3.1270080853573745e-06
415,0.9918791637225047,0.001825006476957585,0.101701579869011,48169.621962890626,1.654414359408315e-06,13.07850170135498,1.758952930686064e-05
416,0.7249967198951991,0.025960516258905927,1.4466937794913046,25706.449229003905,2.2429498059428013e-06,10.335763931274414,4.0493330743629485e-05
417,0.9916268968837851,-0.003969070152302717,-0.22118316301707236,54965.90118945313,1.5509084386403755e-06,34.87424087524414,3.78497461497318e-05
418,0.770909870616731,-0.01729604173463618,-0.9638512477091501,29547.167812011718,2.0440136303347236e-06,9.406791687011719,3.2834741432452574e-05
419,0.9724559928578108,0.0031068226433899754,0.17313295881136798,25438.012956542967,2.2224611575267866e-06,9.290528297424316,2.05815740628168e-05
420,0.6353893317606601,0.017411667307506744,0.9702946787778439,15523.111688476563,2.8543403777537972e-06,6.376289367675781,2.9421466024359688e-05
421,0.8683589115191437,-0.005067183167734436,-0.2823773724372535,13219.961503662109,3.050824766464207e-06,4.602860927581787,1.237510696228128e-05
422,0.8522729722118911,0.026980945059364905,1.5035589043337796,11731.689498291016,3.238131553097832e-06,10.240579605102539,5.398293069447391e-05
423,0.9906818794686838,0.0025547832828211065,0.1423696295692015,10696.436922119141,3.431619467189737e-06,5.747461795806885,1.7779288100427948e-05
424,0.9628762873622067,0.00336011962829805,0.18724836271073012,12105.741000244141,3.194752727983796e-06,4.621610641479492,1.4244377780414652e-05
425,0.9619788156234407,-0.0026950703763081005,-0.15018736568301722,14447.392651123047,2.891444140832968e-06,4.183491230010986,1.1157141670992132e-05
426,0.9355872428333575,0.004310503377467533,0.24021010832245085,18104.48346118164,2.6285628821359534e-06,4.923196315765381,1.3371800378081389e-05
427,0.9889573621960024,0.0018780112752352011,0.10465536211227097,32312.32540283203,2.0048156898864923e-06,5.668144702911377,1.0578858564258553e-05
428,0.8557795753390002,0.016586355877415596,0.9243028001823504,46722.27166210937,1.7185388536729725e-06,21.43086814880371,3.0495764804072678e-05
429,0.9976498183281687,0.00016649165262250864,0.00927802959633289,28393.433861328125,2.1387931551311343e-06,23.515209197998047,4.373082992970012e-05
430,0.8783997019465992,-0.036016094965985616,-2.0070579502048527,44592.50503369141,1.7029534908084232e-06,44.593685150146484,7.036241731839254e-05
431,-0.13253841358760096,0.019557576891093085,1.089879128292022,40201.89957006836,1.7689959472133756e-06,4.392043113708496,1.4960431144572794e-05
432,0.696118538161061,-0.008458138015390974,-0.47134408002180217,27819.202029296874,2.1335381165462344e-06,3.959084987640381,1.1402388736314606e-05
433,0.7479055196900409,0.009258247780258412,0.5159315530982238,25550.04105859375,2.1942813668377633e-06,5.568271160125732,1.6334217434632592e-05
434,0.9510200320997743,0.0066457291108669835,0.37034452123336653,23125.09714355469,2.3131056036805575e-06,10.36172103881836,2.2759568309993483e-05
435,0.7964849543309637,0.007374472738732789,0.4109549953380837,34300.36655957031,1.948515245353984e-06,4.5583600997924805,1.258716747543076e-05
436,0.7184134351923401,0.007500188455827848,0.417960716799548,24305.163802246094,2.2538734270748913e-06,2.637814998626709,7.25026393411099e-06
437,0.9931691984723513,-0.0016503837359085085,-0.0919704315854419,47587.37676611328,1.6633198868561605e-06,7.544009208679199,1.0132101124327164e-05
438,0.9983297070815748,0.00019125342373262644,0.010657921270170682,72296.77115722657,1.352645403458541e-06,11.470901489257812,1.3303182640811428e-05
439,0.8816313774852621,0.02072272294430742,1.1548088673840085,35525.51653271484,1.9454948081090484e-06,23.245243072509766,4.5528671762440354e-05
440,0.9950157318536278,-0.003581095702049744,-0.19956262904213706,56682.1043178711,1.5072703641094161e-06,48.69241714477539,6.760780524928123e-05
441,0.9482379326298871,-0.008221331046410747,-0.45814761021560724,38231.146936035155,1.8068565244649686e-06,13.05567455291748,2.3169664927991107e-05
442,0.30781834742250624,-0.01925033180737353,-1.0727573751279693,33385.49189794922,1.935364794066037e-06,7.865934371948242,2.1723119061789475e-05
443,0.6385560386754732,-0.04647965658286809,-2.5901576602221685,20871.51684033203,2.4323321988406786e-06,14.842828750610352,8.068202441791072e-05
444,0.9789633337908719,-0.005519669943859066,-0.3075929651393828,26647.95432519531,2.1670272399363767e-06,14.694050788879395,3.135041333734989e-05
445,0.5055262401122247,-0.015499720429577613,-0.8637481976742949,26390.757210449217,2.166673745852809e-06,6.609224319458008,1.8247581465402618e-05
446,0.7369227571729028,-0.014360609263900072,-0.8002692968273425,30820.114827880858,2.026064870632713e-06,6.132124900817871,1.6552972738281824e-05
447,0.6008089899888661,-0.03792794756719599,-2.1135991775784215,72839.17635449219,1.34752582829565e-06,35.4822998046875,4.756026464747265e-05
448,0.9342330727946943,-0.0422616876733467,-2.355104192000058,75397.59981494141,1.33197791720077e-06,81.28959655761719,0.00010236116941086948
449,0.8942239884092289,0.019395733675302097,1.0808601407186385,75097.469375,1.3182012174416224e-06,34.358951568603516,4.238302062731236e-05
450,0.710338495332225,-0.0689731590140939,-3.843646216524027,57942.75567578125,1.4993799334316062e-06,40.1742057800293,9.0078916400671e-05
451,0.9889418421513336,0.002584422002509396,0.14402129747046774,41614.90281347656,1.7271600090262848e-06,20.344276428222656,3.153637226205319e-05
452,0.9894528661355628,0.007114532419715319,0.3964693803830055,34242.95534423828,1.8977633905760722e-06,62.916603088378906,0.00011325864034006372
453,0.9986884188893744,0.00047901123354368423,0.026693713058821487,26193.834899902344,2.169627961725233e-06,11.896381378173828,2.2624477423960343e-05
454,0.6968336543902445,0.013401787706506383,0.746837340047679,22512.97424194336,2.3597262641971757e-06,9.151530265808105,3.09686511172913e-05
455,0.6506152073878434,-0.006709730108264175,-0.3739110853144639,21803.89062158203,2.3892923747272005e-06,5.754472255706787,1.2783336387656163e-05
456,0.9576701966743719,-0.0030802902233865613,-0.17165439472616337,22166.797744384767,2.3632922512824137e-06,4.608587265014648,9.852085895545315e-06
457,0.8978932447204455,0.0020066720119063805,0.1118251997823177,32793.19813916016,1.961473635158896e-06,3.0147995948791504,5.69615531276213e-06
458,0.9989158546967067,-0.0002632124312155542,-0.01466795895454095,54109.48961132813,1.5761675834541372e-06,19.14716148376465,2.6102676201844588e-05
459,0.6903897013379474,0.0616134621157934,3.433514629943572,37755.956545898436,1.8101509933309725e-06,57.67028045654297,0.00012714863987639546
460,0.9983602241243164,0.0015853979271048227,0.08834898721916312,63937.7942578125,1.4212883373744966e-06,62.8845100402832,8.150825306074694e-05
461,0.6527160886919063,0.017814154911393338,0.9927239828432183,34804.74426416016,1.8966716822864074e-06,10.659543991088867,3.0573475669370964e-05
462,0.3572061425303334,0.008570296603884432,0.4775943075084896,25983.554373046874,2.1761282968999805e-06,3.3493545055389404,1.0000750990002416e-05
463,0.9392961061746815,-0.002617350119019092,-0.14585627258613404,20657.870650390625,2.470302650243825e-06,3.978508949279785,8.76717058417853e-06
464,0.45745146420627497,0.009563570047496774,0.5329461540541038,18344.01055395508,2.5872450799003674e-06,0.9872220158576965,9.10391281649936e-06
465,0.8804257998870373,0.004277605669343632,0.2383768277656345,19590.429853515627,2.5178523248527122e-06,2.1977181434631348,7.275329153344501e-06
466,0.8481651203551793,-0.01099079824429694,-0.6124808649062836,28217.8380690918,2.1297403120831594e-06,15.542643547058105,2.3311891709454358e-05
467,0.9785717582187808,0.005171115342699192,0.28816916908378326,73732.51708740235,1.3508262698272775e-06,16.61660385131836,2.027209302468691e-05
468,0.9975438306672997,0.0011832119698024118,0.06593649292107497,26124.379317871095,2.187860965665077e-06,17.19060707092285,3.30056827806402e-05
469,0.9200604673146922,0.035864771062589076,1.9986251691480812,45305.82002197266,1.712323305020124e-06,49.52003479003906,8.537427493138239e-05
470,0.999176726575156,0.00042566470374747167,0.023720887247348933,35881.23407617187,1.8579615146925847e-06,12.357008934020996,1.8989383534062654e-05
471,0.7458497275724432,-0.007830719370409243,-0.43638011236493607,27117.368087890623,2.15454732446089e-06,5.624508857727051,1.242526195710525e-05
472,0.9104512777064706,-0.004966316213342633,-0.2767563904036317,19571.56615209961,2.5110995216558244e-06,5.731415748596191,1.0724043931986671e-05
473,0.7004756621189111,-0.009412899310891518,-0.5245497718240926,16539.140173583983,2.715058495939955e-06,4.173034191131592,1.2436074939614628e-05
474,0.9375581142618774,0.007429688321629239,0.41403197730217994,16649.18389135742,2.7291745199806436e-06,8.020539283752441,2.178025897592306e-05
475,0.8799859827615223,-0.0032812296121661,-0.1828520828192273,16927.398783203123,2.6952847031811515e-06,2.6184134483337402,5.66468315810198e-06
476,0.6804854834356467,0.005241711601746193,0.29210326530128883,25126.211802246093,2.242392777341966e-06,2.8895819187164307,8.291976882901508e-06
477,0.8470169319676979,-0.0051242966811695986,-0.28556011979818846,45121.26859570313,1.7077657519646659e-06,6.845494270324707,8.841260751069058e-06
478,0.9592008575320309,0.0056571708569301705,0.3152554366261006,53072.3137475586,1.5646090601674816e-06,20.194108963012695,2.724737350945361e-05
479,0.8720198434798085,0.027447586241359987,1.5295632752990587,33725.56479589844,1.941455505074198e-06,16.497882843017578,5.0115184421883896e-05
480,0.982413682504257,-0.02984749462359212,-1.6633022384729206,68914.81845996094,1.4128304688416387e-06,123.86567687988281,0.00012250781583134085
481,0.847316033073309,0.01156992501308001,0.6447536858925743,33486.79556640625,1.9011627167090722e-06,4.635226726531982,1.9218270608689636e-05
482,0.9705815857823972,-0.0030908467351891122,-0.17224267424285586,31012.060665527344,2.0033814934008794e-06,6.43215274810791,1.153147968580015e-05
483,0.8938916753250894,0.002692440162139515,0.15004079253946048,29180.68908959961,2.099014783291627e-06,2.934591770172119,5.770403276983416e-06
484,0.789848511852133,0.01903559817808406,1.0607909795970603,24759.80219116211,2.254842884963575e-06,11.418368339538574,3.0982180760474876e-05
485,0.6175462199685037,0.006543565904986547,0.36465130338800067,17799.887399902345,2.6382439502519343e-06,2.260010004043579,8.88010526978178e-06
486,0.3781708526961969,-0.009659686207963394,-0.5383023900422051,15536.90741845703,2.8211644811143706e-06,3.5323221683502197,1.0314259270671755e-05
487,0.49492173543673434,-0.012699165498959459,-0.7076825263739766,16149.710821533203,2.7840779620660746e-06,2.422213315963745,1.4544516488967929e-05
488,0.897643707548462,-0.0079456221850472,-0.44278326650582295,21042.044247802733,2.4339560765735284e-06,7.687205791473389,1.730475742078852e-05
489,0.9984082926644886,-0.00020806594023275692,-0.011594827254464804,41484.49007714844,1.7527331659439489e-06,8.95732307434082,1.3387956641963683e-05
490,0.6458906581243681,0.024494513426181655,1.364998286317464,51820.38097705078,1.6006677984341224e-06,18.25288963317871,3.9491798816015944e-05
491,0.9392060058640396,-0.006731140012607103,-0.3751041885302673,62610.849903808594,1.4466556164001782e-06,12.806328773498535,1.629520920687355e-05
492,0.7540159786570068,-0.01617844864195567,-0.9015714779596299,58429.36632910156,1.4961054709587169e-06,12.110925674438477,1.4399065548786893e-05
493,0.45479880525174676,-0.03005734362299019,-1.6749964297221998,31056.67936669922,2.01112382456815e-06,18.5880184173584,2.8741189453285187e-05
494,0.9988616042664182,0.00032831201682416113,0.01829574372616022,31058.020876464845,2.007854926361127e-06,11.105947494506836,1.9933342628064565e-05
495,0.4252123714714662,0.01430323577729536,0.7970720620208008,18986.70144482422,2.556715931696663e-06,2.793306350708008,1.7174921595142223e-05
496,0.7788398657093628,0.017369694709375636,0.9679556845906798,20793.583498535158,2.4410297260093394e-06,9.619484901428223,3.204519089194946e-05
497,0.9201439991287568,-0.0034311224625277613,-0.1912051160195607,25988.505191894532,2.18374285297024e-06,5.362321853637695,1.0389127965027e-05
498,0.9265014645484559,-0.004245287930688388,-0.23657586699068345,32135.09173046875,1.986116270366955e-06,5.606042385101318,1.0278507943439763e-05
499,0.7705714514755806,0.013383099668331035,0.7457959174384541,50327.25920800781,1.6502420344255853e-06,10.681621551513672,2.6975460059475154e-05
500,0.9086404069478866,0.004857499581384697,0.2706923991105181,30282.63605078125,2.0602562333261568e-06,7.684466361999512,1.4458928490057588e-05
501,0.9951465612224673,0.004346185806714979,0.24219857218482538,42998.87274267578,1.7306379101776136e-06,19.760204315185547,3.133519567199983e-05
502,0.7170248442335667,-0.009138694138478235,-0.5092692237302714,33026.42516015625,1.9512625013312505e-06,11.410694122314453,2.3637281628907658e-05
503,0.9727666662884904,-9.568579960395595e-05,-0.005332253399437153,22838.666932128905,2.315445829016916e-06,15.13670539855957,2.828593278536573e-05
504,0.999666375484977,1.4547741980711848e-05,0.0008106975847184983,15084.654871826171,2.8868506445778865e-06,1.855808973312378,4.62897151010111e-06
505,0.6166585027573407,0.017450391879168987,0.9724526711836388,17881.560900878907,2.637931013508556e-06,5.36823844909668,2.707521343836561e-05
506,0.9433383923229532,0.007823518874199444,0.4359788525066159,27382.84996826172,2.139725225098107e-06,10.49237060546875,2.4734228645684198e-05
507,0.6640868752491358,0.008466252459376713,0.4717962711693558,53289.592970703125,1.592222333401877e-06,4.471642971038818,9.43806480790954e-06
508,0.9069423324725688,-0.008659496293666911,-0.48256511144219794,25902.38553100586,2.196103748976136e-06,9.216951370239258,1.8547765648690984e-05
509,0.9327821736902475,-0.05080926485294185,-2.8314324210736994,74620.275078125,1.3367846091557622e-06,155.61895751953125,0.00014755218580830842
510,0.5125372006099497,0.0921970350937246,5.137836082588524,28073.515510253907,2.0977833316680666e-06,15.9204740524292,0.00011853684554807842
511,0.09847667520658537,-0.026152105983513186,-1.4573704416978466,22603.049924804687,2.3311425130497983e-06,7.8242292404174805,3.585614467738196e-05
512,0.7402919991236155,-0.023177245144290624,-1.2915912781390653,15920.691236572266,2.7906535704887344e-06,11.367756843566895,3.7314403016353026e-05
513,0.7957849860923151,0.007985542115212796,0.4450078722907131,12412.987843261719,3.1275792389532663e-06,3.0405683517456055,1.4170646863931324e-05
514,0.7422131513522866,0.011344096226541804,0.6321689939143164,12915.806794067383,3.1070258719875837e-06,6.080991744995117,2.4900047719711438e-05
515,0.5855413531262311,0.022950151877787428,1.2789361208710808,10455.662328857421,3.4308909985479784e-06,5.857609272003174,3.383436342119239e-05
516,0.2437664411841959,0.01830124053459143,1.0198676549540755,12007.767617919922,3.225176499744971e-06,2.9311585426330566,3.101642869296484e-05
517,0.6056183204171025,-0.006179230598606862,-0.34434810078093653,11638.077919921874,3.247723638250109e-06,3.4546256065368652,1.2436493307177443e-05
518,0.8216957932993213,0.004980190407192137,0.2775295533768699,14495.514376220703,2.8945970207625164e-06,3.242387294769287,1.2319429515628144e-05
519,0.4232607171921263,-0.00891517083665087,-0.496813008796022,18933.064711669922,2.5488790226418636e-06,2.892542600631714,1.32633604152943e-05
520,0.21052819998604558,0.02064932560381429,1.150718676154233,47250.71688720703,1.6606719367727686e-06,7.680716514587402,2.019155363086611e-05
521,0.878773397836321,0.010630586807597773,0.5924074719283785,51023.15393017578,1.6006401184590567e-06,8.525510787963867,1.886778227344621e-05
522,0.94796333980394,0.015573177688814596,0.8678417279776521,58549.420725097654,1.4998612662346228e-06,26.625484466552734,4.105737752979621e-05
523,0.9577029162726111,0.019182980960590252,1.0690041350108197,30944.83735546875,2.0463294831712367e-06,47.389408111572266,0.00010008049139287323
524,0.7788095613104724,-0.01602669630547868,-0.8931148217431258,51628.928274414066,1.5644187974752307e-06,21.29192543029785,3.825489693554118e-05
525,-0.40918753329061724,-0.01792512412007729,-0.9989079301236607,40057.74747802734,1.769681407108258e-06,5.426858901977539,1.5256965525622945e-05
526,0.8189287091009408,0.003756587010423719,0.2093421797123717,24810.73127050781,2.2431848440974817e-06,4.106436252593994,1.0695423043216579e-05
527,0.6951708460662199,0.012664694175007662,0.7057615534073937,17450.081328369142,2.6601459953041922e-06,4.861775875091553,2.218789086327888e-05
528,0.9772851845029792,0.004272720032434981,0.23810456736626068,18949.36104370117,2.553171726784435e-06,9.284753799438477,2.2495029043057002e-05
529,0.9951350320461847,0.0015006954267243815,0.08362879678898605,24485.89199511719,2.272591513648212e-06,9.050946235656738,1.7277798178838566e-05
530,0.8579112916479776,0.009524705523814748,0.5307803625847455,42044.93144384766,1.7624539010497198e-06,7.252289295196533,1.5522375178989023e-05
531,0.9083272740352171,0.006289434180392272,0.3504893822044876,41528.11667089844,1.7828937411614576e-06,6.398148536682129,1.2178286851849407e-05
532,0.903766112502834,0.01120172998764794,0.6242353938979195,38766.77275439453,1.841200436851947e-06,11.441668510437012,2.9682436434086412e-05
533,0.9863391294983844,-0.009385673454419987,-0.5230325648161165,52043.64859765625,1.5729208397270703e-06,69.19599914550781,8.432176400674507e-05
534,0.9737254919686635,0.004801403919535401,0.26756637325477334,28949.227286621095,2.0624556620858905e-06,10.869213104248047,2.1857866158825345e-05
535,0.9187026620757346,0.0033836530666313427,0.18855980345818205,22302.97788623047,2.3538063159685724e-06,4.485465049743652,1.0185849532717839e-05
536,0.9151695993463713,-0.0044853195708073395,-0.2499520370628813,18750.789180664062,2.5857339900839265e-06,4.8422017097473145,1.2388313734845724e-05
537,0.8171866727624661,0.010866425628728207,0.605549990054339,14606.479228027343,2.9201602350505516e-06,3.2082924842834473,1.6687843526597135e-05
538,0.8775387849731339,-0.012859967205434803,-0.716643474075071,16182.255563720702,2.782650032268042e-06,10.786856651306152,2.5558740162523463e-05
539,0.9918567089442798,0.002117525841096105,0.11800271734484111,17239.48596118164,2.7109893898736797e-06,6.040676593780518,1.4773424481973052e-05
540,0.7793660339578214,0.0029758621064085956,0.165834960870175,22511.571874267578,2.3332918151674616e-06,1.1408888101577759,3.8797293200332206e-06
541,0.9972766819319009,-0.001665180133126889,-0.09279498590482567,42486.90552856445,1.729894552483878e-06,17.04343032836914,2.3548978788312525e-05
542,0.795660328182863,-0.03925320176063156,-2.187451214216186,31975.585538574218,1.9928629241325367e-06,24.015520095825195,8.322753274114802e-05
543,0.8424550599003501,0.024116505929946453,1.3439331777521848,45443.48079638672,1.693522648189185e-06,17.477066040039062,3.7505065847653896e-05
544,0.7517436605259196,-0.005855682447492408,-0.3263178315476497,39648.44284082031,1.7801678562566777e-06,4.91291618347168,8.08052300271811e-06
545,0.9964457496993493,-0.0005607960237062085,-0.0312513091406997,23490.592051757812,2.2909237444606298e-06,5.5461015701293945,1.0670632946130354e-05
546,0.6167559377643439,0.028549990262481086,1.590996608285839,17863.066477783203,2.6293085461835345e-06,6.602874279022217,3.399197885300964e-05
547,0.5096305393718558,-0.01079919461961558,-0.6018034280945475,17821.531552246095,2.657128482252766e-06,5.116143703460693,1.2304397387197241e-05
548,0.8797129157665116,0.003795722286553388,0.21152305932088267,18427.968540039063,2.582128184312845e-06,2.353605031967163,6.84566339259618e-06
549,0.9829312139157872,-0.0006203566758398775,-0.03457042745425268,16830.598447021483,2.7075884836542812e-06,1.5331348180770874,3.223266276108916e-06
550,0.9625315401805947,0.0009456818352429268,0.052699723486990493,18332.889811767578,2.618325110038746e-06,1.2496453523635864,3.2155994631466456e-06
551,0.7296115245203919,0.00728240841516547,0.4058245548302905,25857.78968359375,2.197450967271018e-06,2.12355899810791,8.376180630875751e-06
552,0.788641994061321,0.011214000973330472,0.6249192153781282,50188.91657910156,1.604814241851761e-06,3.21096134185791,1.1940333934035152e-05
553,0.965964398357803,-0.010826413402208399,-0.60332024089864,60587.61941015625,1.4911904173078178e-06,28.873754501342773,3.4521792258601636e-05
554,0.9444954904046332,-0.018125796581312404,-1.0100907432267883,40252.0604140625,1.7769021905853313e-06,26.946956634521484,3.991910853073932e-05
555,0.6319763140309049,-0.028074570843273083,-1.5645030551700903,66044.63444433594,1.3967864491633842e-06,21.30843734741211,3.379576810402796e-05
556,0.609268746457513,0.02410277911795493,1.3431682278828394,40966.70079394531,1.7406687266409036e-06,13.614545822143555,3.574489164748229e-05
557,0.6725948041206276,-0.008996625878633466,-0.5013522291015504,29393.933388671874,2.064390756065118e-06,6.247219085693359,1.1091804481111467e-05
558,0.741918075664186,0.02755112065074868,1.535332905784529,20729.982474365235,2.4595517692972293e-06,5.742316246032715,3.081904651480727e-05
559,0.6324685528019881,-0.005918914704700111,-0.3298415562784395,19195.170470703124,2.546206378174314e-06,2.206275701522827,7.4752160799107514e-06
560,0.997650225415744,0.0009573633896753706,0.0533506979115229,21164.097739990233,2.4386048319659776e-06,5.87351655960083,1.20923577924259e-05
561,0.8857315256668654,-0.0025849894347136928,-0.14405291859202218,26047.531927734373,2.1685743402619974e-06,1.7559717893600464,3.19137575388595e-06
562,0.8750365579015353,0.0048538779643873585,0.2704905783636001,60740.45398339844,1.4600816626844185e-06,4.634840965270996,7.063676093821414e-06
563,0.9119382625942783,0.01225488582906693,0.6829242885801702,49358.435054931644,1.6373534993748245e-06,16.5079288482666,2.743370714597404e-05
564,0.9554330399379479,0.02081938112226327,1.1601953082155811,48233.061174316405,1.6585327856846736e-06,38.047767639160156,5.41618574061431e-05
565,0.6660785350212647,-0.027583288428476287,-1.537125509732558,47831.77448730469,1.6318243167624015e-06,16.535707473754883,3.209138594684191e-05
566,0.7379600113819453,0.008824690731116925,0.4917708515238697,33628.85523339844,1.939434045293691e-06,3.015692949295044,1.2164111467427574e-05
567,0.8506348605761098,-0.007272461744514276,-0.4052702597456234,25094.690404541016,2.222030359852442e-06,5.430167198181152,1.2207661711727269e-05
568,0.6929145276362738,0.005886107200047463,0.328013302462981,26872.678879882813,2.1753369431264625e-06,2.9757537841796875,7.63127718528267e-06
569,0.367618671107272,0.03324842666632766,1.8528249421676244,26880.47270654297,2.1721054866531875e-06,6.433781623840332,3.553305577952415e-05
570,0.9954937510570193,0.0009217496371486247,0.05136606117583737,25978.234915039062,2.2042105838792193e-06,4.702759265899658,9.128357305598911e-06
571,0.9974052676833555,0.0004862317869706292,0.027096090639570185,39833.49667578125,1.7935329620330152e-06,3.223280906677246,5.269590474199504e-06
572,0.9594289459601033,-0.0030567783025108103,-0.1703441530755116,62737.72310888672,1.4650895143818952e-06,7.227409839630127,8.313305443152785e-06
573,0.9697785009209041,0.008777554607555764,0.48914411112837114,41519.3085024414,1.79451332493348e-06,22.107221603393555,3.258366632508114e-05
574,0.904926463072931,0.037918485902446224,2.113071910269844,50863.53410546875,1.5733614934274387e-06,47.03064727783203,7.596363866468892e-05
575,0.6755657411843511,-0.006090301186874313,-0.339392358549764,34484.45215673828,1.9030854547690606e-06,5.3987298011779785,8.241388059104793e-06
576,0.799709209513625,-0.013754515293099033,-0.7664936827909983,24550.133982910156,2.2653809358154788e-06,7.316927433013916,2.2347951016854495e-05
577,0.5486408238864526,0.007544250453649634,0.42041614632664265,25624.883407714842,2.2054684430907463e-06,2.7402236461639404,7.74682848714292e-06
578,0.49664850035441976,0.0024914673026656103,0.13884123923521008,24107.918362792967,2.2937473724936373e-06,0.7621124386787415,2.7473292902868707e-06
579,0.09164780954777155,-0.004026281759236829,-0.22437137680453462,28514.57846948242,2.0922764871047685e-06,1.3160851001739502,3.4565862279123394e-06
580,0.8170662166727943,0.01377840626811898,0.7678250478764473,40923.02974267578,1.7958500034056484e-06,8.497892379760742,2.0786685126950033e-05
581,0.9498944286965019,-0.011861276674033935,-0.6609897511288314,69659.97498144531,1.376248034460961e-06,32.823360443115234,3.489485243335366e-05
582,0.8874084584159776,0.012739495427772937,0.7099299800285921,41211.608620117186,1.7705543473871647e-06,22.64280891418457,3.429383286857046e-05
583,0.46579388671374955,-0.030941127877448793,-1.7242468055847753,47993.13733984375,1.6145920182746973e-06,10.75586223602295,2.9954395358799957e-05
584,0.5915886226876952,0.013342627500144961,0.7435405372536616,33243.250034667966,1.937317624417659e-06,3.928098440170288,1.80970091605559e-05
585,0.8494883337421095,-0.0048912320957167025,-0.2725722006585313,24347.719537841796,2.2646993054523745e-06,3.581850528717041,9.131305887422059e-06
586,0.9522311011602314,0.007569448370355505,0.4218203429532031,18512.19757421875,2.5877987516172166e-06,9.124547004699707,2.172380300180521e-05
587,0.9495105932127721,0.0010257310069097772,0.057160599285796525,19324.876092285158,2.5275283187664797e-06,1.3036421537399292,3.17436251862091e-06
588,0.811901873589629,0.004259293610244073,0.23735635722780685,24287.00715649414,2.2636228240656057e-06,3.3313910961151123,7.851504960854072e-06
589,0.844992686994401,0.019131880630462384,1.0661564824838565,51964.32527148438,1.569561809163648e-06,8.966435432434082,3.244150502723642e-05
590,0.9851162077684746,-0.005940095703732698,-0.33102190335776016,35511.86037939453,1.9565960769925733e-06,29.153358459472656,3.873782407026738e-05
591,0.951444954572109,0.019391290496212122,1.080612537031311,59057.97358007813,1.4848800334575467e-06,29.375350952148438,5.4796208132756874e-05
592,0.9600547502477775,0.008618127349456727,0.48025975689315403,35399.380151367186,1.8701419850853024e-06,14.830839157104492,2.6992849598173052e-05
593,0.8890069367316866,0.005361143579629477,0.29875881474232957,24325.54571142578,2.244889340291202e-06,4.574757099151611,1.19248152259388e-05
594,0.9338044632287433,0.0016830481883873011,0.09379071357599543,15863.019365478516,2.7971856823281745e-06,1.5950489044189453,4.724576228909427e-06
595,0.9984393209299813,-0.000569342550762681,-0.03172757884988206,15443.309876586914,2.8266184112226068e-06,6.67960786819458,1.7265074347960763e-05
596,0.948586898159908,-0.003355128684580876,-0.18697023391092438,15910.637680664062,2.7836456014180748e-06,4.920088291168213,1.1958927643718198e-05
597,0.6864950111797187,-0.0085305799664261,-0.4753810305543549,18440.63796557617,2.594812109639913e-06,5.5363030433654785,1.2173082723165862e-05
598,0.9255380017278192,-0.0026742367951837123,-0.14902637905560995,33565.338737304686,1.934845707677238e-06,3.1962270736694336,6.0061811382183805e-06
599,0.9768130636171688,0.0037259456439439603,0.20763463761885984,56941.781163085936,1.5376029900857857e-06,10.290543556213379,1.5602001440129243e-05
600,0.9635006177469905,0.017550882508687592,0.9780526818757166,34615.852579589846,1.9090683463278304e-06,35.66626739501953,7.13012195774354e-05
601,0.6597537973266627,-0.02943661352532773,-1.6404051927038201,59486.38384130859,1.4822534529191643e-06,18.85344886779785,2.978528937092051e-05
602,0.7876898394395582,0.010536093757429971,0.5871416865133438,37281.75369750977,1.839961578719469e-06,5.389660835266113,1.560994132887572e-05
603,0.9558222401061031,0.004702575062631074,0.26205896765883563,28781.79147241211,2.0891960174170156e-06,7.872938632965088,1.5132108273974154e-05
604,0.5887071472161287,0.007208543789178275,0.40170832332416756,25279.189526123046,2.223538881504796e-06,3.087073564529419,7.921846190583892e-06
605,0.9925428618675359,0.0011428709470878101,0.06368842104001175,21400.923588378908,2.419823426412322e-06,5.315702438354492,1.1321551028231625e-05
606,0.5161204020192163,-0.006961922007194533,-0.3879649064242611,20142.94633666992,2.4707480870141225e-06,2.2222506999969482,9.77584295469569e-06
607,0.7726056612726259,0.009121910151484319,0.5083339076010772,23233.536802490235,2.315728059448973e-06,6.584496974945068,1.467885886086151e-05
608,0.6669968590634981,0.009062783215320088,0.5050389588452016,26762.268640625,2.161140961520586e-06,3.728032350540161,1.2123538908781484e-05
609,0.939543434608939,0.008155993603961006,0.45450657046827614,56263.01241113281,1.5460002773793153e-06,19.281888961791992,2.5663694032118656e-05
610,0.6288312675464285,-0.029189907220027313,-1.6266570655987993,42384.88426611328,1.772095082963263e-06,19.167667388916016,2.8809350624214858e-05
611,0.6681146717533465,0.04859815644673337,2.7082146566370864,46241.67067626953,1.6828310453570357e-06,14.169909477233887,6.0001355450367555e-05
612,0.9982626795431063,-0.0004465135457711407,-0.024882724314240535,31891.63529296875,1.977223317349562e-06,9.415779113769531,1.539842924103141e-05
613,0.903683118809931,0.006223793670609813,0.34683145351624955,33928.38732080078,1.9254143808680376e-06,7.685310363769531,1.621625415282324e-05
614,0.886079203658001,0.007877325710441266,0.4389773296751293,21626.981510253907,2.4154043636840156e-06,5.888291358947754,2.0847213818342425e-05
615,0.9534654701556279,0.003624265939637725,0.20196836371839832,15273.942210449219,2.8508855589739062e-06,4.714729309082031,1.3372490684560034e-05
616,0.44827858469289833,-0.007944396916902966,-0.4427149863612836,14195.52060498047,2.9641096575553532e-06,3.2990665435791016,1.068427172867814e-05
617,0.2775524165511881,0.015321406872835624,0.8538113724291843,17803.09978979492,2.6154105105041923e-06,2.461935520172119,1.447947488486534e-05
618,0.9935887348276922,0.0009192479257589734,0.05122664906748804,21583.010234863283,2.3841303129548103e-06,3.9369866847991943,8.673830052430276e-06
619,0.8658434616914232,0.008816159369527088,0.49129542693602557,43421.138852539065,1.7442481261371474e-06,8.308295249938965,1.7925895008374937e-05
620,0.7296130897556342,-0.03804318009032301,-2.120020705283817,64776.166538085934,1.4517789628876454e-06,34.86846923828125,4.872939098277129e-05
621,0.8916145182172112,-0.019644900604021017,-1.0947453902351596,30029.78637109375,2.0612961204927237e-06,24.03023910522461,5.444627458928153e-05
622,0.8176456382864874,0.010895061776189728,0.6071457879186039,40695.19359033203,1.7260259890668671e-06,6.514216899871826,1.293990408157697e-05
623,0.9781293219888822,0.002971609597162587,0.1655979825831458,33424.14977734375,1.9219915891146326e-06,6.729107856750488,1.3853399650542997e-05
624,0.995536883619521,0.000211503325570892,0.011786381379845058,19898.477330322265,2.5147505655375087e-06,5.105751037597656,1.1544398148544133e-05
625,0.6854684454794029,-0.02055703006466835,-1.1455753507663402,15518.533392089843,2.8280942901817816e-06,9.277219772338867,3.331433254061267e-05
626,0.8563650075885709,0.011039040293773535,0.6151692348983,18215.321645263673,2.6256094933938508e-06,6.093082427978516,2.2011639885022305e-05
627,0.9910327266888391,0.0031084748726614713,0.17322503208855283,21633.94215258789,2.4208926797718586e-06,14.056501388549805,3.0012039132998325e-05
628,0.8880320045238186,-0.0034334933465881333,-0.19133723755319385,43909.39110595703,1.72153950925924e-06,4.040640830993652,5.803011845273431e-06
629,0.9399364820255972,0.00929612616698799,0.518042390414105,55912.560478515625,1.5728722792699476e-06,15.24932861328125,2.5708714019856416e-05
630,0.8717205144685486,-0.018094766024523486,-1.0083615128435028,36898.21871044922,1.881635282037131e-06,25.35081672668457,4.811650069314055e-05
631,0.9786382871075813,-0.0071785456021106475,-0.4000366234937812,47455.92378466797,1.6255195713843618e-06,33.978206634521484,5.2460862207226455e-05
632,0.9362511030046714,0.007909661560562359,0.44077929974221924,37894.245513183596,1.8123338159852661e-06,12.594633102416992,2.410198976576794e-05
633,0.6724025087977217,-0.018048573708883815,-1.0057873677444706,23142.72163208008,2.320097512536872e-06,6.505111217498779,2.709329783101566e-05
634,0.9889118635578095,-0.00052479418096507,-0.029245045419886314,15860.625328125,2.803146725945334e-06,1.6003724336624146,3.40720862368471e-06
635,0.8215635659290104,-0.006459707526526577,-0.35997815308288494,16156.05108251953,2.753210450466976e-06,4.146985054016113,1.1517892744450364e-05
636,0.5871235749096475,-0.012631485906367222,-0.7039109663392987,18981.215505371092,2.5685822181725206e-06,6.156367778778076,1.7228905562660657e-05
637,0.6068560606258533,0.013377676904955803,0.7454937247561376,24445.3802421875,2.2564930462204144e-06,4.060356616973877,1.3528855561162345e-05
638,0.8461986841814423,0.014579655722086695,0.812476032060101,62615.75322705078,1.4591186802919417e-06,18.183853149414062,2.4608263629488647e-05
639,0.7079712016501287,0.01580702010242617,0.8808729929101067,56050.52950146484,1.5415167036910774e-06,10.48921012878418,2.2638934751739725e-05
640,0.9930018802349426,-0.007694229317129596,-0.4287739727538117,50987.154236328126,1.6035709663713078e-06,50.7668571472168,6.332568591460586e-05
641,0.9745692046163797,0.01664496697144981,0.927569002761022,59358.31886230469,1.461923404777942e-06,56.72904586791992,7.859604374971241e-05
642,0.6966381096716326,0.015048748717812813,0.8386170345021118,28308.520181640626,2.095315780954746e-06,7.212943077087402,2.732219763856847e-05
643,0.6833867018158722,-0.010670835484210436,-0.5946503976663565,23358.523883300782,2.3180219271133166e-06,4.111024379730225,1.5245698705257382e-05
644,0.8233813547490011,0.00701180424947985,0.390744678941169,21697.131103759766,2.397005285831897e-06,4.631650447845459,1.1457721484475769e-05
645,0.9737438093734532,0.003979555469263846,0.22176747508052966,18330.564736816406,2.592228538063026e-06,5.857600212097168,1.4839955838397145e-05
646,0.9446239511862798,-0.003877918362764662,-0.2161035750150823,19029.431068847658,2.5735562887909255e-06,5.182799816131592,1.063518811861286e-05
647,0.638528925069407,0.012497252095493544,0.6964305596612634,28395.893020507814,2.1005288971891303e-06,3.595041036605835,1.1929854736081325e-05
648,0.9019941839641638,-0.013757354427063084,-0.7666518983443399,57379.41716796875,1.5221017370336925e-06,17.292409896850586,2.151834087271709e-05
649,0.9449150185064824,0.009450094026736586,0.5266225104209049,32665.873760253908,1.9706426598936376e-06,21.64120864868164,3.449619543971494e-05
650,0.9757485362796208,-0.03384861973957202,-1.8862717186838076,74600.24019335938,1.337788101154101e-06,106.68191528320312,0.0001245050661964342
651,0.5803551317477182,0.03214176839994405,1.791154534151352,50537.097615722654,1.5841795203176457e-06,21.168235778808594,3.94380149373319e-05
652,0.8604137057619443,0.011866008844839286,0.6612534593694269,37206.349124023436,1.8348876327714683e-06,2.8581457138061523,1.537128264317289e-05
653,0.9331092511908855,-0.013476659636401347,-0.7510097052717486,26763.593681396484,2.1526374296293727e-06,14.828045845031738,3.08083908748813e-05
654,0.8282854872414852,0.009119461232973008,0.5081974374653735,20703.441712158205,2.4316183087930796e-06,2.9475839138031006,1.3355017472349573e-05
655,0.5467083640068848,0.006158043756536275,0.34316742808841766,26428.631707519533,2.174894265133744e-06,1.3553599119186401,8.07066317065619e-06
656,0.5773916179245229,-0.005637765510574955,-0.31417404080249733,29937.169005859374,2.0373877906831466e-06,3.4683985710144043,7.212846867332701e-06
657,0.998745929670323,7.038140092197631e-05,0.003922122884238735,53332.67786328125,1.551517182487253e-06,2.3452343940734863,3.1461493108508876e-06
658,0.902312725378548,0.018114354169833823,1.00945309544878,53581.46254492187,1.566214226582133e-06,23.648181915283203,3.972433114540763e-05
659,0.8028965667703657,0.017346231718526426,0.9666481696487083,61580.12501171875,1.4542939723948643e-06,19.589183807373047,2.548076918174047e-05
660,0.9814174561415164,-0.005109551174129199,-0.28473840142024703,62435.7933515625,1.4358570108883895e-06,15.500685691833496,1.8323748008697294e-05
661,0.9613073146373594,0.0013776494251277708,0.07677184974965177,35094.02012646484,1.9076622642429336e-06,2.8437583446502686,5.4201432249101344e-06
662,0.9880807939956151,-0.000613872346193248,-0.034209077191785085,23925.434458496093,2.3042410154148637e-06,3.070124864578247,6.296608717093477e-06
663,0.8695691635562135,-0.01223938037766915,-0.682060221014577,25650.913580566405,2.213359824110893e-06,9.924298286437988,2.193198452005163e-05
664,0.9687971699155046,0.0026059826765084527,0.1452228025809593,29029.23594091797,2.079913763265542e-06,4.521251678466797,8.884600902092643e-06
665,0.7281906219236347,-0.00619630609240089,-0.3452996616207595,44715.15699121094,1.6818143075245006e-06,5.7789998054504395,8.597025953349657e-06
666,0.7458168248398311,0.0262785740252,1.4644180877226054,50731.5962265625,1.591446357691601e-06,16.979408264160156,4.5527081965701655e-05
667,0.540175594617146,-0.024983362540387005,-1.3922402319543536,49000.39251171875,1.6592751193271948e-06,17.71921730041504,3.448044299148023e-05
668,0.6134697519565594,0.036042386026849255,2.0085230641428162,58835.327247070316,1.4957870924453258e-06,21.726320266723633,4.8220597818726674e-05
669,0.9940740854627995,-0.008771192497276484,-0.4887895717473479,50284.57255957031,1.5907848573555238e-06,70.45692443847656,0.00010296318941982463
670,0.8650924919159229,0.009024928788714673,0.5029294567478587,36809.134083496094,1.852313066066068e-06,14.604392051696777,2.901842526625842e-05
671,0.9871948844587088,0.0024248085480696327,0.13512656712850435,25089.317331787108,2.221363637157399e-06,9.078448295593262,1.6695148588041775e-05
672,0.3348982115409419,0.014736078605623076,0.8211929624294865,18570.659085693358,2.589061619423673e-06,5.123549461364746,1.5110304957488552e-05
673,0.9118083738634869,0.004516036591102675,0.2516637950935224,18571.244111328124,2.5947905554272437e-06,3.4668960571289062,1.0646603186614811e-05
674,0.910538618599206,-0.00663554990251855,-0.3697772675912988,18764.59594140625,2.5510402101371623e-06,4.578550338745117,1.5081039236974902e-05
675,0.8756032520529915,-0.003544009223526385,-0.19749592215357223,21296.052252685546,2.43704677206682e-06,2.6936001777648926,5.693431830877671e-06
676,0.9580368547947088,0.007041480613474669,0.39239844463523516,37248.19488232422,1.8579000557989462e-06,9.999944686889648,1.8234282833873294e-05
677,0.9547159186249284,0.007500112930501323,0.4179565080226891,58804.077006835934,1.5037969494370368e-06,14.652276039123535,2.1776428184239194e-05
678,0.9327082361182242,0.012149761144753444,0.6770660373285166,33826.09768652344,1.9646138024596993e-06,14.845139503479004,3.0672421416966245e-05
679,0.8796300577803181,0.032246850406797894,1.797010407129216,53484.007265625,1.5887976840915717e-06,35.79804611206055,6.223002128535882e-05
680,0.9984036277017415,-0.0007277689337872885,-0.040556157624789126,32433.725326171876,1.9325608315111944e-06,7.792261123657227,1.3172470971767325e-05
681,0.978558453926743,0.0015470452323333125,0.08621171828354869,24397.16803857422,2.2476306019485272e-06,4.400625228881836,8.838391295284964e-06
682,0.7806967506504383,0.007221590538123573,0.4024353755273483,19192.912329101564,2.5517715533498965e-06,3.542440414428711,1.4429813745664433e-05
683,0.8351349344499246,-0.006041450375854316,-0.33667006428870555,15310.666633300782,2.8468037160321122e-06,4.798817157745361,1.2320447240199428e-05
684,0.9282283149814898,-0.0027131881206224114,-0.1511970077000143,17221.488438720702,2.69158721681078e-06,3.7051970958709717,8.178626558219548e-06
685,0.6623236451650012,-0.00956572009266453,-0.533065968966057,17402.869397460938,2.67143660283869e-06,3.5452072620391846,9.808888535189908e-06
686,0.8538979016208962,0.00531535079689656,0.29620693429185585,35622.79600732422,1.8792192956330823e-06,2.4099605083465576,6.462920737249078e-06
687,0.9766747022790313,0.002562149894011722,0.14278014646644302,79924.8880859375,1.2847453052368332e-06,12.702741622924805,1.394481114402879e-05
688,0.9304767120682363,-0.016933523948852256,-0.9436493295185346,32417.675824707032,1.9899162267237824e-06,19.173778533935547,3.7476947909453884e-05
689,0.9774608934267233,0.005661569721891926,0.31550057083350724,65546.04510205078,1.400576341943086e-06,16.256677627563477,1.852928653534036e-05
690,0.5510498186716453,-0.009354994205613018,-0.5213229116656988,38366.35619775391,1.8037891196833284e-06,4.174458980560303,1.0910483069892507e-05
691,0.8896622810740632,0.00769450544919431,0.4287893606812457,29036.568180175782,2.097741635570713e-06,7.99038553237915,1.7971919078263454e-05
692,0.9783803329564985,-0.004209503585064587,-0.23458172366545738,23879.175075927735,2.2618761798790508e-06,8.099217414855957,1.6902549759834073e-05
693,0.6264055876627789,0.015192439029915416,0.846624420742772,24219.54411743164,2.261713612248687e-06,3.898301839828491,1.874036570370663e-05
694,0.3000481622506025,-0.024361182750797905,-1.357568208395694,26466.277322753907,2.1447410848987586e-06,7.303828716278076,2.201252027589362e-05
695,0.7742952676986263,0.014131551058903024,0.7875046400306199,36541.393767089845,1.88752986286253e-06,7.185301303863525,1.9766863260883838e-05
696,0.8377521666187313,0.024966450137213093,1.3912977596158251,57298.52075537109,1.5191515031527776e-06,20.56277084350586,3.435479084146209e-05
697,0.3228517033021773,-0.02979178471151493,-1.6601977091771893,54475.39534179687,1.555229745682582e-06,10.321940422058105,2.7738298740587197e-05
698,0.9794381842072939,0.0072170590328826485,0.40218284971551943,38656.79175048828,1.8484779824686861e-06,20.967073440551758,3.347952224430628e-05
699,0.6516171365675871,0.025186194424836265,1.4035433825769683,39226.423973144534,1.786773572571526e-06,12.80846118927002,2.7093134121969342e-05
700,0.9055422053768772,0.007013408436971956,0.3908340750087519,41885.123945800784,1.7251697529224377e-06,7.668039798736572,2.0572570065269247e-05
701,0.5572798490327442,-0.013561471548287362,-0.7557359928435595,27646.395001953126,2.1493819593691814e-06,6.422510147094727,1.905190947582014e-05
702,0.7791967810403093,-0.004300171063451229,-0.23963432260748038,16586.991895751955,2.702201970443002e-06,2.56366229057312,6.6813499870477244e-06
703,0.6034835643647138,-0.01917338127768036,-1.0684691764062864,15899.019224121093,2.7680901753585192e-06,4.677244663238525,2.4693117666174658e-05
704,0.3751368610432818,0.04045341282344886,2.254335010414144,20178.992294189455,2.4768036268726514e-06,8.395511627197266,4.105010157218203e-05
705,0.921320950662289,-0.0020220533194392387,-0.11268234922057646,24570.901067382812,2.2678796304415946e-06,2.6332201957702637,5.47862191524473e-06
706,0.9611923188620842,0.0018128092860383606,0.10102187072709219,47157.686099609375,1.6571982594899087e-06,5.0490617752075195,7.914063644420821e-06
707,0.9937434833222633,0.0033307900116300968,0.18561392009929567,41649.885975097655,1.7686736964312522e-06,19.971052169799805,3.195563476765528e-05
708,0.8898951822812837,0.030734937583920065,1.7127565019226836,33428.06876171875,1.9876204045250445e-06,15.256040573120117,5.960257112747058e-05
709,0.6765330992213008,-0.029740049293390386,-1.6573146652949444,41130.988453125,1.7632403053283452e-06,16.497303009033203,3.5942965041613206e-05
710,0.9473575304001672,0.004407594756193892,0.24562069000136766,38088.206189941404,1.8281008708026496e-06,9.766072273254395,1.7088452295865864e-05
711,0.16477133785944795,0.011914096603457358,0.6639332312417823,27411.655780761717,2.132724249787782e-06,4.32303524017334,1.6869031242094934e-05
712,0.986101097351431,-0.01557172834909754,-0.8677609610648478,17814.93491381836,2.6440879900521485e-06,34.70450210571289,8.52509037940763e-05
713,0.7123659643806601,-0.009359857973799903,-0.5215939533934781,16622.809427246095,2.7103062744084895e-06,4.853790760040283,1.4825300240772776e-05
714,0.8463120711403329,0.012812076383331077,0.7139746768238444,19544.85665515137,2.5278697567754552e-06,7.914665222167969,2.4994482373585925e-05
715,0.9895772714066301,0.0009697947568464653,0.05404345692207707,24247.858755371093,2.2664997238926094e-06,2.46993088722229,5.461006367113441e-06
716,0.8510900664708837,-0.013156686639333276,-0.733178667558669,37567.878166015624,1.8519416503993217e-06,12.337706565856934,2.4759316147537902e-05
717,0.8703259575896745,0.015404409744613117,0.8584368481740751,43112.52061376953,1.7603366479912119e-06,17.304189682006836,3.12413030769676e-05
718,0.9990562363372242,0.0008437955434869489,0.04702193715066354,29740.912693847655,2.0917166051292456e-06,20.64604377746582,3.436879342189059e-05
719,0.9154640248327769,-0.042561748740970747,-2.3718256036880985,64905.6507109375,1.4583535767162661e-06,104.6394271850586,0.00010140042286366224
720,0.9023289845320568,0.01127301136140329,0.6282076692940254,25412.037270996094,2.201677465254551e-06,12.281867027282715,3.345904406160116e-05
721,0.9957926570377599,-0.0012260087540700009,-0.06832141627794053,24309.300373535156,2.249553209332239e-06,8.575672149658203,1.624004653422162e-05
722,0.7452813580806401,0.014278240363265382,0.7956791501991581,18717.10467895508,2.5972442226338144e-06,7.598171710968018,2.567493538663257e-05
723,0.8829898282185814,0.009210991437159546,0.513298113265178,16059.277170288085,2.7899124510355277e-06,5.923608779907227,2.189446058764588e-05
724,0.9989230209134919,0.000156172973706751,0.008703003720455961,16623.216106201173,2.737205854223104e-06,3.9493377208709717,9.471421435591765e-06
725,0.9582405417235725,-0.0036506615966358114,-0.20343930645327624,15201.398286132813,2.8448104697115877e-06,3.9571433067321777,1.0823372576851398e-05
726,0.9731444703657522,0.0019558062829621342,0.10899062080403227,17535.90557055664,2.6608038458843785e-06,3.507140636444092,8.719764082343318e-06
727,0.9925486338505921,0.0009020538487704877,0.05026847997811936,30070.944160888674,2.052061462504395e-06,3.1491308212280273,6.098910034779692e-06
728,0.9052771927465906,0.007130959695616531,0.397384818181825,44732.13511181641,1.721639658882337e-06,6.720541477203369,1.2237028386152815e-05
729,0.9944084482637089,-0.005269792219517772,-0.29366810533179016,44238.51010546875,1.7283683447817938e-06,26.620746612548828,3.552873386070132e-05
730,0.8399835217223278,0.020980532251823895,1.1691757281104813,31588.04439404297,2.035214558590273e-06,32.72243881225586,5.839175355504267e-05
731,0.942504029549276,0.010413115692271598,0.5802885253472032,39046.37655419922,1.805324367873469e-06,20.620376586914062,3.0303888706839643e-05
732,0.9279729580727398,0.012991517240906197,0.7239743228189991,30879.380069335937,2.0020705637648567e-06,11.630878448486328,3.0011946364538744e-05
733,0.974044399390417,-0.0013601197337749671,-0.07579497798086314,21124.163663085936,2.426217662108055e-06,3.2757134437561035,6.322963599814102e-06
734,0.7405475148162741,-0.005200696204597996,-0.289817612761644,15987.770477783202,2.7863861324936663e-06,2.625715970993042,7.89145542512415e-06
735,0.9414245135456673,-0.003391325499919352,-0.18898736281026227,14618.111094970704,2.931589971461541e-06,4.062322616577148,8.643824003229383e-06
736,0.33032987754996423,-0.01639578049197037,-0.913682663745226,17099.725141601564,2.7054759682205977e-06,5.538670539855957,1.6193578630918637e-05
737,0.9886760394009381,-0.0005698804945013314,-0.031757556676696455,16302.723961914062,2.7631695106379003e-06,1.4583780765533447,3.445669108259608e-06
738,0.46131279064704817,-0.005383594847568602,-0.30000994970995887,25067.2486015625,2.234333396037847e-06,1.4143288135528564,4.638624886865728e-06
739,0.9830545088650117,0.004577336720943551,0.2550798487512528,59449.86768408203,1.4940665735884463e-06,19.854793548583984,2.403921462246217e-05
740,0.838818836768412,-0.02393120346916164,-1.3336068839809714,24546.19926171875,2.2942969798635e-06,15.583959579467773,5.731446799472906e-05
741,0.35690962439763535,0.048006565794261616,2.675247264602173,51064.06629931641,1.5581207805281885e-06,15.756776809692383,4.069325950695202e-05
742,0.2906822197491147,0.01941929858426852,1.082173335220474,39363.229971679684,1.7742606176890641e-06,5.399538993835449,1.98237339645857e-05
743,0.8780974970173353,-0.00514360742137894,-0.28663624353392675,25989.76584667969,2.1994210875850105e-06,5.362755298614502,1.1464516319392715e-05
744,0.9372653641791514,0.004403880092265276,0.24541368405646138,21910.424432617187,2.3987878754307234e-06,4.4708991050720215,1.0878598914132454e-05
745,0.9836292193795861,-0.0027645461264451422,-0.15405901964191218,17782.10375317383,2.6587735537662476e-06,6.657794952392578,1.4736819139216095e-05
746,0.9909413032433496,0.0023155686662415017,0.12903898951883697,20163.11545605469,2.454104465662954e-06,6.3727521896362305,1.4268838640418835e-05
747,0.9266707381613788,-0.00912689358531818,-0.5086116178999038,27112.020137695312,2.1555549616865415e-06,9.037254333496094,1.5895058822934516e-05
748,0.9585916915095037,-0.005208405915014506,-0.2902472494449058,62221.96134277344,1.4619809050667593e-06,11.361844062805176,1.3932738511357456e-05
749,0.9656413462149996,-0.004926685573583475,-0.2745479058170756,41721.49426416016,1.763766322345806e-06,11.903230667114258,1.802371843950823e-05
750,0.8552314371180796,0.02514353703704826,1.4011662273252468,63207.99842675781,1.4628724865271026e-06,39.39979553222656,4.7977882786653936e-05
751,0.25926705777533793,-0.0413402980969028,-2.3037581958174043,43056.87546435547,1.6966439526601378e-06,13.701881408691406,3.544877836247906e-05
752,0.8552227428119842,0.017283783277323415,0.9631681243935863,28985.657258789062,2.068704890270287e-06,9.130502700805664,3.373287836438976e-05
753,0.8623399510749626,0.009361390912955868,0.5216793790267419,24708.61506347656,2.2376332858962963e-06,8.414384841918945,1.774953125277534e-05
754,0.9399772210055677,0.010354274997524861,0.5770095278795836,21304.89687817383,2.407783688654227e-06,12.101369857788086,3.0387718652491458e-05
755,0.9687420076635282,0.005478690111092192,0.3053092944851795,18376.000213867188,2.5902575334210453e-06,9.75046157836914,2.34440085478127e-05
756,0.9838245557190448,0.0022642388615664397,0.1261785491337024,20217.410450439453,2.4884653029963933e-06,6.274521827697754,1.5050233741931152e-05
757,0.9939196925839824,-0.0005689022804665584,-0.03170304404123869,29876.23855102539,2.071875840226859e-06,4.309484958648682,7.354110039159423e-06
758,0.976189794742725,-0.005770267226203034,-0.3215579235365437,61272.60161621094,1.4708369666927597e-06,16.931259155273438,1.9074021111009642e-05
759,0.987141564336057,0.004729309761444478,0.2635488040736511,29062.160372070313,2.1217195968017403e-06,17.75304412841797,3.49081565218512e-05
760,0.8682257913747039,0.018939792906857166,1.0554520684388942,63922.31725195312,1.4377479277463842e-06,25.254287719726562,3.31764058500994e-05
761,0.9963185569772982,0.0002189474527744819,0.012201217988322792,33369.7268671875,1.942155340167458e-06,14.12362003326416,2.293481884407811e-05
762,0.8844427916720632,0.005107278071341307,0.28461172891379183,24057.597364501955,2.28002634967364e-06,2.633607864379883,9.296423741034232e-06
763,0.9285960548135719,-0.002056882313015913,-0.11462325393336435,19820.825890625,2.522959939293966e-06,2.6364760398864746,4.896990958513925e-06
764,0.9639946655050508,0.003292649435086208,0.18348847181152037,18596.850956054688,2.5975991967055958e-06,4.611545085906982,1.1595773685257882e-05
765,0.04924460332498057,-0.006024129088671205,-0.33570480619558146,17861.778052856444,2.619436732625442e-06,1.6285852193832397,5.421183232101612e-06
766,0.5762493674163638,0.004797943818448967,0.26737355325580897,24647.01825317383,2.2658802370230596e-06,0.8397861123085022,6.022159141139127e-06
767,0.9788628542417835,-0.005544783775384966,-0.30899247597673934,49745.39637207031,1.6284363448828278e-06,18.841915130615234,2.4151722755050287e-05
768,0.9503373012161109,0.01802972553660969,1.0047370213911153,34466.98759716797,1.9521267634954805e-06,20.624711990356445,4.676031676353887e-05
769,0.9571031188755132,0.033376519523040375,1.8599631337642566,63449.244412597654,1.4668704512906186e-06,63.41272735595703,9.27933506318368e-05
770,0.6455245506666448,0.007096639891130912,0.39547228889436636,31110.257684082033,1.987336902598444e-06,2.178402900695801,8.220707059081178e-06
771,0.9185469325829287,0.008094669286976443,0.45108916894095913,25903.28957519531,2.1835535096255757e-06,7.102628707885742,1.7587864931556396e-05
772,0.9956141078892848,0.0005687278131089459,0.03169332155196055,18239.552651611328,2.621133083899438e-06,3.366521120071411,7.80146638135193e-06
773,0.841906210667216,0.007668676157294058,0.42734997960160553,15659.422463378905,2.8127651184601543e-06,3.2034361362457275,1.2433573829184752e-05
774,0.8976554138394676,0.0018936066292466634,0.10552443965342378,18369.765180175782,2.6061307172768682e-06,1.6227257251739502,4.749184881802648e-06
775,-0.18181177441537144,-0.005961105100908648,-0.3321926876327024,18329.843910644533,2.6152731628982586e-06,1.580006718635559,3.931421815650538e-06
776,-0.19685768337042997,-0.011306060922643787,-0.6300494121232014,29924.579794921876,2.049498667898937e-06,2.675236225128174,7.790334166202229e-06
777,0.976051806413088,0.0014701750695800863,0.08192799814584051,54794.579590820314,1.560109645020207e-06,4.911503314971924,6.682521870970959e-06
778,0.38449153620123155,-0.04211637272223157,-2.3470062699961685,73944.60735009765,1.3824581467249851e-06,19.322729110717773,4.1405564843444154e-05
779,0.9613217483750959,-0.004341278209811262,-0.24192508802749763,61049.006305664065,1.469827263154824e-06,20.115516662597656,2.269225660711527e-05
780,0.8011121568627158,-0.02988277249944258,-1.6652681579114073,50558.07577001953,1.609952807776207e-06,39.11367416381836,5.725437222281471e-05
781,0.45978578047384827,-0.028603048929681695,-1.593953392466157,48756.535101074216,1.5969468779704378e-06,12.427940368652344,3.306038706796244e-05
782,0.8595362324959588,-0.007176645721209482,-0.3999307494096883,34484.656249023436,1.9026359939765454e-06,15.293004989624023,2.1764151824754663e-05
783,0.941254283241166,0.007847204937045594,0.4372987985137917,19768.429244140625,2.484188536290479e-06,10.34444808959961,2.8153423045296222e-05
784,0.9265693392550773,0.004642070610277434,0.2586872544779967,19618.8582434082,2.52276997886397e-06,5.968778610229492,1.4431094314204529e-05
785,0.7412481436824877,-0.008191545548124391,-0.4564877628281295,19305.885427734374,2.539055213778516e-06,6.708254337310791,1.2936249731865246e-05
786,0.5025420944193061,0.0046366313662246535,0.258384143381984,23808.600139404298,2.27547006542988e-06,1.64117431640625,4.340953637438361e-06
787,0.959712511510986,0.003973119461276639,0.2214088176244533,50053.110603515626,1.6314530535217092e-06,9.073746681213379,1.3923365258960985e-05
788,0.7855311893046174,-0.02599736144592935,-1.4487470400019733,32069.483178710936,2.0154547705075464e-06,29.37554359436035,5.13597005920019e-05
789,0.9964733731111859,0.007972761946395403,0.4442956757170941,40836.02056005859,1.7919502106048427e-06,81.61132049560547,0.0001132753532147035
790,-0.49661510636154327,0.03628451503711253,2.0220161137219868,39336.70458154297,1.7969764299929747e-06,9.294438362121582,3.282264151494019e-05
791,0.9320206651312144,0.004111015669094511,0.22909331758107945,24171.105341064453,2.2782074791286963e-06,7.045672416687012,1.5061422345752362e-05
792,0.8443004452364892,-0.002388654110513811,-0.1331117998029481,17428.458651611327,2.6608062290326515e-06,2.283379077911377,5.075188255432295e-06
793,0.563647352957864,-0.008114705427685318,-0.45220571684930827,15323.800102294921,2.846495311866734e-06,3.789701223373413,1.180896651931107e-05
794,0.8554829661703468,0.005033536877598662,0.2805023758787515,17563.382484619142,2.6528416799144038e-06,2.6593542098999023,9.357378985441756e-06
795,0.6396365678867377,0.007511733604286334,0.4186040897699321,19443.553497558594,2.522959365102368e-06,2.2298874855041504,6.8703166107297875e-06
796,0.5565409071552091,0.012369678394926423,0.6893212989209719,37949.91145068359,1.8349295348368393e-06,5.054321765899658,9.587839485902805e-06
797,0.9106892177861546,-0.027769242464744017,-1.5474881136521754,62632.162526611326,1.4915348223981162e-06,42.29730224609375,5.054589928477071e-05
798,0.6634603737241496,0.018843782579080114,1.0501017301568372,61486.18899121094,1.450681639296316e-06,16.603952407836914,2.5303526854258962e-05
799,0.9168145008549267,0.0193899061533759,1.0805353921798808,71311.91293359375,1.352752258415787e-06,34.81309127807617,5.246713408268988e-05
800,0.8207126092360242,0.017322518538795538,0.9653267125071592,57084.44431347656,1.4929552392916894e-06,20.922855377197266,3.741462205653079e-05
801,0.17688975223483827,0.011985230637109802,0.6678972958608678,44081.282756835935,1.6725015973481253e-06,3.7342445850372314,1.4594724234484602e-05
802,0.8497448135027987,-0.003020982164173363,-0.16834935258132538,26313.095327636718,2.1772035446268144e-06,4.355205535888672,7.641037882422097e-06
803,0.8091169705468254,0.004526301192198116,0.2522358073911838,15516.808702392578,2.81013835453557e-06,2.846667528152466,8.90318005986046e-06
804,0.9063906940802638,-0.0025302847639961483,-0.14100440807524683,16331.291599243164,2.73417791149698e-06,2.836373805999756,5.779303137387615e-06
805,0.9745753483235494,0.001451893022634521,0.08090920008617389,15533.179225830077,2.8097919392027067e-06,1.5681513547897339,4.701399575424148e-06
806,0.8225072355839905,0.006907424341359327,0.3849279316054903,24643.295263183594,2.2577305301951034e-06,3.2576754093170166,1.2269018043298274e-05
807,0.9962927196569794,-0.0012802832907281988,-0.07134595684505084,50001.88323144531,1.6196504523959565e-06,13.793121337890625,1.66645877470728e-05
808,0.9654062353607016,0.005323356296863209,0.29665305434925243,65006.10235742188,1.431365423386269e-06,24.051897048950195,3.0491944926325232e-05
809,0.8699532149615318,0.004924995573478403,0.2744537276961568,43717.00324609375,1.746039554849789e-06,6.609788417816162,8.030739991227165e-06
810,0.8522287926604423,-0.03247480845722427,-1.8097137559473913,38772.32163330078,1.7990002220094931e-06,14.410370826721191,4.519598587648943e-05
811,0.9334717592715619,0.009301291351600642,0.5183302290832029,34342.41730761719,1.9067053964280631e-06,15.855290412902832,3.278461008449085e-05
812,0.7633308190840117,-0.01066108486724303,-0.594107028005589,26180.4545,2.1871913935298822e-06,8.306020736694336,2.15554355236236e-05
813,0.8169650353796526,0.004120338654950459,0.2296128567731962,26016.498857910155,2.1890942175591066e-06,3.2695257663726807,7.792965334374458e-06
814,0.6052510257680381,-0.043653825377623495,-2.4326834256673253,18439.562672607422,2.588904933120815e-06,10.520121574401855,6.212295556906611e-05
815,0.9942784473278897,-0.0007185529718828282,-0.04004258252380716,27997.94166821289,2.121204249664843e-06,4.057041168212891,7.3922974479501136e-06
816,0.9895427575278452,0.0027733268851276886,0.1545483423055513,49472.09849169922,1.600042987182539e-06,10.56239128112793,1.574155976413749e-05
817,0.2886422201904904,-0.03685714691168479,-2.0539269957175605,44823.26382177734,1.7320882475536755e-06,19.769222259521484,5.6448698160238564e-05
818,0.737215864070156,0.013980810901004517,0.7791043891813519,81001.3366640625,1.266585527285066e-06,15.986510276794434,2.052279160125181e-05
819,0.99869137991146,-0.002363730242520597,-0.13172287500549631,63647.290345214846,1.4251604714323714e-06,83.02190399169922,0.0001013984510791488
820,0.9861178332153023,0.001984477288051676,0.11058836116871297,36264.06620776367,1.8491993326668474e-06,7.644306659698486,1.2628854165086523e-05
821,0.9917784790246914,-0.0017253346617505869,-0.09614719899258663,25211.61176245117,2.2155809172897197e-06,8.060750007629395,1.543579674034845e-05
822,0.8172781328294244,0.0138575676882549,0.7722364522161835,24744.33542602539,2.241554860038044e-06,7.6433210372924805,1.892032742034644e-05
823,0.9269153561350375,0.004641362499538168,0.25864779380658826,21089.52760473633,2.434563752166371e-06,5.880753517150879,1.3652066627400927e-05
824,0.5690428106638756,-0.009203966573263354,-0.5129066408152838,21657.705212890625,2.409977955866868e-06,6.549575328826904,1.3452984603645746e-05
825,0.62408615153633,-0.003059399829311365,-0.17049024210075708,31330.756711914062,2.0087111658948845e-06,1.9000625610351562,3.839337750832783e-06
826,0.9646426132527547,0.006253700811621839,0.3484980796508366,50191.19538867188,1.6399364143260051e-06,18.63530158996582,2.788451820379123e-05
827,0.977207023489302,0.0035469596425109556,0.19766033925334414,71449.70301367188,1.3585642354173704e-06,42.10349655151367,4.286415787646547e-05
828,0.7564368713785055,0.02738360630023416,1.52599788461438,54259.33315429687,1.5454059581931511e-06,34.394004821777344,4.913189695798792e-05
829,0.769322615779921,0.006120436263152301,0.34107168676346644,29845.27148413086,2.041348017258888e-06,3.4287655353546143,1.1154486855957657e-05
830,0.8125188949973878,0.010593404951008276,0.5903354499353832,18820.580274169923,2.5496283311746214e-06,5.416168212890625,1.7106603991123848e-05
831,0.8180318424209959,-0.002599291456227262,-0.14484992298713828,14989.481221191407,2.888213959272794e-06,1.9820622205734253,4.395693395053968e-06
832,0.9969803476981974,-0.0013036344052660862,-0.07264723728990954,17207.14315209961,2.6642125924640675e-06,6.407248497009277,1.3732182196690701e-05
833,0.5609906565204016,0.0227752513254012,1.2691894910797739,24077.508919433592,2.2611574645496714e-06,4.6823859214782715,2.486790435796138e-05
834,0.8950357759839151,-0.0025567825525854735,-0.14248104226619063,48830.170553222655,1.6346268787036043e-06,2.9691882133483887,4.236549102643039e-06
835,0.8856710017408215,0.0166194321519515,0.9261460316551999,33619.99437451172,1.9746302122395795e-06,10.455178260803223,3.112535341642797e-05
836,0.9323814520055208,0.017717038147822564,0.9873119865508115,66264.81693945313,1.4318390615595454e-06,30.675251007080078,3.9124959585024044e-05
837,0.7670388898330291,-0.006733950746558298,-0.3752608214447458,40913.32751171875,1.7573265605965436e-06,6.457785606384277,9.150167898042127e-06
838,0.9544109833965464,0.0011619151486541295,0.06474969145800355,30667.97381591797,2.0066639728435846e-06,2.507509231567383,5.0646744966798e-06
839,0.7807118540095707,0.007867233425296698,0.4384149199759582,22882.823306152342,2.329771581299401e-06,4.557586669921875,1.4432062926061917e-05
840,0.7425662922133105,0.009782569206421314,0.5451502534552963,20174.954623779297,2.4604805094985372e-06,3.2263195514678955,1.3946010767540429e-05
841,0.9616089690925804,0.0020352633769095993,0.11341850206817389,20360.25732080078,2.467599223233091e-06,2.6876113414764404,6.663224667136092e-06
842,0.9184252351001592,0.0027866983835170543,0.15529349172205176,24626.974068115236,2.2550498802565406e-06,2.5053677558898926,5.097078428661916e-06
843,0.9281403853763799,-0.018567287178636958,-1.0346935552234189,35918.34924926758,1.9171939903775785e-06,18.818172454833984,3.799441401497461e-05
844,0.9982483299676552,0.0005806477965718169,0.03235758283842317,56284.34897363281,1.5317445341208336e-06,23.314313888549805,3.019403084181249e-05
845,0.9971122266704667,0.005047319059644321,0.2812704113382325,50295.48342480469,1.6317064825885018e-06,60.12248992919922,8.863912808010355e-05
846,0.8782072362511624,0.011033919821443668,0.6148838878969616,31604.814045410156,1.981351638766501e-06,9.587361335754395,2.163276258215774e-05
847,0.9805741910106737,0.0026585210725499674,0.14815059376891904,22443.695458496095,2.3483575610487e-06,5.6774725914001465,1.21950070024468e-05
848,0.9295986423217277,-0.003942032224331959,-0.21967642864339784,19945.067102783203,2.504321585435842e-06,4.673101902008057,9.527010661258828e-06
849,0.9675870222388937,-0.0015584831776579145,-0.08684911717755515,15460.57608642578,2.8488382961368053e-06,3.2471249103546143,7.642173841304611e-06
850,0.7796297229754873,0.00563411570103078,0.3139706489781119,16057.76289086914,2.8151743280498024e-06,2.8121774196624756,1.2336234249232803e-05
851,0.8830752583413802,-0.0025863148424699893,-0.1441267791862107,13630.900509643554,2.98951198118463e-06,2.027348518371582,5.680331014445983e-06
852,0.4278101520971309,-0.009011213187537052,-0.502165131620124,18139.318560058593,2.6177495005438616e-06,1.8762511014938354,1.2136376426497009e-05
853,0.9537653468618293,0.0020651746341135077,0.11508535758453191,42116.520736816405,1.758259165456722e-06,5.891229629516602,8.64742833073251e-06
854,0.6573961726065529,-0.03369130856979672,-1.877505287057844,49696.53115429688,1.6344809778939305e-06,24.690290451049805,5.312619759934023e-05
855,0.872940025215097,0.02169830310626722,1.2091747258140453,100509.95949609375,1.1686018390763693e-06,35.043888092041016,2.9684642868232913e-05
856,0.8904744845076817,0.0448149671651492,2.497390020265365,56160.740768554686,1.5470379896104192e-06,60.280517578125,8.876081119524315e-05
857,0.5074989321086851,0.012463250319268421,0.6945357530377755,42962.782646484375,1.723279690673227e-06,5.235033988952637,1.4990508134360425e-05
858,0.9724741829977583,-0.002479342844653885,-0.13816558325786604,27135.416917724608,2.153017290228984e-06,7.5623979568481445,1.3810876225761604e-05
859,0.7266357996117236,0.004678483999839957,0.26071645234312874,23199.65444067383,2.311796464277824e-06,3.2237586975097656,7.90310059528565e-06
860,0.8398689077560971,-0.004907606992988703,-0.27348471956944037,18397.565022460938,2.5758645508505974e-06,3.7505009174346924,7.752862074994482e-06
861,0.9057266172427485,0.00867450019727895,0.4834012294071547,18613.223987060548,2.5678118748366232e-06,5.4522905349731445,1.9578485080273822e-05
862,0.5074755025829824,-0.009258054322988823,-0.515920772363907,21538.992571777344,2.415327236560425e-06,2.2466046810150146,8.519456969224848e-06
863,0.9884488648494829,-0.002621320452652119,-0.1460775261587564,46927.376486328125,1.6520672289666985e-06,7.724575042724609,1.02624699138687e-05
864,0.844350305525541,-0.009847834686418824,-0.5487872829729785,55968.38013330078,1.5783909140372602e-06,13.65683364868164,1.714327845547814e-05
865,0.9877864680871205,-0.010306148079454052,-0.574327573780337,41061.81212890625,1.7860242060427418e-06,41.56120300292969,6.688394933007658e-05
866,0.8621341412356309,0.009268164439344946,0.5164841757375713,40772.38712646484,1.7451075987122377e-06,11.687350273132324,2.0872595996479504e-05
867,0.9204611683944686,-0.0031836598338063865,-0.17741484150970907,28891.106252929687,2.0764312119985603e-06,5.954215049743652,9.683482858235948e-06
868,0.5986345602226816,0.007473026669919171,0.41644708023230614,21461.146179931642,2.4081538628094634e-06,1.3986237049102783,9.786693226487841e-06
869,0.9515841160889151,-0.001300497993981677,-0.07247245545391565,14155.65283203125,2.939009687144115e-06,1.760520339012146,4.095591066288762e-06
870,0.8360343126562155,-0.0078046779297724685,-0.43492890893729663,17013.370083251953,2.6799992148150232e-06,6.284509181976318,1.3062935977359302e-05
871,0.9684949812659671,0.0007222656759052768,0.040249479249619614,21799.90353881836,2.3823078158145375e-06,1.4889644384384155,3.1341262456408003e-06
872,0.4973843818961214,-0.011337728909699071,-0.6318141643887182,28925.903071777342,2.0743385983542667e-06,3.7110671997070312,1.1024123523384333e-05
873,0.8201779878753641,0.02457095559407887,1.3692581557162393,56176.950325195314,1.5280232871965706e-06,14.71164608001709,3.7510257243411615e-05
874,0.9807542112380626,0.004354517569297791,0.24266287377962187,41092.65344482422,1.7907470866596008e-06,17.669265747070312,2.4794248020043597e-05
875,0.9813566899577022,-0.015978419148413758,-0.8904244953212314,54550.8935703125,1.5749016658632741e-06,48.17753982543945,6.365753506543115e-05
876,0.46636573858512764,0.02307682236519298,1.2859950485267226,27079.196779785158,2.133511663475806e-06,5.051271438598633,3.0178642191458493e-05
877,0.9464870433791219,0.005833000430165528,0.32505383767919754,16721.227219726563,2.71630043074425e-06,5.9110822677612305,1.569995583849959e-05
878,0.9979668023327078,0.0008774391675485957,0.048896785137665,13441.857420410157,3.0480696814286873e-06,4.789374351501465,1.3070887689536903e-05
879,0.8294368803072836,0.00959355314586303,0.5346170130410262,13156.876679199218,3.06391129097519e-06,5.233421325683594,1.7654248949838802e-05
880,0.7870463215974869,0.010012162572716041,0.5579447330225933,12033.927135253905,3.195546716788018e-06,3.7876651287078857,1.535449337097816e-05
881,0.9366937470831908,0.0012133750430760703,0.06761738131482457,14051.362008789063,2.9624440760046735e-06,1.216631293296814,3.2751738672232023e-06
882,0.4539440986526757,-0.00499644657825567,-0.2784354560685351,16208.265792236329,2.7626893715043767e-06,1.9647159576416016,5.631860858557047e-06
883,0.835730035889271,0.004207143457114412,0.23445020153429988,21762.646736572267,2.418002963393729e-06,3.0875561237335205,7.97719167167088e-06
884,0.9388707000675423,0.0025999841851883716,0.14488852648288225,36512.370501953126,1.8963871885865937e-06,3.519798755645752,6.578743523277808e-06
885,0.7915007458488044,0.020641917490068985,1.1503058464567717,60470.589407226566,1.5109695162061737e-06,17.68565559387207,2.43160920945229e-05
886,0.9668146794281406,0.00544560708638833,0.30346568684777686,37465.403308105466,1.8931576791236342e-06,18.910070419311523,2.7445903469924815e-05
887,0.7727864856013161,-0.03568341369125306,-1.9885187221745273,53774.084747070316,1.553365652366192e-06,24.299503326416016,4.302151137380861e-05
888,0.6864916461604723,-0.014075627529607282,-0.7843882065532387,36674.36979394531,1.8508659391104384e-06,6.290332317352295,1.9902699932572432e-05
889,0.9933573637261174,0.000833607751329295,0.04645420516127478,25683.116152587892,2.2034876060843766e-06,6.239798069000244,1.1478772648843005e-05
890,0.8761183311451487,-0.01671730918047263,-0.9316003950008456,29632.432147949217,2.0714773753914137e-06,28.87733268737793,5.0324222684139386e-05
891,0.8614732973432088,0.005339285451726454,0.29754073350876475,48491.67808007813,1.648801373508857e-06,5.752836227416992,1.2545006029540673e-05
892,0.8931554717329168,0.0046846000249183214,0.26105727820914154,26742.006853759765,2.164872860136223e-06,3.026364803314209,8.832010280457325e-06
893,0.9074601035609758,-0.007385212514941719,-0.41155348757451055,57659.51444433594,1.5255135431916145e-06,13.557086944580078,2.0820389181608334e-05
894,0.9830061379666849,0.004307875337199302,0.24006365632317686,51786.01693847656,1.594580124784852e-06,15.309785842895508,2.3123388018575497e-05
895,0.8604532964008449,0.026305052188991873,1.465893628288441,69490.87430078124,1.3987090338114668e-06,32.002479553222656,4.9658243369776756e-05
896,0.892431866213338,0.018977102111046727,1.0575311870927957,50402.53129736328,1.5943450579362416e-06,21.8726749420166,3.182516957167536e-05
897,0.6410396106384915,0.009857408259591274,0.5493207865681289,31956.819129882813,1.9952503921369917e-06,4.476232051849365,1.8183394786319695e-05
898,0.9969023314210953,-0.0033544378575246646,-0.1869317364020552,22349.15873046875,2.3659048337218116e-06,17.418006896972656,3.3277134207310155e-05
899,0.8002832785073792,0.0053181653082849,0.29636377771042316,16085.703893310547,2.7727171930390158e-06,1.225382924079895,7.983925570442807e-06
900,0.8669438576748671,0.012037894415741976,0.6708320742062536,19288.99736669922,2.5154022052132994e-06,4.5869879722595215,1.87783625733573e-05
901,0.8290101622339039,0.0067432383777832556,0.37577839044011374,28701.820734375,2.074130647505508e-06,5.2617692947387695,1.2021248949167784e-05
902,0.8541635680351132,0.009289499572675827,0.5176731122119689,63155.30346923828,1.4523850875468149e-06,10.83946704864502,1.4577241927327123e-05
903,0.9116297747988079,0.01802496785671515,1.0044718916132793,29151.112848632813,2.1025576751509234e-06,13.343225479125977,3.8786391087342054e-05
904,0.740483739633768,-0.039195005018924464,-2.1842081021233963,45661.968313476566,1.710737847491501e-06,35.843990325927734,6.092472540331073e-05
905,0.981884286615414,0.014377218097355631,0.8011948522286733,30734.011994140626,2.020968918385948e-06,52.98362731933594,8.819430513540283e-05
906,0.9084794653767269,-0.00477586104698095,-0.26614295337874566,23381.482674560546,2.2850611184477286e-06,6.028573513031006,1.2272594176465645e-05
907,0.8143734681158971,0.007794715035482474,0.43437370976285344,19960.777131591796,2.500425781219019e-06,5.450798511505127,1.5379107935586944e-05
908,0.8871644872323003,-0.004348692726043657,-0.24233827451440595,15975.162005493165,2.7873425225473445e-06,4.095462799072266,9.611881978344172e-06
909,0.7363803233185503,0.02906049839925422,1.619445539673944,16895.175029785158,2.70700922144684e-06,9.565252304077148,4.228224133839831e-05
910,0.9734257391915325,0.0038934462976663183,0.21696889551204532,13647.156645996094,3.0207419510916227e-06,4.666616439819336,1.3405457139015198e-05
911,0.9910666485907628,-0.0017058029624060548,-0.09505876193444701,11706.921017822266,3.230811501838823e-06,4.49549674987793,1.2663742381846532e-05
912,0.8949404174598641,0.004580627784330817,0.25526324883786067,11956.819868530274,3.2262807764847024e-06,3.0469744205474854,1.0627058145473711e-05
913,0.997272563539466,1.8018916119870722e-05,0.001004134648318091,14638.94421484375,2.8916986153556403e-06,2.654996871948242,6.639764251303859e-06
914,0.4664849892307804,-0.009272233982261298,-0.516710957915697,23130.797583740234,2.3223698860201774e-06,2.263319253921509,1.0306783224223182e-05
915,0.9015837697140661,0.006778338441134884,0.37773440097565664,42720.394078125,1.7527361220016391e-06,6.331822872161865,1.19827318485477e-05
916,0.9385206952790947,0.01906985826731254,1.0627001811505792,52685.41732275391,1.6016120030248709e-06,29.377275466918945,5.1350849389564246e-05
917,0.991903909645483,0.0033842974777756217,0.18859571436166972,49235.34957421875,1.6723024803554474e-06,27.292011260986328,4.040313797304407e-05
918,0.9941045173084806,0.003794238457000081,0.21144037040348268,56913.284771484374,1.5131696592943422e-06,29.880172729492188,3.940060196327977e-05
919,0.8015309299563426,0.010082891649423782,0.5618862307294096,34684.53979248047,1.906432481431725e-06,11.521230697631836,2.132425652234815e-05
920,0.7492157948211312,0.007594281312132197,0.4232042007330916,22258.8142421875,2.3792363707539466e-06,4.147165298461914,1.559493102831766e-05
921,0.6173134892233487,-0.004146450499537559,-0.23106798358032365,17885.17303857422,2.6345487390052463e-06,1.9541882276535034,5.011385837860871e-06
922,0.9808911088895695,0.003258695675644556,0.1815963410046944,16852.71526208496,2.7297172939830815e-06,5.39823579788208,1.4198817552824039e-05
923,0.4776196725493534,-0.009350580469311077,-0.5210769487276489,17394.744536865233,2.6780562389706554e-06,3.989912748336792,1.1427205208747182e-05
924,0.9617883615659746,0.0012837067950641115,0.07153673742804974,18632.427543945312,2.5797013709893554e-06,1.276163935661316,3.4988247534784023e-06
925,0.656676628283093,-0.004282535350933152,-0.23865154262951876,33892.80724047851,1.9353424067401444e-06,2.5768871307373047,4.296453425922664e-06
926,0.9224343620142377,0.014494831602610472,0.8077490641996302,43661.4996953125,1.7333945537813752e-06,24.23043441772461,4.862707282882184e-05
927,0.9783548031652267,-0.007387676316133498,-0.41169078707281415,54160.35955908203,1.5490631201100698e-06,19.530054092407227,2.3973992938408628e-05
928,0.9696205692387663,0.005205950134350304,0.29011039690409873,71811.230078125,1.351647313649459e-06,14.392877578735352,1.6937116015469655e-05
929,0.9443414359285797,0.007675792444962257,0.4277465467961859,31110.930263671875,1.9940368236527445e-06,9.41712760925293,2.037347439909354e-05
930,0.9636105556991484,-0.00808359211400457,-0.45047187469792743,21607.428671508787,2.42471514345525e-06,14.872922897338867,3.115911749773659e-05
931,0.6188622036828394,-0.006297145217051568,-0.3509190927948771,16685.611034057616,2.7176313784845907e-06,2.553699254989624,7.025443210295634e-06
932,0.9042224238910034,-0.0056535230046032715,-0.31505215387096597,16875.146715454102,2.718387415070291e-06,6.495901107788086,1.2715956472675316e-05
933,0.9849885598187988,0.001174333879510352,0.06544174628848909,17798.857591796874,2.6306112984502e-06,2.9227330684661865,7.02399938745657e-06
934,0.4675467069256078,-0.005893735053596686,-0.32843837753354116,22610.01302856445,2.358897269594709e-06,1.7361096143722534,6.984413175814552e-06
935,0.2812728574318291,-0.03998038003766456,-2.227974456492,37372.288784667966,1.8427850243765572e-06,10.144601821899414,4.475468449527398e-05
936,0.4197104398879637,-0.07020687199058587,-3.912396963657429,54541.73192431641,1.5533115589835937e-06,46.2142219543457,0.00010465495142852888
937,0.980940224334587,-0.013523927146957609,-0.75364376743029,81745.9544296875,1.285114624235039e-06,61.12281036376953,6.461102020693943e-05
938,0.9892154906718288,-0.009561737028020482,-0.5328440059362625,51219.367517578125,1.5850134236935692e-06,68.18653106689453,9.135625441558659e-05
939,0.484788072651638,-0.08072908740364267,-4.498765255902567,50123.86969873047,1.6246625159181839e-06,32.205787658691406,0.00012676999904215336
940,0.8416687672236939,-0.010745566159207342,-0.5988148912217619,41914.67631201172,1.743342999243786e-06,18.841815948486328,3.0223889552871697e-05
941,0.633425612994143,-0.024677988293496243,-1.3752227343442223,35181.52314550781,1.8884575639846175e-06,20.29314422607422,5.6512766605010256e-05
942,0.8261819326738465,0.012895529693134644,0.7186252539913677,31500.128828125,2.017072686798657e-06,23.053808212280273,4.8304256779374555e-05
943,0.8198772378549744,0.015012525080303287,0.8365984108918204,24295.84895361328,2.2425002033802828e-06,9.201166152954102,3.679342626128346e-05
944,0.9939563406415238,-0.0011171418072113233,-0.06225462110168401,22951.36132788086,2.32897560811089e-06,11.479987144470215,2.043573658738751e-05
945,0.7721773795741905,-0.06419472762765553,-3.577360026621511,30030.532768066405,2.0330737297664233e-06,13.332759857177734,7.144513074308634e-05
946,0.5537419038557078,-0.02490027753790355,-1.3876101793366367,44189.29796533203,1.6786237882382808e-06,13.203279495239258,3.720446693478152e-05
947,0.815932925935492,0.009808424240398355,0.5465910690558062,50075.23502099609,1.6011630667206038e-06,25.842164993286133,3.500709863146767e-05
948,0.9844364133759241,-0.0030108809224449152,-0.16778644376133336,58580.38365429688,1.4859953321363442e-06,31.38857078552246,3.898351496900432e-05
949,0.749645282266717,0.02706284258132236,1.5081227825860446,55696.35166796875,1.5228734213231597e-06,12.424168586730957,8.257426088675857e-05
950,0.5568760245509644,-0.041878161770979576,-2.3337315608977023,65159.97886425781,1.4240365863046788e-06,54.293575286865234,6.602886423934251e-05
951,0.7938044894944957,0.011198460658631327,0.6240532049959625,22124.14301953125,2.3672370383329986e-06,8.64620304107666,3.2178879337152466e-05
952,0.9921915506868311,-0.0010691627393315066,-0.059580906204981604,21672.895246582033,2.3814833161131776e-06,5.378198623657227,1.2087303730368149e-05
953,0.16381769910833385,-0.04735116710084894,-2.6387240613118084,15018.29904296875,2.875343828693532e-06,8.912385940551758,7.233415090013295e-05
954,0.7013262065765293,0.011265682234181834,0.627799241254512,14571.01153173828,2.9087197280053615e-06,8.689202308654785,2.2827844077255577e-05
955,0.5820943373347378,0.011739686077973065,0.6542139090303308,15241.013735595703,2.8529183253505913e-06,6.2795000076293945,2.5463970814598724e-05
956,0.608528376203821,-0.007222492284981605,-0.40248562689974704,16005.276542724609,2.803699829579163e-06,3.234790086746216,9.677571142674424e-06
957,0.8446122992267185,0.006235853653471981,0.3475035165065795,26613.23323046875,2.2154817857865363e-06,4.606123924255371,1.4970461961638648e-05
958,0.9963021816359826,0.0008122788011666828,0.045265613254411384,49646.390620117185,1.6368117479861688e-06,24.60623550415039,3.182229193043895e-05
959,0.8973801997224452,-0.011572275177723185,-0.6448846528015586,32445.647748046875,2.009250391870193e-06,20.7907772064209,2.7151625545229763e-05
960,0.9143703094140986,-0.2404435570857707,-13.399124843498258,45212.58039501953,1.7273453049586308e-06,572.60546875,0.0008843637770041823
961,0.5854125149637048,-0.22430129997857767,-12.499570200168927,34460.28026904297,1.8869629528915172e-06,110.83235931396484,0.0005625771591439843
962,0.6867212736271763,-0.07986448329167625,-4.450583725996539,25851.919645996095,2.206584630450482e-06,113.41807556152344,0.0001827623782446608
963,0.5047030621560638,-0.12465853420121144,-6.946808152458405,16646.72420605469,2.7065064003588334e-06,37.46149826049805,0.00017962814308702946
964,0.7012434073471735,0.08103874081633423,4.516021217281437,12387.663535644531,3.1733395948597897e-06,44.05058288574219,0.00017429940635338426
965,0.8908586135988626,0.04480036346332352,2.4965762042234174,12123.529316894532,3.1877266512955253e-06,46.65483856201172,0.00014315354928839952
966,0.7823867175403618,0.07508124757502233,4.184029806647961,10315.403881835937,3.4455611583534732e-06,40.17435836791992,0.0001570360764162615
967,0.46330388901016967,0.12238873896098727,6.820319964704249,10937.877876464843,3.3653183680686752e-06,19.68052864074707,0.00020003854297101498
968,0.4433039007863808,0.1064127740714121,5.930032237117514,12807.97559765625,3.0886203142724017e-06,23.278501510620117,0.0001724674948491156
969,0.15340460094321656,-0.09546799724393534,-5.32011599368382,15665.794832275391,2.808704073873082e-06,19.67580795288086,0.00014955380174797028
970,0.5386452282046491,0.2029853437325263,11.311702401334525,18319.0762265625,2.59398163278425e-06,47.1964225769043,0.0003869022475555539
971,-0.1576217375625483,0.054778088200231265,3.0526018304629963,15096.489563232422,2.8519760072315816e-06,10.740676879882812,0.00011495424405438825
972,0.35639330087098053,0.04657588944753515,2.595520399749689,14266.255260498046,2.937438713290864e-06,10.916285514831543,0.00010108354035764933
973,-0.2969137823049816,0.03410473514509199,1.9005441838498478,15437.84031298828,2.813344075931542e-06,6.744051933288574,5.865070488653146e-05
974,-0.010006805829933409,0.023113855308713283,1.2880587720864842,16871.088713867186,2.7199131587907684e-06,7.541553497314453,4.0075516153592616e-05
975,0.9158775509435044,-0.007917156319932157,-0.4411969579139959,18982.447689208984,2.5581930081033367e-06,11.323918342590332,3.428819036344066e-05
976,0.8785791010149183,-0.014708129850904245,-0.8196354706911474,27723.88032324219,2.100578002755488e-06,13.61127758026123,4.475938840187155e-05
977,0.8290500496708418,-0.005870555888777282,-0.327146679278252,39457.062940429685,1.7555140359409157e-06,7.1742329597473145,1.6076242900453508e-05
978,0.7979978147226672,0.008341908048727097,0.4648669680843449,57059.00571582031,1.4716572618035917e-06,16.70871353149414,3.3191761758644134e-05
979,0.8402561028764937,-0.20511268605381702,-11.430252158680126,63386.451124023435,1.405523180864396e-06,130.890380859375,0.0006953928386792541
980,0.06777464248423266,0.15787004525648723,8.797575909616986,69169.97588476562,1.350072016810312e-06,143.37109375,0.0004688098269980401
981,0.8333908274493296,-0.02485755545067487,-1.3852294185988985,63139.871599609374,1.4188159057385296e-06,43.11553192138672,0.00011035479110432789
982,0.6549453176320211,-0.020111202616202285,-1.1207308603875685,70592.68432519531,1.3199350610823772e-06,31.058876037597656,7.28226950741373e-05
983,0.9926702323436789,-0.0015906020129376887,-0.08863899372470643,65162.39227539062,1.3737615771323569e-06,41.63603210449219,4.733320383820683e-05
984,0.40678018225508095,-0.021680397020560398,-1.2081768788317764,75016.8373359375,1.2905978699244087e-06,67.1256332397461,0.00010534119792282581
985,0.6417518329202113,-0.024723955883829193,-1.37778435624456,69771.82941308594,1.3386360385242419e-06,48.608280181884766,7.821640610927716e-05
986,0.9032869047954011,-0.011241216029978324,-0.6264358205476207,55301.141456542966,1.5047739241252423e-06,33.27595138549805,4.93036350235343e-05
987,0.9275466857397399,0.018338007757339958,1.0219165707733526,50632.473016601565,1.5970858082462925e-06,56.041099548339844,8.821412484394386e-05
988,0.9994037349509992,0.0006419178492900648,0.035771960397505236,57958.90202832031,1.4688007967694148e-06,52.697120666503906,7.00482414686121e-05
989,0.9450066716323444,0.0060115626818743806,0.33500452187295027,44542.02089648438,1.6493976744861375e-06,35.82032012939453,5.1024551794398576e-05
990,0.7272988779845607,0.018212226256853505,1.01490718342088,50308.73586035156,1.56265341599255e-06,28.351638793945312,9.328820306109264e-05
991,0.9909811885794686,0.004077386013657237,0.22721924801935234,58349.091219726564,1.4696422175839748e-06,68.1360092163086,8.754622103879228e-05
992,0.977137657005081,0.0053534930657338645,0.2983324768855507,62393.522267578126,1.4204989563482515e-06,57.07301712036133,7.189647294580936e-05
993,0.7608828500061476,-0.014924111152211634,-0.8316713948604384,68866.91406835937,1.36022474627422e-06,33.406761169433594,5.9342506574466825e-05
994,0.05159287835092475,-0.04010977369567088,-2.235185137445971,57815.448639648435,1.4581959506391584e-06,38.819705963134766,6.666179251624271e-05
995,0.492551510964206,-0.013247888101694996,-0.7382610236629681,67704.26246679688,1.3583938453339588e-06,35.72532272338867,4.801102477358654e-05
996,0.9934860885088191,-0.003662871432717599,-0.20411972026831626,58917.351161132814,1.4576960641639982e-06,60.85072708129883,7.601681136293337e-05
997,0.9171518360627264,0.009390748518141772,0.5233153813457881,50062.711147949216,1.593558896717646e-06,22.0040340423584,3.555271905497648e-05
998,0.9938893004076992,-0.005375236466797313,-0.29954416477148343,43340.95649023438,1.7011901880473215e-06,35.41362380981445,5.4180636652745306e-05
999,0.5491516722105946,-0.047446417894966716,-2.644032073293062,36390.80191796875,1.8243296022341117e-06,55.566070556640625,0.0001473625161452219
