state_idx,cos_sim,mean_A,mean_safe_delta,mean_sigma_i,mean_alpha_i,v_unbiased_norm,v_intentional_norm
0,0.6435455466341595,-0.03142873555636555,-1.6025669899994859,37735.84196679688,1.6517800127942521e-06,21.16766929626465,0.00010386119538452476
1,0.997541048949734,-0.0008401755721400037,-0.04284097383748533,68145.78017578126,1.2582988272450847e-06,27.304611206054688,3.083877163589932e-05
2,0.4715133107474454,-0.12054042187947783,-6.146416572127657,71354.51346777343,1.2342406407431992e-06,97.86946868896484,0.0002736752212513238
3,0.5101840535566721,0.03534432857785649,1.8022250421428785,102962.24775,1.0275483755219112e-06,51.14372634887695,0.00010600509267533198
4,0.993551423906005,0.005513010218827674,0.2811111562658347,71143.49211914063,1.2104680503811435e-06,119.04642486572266,0.00013686221791431308
5,0.5666574752231095,0.05943027036594357,3.030379294909807,62065.924401367185,1.2919764589180306e-06,61.69788360595703,0.00023350809351541102
6,0.7938306394968083,-0.018226579157047153,-0.9293824132794418,65582.37844140625,1.2559614141149876e-06,73.07431030273438,6.0597285482799634e-05
7,0.9117521725631342,0.009033783777707917,0.4606371659777242,50972.39720800781,1.4242862612247366e-06,28.20944595336914,4.4632022763835266e-05
8,0.7120579324313059,-0.01000146933450127,-0.5099799378889602,78796.90237695312,1.160755961098348e-06,22.59852409362793,2.2976404579821974e-05
9,0.8873732669222528,-0.011351552716839698,-0.5788213667272962,53666.661560546876,1.3885180542042029e-06,24.28965950012207,3.6711044231196865e-05
10,0.665831434940865,0.020713030842279403,1.0561678318603283,73533.4989404297,1.2247501596682828e-06,34.928802490234375,4.693486698670313e-05
11,0.632240537994261,0.031741895481971455,1.61853517168044,65702.37991894531,1.3142404530487569e-06,36.17850875854492,6.126080552348867e-05
12,0.9287020123041031,0.015211125231384869,0.7756229051228379,48711.70817578125,1.490262760682903e-06,61.256797790527344,9.074715489987284e-05
13,0.7854403020223581,-0.009759600123833308,-0.49764690552058677,71716.16331396485,1.2658601266817832e-06,13.189998626708984,2.0848450731136836e-05
14,0.9246783459966559,0.001593929577799763,0.0812752686529368,54579.839998046875,1.4196577467475125e-06,4.299853324890137,5.892941317142686e-06
15,0.7538145918206355,0.007694336522726969,0.39233807860819975,32416.967796386718,1.8160946825589147e-06,5.05306339263916,1.482400421082275e-05
16,0.36691191517345445,-0.01577443842869942,-0.8043465275997381,22847.305990966797,2.126332301198377e-06,5.815123081207275,1.8245626051793806e-05
17,0.7034390226708577,-0.006633225869772902,-0.3382315141837022,19235.075665527344,2.335607945919518e-06,3.9832041263580322,1.5959209122229367e-05
18,0.690686980968648,-0.01895660839730627,-0.9666069704072808,20100.490311035155,2.2648803183477524e-06,12.206859588623047,4.0757946408120915e-05
19,0.6479142294796245,-0.010096010505569044,-0.5148006396215319,18293.9231628418,2.3966223711881713e-06,6.209143161773682,2.068401408905629e-05
20,0.5776380340489246,-0.01847010567765059,-0.9417999527126965,23148.683619628908,2.1249910138086305e-06,4.550273895263672,3.0455554224317893e-05
21,0.9512854553150604,0.012654111423671312,0.6452394885241809,36475.1259350586,1.7349106430973538e-06,26.50433349609375,4.250514757586643e-05
22,0.7046519946319932,0.026673894969597055,1.3601152835539925,35898.57083837891,1.7444282490536981e-06,20.669466018676758,4.346222340245731e-05
23,0.6695922815089065,-0.1441029174478849,-7.347880039603691,58221.36061132813,1.385243938974012e-06,125.76831817626953,0.00019142552628181875
24,0.8900340010248746,-0.03187187042119379,-1.6251626590240316,48467.33754052735,1.5161632977753438e-06,40.11722183227539,5.475648140418343e-05
25,0.8913804394376779,0.020682872378273657,1.0546300366538357,22626.795740234375,2.14468779748652e-06,20.88652992248535,5.360610884963535e-05
26,0.6051948286446931,-0.07645481462534112,-3.8984693458431448,22318.420549560546,2.201700491216915e-06,20.859375,9.085698548005894e-05
27,0.9831902441450726,-0.001628372977863724,-0.08303155489826969,19081.329563232423,2.4133598028718283e-06,6.357019901275635,1.2621859241335187e-05
28,0.5997283577420895,-0.03364149152326013,-1.7153965266224254,17339.18734716797,2.50344023114809e-06,9.379816055297852,4.464041194296442e-05
29,0.8112728763674256,-0.016786133267777587,-0.8559333548887896,18742.74846044922,2.3789806903716332e-06,12.60319995880127,3.673013998195529e-05
30,-0.537058026286673,0.11072165190405356,5.6457525661961165,20310.911588378905,2.275405494973952e-06,24.136947631835938,0.00010700397251639515
31,0.957366973578096,0.004508090569336414,0.22986979929210918,18287.307883300782,2.398474917796386e-06,11.337315559387207,2.4669872800586745e-05
32,0.7948745620540606,-0.01713592435498947,-0.873769377873439,29619.45171826172,1.9261103947235464e-06,12.924686431884766,3.3063832233892754e-05
33,0.679552280225984,0.014893198008257533,0.7594116365500915,54827.65162084961,1.4383885400845635e-06,18.365869522094727,3.2462496164953336e-05
34,0.8349220885132388,-0.009924263310866762,-0.5060431640189493,58965.31723486328,1.3725494828095453e-06,24.77690315246582,2.6954936402034946e-05
35,0.5927809015015266,0.03174894210811995,1.6188944826821885,81138.98511328125,1.181955751294475e-06,24.56535530090332,3.699083026731387e-05
36,0.9831102755450649,-0.004607687419253587,-0.23494829262503192,52676.380233398435,1.4343384921562804e-06,22.291614532470703,2.9324910428840667e-05
37,0.8093286515477159,0.025228150706564242,1.2863960584276017,66502.38304492188,1.2675865076358992e-06,23.766220092773438,4.70805425720755e-05
38,0.7146751017415944,-0.016405674391887934,-0.8365335659771553,35374.95073339844,1.7191543004960873e-06,15.137430191040039,2.8150869184173644e-05
39,0.9882339535083253,-0.003680771644392803,-0.18768439234378673,36150.365294921874,1.713937639505011e-06,21.79804229736328,3.132403799099848e-05
40,0.7440804945672045,-0.02149880941734188,-1.0962350755324624,35986.83079052735,1.7149110776742723e-06,20.815160751342773,3.83081533072982e-05
41,0.7035410315036497,0.004816387733335809,0.24559002631969065,47563.59576464844,1.4916409350182245e-06,3.6196608543395996,7.53295762478956e-06
42,0.5374947821586772,-0.019427370578603637,-0.9906113701558574,78554.38742871094,1.1847444056413912e-06,16.39067268371582,2.3847340344218537e-05
43,0.5241351056710803,-0.11476444450002923,-5.851896588443068,74238.97667089844,1.2329939239936876e-06,87.1319808959961,0.00015628529945388436
44,0.7381094021025282,-0.025908428563122348,-1.3210837675462976,80330.76434667969,1.1641966569118908e-06,36.2928466796875,5.873671398148872e-05
45,-0.08567061545026512,-0.09378348366717623,-4.782066871975447,67245.39975585937,1.2478000060320845e-06,53.092830657958984,0.0001446731766918674
46,0.7458076708434094,-0.019484898001044627,-0.9935447222806463,67981.35127636719,1.2543300881165063e-06,29.507532119750977,4.254732994013466e-05
47,0.8523663081463523,0.025585978336260525,1.3046418687444876,45439.19017675781,1.5205000434286183e-06,37.838111877441406,6.321124237729236e-05
48,0.7947704319981115,0.01885159273548689,0.9612521691375043,31372.731633789062,1.8090975303342196e-06,27.907440185546875,5.0874143198598176e-05
49,0.8894845282137006,-0.01206620715215547,-0.6152619548394009,33994.479371582034,1.745277756348681e-06,22.366708755493164,4.1029717976925895e-05
50,0.9985232935694223,-0.0002208139169034884,-0.01125941237843874,46072.65175830078,1.4994030639939364e-06,56.53706359863281,7.489683775929734e-05
51,0.9738458282380682,-0.0028479871347063526,-0.14522029248800664,51250.301133789064,1.4412638621280888e-06,14.405611038208008,1.7850104995886795e-05
52,0.9745987400612618,-0.00326620630104886,-0.16654549754958475,77596.18135253906,1.1830531487065627e-06,15.613764762878418,1.589920066180639e-05
53,0.9444057470725288,-0.010364024819063102,-0.5284668238968315,75567.90875,1.2367217138096674e-06,38.53969192504883,3.7289886677172035e-05
54,0.8281216359602073,0.05312136013856813,2.708684798001729,63725.081910644534,1.3366619051522921e-06,145.6154327392578,0.00015764078125357628
55,0.4837963839862151,0.06066171183769478,3.0931711132190607,71589.41712744141,1.297509387080514e-06,51.01332473754883,7.383010961348191e-05
56,0.9238842653108692,0.005179189274416074,0.26408945887285346,57571.96842089844,1.4055900560400431e-06,14.947175025939941,1.88553622137988e-05
57,0.799027731829293,-0.018306755387923715,-0.9334706395065175,37924.07896435547,1.6776652155841054e-06,19.298404693603516,3.681875750771724e-05
58,0.9866182517703811,0.0032287149624503635,0.16463379538959522,27321.675668457032,1.9501382750528585e-06,13.771520614624023,2.3572416466777213e-05
59,0.4300721288683483,0.042624252486939,2.1734320137208587,30081.779307128905,1.8846183516059048e-06,13.844767570495605,4.768069993588142e-05
60,0.9879276553856441,0.004003812902174092,0.2041564281086285,31552.538895507812,1.82131331406615e-06,11.55868911743164,2.0285462596802972e-05
61,0.9087033555097537,-0.00684077094248657,-0.348814341541534,55659.45071191406,1.3851000998155294e-06,17.41573715209961,2.16338194150012e-05
62,0.6041273655496305,-0.044034918845029615,-2.2453625988799213,44416.344439453125,1.6152274449105007e-06,43.7373046875,6.872383528389037e-05
63,0.4849003773318439,-0.13351562522686478,-6.808028698894928,42090.61761914063,1.6003935499596957e-06,68.5592269897461,0.0002256217267131433
64,0.5690437588484824,0.06043261560375618,3.081489381340768,48236.32345019531,1.4978677518654086e-06,94.6026611328125,0.00010631835903041065
65,0.5149808309053177,-0.014416591827238086,-0.7351092483244607,48255.76784423828,1.532551239521486e-06,7.255018711090088,1.8817163436324336e-05
66,0.9983343520643273,0.0008248887460081109,0.04206149090547564,19728.944873046876,2.289928484396731e-06,18.812602996826172,3.665716576506384e-05
67,0.7888430882055896,-0.00899929779342742,-0.45887870834183087,20173.59661328125,2.2582641954130004e-06,8.824393272399902,1.561584576847963e-05
68,0.8625274377535572,0.005345997724434536,0.27259510540683957,26213.766681640624,2.0037553014919455e-06,3.522127151489258,9.238498023478314e-06
69,0.35622352430587884,-0.019381649229909058,-0.988280015653072,19825.555674560546,2.297220932376487e-06,1.6271226406097412,2.196750028815586e-05
70,0.8794713437326261,0.006390836439318121,0.3258719555474678,20768.206169433593,2.2555629008736892e-06,4.968418121337891,1.619303111510817e-05
71,0.8095192415043155,-0.005950677140130235,-0.3034280121074032,46767.464447753904,1.5847979805748289e-06,8.420136451721191,1.0739666322479025e-05
72,0.7376917673212037,-0.01666140472353789,-0.8495733838568421,40136.799100097654,1.6540409701514285e-06,21.246379852294922,3.163629298796877e-05
73,0.5778754613755704,-0.036371201275251376,-1.854585796040388,55794.22428759766,1.4293464277288606e-06,26.359880447387695,3.523949271766469e-05
74,-0.12561489615808402,0.12177042017946475,6.209134802384784,64846.15271972656,1.3435357978934528e-06,24.073415756225586,9.777245577424765e-05
75,0.9074642791035977,0.004870528354918298,0.2483506837699576,21988.443583496093,2.1742630597924366e-06,4.317884922027588,1.2268216778466012e-05
76,0.9080831931399067,-0.003747421640154201,-0.19108290905787031,22681.006764404297,2.1381258968207794e-06,4.296009540557861,7.427418950101128e-06
77,0.7978507731369009,0.004926304643144307,0.251194744682793,19188.321372314454,2.3431347384923994e-06,2.705950975418091,7.256664957822068e-06
78,0.36671243592858466,-0.028154480300549328,-1.4356110722091298,19250.093388183595,2.340158706950722e-06,4.583531856536865,2.9275812266860157e-05
79,-0.09910687245631343,-0.009512703583345782,-0.4850575270831127,13550.489177978516,2.75681146150318e-06,2.700103998184204,1.4098595784162171e-05
80,0.9483593071267412,-0.0013594873807878942,-0.06932094343611843,12887.444462890626,2.8073303343048314e-06,3.2263379096984863,8.229927516367752e-06
81,0.5749637860049126,-0.018856291776679603,-0.9614917756048592,13363.711916015625,2.7755085396902485e-06,5.118797779083252,3.956285581807606e-05
82,0.25634114020035853,-0.011776737632751489,-0.6005017588532828,18491.553587158203,2.357396185219924e-06,4.125526428222656,1.531456655357033e-05
83,0.9995746100897898,0.0003521680361220385,0.017957224801804596,24565.45995263672,2.0690009347286387e-06,6.180197238922119,1.0716439646785147e-05
84,0.8178230032116307,-0.016909690013210736,-0.8622335753118422,39121.61370947266,1.7086073179899147e-06,26.87715721130371,3.264971019234508e-05
85,0.9841029625169642,0.0009268348183414319,0.0472597722677174,54216.28995117187,1.4247973905169518e-06,6.245519161224365,7.885244485805742e-06
86,0.5999603944668455,-0.0519620059182951,-2.6495687448027687,66221.67577734376,1.328011971007838e-06,31.530202865600586,6.640516221523285e-05
87,0.9204936445402427,0.012272881022596518,0.6258003591563757,65706.88008691407,1.3483211149999446e-06,25.186824798583984,2.965389830933418e-05
88,0.8694968075352699,0.005721280272225378,0.29173095075238037,28808.17375683594,1.9361318575662185e-06,7.836642742156982,1.4026943972567096e-05
89,0.7933897832712219,-0.004256599958063431,-0.21704616688099732,17582.7754453125,2.424212384548889e-06,3.186737298965454,8.20286095404299e-06
90,0.6905351550474653,0.007698669585441035,0.39255902364936135,20432.3248671875,2.2738804893337392e-06,1.7169395685195923,9.329062777396757e-06
91,0.9858903219883406,0.0005650810497669645,0.028813766160165434,19850.177068359375,2.29293519568031e-06,1.1784418821334839,2.6041586806968553e-06
92,0.6549618252007233,-0.00972104877549031,-0.4956811529320469,24357.573936279296,2.084199980711475e-06,1.554900050163269,1.1005918167938944e-05
93,0.20790401411506634,-0.009513918274209136,-0.485119464779498,23913.981609375,2.125772424150122e-06,5.50843620300293,8.040604370762594e-06
94,0.7757448650506816,0.02557222006457642,1.303940327570461,38338.648197265626,1.7001270557380118e-06,6.6428303718566895,3.0416558729484677e-05
95,0.6280610879222961,-0.03301250313793388,-1.6833240933675422,61877.561052734374,1.3812311005284441e-06,24.180856704711914,3.380719863343984e-05
96,0.2965569187095098,0.020700404555932857,1.0555240111864432,57586.03501611328,1.4382659378933714e-06,5.647833824157715,1.7705502614262514e-05
97,0.5953507701597269,-0.05364923967835105,-2.735601640508328,42387.9056640625,1.6297961794576155e-06,25.46148109436035,5.458084342535585e-05
98,0.7909071859584565,-0.020286433860951254,-1.0344154378105,57635.55382177734,1.4052937138278816e-06,27.78484535217285,2.9711938623222522e-05
99,0.9249584113723428,0.0032005331045921676,0.16319678832198967,21462.062313964845,2.2020428279900857e-06,3.4441211223602295,9.620367563911714e-06
100,0.4332478406168903,-0.010470053091679862,-0.53387325869907,22811.042077636717,2.1495773148704625e-06,3.37015700340271,1.0555009794188663e-05
101,0.7778726888957864,-0.004852340515081716,-0.2474232766940595,21742.733990234374,2.21800212380474e-06,2.4579646587371826,6.1668665694014635e-06
102,0.4784932735404415,0.004911940176255831,0.25046229331124076,19302.741151123046,2.359491059304564e-06,0.9957795739173889,5.129826149641303e-06
103,0.7005338540355093,0.008026802079693925,0.40929066411554516,14320.031253173827,2.685884015463e-06,2.9068400859832764,1.561442513775546e-05
104,0.9506141903914347,0.0014313925224627936,0.07298742267620006,15048.522270507812,2.591284666119146e-06,2.6431884765625,7.604836355312727e-06
105,0.724080892062591,-0.011512606964891514,-0.5870336036168186,17083.785885253907,2.4545457836329006e-06,3.129612922668457,1.9323089873068966e-05
106,-0.18732247473123062,-0.08915625390681207,-4.546122105575169,22840.932561035155,2.1343921868211816e-06,30.56267738342285,0.00010310529614798725
107,0.37284986609926885,-0.019259456605266376,-0.982049352433339,15826.016833984375,2.5645258791939593e-06,10.537285804748535,4.350645394879393e-05
108,-0.17884766141787084,-0.02598354080116863,-1.3249137782389666,17192.78589794922,2.425282925812402e-06,5.85476016998291,4.378424637252465e-05
109,0.00644476717937263,0.05775937285312236,2.94517939264466,22451.516485839842,2.154641975645866e-06,12.007262229919434,0.00010112075688084587
110,0.6950419130985925,-0.0165377612747787,-0.8432687423877063,22697.51103979492,2.145501463837932e-06,9.780852317810059,3.3970947697525844e-05
111,0.8497743477763776,0.0217813215540881,1.110640511087187,43794.294137207035,1.5801608322429383e-06,27.835294723510742,6.286040297709405e-05
112,0.7817280602799768,0.02815157484370277,1.435462921507209,46354.51485253906,1.572988061059669e-06,10.111541748046875,4.3213014578213915e-05
113,0.3777765390335311,-0.07102391070017995,-3.621544830674123,43963.762643554684,1.5934587150048134e-06,19.329286575317383,7.521080988226458e-05
114,0.3377661861626198,0.1523547274044171,7.768643968218352,78300.55874316406,1.2139354420825124e-06,74.46279907226562,0.00019812971004284918
115,0.13356454754825828,0.010837376129893684,0.552603244658959,33028.068932617185,1.809026782823088e-06,3.463991165161133,1.0623512025631499e-05
116,0.9376602003019766,-0.0018114038012348726,-0.0923643883863042,19319.912375488282,2.314985943048058e-06,2.7090070247650146,4.444306796358433e-06
117,0.5539250181997265,-0.005705303606508597,-0.2909162925539284,18179.83196850586,2.4210619758509634e-06,1.9328675270080566,5.820913429488428e-06
118,0.9102730950969917,-0.001558391984805902,-0.07946318896128456,15805.569977783203,2.6004837728994756e-06,1.4405810832977295,3.0943817819206743e-06
119,0.045357235127234004,-0.008886011655555102,-0.4531021913498216,14452.514107177734,2.6833148745544933e-06,1.8932678699493408,7.648324753972702e-06
120,0.9521161936229263,-0.0024756547390844866,-0.12623487688129512,16505.55365698242,2.5059849235558534e-06,3.7067015171051025,7.154549166443758e-06
121,0.9035532955669354,0.009322709203593947,0.4753696183624564,14597.023309814453,2.6491661190315655e-06,3.590049982070923,1.8329190424992703e-05
122,-0.48631885277687753,-0.0206535250342734,-1.053133600863264,20622.89436376953,2.2529908568056953e-06,2.651611089706421,2.251366458949633e-05
123,0.9735971458808957,-0.006436332126466121,-0.3281918034548062,49680.901021240235,1.532189201136698e-06,20.836650848388672,2.1251609723549336e-05
124,0.8920524799797326,-0.014260459800514887,-0.7271479979693651,30140.836940429686,1.8996841125959448e-06,17.737565994262695,3.236210977775045e-05
125,0.24401452487999356,0.06469269727553842,3.298713082550641,50041.993503417965,1.5321570402055564e-06,28.81269073486328,8.349490963155404e-05
126,0.512722898913855,-0.014980054509801517,-0.7638404931291796,44582.70848925781,1.5965486300985755e-06,4.478758335113525,1.6004018107196316e-05
127,0.8988383733798125,0.012470413379250232,0.6358726331001464,17871.561248535156,2.404673698899551e-06,5.769219398498535,2.3963417334016412e-05
128,0.9462269134309234,0.005439834016663935,0.27737986501389045,18538.377220703125,2.3424320755907616e-06,2.064547300338745,9.67192590906052e-06
129,0.7031437298265694,-0.005595211051256854,-0.285302617941575,21129.063276611327,2.2450813200038276e-06,3.413743019104004,5.785640951216919e-06
130,0.8725856861033033,0.007769444488404374,0.396167871450637,19954.08578125,2.3013212540957314e-06,3.141254186630249,1.1358815754647367e-05
131,-0.6944251189192587,-0.012551538521284255,-0.6400092447830944,22120.34684350586,2.195212003656754e-06,2.381953477859497,1.1386116057110485e-05
132,0.49536609500268625,0.030826635801705842,1.57186562150905,21240.92625439453,2.248022598584169e-06,5.417464256286621,4.26109108957462e-05
133,0.9986748113066448,-0.00024637348082131005,-0.01256270736273812,27817.1605,1.9651699112763073e-06,3.820707082748413,5.966631306364434e-06
134,0.8837295696009665,-0.00721852522763183,-0.368076222014547,44481.200028320316,1.6139172956918161e-06,7.781040191650391,1.1583834748307709e-05
135,0.6435123792367159,0.04337901643385339,2.2119178059474485,50098.737508544924,1.5220858228710832e-06,25.09783172607422,4.8610301746521145e-05
136,0.5254555554931711,-0.034410221848043786,-1.7545944714618054,44312.959780273435,1.6140163392523616e-06,15.091254234313965,4.217688547214493e-05
137,0.5039102783645343,-0.020781664046831374,-1.0596674733853784,64529.52460839844,1.3516995567281523e-06,5.7921037673950195,1.7996677343035117e-05
138,0.7879787164782911,0.010243763152091578,0.5223346211772779,19210.11697607422,2.3296271062511702e-06,4.31107234954834,1.899920061987359e-05
139,0.9950530781436138,0.0005428740382410217,0.027681419503896406,20337.28330810547,2.2613042103354006e-06,3.9920361042022705,8.095866178337019e-06
140,0.9515433002433548,-0.001095679982923058,-0.05586927189885164,22165.485373046875,2.2032296971228435e-06,1.654451608657837,2.850478949767421e-06
141,0.7475136748384428,0.007764794075897585,0.39593074458436855,23313.87754614258,2.1362624616649847e-06,2.1892282962799072,7.875689334468916e-06
142,0.1483468917580592,-0.01638727064816694,-0.8355951498538983,21115.189884765627,2.221784522013331e-06,4.254549980163574,1.6626883734716102e-05
143,0.8256718920596713,0.021379006357048418,1.0901262573974502,44648.70148974609,1.5842540358995357e-06,4.127220153808594,2.000031599891372e-05
144,0.5848363247965005,-0.015491227644008208,-0.789905467635871,57284.471104492186,1.4252032538513951e-06,7.081576824188232,1.4135123819869477e-05
145,0.9887431560001843,-0.0030407355002690993,-0.1550486283265017,33162.88326855469,1.8625982672926538e-06,14.652178764343262,2.166180456697475e-05
146,0.8243598614177554,0.03173196629536728,1.6180288774752263,58536.98918359375,1.4193926207637006e-06,11.943097114562988,3.549082248355262e-05
147,0.9481402846901229,-0.003586944695292592,-0.18290010914757948,37295.648176757815,1.7020223017612665e-06,7.4886860847473145,1.1634139809757471e-05
148,0.723174079939476,-0.007596781406535104,-0.3873636943020202,22667.09078125,2.1333796706523788e-06,5.551025867462158,1.0803699296957348e-05
149,0.9943162293657481,-0.001326302723909774,-0.06762884113719016,25803.932802978517,2.020552027763494e-06,4.53986930847168,8.155185241776053e-06
150,0.9754256954675976,0.0018191167457448888,0.09275767529551766,25023.500990234374,2.038537515017097e-06,3.235863208770752,5.99713166593574e-06
151,0.7683328300960057,-0.012836060704898834,-0.6545171736358334,43138.97752392578,1.6108077251812088e-06,8.504253387451172,1.5472713130293414e-05
152,0.7616629271979198,0.018758608116763775,0.95651083678972,53270.340274902344,1.4943501916352153e-06,11.637641906738281,2.5467557861702517e-05
153,0.600291142830535,-0.028425454828317237,-1.4494281992950333,71270.63141455078,1.2594313942181755e-06,13.9443998336792,2.931131712102797e-05
154,0.9925829397421027,-0.000419710604583404,-0.021401254245554887,60276.939787109375,1.3791841291683512e-06,14.995689392089844,1.746877569530625e-05
155,0.5545885784697505,0.04164298400813448,2.1233966418033705,72703.74753076171,1.3041179888166077e-06,28.512798309326172,4.855995939578861e-05
156,0.9902485572041627,0.0010201532477446386,0.0520181257895118,38289.27929101563,1.6980593688071382e-06,6.736512660980225,8.538831934856717e-06
157,0.9095792278065652,-0.0019016720796926245,-0.09696721318149949,19692.694904296874,2.302805341051766e-06,2.6516637802124023,5.250539743428817e-06
158,0.7566899372242618,0.007330996309733008,0.3738111789039712,24082.846863525392,2.09028286113886e-06,3.2334787845611572,7.991848178789951e-06
159,0.871153584310603,0.004059603894068168,0.2070012387688737,19405.84896826172,2.3198272620309127e-06,1.6912951469421387,5.453773155750241e-06
160,0.9225981689400699,0.0020009875191089018,0.10203135725183209,21461.27832055664,2.230198924455299e-06,1.6375441551208496,4.455961970961653e-06
161,0.07292205770577063,-0.009699555812167918,-0.4945852159518282,20693.018842529298,2.245503978330933e-06,4.165722370147705,8.04023784439778e-06
162,0.3102916806615555,-0.012319162388999593,-0.6281602692430102,32801.96169726562,1.8389841434922465e-06,3.341904401779175,1.1249005183344707e-05
163,0.4084726379261667,0.03448845834701927,1.758583789786317,57924.54520947266,1.4314834630144843e-06,4.772849082946777,3.222724990337156e-05
164,0.6585417611910152,-0.013948891731278014,-0.7112609858431085,36294.87521191406,1.7651435462393277e-06,10.12271499633789,1.536592753836885e-05
165,0.7224249407117694,-0.027587508112909765,-1.4067008759802866,31979.557447021485,1.898941991696532e-06,25.970752716064453,4.396427175379358e-05
166,0.8537666794201568,0.025283035489651075,1.2891946610462306,48476.746966308594,1.5518904565935035e-06,32.826194763183594,5.2161307394271716e-05
167,0.9522577901433446,-0.001864523967177251,-0.09507301229164324,21457.1016496582,2.2016984486602837e-06,2.6255574226379395,5.717510248359758e-06
168,0.981526767414138,-0.0008009137352304707,-0.04083899308057202,21149.691619140624,2.2117833977021682e-06,1.7612059116363525,3.444538378971629e-06
169,0.8419010099301109,0.0027858881463050174,0.14205383392190044,20151.582897705077,2.315369943347518e-06,1.848469614982605,4.011455530417152e-06
170,0.5749686284121999,0.008696464723012451,0.4434370981867915,17471.831892089845,2.4538351708368635e-06,1.1035807132720947,8.871326826920267e-06
171,0.002091515582778137,-0.007189938851389936,-0.36661858835165895,14374.5299921875,2.6839492123166803e-06,1.7843555212020874,8.227699254348408e-06
172,-0.08077314120986202,-0.009136321590568848,-0.4658656204862732,16239.32632446289,2.5274006125937805e-06,1.8685758113861084,9.814218174142297e-06
173,-0.29129614954210487,-0.011936419246704954,-0.6086440044416466,22602.821044677734,2.1675552799081636e-06,3.1220808029174805,1.044774217007216e-05
174,0.4615581686943412,0.02435526700513612,1.2418872806720183,31906.257737060547,1.8377965172545344e-06,5.411245346069336,2.4894750822568312e-05
175,0.5217354939404866,-0.040088486644835726,-2.0441320415461943,73536.14100097657,1.2669763030041746e-06,13.206931114196777,3.79257726308424e-05
176,0.3523761930561921,0.02245518197367962,1.1450009918761082,66200.80085009766,1.3344576453599425e-06,11.667041778564453,1.677678847045172e-05
177,0.6644704764296492,-0.057785266318160604,-2.9464997134145667,36917.80132519531,1.745773823717333e-06,35.73356628417969,7.813185220584273e-05
178,0.3700767255992876,-0.04084483172488008,-2.0826984565441435,42257.34786425781,1.6071326154056763e-06,20.58279800415039,5.015940041630529e-05
179,0.87989816817107,-0.011277896375186211,-0.5750655929219419,30589.37494921875,1.8609504845875673e-06,16.71636199951172,2.947114444395993e-05
180,0.9983147181827509,0.00042717353630874523,0.021781792877476697,25520.486444335937,2.067532875417054e-06,25.574739456176758,4.060603532707319e-05
181,0.6635508750119841,0.02679223135858343,1.3661493153834048,29377.666408691406,1.8804175071905766e-06,11.990232467651367,3.953462146455422e-05
182,0.9212703139775387,0.01009260680818,0.514627083384443,36602.97227734375,1.7041815962380987e-06,14.711420059204102,2.8064687285223044e-05
183,0.9353941988285829,-0.005671191942325544,-0.2891769216875546,52392.71249072265,1.483156152885618e-06,16.680709838867188,1.596000583958812e-05
184,0.7226242380651562,0.022216896695833165,1.1328507060399269,53506.846048339845,1.483005475303922e-06,22.086238861083984,2.890969699365087e-05
185,0.9887515640592136,0.008437680875723852,0.4302415800131124,38409.8040678711,1.7229914382934081e-06,30.967777252197266,5.046203295933083e-05
186,0.6627303482213971,0.03136628465414797,1.5993825871713772,56191.7551953125,1.4038596068227674e-06,12.664345741271973,3.403318260097876e-05
187,0.874611336923761,0.002855455496432938,0.14560110799841544,32822.25005419922,1.8307306767837835e-06,3.7856557369232178,6.167497303977143e-06
188,0.9953461071835621,-0.0006019697985146845,-0.030694741961417728,21745.272769042967,2.2058999004131805e-06,3.671339988708496,6.665453383902786e-06
189,0.6990398542460905,0.004720510461622378,0.24070119614503743,19985.360330566407,2.306242290963843e-06,2.0949511528015137,5.468708422995405e-06
190,0.6074718505272333,-0.00540329140259734,-0.27551653879364246,15392.509220947266,2.651854832149824e-06,2.019770860671997,7.3838345997501165e-06
191,0.4432936352645123,-0.0035879209293891864,-0.18294988781382296,14873.31498046875,2.667792736181367e-06,1.020863652229309,4.494815584621392e-06
192,0.5605472675049552,-0.0034519870813512015,-0.17601855272086028,14710.546876708984,2.6528802969342406e-06,1.4818367958068848,4.8626507123117335e-06
193,0.8976431995297285,0.004694816983381732,0.2393910728022487,16559.64316357422,2.51797163796733e-06,2.3624000549316406,1.067888479155954e-05
194,-0.2824184504499233,-0.0065096185813360245,-0.3319287165475381,24711.688901367186,2.060080297636988e-06,2.0409016609191895,6.271082384046167e-06
195,0.30904292840228736,-0.004522496083682587,-0.23060434369411786,42694.9489086914,1.6285771113533926e-06,2.1973187923431396,3.5841264889313607e-06
196,0.7155623825869467,0.031892948356821896,1.62623743353395,43018.904591064456,1.6369928757215849e-06,14.92103099822998,3.433697929722257e-05
197,0.7662864985415518,0.014968181152550261,0.7632350646875162,35754.683432128906,1.8064137526171134e-06,18.199291229248047,2.478011629136745e-05
198,0.6995611018148671,0.012246441773512145,0.6244522085842026,71395.93259179688,1.3037585776627892e-06,10.48337459564209,1.2926072486152407e-05
199,0.9977791836153685,-0.00014653851826415388,-0.007472072546870434,24068.457524902344,2.084854486884919e-06,5.5026445388793945,9.52075879467884e-06
200,0.8609047580950877,0.003193611759790321,0.16284386547894525,28875.760938964842,1.9280873003636472e-06,3.0522801876068115,6.3603852140659e-06
201,0.8820145941026687,0.003507258504001652,0.17883687028476813,23895.519204589844,2.1045834194531696e-06,2.6164376735687256,5.986658379697474e-06
202,0.9552806152775803,0.0006147292076051047,0.03134535063078448,23860.066228881835,2.1241381338126462e-06,0.863842785358429,1.728366100905987e-06
203,0.6629035522492451,-0.006295421377655624,-0.3210066936951463,21742.45821044922,2.188388123808235e-06,2.4659976959228516,8.856281056068838e-06
204,0.9233311199185641,0.0018612269570838134,0.09490489609326923,23327.49657788086,2.101689981020839e-06,2.449892282485962,4.952808012603782e-06
205,0.5922734232066413,-0.009283432590189846,-0.4733668841446735,48588.02057373047,1.5441293144628025e-06,3.53775954246521,8.48210765980184e-06
206,0.6369582727838077,0.040457474340512244,2.062946909225062,48837.0715,1.5219703363938756e-06,17.450748443603516,4.2921928979922086e-05
207,0.9788890287738973,-0.008774432463020896,-0.44741271235677005,32522.51681567383,1.8699323011750354e-06,24.734127044677734,4.0668768633622676e-05
208,0.903518402667085,0.005367289049253955,0.27368076073865416,75985.77700976563,1.259121525699383e-06,11.455602645874023,9.689872058515903e-06
209,0.6064918311419185,0.012044090105113483,0.6141341955172932,25304.24835449219,2.060952350778982e-06,4.940460205078125,1.7144488083431497e-05
210,0.6508286925256348,-0.00808257163097844,-0.4121343815083547,19381.454142578124,2.32527809315625e-06,5.3726325035095215,1.3617974218504969e-05
211,0.984031513243162,0.0008886584368182611,0.045313139425395874,21351.71882470703,2.2110093595908604e-06,2.17244815826416,4.433479261933826e-06
212,0.9146807857584903,-0.0028602163590615553,-0.14584386677179537,23719.353522460937,2.094593718670771e-06,2.4713358879089355,4.911139967589406e-06
213,0.1895405439648249,-0.01250010450913885,-0.6373865987056018,25294.264560058593,2.0318328511403775e-06,3.229416847229004,1.0043909242085647e-05
214,0.35607030937503525,-0.011465870847266706,-0.5846505055372944,34010.390893066404,1.8128056110315763e-06,4.055500507354736,1.0100354302267078e-05
215,0.7681898001633444,0.01638632214071596,0.835546784983222,69771.84838330078,1.3121231377939656e-06,8.71307373046875,1.6613823390798643e-05
216,0.7754093102038798,0.014508432081527836,0.7397922289557987,48500.26100244141,1.5325953744713644e-06,10.11471939086914,1.816314397729002e-05
217,0.3442289588828233,-0.042047122788215194,-2.1440038809070394,36628.53254882812,1.7336845531455827e-06,20.41366958618164,4.348059883341193e-05
218,0.9556472955630255,-0.0029499378881986922,-0.15041881254489473,62849.331471191406,1.3588634760842077e-06,9.821890830993652,1.0822667718457524e-05
219,0.9994890176822843,-0.0006096101956546454,-0.031084329643843837,24067.142826171876,2.085794232191413e-06,9.591157913208008,1.807432090572547e-05
220,0.9823464407534542,0.002403770893815016,0.12256948355560812,22755.99800366211,2.1476234969707846e-06,7.6891889572143555,1.4978071703808382e-05
221,0.8181578114358842,-0.009732171340291891,-0.4962482980901197,27748.827260742186,1.9488544190031235e-06,6.535415172576904,1.525499828858301e-05
222,0.743134910436734,-0.026757432630475607,-1.3643749107828909,37771.357700439454,1.68626455774356e-06,15.403185844421387,2.9255903427838348e-05
223,0.9162327579539578,0.008245655782715298,0.4204501242049336,44830.37997705078,1.6191736220304135e-06,10.584189414978027,1.806896398193203e-05
224,0.9668709535477168,-0.004864442858502414,-0.2480403812553571,44840.09140771484,1.5885975738628965e-06,13.631850242614746,1.6649128156132065e-05
225,0.8940330594540549,-0.0044263968215293836,-0.22570419411559503,42289.196321044925,1.652114419239975e-06,9.727627754211426,1.253388290933799e-05
226,0.6777576169052224,0.039027635431463384,1.9900387060760978,54673.66133447266,1.4489825039124819e-06,34.01723098754883,5.865150160389021e-05
227,0.8992663135688707,-0.007433805150904744,-0.37905345328203016,20506.413817871093,2.2824625299090824e-06,11.218255043029785,2.6195642931270413e-05
228,0.9763165137387416,0.003947965128109207,0.201308722097013,20905.229079589844,2.210424963011442e-06,9.341368675231934,1.9990706277894787e-05
229,0.986438241658739,0.0031306765798717606,0.15963476908795995,21975.19790551758,2.1859715182611163e-06,8.695151329040527,1.7300784747931175e-05
230,0.8616779543539088,-0.007276215099952533,-0.3710178575401836,27396.589584228517,1.9644314835870376e-06,5.220226287841797,1.066041750164004e-05
231,0.6218246752244737,-0.012615817975819999,-0.6432868864110692,41590.53023120117,1.6751114035883108e-06,10.712506294250488,1.5574525605188683e-05
232,0.9786337248339348,-0.006813517851511987,-0.34742469276317345,59374.57145166016,1.4051107107488036e-06,27.657630920410156,2.5930316041922197e-05
233,0.28527540391102757,-0.023876895097742008,-1.2174948571728923,32132.303325439454,1.8338025511826658e-06,9.71667194366455,2.11259593925206e-05
234,0.6468427071721031,0.03707841405993484,1.8906469306541784,70042.07161035156,1.2941544940723143e-06,15.469975471496582,4.2323572415625677e-05
235,0.6533908413346815,-0.03452721874034121,-1.760560201683186,58182.41630957031,1.3885294440473123e-06,29.379323959350586,3.9959460991667584e-05
236,0.971975236445097,0.003401370279813321,0.17343757662214052,22596.2267109375,2.1466140166026114e-06,8.146245956420898,1.81256345967995e-05
237,0.9111581233352364,0.007471268027758705,0.3809637041633899,22319.46813232422,2.156673882068566e-06,6.9333906173706055,2.004343332373537e-05
238,0.8417861935625812,-0.0070163029385568116,-0.3577648060642441,24626.199926513673,2.0887509704964384e-06,4.407750606536865,1.0125695553142577e-05
239,0.8725408734974704,-0.010221786481540651,-0.5212140197228589,27576.548521728517,1.9659715378857643e-06,9.102673530578613,1.7218184439116158e-05
240,0.9781001905944423,-0.0034526472531838043,-0.1760522152137327,29914.2029230957,1.9369227572085445e-06,9.580541610717773,1.442798111384036e-05
241,0.9596173402034598,0.008644654541737691,0.44079527105671445,54106.56953564453,1.4882017981423203e-06,17.57046890258789,2.3260370653588325e-05
242,0.32836415386586554,-0.1068751127238392,-5.449615604055345,35740.37016992187,1.7818740442574814e-06,43.785186767578125,0.00013555023178923875
243,0.9959530666646439,0.0030620987518220314,0.156137951238535,61769.23162060547,1.3919742921988578e-06,41.387733459472656,4.631571573554538e-05
244,0.472186075168769,0.030461745890214453,1.553259701901142,64944.227828125,1.3050129534664071e-06,12.665258407592773,2.6817147954716347e-05
245,0.9698833796426626,-0.00437769378329466,-0.22322080176760595,24573.326178710937,2.0774658270160024e-06,11.492659568786621,2.0080313333892263e-05
246,0.801958404781735,-0.028531576213517595,-1.4548393819546126,34906.34442871094,1.7724264698519635e-06,25.831317901611328,4.317202910897322e-05
247,0.6230352526151879,-0.02563989186381074,-1.3073909465561435,24560.74133959961,2.0961566641135264e-06,13.170754432678223,2.7998912628390826e-05
248,0.5520228790588364,-0.4846060762202267,-24.65930863460147,25021.871161621093,2.0744896524388985e-06,172.01034545898438,0.000433143723057583
249,0.907660749307487,0.016175558531779478,0.8247998428490401,25670.640059570313,2.011963121230601e-06,21.161102294921875,4.896286554867402e-05
250,0.12347501254272107,-0.09463113096008016,-4.825288832602341,19298.458439453127,2.3404922079804034e-06,25.52468490600586,0.00013304340245667845
251,0.8689452771278781,0.02361551744200882,1.2041670794056252,20092.2842265625,2.2797325453347493e-06,37.515472412109375,7.225575973279774e-05
252,0.3817725804658873,0.12468471017126788,6.357735910812249,21117.113042236328,2.207534641931738e-06,53.800289154052734,0.00024296475748997182
253,0.6635970499541342,0.03595971501975518,1.8336039054799473,20603.586712890625,2.226806487151507e-06,29.716323852539062,0.00010357878636568785
254,0.7219952943449115,0.031206360093988764,1.5912279536341256,23554.897923828124,2.084458405323098e-06,27.77452278137207,8.8138272985816e-05
255,0.5221054725357027,0.08397986476980374,4.282175427113224,27934.595100097657,1.960581317559268e-06,41.84654998779297,0.00020612770458683372
256,0.28074477626225647,-0.023085208800493272,-1.1771263757832944,27773.16780517578,1.9491107720787285e-06,23.894485473632812,4.353784242994152e-05
257,0.4682807401949803,-0.06801176565279132,-3.467954043880355,36390.999052246094,1.749853033761833e-06,42.44253158569336,0.00015261756198015064
258,0.9934716517203128,-0.003981979044357358,-0.20304310874715792,47930.99161914062,1.5354612504232386e-06,32.41880798339844,4.09047570428811e-05
259,0.63110756285791,0.042630235088026436,2.1737370695510516,64832.00516894531,1.3060006702393327e-06,30.31737518310547,6.548831152031198e-05
260,0.9923583632195866,-0.002324562593626478,-0.1185306125998082,88940.5176328125,1.114606304135755e-06,71.4591064453125,6.532340194098651e-05
261,0.7974623047708855,-0.0489716237510413,-2.497087658182871,39529.55483398437,1.6378404502682738e-06,38.33307647705078,9.819130355026573e-05
262,0.981358730713328,-0.011208638210189836,-0.5715340843503651,23564.216107421875,2.1021016160355492e-06,34.483219146728516,6.204193050507456e-05
263,0.7265288733356874,-0.07118962938258223,-3.6299949094107555,30887.950338867187,1.868942544002013e-06,51.30769729614258,9.3062873929739e-05
264,0.6563058631399187,0.06168144731349061,3.145167936607357,27253.461903320313,1.9834811474115323e-06,13.218388557434082,6.317048973869532e-05
265,0.5646155756631324,0.016062550050477874,0.819037483704838,21326.654766113283,2.2400897064806993e-06,6.09865140914917,2.1283054593368433e-05
266,0.8320308575540628,0.013469677042845898,0.6868255885161343,19283.59871435547,2.3098586846398946e-06,11.594038009643555,3.411285069887526e-05
267,0.5254071257411219,-0.033507938315127855,-1.7085865815523331,22758.934255371092,2.126023409422261e-06,14.938702583312988,6.214903987711295e-05
268,0.46643221096293547,0.06973128300459942,3.5556330961221128,25404.55074267578,2.0236767073531806e-06,15.490628242492676,0.00013385014608502388
269,0.6614309854391004,-0.023272854317883843,-1.186694514834011,24032.94503125,2.1165387722817596e-06,19.110506057739258,5.492395212058909e-05
270,0.9984845030489122,0.00015101595665262656,0.007700379376085826,31169.937020996094,1.876275580301758e-06,16.612951278686523,2.382023012614809e-05
271,0.9367086150735283,0.005890397492344075,0.300354322631807,38379.75533984375,1.7177352594599086e-06,15.457426071166992,2.5117637051152997e-05
272,0.2513451548061285,-0.048402877493364055,-2.4680870012329703,39381.60227685547,1.7180792990175745e-06,18.99254035949707,7.21587348380126e-05
273,0.6598890034088318,0.08018357972628537,4.0886009486089785,88373.30199609375,1.1067001738650845e-06,47.84281921386719,0.00013585423585027456
274,0.645926480386431,-0.03201627051941498,-1.632525692460326,53731.47226464844,1.4453043054774881e-06,25.22121810913086,5.7695757277542725e-05
275,0.9421860922195199,-0.006559133192086153,-0.3344534913851552,38439.38176074219,1.6605637330135217e-06,15.028770446777344,2.3793014406692237e-05
276,0.8810962057942027,0.016754329158786798,0.8543116474190897,26891.164347167967,1.989596049024008e-06,20.849411010742188,4.274828461348079e-05
277,0.41428697891228283,-0.02326824405938946,-1.1864594354409752,22813.703030761717,2.1458901412730023e-06,11.430953979492188,2.5962919607991353e-05
278,0.4848366787823786,0.03431494287225983,1.7497361486966887,18058.229255859376,2.429251597551869e-06,8.209040641784668,5.739970947615802e-05
279,0.38205778320526745,-0.03933729982441575,-2.005828648793764,17541.249379394532,2.440126468720837e-06,8.02807331085205,5.4460881074192e-05
280,0.9569967164222359,-0.004995760047467525,-0.25473631058657664,18751.584738769532,2.3536824904414264e-06,10.660893440246582,2.262434827571269e-05
281,0.8579966504456119,0.0036054571117781014,0.1838440665496071,20353.884655761718,2.2544979792992522e-06,3.4229681491851807,8.934984180086758e-06
282,0.6157545140198827,-0.007980194420701428,-0.4069141162061145,42154.489805175785,1.6633536068452297e-06,5.410378932952881,1.0933900739473756e-05
283,0.6293084393748377,0.0588864963308873,3.002651984116882,52628.81275390625,1.4771754524372593e-06,44.51325988769531,0.00010208940511802211
284,0.5650012790231151,-0.05497026624200275,-2.80296144758755,51403.97007617188,1.4717014042529472e-06,41.74351501464844,7.81939597800374e-05
285,0.09438564097411287,0.04061568355354167,2.071014076351785,58730.66398046875,1.3955130627782532e-06,17.919580459594727,6.246534758247435e-05
286,-0.2801373547899683,-0.018481205670543798,-0.9423659469178396,35274.46592822266,1.7288827420904976e-06,4.79222297668457,2.2503842046717182e-05
287,0.46582969562843124,0.017450257740339425,0.8897973948553247,23757.278825195313,2.087216321987069e-06,5.641952037811279,2.963522456411738e-05
288,0.8563074505204705,-0.00452037763277776,-0.23049632281991117,22345.38523510742,2.166232271950776e-06,5.174338340759277,9.699991096567828e-06
289,0.20289970645302827,0.01770870780535289,0.9029758933033768,22386.35584863281,2.1868250695070625e-06,2.916205883026123,2.0125960872974247e-05
290,0.8907383374490148,-0.0045114650800221435,-0.2300418672845568,19787.13899291992,2.2920943603139357e-06,5.182802200317383,1.0354002370149828e-05
291,0.6170471933743501,0.011467084390431044,0.5847123847119312,22918.910781738283,2.1440663391320185e-06,5.760119915008545,1.890141356852837e-05
292,0.571575999365064,-0.005688164680056492,-0.2900423700976172,23677.41640600586,2.1241949669160412e-06,4.758755683898926,7.295760497072479e-06
293,0.09248647339080818,-0.011333866134692816,-0.577919519032416,31185.224275878907,1.8406851701039532e-06,2.210618257522583,9.936938113241922e-06
294,0.6129724599817387,-0.015171283099541091,-0.7735913348361639,57121.43812646485,1.4441804384812247e-06,8.774787902832031,1.7888241927721538e-05
295,0.7625252655187817,0.04344050069357942,2.215052919190066,57523.74889794922,1.4116775187561568e-06,19.735172271728516,6.146039231680334e-05
296,0.9165654798384321,-0.015857595012731852,-0.8085867235291125,48229.274525390625,1.546285551222423e-06,29.17613410949707,3.759677929338068e-05
297,0.7520151999085658,0.005951013979385678,0.3034451877099896,65904.8045727539,1.3267375726488364e-06,6.7433552742004395,1.076800708688097e-05
298,0.9981707118062366,0.0002825908850396952,0.01440945096970759,22990.77515673828,2.131534596275921e-06,9.127568244934082,1.7499074601801112e-05
299,0.8240572318016909,-0.006386860894907411,-0.3256692405439176,22830.11498486328,2.13063993723696e-06,7.17793607711792,1.277147930522915e-05
300,0.9929799776235163,0.0011829348873336686,0.060318443239939325,23426.85806542969,2.1456041166370386e-06,6.650450706481934,1.1616685696935747e-05
301,0.9987153777449702,0.0003922106654894417,0.019999018557773474,24654.622145507812,2.0762812821174377e-06,8.530384063720703,1.5884250387898646e-05
302,0.9876559433380674,0.0017098592047678411,0.08718657847985625,19433.253092529296,2.3171369342263994e-06,5.618436813354492,1.2639698979910463e-05
303,0.6019949001344355,-0.012493770082568885,-0.6370636031175866,24641.517270019533,2.081222282588579e-06,6.484039306640625,1.7700105672702193e-05
304,0.7937309302689698,0.00801246225642172,0.40855946933434734,41954.47125439453,1.6289645871511155e-06,5.923328399658203,1.1597216143854894e-05
305,0.9640446899484971,0.006288718417067495,0.3206649063726961,80483.34927001953,1.2316680483640346e-06,24.628238677978516,2.1535399355343543e-05
306,0.3423529565631347,-0.040996646949609986,-2.0904395910003855,44322.834552978515,1.6095657970282106e-06,8.219218254089355,3.912726970156655e-05
307,0.8271250477595139,0.02445848476970181,1.2471504062590417,49802.49180810547,1.5106677056141606e-06,33.94440460205078,4.812110637431033e-05
308,0.1529504662365167,0.023768773947169124,1.2119817054739286,57134.92553076172,1.397884566628851e-06,8.431901931762695,2.2348771381075494e-05
309,0.6537126174567659,0.01844483215833124,0.9405112432859469,22798.998025878907,2.133364170955496e-06,9.134736061096191,2.7085081455879845e-05
310,0.9483689221473554,-0.003867644407051056,-0.19721312824310508,21333.124579345702,2.216672051842515e-06,5.933838844299316,1.1415437256800942e-05
311,0.7529030772871608,-0.007032921920942249,-0.35861221631180307,19941.66497753906,2.3253843482088167e-06,3.5044662952423096,8.92825482878834e-06
312,0.8072479462298197,-0.003018009970748473,-0.15388984217760623,21188.990372558594,2.2535217522036473e-06,2.1783249378204346,3.97897701986949e-06
313,0.21837517681722549,-0.008256175019002788,-0.42098650533945625,15971.105123779296,2.5370149226976203e-06,3.262225389480591,8.378830898436718e-06
314,0.07609781577964192,-0.03180668335720504,-1.621838737934811,22711.717016601564,2.151733705730981e-06,11.563867568969727,2.5009825549204834e-05
315,0.18424808743495516,-0.017304096092886502,-0.8823445391401492,26128.978123535155,2.026130474501327e-06,5.122018337249756,1.5122040167625528e-05
316,0.5390523963968652,-0.02226861886435063,-1.1354880453553642,43614.11745361328,1.6137212921902093e-06,13.643627166748047,2.070546725008171e-05
317,0.422226185809741,-0.13536451698420698,-6.902304616966298,49978.70645898437,1.5176417265632693e-06,60.79148864746094,0.00012975739082321525
318,0.9963350965935224,0.0006535208907415008,0.033323358010986494,53779.30211914062,1.4339089918936088e-06,19.815025329589844,2.5099281629081815e-05
319,0.8840487722295423,0.07294552820007084,3.719529070835727,53726.25851367188,1.4147784189426808e-06,75.63419342041016,0.00018632753926794976
320,0.6036655161337077,0.02279603143792807,1.1623810770209253,40781.82171240234,1.6217709892648799e-06,12.459222793579102,3.598917828639969e-05
321,0.998212031002893,-0.0008439032862544771,-0.043031051849923854,19430.25861767578,2.3058784118675646e-06,7.951725959777832,1.573148438183125e-05
322,0.639011247293121,0.0072141609811393805,0.36785368689688447,20365.32498461914,2.255071114550233e-06,2.934497117996216,8.40310713101644e-06
323,0.9941037384554622,-0.0006068996133873564,-0.03094611569446478,19109.96905786133,2.351303707933795e-06,2.1534128189086914,4.2354381548648234e-06
324,0.5751282995349678,0.0046294296176244325,0.23605693822538226,20671.471104736327,2.2594666432298982e-06,1.7475022077560425,5.123652499605669e-06
325,0.8378976879630279,0.008636765701223473,0.4403930151220211,22640.585770996095,2.1747845091310766e-06,3.171135663986206,1.4408475180971436e-05
326,0.9629533267611262,0.0023898859628335815,0.12186148396048087,32869.713401123045,1.8531808171506195e-06,5.39670991897583,9.518396836938336e-06
327,0.9800473908671701,0.002026051474315911,0.10330938089938042,52917.93868945313,1.483609266259021e-06,6.579685688018799,8.220135896408465e-06
328,0.8519799236103676,0.01283621907473555,0.6545252489932424,31658.6310234375,1.8452501317017187e-06,12.13023853302002,2.4205688532674685e-05
329,0.917061262802061,0.009570612948223093,0.48801035464430353,42519.30305126953,1.6069308172568957e-06,20.706745147705078,2.8174128601676784e-05
330,0.9953510336005211,-0.00038018537273078044,-0.01938584284838013,57928.52056396484,1.4219948787146368e-06,4.897926330566406,6.20581113253138e-06
331,0.990897628095742,0.0016654270240846682,0.08492095930059138,21023.082623535156,2.224515981094921e-06,5.234663009643555,1.0934775673376862e-05
332,0.9102034363606163,-0.0016428024817597624,-0.08376732253945872,25726.755350097657,2.0384292261420616e-06,1.6416044235229492,2.9909990644227946e-06
333,-0.279739424108422,-0.010314085459999818,-0.5259203909296821,22160.22337548828,2.193992166881921e-06,1.633690595626831,6.11303175901412e-06
334,0.5331465648834829,0.011816655557989638,0.6025371938831521,21728.58586352539,2.225301030160988e-06,2.2157366275787354,1.1525952686497476e-05
335,0.315158841350377,-0.010568935208637215,-0.5389153074398769,15735.764171875,2.5699392815516105e-06,1.071939468383789,1.2499753211159259e-05
336,0.9497020580704034,0.003500979894422474,0.17851672083310985,26652.264498291017,2.011608249621633e-06,3.5759456157684326,1.0089705028804019e-05
337,0.836736467207113,0.013459175083548653,0.68629008834401,41272.997670654295,1.670350901538515e-06,4.641627788543701,1.6725449313526042e-05
338,0.9670376182493395,-0.002795458761025566,-0.14254184436691647,46086.51723388672,1.5899022985250553e-06,6.141275882720947,7.689105586905498e-06
339,0.49654374916249827,0.01513446668865089,0.7717140475785498,36146.83725244141,1.773445244183965e-06,6.307198524475098,1.4604725038225297e-05
340,0.9951887974091504,0.006120776348997554,0.3121014560856666,58260.18609521484,1.4291625667113535e-06,133.1331024169922,0.00015273818280547857
341,0.8775210567343467,0.003984089402926156,0.2031507169890916,53807.364560058595,1.442394109794209e-06,5.989561080932617,7.748276402708143e-06
342,0.7986312646868607,-0.004607815653928608,-0.23495483137543102,20071.325398925783,2.293909827689664e-06,4.329984188079834,8.907622941478621e-06
343,0.7342396863381427,0.011772818932450583,0.6003019423594035,29063.068721679687,1.9288199991028043e-06,8.037079811096191,1.7047859728336334e-05
344,0.8380071157074582,-0.002450156102607981,-0.12493468861778834,23921.950947753907,2.1035114384617605e-06,1.6452381610870361,3.2284610824717674e-06
345,0.7373880687420564,-0.0035641732975130944,-0.18173898415315762,25663.058720458983,2.0566858319987955e-06,2.928330898284912,5.004164904676145e-06
346,0.7421165588245807,-0.005565361897729516,-0.28378059463152017,37935.80693310547,1.7282688832431994e-06,3.856659412384033,7.319299129449064e-06
347,0.8970723736304481,-0.004005994737874442,-0.20426768100535136,52940.573029785155,1.4895727264370292e-06,5.8493146896362305,7.472205197700532e-06
348,0.7623371561264098,0.0066154685370560995,0.33732605888177475,38106.033224609375,1.6955668313208696e-06,6.2021050453186035,1.0796495189424604e-05
349,0.9958856671852259,0.0033334494379776637,0.16997425882930128,35553.89713793945,1.7841488576136568e-06,42.67982482910156,6.079403465264477e-05
350,0.9778397372746426,-0.0012957290134808783,-0.06606987230730264,65609.28441259766,1.3343587165619577e-06,5.295929908752441,5.903983492316911e-06
351,0.7902807158761064,0.008819651166963748,0.4497184367515491,20665.04789111328,2.2575629599801855e-06,6.438096046447754,1.834143949963618e-05
352,0.837973087370836,-0.00953150353381093,-0.486016145986983,20299.529844726563,2.2353944704512965e-06,4.223323822021484,1.286031874769833e-05
353,0.5883993551583782,-0.013714088197916823,-0.6992882359045998,18301.861475585938,2.394779300694302e-06,4.052104949951172,1.2239912393852137e-05
354,0.47479260493909803,0.0149755784813785,0.7636122581948098,17503.734315673828,2.428931919103145e-06,1.7448052167892456,1.3756715816271026e-05
355,0.029998714361307955,-0.0028214720758754385,-0.1438682763388329,14593.02215209961,2.6771859871890515e-06,0.8940795660018921,3.2551292861171532e-06
356,-0.34949514115563074,-0.010892541919014785,-0.5554161759162218,16265.17940649414,2.5234573052942377e-06,2.193667411804199,1.1021174941561185e-05
357,-0.38890685292402927,-0.005518458976742386,-0.2813889911648861,17773.0567734375,2.4087736671705963e-06,0.8619885444641113,5.510377377504483e-06
358,0.19894027779261908,0.01994069406044105,1.016785991966808,22770.46376123047,2.1292351284039613e-06,2.492433547973633,2.066831621050369e-05
359,-0.034440933356886944,0.030177739993377188,1.5387780987701367,38477.55995605469,1.6826269449936689e-06,6.716308116912842,2.3226722987601534e-05
360,0.8215319062162774,0.014418343549245647,0.7351985695082524,55129.93829541015,1.4546575295405601e-06,11.676630020141602,1.832459201978054e-05
361,0.9628740863572376,-0.007834796671949933,-0.39950021206888015,43423.82854833984,1.6575552090429813e-06,19.61652183532715,2.202372888859827e-05
362,0.20311414930862212,0.013046740184710671,0.6652598259837523,48970.906866210935,1.510852408004296e-06,4.522906303405762,1.6195128409890458e-05
363,0.6111465903962454,-0.020289513243305617,-1.034572457061301,67181.59827246093,1.3086296524419463e-06,9.661076545715332,2.268969728902448e-05
364,0.7603271819600779,-0.004118531380625869,-0.21000598086521563,21543.141166748046,2.2169255656819685e-06,3.0385961532592773,8.018330845516175e-06
365,0.9115817781986635,0.003166597099164891,0.16146637438367958,22603.82012182617,2.1356970104023873e-06,3.1460907459259033,7.1969625423662364e-06
366,0.7633680209899065,0.005714149558083817,0.2913673520616887,25800.643744628906,2.0489961020168105e-06,3.2818031311035156,6.923857199581107e-06
367,0.49473021439525816,-0.011611770639461312,-0.5920900091215072,23683.14945825195,2.0956231238441158e-06,2.842190742492676,1.1512795936141629e-05
368,0.6267084344762109,-0.007899814513989457,-0.40281550444603204,23457.84372924805,2.143693444521928e-06,4.047567367553711,1.1570214155653957e-05
369,0.32851727365768696,0.03468113972564423,1.7684087099272554,41759.99149365234,1.6578553521427056e-06,7.585170745849609,3.303834091639146e-05
370,0.7092599207571216,0.00810596377372455,0.41332715859997643,40426.1806484375,1.6753362616203741e-06,6.999268531799316,1.0512623703107238e-05
371,0.9992571435045352,0.0004171584977239582,0.021271121036709622,48703.79560449219,1.5271704768726754e-06,27.357452392578125,3.248667053412646e-05
372,0.9972432398868646,0.0019715763824364944,0.10053166864091,47405.25054199219,1.5522256607570963e-06,35.70967102050781,4.4136093492852524e-05
373,0.5293112886812652,0.028134933234926492,1.434614357528632,75716.99309570313,1.2104450562026544e-06,8.487052917480469,2.147019222320523e-05
374,0.9429561149590744,-0.003161849293844645,-0.1612242814090028,36534.19414941406,1.7070167400859375e-06,6.536252975463867,1.0386303074483294e-05
375,0.8549132492175465,0.01039970550515912,0.530286199977535,27202.938248535156,1.986378701662785e-06,9.393811225891113,2.2447036826633848e-05
376,0.600365191348639,0.014811790635982732,0.7552606338056055,22712.168568359375,2.1456641929490354e-06,6.287502765655518,1.7470301827415824e-05
377,0.7674109991557246,0.006533008119919056,0.3331213608515784,25950.37865185547,2.0314566053920335e-06,3.4139788150787354,8.369057468371466e-06
378,0.38444238970583167,-0.012295637989656388,-0.6269607483211654,19043.31015234375,2.3244890098569197e-06,3.813847303390503,1.5370305845863186e-05
379,0.5999245612116184,-0.01505875742469885,-0.7678535942354904,31554.54073876953,1.874715115953249e-06,8.51569938659668,1.675718704063911e-05
380,0.9895204636043,-0.004600814505987127,-0.23459783933026915,46320.719502929685,1.579137213717423e-06,28.25946807861328,3.601433854782954e-05
381,0.5909698433640521,-0.051317197980028546,-2.6166896646087108,46538.432252929684,1.5801092138878766e-06,29.862102508544922,5.6639983085915446e-05
382,0.8414121206766675,-0.02033759232537345,-1.0370240335713774,50212.1236953125,1.4954829784192237e-06,40.45204162597656,4.70462728117127e-05
383,0.598931836243702,0.02043913038187417,1.0422015100016628,53799.07418164062,1.4300307700057174e-06,17.58057403564453,2.5720970370457508e-05
384,0.9425299219110912,0.001821739354804639,0.09289140344691885,23197.206497558593,2.127871277700721e-06,3.5448195934295654,6.760499672964215e-06
385,0.8636588617719304,0.0040854599839327274,0.20831965375992825,18968.965884277342,2.3309062283889013e-06,3.268787145614624,8.866841199051123e-06
386,0.06122573599674269,-0.00554478739378718,-0.28273149035577005,21529.466928955077,2.2350814762042194e-06,0.9851073622703552,4.4788494051317684e-06
387,0.8069042098894769,-0.0020604116800830036,-0.10506142502578754,20724.088853759764,2.2578345465122368e-06,1.2965810298919678,2.9087514121783897e-06
388,0.19408121722783558,-0.012345364159248877,-0.6294963106502678,22266.87468725586,2.174586167645331e-06,2.1155128479003906,1.1741070011339616e-05
389,0.9649783652767138,-0.0008323916356171539,-0.04244406700992943,18336.55713989258,2.3654185664427658e-06,1.6594473123550415,2.980630597448908e-06
390,0.6622882329358103,0.009989032627645483,0.5093457839683979,57989.05241650391,1.4269799725956548e-06,6.5952935218811035,1.114568021876039e-05
391,0.9134586009611785,-0.016913621415945854,-0.8624340395092136,56265.68207080078,1.423328329401767e-06,33.76578140258789,4.815490683540702e-05
392,0.5825896806371976,-0.02466430758623272,-1.2576454149102683,53435.81311425781,1.4664595252652377e-06,17.83300018310547,2.7149009838467464e-05
393,0.8847597380882491,-0.06741457556233908,-3.4375030216304405,38974.806181152344,1.7111487548734492e-06,113.91744232177734,0.0001641062117414549
394,0.9732171189134557,-0.015075468333760363,-0.7687056918703709,35929.732495605465,1.7005989567807582e-06,52.832122802734375,7.461043423973024e-05
395,0.20494156930967056,-0.03760970276491287,-1.9177376082040405,26758.045734375,2.0003230831712266e-06,11.859286308288574,3.9392922190018e-05
396,0.4631619614698082,-0.13930999706703534,-7.103486625357997,24086.91550366211,2.0946120569505327e-06,36.736228942871094,0.00012953825353179127
397,0.6494548412935542,-0.03830249293672753,-1.9530633265535775,20865.026313476563,2.258666840143208e-06,22.262474060058594,4.470243220566772e-05
398,0.2740950086990162,-0.047150168523583065,-2.4042107425318577,17527.477560791016,2.42729258021911e-06,8.60075855255127,4.902874934487045e-05
399,0.38391745792869836,-0.5119345504424722,-25.885076787454288,16568.547836181642,2.522447748673203e-06,190.4987030029297,0.000976964016444981
400,0.9242495262131909,0.027525769619518983,1.403552799235585,15529.222135498047,2.578322697859554e-06,46.16443634033203,0.00013331235095392913
401,0.743903269389325,0.04944392808796454,2.5211706932203235,15417.120105712891,2.5591363868062088e-06,43.22510528564453,0.0001434790901839733
402,0.8151122888424079,0.023281852504480612,1.1871533368818776,14658.982806640624,2.6266729113381502e-06,16.312952041625977,6.866181502118707e-05
403,0.40490368934729143,-0.1664383899918179,-8.486776987613336,17447.025073974608,2.428874419249164e-06,44.97064208984375,0.0003729525487869978
404,0.4363942927862773,0.18759717695683154,9.565674147753601,18004.078453125,2.3820321077656262e-06,65.1899185180664,0.000443769502453506
405,0.5364200508509286,0.13013106010832876,6.635448025875426,16398.658392578123,2.4985544670300517e-06,63.87375259399414,0.000361143407644704
406,0.8054073616165452,0.12221070065198153,6.231584924513667,16831.731115234375,2.4520399593418275e-06,44.996734619140625,0.00035686639603227377
407,-0.07853353605487702,0.08455576602346243,4.31154092089701,18717.339274902344,2.353399859787885e-06,25.26082420349121,0.00019541911024134606
408,0.7647905468909435,0.08119125147396815,4.139982636449884,21898.32497607422,2.1839373764774606e-06,38.09180450439453,0.00024042217410169542
409,0.18483532614116438,-0.08429946976448628,-4.298472246099104,25778.55677441406,2.0211404512017098e-06,33.119441986083984,0.00017863503308035433
410,0.7534270326564397,0.04555768785357378,2.323009354413898,26206.767760253908,2.008625791568622e-06,69.70227813720703,0.00015585654182359576
411,0.9906519904105977,0.0032141115178602516,0.16388915842517046,28045.622923339844,1.902667183544297e-06,35.412479400634766,6.190779822645709e-05
412,0.8396167889345569,-0.0026256951139224235,-0.133885510851319,29498.98409375,1.8773069386120418e-06,5.858586311340332,1.0492663022887427e-05
413,0.6880962291561077,0.01198422334606419,0.6110815594454859,44011.48516015625,1.5931413545328732e-06,14.886683464050293,2.8896238291054033e-05
414,0.8275057482062707,-0.017940349950243288,-0.914787442458075,51750.773118652345,1.516978349612111e-06,43.30869674682617,7.066098623909056e-05
415,0.3692942145168306,0.051717603176666904,2.6371065264199687,70283.10716503907,1.23767093996818e-06,47.031150817871094,0.00012004630116280168
416,0.8119062877250528,-0.031252185459697365,-1.593564612016629,66347.09389257812,1.3113542202472405e-06,37.48952865600586,6.22764928266406e-05
417,0.8855164098769269,-0.01996789125067505,-1.0181727903383675,31752.507844726562,1.8502259922256203e-06,37.28316116333008,6.660301005467772e-05
418,0.8756001977834059,-0.031556272572531394,-1.6090701664236167,22936.53017138672,2.115729692731695e-06,46.7319221496582,9.137721644947305e-05
419,0.9798079735315028,-0.01005220971503697,-0.5125672153427634,24680.53825390625,2.0757472805650255e-06,32.73041915893555,5.635100387735292e-05
420,0.5852291338906898,0.055039555817961064,2.8064945578198315,20849.240790283202,2.2420914206849086e-06,25.738475799560547,8.02289359853603e-05
421,0.8188305513609091,-0.006809228721137837,-0.3472059878540597,18997.603996826172,2.3323768637870227e-06,5.448991775512695,1.4549916159012355e-05
422,0.9507005540291574,-0.001373990599312326,-0.07006046982318288,20601.460688720705,2.2228448758292986e-06,3.0958189964294434,6.1287400967557915e-06
423,0.6048865323254422,-0.020825284691251545,-1.0618917119235436,22853.428670898436,2.1633999722166077e-06,12.74666976928711,4.405539948493242e-05
424,0.9812343310715164,0.0025933997040085708,0.13223875170112595,34758.42760742187,1.781826969002518e-06,10.056363105773926,1.5539888408966362e-05
425,0.2019295018869772,-0.05064034216872319,-2.5821764472938766,44717.15587207031,1.6126355932738424e-06,25.38898277282715,5.519387559616007e-05
426,0.9877643753987995,0.007337701918561683,0.374153101261535,53662.04741894531,1.4614836946558744e-06,72.56298065185547,8.025895658647642e-05
427,-0.0851656783788465,-0.10718898047949957,-5.465619878345808,71335.35737207031,1.2451511724499787e-06,51.45936584472656,0.00016067609249148518
428,0.48240591720031184,-0.039525620858924755,-2.0154312328011748,42547.783112304685,1.568165981368284e-06,41.290069580078125,6.136830052128062e-05
429,0.7614114187703275,-0.016695457917291052,-0.8513097732866682,24195.040236328125,2.0465136974719264e-06,20.492298126220703,4.0833474486134946e-05
430,0.9890652447037102,-0.001934547918284152,-0.09864356868109778,25804.311922363282,2.0221588040747006e-06,16.783550262451172,2.6570343834464438e-05
431,0.25611068031577683,-0.05135740929472394,-2.6187400597141623,22741.261501464844,2.1656945341678033e-06,16.546113967895508,8.663342305226251e-05
432,0.8405226016340953,-0.03609679238428312,-1.8405935490522956,22223.90514404297,2.144147323299903e-06,21.52534294128418,8.22718720883131e-05
433,-0.1442913617384225,0.07534117844697401,3.841684478532158,27203.237111328126,1.972179600922214e-06,21.8397274017334,7.915650348877534e-05
434,0.9972254807679664,-0.0008513666164737028,-0.04341161080124873,23237.39586669922,2.1325147102317826e-06,16.262372970581055,2.80899039353244e-05
435,0.12935599648743934,0.009900717583516279,0.5048425555713157,29908.342813964842,1.9274095182909376e-06,4.529996871948242,1.341427650913829e-05
436,0.4109196597888496,0.05531556336038343,2.8205683208474173,37705.66458056641,1.7104449085360522e-06,33.36785888671875,8.737985626794398e-05
437,0.9783398868474497,0.0065241251578005265,0.332668414157651,50834.62330566406,1.4815038273959199e-06,32.843589782714844,4.046719550387934e-05
438,0.6661676628496507,-0.06309416936188665,-3.2172033424461834,37257.93108105469,1.725193453828407e-06,79.09636688232422,0.00014006925630383193
439,0.9946240546469486,0.0017131137208964563,0.08735252788964988,58105.45956396485,1.3922011755017261e-06,60.41936111450195,6.207354454090819e-05
440,0.7404227496454926,-0.03936895004758363,-2.0074425095481683,45324.29236669922,1.583864525774365e-06,5.866733551025391,5.0437356549082324e-05
441,0.8279676413503745,0.013640320292382244,0.6955267734009905,35401.00935595703,1.7265052726363136e-06,14.941496849060059,3.667614873847924e-05
442,0.6005882454018516,-0.023671187028593537,-1.2070056995482517,20398.99683544922,2.2478076970434343e-06,11.520302772521973,3.774702418013476e-05
443,0.7453540382314907,-0.014963612081860339,-0.7630020854812892,31059.429485351564,1.833263001061775e-06,13.064236640930176,2.3881089873611927e-05
444,0.9555782974913603,-0.005524478021017182,-0.2816959052514816,33890.145050292966,1.777703297718447e-06,11.977507591247559,1.954854633368086e-05
445,0.9710935511634656,-0.007461692281634782,-0.38047543206554213,66468.32777148437,1.2924957458688631e-06,28.822715759277344,3.206363908248022e-05
446,0.5727193924487911,0.030882489724771985,1.5747136410613238,52197.656151367184,1.47829771795576e-06,26.71379280090332,5.1844570407411084e-05
447,0.9785983261762158,-0.005570029715194284,-0.28401860898532594,28621.12584790039,1.966526405677695e-06,27.27899742126465,4.269173587090336e-05
448,0.6014507768847982,-0.0270996422632374,-1.3818243516024344,66223.3167548828,1.333519319118926e-06,13.503913879394531,3.0242308639572002e-05
449,0.7327042318528436,-0.016375086216957397,-0.8349738595950739,59629.684825683595,1.354920045279704e-06,15.912439346313477,2.2038730094209313e-05
450,0.7296533950687006,0.019573250019147205,0.9980498359991762,36291.50179785156,1.6981147688638378e-06,11.348366737365723,2.710885019041598e-05
451,0.8861518785869403,-0.011217393998242372,-0.5719805463748796,33263.61180859375,1.7596395403609067e-06,16.945707321166992,2.7103978936793283e-05
452,0.9982217124562642,0.00025434678041368075,0.012969269908189354,51719.77945214844,1.4098016289404169e-06,29.157018661499023,3.6434132198337466e-05
453,0.9039477792761447,0.014086949979280863,0.7183006451558334,24550.5061484375,2.0358853083995094e-06,17.406600952148438,3.498250225675292e-05
454,0.9979296107806043,0.0007266881530512932,0.03705419341529399,50050.2345546875,1.4726705145070876e-06,17.95734405517578,2.2584188627661206e-05
455,0.8466424735375087,-0.012703491520349509,-0.6477574044218005,57813.34723193359,1.4091511972018807e-06,18.036436080932617,2.9211210858193226e-05
456,0.783038938258806,-0.01255872343853305,-0.6403756073174109,47902.40435644531,1.539846435760831e-06,17.301494598388672,2.168566788895987e-05
457,0.8956157527822984,0.022435602001289405,1.1440025992630363,45373.085803710936,1.581356208265071e-06,25.560152053833008,4.433493086253293e-05
458,0.03223439018878482,-0.025788631697980846,-1.3149752653051914,45583.23199902344,1.5685481454905872e-06,8.277716636657715,2.372367453062907e-05
459,0.7808623250953671,-0.012853276486617597,-0.6553950149807404,18109.60866064453,2.393393655480438e-06,11.18751335144043,2.819761539285537e-05
460,0.48095514582011567,-0.007325626403965481,-0.37353736471545534,17512.24659765625,2.4410939351080826e-06,1.9331755638122559,9.075992238649633e-06
461,0.8031155367592205,-0.0066047217836937445,-0.3367780765374871,17471.630992919923,2.4404054776239167e-06,3.9985172748565674,1.0051176104752813e-05
462,0.7932878823085103,-0.019705432695613388,-1.0047898969721853,17652.079465820312,2.4361083199221746e-06,8.989258766174316,2.8865992135251872e-05
463,0.9117701429991878,-0.019935753112939075,-1.0165340505754086,29279.29294873047,1.9130213954461513e-06,17.77056312561035,4.5538763515651226e-05
464,0.2000889510108378,0.02390757891934333,1.2190594406266917,47187.179033691405,1.5230698998370348e-06,12.474318504333496,3.226770422770642e-05
465,0.8124030545278399,0.01538388893891029,0.7844322132241335,48602.35332861328,1.498058996765818e-06,9.846543312072754,2.5677030862425454e-05
466,0.9152532151342138,0.02753520486820917,1.404033907298816,64944.21992480469,1.3327692247582486e-06,10.51259994506836,3.8587208109674975e-05
467,0.969125727271715,0.005278394083711252,0.2691479618578215,50843.83874414062,1.4857626956694668e-06,16.228504180908203,2.0054629203514196e-05
468,0.8499609539051529,0.07012138578004624,3.5755246323093406,29394.5668515625,1.9144472329139736e-06,32.17930603027344,0.00011796750186476856
469,0.2781744371133882,-0.01306137970313388,-0.6660063023710205,50979.88137890625,1.4963343640524397e-06,4.995256423950195,1.1860374797834083e-05
470,0.9916391164574437,0.00044105322304791315,0.022489525066060372,21283.363029296874,2.215901942912735e-06,3.0566961765289307,5.8066802921530325e-06
471,0.5606540690245373,-0.008011185813364602,-0.40849438286262835,25860.905475585936,2.005120282483605e-06,2.373309373855591,8.545329365006182e-06
472,0.676092786030794,-0.0033889044001852698,-0.17280193516728803,23281.937329345703,2.1401282651561476e-06,1.4738428592681885,3.509678890623036e-06
473,0.8024242039668562,0.0021231901458615855,0.10826253048417087,20965.22072680664,2.250986977640842e-06,1.1076620817184448,2.983880904139369e-06
474,0.42760895145090927,-0.006054994498527521,-0.30874720653543275,21316.42128173828,2.2296877955064566e-06,2.248105525970459,7.386944162135478e-06
475,0.20303693824885105,-0.014564697306137976,-0.7426612209801011,25047.530575195313,2.057262909755008e-06,3.3733649253845215,1.5164275282586459e-05
476,0.4936075196931547,-0.008697678446417941,-0.44349898655201503,39996.580377929684,1.6667205865927852e-06,4.400744438171387,8.551620339858346e-06
477,0.9939530387598698,-0.0001533442351437757,-0.007819099464164129,43289.8959116211,1.6062474750234458e-06,5.372602939605713,7.15684836904984e-06
478,0.8336019748817644,-0.010786101826640186,-0.5499887422179711,60527.78480419922,1.4061331865090396e-06,13.662088394165039,1.5645062376279384e-05
479,0.9156123392299791,0.010794351547430438,0.5504093996189493,72760.10648339844,1.28813595614924e-06,35.94081497192383,3.2171199563890696e-05
480,0.8628098523888237,-0.02235455356743958,-1.1398698989688758,52677.9549140625,1.4858702526219171e-06,21.89419937133789,3.6311968869995326e-05
481,0.9003027978129106,0.023057700471311497,1.1757237122807274,37692.009388671875,1.695328072844312e-06,46.76472854614258,7.848683162592351e-05
482,0.8954942549991525,-0.02021993644234309,-1.0310247010819895,30354.588870117186,1.8402516760026442e-06,10.838184356689453,3.7353194784373045e-05
483,0.9359792026873122,-0.0024578507830449875,-0.12532704423275817,31106.045798339845,1.8299096822483638e-06,4.1241912841796875,5.763992248830618e-06
484,0.9962478525167041,-0.00014889071127183762,-0.007592012048141847,35154.09182324219,1.7288896857879518e-06,2.7095019817352295,4.01913939640508e-06
485,0.6795988606988909,0.01130657384124636,0.5765278713003515,28240.422502441405,1.8967257787232318e-06,4.0381879806518555,1.6824218619149178e-05
486,0.8083383867312256,0.02622302705593087,1.3371253024904677,31847.171141601564,1.831848822935262e-06,9.862497329711914,3.874246613122523e-05
487,0.983037291109771,-0.0015381622879959878,-0.07843166657416452,44643.69623486328,1.5877066302007794e-06,5.495450019836426,7.355198704317445e-06
488,0.4841500198925248,-0.029581083152937886,-1.5083542672058488,44116.28658154297,1.6044847580993955e-06,25.402896881103516,3.880599615513347e-05
489,0.9935374124102407,0.00028417975013533294,0.014490467997874854,35059.53065625,1.760801324295288e-06,19.284576416015625,2.7808171580545604e-05
490,0.4972645756080625,-0.007760840819273483,-0.39572916604623676,78840.34851953125,1.2304949596018442e-06,4.875792026519775,9.908836545946542e-06
491,0.7379314725073163,-0.028413707644949063,-1.4488292045229545,45883.699855957035,1.5747653506913003e-06,8.025936126708984,5.0542668759590015e-05
492,0.9038710604084627,-0.014519684304946033,-0.7403659854717668,24350.361575683593,2.078855116601318e-06,19.40804100036621,4.028322291560471e-05
493,0.9748389777880128,0.00560170306561406,0.2856336490099043,23605.461982910158,2.0943270708040026e-06,14.2528076171875,2.496443994459696e-05
494,0.623314337617221,0.029711534966767872,1.5150060706248747,23268.090373779298,2.15543834844257e-06,8.272862434387207,3.311275577289052e-05
495,0.7471180327324882,-0.0023677839372634527,-0.1207344905907575,22533.99678857422,2.1412826594810372e-06,1.4703733921051025,2.9096177058818284e-06
496,0.06942383807583216,-0.015565253078984322,-0.7936800616948754,23349.613471191406,2.118460835293489e-06,3.239703416824341,1.6683954527252354e-05
497,0.6732104681914057,0.020560281034799864,1.0483790425609159,24732.98155444336,2.0638057075554424e-06,6.021464824676514,2.8763066438841633e-05
498,0.4967699444307578,0.016573005542656248,0.8450658652845519,47798.025159179684,1.5320541628056641e-06,8.050453186035156,1.9809849618468434e-05
499,0.95258452607808,0.006558065977148536,0.3343990735601938,61234.35246875,1.3593061379915177e-06,19.919574737548828,2.4413584469584748e-05
500,0.5288458177517319,-0.03449467335921492,-1.7589006963754905,40180.50578881836,1.704461009431027e-06,17.10550308227539,4.612505290424451e-05
501,0.9902192978435321,-0.007617222468658987,-0.3884059943125159,51633.56568603516,1.4718580344575118e-06,73.33853149414062,8.340695057995617e-05
502,0.3714470115234194,0.020162914412118104,1.0281171191597882,38625.39836474609,1.6453621196342755e-06,5.618630409240723,2.1002280846005306e-05
503,0.6771498544828254,-0.008886704233951949,-0.4531375062696594,23118.32664916992,2.144637185587663e-06,6.318897724151611,1.2394461009535007e-05
504,0.8382455707605285,-0.006568149447327262,-0.3349132347622597,17666.340953857423,2.405073497317748e-06,4.805298328399658,1.00093611763441e-05
505,0.9726594501671055,0.002818809294010712,0.14373249975595614,13821.298266845703,2.741041850027776e-06,3.6703760623931885,1.007624450721778e-05
506,0.8429783049821739,-0.004778382654174942,-0.24365212827074462,12820.236914550782,2.830335939674899e-06,4.230905055999756,1.0797592949529644e-05
507,0.8295191806973513,0.013407132991241102,0.6836364359540494,12371.782038085938,2.876352339772759e-06,5.013750076293945,2.6196070393780246e-05
508,0.8836318078217086,0.00812092554979322,0.4140900670662243,12105.834995605468,2.868841832167194e-06,5.562816619873047,2.068447065539658e-05
509,-0.37286378091122824,-0.009182657913687898,-0.46822833284342047,12317.410434814454,2.8508903878563707e-06,2.491326093673706,9.086254067369737e-06
510,0.9133652698258952,0.0032663056923957225,0.1665505655642138,13145.393314697265,2.7832288684151232e-06,1.87385094165802,8.452315341855865e-06
511,0.9165077121612997,0.002295899861577702,0.1170690855160288,16841.583560546875,2.4595149224855214e-06,1.3565778732299805,5.161184617463732e-06
512,0.9739484794099873,0.0014504295762708948,0.07395813159845346,22030.855708496092,2.1839393402360773e-06,2.9578797817230225,6.297364961938001e-06
513,0.41343388871544123,-0.02879464173372959,-1.468253224778251,42733.95531640625,1.641877154730516e-06,21.415611267089844,3.13373348035384e-05
514,0.9572955667201654,-0.014798175809543084,-0.7545664069765425,48232.155415039066,1.5313721925426866e-06,33.732017517089844,4.386757791507989e-05
515,0.9807952379019084,0.011261801240324443,0.5742448939223657,62817.11210009766,1.3508104392328984e-06,39.21934127807617,4.3009305954910815e-05
516,0.8845860151063535,0.010597241720331229,0.5403586706690944,78278.84770605469,1.2458365254041796e-06,23.309202194213867,1.9675417206599377e-05
517,0.7644361430035806,0.00675385500247841,0.3443824541653446,26637.95700048828,2.009885015450243e-06,6.255721092224121,1.4308447134681046e-05
518,0.5416366872767615,0.013214408997528003,0.6738093428483923,21742.634092773438,2.2164822840648573e-06,5.576632022857666,1.5425825040438212e-05
519,0.5682592328871443,0.0074059859998807515,0.3776349408178266,18715.238095703124,2.381995147236941e-06,2.2389090061187744,8.024502676562406e-06
520,0.5350776790370667,-0.013039195349429256,-0.6648751110484252,15723.826025146484,2.6132878108996935e-06,2.2152979373931885,1.6592597603448667e-05
521,-0.04390741601122667,-0.012256659308438039,-0.6249732058149705,15904.78528173828,2.581459927507203e-06,2.178065299987793,1.5003995031293016e-05
522,0.9245544725717585,0.005289770768708314,0.26972806473212313,12357.270020751954,2.8769624983999603e-06,1.7801799774169922,1.14051044874941e-05
523,0.07989673154344085,-0.010076894590379717,-0.5138259095178946,14105.821709228516,2.6765560146311766e-06,2.0342071056365967,1.3340033547137864e-05
524,-0.21819526559255514,-0.011982126531064747,-0.6109746417969468,15023.558150390625,2.6162605493329197e-06,2.1961848735809326,1.5055599760671612e-05
525,0.0928712431076205,-0.01612262078977729,-0.8221005208319111,20957.35262524414,2.2245156837626662e-06,2.373389482498169,1.8410028133075684e-05
526,0.112111416760574,-0.004674512349769293,-0.23835572934998117,44712.64817138672,1.60042498513801e-06,1.9490677118301392,3.5367593227420002e-06
527,0.9340948898667067,-0.007501967871223343,-0.38252910458003553,80718.05852832031,1.2165730999145202e-06,21.02464485168457,1.8574774003354833e-05
528,0.9122736737895212,0.007899722780728561,0.40281082692104764,60024.1089453125,1.412057506800965e-06,18.30876350402832,1.8868697225116193e-05
529,0.936905685065252,0.037334938862309895,1.9037272589946281,33953.53891186523,1.83207156646794e-06,93.14725494384766,0.00011609696230152622
530,0.3474020959243237,-0.07117294527495395,-3.629144178394397,56983.07148583984,1.4175427454771855e-06,24.806440353393555,6.640311767114326e-05
531,0.9562605014212295,0.005198248187965343,0.2650612824342734,23679.01786816406,2.1023230260672003e-06,8.696297645568848,1.9190276361769065e-05
532,0.993923146350874,0.002022108259090307,0.10310831437719457,20576.11284375,2.23918236113332e-06,7.3766021728515625,1.4754084986634552e-05
533,0.5309338950614273,0.022475982915510614,1.1460616423333772,16957.55933276367,2.4840825330794154e-06,4.565306186676025,2.1603129425784573e-05
534,0.7313214126889802,-0.00940039342405827,-0.47933077572867283,15948.353081298828,2.565347412734816e-06,4.07064151763916,1.3459579349728301e-05
535,0.7176121484755854,-0.0031484077773538473,-0.16053889174116034,14385.531592285157,2.686583812528759e-06,2.311284303665161,3.4460447295714403e-06
536,0.8295407438072108,0.007478929096252278,0.38135434588850514,12409.35684741211,2.877428683522791e-06,3.4327597618103027,1.7325470253126696e-05
537,-0.1997052276414405,-0.012012869435651151,-0.6125422379217899,14250.899981933593,2.693564067137588e-06,2.3884687423706055,1.5411678759846836e-05
538,0.37875053003701054,-0.029589157972068646,-1.5087660062834822,18432.419931152344,2.3533542779369305e-06,17.445911407470703,3.7400030123535544e-05
539,0.47518714728697603,-0.017905680864150147,-0.9130196483689151,24266.11048095703,2.0935654957294043e-06,4.599385738372803,2.4289331122417934e-05
540,-0.38223025863840204,-0.024973134197012026,-1.2733926386947165,28458.798263671873,1.946204684179777e-06,5.6512837409973145,2.3582604626426473e-05
541,0.3318156101555319,-0.026164679610004585,-1.3341501369568578,59231.99339208984,1.4068250882230297e-06,9.659252166748047,2.385208244959358e-05
542,0.8364900198489448,-0.02607054605123757,-1.3293502195799516,68906.60651660156,1.3152212671946654e-06,32.44521713256836,3.6308269045548514e-05
543,0.40998660305928286,-0.03986608613954043,-2.032791728229858,62678.17842724609,1.3659850572322766e-06,27.47203254699707,3.608037513913587e-05
544,0.6467120504425635,0.04032306005481166,2.056093057377863,63259.837848632815,1.351470400204242e-06,23.549577713012695,7.294220995390788e-05
545,0.8625911239483535,-0.01467659290892928,-0.7483668338908666,39005.113602539066,1.655341253125077e-06,23.308202743530273,4.663565778173506e-05
546,0.9059459981341393,0.009628393882069248,0.4909566334427975,23627.228249511718,2.097370606716547e-06,19.959592819213867,3.3622334740357473e-05
547,0.8057170884462598,-0.013950796747527541,-0.7113581235771873,55801.62700878906,1.3846465073787712e-06,16.284862518310547,1.9860150132444687e-05
548,0.8707239768996237,0.012942936892567715,0.6599668440518756,49361.091365722656,1.5063378197581692e-06,15.719747543334961,2.716904600674752e-05
549,0.7557803309902296,0.021069349308192396,1.0743366891589403,29431.512890136717,1.8928889637373288e-06,13.33145809173584,3.450467193033546e-05
550,0.8972434765397709,-0.011226853794499324,-0.5724629061308527,59397.922899414065,1.386548452829692e-06,22.3016414642334,2.4596489311079495e-05
551,0.9879886409504911,0.010250977397315083,0.5227024791597352,55366.92567480469,1.426694313877651e-06,92.2458724975586,0.00012024194438708946
552,0.2458556022912236,-0.08365015488530107,-4.265363354727019,29483.85950878906,1.906948721838182e-06,49.04888916015625,0.0001298499555559829
553,0.9693152359397484,0.016681842971189048,0.8506155403559617,64721.78696679688,1.3180750298648673e-06,51.653038024902344,5.9704292652895674e-05
554,0.9876536038022975,-0.007298571870158579,-0.3721578404666669,36584.45599072266,1.7118371957817208e-06,26.94441795349121,3.492201358312741e-05
555,0.8840244594439348,0.01209193176941064,0.6165736659761589,20749.787352050782,2.230184376135868e-06,15.49106502532959,3.748849485418759e-05
556,0.9052286315438849,0.010528269628376729,0.5368417491054108,23526.261779541015,2.102392076511467e-06,12.362831115722656,2.9712551622651517e-05
557,0.6587114251614244,0.01190828987691266,0.6072096737668481,22985.537396484375,2.133336953890468e-06,5.9193644523620605,1.5841640561120585e-05
558,0.9886527174969212,0.001221751038152532,0.062297698239542794,57888.929823242186,1.402187551419272e-06,17.515270233154297,2.0435560145415366e-05
559,0.7845686831870846,0.03709944399723096,1.8917192577050739,47713.9698125,1.5768020858566948e-06,35.29181671142578,6.557976303156465e-05
560,0.9934302253382515,0.001693237288267991,0.0863390186203317,22511.235568115233,2.204406790030429e-06,22.399456024169922,4.267245822120458e-05
561,0.8022412843370729,-0.038249364753748384,-1.950354293855512,70185.95821582031,1.3281933989506503e-06,48.81248092651367,5.724730362999253e-05
562,0.6768178670920423,0.021595110918860606,1.101145537397672,36516.16899804687,1.7361671292847262e-06,12.400378227233887,3.38226709573064e-05
563,0.520899439534046,0.01312123877195743,0.6690585463143598,20089.22510595703,2.2616777771322147e-06,3.6315195560455322,1.6577452697674744e-05
564,0.6147684599517672,-0.006600696940044875,-0.33657284774105584,23872.692637695312,2.089994764105888e-06,2.5243141651153564,9.231114745489322e-06
565,0.33456691490460205,0.011668659126594302,0.5949907816144648,23398.662017333983,2.1290417917683965e-06,1.8509838581085205,9.606111234461423e-06
566,0.6896438718897461,-0.0024865110040941606,-0.12678844327940833,24177.164045410158,2.0806447786973415e-06,0.9763750433921814,3.4001743642875226e-06
567,0.43403106762733085,-0.007680372661984446,-0.39162605434496506,19080.564919433593,2.322119453358378e-06,3.2286994457244873,1.015487032418605e-05
568,0.7574366102740316,0.010295733462889643,0.5249846133920657,46125.31852001953,1.554620362620358e-06,8.743192672729492,1.738493301672861e-05
569,0.9211168841873648,-0.035338947121461184,-1.8019506389820583,54033.55480371094,1.4643707230595228e-06,48.87937545776367,7.185994763858616e-05
570,0.713243247015728,-0.05799248285667045,-2.95706578864856,57919.64651733398,1.4048334252223283e-06,42.84925079345703,6.908655632287264e-05
571,0.6543429043203607,-0.06370935496171082,-3.248571964745134,41408.53255029297,1.6583842893593524e-06,11.697468757629395,6.23073719907552e-05
572,0.38726754707570304,-0.0673255787796015,-3.4329650310397715,38092.11109863281,1.6708747676870456e-06,18.899520874023438,9.699226211523637e-05
573,0.5418248892526981,-0.015394414039227448,-0.7849688933684702,28926.715263183592,1.8895610906107006e-06,16.970104217529297,2.7400048566050828e-05
574,0.7890734924317101,0.018941665990259912,0.9658450495771957,32224.183868164062,1.7921073963872305e-06,16.81116485595703,3.793169526034035e-05
575,0.8901038882604994,-0.008482551237283921,-0.4325295422550724,41598.94606201172,1.59649216115863e-06,13.993663787841797,1.788533882063348e-05
576,0.8194300542842137,-0.03506006573492933,-1.78773033720187,85239.65050097657,1.1352201781571128e-06,54.28077697753906,6.144290091469884e-05
577,0.8428134259687924,-0.008975917449758385,-0.45768653289106725,72330.88932910156,1.2580599193094756e-06,23.235172271728516,2.1827845557709225e-05
578,0.9783885076921676,0.005264655333847678,0.26844741611121525,49007.55837841797,1.519238277966839e-06,26.019668579101562,3.2072803151095286e-05
579,0.9038875940297516,0.02000796702419812,1.0202162741314582,64903.95381542969,1.2945838635180111e-06,49.8958854675293,6.755760841770098e-05
580,0.6965160584329606,-0.013946805460801343,-0.7111546058650746,70789.00385253906,1.269633188089485e-06,23.802886962890625,2.8226231734151952e-05
581,0.9949426600357527,-0.0018971812517967481,-0.09673822361458569,31920.67279736328,1.8063595270867394e-06,16.480897903442383,2.532932921894826e-05
582,0.8633352142543904,0.00799236287262671,0.40753459167321954,24309.518950195314,2.0593619596200483e-06,8.18040657043457,2.1590722099062987e-05
583,0.6260456771225653,0.008737847998044841,0.4455472521376572,25856.008536621095,2.011552292962952e-06,4.7143635749816895,1.1886378160852473e-05
584,0.9954241981924337,-0.0006961141392154877,-0.03549520911453597,27589.95312011719,1.978862487216538e-06,4.235304832458496,7.406872100546025e-06
585,0.778279109745595,-0.008666493002585589,-0.4419088251290529,24687.824481933592,2.0822787281456455e-06,5.745873928070068,1.3024740837863646e-05
586,0.9098484749743161,0.008406781373687491,0.42866599890575013,33477.676760253904,1.8489443511373786e-06,9.442317008972168,2.0885086996713653e-05
587,0.888896415383265,0.030155537464048733,1.537645980663366,39719.94236816406,1.6740363428725306e-06,43.475643157958984,6.649257557000965e-05
588,0.5114931751450817,-0.03266374463196267,-1.6655407222182759,27141.10721801758,2.0319337294324944e-06,14.81820297241211,4.351288953330368e-05
589,0.8791138874497486,0.03525503871363529,1.7976721071803563,65842.5647734375,1.3197342655154584e-06,41.82364273071289,5.0355858547845855e-05
590,0.9919089881354465,0.0018256940791370599,0.09309305682423397,24825.246510253906,2.0530003990196935e-06,9.516580581665039,1.818812233977951e-05
591,0.6999062862719918,-0.010485490218479733,-0.5346604055375275,20712.31880566406,2.227806603940201e-06,5.683933258056641,1.3858286365575623e-05
592,0.693105547424687,-0.005702704415064682,-0.29078375847850446,19471.03659741211,2.3383712850390857e-06,2.1967973709106445,6.307393960014451e-06
593,0.5219000532127701,0.01201796307588361,0.6128019651921038,17164.554185302735,2.4934293394400187e-06,3.2651870250701904,1.1236620593990665e-05
594,0.9955006307028218,-0.0002578460436757406,-0.013147699097077269,16626.16189404297,2.5235691914717533e-06,2.7682697772979736,6.049229796190048e-06
595,0.884410287255018,0.0027329133977413355,0.13935262492163936,14097.364771240234,2.717452906174198e-06,2.0927021503448486,7.152508260332979e-06
596,0.6205731714365488,0.010269188512145477,0.5236310730392422,16991.856684814455,2.489104583385044e-06,1.7773133516311646,1.4506846127915196e-05
597,0.8074043076789419,-0.0025861716021655145,-0.1318701871626875,20169.52444091797,2.2525641165328092e-06,2.335482120513916,3.490528570182505e-06
598,0.9904600571769792,0.0032561985848842726,0.1660351990826964,51410.74603710938,1.4921395014599674e-06,16.364168167114258,1.8431708667776547e-05
599,0.7836481601551573,-0.023124655489630896,-1.1791377822480362,33188.44564501953,1.8135102486835511e-06,15.558242797851562,3.925492273992859e-05
600,0.8409653737142141,0.043241429479869684,2.2049021781531506,48967.12802294922,1.530813643665331e-06,26.120983123779297,6.190046406118199e-05
601,0.7390231137172838,0.0072914748688501195,0.3717959608102447,55844.69725,1.4499736200434031e-06,4.042768478393555,1.038698883348843e-05
602,0.9126679005547095,0.003292318127051332,0.16787695265458327,19664.90560058594,2.310564792969076e-06,2.0189177989959717,8.073626304394566e-06
603,0.4660122822495367,-0.003786747603987403,-0.1930881596787862,21808.10337866211,2.1991958172935905e-06,1.332669734954834,3.74937826563837e-06
604,0.6090992744427788,0.006888967560900523,0.3512719112888527,17740.462607910154,2.4422161535690974e-06,2.0588369369506836,7.355857633228879e-06
605,0.9140349188401442,-0.003319584248268823,-0.16926726585156537,16977.18678173828,2.4675236692702957e-06,2.8472540378570557,6.8896702032361645e-06
606,0.856407209529518,0.004137904888675165,0.2109938457579858,18188.940260009767,2.417375252233612e-06,2.466510772705078,7.66948505770415e-06
607,0.5303207608189908,0.009682586314645853,0.4937199327616418,18718.68971508789,2.381739762200373e-06,1.4099911451339722,1.2081045497325249e-05
608,0.7955031033775302,0.008200100854271065,0.41812725555418606,26581.682627197264,2.004804621465127e-06,2.362253189086914,1.1101005839009304e-05
609,0.4115110807510332,-0.012978581719042391,-0.6617843916325005,34714.36724682617,1.7655622603545457e-06,2.39388370513916,1.270692973776022e-05
610,0.8142600239082571,-0.005536582918610035,-0.28231314005129843,50374.04486376953,1.5075111088664728e-06,5.293636322021484,5.320101081451867e-06
611,0.9975183078993931,0.004904583550332557,0.2500871752654871,26041.011579589845,2.0445015776559505e-06,30.046926498413086,4.8546269681537524e-05
612,0.9179672245823454,-0.05079347380906832,-2.5899847064426247,65711.5080805664,1.3610085716462637e-06,82.26055908203125,8.147054177243263e-05
613,0.591981792987911,0.012097555495560125,0.6168604225932618,33444.90139111328,1.818010159497066e-06,5.135289669036865,2.037343438132666e-05
614,0.9625953302202555,0.0042559047696892624,0.2170107188771068,23146.589598144532,2.125388328812789e-06,4.014928340911865,1.1652239663817454e-05
615,0.6443006589445103,0.016341470761820794,0.8332597906768667,37814.38978198242,1.6946202775133424e-06,5.305845737457275,2.047402631433215e-05
616,0.8003037008672301,0.005308750987810621,0.270695875624221,24526.014349365236,2.084804121639858e-06,2.3308401107788086,7.097928119037533e-06
617,0.9251458023599581,0.001992959379936732,0.10162199840870055,25104.644397705077,2.0937756649639815e-06,2.367823362350464,4.957118107995484e-06
618,0.994865365889243,0.00018752702805364984,0.00956209721999518,25006.259354492187,2.0846007155302097e-06,1.9959501028060913,3.6464080039877445e-06
619,0.5263023166810024,-0.021271191138948303,-1.0846287053487222,42285.27819335937,1.6259467837510706e-06,6.894651889801025,1.7194130123243667e-05
620,0.9971501291632382,-0.0016261362002144902,-0.08291750048401553,58825.52856884766,1.4204866957084833e-06,10.648063659667969,1.1371031177986879e-05
621,0.5076043198420296,0.03433627338230356,1.7508238021027456,59832.03248022461,1.3848218814475668e-06,13.392696380615234,2.655869502632413e-05
622,0.9476012060901052,-0.016183987307427275,-0.8252296303470144,33343.08079760742,1.8590060596113356e-06,26.873109817504883,4.827267548535019e-05
623,0.5876122908593484,-0.010562511601721145,-0.5385877645012828,63936.153366210936,1.3522946328773425e-06,5.789505481719971,1.2067819625372067e-05
624,0.5643744704917869,-0.004540623497888847,-0.2315286696368177,25079.185692382813,2.0476206248119712e-06,3.2732651233673096,5.832142960571218e-06
625,0.804051257803487,0.015694670672754183,0.8002791297142928,32292.025090820312,1.8227982224097556e-06,9.657326698303223,2.7394942662795074e-05
626,0.7208225856121301,0.009517111310828339,0.48528227931827,23866.668500976564,2.1119653158271276e-06,4.6081438064575195,1.4505721082969103e-05
627,0.9950516936578042,0.001299312179077559,0.06625257971831648,29293.170463867187,1.9008954016595441e-06,5.156581878662109,8.9161276264349e-06
628,0.6603342639275068,0.010733399067437727,0.547301402091663,42061.1671875,1.6300653074291333e-06,4.421132564544678,1.0671375093807e-05
629,0.8959651413472315,-0.008162515877419486,-0.41621077873270496,43451.33848046875,1.6418785667801153e-06,9.70996379852295,1.4120246305537876e-05
630,0.7743928683229911,0.017934274504045847,0.9144776524091538,47084.89841503906,1.5425720239970824e-06,16.91771125793457,2.8387348720571026e-05
631,0.9964514738458363,-0.004509821147658634,-0.2299580423487802,42437.75761816406,1.6270772392445305e-06,34.51271057128906,4.314359466661699e-05
632,0.5677926202761049,-0.12023814766701413,-6.131003458419863,69569.83708203126,1.3001248793329504e-06,43.136688232421875,0.00011977994290646166
633,0.9885882051648379,0.002768524719797621,0.14116846409516554,38216.181265625,1.7172751740539609e-06,19.50058937072754,2.9825176170561463e-05
634,0.6656499614066749,0.022033880590079873,1.123518623010609,27646.161103515624,1.938276152337425e-06,16.14951515197754,4.0761748095974326e-05
635,0.9813832458530991,0.010005965924427901,0.5102092212647125,39578.32641162109,1.6642027334395999e-06,35.22369384765625,6.43859020783566e-05
636,0.8983642612922828,0.019479349021585442,0.9932617770347734,45318.175116210936,1.5455127930611708e-06,36.22789764404297,5.9373789554229006e-05
637,0.6856213382982629,-0.013181476140092005,-0.6721300799293151,27861.45539794922,2.003669872137972e-06,6.79963493347168,1.4981898857513443e-05
638,0.8171816072267774,0.011510595943504391,0.586931060627604,20497.362630615233,2.2586267790790774e-06,8.054325103759766,2.5486138838459738e-05
639,0.871028543817096,0.010859054100681586,0.5537086152626398,18858.991870849608,2.334940993571447e-06,6.412135124206543,2.2937823814572766e-05
640,0.09809919631831619,0.030561137767555358,1.5583277435795913,21312.595619384767,2.219976762196084e-06,6.05193567276001,3.9367645513266325e-05
641,0.6938579245016065,0.028198672184120123,1.437864438518107,24836.539291748046,2.039922062262436e-06,5.902513027191162,3.914927947334945e-05
642,0.8283091794128885,0.013386109505544051,0.6825644378734267,34469.21116064453,1.7742107184616855e-06,3.493351936340332,1.7364183804602362e-05
643,0.918758787484933,-0.00828805446465405,-0.422612054263261,63563.5341875,1.3417115393623362e-06,15.548954963684082,1.597599475644529e-05
644,0.9414456327379671,-0.013617662582029162,-0.6943714453854649,62312.627256835935,1.3396237335086669e-06,29.88356590270996,3.3185879146913067e-05
645,0.8986839131903351,0.01890221610654027,0.9638334802191145,49867.026512207034,1.5503741147516163e-06,19.81783676147461,3.155960439471528e-05
646,0.8661921612037751,0.0035622106407208706,0.18163890729889556,57284.562286132816,1.4313916953697322e-06,5.681094169616699,7.3972441896330565e-06
647,0.8071704492444334,-0.0073503813024193175,-0.3747996294041432,17813.259578125,2.38600460983226e-06,6.390381813049316,1.6025871445890516e-05
648,0.9210933404392614,-0.007996479329620512,-0.40774449188006007,24501.813955322265,2.0710591645304206e-06,11.856841087341309,1.9042499843635596e-05
649,0.9978034728061953,-0.00020641514663803572,-0.010525211860488626,34660.80465185547,1.783702212897622e-06,8.601093292236328,1.287647864955943e-05
650,0.49083963142930787,0.015936711380171602,0.8126209067879402,48110.99306494141,1.5121556379285076e-06,6.095407962799072,1.4936166735424194e-05
651,0.9912823425932006,0.0017419396281238898,0.0888223753576342,45541.65544189453,1.6115910226102464e-06,16.224794387817383,1.8900058421422727e-05
652,0.39981956170180377,-0.05488101463188249,-2.7984104632208218,31871.590504882814,1.8584142204313807e-06,20.639049530029297,5.9332611272111535e-05
653,0.749555641712479,0.00868087481249955,0.44264216083017355,69161.92982275391,1.3461739920727352e-06,6.151594161987305,8.914452337194234e-06
654,0.560587036289535,0.014366607888604662,0.7325605422226695,43134.656295410154,1.6306755887900383e-06,3.579655170440674,1.939088906510733e-05
655,0.8727395550305029,-0.004795820220354692,-0.24454127851655966,17652.92400390625,2.411313269857417e-06,6.262436866760254,1.1846001143567264e-05
656,0.9942467490969263,0.0011553403194112092,0.058911382380729044,27424.145904296875,1.986911949685586e-06,4.487301826477051,8.507096026733052e-06
657,0.8260916621737414,0.009105723793023672,0.46430542344224496,24026.952083496093,2.0799930580265096e-06,4.2231645584106445,1.1791086762968916e-05
658,0.1896660598620467,-0.018923260500606574,-0.9649065444279724,31274.51981640625,1.8662889883715083e-06,3.644042491912842,1.5342788174166344e-05
659,0.9319158329391629,0.0062140413933773455,0.3168570874783403,54131.91730200195,1.4763307036797317e-06,12.495875358581543,1.4506354091281537e-05
660,0.5345170801683993,0.043269919582162086,2.206354902759066,46609.80472705078,1.5688468783857512e-06,10.532567977905273,4.4070467993151397e-05
661,0.9595210804436551,0.0084772815249439,0.4322608369796799,44244.15467285156,1.590970715576236e-06,23.242259979248047,2.7607678930507973e-05
662,0.9987258666041092,-0.0017341979623533277,-0.08842762393693956,77132.30976708984,1.221183721040526e-06,47.10802459716797,4.49247017968446e-05
663,0.9966570523827706,0.000542401340732623,0.027657316420848215,23567.873700683595,2.1243574168438736e-06,4.578839302062988,8.41605469759088e-06
664,0.8359330811913144,-0.0027354148410211883,-0.13948017476914942,22047.08199194336,2.162285074801659e-06,2.0444533824920654,5.542616236198228e-06
665,0.9940391653495326,-0.0005220565791666849,-0.026619926824104505,27196.291354492187,1.932496064229916e-06,1.9722322225570679,3.397000227778335e-06
666,0.6365518596864947,0.00331916366750054,0.16924582022723633,27186.845968261718,1.9617318572025883e-06,0.7872403860092163,2.866110889954143e-06
667,0.36863612640668025,-0.0064752509654759345,-0.33017629457677244,29939.37627807617,1.9046626990351178e-06,1.7244622707366943,7.740977707726415e-06
668,0.5875766286681876,-0.0044223089087182125,-0.22549574939094397,27047.56536694336,1.997907414764127e-06,2.0053117275238037,5.36810330231674e-06
669,0.8482909751431031,0.007648437182726151,0.38999764823943245,61544.75956298828,1.3605636648658255e-06,7.738491058349609,9.561331353324931e-06
670,0.7312343569017478,0.033092315514063914,1.6873937664585903,52727.60873193359,1.487872519885151e-06,20.93914794921875,3.6813042243011296e-05
671,0.9878215659235556,0.005235683042117454,0.26697010442401037,39955.81055541992,1.7027373900820814e-06,29.893098831176758,4.0890929085435346e-05
672,0.9695731562330985,-0.0035074133855017,-0.17884476777014086,85089.87707714844,1.2010154273824707e-06,11.45939826965332,1.1329101653245743e-05
673,0.9769446800935233,-0.0015238545973074444,-0.0777021102495246,20824.531777099608,2.2240266549053615e-06,5.447551727294922,1.04462233139202e-05
674,0.8563074543771682,0.009706717677907805,0.49495040307814336,20826.454881347658,2.2386701920221615e-06,7.670186996459961,2.347589543205686e-05
675,0.8792573933243816,0.006828263480602656,0.3481765797865984,23746.32032470703,2.102299094972577e-06,5.539522647857666,1.347527086181799e-05
676,0.8785227359685228,0.007505940646234775,0.3827316783705274,32391.540274902345,1.795788234345866e-06,5.6891398429870605,1.0727243534347508e-05
677,0.7696064993497612,-0.010980396101694248,-0.5598959047568235,63238.92640429687,1.349586089183596e-06,10.385666847229004,1.18189846034511e-05
678,0.7385630500660966,0.024153402979328827,1.2315941327454338,61295.90391894531,1.3971889242841014e-06,23.426349639892578,2.9117529265931807e-05
679,0.3830270663611466,-0.029895668353111905,-1.5243951243519187,42476.477484375,1.6469958369897838e-06,12.79069709777832,3.0415665605687536e-05
680,0.5203991573268867,0.024849319892351247,1.2670792851974608,62932.839936035154,1.3565986250718462e-06,16.13876724243164,3.0290515496744774e-05
681,0.8010428311772099,0.010914901629775329,0.5565563087830538,60409.04499511719,1.3573720877196815e-06,9.179366111755371,1.850410262704827e-05
682,0.9960354561938883,0.0007186733407615992,0.03664551411658437,28486.618239746094,1.9147562924802153e-06,9.507890701293945,1.5817206076462753e-05
683,0.9970914381741395,-0.000588234539962647,-0.029994374238537912,24262.864455322266,2.0825844961531942e-06,4.9626970291137695,8.70654002937954e-06
684,0.8200194135471355,-0.006551723596060393,-0.334075672367307,18767.058295410156,2.38181676494975e-06,3.168229103088379,1.0350526281399652e-05
685,0.6744090650603839,-0.005288108303338618,-0.26964329478906535,18265.886458496094,2.3990083110080527e-06,1.1577420234680176,6.824636784585891e-06
686,0.21825359787004803,-0.007543016606949951,-0.38462220020390175,16478.264448730468,2.5160383963032764e-06,2.2490200996398926,1.1139661182824057e-05
687,0.27213013426497623,-0.01568897148617971,-0.7999885253322707,16216.822604248047,2.521757292142365e-06,4.359318256378174,2.293714896950405e-05
688,-0.03496754377703415,-0.020422594720373943,-1.041358348327833,30512.977780029298,1.866279689055058e-06,5.911162853240967,1.7350086636724882e-05
689,0.9726362943136502,0.014299919002471434,0.7291600424690196,46492.61333398437,1.5705404434011852e-06,50.371009826660156,6.55164330964908e-05
690,0.5300608936091797,-0.07719008455210762,-3.9359611282046107,61649.896966308595,1.3552223370285433e-06,36.62382125854492,7.283098238985986e-05
691,0.5829636747246792,0.09388410944576524,4.787197830897436,73666.32475390624,1.2687743307034806e-06,31.918659210205078,0.00011115930828964338
692,0.7586096513754329,0.014403126276514027,0.7344226331390091,37027.37157080078,1.7241198377944451e-06,9.164996147155762,2.2680800611851737e-05
693,0.6606253932031193,-0.011209900516185417,-0.5715984499662254,19262.9483515625,2.3235044343836382e-06,7.093417644500732,1.740672450978309e-05
694,0.720230321560049,0.008450065479858403,0.4308730771897851,21277.837813720704,2.2438442196075424e-06,3.9643805027008057,1.1340865057718474e-05
695,0.7795054961949902,0.01060927847615435,0.5409724308858942,26242.67905126953,2.0319828159194325e-06,7.12896728515625,1.1865347005368676e-05
696,0.9529132132600999,0.0027439480504028503,0.1399152873955954,28539.42237109375,1.94188421971844e-06,3.8005800247192383,7.1553590714756865e-06
697,0.968145978725051,0.0017693909506801334,0.09022213206377232,29468.271921875,1.9283604631967546e-06,4.6466474533081055,8.012741091079079e-06
698,0.8668871338426554,0.008439972477801825,0.43035842995248674,59325.91285644531,1.4039209042131807e-06,6.712676525115967,1.1483472007967066e-05
699,0.6649790581759883,-0.020220076884570563,-1.0310318623016108,45806.63736083984,1.5607906675721494e-06,9.319286346435547,2.0460332962102257e-05
700,0.9910604862452653,-0.022850511007796625,-1.1651590176143078,55165.055672851566,1.434129462198024e-06,121.15108489990234,0.00014061233378015459
701,0.879553651882071,0.00690531317745768,0.35210538247571327,49871.35103515625,1.4995593695509408e-06,8.084076881408691,1.3324704013939481e-05
702,0.9995301204490292,6.384082449459738e-05,0.0032552756621693204,20175.378927246093,2.2967127609819285e-06,7.600417137145996,1.5273741155397147e-05
703,0.9979410929029728,-0.0003280455585958393,-0.016727207573425783,26617.715331298827,2.0529931447791583e-06,3.31675124168396,6.026087248756085e-06
704,0.6433266440568927,-0.009106881773320767,-0.4643644694384119,21652.314207519532,2.248987551390924e-06,3.2406976222991943,9.750825483934022e-06
705,0.6262057220579993,-0.009006026467684633,-0.45922180681716496,18448.11028515625,2.4220398331084954e-06,2.6407735347747803,1.028648330247961e-05
706,0.4131572714251375,0.008503524841123737,0.4335989968347748,17178.45276611328,2.4864376180457422e-06,2.1727728843688965,1.1866085515066516e-05
707,0.8901094574721993,0.008279504486340095,0.42217608658054645,20610.539305175782,2.2778352211590785e-06,2.5359983444213867,1.401363351760665e-05
708,0.3958589851775477,0.03389805493975179,1.7284788239160485,28328.99533496094,1.942021353614963e-06,12.176389694213867,3.805058804573491e-05
709,0.3308865375415048,-0.012950404592996683,-0.6603476258423873,29543.33450415039,1.9414875853019403e-06,4.647148132324219,1.3039249097346328e-05
710,0.744527087797949,-0.00780461282031779,-0.3979611223345839,45209.180768066406,1.6126987758135046e-06,6.8916335105896,1.2070849152223673e-05
711,0.6447066193135375,0.022821145975438994,1.163661679885521,60468.148359375,1.392043134980867e-06,8.178955078125,2.3764943762216717e-05
712,0.7323988982655955,0.0274481288332539,1.3995938566009734,54793.82393066406,1.4948711266132766e-06,28.700782775878906,3.870048385579139e-05
713,0.43395389564432685,-0.05359379495560471,-2.732774486285607,35923.745822509765,1.7814457342871352e-06,27.573009490966797,6.509272498078644e-05
714,0.9506019058596872,0.002300796687366275,0.11731877711913105,42111.46271533203,1.637872551377786e-06,6.586643218994141,9.086439604288898e-06
715,0.4981509825293974,-0.0033799607543486885,-0.17234589418013962,25631.375369628906,2.0319594999640246e-06,1.7168687582015991,4.485204499360407e-06
716,0.7616885195764699,0.0047427828078699845,0.2418368742515346,19461.90581689453,2.337874514222851e-06,2.2349913120269775,7.624817953910679e-06
717,0.9984401324821894,-0.0002627860264212027,-0.013399591295057888,19223.59451147461,2.3273917306277067e-06,1.6098594665527344,3.170415538988891e-06
718,0.9809394333437534,0.0007512071941726828,0.03830443162029935,19561.079306396485,2.3397690985458686e-06,1.854372501373291,3.986844603787176e-06
719,0.906982027257377,0.001357612263520493,0.06922533026613499,19747.74362036133,2.3369199968439914e-06,1.408231496810913,3.4522695386840496e-06
720,-0.17133028803255135,-0.013469160956931979,-0.686799273036526,22085.76662036133,2.1945006389756374e-06,3.1922755241394043,1.2611291822395287e-05
721,-0.007786359163010978,-0.006177169882764632,-0.3149769906582383,23661.31818823242,2.1034042400394567e-06,2.3527095317840576,4.360998445918085e-06
722,0.8462149980915701,0.007381656519983184,0.37639436843470364,31171.205656738282,1.8580801981728921e-06,5.896913051605225,1.5541032553301193e-05
723,0.6470375619490788,0.013802582177460731,0.7038005883082278,42501.81061816406,1.597821726326223e-06,4.9949870109558105,1.4980662854213733e-05
724,0.9526349084917469,0.011332150534425064,0.5778320397142552,57622.38504931641,1.4090517765849107e-06,34.66753387451172,3.90137211070396e-05
725,0.7190056516940374,-0.0994528600182445,-5.071151215754132,35541.148696777345,1.759787064654616e-06,58.146095275878906,0.00013833458069711924
726,0.6918243858435466,0.07596214954974959,3.8733481065284843,61179.047635253904,1.356980053437955e-06,46.23217010498047,8.908149902708828e-05
727,0.9945543718809708,-0.00012332858707276139,-0.006288586513817111,44868.72463964844,1.5873113427447475e-06,2.085681200027466,2.718913947319379e-06
728,0.92717721745631,0.007571500981419684,0.3860746327452655,17680.486455810547,2.4129935917229775e-06,4.911220073699951,1.9100481949863024e-05
729,0.8512530998343304,0.009243432889048572,0.4713272793204868,25768.12713623047,2.0410541267383113e-06,4.52679967880249,1.55823327077087e-05
730,0.45216391640620385,-0.013079146276137717,-0.6669122288398186,23971.109086425782,2.0887666593238886e-06,3.108733654022217,1.3832293916493654e-05
731,0.8967663921881924,-0.0046662267305625825,-0.23793324147074202,21480.520691650392,2.2516146199327353e-06,3.974611282348633,9.49901823332766e-06
732,0.732848934849525,0.004508527749411144,0.22989209132339988,19891.41011694336,2.3009339749100578e-06,2.242459774017334,6.8186877797415946e-06
733,0.7349114404060593,0.009113289355139388,0.4646911952492492,24895.79795996094,2.0988170149292877e-06,3.4217939376831055,1.3503873560694046e-05
734,0.8748091193888101,0.0071239714679381715,0.3632548783816273,34494.89770605469,1.765984831300119e-06,5.283905029296875,1.1041118341381662e-05
735,0.41693286289800335,-0.009074698722031614,-0.46272343951084904,50154.49121679687,1.5066026892826382e-06,4.527998447418213,8.087909009191208e-06
736,0.8401491405708523,-0.03808822918090752,-1.9421379101742056,29334.690915527342,1.914783412286287e-06,31.47930145263672,7.262081635417417e-05
737,0.8254643253952373,0.011522135311031731,0.5875194587657224,43298.12420458985,1.6096628528094687e-06,7.632107257843018,2.091878377541434e-05
738,0.6715193428869739,-0.0242640159111775,-1.2372343416214744,52394.734789550785,1.4733836906385746e-06,7.34082555770874,3.0479024644591846e-05
739,0.5700384718835247,-0.00413607649459213,-0.21090061502660848,15531.603197753906,2.579373857608022e-06,2.4990010261535645,7.63427851779852e-06
740,0.2877681488669067,-0.005167565033142678,-0.26349673297985265,19030.709751953123,2.363319435997287e-06,2.256835699081421,5.31882005816442e-06
741,0.5193398372168764,0.005583481803979268,0.2847045377397517,20388.98727368164,2.2786559967353588e-06,1.3165770769119263,5.089931164548034e-06
742,0.39900798275317423,-0.0049562309379691,-0.2527207014662975,19753.984392578124,2.318097701358418e-06,1.204999327659607,4.404172159411246e-06
743,0.4950031363649043,-0.004203752372439699,-0.21435144198282644,19483.377112548827,2.3266171707787952e-06,2.3333518505096436,4.8727920329838526e-06
744,0.898849921556912,-0.0009133519409762436,-0.04657227358814404,22183.49587109375,2.1811909646217025e-06,1.1926122903823853,1.8409255062579177e-06
745,0.4237048718465348,-0.010307808807833737,-0.5256003412874993,27313.077875976564,1.987597613710695e-06,4.83527946472168,9.979617061617319e-06
746,0.7054309323319486,0.013967203305515765,0.7121947021981848,64173.1460234375,1.338891029628739e-06,12.49789810180664,1.7454942280892283e-05
747,0.994632446653198,0.0015538608428261403,0.07923214375901276,56671.44520458984,1.390072098405413e-06,13.302645683288574,1.5316691133193672e-05
748,0.7577541716724879,0.01878661356532024,0.9579388486585474,63849.33744140625,1.3231490504515547e-06,11.202553749084473,2.0083341951249167e-05
749,0.6948931524315195,-0.04867315809965003,-2.4818687449144536,40950.042204589845,1.6497970187966773e-06,19.313030242919922,6.162664794828743e-05
750,0.7175574310076126,0.05254706068673612,2.679400980896514,45778.47485449219,1.5574468058402842e-06,28.06325340270996,7.697910768911242e-05
751,0.9427060658297487,0.0024003148370533795,0.12239325748784823,36746.49874267578,1.7357726691719344e-06,4.7755937576293945,8.795853318588343e-06
752,0.5797971534887618,-0.017455567859520814,-0.8900681604958256,19817.047541259766,2.2868900482002314e-06,10.303980827331543,2.375959411438089e-05
753,0.9478389708350523,-0.004303056726439351,-0.2194150208022051,30483.73815234375,1.8522078036689206e-06,7.574370861053467,1.1702297342708334e-05
754,0.8892001623881086,-0.0058491377445994445,-0.29825046739930283,34127.631908203126,1.7305556474525343e-06,5.268544673919678,9.24590312934015e-06
755,0.5902554848446844,0.013086487244049117,0.6672865484756928,45551.69422753906,1.543470320586239e-06,5.5844035148620605,1.3203154594521038e-05
756,0.677486252217006,-0.039255706960773844,-2.0016681877514313,43290.01719287109,1.622861674255053e-06,21.239158630371094,3.8664053136017174e-05
757,0.8399327590803458,-0.020119650608178306,-1.025911076096701,49943.0633815918,1.5131142406066113e-06,17.603313446044922,2.8218220904818736e-05
758,0.900303355605559,-0.1337894729106938,-6.8219923296494995,61311.57424707031,1.3787554702188827e-06,217.32203674316406,0.0002148264175048098
759,0.8208225156140189,-0.03776662413732969,-1.9257391076919723,80861.02883886719,1.1501899955048584e-06,23.064199447631836,6.511526589747518e-05
760,0.988931897261133,0.003174816338888611,0.16188547753978663,23225.79102050781,2.122804891063499e-06,16.943674087524414,2.9358412575675175e-05
761,0.11806353064404569,-0.027639818211037517,-1.4093681941214449,26776.330251953124,1.9989841420756677e-06,8.702118873596191,3.458650826360099e-05
762,0.6928803136578725,0.03799669338786383,1.9374704541745154,22683.241526367186,2.154968607641089e-06,31.86197280883789,7.532651216024533e-05
763,0.288733607200075,-0.04509838907212083,-2.2995894791731835,29478.956700683593,1.8881785056733578e-06,12.22936725616455,4.970152804162353e-05
764,0.818713886077115,0.010776488825754122,0.5494985704811155,58285.54918701172,1.4006176491172234e-06,13.369058609008789,1.9979721400886774e-05
765,0.9105872284497825,0.00739475771627786,0.37706240500504873,69018.44938183593,1.2978297831391824e-06,13.015719413757324,1.5425250239786692e-05
766,0.4482361826434234,-0.023453491823693474,-1.195905311859147,66079.42521728516,1.3247847392183018e-06,17.915691375732422,2.3488590159104206e-05
767,0.9823006703898494,-0.0084737349100162,-0.43207999330561037,53131.82689111328,1.4468023562684787e-06,54.11317443847656,5.969100311631337e-05
768,0.3101928560213737,-0.019366213577797546,-0.9874929440097134,52714.84304345703,1.4507352331290774e-06,15.322649955749512,2.247236443508882e-05
769,0.8037712083641573,-0.015360169418063176,-0.7832227429589356,37627.512118164064,1.6656164884763227e-06,21.1070499420166,3.3894641092047095e-05
770,0.9292184811852605,0.01539010973721079,0.7847494148496951,34977.414845703126,1.7212312976585868e-06,28.52916145324707,4.649459879146889e-05
771,0.9196880202816462,-0.00924060566533011,-0.47118311776500754,38045.63499951172,1.6718325747417406e-06,19.438976287841797,2.7065476388088427e-05
772,0.9986113496473614,0.0007187701674901601,0.036650451360039894,22003.709511474608,2.199088778506078e-06,14.319868087768555,2.764103192021139e-05
773,0.6111170293799244,-0.03139677317346192,-1.600937212063583,28141.890501953127,1.96055135779276e-06,12.254372596740723,4.08655650971923e-05
774,0.6676558015779878,-0.023570599310485194,-1.2018766813492627,53221.581294921874,1.472314925789208e-06,18.069272994995117,3.141039996990003e-05
775,0.6790840567219134,0.021011731731420794,1.0713987400196145,72623.37279101563,1.2660535205063076e-06,14.87138843536377,2.4750099328230135e-05
776,0.5329086075533881,-0.018376870649708044,-0.9370458518732137,60316.71831591797,1.3930987707999538e-06,16.177995681762695,1.655220148677472e-05
777,0.8844034213364477,0.03226105600140912,1.6450074269663602,60496.09228320313,1.3808376564895806e-06,41.124385833740234,6.904875772306696e-05
778,0.3516849324082749,-0.044028309881054974,-2.245025604491939,61593.63371777344,1.365273416280301e-06,19.366287231445312,5.682256960426457e-05
779,0.8268263298074795,-0.007511393654524924,-0.3830097299983542,30197.688311035155,1.854546276957218e-06,10.824689865112305,1.625957702344749e-05
780,0.9459648641748823,-0.003254946235891165,-0.16597134117938644,29487.714176757814,1.881388731437557e-06,7.840145111083984,1.2149652320658788e-05
781,0.9082592869200558,0.007494463716397608,0.3821464639615481,28213.74665185547,1.9062729810923304e-06,10.298575401306152,2.0438084902707487e-05
782,0.9827225800091719,-0.006544676644024096,-0.3337163447483761,22785.270322265624,2.1551922333471232e-06,19.51469612121582,3.7687146686948836e-05
783,0.9549702425518899,0.007849264371122294,0.4002379273063667,54887.93332080078,1.427732189572506e-06,19.628704071044922,2.5393583200639114e-05
784,0.8457904736012556,0.01951092841677638,0.9948720262351073,64566.10991601562,1.3493124023871119e-06,29.448856353759766,3.812776776612736e-05
785,0.9728729331284441,-0.010972678404736608,-0.559502375517922,35069.93338769531,1.8188679401548025e-06,40.96714401245117,6.367440073518082e-05
786,0.2542309383276121,0.043394985717880176,2.212732087749825,63440.481390625,1.32842583021876e-06,21.035587310791016,3.9600414311280474e-05
787,-0.15204743719945332,-0.023957896572565116,-1.2216251630027268,45143.97341699219,1.584285108413021e-06,9.875555038452148,2.617960490169935e-05
788,0.8567187936707318,-0.009574337277455556,-0.4882002600599106,20833.770295410155,2.218131451695293e-06,12.32906436920166,1.8080621885019355e-05
789,0.8190725511528479,0.00786166884286423,0.40087043754230534,20133.99850341797,2.2565411460117207e-06,5.480801582336426,1.525346397102112e-05
790,0.9097743858632505,0.004994828906912474,0.2546888312626345,37036.10287011719,1.6916528406020937e-06,6.526856899261475,1.092602815333521e-05
791,0.5906858084189012,-0.01085549732830141,-0.5535272536549738,27020.948261230467,2.0224290942647577e-06,5.563314437866211,1.2627114301722031e-05
792,0.9807938339357442,-0.002404595611083977,-0.12261153630281296,26896.610125,1.969441835895199e-06,7.46006441116333,1.291798434976954e-05
793,0.2626502474555677,-0.05717841790213633,-2.9155562082993245,47562.21272753906,1.557473131712126e-06,10.680418968200684,4.578311927616596e-05
794,0.3963111220621258,-0.021996997455772646,-1.1216379334924935,65571.506921875,1.359390316631078e-06,11.77585220336914,2.029947063419968e-05
795,0.3097016021073206,0.084682082211322,4.317981846673465,60898.17498632812,1.4077212122563877e-06,32.79710388183594,8.785477984929457e-05
796,0.9312479318612807,0.005780143898270865,0.29473243656917336,42467.407328613284,1.5933498143628623e-06,13.290867805480957,1.833333408285398e-05
797,0.7876539841355438,0.008309689250717973,0.4237152228562057,24650.492548828126,2.072671485728225e-06,3.859208106994629,1.7415901311323978e-05
798,0.7796816794589502,-0.004462779496597639,-0.22755936496609572,19925.565078613283,2.302972371086131e-06,4.01888370513916,8.568196790292859e-06
799,0.9490615044033033,-0.0017331468267453012,-0.0883740260050592,19559.850229736327,2.342303653853601e-06,2.536349058151245,5.308890649757814e-06
800,0.9717292910016921,0.0017082785851946372,0.08710598189501366,19245.358098632812,2.360108570332118e-06,2.989278793334961,6.655382549070055e-06
801,0.9158779867817056,0.0028944352413326087,0.14758870474225458,19617.543454101564,2.3327567802185703e-06,2.76558780670166,7.113862011465244e-06
802,0.8394579542440391,0.005735229082969007,0.29244220760862255,25428.87980419922,2.0578011533371516e-06,3.5802156925201416,1.007399259833619e-05
803,0.6289419579178281,-0.007246384681794335,-0.36949678955599846,28947.16164550781,1.929367235730471e-06,5.299753189086914,8.043540219659917e-06
804,0.9838096721967857,0.0030729875829715167,0.15669317820045164,50087.02116992188,1.4950363489453496e-06,12.606550216674805,1.510318907094188e-05
805,0.9292696562489513,0.007761850275231724,0.39578063871186897,40617.94156640625,1.6479755629737751e-06,17.601654052734375,2.3783049982739612e-05
806,0.9783308659721764,0.008497819319411532,0.43330806942090205,34623.86096923828,1.774238759450476e-06,32.49784469604492,5.5621188948862255e-05
807,0.22917063961028442,-0.009564019533891657,-0.48767415314042817,53162.648030273434,1.4683280699852438e-06,1.9863108396530151,9.634110938350204e-06
808,0.9212179661165422,0.010688544318168241,0.5450142359282306,18023.16267919922,2.383345982582703e-06,6.157562732696533,2.6131941922358237e-05
809,0.7087352824600587,-0.0039433978832430815,-0.20107583599045717,20605.42165649414,2.2416714910601826e-06,2.422630786895752,5.1233091653557494e-06
810,0.9767459905145336,-0.0009552822062304172,-0.048710318844777056,21932.697739990235,2.1614225305215753e-06,1.6365115642547607,3.082485363847809e-06
811,0.8365772965077397,0.0029706206787806144,0.1514734384107116,19286.054081054688,2.3349151151211873e-06,1.832959532737732,4.110909685550723e-06
812,0.5799941413212232,-0.0038476104988929708,-0.19619158921754523,20442.685595703126,2.286615621415694e-06,2.101796865463257,5.099275313114049e-06
813,0.41374389732264394,-0.007531448583819137,-0.384032340902189,21265.34080102539,2.242851484641103e-06,3.402561664581299,9.271397175325546e-06
814,0.16084962419913176,-0.01191060046855971,-0.6073274919938745,25532.923767333985,2.0406625066894704e-06,5.203289985656738,1.0274572559865192e-05
815,0.46463813937909476,0.02743105859346121,1.3987234365118775,44651.73075927734,1.6097550585873568e-06,11.533336639404297,3.089827805524692e-05
816,0.8221982784942607,-0.017480745516665508,-0.8913519818622071,61221.624041015624,1.3775724141309835e-06,18.08245849609375,2.3001850422588177e-05
817,0.9689522787233905,-0.011737833628275705,-0.5985180241516476,51864.43298925781,1.4753162121075112e-06,34.473663330078125,4.0892682591220364e-05
818,0.9070277082977244,-0.019923418813571982,-1.0159051184640604,41813.10680517578,1.6212146057282594e-06,27.38066864013672,4.525481563177891e-05
819,0.8633431502090745,0.02552042418356334,1.3012992296179,71573.20480029297,1.2686513376121162e-06,19.478229522705078,4.230820559314452e-05
820,0.595580762116477,-0.014635471643055058,-0.7462700399183941,34041.176238769534,1.787591425572174e-06,8.331486701965332,2.2723650545231067e-05
821,0.8619044699317608,0.008917391829474743,0.4547022821576071,19455.59091503906,2.32579292787999e-06,7.32305383682251,2.226163269369863e-05
822,0.8146888757189961,0.007705648064200199,0.3929148597815465,28127.531447509766,1.948969160252879e-06,5.3019022941589355,1.0917929103015922e-05
823,0.880209973842453,-0.0029074535226013493,-0.14825251343383863,25477.55662890625,2.0264037482060147e-06,1.96445631980896,4.225687916914467e-06
824,0.26284469848517944,-0.00839749831420574,-0.42819265104659177,25582.995505371095,2.0219428371295507e-06,1.2213870286941528,6.172556368255755e-06
825,0.8723218994604738,-0.0042238495154687085,-0.215376205386172,26736.825471435546,1.9961552295419776e-06,5.0149126052856445,7.946249752421863e-06
826,0.9947597243386677,0.0009503995471949391,0.048461349611520876,51684.96524902344,1.4655465438169255e-06,11.793535232543945,1.2714652257272974e-05
827,0.9135313696230484,0.005239971704490775,0.2671887854695271,58004.551945800784,1.3874674399212504e-06,7.651273250579834,1.0790012311190367e-05
828,0.9632431400481358,-0.006831751445328348,-0.34835443285744977,57031.034685546874,1.4483309202889048e-06,25.37697410583496,2.6280124075128697e-05
829,0.9993474452409122,0.002012451710052934,0.10261592209826087,44586.32732080078,1.5898559239821272e-06,108.8391342163086,0.0001399322645738721
830,0.8252297812920689,0.00859157945934217,0.4380889459840427,44017.102979492185,1.6071773894313705e-06,6.121995449066162,1.7013064280035906e-05
831,0.7479578316474326,-0.008325580980736684,-0.424525550140811,18491.343064453125,2.366092026328823e-06,8.5320463180542,1.571197935845703e-05
832,0.925983888305041,0.004590377878586293,0.23406567046431184,28397.976063476563,1.9234868909875942e-06,5.560567378997803,1.21565326480777e-05
833,0.9917368725967426,0.0010572978720559743,0.05391214881409454,25931.466872314453,2.0269074762691257e-06,5.573466777801514,1.0268767255183775e-05
834,0.9898084497666594,0.0015100512864489413,0.07699827250540452,28724.633834228516,1.9513708128434115e-06,5.631550312042236,9.848363333730958e-06
835,0.998683596090879,0.0005120156191562067,0.026107933236839805,36453.01301123047,1.7428224611352433e-06,5.530449867248535,8.763875484874006e-06
836,0.7393585137759194,0.016807623707217743,0.8570291631749872,50103.91188696289,1.545590738862703e-06,3.856599807739258,1.6486026652273722e-05
837,0.7742012334201571,0.01779984643492915,0.9076230977386543,40379.51503149414,1.6742179460918572e-06,17.86329460144043,2.1126936189830303e-05
838,0.7092800916774226,0.03283635499389833,1.6743422111510344,46727.86318286133,1.5543479142541862e-06,28.09757423400879,3.3835523936431855e-05
839,-0.19044430868758366,-0.015506283881604382,-0.7906731927427862,50548.04827832031,1.5051137996767018e-06,3.478353977203369,1.4156986253510695e-05
840,0.8267261729515382,-0.004075097652826328,-0.20779127329928967,21536.131314941405,2.2072392317468073e-06,4.712305068969727,7.7349677667371e-06
841,0.9120767650182819,-0.003217933200228017,-0.1640840279259768,26546.921551757812,1.990610716112391e-06,4.159858703613281,7.695803105889354e-06
842,0.9741957526046289,0.0021283383329283633,0.1085250391249262,23232.325174316407,2.1343734957420897e-06,4.632187366485596,9.20272486837348e-06
843,0.7793344217175364,-0.004535737663505719,-0.2312795384909922,25493.742135498047,2.0585328097958067e-06,2.9244840145111084,6.103010491642635e-06
844,0.6560799104923113,0.005519483937209884,0.281441254413222,38892.28875585937,1.6756775222362859e-06,2.3095555305480957,6.683239007543307e-06
845,0.7062066524491922,-0.007911126994924874,-0.4033923335230271,46117.04170874023,1.5548008514570064e-06,5.825070858001709,8.56368296808796e-06
846,0.7909150048379014,-0.009573524781495032,-0.4881588304833529,53805.394423828126,1.452625329240077e-06,8.296527862548828,1.1949126019317191e-05
847,0.9227828424314756,-0.009268356901935192,-0.4725981672389264,71234.56779101562,1.278969902698819e-06,21.731233596801758,2.1617355741909705e-05
848,0.48532123297306057,0.058922667903257064,3.0044963907349023,32923.247451171876,1.8196500371908808e-06,30.60968017578125,8.496947702951729e-05
849,0.8935216190193916,0.002710962492980844,0.13823333727779838,48600.735934570315,1.5287968993603672e-06,5.465197563171387,7.402846676995978e-06
850,0.8370266460725861,-0.0028173194214790023,-0.14365653040827614,21141.59508300781,2.2098923321400636e-06,4.081338405609131,6.0282222875684965e-06
851,0.981226149398954,-0.0011760791055207163,-0.059968863486583604,27578.293730712892,1.978241609898397e-06,3.4102795124053955,5.831690941704437e-06
852,0.612092294548052,-0.006197568272289126,-0.3160171147714874,25697.519234375,2.0433644904431934e-06,1.8410032987594604,5.507573860086268e-06
853,0.7711692473832817,0.006582837091181212,0.33566216508938007,22834.64131347656,2.1382758212148687e-06,2.2661054134368896,6.7352611949900165e-06
854,0.9036681754143777,0.006465615927320856,0.3296849991485162,18759.980466308592,2.3477129286446423e-06,2.3722758293151855,1.1351530702086166e-05
855,0.9993583180729898,-0.00028760475981816835,-0.014665110959514104,34174.77600585938,1.8095939650878443e-06,3.2731378078460693,5.10783274876303e-06
856,0.9987996879544708,0.00018766128563719463,0.009568943081520858,48861.563235595706,1.5202308812557914e-06,6.119643211364746,8.099768820102327e-06
857,0.0365406639731166,0.04257119590901405,2.1707266322004224,26035.93765136719,2.0820410346932047e-06,18.81890106201172,4.59407820017077e-05
858,0.20568660932794616,-0.05613413009034371,-2.862307448983626,53643.96042822266,1.4706697380262606e-06,14.99095344543457,4.620278923539445e-05
859,0.9881011138252944,-0.0029756871521940858,-0.151731780431299,37455.59061767578,1.6981765955840356e-06,15.01624870300293,2.166723606933374e-05
860,0.9986022597577532,-0.0003011513602352722,-0.015355858909466768,23767.879221191408,2.095187743628542e-06,8.935429573059082,1.648870420467574e-05
861,0.907837720899743,-0.0033823987199978647,-0.17247020727142245,25060.7008125,2.0886377356712304e-06,3.4613234996795654,6.9329589678091e-06
862,0.5795372015112111,0.016247372963534405,0.828461696744804,22453.57373461914,2.1974570845868417e-06,5.508625507354736,1.747607166180387e-05
863,0.7045062142069273,0.00503801661110981,0.2568909939616837,23546.003060791016,2.1243275739843943e-06,2.821502208709717,5.8395276028022636e-06
864,0.8819617457197811,0.011791407689927112,0.6012497924268544,27087.116898925782,1.97901323774086e-06,11.437570571899414,2.2221638573682867e-05
865,0.6964079544760572,0.01225984369864474,0.625135579468832,32932.50475585937,1.811991691835605e-06,5.5530290603637695,1.828668791858945e-05
866,0.9903292221841407,0.0007752994948465246,0.03953291011584041,58140.80658203125,1.4204261169359056e-06,7.127133369445801,7.605147402500734e-06
867,0.9949286659008737,-0.0006642338100978646,-0.03386961514233831,52432.78760546875,1.4878672312705368e-06,19.148448944091797,2.132292320311535e-05
868,0.4334066322792331,-0.04656208816500773,-2.3742242300795926,33769.81940380859,1.8375369020607573e-06,18.066211700439453,6.503707845695317e-05
869,0.9320385536542457,-0.016128756645997853,-0.8224133912182116,76246.56958496093,1.2698952097636963e-06,50.880096435546875,4.918151535093784e-05
870,0.8073025982137485,0.0078899052372237,0.4023102254534651,41077.54437011719,1.6243955649084753e-06,8.939886093139648,1.530343433842063e-05
871,0.9123803170267398,-0.0028861037639543057,-0.14716387853184437,15072.268194335937,2.5798484685859053e-06,3.7696681022644043,8.190894732251763e-06
872,0.9964260382148954,-0.00030943062981958616,-0.015778023018275182,24827.889357421875,2.0635276396834533e-06,3.724822759628296,6.81330948282266e-06
873,0.864654786811542,0.0046989971130731775,0.23960421971187898,20251.220684082033,2.279728943551517e-06,3.3473799228668213,8.180250915756915e-06
874,0.9988122476042134,-0.000616561438131372,-0.03143877698432643,42698.003631835934,1.6162320412250947e-06,6.451133728027344,9.098692316911183e-06
875,0.914889727180361,0.004250047405182709,0.2167120489229891,48351.8038046875,1.5372640538037284e-06,4.291446685791016,7.420934252877487e-06
876,0.9699868528082047,-0.0034165986367432678,-0.1742140781802161,41668.869171386716,1.641544936541652e-06,8.523785591125488,1.1678652299451642e-05
877,0.3718043113862471,-0.0390004882576921,-1.9886544580690593,43851.64793212891,1.6145547922738981e-06,12.840858459472656,3.2489580917172134e-05
878,0.5397752050436673,0.07792643270120808,3.973507889663699,54852.8375078125,1.4253998760515743e-06,25.689743041992188,9.004538878798485e-05
879,0.8863568013840968,0.006350623355133365,0.32382147021486546,21678.98936376953,2.216787757601359e-06,5.766302108764648,1.8194237782154232e-05
880,0.5729236551128702,-0.008338528925762754,-0.4251857723521021,22512.247409179687,2.131998915646632e-06,3.3307180404663086,9.233696800947655e-06
881,0.44128522572209616,-0.005794820234250652,-0.29548079030211843,23461.982016357422,2.1206240629107018e-06,2.1624650955200195,3.940447186323581e-06
882,0.03918303894131437,-0.02070487826103337,-1.0557521276534332,20125.718654052733,2.3031059618789207e-06,2.913912773132324,1.5534640624537133e-05
883,0.7751173281947705,0.0025058716900459347,0.1277756543669946,14078.982424072266,2.7146371228376576e-06,1.0880029201507568,4.54907331004506e-06
884,0.5785000867688666,0.012231963681724604,0.6237139634220551,13643.826052246093,2.768784331108884e-06,2.380091667175293,1.8911183360614814e-05
885,0.5277252112814136,0.008927276816079984,0.4552063225827059,15305.460118652343,2.620169664096675e-06,2.442884683609009,1.3462618881021626e-05
886,0.9508324514912075,0.0014393337352453539,0.07339234909912501,19482.7452265625,2.307008264968429e-06,2.2332868576049805,4.864878519583726e-06
887,0.9633174018959612,0.001276096843925108,0.06506881813457827,28985.287849609376,1.9221998414571925e-06,3.311098098754883,5.486856480274582e-06
888,0.3467899090247798,-0.027196714922692676,-1.3867741351976253,44578.10210058594,1.619688169630448e-06,15.38366413116455,2.197597859776579e-05
889,0.7776995389879484,0.024154390062758508,1.2316444646246132,35273.600349121094,1.7691995040667602e-06,15.170173645019531,3.6781271774088964e-05
890,0.975728348484976,0.010498728390341647,0.5353354265607497,41006.228896484376,1.6634564554467861e-06,52.903419494628906,6.591538112843409e-05
891,0.1567801772586903,0.03815953960399715,1.9457740644153263,61212.64339453125,1.3673975487610962e-06,10.83481502532959,3.4508520911913365e-05
892,0.8740202868995334,0.004110226289423517,0.20958250009915183,22541.43488769531,2.1272076020031175e-06,4.439884185791016,8.736851668800227e-06
893,0.6777047499827645,0.004972832812376996,0.2535672393695007,19630.736419677734,2.335955165702621e-06,2.3562591075897217,6.0095699154771864e-06
894,0.9420323226424034,-0.0020081289772508597,-0.10239550378449294,17326.22612890625,2.4763436742086036e-06,2.2790443897247314,5.333165972842835e-06
895,0.7557740059086795,0.010562222882303506,0.5385730425533618,14722.706852294921,2.6623379832060227e-06,1.5634453296661377,1.2891352525912225e-05
896,0.7728492087738614,0.003562966493874975,0.1816774486303431,12514.097974853516,2.8974822859952635e-06,1.2668324708938599,7.355840352829546e-06
897,-0.2062857984990973,-0.008416249825162939,-0.42914879999565564,12054.567233154297,2.905422307957206e-06,2.1106514930725098,1.0720967111410573e-05
898,-0.16687532218116344,0.008636658297154733,0.44038753853468454,12612.659776367187,2.8711171533720264e-06,2.326612710952759,9.589179171598516e-06
899,-0.26036548215881417,-0.004229363892393247,-0.21565738623144756,13277.73435546875,2.7741705588968806e-06,0.8869235515594482,5.5201080613187514e-06
900,0.7254528029601492,-0.0031644478678801557,-0.1613567840024626,20193.680506347657,2.304231802410713e-06,2.739060640335083,5.660032911691815e-06
901,0.18542246860692155,-0.006068815042194154,-0.30945192298908303,21979.28073388672,2.2061368268317376e-06,1.5972380638122559,7.516099230997497e-06
902,0.7277993271586721,0.007724752118309466,0.3938889850827623,53013.59341845703,1.4525954532335662e-06,2.384885549545288,7.79717811383307e-06
903,0.9873301723012001,-0.011559268381566642,-0.5894128926574503,60476.97166601563,1.3890746038389307e-06,40.44587326049805,4.2851967009482905e-05
904,0.9974037590742869,-0.004976182863876594,-0.2537380601757792,36149.025312988284,1.7722367184981868e-06,33.035125732421875,4.774254193762317e-05
905,0.5181425469268426,0.03066755500410149,1.563754011847684,62616.20338671875,1.3920695151537941e-06,10.255078315734863,2.7794019842986017e-05
906,0.5978832466460312,-0.006973626421855269,-0.35558870907200607,25053.089408203126,2.0443845905968966e-06,4.021859169006348,1.0088313501910307e-05
907,0.9528297336621412,-0.001963023793046256,-0.10009556781810616,21883.85040234375,2.196615758653051e-06,3.772286891937256,7.216253834485542e-06
908,0.7612977491781696,0.009526293005943666,0.4857504585575422,28517.141961425783,1.956655488027024e-06,4.730361461639404,1.2709940165223088e-05
909,0.8679872138092695,0.002732301478647098,0.13932142286009871,29127.3296105957,1.942434172993517e-06,2.490285873413086,4.655594693758758e-06
910,0.9462056036992754,0.0012018165665216177,0.06128122953237859,25239.273975830078,2.0391606863602768e-06,1.926159381866455,3.5304465200169943e-06
911,0.543013745451713,0.009447496837923803,0.4817326024277395,44318.172749511716,1.605843011328329e-06,5.123441696166992,1.0244920304103289e-05
912,0.17325431940111383,-0.05052747652468528,-2.576421371493395,48324.54253320312,1.5420292313593174e-06,20.748254776000977,3.833531081909314e-05
913,0.7152835520601676,-0.05833143649900928,-2.9743492048833016,61508.65422949219,1.3789950551421887e-06,27.89969253540039,6.110905815148726e-05
914,0.8876158634262895,-0.036425551935327136,-1.857357163458778,43698.16256054687,1.6024093571277839e-06,34.42574691772461,6.528582161990926e-05
915,0.8080859180609619,-0.02468084682517191,-1.2584887589995053,31411.52476171875,1.8529972530620877e-06,21.459877014160156,4.850887125940062e-05
916,0.7007806418962547,-0.1493152759584425,-7.61366081446438,39048.33861279297,1.674414670733668e-06,55.02198028564453,0.00023563118884339929
917,0.7562883993946694,0.01960965726214116,0.9999062595805308,37016.72249609375,1.7325977933020726e-06,14.924498558044434,3.1482140911975875e-05
918,0.8657596917517703,0.01961498145889722,1.0001777430436254,28483.300396728515,1.93640967093239e-06,12.984989166259766,2.8873031624243595e-05
919,0.955898017352364,0.005017466505050853,0.25584313374624457,21742.475313232422,2.243884764714177e-06,5.657609462738037,1.3386135833570734e-05
920,0.2569101388386031,-0.023698619521604906,-1.2084044961264522,19697.66453588867,2.2712447405404062e-06,5.250700950622559,3.1977473554434255e-05
921,0.8666077321779395,0.015580249612403303,0.7944447424558491,15137.254869140625,2.583579915011815e-06,6.29782772064209,3.71165297110565e-05
922,0.6240243482805168,0.010593166310461108,0.5401508634756786,16400.546927001953,2.479965823653412e-06,4.1909942626953125,2.031333679042291e-05
923,0.8604814790974334,0.0070734750777804774,0.360680042119579,22051.99896435547,2.16570650826535e-06,10.55647087097168,2.0208372006891295e-05
924,0.930211666600096,-0.002793773894193589,-0.14245593216206087,23635.82118798828,2.11122276270158e-06,5.146653652191162,1.1396303307265043e-05
925,0.6065191983958657,0.012543917901373547,0.6396206655515079,30796.225658691405,1.9041993325956954e-06,8.61127758026123,2.0501811377471313e-05
926,-0.056361324701099745,-0.03517652819719949,-1.7936688165681016,40755.872204101564,1.7223190962731176e-06,14.077802658081055,3.2179643312701955e-05
927,0.9421910338440667,0.020634998777175412,1.0521889377214642,52472.75801611328,1.4983809369516851e-06,24.50803565979004,5.248485103948042e-05
928,0.9219621990455292,0.023818639630117232,1.214524381659011,76454.89311425781,1.2249248804180317e-06,70.38516998291016,8.458086813334376e-05
929,0.5812280204915923,0.012685812392265874,0.6468559368133442,38838.246394042966,1.65991223776352e-06,8.081793785095215,2.1347441361285746e-05
930,0.9989803304271583,-0.00022221716055066264,-0.0113309644758451,24706.96483984375,2.0340569163283944e-06,21.569772720336914,3.753374039661139e-05
931,0.9941657303569954,0.0025888204120524,0.13200525130740604,21357.236658203125,2.2011722346813525e-06,17.315929412841797,3.253908289480023e-05
932,0.7426113753403497,0.026924415648768584,1.3728894586407538,29298.049692871093,1.9016820719627245e-06,11.586332321166992,5.303050056681968e-05
933,0.7008857027149101,0.020640021266053667,1.0524450369485387,27971.29701635742,1.961075270208463e-06,7.399809837341309,3.1909748940961435e-05
934,-0.04347894017857224,-0.015354589414578824,-0.7829382157824584,32616.289887207033,1.8199185874138293e-06,6.674054145812988,1.7129497791756876e-05
935,-0.029586781961268575,-0.03561634914478493,-1.816095507290248,56254.050473632815,1.4754257601391257e-06,26.289379119873047,2.9537501177401282e-05
936,0.8219520838074785,0.05665345986281899,2.888788334566829,45331.49158691406,1.5769872384022439e-06,62.48767852783203,0.00011083640856668353
937,0.9937806083932543,-0.008766102832696519,-0.44698798032856596,62369.794436523436,1.3581371387575954e-06,60.22380447387695,6.766023579984903e-05
938,0.6166505884690587,0.045348111480621074,2.3123229500380202,58460.643794921874,1.4104574586437568e-06,23.174470901489258,6.323740672087297e-05
939,0.9691096931694706,0.004218218923080304,0.21508909865610282,28220.00974121094,1.9039861077282016e-06,12.995759010314941,2.4550265152356587e-05
940,0.9509548794850039,0.004407700977705784,0.224750883661595,23446.523862548827,2.1047111903699138e-06,6.924995422363281,1.4473424926109146e-05
941,0.993186137322012,0.0009146589850448446,0.0466389204207873,26119.11158642578,1.9971883844241766e-06,7.77752685546875,1.3393615517998114e-05
942,0.8275555789353596,0.004354576059219337,0.22204201742165014,29328.327279296875,1.9097481801571818e-06,3.051456928253174,6.964160547795473e-06
943,0.9831998469097383,0.0022424989058042596,0.11434614399636565,44333.75656201172,1.6359685860198444e-06,8.641054153442383,1.1347035979270004e-05
944,0.6317898201471704,0.03398214986787653,1.7327668664813436,54664.89850390625,1.4608183333948933e-06,30.14558219909668,3.666936754598282e-05
945,0.8936899979755007,-0.01728816762310538,-0.8815323384766308,31273.167746582032,1.8827279054983793e-06,21.455421447753906,3.229162757634185e-05
946,0.40407401462455544,0.048732640226963865,2.484901768421147,73156.28571777344,1.3024640108071308e-06,11.55191707611084,4.239146437612362e-05
947,0.9765021265384869,0.0016039490861163798,0.0817861684075718,21738.97551171875,2.1950636360877274e-06,4.993645191192627,8.755504495638888e-06
948,0.721550704161882,0.0059809131064317836,0.30496975919483205,21474.888158691407,2.216155605516912e-06,3.4615938663482666,8.136056749208365e-06
949,0.9787166205266563,-0.0009774774079127698,-0.049842063311197844,16936.740526123045,2.50984577322452e-06,1.7302404642105103,3.802570745392586e-06
950,0.9492284357813665,0.0013244652085394578,0.0675351453067994,15839.103025878907,2.5665414429600006e-06,1.642672061920166,3.7324348340916913e-06
951,0.9752273616736423,-0.00038993166672492797,-0.019882811267673967,15210.457942626954,2.619385575807223e-06,0.7904778718948364,1.7384595594194252e-06
952,-0.6931259672235852,-0.010760531227316352,-0.5486848845327841,14580.217997070313,2.6599110058014064e-06,2.561910629272461,9.220019819622394e-06
953,0.995388691654213,-1.81828831266162e-05,-0.0009271543307707746,14867.913623291015,2.6579980929189203e-06,0.8830648064613342,1.9223964500270085e-06
954,-0.47511627040384713,-0.015855612042801653,-0.8084856108977565,24424.600693359374,2.0601960144148377e-06,4.095430850982666,1.5199325389403384e-05
955,0.6247836540790195,0.0020442708605707036,0.10423839654296611,44260.85859741211,1.5699189774835894e-06,1.3175114393234253,2.1811804344906705e-06
956,0.5131800543800022,0.017500156498918416,0.8923417575834156,70237.27268896485,1.282839829554016e-06,7.2563371658325195,1.3576654964708723e-05
957,0.537649589582971,0.025042461679283975,1.2769276817889432,49904.01064306641,1.5384997703222376e-06,8.031641006469727,2.4671766368555836e-05
958,0.912544845984163,-0.01912208610549513,-0.9750447617479038,33895.62065185547,1.7770088233254131e-06,35.11994171142578,5.678035449818708e-05
959,0.5511173132498258,-0.009929024413803696,-0.5062859350457707,80971.02421972656,1.2055657476122222e-06,4.579854488372803,9.543089618091471e-06
960,0.9833058846863412,0.0012449050098524647,0.0634783308700585,29334.73947216797,1.8969021814490107e-06,7.119653701782227,1.2333320228208322e-05
961,0.9968365351672307,0.0006268319560184144,0.03196247584285845,43959.634179199216,1.5484918752761054e-06,6.612098217010498,9.480422704655211e-06
962,0.9015244889531414,0.010103595772144964,0.5151874161688453,32457.31171142578,1.8304851388495526e-06,11.276749610900879,2.0943472918588668e-05
963,0.9989089108037704,0.00011662106199539534,0.005946566445771342,29647.763264404297,1.880372506429483e-06,7.069873332977295,1.1836597877845634e-05
964,0.816372536317187,0.011886724931341883,0.6061100663756795,45056.25627880859,1.6010155175545426e-06,8.51791763305664,1.817832890083082e-05
965,0.7769481745761243,0.010218279880734269,0.5210352163889057,46442.75645605469,1.5607170876187705e-06,9.516955375671387,1.5264286048477516e-05
966,0.830615682437726,-0.022916320697232446,-1.1685146866873708,49307.64263476562,1.515360127232984e-06,24.718244552612305,3.2224663300439715e-05
967,0.5562781850821019,0.03220853160273552,1.6423291815328807,62737.83025976562,1.3785333751358133e-06,13.053948402404785,3.7234858609735966e-05
968,0.9777970427762824,-0.002082079612266722,-0.1061662837560059,23599.76139160156,2.165207653401283e-06,8.729132652282715,1.5735349734313786e-05
969,0.6970914638615696,-0.0046054393807905165,-0.23483366401623207,21956.13412084961,2.1735794765323034e-06,2.573970317840576,6.166956609376939e-06
970,0.7674752088140617,0.005399702791262412,0.27533355370170387,19883.83427282715,2.325523859248095e-06,2.7133660316467285,7.025140803307295e-06
971,0.9152476616743332,-0.0064467852570178966,-0.3287248138247076,20299.429294189453,2.27890503723805e-06,5.918472766876221,1.346396493318025e-05
972,0.798886322280748,-0.0030574351238071705,-0.15590015050688136,19241.43010595703,2.3447878165300756e-06,2.2724504470825195,4.785970304510556e-06
973,0.021634147847716504,-0.013648691695898336,-0.6959536354651927,13823.983386474609,2.7288712262438966e-06,2.943716526031494,2.1096284399391152e-05
974,0.30595411550866375,-0.012022910008418194,-0.6130542117633176,21999.025690429688,2.1857049857364603e-06,3.526318073272705,1.432538829249097e-05
975,0.8386962592414873,0.017921106761393645,0.9138062226066604,53358.67098242188,1.4647534658595186e-06,20.06394386291504,2.853879050235264e-05
976,0.5178926247865543,-0.029230192570519554,-1.4904621804091394,59771.579587402346,1.3877346117174712e-06,10.492033958435059,2.544393100833986e-05
977,0.9940781192458872,0.003006116910676044,0.15328340907920898,46140.174637207034,1.5571102886655745e-06,30.935447692871094,3.924463453586213e-05
978,0.4413697056742596,0.039817841711187255,2.030331720629758,50158.44290283203,1.5053877050721342e-06,12.404317855834961,3.971175101469271e-05
979,0.7095076685860396,0.006139527740143953,0.31305759892551754,20817.26505908203,2.255054449925324e-06,3.8617305755615234,1.0178599950450007e-05
980,0.47682276179328403,0.006050096047912611,0.30849743208162067,20408.72221484375,2.2785529835193315e-06,2.090132236480713,5.321044682204956e-06
981,0.44947065483280646,0.005272221795245284,0.2688332337730542,14727.190888671876,2.699242135251215e-06,1.3655023574829102,5.517269528354518e-06
982,0.3871688246952201,0.0072238636673416096,0.3683484317329956,15013.491866455079,2.6561755883070465e-06,1.4842506647109985,7.31753743821173e-06
983,0.6249069117321684,-0.002524120086171487,-0.128706149238441,14196.81451586914,2.745660994398376e-06,1.4466811418533325,3.811249371210579e-06
984,-0.24650511787114193,-0.008083325102413517,-0.41217280139475443,12691.32399560547,2.8283667121801244e-06,2.562983751296997,9.609959306544624e-06
985,0.9231134464833023,0.007022369297671123,0.35807413275823863,13324.674734863282,2.7825761158468916e-06,3.304074764251709,1.619391332496889e-05
986,0.3033494067119475,-0.0040376171175066766,-0.20588012200390715,16160.065882568359,2.5400376944321706e-06,0.8376668095588684,5.873117515875492e-06
987,-0.19646829635953056,-0.0016744643056643808,-0.08538177482124773,21740.752053710938,2.1814174544691305e-06,0.6472336053848267,1.2931586752529256e-06
988,0.9100949632358697,0.0011993615695381332,0.061156048004816825,30827.476032714843,1.8647868437782966e-06,1.2708954811096191,2.730340838752454e-06
989,0.8162366545395296,0.016023990006252747,0.8170712877089066,54446.69223339844,1.452609532289963e-06,8.419624328613281,1.7219881556229666e-05
990,0.9738003091773251,0.003987324270219589,0.20331566449492391,38301.49077685547,1.6930748215305084e-06,16.40769386291504,2.3065120331011713e-05
991,0.5377645780341364,0.030820582199375942,1.5715569452898912,33737.19481347656,1.8159898187858596e-06,19.17918586730957,4.1852123104035854e-05
992,0.9273837823275489,-0.0018181817617003845,-0.09270999999012042,61392.56424169922,1.4030492041130134e-06,4.51235294342041,4.839214852836449e-06
993,0.4381007767383879,0.005877372472887718,0.29969017035665674,21263.062545898436,2.2239162512037743e-06,2.291285991668701,7.25667132428498e-06
994,0.9043052171084547,0.005992166066264707,0.3055435532609564,29467.963558105468,1.882013870957774e-06,6.976462364196777,1.2228957530169282e-05
995,0.3833450546068953,-0.015518619113296392,-0.7913021723938498,26871.58264038086,1.996001544349815e-06,5.1381940841674805,1.7229745935765095e-05
996,0.20952581928811032,0.009444925098104484,0.48160146812442295,17308.582376464845,2.4771716864043707e-06,1.897141933441162,7.7213735494297e-06
997,0.8835945779192513,0.0005645841389223057,0.028788428426956444,17079.611118896486,2.4977372946836126e-06,0.5515709519386292,1.493273202868295e-06
998,0.37909713644697524,-0.0021264416845059387,-0.10842832807054856,16733.359135986328,2.5215447273579723e-06,1.033800721168518,2.5371800802531652e-06
999,0.560827535934214,-0.002535010988442386,-0.12926148180787744,21005.895486328125,2.2428779926247003e-06,0.6955077052116394,3.061572442675242e-06
