state_idx,cos_sim,mean_A,mean_safe_delta,mean_sigma_i,mean_alpha_i,v_unbiased_norm,v_intentional_norm
0,0.1808769390948109,-0.05531069654004823,-3.6207128281871563,35607.34446533203,1.3649422642706112e-06,45.830833435058594,9.134702122537419e-05
1,0.9977494067909857,0.0019419651048572853,0.12712365612603543,51814.29329736328,1.1440004733912993e-06,62.907527923583984,6.560268229804933e-05
2,0.9304465193466793,0.021243828858190893,1.3906497021054727,56810.55133496094,1.0944273544476694e-06,71.1269302368164,7.81424023443833e-05
3,0.97544844019238,0.01716792108969868,1.1238352798137197,52275.30727246094,1.1276924225095217e-06,108.59715270996094,0.00011256877769483253
4,0.9635296952578596,-0.00835321348689347,-0.5468126261379167,59508.340658203124,1.046868958120039e-06,45.91099548339844,4.637627353076823e-05
5,0.8766958221304696,-0.015346424472169,-1.0045976534205325,61608.646765625,1.0356283256809768e-06,52.795562744140625,4.8420428356621414e-05
6,0.8701629987421975,-0.011977096100532353,-0.7840368718594707,53648.780560546875,1.1123730957127088e-06,37.88749694824219,3.7617148336721584e-05
7,0.8430038173874231,0.022652004528642983,1.4828307815944146,61666.763835449216,1.0519793227447908e-06,47.23799133300781,6.275568739511073e-05
8,0.6235509977354143,0.03770194938226,2.4680204791341174,58990.42784765625,1.077099904706742e-06,20.396907806396484,7.64957585488446e-05
9,0.7644054746533183,-0.015402570291128789,-1.008273034489176,57762.47479980469,1.078051366677745e-06,36.92512893676758,3.3130978408735245e-05
10,0.48169220109009786,-0.01457907437604086,-0.9543658807154082,61529.71040234375,1.0517611050047943e-06,21.559223175048828,2.5559982532286085e-05
11,0.982251232267704,0.005188751321866912,0.3396626628947568,66455.68236132813,1.0026859628535513e-06,47.46356964111328,4.383263876661658e-05
12,0.6703795343969845,0.017463478999457608,1.1431828993932613,68948.791703125,9.954784805781386e-07,32.43047332763672,4.648328467737883e-05
13,0.2319073994961861,-0.032261152152882146,-2.111858551039253,73759.40537109374,9.766166302232483e-07,31.808242797851562,3.460198058746755e-05
14,0.7543385811033015,0.03677278529662021,2.4071961443342316,53475.992390625,1.1319917068108893e-06,45.992515563964844,6.642295920755714e-05
15,0.4477378187155876,0.02486048447456924,1.6274008588347098,22127.11989916992,1.7340233882018818e-06,10.417993545532227,3.2497824577149004e-05
16,0.8092494639450624,0.01581446740251424,1.035236375187782,22196.076181640627,1.7197084973539825e-06,11.548152923583984,2.5620442102081142e-05
17,0.9835855463747883,-0.002578178878974108,-0.16877106824542978,22829.305704589842,1.7093491874601745e-06,10.700934410095215,1.601553231012076e-05
18,0.8443723924884203,-0.010441036184110455,-0.6834843170706171,25780.698693603517,1.6015394630202402e-06,13.842937469482422,1.9367684217286296e-05
19,0.3178677675043542,-0.017831577873457596,-1.1672791483741074,27073.42773095703,1.568692686865197e-06,9.67383098602295,1.7585822206456214e-05
20,0.8561748105241519,0.0026828795231426676,0.17562491368897934,34145.94964208984,1.430984037857826e-06,2.454241991043091,5.339558356354246e-06
21,0.8144089452839842,0.005770389303356973,0.3777374699877595,39510.44388720703,1.3324591536436187e-06,5.717304706573486,9.45450028666528e-06
22,0.959443744747911,0.005512104625661673,0.36082980647319074,56042.11364257812,1.1382807800739681e-06,16.39480209350586,1.876833448477555e-05
23,0.9657634723165218,-0.0034100563039820373,-0.223226886968028,51071.86785351562,1.1895023918024177e-06,15.032711029052734,1.341909319307888e-05
24,0.993780815147468,0.006179219354601137,0.40450003679102453,32243.451609375,1.489410802849835e-06,110.31216430664062,0.00012089152005501091
25,0.9679618575110167,-0.001964032560024166,-0.12856822151765582,32140.35991845703,1.4600565221163047e-06,5.012160301208496,6.737145213264739e-06
26,0.3572571247985733,0.014459643313075657,0.9465477621811562,23002.372802734375,1.7102107772514796e-06,4.904470920562744,1.4226377061277162e-05
27,0.9982402380307376,0.00026909853960208264,0.017615553506512404,22659.965389648438,1.7204139171338912e-06,4.307918071746826,6.2823560256219935e-06
28,0.9584148677026633,-0.0015083373838455283,-0.09873780039941253,18893.43622680664,1.87979312365971e-06,3.3634660243988037,5.188177965465002e-06
29,0.6007069142903426,-0.005944119991113397,-0.38911011522924566,17852.539248779296,1.9339590618989866e-06,4.568871974945068,7.975548214744776e-06
30,0.13400555894288066,-0.02892135559611743,-1.8932309619280283,16084.670712280273,2.0469083451100536e-06,4.889964580535889,3.920042217941955e-05
31,0.7923226512084569,0.03919832177805916,2.5659750352712347,16429.899635253907,2.019410682346096e-06,10.365509033203125,6.325323920464143e-05
32,0.7113619482065187,-0.013187849605542177,-0.863294430009864,18905.042688720703,1.870215946074817e-06,8.470181465148926,2.6569012334221043e-05
33,0.2627060542648932,-0.0054862202021190125,-0.3591353771813217,19998.971036865234,1.8419736422230214e-06,2.9429304599761963,6.246401426324155e-06
34,0.7904532133417109,-0.0025164224810469626,-0.16472841110703082,25215.542728759767,1.6326538773450841e-06,2.968040704727173,4.201966476102825e-06
35,0.4804796594987862,0.02346420573028231,1.535998568185482,34495.94588745117,1.4185836149932723e-06,9.838436126708984,2.6163195798289962e-05
36,0.2997552782043366,-0.01947748842386794,-1.2750226738891832,57288.105247070314,1.151570869673397e-06,7.06630277633667,1.8881957657868043e-05
37,0.9593947645200638,-0.006627727293665696,-0.43385997166978735,44900.09641845703,1.2729852111239505e-06,21.95304298400879,2.142366793123074e-05
38,0.9922911193611496,-0.004749789093814705,-0.31092760313922735,49743.67385595703,1.1704072374583458e-06,58.884342193603516,5.9715923271141946e-05
39,0.6906836581622684,-0.020279602429528587,-1.327530139020476,35883.83156933594,1.3819735837642717e-06,13.99539566040039,2.877703809645027e-05
40,0.777999701800216,-0.00529288019462203,-0.3464790794100711,22259.414126464842,1.7449935822285537e-06,6.131802082061768,8.968700967670884e-06
41,0.9951986497697594,-0.0010494242645935471,-0.068696728385504,21011.934818115235,1.772973986096655e-06,4.941044330596924,7.214935521915322e-06
42,0.6252992106097616,0.03121239271796606,2.043205343301514,20355.206828857423,1.810969100133573e-06,8.451457023620605,3.630645005614497e-05
43,0.52988435602998,0.006086487704517896,0.3984296978504862,20162.225295654298,1.8148895677777157e-06,2.0555169582366943,7.664579243282788e-06
44,0.9612752060568854,0.0011140972705090083,0.07293031061830027,17274.163302978515,1.950232475698445e-06,1.692128300666809,3.3678441013762495e-06
45,0.8070123971365691,0.008964980562333592,0.5868597243751406,20845.22652685547,1.796824525734881e-06,2.228855609893799,1.0352989193052053e-05
46,-0.062366286578047096,-0.027435359570010903,-1.7959556569521937,34335.05309375,1.415658848667271e-06,6.34226131439209,1.6699739717296325e-05
47,0.9832572766230442,-0.00206126984547455,-0.13493350542894017,57408.28152294922,1.136984830050503e-06,9.829545021057129,8.55945108924061e-06
48,0.3571387862851986,0.0302802816327227,1.982188093931088,72622.74623193359,9.964899015384409e-07,11.215957641601562,2.5235163775505498e-05
49,0.9879240141034813,-0.005240503139331987,-0.343050406696575,72483.69020849609,1.0184712547093812e-06,34.90037536621094,2.597506136226002e-05
50,0.7367541498692773,0.05444372328870769,3.563959589316788,33621.56546875,1.431988181911134e-06,37.56109619140625,7.331961387535557e-05
51,0.8998978731729291,0.011419484714202175,0.7475348781055671,32966.29003515625,1.4373924966419456e-06,9.224993705749512,2.1233865481917746e-05
52,0.895936185915453,0.008386775466390125,0.5490096386021315,22371.21224511719,1.7401690260400905e-06,11.787938117980957,1.7345670130453072e-05
53,0.9483084740122514,0.00663018834479858,0.43402107539772905,26400.111123779297,1.5802774745529293e-06,9.91800308227539,1.6649944882374257e-05
54,0.8205646618429767,0.010559793475398049,0.6912583296017089,21508.891334228516,1.7702209186943744e-06,5.988936424255371,1.6768331988714635e-05
55,0.9074777182419911,0.005450726548319603,0.35681191471077206,19558.42219580078,1.8397993560252701e-06,4.325685977935791,1.1475860446807928e-05
56,0.8343265105922926,-0.005215550146088514,-0.3414169500889026,26774.732124023438,1.6182744612926588e-06,6.779030799865723,7.632864253537264e-06
57,0.026474721767016977,-0.03244323495790944,-2.1237779371470973,50618.262877441404,1.2054501091155631e-06,11.848398208618164,2.4316987037309445e-05
58,0.8897215231002024,-0.017027322555456678,-1.1146315100476718,43720.41355908203,1.294504318618738e-06,33.93110656738281,3.768136593862437e-05
59,0.736959603382752,-0.140794774351591,-9.216615908414973,60794.01140185547,1.120661111467396e-06,180.00372314453125,0.00018033536616712809
60,0.612407686032849,0.04464154969098537,2.922296079190982,31913.941466796874,1.453940219336513e-06,22.534324645996094,5.926733501837589e-05
61,0.5941209811608393,0.02209366563343935,1.4462811641280013,24571.809579101562,1.6581619239007589e-06,12.845826148986816,3.250343434046954e-05
62,0.9455097897853889,-0.006007990889451904,-0.39329119041774235,22109.062361083983,1.7351972582683533e-06,12.129777908325195,1.806868749554269e-05
63,0.8721299167603781,0.007187145832311583,0.47048026405273174,24538.6121496582,1.6570049946660888e-06,8.768486022949219,1.600058385520242e-05
64,0.779192366712095,-0.006372671137372256,-0.4171636515225423,36221.295328125,1.371505280471715e-06,9.167803764343262,1.0073629709950183e-05
65,0.16320378218664844,-0.0187715130958582,-1.228808576320231,44433.24868164062,1.27415648491289e-06,10.084487915039062,1.8863256627810188e-05
66,0.9418503508689802,0.005777529661479999,0.3782048874652302,52291.612204589845,1.165933922996246e-06,16.646263122558594,1.5953353795339353e-05
67,0.685891562524948,0.033222558111450494,2.17479348234614,42732.117115234374,1.2917592420418115e-06,40.111427307128906,6.83282341924496e-05
68,0.8934453472772538,0.016755570603630723,1.0968422605966424,37555.77959033203,1.384611053526104e-06,27.44171142578125,3.826247120741755e-05
69,0.9199566059405548,-0.015968234565913883,-1.045302181187385,47082.19363818359,1.214826969733432e-06,28.785860061645508,3.169005867675878e-05
70,0.7317572605169333,-0.004947273593925978,-0.3238552049893195,23959.606251953126,1.6591014316252765e-06,3.2185378074645996,7.899946467659902e-06
71,0.6759555225138711,-0.005143877740041453,-0.3367251776789541,27410.433751464843,1.5589110213845401e-06,2.2549402713775635,4.634273864212446e-06
72,0.2690668208312624,-0.006072151448602125,-0.3974912271938235,23454.740462646485,1.6807130020217645e-06,1.8042947053909302,4.1596213122829795e-06
73,0.8977641225071417,0.005122763481984337,0.3353430098563214,20276.549915527343,1.817448921472346e-06,6.022098541259766,1.0710128663049545e-05
74,0.995269747744193,-0.0003055568134111395,-0.020002161304489285,21235.706236572267,1.7827670406475185e-06,3.054426670074463,4.705701485363534e-06
75,0.45913238660575717,-0.011674473143631488,-0.7642267647609001,19128.660180175782,1.8674306212906658e-06,2.2101633548736572,1.4839216419204604e-05
76,0.3979593931908223,0.0067513847567501305,0.44195475605867524,26896.360428222655,1.5922077985189602e-06,1.799362301826477,8.10715209809132e-06
77,-0.028976534269076197,0.013566441713604839,0.8880775802513434,40088.34798535156,1.3273407092266276e-06,8.653759956359863,1.4393047422345262e-05
78,0.2364957735846673,0.029928232207749823,1.9591424635396453,79257.27296386719,9.921911135630226e-07,14.933868408203125,2.8157963242847472e-05
79,0.7710634979764172,0.017371534555806464,1.1371640920479738,48449.525687011715,1.2438322787595485e-06,18.631961822509766,2.351886905671563e-05
80,0.9960125742766401,-0.003138322667148727,-0.20543883644112973,34730.74580688476,1.4469236772543838e-06,54.879398345947266,6.512401887448505e-05
81,0.9115092580186996,0.0060413766427733,0.3954766668787366,34916.283572265624,1.387793838916094e-06,8.5405912399292,1.2987920854357071e-05
82,0.9155929956124212,0.0022311427466202376,0.14605361475343984,26715.208688720704,1.575904427724259e-06,3.258916139602661,5.090999366075266e-06
83,0.9787140886797613,-0.002100408234422527,-0.13749555718028478,24220.156908203124,1.654495836070672e-06,5.603972911834717,7.98883684183238e-06
84,0.9803998937036122,0.001892054031927453,0.1238564099452758,26132.81947143555,1.5959704158009128e-06,5.367395401000977,8.215721209126059e-06
85,0.9397262444425651,0.0011692769190961658,0.07654244487066356,22537.73993310547,1.7215505469183126e-06,2.5267183780670166,3.7388226701295935e-06
86,0.748675792606015,0.0029468629448113548,0.19290562467356245,24092.18693774414,1.7051094031588942e-06,2.013151168823242,5.1936262934759725e-06
87,0.523372908200584,-0.024651074555511528,-1.6136926029689949,33821.308255859374,1.4519687741866785e-06,9.898330688476562,2.0508301531663164e-05
88,0.9186382828308706,0.004174847374148643,0.27329114238072616,53285.96749267578,1.186441357011974e-06,7.975443363189697,8.906941729946993e-06
89,0.9292772182103588,-0.010426656322203015,-0.6825429919069006,51621.96181298828,1.1742256551634669e-06,26.144577026367188,2.5520765120745637e-05
90,0.910545546950897,0.023655578602606246,1.5485260946339796,55356.888270996096,1.1717516402644755e-06,42.948665618896484,4.7000004997244105e-05
91,0.6145787529447527,0.01836217258263823,1.2020125939872455,30869.572560791017,1.5001852734359004e-06,5.519979476928711,2.1308818759280257e-05
92,0.9989926790756879,-2.3253653871002643e-05,-0.001522215559371976,20956.570361572267,1.7901429927539981e-06,4.658451557159424,7.097667094058124e-06
93,0.9405492087774772,0.002260277731038345,0.14796083014631226,21190.80898876953,1.7769270821005418e-06,3.5636448860168457,5.984066319797421e-06
94,0.5389944231406101,0.007910248825613243,0.5178155617026566,22972.471193847658,1.7028921760295939e-06,2.7669808864593506,8.51411823532544e-06
95,0.9698115686671299,0.001678873600960817,0.1099013312823179,19632.06912109375,1.8359259428059099e-06,3.7311899662017822,6.7977484832226764e-06
96,0.6240519688716053,0.0037186697470175797,0.243429139372149,20082.415807617188,1.816987141306495e-06,2.1445131301879883,4.485386853048112e-06
97,0.8053138718664961,-0.0016398770698719232,-0.10734856573784274,28464.174884521486,1.5988248028842736e-06,2.0216548442840576,2.3186375983641483e-06
98,0.8044593070598716,-0.011593944903948446,-0.7589552775316513,48844.27891162109,1.2315983683686633e-06,13.910029411315918,1.3175221283745486e-05
99,0.4791279240685476,-0.034832967638477,-2.280213062967726,39712.896700683596,1.3592578487796623e-06,19.40892219543457,3.635773100540973e-05
100,0.8967273803780045,-0.12915121303307853,-8.454412673436781,61681.523941894535,1.105453375910895e-06,147.8424835205078,0.00019386253552511334
101,0.9717883043275903,0.02211160930722085,1.447455781225771,30333.002590576172,1.5100898204813812e-06,78.47225952148438,0.00010594814375508577
102,0.8952298614599089,0.006313561607065289,0.4132942619100721,23144.24419458008,1.7023488278916205e-06,8.886826515197754,1.5120695024961606e-05
103,0.5900791332352366,0.024988021475351577,1.6357496029960992,25054.553610839845,1.6252994490492604e-06,9.41065788269043,3.0138604415697046e-05
104,0.7525946423606376,0.012216006236550683,0.7996762517331119,23686.281701660155,1.6869534321954685e-06,7.894029140472412,1.8722566892392933e-05
105,0.9987508122420082,0.0007248615031545885,0.047450412077716976,21582.54646923828,1.7636241262731355e-06,7.630273342132568,1.1450907550170086e-05
106,0.6551275832980764,-0.009733787743353787,-0.637186879823395,22565.77829956055,1.721806185256602e-06,6.2112531661987305,1.123554102377966e-05
107,0.8234672993314165,-0.006125857046578655,-0.40100686810422664,29652.106198730467,1.513015293352199e-06,5.856496810913086,6.326501079456648e-06
108,0.6342346275156907,-0.08668424724650828,-5.674467790871651,45863.919524414065,1.2466270624041389e-06,40.280738830566406,8.338571205968037e-05
109,0.7473947568837057,0.03427513471068791,2.2436965668109883,43632.81447705078,1.2561612082079782e-06,26.615232467651367,4.217224704916589e-05
110,0.5826519839436215,-0.12531770147450458,-8.203465834120044,68607.30278369141,1.0308005529307588e-06,53.13581848144531,0.00014474573254119605
111,0.6570821768963213,0.1501895120914022,9.831608117514332,50759.20172949219,1.186812052722352e-06,90.8955307006836,0.0002067577443085611
112,0.5296196345532727,-0.06687363644456247,-4.377638476619705,46741.73399902344,1.2114136192821883e-06,39.60595703125,8.52261291584e-05
113,0.7544898509510718,-0.05205858880379358,-3.4078254675881428,39315.82642431641,1.2993986227075746e-06,48.302635192871094,7.770773663651198e-05
114,0.8087559357701302,0.032014913720948626,2.0957394510266756,43143.45632470703,1.2654973797664258e-06,23.81331443786621,6.828665937064216e-05
115,0.4844083804912481,-0.1039420266553498,-6.804185317505464,28706.95924609375,1.5123375810115882e-06,59.972023010253906,0.00012978199811186641
116,0.6428825082126864,0.07498935448909103,4.908904330639428,29095.874609375,1.5083749209963504e-06,44.42779541015625,0.00013565602421294898
117,0.9912258957160746,-0.004554747292919828,-0.29815990367586076,47348.27033154297,1.1953415571819487e-06,67.18305969238281,6.737593503203243e-05
118,0.9985033290606139,0.0002926404702759311,0.01915664005438074,47472.51691845703,1.1808486130994523e-06,13.2806396484375,1.3738012967223767e-05
119,0.9988092394986117,-0.00026481613083810806,-0.017335221250417296,55007.1431171875,1.1221291030685817e-06,21.538467407226562,1.923749368870631e-05
120,0.7312254790306052,0.009130445129339549,0.5976912581985324,70944.41900292969,9.890688440716273e-07,15.066412925720215,1.4925366485840641e-05
121,0.9365208962077155,0.021674746967553303,1.418858182997355,51293.16306005859,1.1803822626237584e-06,76.64212036132812,9.35264615691267e-05
122,0.8805921100142191,-0.03173102838253876,-2.0771559337178553,36253.06756054687,1.4147213908726308e-06,62.5601806640625,7.870967965573072e-05
123,0.3517143693032598,0.05881049288995347,3.84981421965073,43919.52963720703,1.2404361196471447e-06,26.300853729248047,6.013447273289785e-05
124,0.9434744174050446,0.0036794299764257884,0.24086045104160253,28336.329188476564,1.5338072014135592e-06,10.706539154052734,1.4607836419600062e-05
125,0.9257156948238835,0.008161047561132232,0.5342331853413179,29184.552864257814,1.5186845208514194e-06,16.023700714111328,2.0124825823586434e-05
126,0.835668447491706,0.013460459671019236,0.8811398527383782,29328.084228271484,1.4972712597066687e-06,10.878482818603516,1.8604383512865752e-05
127,0.9633479928370946,0.0022204299413055278,0.1453523400623725,25552.15699609375,1.6045820317971183e-06,5.809324741363525,8.837892892188393e-06
128,0.6425542576068208,0.011914992925179191,0.7799715142028456,25447.843653320313,1.6224888636247659e-06,3.8967769145965576,1.630574115552008e-05
129,0.8267633183154206,-0.00496910238798544,-0.3252841473028144,38047.95156103516,1.3418707597654132e-06,6.265068054199219,7.4570275501173455e-06
130,0.7397781932552605,-0.010083776183421565,-0.6600975953619902,61280.890418457035,1.0964639704151725e-06,12.867276191711426,1.2449504538381007e-05
131,0.9767146588014062,0.013591883285365813,0.8897430198680278,41652.864133789066,1.3204529183149578e-06,16.01945686340332,3.424647729843855e-05
132,0.7709299619113802,-0.09196166659378444,-6.0199347823525935,45219.11671044922,1.2978309663165912e-06,85.94434356689453,0.00011858647485496476
133,0.9819153960188205,-0.005612649751030077,-0.3674116260488938,29656.68169921875,1.5124260152911785e-06,18.89792823791504,2.4173128622351214e-05
134,0.6832455822188256,0.035148326469999706,2.3008568776040073,26082.896767822265,1.6214398995261507e-06,15.808049201965332,4.970503141521476e-05
135,0.5726667776644262,0.01806430580441384,1.1825138327625169,26978.311981933595,1.5818734458389435e-06,6.9110870361328125,1.8066910342895426e-05
136,0.644378092674674,-0.008693198201597935,-0.5690684843158499,21969.4679765625,1.7418393106592323e-06,4.14744234085083,1.0068007213703822e-05
137,0.8906119598467301,-0.005530958666083725,-0.36206401739964067,21017.375375976564,1.7862912739839066e-06,7.008615493774414,1.0202504199696705e-05
138,0.9955939177395449,0.0014778269746435777,0.09674054784428054,23050.36389770508,1.6993490756053628e-06,8.417525291442871,1.2276545021450147e-05
139,0.8848731259671333,-0.006819488191573955,-0.4464128987966117,22225.504615234375,1.7222335217970912e-06,6.48274564743042,1.0777780516946223e-05
140,0.8633649308079626,-0.007837187441618447,-0.5130328649220524,35933.10614599609,1.3963744331482797e-06,9.468720436096191,1.2472345588321332e-05
141,0.8320027116148743,-0.03375139568785828,-2.2094119036770064,65174.00049658203,1.0587189005684384e-06,32.23176193237305,3.782942803809419e-05
142,0.31137442878102356,-0.0526964886726088,-3.4495832537416007,57649.227325195316,1.113058384199861e-06,30.205081939697266,4.4502805394586176e-05
143,0.6438125926207916,0.11839204881376117,7.750103265920132,62683.59094140625,1.060068059570526e-06,105.22126770019531,0.0001189022368635051
144,0.3324851094761691,-0.057221674545696564,-3.745808026986988,46862.46235253906,1.2155179402058105e-06,36.169952392578125,5.3048024710733443e-05
145,0.7589348778901542,0.024896360116947732,1.6297493267930767,38762.26409082031,1.3233814607436612e-06,14.473418235778809,3.64464103768114e-05
146,0.9984865573874481,0.000609903885792189,0.039925131328802606,26147.594115722655,1.5852653629648078e-06,11.665426254272461,1.552703724883031e-05
147,0.9597940046494844,0.004802132642734379,0.3143540824805079,31163.420391113283,1.46912919284789e-06,12.621789932250977,1.686517134658061e-05
148,0.2895582400870847,-0.025070509892833843,-1.6411494061090226,30999.440036621094,1.4699451942881453e-06,12.760695457458496,2.2639287635684013e-05
149,0.8858541204453485,0.004046303274978061,0.26487647219992855,33514.895785644534,1.421809002025419e-06,6.3016791343688965,1.0959924111375585e-05
150,0.9182927495392299,0.007062620357140197,0.4623286584213928,35155.32236547852,1.4201785540783634e-06,16.469497680664062,2.3599661290063523e-05
151,0.7112237521643833,-0.011526799240966152,-0.7545598318308168,20567.644869628908,1.7981666345380098e-06,2.4628450870513916,1.2432103176251985e-05
152,0.6848020391468054,0.005314397186188704,0.34788761071166197,21234.830122558593,1.779878901615713e-06,2.6676595211029053,7.992810424184427e-06
153,0.47309027216027255,0.015167962639555919,0.9929153010528287,24506.50062084961,1.6557565242314193e-06,5.778212547302246,2.3674052499700338e-05
154,0.9989127262958652,8.223475842242412e-05,0.005383198248594741,29501.690418945313,1.5212896870862116e-06,3.8658502101898193,5.3206149459583685e-06
155,0.920956173496872,0.004122608099003398,0.2698714889414201,39753.64434619141,1.3332517881002366e-06,7.986310958862305,1.1142434232169762e-05
156,0.6913483578524069,0.020596365120796257,1.3482658522099407,43727.41130322266,1.3019063291715735e-06,14.730649948120117,2.668646993697621e-05
157,0.8417055913978223,-0.014488643883743914,-0.9484461786685943,52789.646068359376,1.1908660291637345e-06,21.090436935424805,2.3386011889670044e-05
158,0.852466443978345,0.02412347860323942,1.579155460029417,45039.95528222656,1.2375189659846196e-06,27.68447494506836,3.418207779759541e-05
159,0.8458925811063694,0.00410402795202719,0.26865520744950927,21105.854076171876,1.777877836094162e-06,4.938537120819092,8.359922503586859e-06
160,0.9489518103520188,-0.0035990503532687566,-0.23559869245067983,23526.638825683593,1.6823452689113736e-06,5.142735958099365,8.191650522348937e-06
161,0.8052000309009597,0.0022534508880091603,0.14751393578992147,22392.146108398436,1.710545914051103e-06,1.5257281064987183,2.2130843717604876e-06
162,0.07122561377161209,-0.005522797717224552,-0.36152979067546276,20774.39988305664,1.8056360433503742e-06,1.485929250717163,5.067882284492953e-06
163,0.04000127373479474,-0.011189089560157236,-0.7324529004414697,18106.78345410156,1.928594485063841e-06,1.9258143901824951,1.2729987247439567e-05
164,0.6630815309644228,0.018061968830336728,1.1823608512860673,15784.904642089843,2.0224556184092256e-06,5.864040374755859,2.237043372588232e-05
165,0.06616119854057687,-0.004058484864910351,-0.26567389551394566,17764.093474121095,1.949849177985278e-06,2.1676580905914307,4.89723970531486e-06
166,0.8477135460815125,0.0023397931806538727,0.1531660187711481,21239.473654541016,1.772570046675357e-06,2.5076138973236084,4.9142395255330484e-06
167,0.5483059457215558,-0.006501263905101262,-0.4255815076128446,25060.018987304687,1.663158252139222e-06,4.440635681152344,7.434526651195483e-06
168,0.830805162203402,0.02069599051118967,1.35478746469315,50170.477848632814,1.2161263811783898e-06,14.575272560119629,2.5759331037988886e-05
169,0.764187225013029,-0.025914336015055318,-1.6963874026740187,42981.11730859375,1.3217945972896334e-06,24.433944702148438,3.3998931030509993e-05
170,0.6214033705932833,0.0639015508605148,4.183081743947934,37321.16582275391,1.3956617550550388e-06,25.032129287719727,7.122610986698419e-05
171,0.45508341058945523,0.01742449372824764,1.1406308709356543,40350.337715820315,1.3001605331838597e-06,5.092252254486084,1.7161119103548117e-05
172,0.9814607084836054,0.0015718378213251075,0.10289462472020797,23439.54777026367,1.6894481610088798e-06,4.441486835479736,6.567459422512911e-06
173,0.9662263995736295,-0.0014306701567926585,-0.09365359891740016,21024.00187841797,1.8000304601901683e-06,2.715223789215088,4.4141352191218175e-06
174,0.9421852148061229,-0.0017375064214860676,-0.11373951482923558,20017.584536376955,1.8258952751422266e-06,2.290088415145874,3.889532763423631e-06
175,0.965771220701568,-0.0012043841601219888,-0.07884061223965372,16088.595461181641,2.0319846792108513e-06,2.696711778640747,4.839017037738813e-06
176,0.994949565984576,-0.0005578685828992827,-0.03651883018836164,15440.460897949219,2.0785617849126528e-06,3.4398319721221924,6.383576419466408e-06
177,0.3221029197538224,0.005422733206325398,0.3549794327714268,15301.132595458985,2.0972394859835793e-06,1.4780155420303345,6.688128905807389e-06
178,0.7099389967835229,0.03494777386652431,2.2877284335677994,15488.304028808594,2.082431489652254e-06,4.290546894073486,4.785355122294277e-05
179,-0.21446254931858316,-0.007070366241758686,-0.4628357144803147,20396.836438720704,1.8303109919488885e-06,1.265496015548706,7.742454727122094e-06
180,0.21481339247395792,-0.0037551417679567442,-0.24581664707581216,19379.795962158205,1.8713852768746565e-06,1.7292160987854004,2.8846013719885377e-06
181,0.7916084285302074,-0.0090663516037904,-0.5934956095324285,33498.71347802734,1.4858396374102578e-06,9.241772651672363,1.2528919796750415e-05
182,0.8384701737880395,0.011816808372698115,0.7735442209135512,52455.89769140625,1.2037403831906342e-06,14.432536125183105,1.6715841411496513e-05
183,0.9967443508940723,-0.00594050978945042,-0.38887378655701454,29993.112773925783,1.5546305714979452e-06,54.85798263549805,7.085999823175371e-05
184,0.9898581359853219,0.012460896245551481,0.8157070821610393,43134.99298095703,1.2790187227999086e-06,84.28253173828125,9.428940393263474e-05
185,0.9972162122182328,-0.001558264941853685,-0.10200612571564321,26056.36939404297,1.6019686347964272e-06,11.666303634643555,1.5744335541967303e-05
186,0.7367783262653423,0.011760573876970817,0.7698630349440518,21912.03215283203,1.7408342166786673e-06,7.9646453857421875,1.8084429029840976e-05
187,0.8990788032417509,-0.003062213151505706,-0.20045660484988104,23698.378419189452,1.6713889588897047e-06,4.177493095397949,5.283980954118306e-06
188,0.5640998682061505,-0.004511621976143072,-0.29533686224914185,20648.142337646485,1.7923291655240328e-06,3.444502830505371,5.762401997344568e-06
189,-0.04953160786931672,-0.01661649530384495,-1.0877382038134533,16910.376209228514,1.9938082823881707e-06,4.383930206298828,2.4061651856754906e-05
190,0.8023277557318608,0.013808465694775816,0.9039207966302981,17044.548491699217,1.979352495499711e-06,4.283462047576904,2.3543012503068894e-05
191,0.3325357057250071,-0.015873878486660765,-1.039125504921487,30490.4968046875,1.504331267809864e-06,3.695356607437134,1.878330294857733e-05
192,0.9546525101012673,-0.002573823344736365,-0.16848594909715103,44155.900786132814,1.301753116683027e-06,8.611574172973633,7.765586815366987e-06
193,0.5395398164816209,0.022641685020066252,1.482155252638505,59186.581837402344,1.1217121586786604e-06,9.009323120117188,1.94565363926813e-05
194,0.614838294303905,-0.040562334933546905,-2.6552651769405693,35949.991200683595,1.439076528075844e-06,36.23545837402344,5.604944090009667e-05
195,0.8131810434006307,0.028511347417119873,1.866391273292337,38803.72515722656,1.3407309498132834e-06,37.252132415771484,5.055595102021471e-05
196,0.8613775273049902,-0.00682139207567204,-0.4465375296186504,22447.630795410158,1.7187576186988794e-06,8.095293998718262,1.5606261513312347e-05
197,0.9832377607720809,0.0020686002651399654,0.13541336459143233,22062.221095214845,1.7356773842471323e-06,7.106215000152588,1.1584656931518111e-05
198,0.5127559425103141,0.01711315189950377,1.1202500147215588,24288.53584472656,1.6479798658553502e-06,5.193979740142822,2.1518068024306558e-05
199,0.8504476033742021,0.009769606797950978,0.6395316434692419,22693.32221801758,1.7192132760211507e-06,6.321220874786377,1.8781054677674547e-05
200,0.9206583021458082,0.007717962511394691,0.5052282401151976,23923.268099365236,1.683101916669379e-06,9.738985061645508,1.9472989151836373e-05
201,0.9926132655931061,0.0020046414191202647,0.1312265322290537,30549.809705566408,1.5056750552780494e-06,7.995914459228516,1.2376305676298216e-05
202,0.9676938015017199,-0.0025721156913206733,-0.16837416380036277,51371.220610351564,1.1853112339387398e-06,8.780442237854004,7.771227501507383e-06
203,0.9933982114327059,0.003154007542710797,0.2064655895595792,51051.011581054685,1.1811186656885351e-06,29.251859664916992,2.7892292564501986e-05
204,0.8868440367435165,-0.016321942136045115,-1.0684563559982878,33437.84727490234,1.4828945346158953e-06,25.44837188720703,3.360018308740109e-05
205,0.857158127480016,-0.009479545581664488,-0.6205438448612887,36985.31006542969,1.3751558530998138e-06,10.454516410827637,1.6748997950344346e-05
206,0.677563438256665,-0.011522526205146802,-0.754280113140324,28512.274177734376,1.5508158854039248e-06,10.341927528381348,1.740310290188063e-05
207,0.8634426958868243,0.006488232517838034,0.4247284554188827,23924.607630615235,1.6690224223837062e-06,6.859908103942871,1.1514834113768302e-05
208,0.7584087352024905,0.013241720122424517,0.8668208667343723,25304.824590576172,1.6151898440813946e-06,9.860796928405762,1.8804388673743233e-05
209,0.9984249011980255,-0.00070355357596873,-0.04605556641259226,29034.059713378905,1.5170828274614707e-06,15.032360076904297,1.8360164176556282e-05
210,0.8592014541907994,-0.003785456361652589,-0.24780108128369374,42458.94048925781,1.298526688700482e-06,6.687044620513916,7.300959623535164e-06
211,0.8404582245238534,-0.012201682415800321,-0.7987385950991562,42877.223730957034,1.3074115010580443e-06,17.587797164916992,2.9308141165529378e-05
212,0.6115208714480398,-0.02658803150866063,-1.7404884187265364,63592.66013964844,1.0702089752883656e-06,23.90297508239746,3.5838180338032544e-05
213,0.8948401247275997,-0.03434430088321774,-2.2482242777931494,50052.23863623047,1.214492068746179e-06,62.93795394897461,6.67295025778003e-05
214,0.46031638492669624,-0.02685345341490803,-1.7578632948526407,37835.41379638672,1.3371255068377807e-06,18.425622940063477,3.203193409717642e-05
215,0.861634457918769,0.005110978329786077,0.3345715378913014,37061.81333789063,1.348425414873376e-06,10.655803680419922,1.0820265742950141e-05
216,0.3877383027994684,0.04660393206348741,3.050756277206783,26871.907078125,1.5816672433062995e-06,15.318968772888184,5.0432663556421176e-05
217,0.7871299183654709,0.017828737180295255,1.1670931927666532,28094.17580810547,1.533466042647455e-06,9.848589897155762,2.4563407350797206e-05
218,0.9450845757623182,-0.0020611058795854146,-0.13492277200059244,25454.196712890625,1.6112376677177125e-06,3.6400554180145264,5.71884993405547e-06
219,0.6751724802647466,-0.005203885897703712,-0.3406533926506513,24224.957768554686,1.6576410110063017e-06,5.268272876739502,9.122097253566608e-06
220,0.5098452797583118,-0.009773248258980212,-0.6397700184217676,37118.90860839844,1.3764855558692194e-06,4.28725004196167,1.247297586814966e-05
221,0.4888308663097062,-0.011288348952912955,-0.7389505542254623,55697.02575146484,1.1281323581035634e-06,4.532130718231201,8.757770956435706e-06
222,0.8250697127008488,-0.027845021847642225,-1.8227727024177147,46175.60892431641,1.24480397004146e-06,32.25753402709961,4.295259714126587e-05
223,0.8448062848748356,-0.026433533074476715,-1.7303747427546654,46304.059956542966,1.248259407799699e-06,51.02827453613281,4.459320189198479e-05
224,0.9817345352752956,0.006492865261138962,0.4250317210464855,41925.331639160155,1.2906935395133695e-06,36.41025161743164,3.957081207772717e-05
225,0.9404341216492862,-0.005109231970657881,-0.33445721886634555,31002.88464111328,1.486732045007641e-06,12.943913459777832,1.7654028852120973e-05
226,0.8351276126162009,0.007808389664474348,0.5111477235723422,25350.465775878907,1.6274172609408253e-06,8.711490631103516,1.4999034647189546e-05
227,0.8395094379343269,-0.016431735145464914,-1.0756435545424916,30861.689430175782,1.4524087308672844e-06,17.65056037902832,3.6150417145108804e-05
228,0.8826358226497649,-0.005474670817225401,-0.3583793388621931,29125.8390703125,1.5013454293431452e-06,11.249375343322754,1.2751003851008136e-05
229,0.9762281701614908,0.00678332978257811,0.4440459205539259,29615.641052978517,1.4962689759440205e-06,21.087303161621094,3.42837993230205e-05
230,0.2100146210025983,-0.021306727502723347,-1.3947671322479291,34484.692638183595,1.428037977535194e-06,6.649521350860596,2.7040596251026727e-05
231,0.8392465925793149,0.01136959357040467,0.7442689365127008,52022.335494628904,1.1961606033712291e-06,24.771635055541992,2.5493940484011546e-05
232,0.9964723026465377,-0.0040152998539388805,-0.2628469464246932,43266.22440478516,1.3088972870349317e-06,69.52037811279297,6.849190685898066e-05
233,0.842226531441012,0.030581166183545824,2.0018844026221174,36692.63330517578,1.3678207955384972e-06,25.663049697875977,4.8434514610562474e-05
234,0.4857115387139406,-0.016371200091162854,-1.0716808482057927,33151.991913085934,1.4214803246766468e-06,5.677909851074219,1.854647052823566e-05
235,0.8213110987429207,-0.006658619963596353,-0.43588224752801835,24721.25986694336,1.6458893298124021e-06,5.120696067810059,1.0054895938083064e-05
236,0.9984695460239712,-5.013428438695522e-05,-0.003281857903930016,25064.69053540039,1.6222317322406088e-06,1.8990380764007568,2.7070318537880667e-06
237,0.5634099284954164,-0.009034515954199329,-0.591411604953231,23380.881348144532,1.6997230622186016e-06,3.723855495452881,9.483765097684227e-06
238,0.7347891357512515,0.027587135376294144,1.8058911060279483,22647.52033691406,1.7260566126042968e-06,7.4256978034973145,3.2617259421385825e-05
239,0.15505894145038793,-0.01935518855867959,-1.267016759690428,21739.958558105467,1.7435110408729114e-06,4.7630205154418945,1.7215506886714138e-05
240,0.3126187203034356,0.02295644897898168,1.5027601261112313,26947.135193359376,1.5810509863194139e-06,7.9780707359313965,2.53103698923951e-05
241,0.6099170693025439,-0.00950732660569295,-0.6223624281801081,53976.44296289062,1.1461865633196412e-06,7.076887130737305,1.0982807907566894e-05
242,0.7052116151414364,-0.04241727160153383,-2.776691834158529,71288.59799365235,1.0235998344724969e-06,38.900169372558594,4.3159951019333676e-05
243,0.8931690333095661,0.020181741467532516,1.321124028400962,48801.29742578125,1.2169637424408126e-06,42.11305618286133,4.392322080093436e-05
244,0.9923715427926938,-0.002208576149436113,-0.14457637485186073,40185.80650830078,1.3100508027934221e-06,25.00362205505371,2.730425330810249e-05
245,-0.04033793399517172,-0.03856330350135323,-2.524405882025484,42823.85576953125,1.2640211383349144e-06,13.462284088134766,3.224526881240308e-05
246,0.9123596079425442,0.011529402673686781,0.7547302560496127,27061.572665039064,1.5752091952144226e-06,19.142826080322266,2.9919288863311522e-05
247,0.3120754623352426,-0.00864989265676796,-0.5662336449175791,25566.99242993164,1.6080534090610984e-06,4.523307800292969,7.947912308736704e-06
248,0.9442822758800069,0.003476899594388524,0.22760253895204832,29381.91701171875,1.4960455877241116e-06,7.114959716796875,1.2542021067929454e-05
249,0.5246485860102185,0.01508304665861415,0.9873565863602496,25980.915334960937,1.5893130465215136e-06,3.6530447006225586,1.4921813999535516e-05
250,0.8322570774049751,0.005463120146979337,0.3576232164021586,20681.926333007814,1.8067264399917963e-06,6.355164051055908,9.2414147729869e-06
251,0.7191086630156718,-0.026545360692372504,-1.737695129515077,28138.08375341797,1.5602393949694848e-06,12.205927848815918,3.0815775971859694e-05
252,0.6210418240638311,-0.023039040324590466,-1.508166667038201,56612.79016015625,1.145908171848059e-06,13.6138334274292,1.9530691133695655e-05
253,0.5530742894052213,0.03148888943973679,2.061305191795414,52267.21606738281,1.187899662820562e-06,12.21837329864502,3.25871842505876e-05
254,0.9943114200865383,-0.0011619523414907933,-0.07606296813730472,37600.825071289066,1.4396196344540863e-06,61.93463897705078,6.675069744233042e-05
255,0.7555202859809603,0.027559271771359306,1.8040671168515683,36726.39475830078,1.3633877314092095e-06,10.080161094665527,3.5501125239534304e-05
256,0.2984387579839623,-0.010602455665387254,-0.6940510541240014,34129.108930664064,1.4258838329019277e-06,5.867096900939941,1.0479329830559436e-05
257,0.5290776280565498,-0.003282693515703776,-0.21488954699222623,25225.08419873047,1.6239714031903308e-06,1.7762056589126587,3.4501974823797354e-06
258,0.5657948930226422,-0.004091748125965367,-0.2678513534658995,23663.369643066406,1.6901894901828756e-06,1.3829127550125122,4.4035332393832505e-06
259,0.625261512075451,0.006054033503295701,0.39630520204688174,24618.253085205077,1.6466428735260534e-06,3.696305274963379,7.657748028577771e-06
260,0.831402262844338,-0.024077233778666537,-1.576128211413102,21487.138373535156,1.7775511569598368e-06,13.557108879089355,4.180647010798566e-05
261,0.7857950303425327,-0.00398273031536549,-0.26071490048245083,20197.89806225586,1.8302031937208768e-06,2.422056198120117,5.2986374612373766e-06
262,0.060916649934128805,0.014600981086662818,0.9557999235522198,27358.55247705078,1.5837425058241928e-06,3.265028715133667,1.1446963981143199e-05
263,0.8118930981250951,-0.0032880415243402906,-0.21523963485382933,29957.71800390625,1.4902044460849495e-06,1.9352248907089233,3.946281140088104e-06
264,0.8474824017089833,-0.00554049300896563,-0.36268814834971563,42244.469779785155,1.3047398512341625e-06,8.077436447143555,8.972959221864585e-06
265,0.387397747525272,0.022774953648274063,1.4908791968650532,44769.89468432617,1.2815462291413251e-06,10.20058822631836,2.3774706278345548e-05
266,0.6000060770866718,-0.10534983322300508,-6.896342235027281,47236.75383642578,1.2559562474279747e-06,23.781545639038086,0.00011639043077593669
267,0.8640045632783565,-0.012834162644658167,-0.8401416043080933,27798.21057446289,1.5597291482136966e-06,15.842503547668457,2.4820394173730165e-05
268,0.8254932757810469,0.05706424640391975,3.7355025684029277,24119.400029296874,1.6935891075647194e-06,55.88812255859375,0.00013187085278332233
269,0.8353361303864132,0.020073193963056162,1.31401836229096,23482.09542504883,1.6913255421897427e-06,14.7730712890625,3.6906272725900635e-05
270,0.9054002539803313,0.003331722175245712,0.2180990292019427,19658.04943359375,1.825204747133098e-06,3.6927525997161865,8.638229701318778e-06
271,0.3101347349474474,-0.00980557377610111,-0.6418860903904631,19080.31746899414,1.8511710192963302e-06,4.732083320617676,1.2632965990633238e-05
272,0.9576672764540359,0.0033539835853243914,0.21955629114379957,17808.703783935547,1.9274284780483225e-06,5.392795085906982,1.2300809430598747e-05
273,0.9201990997708892,0.008231336263969723,0.5388343786720884,24003.24840258789,1.708303849770793e-06,5.187873363494873,1.7088623280869797e-05
274,0.6488832229440271,-0.02563034578261236,-1.6777970188602556,44310.292997558594,1.2812411720449192e-06,29.45047950744629,3.0361081371665932e-05
275,0.8747235923383061,0.021210251884784915,1.3884517081197219,50531.7075678711,1.2043428797520198e-06,20.309240341186523,3.627051773946732e-05
276,0.9341466339141652,-0.025949887360998392,-1.6987146417501384,61714.89116357422,1.0855427434455365e-06,44.36027526855469,4.9801808927441016e-05
277,0.9799128786246653,0.014244204132116906,0.9324448226959032,36491.479740234376,1.3657050754782697e-06,58.70894241333008,6.904043402755633e-05
278,0.9761698164065762,-0.002996707026230076,-0.19616848549961077,22268.298595947264,1.737922360948365e-06,13.061739921569824,1.8030965293291956e-05
279,0.7721693889329454,0.017749497061427567,1.1619060276640845,21160.373231933594,1.7835615254275164e-06,4.730175018310547,2.169504477933515e-05
280,0.645200994274557,0.011717385780860567,0.7670358838974521,21380.583100341795,1.7691195742325874e-06,3.605539083480835,1.2545529898488894e-05
281,0.9980096326565764,-0.00015349906017546243,-0.010048255600786989,20313.75723339844,1.7908548682790578e-06,2.240487813949585,3.5580485473474255e-06
282,0.2781448513348855,0.008202872018426292,0.5369710707510039,19282.687532958986,1.8431546300155934e-06,2.643756628036499,7.08704601493082e-06
283,0.8692296206284335,0.0035436613917799622,0.2319728562933421,19472.439594726562,1.8556043650414518e-06,2.6691558361053467,6.165421837067697e-06
284,0.9607913302586942,0.0014360834107120732,0.09400795782325967,19083.198311767577,1.8935708489484104e-06,2.3480701446533203,4.447604624147061e-06
285,0.9162011356714208,-0.00299116952440656,-0.1958059931582967,24518.642220947266,1.6702906132249091e-06,4.12201452255249,5.315630914992653e-06
286,0.9051713508299062,0.005983523264584298,0.39168950667887886,34380.74393359375,1.427329227825074e-06,5.719411373138428,1.0103460226673633e-05
287,0.40900888424746984,-0.12341657241175932,-8.079015360412173,57231.45773217773,1.137864923278493e-06,76.82583618164062,8.165775943780318e-05
288,0.9877558813096985,-0.013498595701725385,-0.8836362887666954,43550.301912109375,1.2998046985494867e-06,64.59105682373047,6.856372783659026e-05
289,0.5801554709999482,-0.07584802241492312,-4.965113891695346,45062.11082666016,1.23242701610611e-06,42.022117614746094,8.447735308436677e-05
290,0.9081018696166725,0.011568166426890882,0.757267783639654,30520.20280444336,1.495412213358493e-06,20.37884521484375,2.883250272134319e-05
291,0.7465618088920699,0.02884927053069066,1.8885121762782682,24464.960442138672,1.6609201664693697e-06,31.449527740478516,5.8577566960593686e-05
292,0.902203945398109,-0.007479820715557091,-0.48963915682653564,23328.78600732422,1.7005482191298164e-06,13.052096366882324,1.6955838873400353e-05
293,0.8729521551102164,-0.007494830081131388,-0.4906216901496961,25748.6067109375,1.6077518878146089e-06,12.133561134338379,1.4898324479872826e-05
294,0.7092704799072718,0.006113495033463613,0.4001976340452152,24912.454682617186,1.6473933721604653e-06,4.946689605712891,9.817608770390507e-06
295,0.5546658827083438,0.0078113691159133955,0.5113427624838214,36769.62443457031,1.3745338627676934e-06,7.129313945770264,9.244336069968995e-06
296,0.5817662964746922,-0.00929087556298377,-0.6081932508593313,25593.517278808595,1.6241536814271164e-06,3.916933298110962,1.1564746273506898e-05
297,0.2672432764726824,-0.006703508670451912,-0.43882072284870033,37339.303476074216,1.371263896029202e-06,3.951507329940796,5.605811111308867e-06
298,0.4682221460900573,-0.030412520519822114,-1.9908446299152147,46799.46781591797,1.2218182725718657e-06,26.558759689331055,3.1955096346791834e-05
299,0.8600052413264522,0.01821282116254292,1.1922358485026623,35710.02920751953,1.455462482002404e-06,25.24287223815918,3.972375998273492e-05
300,0.8099211464567431,-0.03921076003718698,-2.566789260497124,54066.79778564453,1.1850529071201383e-06,55.721519470214844,5.737469109590165e-05
301,0.2318636938979758,0.07952882136107739,5.2060639573425735,25980.148723632814,1.608833687154869e-06,19.466066360473633,7.764438487356529e-05
302,0.9343008040647128,0.0035402743569590365,0.23175113642371867,20516.85182910156,1.7980957952915368e-06,6.961103916168213,1.2647216863115318e-05
303,0.7340932153496751,0.008768891811071076,0.5740234901280212,21888.66359301758,1.7597020837623058e-06,4.960139751434326,1.2827803402615245e-05
304,0.888836053879903,0.004791022308625461,0.313626785018172,19213.34702001953,1.8487879208713377e-06,3.9314675331115723,8.239548151323106e-06
305,0.8239249143890977,0.008255621178260253,0.5404241019300386,20302.087865722657,1.8186168990315493e-06,3.721388816833496,1.2828701983380597e-05
306,0.9942453423034152,0.0005431874135280675,0.03555778103150174,19350.421264282228,1.8804702977046905e-06,3.7469704151153564,6.265551746764686e-06
307,0.8635088066838545,0.004355113229653833,0.28509158852117905,23381.298056396485,1.6979154187079303e-06,3.191335678100586,6.217413101694547e-06
308,0.7623199080287697,-0.01583145385962983,-1.036348331590995,40344.78940966797,1.3364008727698126e-06,16.966951370239258,1.9181174138793722e-05
309,0.992822059477099,0.0010449824024271806,0.06840595809453219,53560.493329589845,1.175794345363199e-06,20.329586029052734,1.8505885236663744e-05
310,0.985631650417738,0.00268290082207614,0.17562630794590384,40251.24632568359,1.33652772807215e-06,12.839130401611328,1.3981888514535967e-05
311,0.39988877127011274,0.024909240434646852,1.6305924897695285,44190.74417089844,1.2551768686462078e-06,8.705429077148438,2.4487653718097135e-05
312,0.8679135157201973,0.005158111439063644,0.33765693482297926,22856.869010009766,1.7112503788938508e-06,4.238041877746582,1.0046820534626022e-05
313,0.912535957519314,0.0017688520545970222,0.11579144226844812,22010.185975585937,1.7541182044922863e-06,2.7941648960113525,4.4491175685834605e-06
314,0.552967387714856,0.01392886400920075,0.9118022327502506,24286.98973388672,1.6606156173927893e-06,4.566762924194336,1.4047827789909206e-05
315,0.9466943280005211,0.003621321465161346,0.2370565894863663,21229.800407836916,1.7955900340853876e-06,4.85883903503418,9.982933988794684e-06
316,0.7296948613424835,-0.006495327721863146,-0.4251929170481758,18806.716247802735,1.87644351079353e-06,5.4261908531188965,8.093827091215644e-06
317,0.8085805891733687,-0.008137196900367061,-0.5326718889050912,17234.687416992187,1.974828683966101e-06,8.617502212524414,1.3572998796007596e-05
318,0.7972377744010406,-0.004708010461687705,-0.3081927175068106,24181.10923828125,1.6943805236365054e-06,5.107362270355225,5.912123015150428e-06
319,0.6968656137397805,-0.010451568009538196,-0.6841737445740808,37251.54858984375,1.3722600481328117e-06,7.440107345581055,1.4125640518614091e-05
320,0.6929781541641798,-0.02859977821060466,-1.872180072356643,49316.36353759766,1.2402057491014707e-06,20.454315185546875,3.310603278805502e-05
321,0.8671602725342639,0.02577332601255754,1.687156697640739,49439.64435107422,1.1951351794742724e-06,44.39156723022461,4.367897054180503e-05
322,0.7292149393982499,-0.039168374521768315,-2.564014647465545,39888.129170898435,1.3254539203518242e-06,44.054344177246094,5.235556454863399e-05
323,0.14685775718563132,-0.01721958461406317,-1.1272172438300367,32383.7976328125,1.4537240840614468e-06,2.638577461242676,1.527323001937475e-05
324,0.7583758037154604,0.009503279898497504,0.6220975252667292,21450.194541503904,1.7804901875852348e-06,7.399790287017822,1.6488649634993635e-05
325,0.9652426876948925,0.0026867482997344947,0.17587816902495718,21781.61242163086,1.7544123062840765e-06,5.56932258605957,9.377357855555601e-06
326,0.9585024158731538,0.009813225842449631,0.6423870049788404,22850.148985107422,1.7082284920832208e-06,16.66907501220703,3.4336648241151124e-05
327,0.8458264915949374,-0.08057189481316529,-5.274344952972082,25636.899098632814,1.6247624038932877e-06,64.73725891113281,0.00014891671889927238
328,0.9295838640021475,0.009549995727340502,0.6251556064581092,40449.155631835936,1.3113625469033894e-06,18.186145782470703,2.2811027520219795e-05
329,0.9070962817210129,-0.01285816827110017,-0.8417130450066262,41778.66634423828,1.2922115830106522e-06,15.759466171264648,2.728013896557968e-05
330,0.9284653932461402,0.011523821390011471,0.754364897689204,49045.4694453125,1.18959092327716e-06,18.104591369628906,2.4306866180268116e-05
331,0.9952825724529321,0.0035632391989236997,0.23325444596599754,67013.41484960937,1.047999843796275e-06,49.702674865722656,3.9751797885401174e-05
332,0.9538234256417514,0.01797779861753723,1.1768509555823725,68343.23006884765,1.0514722790426182e-06,64.94580841064453,5.255671567283571e-05
333,0.48833560158425443,-0.08586234924878665,-5.620665238924807,46564.29720556641,1.2083629108001877e-06,52.86760330200195,0.00010159658995689824
334,0.7424550140834665,-0.036108766193455384,-2.3637285578566436,44147.002513671876,1.2395770298335558e-06,27.128341674804688,4.8832938773557544e-05
335,0.5398809683928734,-0.036074642567193144,-2.3614947792373036,31066.571185058594,1.4627757612227754e-06,26.79265785217285,4.9255464546149597e-05
336,0.8654510811325132,-0.06914703221441014,-4.526458031287109,27743.000916503905,1.5435489242445057e-06,118.39861297607422,0.00019694320508278906
337,0.7665296826762326,0.023154229701389688,1.515707119072571,35927.86550830078,1.363787974414938e-06,31.39715576171875,4.511382940108888e-05
338,0.9411071256776578,-0.016882832487039975,-1.105172995203564,38363.36843701172,1.34076776706044e-06,54.21098327636719,6.783076241845265e-05
339,0.7402343855811097,0.043861148229262764,2.8712099464833756,32009.425626464843,1.4525296490707335e-06,22.677560806274414,7.52226696931757e-05
340,0.9149257853684721,-0.008492911905888401,-0.5559574731453337,34160.59703857422,1.4058619484172245e-06,12.130364418029785,2.0984314687666483e-05
341,-0.028815246650254506,0.027181274215526977,1.7793228868013367,35634.76867236328,1.363019711480101e-06,9.536893844604492,2.283212961629033e-05
342,0.7057132067974482,-0.020696266944654866,-1.354805560400783,47454.42990039063,1.216565736228355e-06,21.462568283081055,2.853244404832367e-05
343,0.872706589839937,-0.03101083265442715,-2.0300109495701473,55874.642579101564,1.1283435725327314e-06,50.474266052246094,5.887890074518509e-05
344,0.7835387602305381,0.021629920595752555,1.4159237882134719,62630.6886640625,1.063632443978258e-06,35.998619079589844,3.296765135019086e-05
345,0.9910118076274799,-0.005318848788806901,-0.3481790186257538,65551.41597705078,1.043188646493011e-06,31.958974838256836,3.0411985790124163e-05
346,0.6923340998726142,-0.13459595839804717,-8.810833051814779,51577.89835888672,1.1743811132402384e-06,116.66069793701172,0.00022153726604301482
347,0.5360078370029839,0.035623136220783405,2.3319385645678685,32885.487084472654,1.4452693826522434e-06,24.900184631347656,4.546121635939926e-05
348,0.6123769870107542,0.13158968664539442,8.614038446417515,24342.85247753906,1.656322231654153e-06,99.17729949951172,0.0002445040154270828
349,0.6354057796650748,0.023135344612917413,1.5144708756988596,27876.334584960936,1.557060823213087e-06,14.659573554992676,3.554463910404593e-05
350,0.9342801757284355,0.00710469159894334,0.4650826986780385,23424.251815917967,1.6761240427109869e-06,10.195113182067871,1.8683396774576977e-05
351,0.8113696717920993,0.010387379821956536,0.6799718992035977,22641.122419433595,1.6970941926617486e-06,9.22819709777832,1.969482946151402e-05
352,0.40437555156542676,-0.011882512450526309,-0.7778452985050167,43588.060705078125,1.3086998144945891e-06,6.335014820098877,1.3654883332492318e-05
353,0.6626321739578799,-0.01522668434959089,-0.9967593034269945,57838.33847216797,1.1096560340083692e-06,17.914812088012695,1.6045380107243545e-05
354,0.8688692855876574,0.029054798458559204,1.9019663117626329,29465.357112304686,1.549342299957303e-06,45.415611267089844,7.89105542935431e-05
355,0.736012911502075,-0.09281276134771534,-6.075648593357111,49125.693045898435,1.2529907472291153e-06,88.1898193359375,0.0001187248490168713
356,0.6230884690359902,0.06127300240162276,4.011013415035626,29757.307243652343,1.5046708375284507e-06,28.656818389892578,6.550439138663933e-05
357,0.8078358223902217,0.007860050992380957,0.5145295438055624,30804.47607519531,1.4881477346801733e-06,11.319345474243164,1.560219425300602e-05
358,0.942053132555119,0.004099678167707887,0.26837046469865017,25322.412122802736,1.6215404411230494e-06,5.874197006225586,1.0238702088827267e-05
359,0.9916906050915284,-0.0010371866144380374,-0.06789563529363093,23128.37882055664,1.69627673843515e-06,4.7507004737854,6.3416864577447996e-06
360,0.8816307842776268,0.00798959269822979,0.5230095186656244,22421.883857177734,1.7183063676425768e-06,4.337854862213135,1.35545842567808e-05
361,0.9957231961375661,-0.0002444253979710651,-0.016000416363004907,24402.272174316407,1.6367186477575584e-06,2.246020555496216,3.1800050237507094e-06
362,0.6374477232628397,0.02908210039569755,1.9037535334071767,44354.32972216797,1.2762500355810482e-06,19.63825798034668,3.851441579172388e-05
363,0.7470466077023264,-0.01975811166166308,-1.2933926496900954,54947.05071972656,1.1722318792141904e-06,25.80693817138672,2.5545730750309303e-05
364,0.9880679175728372,0.0005930446229098019,0.03882150123172291,36401.500119384764,1.4248458205555588e-06,17.232036590576172,2.0646253688028082e-05
365,0.8428600666981992,-0.05149581918666859,-3.370985809086227,51820.3416328125,1.2053919344745334e-06,76.74234008789062,8.056327351368964e-05
366,0.6786090732898475,0.016330400680663295,1.0690100637424067,31140.022028564454,1.491656396825499e-06,7.763610363006592,2.168551327486057e-05
367,0.9943687462405734,0.0015564778636277276,0.1018891411636043,23761.00749169922,1.6792806564604493e-06,8.373860359191895,1.2513251931522973e-05
368,0.9934499284068041,0.0009165732587617544,0.060000122283202346,23150.82622216797,1.6934317896450668e-06,5.509132385253906,8.125542080961168e-06
369,0.5665817944207497,0.01124284486011577,0.7359717949106794,21374.337745117187,1.7697947401856346e-06,4.876352787017822,8.961833373177797e-06
370,0.9861297646458442,-0.0008770935842944923,-0.057415729521256766,21701.178454101562,1.751069487975172e-06,2.878432273864746,4.419595825311262e-06
371,0.6130294753083658,-0.011384516613714368,-0.7452458190639427,19596.21838623047,1.8535122777020528e-06,4.473692417144775,1.2444613275874872e-05
372,0.9685139252907945,0.003345582922495124,0.21900637241968476,21012.12037451172,1.7929218630627438e-06,6.285698413848877,1.1197981621080544e-05
373,0.9948274620154751,3.488426034048286e-05,0.0022835707524520837,20809.80292578125,1.7962583035972892e-06,0.8487476110458374,1.3347187177714659e-06
374,0.9181754298474819,0.00063607575165859,0.04163837698303983,28031.094619628908,1.559091586849486e-06,0.9598909020423889,1.2637822237593355e-06
375,0.6598777787530906,-0.031314776404528816,-2.0499075175738346,37634.180673583985,1.3679625072018525e-06,18.08333969116211,3.184767410857603e-05
376,0.7765808732762663,0.050334262536886096,3.2949487434620686,47772.4152668457,1.211010027182605e-06,35.28300476074219,6.677712372038513e-05
377,0.9239294053881474,-0.0741642513499873,-4.854891965812904,41739.65542529297,1.3252721691779275e-06,146.2978973388672,0.0001633310894249007
378,0.6650823245550339,-0.0898728251119702,-5.883196400405475,38845.02741796875,1.3331962351058884e-06,59.295230865478516,9.868985216598958e-05
379,0.4973765141124618,0.029345301645666674,1.9209830423768943,32152.871388183594,1.4410254630234088e-06,15.427477836608887,3.9791924791643396e-05
380,0.9392011477122141,0.009710667922474261,0.6356734251522305,30969.410010253905,1.4690236217966193e-06,16.90464973449707,2.576889528427273e-05
381,0.9970560150638618,0.0044311904638406315,0.2900717069247449,28398.703454589842,1.5165950688821017e-06,42.23439407348633,6.0404647229006514e-05
382,0.793664721715489,-0.01109818310496296,-0.7265020412211629,26336.354684326172,1.589266614530107e-06,11.258339881896973,1.768104630173184e-05
383,0.8800209007958946,0.031754335425155746,2.0786816441765796,29698.529587158202,1.5105349860495525e-06,51.96952819824219,6.739578384440392e-05
384,0.6359054184398835,-0.04288946698997217,-2.8076023814356112,27065.10073876953,1.5878728111762822e-06,19.827604293823242,5.714939106837846e-05
385,0.9867073379870968,-0.0049675328167518755,-0.3251814010519874,48265.62013769531,1.2137410452444523e-06,25.770349502563477,2.6504561901674606e-05
386,0.9414944078172682,0.012669803001741555,0.8293824003065031,78042.1312290039,9.536967933299773e-07,36.10150909423828,3.0288674679468386e-05
387,0.9643797353805105,0.017682765786682524,1.1575377083764085,60991.74217773438,1.073740039852348e-06,59.23612594604492,6.059643055777997e-05
388,0.9250307052442645,0.02354352530075755,1.5411909342974877,46115.19120605469,1.2439128449630712e-06,78.09005737304688,7.465840462828055e-05
389,0.9063406931991351,0.014518761121365097,0.9504176936815288,54516.51435595703,1.1238942654201626e-06,31.99903106689453,3.981288318755105e-05
390,0.8524897311959916,0.007126374517136412,0.466502091760484,42779.52453125,1.2589863439066298e-06,9.829888343811035,1.5214396626106463e-05
391,0.9352366093685989,-0.008565531601096332,-0.5607112563819636,32586.33102783203,1.4400642432409732e-06,21.500032424926758,2.6364652512711473e-05
392,0.7107454061787757,0.01888771024232542,1.2364149983168873,32132.169204101563,1.4310754245045758e-06,16.767534255981445,2.93282100756187e-05
393,0.939828173907742,-0.004902563111032078,-0.3209283964496518,27796.885087402345,1.542925156097844e-06,13.342491149902344,1.624626384000294e-05
394,0.5870900954550532,0.03219771849176661,2.107706097989352,30605.798600097656,1.4969348985385226e-06,13.670173645019531,5.077358218841255e-05
395,0.5675756850688042,0.016852579350758557,1.1031925840809576,42550.844366210935,1.2640573820625933e-06,9.750011444091797,3.11043877445627e-05
396,0.7508695795478091,-0.009984526799135326,-0.6536005967459145,47621.970578125,1.1897739502167962e-06,18.198070526123047,3.46522283507511e-05
397,0.9235580880674336,-0.00822252401946581,-0.5382575172561895,76079.44370263672,1.0006673338576507e-06,26.536901473999023,2.0764868168043904e-05
398,0.914662930356245,0.0064056228541436964,0.41932071536531557,66862.2475859375,1.036544154205488e-06,30.85525131225586,2.50037555815652e-05
399,0.7963500422625944,-0.06470555979373631,-4.2357132535942545,60123.040322265624,1.1111571056557485e-06,85.33108520507812,0.00010356364509789273
400,0.8458069240989928,-0.012007334409069507,-0.78601631233793,36400.204459960936,1.3753151992587577e-06,17.865163803100586,2.272810525028035e-05
401,0.9689189311649126,0.003828573619309007,0.2506235951495208,28318.468411621092,1.5382586497928292e-06,17.08622169494629,2.3870425138738938e-05
402,0.9863784482817499,-0.0017631346112347423,-0.1154171707112051,25922.84872729492,1.6024000364897917e-06,8.402192115783691,1.1259657185291871e-05
403,0.7390898633235656,0.05267128316976657,3.4479332675148733,29929.141786132812,1.478315745008622e-06,22.59966278076172,7.852957787690684e-05
404,0.7665471454937889,-0.018795248118008714,-1.2303623028967072,29740.388983398436,1.4964025421063252e-06,16.920015335083008,2.814097206282895e-05
405,0.9769225783995017,-0.00393023710791914,-0.25727862429207465,22428.192866699217,1.7304203346075065e-06,15.388960838317871,2.1858762920601293e-05
406,0.6699502437566831,0.015394926458536382,1.0077726588935838,45168.007138183595,1.251992275733847e-06,14.689532279968262,1.9562834495445713e-05
407,0.9871811368937133,-0.00943933534675903,-0.6179116286272877,68591.8778046875,1.0348913750496245e-06,56.18028259277344,5.032075205235742e-05
408,0.9916047328619714,0.016620764357861965,1.0880176618497925,51182.02079394531,1.1635220728777533e-06,165.5957489013672,0.0001663529546931386
409,0.9147475383831429,0.018364294243818448,1.2021514807909348,45086.550353515624,1.275684122153311e-06,30.63060760498047,4.231046841596253e-05
410,0.9819804309010901,-0.00383735499637069,-0.2511984359410008,50388.60771386719,1.161922746854413e-06,27.608495712280273,2.5475204893155023e-05
411,0.8300540639302991,0.006852065796105725,0.44854547274737344,32873.83271240234,1.4464793943965658e-06,10.598840713500977,1.3639873031934258e-05
412,0.9748544088717436,0.0031547615483643984,0.20651494778707039,28246.016731933592,1.5233062181293479e-06,10.32352352142334,1.4446178283833433e-05
413,0.8988013287717144,0.009228851755952018,0.6041330887601203,27111.788524414063,1.5460510780531321e-06,10.476813316345215,1.8247963453177363e-05
414,0.05093241261379139,0.02322582693778365,1.5203939707755985,37148.05064648438,1.3448769497799202e-06,5.301446914672852,2.425286584184505e-05
415,0.5887837639738854,0.0070028623324002535,0.4584168174883035,32293.167574707033,1.456952029298774e-06,5.510438442230225,9.611297173250932e-06
416,0.4204947585237486,0.010076406188447797,0.6596151455464128,34869.53811181641,1.429078643261385e-06,6.130671977996826,1.1436655768193305e-05
417,0.20675134871440998,-0.027701688187413715,-1.813389887613988,63671.57507226562,1.0730186009707303e-06,26.25752067565918,2.8918591851834208e-05
418,0.9898206584369128,0.0050264148856421385,0.32903590073319844,56745.46881201172,1.1280338011134162e-06,35.97390365600586,3.006054976140149e-05
419,0.5939713501683354,0.057913747313772336,3.7911120442234467,47108.04502490234,1.2440601361803186e-06,27.9619140625,5.4458650993183255e-05
420,0.9937032686183551,-0.0005723535814217678,-0.037467037736763416,38664.705640136715,1.314053574802074e-06,5.649983882904053,6.588027190446155e-06
421,0.6089903385025786,0.007980750397755282,0.5224306897453348,26414.73394580078,1.595839743479318e-06,2.87445068359375,8.71763131726766e-06
422,0.8532167518421877,0.003513644355891386,0.23000790062102963,23378.297133789063,1.6758940456883244e-06,2.7987513542175293,4.64785489384667e-06
423,0.8879168950335331,-0.0020185585777597386,-0.1321375682125072,21900.513744384767,1.7491718752430047e-06,2.0215137004852295,3.234506948501803e-06
424,0.919593843451983,-0.0024755860477716552,-0.162055203082788,19159.110832763672,1.8578391921156347e-06,2.5017659664154053,5.006640549254371e-06
425,0.8534535951576117,0.0021604536033137237,0.14142620804923867,18413.284970703124,1.9027029487945916e-06,1.518306016921997,3.7569336654996732e-06
426,0.9890705819287755,-0.000584534234093641,-0.03826439969644893,18046.39855175781,1.9191533257561194e-06,2.287419319152832,3.6155875022814143e-06
427,0.8231197339014353,-0.001998554700146591,-0.13082808739201224,18423.744981445314,1.8875745585347185e-06,1.5121126174926758,3.180099156452343e-06
428,0.8907660738267048,0.008264540926908488,0.541008000712284,21085.645663574218,1.7904097658043357e-06,2.917402744293213,1.1622702913882677e-05
429,0.8041123700119298,-0.00984172151497817,-0.6442523701527757,27964.015943603517,1.561064571439254e-06,9.054173469543457,9.30477381189121e-06
430,0.5437686472015101,-0.02926702028785133,-1.915858639066502,49391.53956396484,1.2035649397720383e-06,11.609347343444824,2.3626425900147296e-05
431,0.9650702651938777,-0.010373572911316884,-0.6790680802029743,54573.77714892578,1.1794962982266925e-06,29.01482582092285,2.758662958513014e-05
432,0.9856757590754459,-0.009528203509778522,-0.6237290584914934,33574.18458666992,1.5022999700554416e-06,97.99134826660156,0.00012100687308702618
433,0.7280540768609379,0.09697453619286701,6.34808399035047,38272.19621948242,1.3365263199759765e-06,61.62628173828125,0.0001196425873786211
434,0.8695962573652924,0.006909042315972623,0.45227523261829033,29732.27369580078,1.5151542865094415e-06,8.177030563354492,1.4352093785419129e-05
435,0.9992384192933522,-0.00014361182809748872,-0.009401024047771515,26408.755932128905,1.581627848911734e-06,2.3128504753112793,3.1139156817516778e-06
436,0.9688417400370125,0.0017907336258845353,0.11722383945050538,25898.22230859375,1.6053791339220137e-06,4.528686046600342,7.043746336421464e-06
437,0.7158606442466622,0.007270812867004691,0.4759572210386264,26754.921758544922,1.5853404689211173e-06,2.745009660720825,8.11357494967524e-06
438,0.8127774749043774,-0.004346237057836918,-0.2845105423371118,29513.80873901367,1.5198135629954684e-06,3.8473732471466064,4.770669420395279e-06
439,0.9678645282367453,0.0012755259764544453,0.08349765153094078,27710.188180419922,1.560527724115685e-06,2.093712329864502,3.537769316608319e-06
440,0.2857929714224188,-0.019558610970964167,-1.2803330652836193,58942.208946289065,1.0926626832118698e-06,12.646591186523438,1.2946558854309842e-05
441,0.8236135228726456,0.014064239658315518,0.9206641054084465,53891.18930029297,1.1822979002285785e-06,10.461576461791992,2.261779081891291e-05
442,0.8060195822512981,0.042686568638568345,2.794320381574808,58870.9123671875,1.1238065115306712e-06,54.33420944213867,5.4497191740665585e-05
443,0.9984895247093392,0.001633938067799335,0.10695979064846595,48994.966900878906,1.1864381879378807e-06,28.363914489746094,2.792289524222724e-05
444,0.7166446720275194,0.016333036619098528,1.069182615829142,27419.889088378906,1.5626257846182184e-06,4.9035563468933105,2.1636418750858866e-05
445,0.862662016324568,-0.004795897988859188,-0.31394595362519917,26110.852297607424,1.6086973563304448e-06,5.499985218048096,8.253608029917814e-06
446,0.8092801689587219,0.004752791519639541,0.3111241459850003,24542.960994140623,1.6510265606719355e-06,1.3451356887817383,4.9949985623243265e-06
447,0.9430134026747778,0.0015936041642322961,0.10431947889700752,24176.739223876953,1.6476994971270688e-06,2.5428755283355713,3.859023763652658e-06
448,0.648615342088354,-0.005312165375131734,-0.34774151334841136,24705.99801586914,1.6346016679961063e-06,1.6561039686203003,5.29901899426477e-06
449,0.8538057345047214,-0.0021600314629766373,-0.1413985741731641,22317.632345458984,1.739897431866513e-06,1.9266326427459717,3.6715798614750383e-06
450,0.6409799217996183,-0.0018771938377623836,-0.12288364158384572,27631.132685791017,1.572353521432298e-06,1.1310244798660278,1.7276813650823897e-06
451,0.702048345433297,-0.0020908833145708485,-0.13687204307448322,39270.67322143554,1.3439231318042784e-06,1.114078164100647,2.0535367184493225e-06
452,0.8895424252641005,0.008404866814935304,0.5501939226891943,52361.171507324216,1.1801613059062398e-06,14.264256477355957,1.6806599887786433e-05
453,0.9963119576204496,0.002542078862456471,0.16640791245315842,54165.81594970703,1.1677121458819624e-06,36.0984001159668,3.40604419761803e-05
454,0.8965431972449425,-0.09935417941423125,-6.503858646557587,57480.7091616211,1.1290754382503772e-06,205.01141357421875,0.00021230509446468204
455,0.9336674284930322,-0.002291747265266429,-0.15002086831983616,30461.64183251953,1.4985925290172223e-06,5.213567733764648,6.296743322309339e-06
456,0.5345445224719881,-0.00722237293709981,-0.47278627786534533,22643.719189941407,1.73242668916405e-06,2.505610466003418,8.838386747811455e-06
457,0.8341126150568066,-0.0032987342908315656,-0.21593959777647556,25387.219995117186,1.6363735127843302e-06,4.237020015716553,5.866423180123093e-06
458,0.8188884891236958,0.04663464506490177,3.052766791721504,25748.842948730467,1.5982500798158288e-06,14.428632736206055,6.734517228323966e-05
459,0.8170501108738243,-0.0035128537276612353,-0.22995614503026138,22073.62949536133,1.735246755682073e-06,3.9095749855041504,6.4914456743281335e-06
460,0.5528450840572714,0.009384236184033366,0.6143047630880201,22370.939615478517,1.7205812120207948e-06,2.1628706455230713,1.1538675607880577e-05
461,0.34210279690780493,-0.005594898457337559,-0.3662496024113344,44388.58845556641,1.2644244392137364e-06,2.6804354190826416,3.485810111669707e-06
462,0.970281814487162,-0.003614069757294582,-0.2365818829044225,51600.49312695312,1.1929835894244744e-06,11.766983985900879,1.0759234100987669e-05
463,0.9814387383487042,0.002743793818542997,0.17961244565969425,31506.21917089844,1.5371954347405112e-06,14.343841552734375,1.577806324348785e-05
464,0.882335952402985,0.03279800062393828,2.1470013763431828,41323.92434863281,1.313063895774363e-06,48.90850067138672,6.173865403980017e-05
465,0.6332423496102383,-0.009884571024518358,-0.6470573568656323,27976.654174804688,1.5539929965814427e-06,3.578263521194458,1.1867382454511244e-05
466,0.7846761189790272,0.007967441790821051,0.521559490377647,26147.677215820313,1.58754559949986e-06,5.586073875427246,1.0789442967507057e-05
467,0.9678464656582442,0.0022392585848595237,0.14658488847557058,28210.36982324219,1.5340421289122278e-06,6.186046600341797,9.103675438382197e-06
468,0.7591490761519187,-0.0068333129107553455,-0.4473178835684072,26022.685895996095,1.6097234328459465e-06,4.840906620025635,1.065910419129068e-05
469,0.9943878850986446,-0.00059893740989388,-0.039207251019046194,27943.783095214843,1.5581812639304825e-06,10.346160888671875,1.5651803551008925e-05
470,-0.335605015198825,-0.013470711879480677,-0.8818109761379312,23662.043022216796,1.6703194887745495e-06,4.378553867340088,1.0695527635107283e-05
471,0.6675613233106787,-0.013774043290141048,-0.9016674595755403,40541.12004467774,1.3166684446599106e-06,5.7997283935546875,1.5157304915192071e-05
472,0.9592036677099924,-0.012322283182882405,-0.8066332840432221,59372.82392871094,1.1121704937381182e-06,37.429500579833984,3.7940517358947545e-05
473,0.9965534216495299,-0.0024602280139484926,-0.1610498454655865,64382.9979921875,1.0679011326649948e-06,44.478233337402344,3.6422912671696395e-05
474,0.9942881335414199,-0.006629803784901076,-0.43399590158793827,40294.37852587891,1.3459263956521472e-06,59.500762939453125,5.882971527171321e-05
475,0.805286160659349,-0.11059649386253176,-7.2397957199951355,41923.362067138674,1.2805963918831134e-06,77.00924682617188,0.0001657691173022613
476,0.8587079480570788,0.018183707796216784,1.1903300482592607,30422.235484375,1.4995651432195434e-06,31.654861450195312,6.918411963852122e-05
477,0.9195666764173538,0.00256354984324308,0.16781343182700226,26203.009086914062,1.5855364054911422e-06,3.961879014968872,6.8380736593098845e-06
478,0.7341130026232511,-0.006560338227378669,-0.42944859246019224,25260.56695629883,1.6186109841020688e-06,6.177216053009033,9.12684845388867e-06
479,0.8124408122132158,0.005646726165660652,0.36964231413112075,21526.03301147461,1.757421361838241e-06,4.553084373474121,1.02060412245919e-05
480,0.5739082548625493,0.010905014519914054,0.7138569649946701,25544.52073876953,1.6290986835397461e-06,5.2059831619262695,1.4080604159971699e-05
481,-0.020602080316146094,-0.006252265146258578,-0.4092817128761862,33007.881716796874,1.4721325462329795e-06,1.9684253931045532,6.18089507042896e-06
482,0.6145079367190807,-0.008483732573570595,-0.555356581665813,38243.44662988281,1.3645662791867833e-06,4.880971908569336,9.727002179715782e-06
483,0.9809538137069355,0.008340973037075487,0.5460113497763603,57305.075553222654,1.1504648883629677e-06,42.62685012817383,3.698300861287862e-05
484,0.4447186662222299,-0.06933099717085632,-4.538500625566487,55351.06367431641,1.1504660757777242e-06,50.18486404418945,7.505068060709164e-05
485,0.3368741907183642,0.1276895296537917,8.358728907127679,43539.51084863281,1.268626876405932e-06,28.137496948242188,0.00011686955258483067
486,0.7930459382431028,0.004434112473935375,0.29026298564831826,24213.305040527342,1.6519460758981348e-06,3.4544644355773926,7.302547146537108e-06
487,0.699378742041931,0.004958376874012156,0.3245820406858086,22575.094578125,1.718335622809073e-06,1.650632381439209,5.27607789990725e-06
488,0.9763507913832827,0.00040607367130696527,0.02658213045329517,23581.338139038086,1.6871675987530041e-06,1.318903923034668,1.8364722791375243e-06
489,0.825387780584561,-0.00354432968776842,-0.2320166038505019,18196.492736328124,1.8932545545860693e-06,1.9720453023910522,4.870858901995234e-06
490,0.8781186541924046,0.001320721993825933,0.08645624381266026,18112.68809375,1.9063772782997036e-06,1.5390676259994507,2.5743611331563443e-06
491,0.870395715770908,-0.003940154051005171,-0.25792780076776767,18025.091843017577,1.91456743142202e-06,2.314675807952881,6.397844117600471e-06
492,0.7296223570115127,-0.006820154252391573,-0.44645650003647236,22473.771955810545,1.7594986749164688e-06,4.820417881011963,7.751063094474375e-06
493,0.7033472195788534,-0.005204445741349458,-0.34069004077111864,43382.628021972654,1.291832823652638e-06,4.655656814575195,5.259088538878132e-06
494,0.757075317147739,-0.017134530972956783,-1.1216495177173318,43719.075892089844,1.2904294889601345e-06,18.1065673828125,2.0328576283645816e-05
495,0.9466780754093632,0.030880265061277827,2.0214638187431295,34971.744615966796,1.4461478040950542e-06,70.61961364746094,8.235726272687316e-05
496,0.5964677701228817,-0.05592380451558446,-3.6608477035539955,43791.51459423828,1.2777678270289043e-06,23.326614379882812,5.367170160752721e-05
497,0.4664387032198393,0.011501787906064376,0.7529225560994691,28051.718706054686,1.5587827239286657e-06,6.800699710845947,1.2125454304623418e-05
498,0.9537089473152234,-0.002736904593192179,-0.17916146767235472,23085.136454833984,1.6926665322608013e-06,4.711843490600586,6.791517989768181e-06
499,0.8296672653016086,0.006050420756221807,0.3960687067486176,23516.819247558593,1.6884034090419654e-06,3.065109968185425,8.110527232929599e-06
500,0.5422201135053238,0.0058895054659051736,0.3855349747158082,23271.29835961914,1.7040350283074502e-06,2.029261827468872,5.8949253798346035e-06
501,0.34341646659083547,0.006475488599290662,0.42389422131495247,20188.80787524414,1.7965851238474165e-06,2.224297046661377,5.118167791806627e-06
502,0.6498589005418748,-0.009200655457924629,-0.6022873210449871,21436.481405517578,1.7945282763159408e-06,2.2986438274383545,9.397289431944955e-06
503,0.7053850534537743,-0.05591858484579474,-3.6605060169264756,39988.39960351562,1.3275740466793165e-06,17.957796096801758,5.1038899982813746e-05
504,0.3898688256903527,0.026543726394991,1.7375881462032683,51994.903499023436,1.1657860213480176e-06,14.735877990722656,2.2464677385869436e-05
505,0.4006644863507265,0.04211788761552918,2.7570937544652825,58930.61837548828,1.1179017045805229e-06,12.870957374572754,3.783533975365572e-05
506,0.680738679484671,-0.043141306084876416,-2.8240881084034255,74265.9286328125,9.717379618748905e-07,27.129817962646484,4.8394573241239414e-05
507,0.3021555846632864,-0.0493429679055837,-3.23005725930817,52284.7190546875,1.1642523647589888e-06,15.746016502380371,5.861931640538387e-05
508,0.4333211721729376,-0.06491794890399731,-4.249616531336065,39979.47477587891,1.3237021436453897e-06,41.99955368041992,7.73650172050111e-05
509,0.9942043523034665,-0.0023466059572879072,-0.1536119923223321,38079.25495361328,1.3460206360796944e-06,25.085899353027344,3.138701504212804e-05
510,0.9971924122355519,-0.0021531021564996696,-0.14094497242122395,28643.709109375,1.5263370601833238e-06,30.619272232055664,3.835133247775957e-05
511,0.9005534245459139,-0.009192100929156052,-0.6017273300488682,25830.67780175781,1.5977369589388102e-06,15.28260612487793,2.4076820409391075e-05
512,0.7458806795290962,0.007834346625218867,0.512846901247322,29488.522412597657,1.5059473503032038e-06,5.948589324951172,1.3536197002395056e-05
513,-0.06584720227292487,-0.004746200440099836,-0.3106926850247549,25618.62343017578,1.6011953050616018e-06,2.7838268280029297,5.102434897708008e-06
514,0.9982122148774121,0.0004099998021623583,0.026839140276756174,21541.300409179687,1.7770285149413515e-06,3.0089752674102783,4.408153017720906e-06
515,0.9468500999135895,0.0006518688519975968,0.042672214641419084,20147.218991699217,1.8167042350577574e-06,1.090161919593811,2.254886112496024e-06
516,0.2669521938502901,-0.0023894516570008993,-0.15641672963875985,29139.23347607422,1.5287293421409257e-06,2.027912139892578,2.413733000139473e-06
517,0.988578520069378,-0.000987372068439097,-0.06463470789601468,24073.129775878908,1.6742876835793806e-06,5.944448947906494,8.210965461330488e-06
518,0.8213733005328201,-0.005163762943056917,-0.3380268899001528,45689.988521484374,1.267907533788254e-06,10.35211181640625,1.1256355719524436e-05
519,0.7996187421768679,0.026556051638547306,1.7383949732773505,55550.342718261716,1.1521610587209387e-06,32.277645111083984,4.9962323828367516e-05
520,0.9238338609471535,-0.04110635168159979,-2.6908772473291163,35089.98242871094,1.434304194221158e-06,81.54270935058594,0.00011239836749155074
521,0.1934938275257845,0.05724450357259529,3.7473024458917896,31954.90556982422,1.4671747475346187e-06,19.80021858215332,5.279628385324031e-05
522,0.8783248429462811,0.0066115482890889135,0.43280087219928914,19100.049235595703,1.8700695386454674e-06,7.608384132385254,1.6030580809456296e-05
523,0.9391613826751825,-0.004189496318263773,-0.27425008202884,20735.17873828125,1.7941693055972093e-06,5.365289688110352,9.471052180742845e-06
524,0.41965846739075746,0.005723970949484789,0.3746988619093627,21515.109302246095,1.7672297411883168e-06,2.640517473220825,4.36514574175817e-06
525,0.5102753716986811,-0.009978999713606523,-0.6532387862693076,18323.3770234375,1.8861081313096329e-06,3.2546193599700928,9.395115739607718e-06
526,0.8184937793428987,0.004268492989736373,0.2794213107364343,17858.060921386717,1.932060707679455e-06,3.225937604904175,7.792863470967859e-06
527,0.9440653171197568,-0.0009968483477189255,-0.06525503792435043,16509.2673762207,2.0036017215301037e-06,2.2931883335113525,3.8138214222271927e-06
528,0.11997600988662475,-0.009792123851310855,-0.6410056401652345,16168.808845214844,2.017715285839195e-06,3.8390438556671143,8.066603186307475e-06
529,-0.23634903532847717,0.017821184083931997,1.1665987568870542,18492.78046801758,1.9087837973446486e-06,3.7155213356018066,1.712582707114052e-05
530,0.3457515262955141,-0.006228170061469448,-0.40770441611354113,20383.034748046874,1.8123434043802256e-06,3.4756479263305664,5.191202035348397e-06
531,0.9488851916437558,-0.0023459075821875425,-0.15356627574592005,27847.34344116211,1.582971258631601e-06,5.016592502593994,7.2087577791535296e-06
532,0.9007139626486262,0.008121862283829051,0.5316680642149737,48149.565597167966,1.2384653007709624e-06,8.697652816772461,1.2540058378363028e-05
533,0.9614626224941983,-0.014206099197339707,-0.9299504222490541,48511.51867236328,1.2380683888712275e-06,46.95057678222656,4.605783033184707e-05
534,0.8161262183107615,-0.06945991401379908,-4.546939696057565,36560.95355566406,1.415143319699217e-06,105.32725524902344,0.00011368550622137263
535,0.22528479004326604,-0.03655586788183321,-2.392996437667949,32455.453138671874,1.4495240808156486e-06,15.361178398132324,3.754590579774231e-05
536,0.013850219938197761,-0.016693344676493683,-1.0927688674426113,28291.015603515625,1.573339770583337e-06,8.401443481445312,2.3809094273019582e-05
537,0.9473862577059756,0.009041878439691425,0.5918935631880051,25734.09181640625,1.636778874095672e-06,22.285341262817383,3.657036359072663e-05
538,0.7905559913497082,0.010800246508475674,0.7069987095987369,25665.982746826172,1.6086535855240568e-06,5.257808685302734,1.6979385691229254e-05
539,0.5601084979815613,-0.004997479187783631,-0.32714173090742177,26995.306421142577,1.5772866606081743e-06,4.249178886413574,6.278765340539394e-06
540,-0.26757144588559784,-0.00531913637576557,-0.34819784445611945,24099.735152832032,1.6777228686735079e-06,1.761838436126709,6.220992418093374e-06
541,0.815423556125782,0.0017901599148100304,0.11718628354943968,28274.682787597656,1.550261238348815e-06,2.5006585121154785,3.6880196603306103e-06
542,0.600261343490668,-0.01599578330100245,-1.0471055585587636,40625.83044799804,1.3157017648110825e-06,9.7379789352417,2.0362731447676197e-05
543,0.9945401326624833,0.0016338843879971359,0.10695627669618193,41262.87405249023,1.3147096364212849e-06,16.014318466186523,1.71197625604691e-05
544,0.7752030017721182,0.023732380992725788,1.5535536827233811,43489.71318847656,1.298009269707056e-06,27.037492752075195,3.949519305024296e-05
545,0.996488853885708,-0.015703163731030104,-1.027950286666457,37223.01000537109,1.3945171196537024e-06,140.61306762695312,0.00015576569421682507
546,0.6863835103075663,0.008982300112630515,0.5879934855074578,31492.93488720703,1.4809989435785794e-06,7.497179985046387,1.281306231248891e-05
547,0.9906174135567173,-0.0010087889950628605,-0.06603668881142144,19557.23278515625,1.8267817584703194e-06,3.35600209236145,6.029630185366841e-06
548,0.7254446692380947,0.006415248142241387,0.4199507997119315,21330.01550317383,1.7642615707119262e-06,3.227400302886963,6.641668278462021e-06
549,0.12424866992484407,-0.00965624800455635,-0.6321110238946075,22723.611944091797,1.711564875970488e-06,1.9439153671264648,7.244399512273958e-06
550,0.6526691104662934,-0.004006083738923171,-0.2622436471001355,19774.910983642578,1.8477003441113053e-06,3.1376216411590576,4.759771400131285e-06
551,0.518922751514874,-0.0048942779418800555,-0.3203860380974891,18273.96847314453,1.9162447209579417e-06,3.122148036956787,6.467624189099297e-06
552,0.3050299882992764,-0.006447242084266051,-0.4220451663274215,17579.426670898436,1.9360926487072738e-06,2.238464117050171,6.21519347987487e-06
553,0.35005843615650334,-0.013261772633971297,-0.8681335311977864,20774.71822241211,1.811580174532996e-06,2.6132450103759766,1.4985130292188842e-05
554,0.9903320603879615,0.0017684724119422879,0.11576659034800396,26798.372649291992,1.6016147769557097e-06,9.493335723876953,1.3448959180095699e-05
555,0.800282146807734,0.025483052510395714,1.6681550025129412,57942.57858349609,1.121100007104155e-06,29.666629791259766,3.186139656463638e-05
556,0.9917998163686897,-0.005038069178120322,-0.32979880644436854,53038.329890625,1.1622657991608607e-06,25.529340744018555,2.3232047169585712e-05
557,0.9918040532881971,-0.0010816691779822283,-0.07080752392512711,32405.83201147461,1.4987880943929445e-06,87.97489166259766,0.00011290921247564256
558,0.9960029621572154,-0.005689291018771559,-0.3724286668500198,40101.47349951172,1.3053122733621665e-06,65.39889526367188,6.942998879821971e-05
559,0.8097906667054798,-0.009178196150893317,-0.6008171045015814,22261.684080078125,1.7292346317149067e-06,6.512571811676025,1.3982164091430604e-05
560,0.9974260769242235,0.0005803616579730098,0.03799125723338814,21905.78419458008,1.7405546797432248e-06,6.141443252563477,9.153609425993636e-06
561,0.7601061296008478,0.013455404225581507,0.8808089164585335,20840.75335620117,1.7984404426735277e-06,6.917081356048584,1.3268640032038093e-05
562,0.48642376993402203,0.007670192525743147,0.5021011523967195,19981.534822265625,1.8313160497076194e-06,2.351283073425293,7.411376827803906e-06
563,0.8948541539597343,0.002402920629475026,0.15729842675107628,17492.718224365235,1.942962617718501e-06,3.306708335876465,5.6535927797085606e-06
564,0.5451734581935408,0.009055800464447596,0.5928049177140237,15613.879071533203,2.058408686650748e-06,1.6236307621002197,1.194150718220044e-05
565,0.33727032059709294,-0.006138397387675811,-0.4018277757535714,15484.55529321289,2.0656529351794334e-06,1.855754017829895,7.600755452585872e-06
566,0.5887783013594828,-0.012452127801342498,-0.8151330879715477,15781.34482055664,2.0642388644015707e-06,3.8657898902893066,1.848095234890934e-05
567,0.8046145871675433,0.012273827304591717,0.8034612968670864,18687.170442382812,1.8880410287678198e-06,3.8640615940093994,1.8115966668119654e-05
568,0.40928623229757716,-0.037173616988037894,-2.4334351277107857,20310.066125244142,1.8243826656841398e-06,9.931086540222168,4.6657194616273046e-05
569,0.780258515970865,-0.009378121743459823,-0.6139045035576455,23851.172532470704,1.6921421239424204e-06,8.714988708496094,1.5960731616360135e-05
570,0.9241807769337168,0.008091379857671614,0.5296726434676939,47734.59851904297,1.245377310747558e-06,17.91969871520996,1.711568984319456e-05
571,0.8955687675554856,0.008657733729118646,0.5667469320938908,64800.76514746094,1.0522764324108056e-06,10.514378547668457,1.2275096196390223e-05
572,0.8696247934860843,0.05054554272163639,3.3087794294436352,32723.512635742187,1.4770171860937459e-06,69.91719055175781,9.786919690668583e-05
573,0.15114505575116263,-0.045646692981511694,-2.988094115264163,34223.339078125,1.4384932079350866e-06,11.173225402832031,4.353152689873241e-05
574,0.8830293737117046,-0.005207600009310744,-0.34089652340802945,23536.687473876955,1.6815312735580214e-06,8.937034606933594,1.2746433640131727e-05
575,0.8992155342985662,0.005036327495583869,0.32968479355541863,20508.27722680664,1.8092971206528777e-06,5.043542385101318,1.1461171197879594e-05
576,0.9983022021480733,-0.001181189338831862,-0.07732224794041076,20556.251540771485,1.8089551325587487e-06,11.450873374938965,1.8389057004242204e-05
577,0.8501883724975168,-0.004127937845547551,-0.2702203813418156,27740.602679931642,1.5640803244761782e-06,5.124417304992676,8.077920028881636e-06
578,0.9905068976815452,0.003888715226025797,0.2545605458763952,32421.661029296876,1.4779463002469591e-06,25.06223487854004,3.492301402729936e-05
579,0.3249663321607453,-0.019746195861096532,-1.2926126253065986,39581.52888110351,1.3388124851806947e-06,12.681047439575195,1.931771112140268e-05
580,0.6842934019736429,-0.017049313242601463,-1.1160710501009803,38880.98697607422,1.3310161785889427e-06,5.826526641845703,1.6572616004850715e-05
581,0.5223541962936104,0.025183244887202694,1.6485291909577153,53613.4097993164,1.150465832989119e-06,10.614226341247559,2.6164221708313562e-05
582,0.8893699512369733,0.011969230336817308,0.7835219683531311,54360.67218603515,1.1805902249715314e-06,25.70876693725586,2.161993870686274e-05
583,0.9974255738970897,-0.0004176825145404233,-0.02734206099557936,31075.004701904298,1.5020695792871199e-06,50.54108428955078,5.81925232836511e-05
584,0.7343015033096714,0.043426511917322844,2.842758067033667,43325.21989160156,1.2537171368970423e-06,34.505455017089844,5.6669545301701874e-05
585,0.5249068029594878,0.012873565425447594,0.8427209635061327,23897.06325048828,1.679847225520741e-06,6.144465446472168,1.4985671441536397e-05
586,0.6589339831403985,0.007751836669926686,0.5074456882403001,29378.099361083983,1.5118771552971372e-06,3.943466901779175,9.232921001967043e-06
587,0.8933512560120856,0.0028571383992818107,0.18703213485470147,24465.431956298828,1.648912488601752e-06,2.9423279762268066,4.876194452663185e-06
588,0.7451394311556784,0.005552173356372036,0.3634527596516441,20673.29598364258,1.7981135524918731e-06,3.8064563274383545,7.59258227844839e-06
589,0.9957910033939991,-0.0002720953400090851,-0.01781172810484338,16642.063186279298,1.9989707994274915e-06,1.96748685836792,3.339661816426087e-06
590,0.16344663462061002,-0.008769873687487443,-0.5740877650831172,21448.315244140624,1.8073407493735531e-06,2.824298143386841,7.781815838825423e-06
591,0.29711464210146,-0.006848853163746549,-0.44833516949822344,30251.150150878908,1.5075480765346763e-06,2.1913983821868896,4.385960892250296e-06
592,0.7423914117792713,-0.010099807180303512,-0.6611470060490726,45581.94303076172,1.2588610856791551e-06,9.482678413391113,1.0610592653392814e-05
593,0.40103235037901486,0.03752006378190181,2.4561140023100085,37281.915309570315,1.4015853037143753e-06,19.461095809936523,3.8390891859307885e-05
594,0.5601614993902095,0.037493786225606215,2.4543938380176646,42838.38797558594,1.3260521038822417e-06,10.704426765441895,3.590153937693685e-05
595,0.8629309381234692,-0.008162518218675696,-0.5343294565685234,31082.087828125,1.4922006840967973e-06,4.777125835418701,1.138800689659547e-05
596,0.9996432618485969,2.2917485282253568e-05,0.0015002095099483181,26214.493243652345,1.6181351432629395e-06,8.045721054077148,1.0650706826709211e-05
597,0.8621776160259822,0.0084814038562651,0.5552041406887747,25531.801946777345,1.624663564772272e-06,9.41612434387207,1.71493120433297e-05
598,0.5256412634551146,0.010687457530066615,0.6996153908819294,24379.422782226564,1.6563595716490997e-06,2.5879299640655518,1.3633289199788123e-05
599,0.9508777172723332,-0.004325434515539193,-0.28314877984869796,27468.21762548828,1.611636801892977e-06,14.046916961669922,2.1469635612447746e-05
600,0.691443186682137,-0.03669411864177991,-2.4020465189606917,54964.35894824219,1.1481579863243255e-06,26.896827697753906,4.784579141414724e-05
601,0.34013394989343704,-0.01672493503037881,-1.0948368146339111,39218.857078613284,1.3274322876806e-06,8.427062034606934,1.9180981325916946e-05
602,0.7559085603716483,0.02253261765841503,1.4750155559763738,51621.77934326172,1.1773449200631396e-06,11.944613456726074,2.66960578301223e-05
603,0.763918299469917,0.01366346732948282,0.8944290079868054,52758.66767089844,1.1764928224394251e-06,16.883909225463867,1.5796817024238408e-05
604,0.9979324665489869,0.002210725846430982,0.14471709691780688,42283.26350732422,1.2995547237696107e-06,56.05899429321289,5.726917879655957e-05
605,0.5424456606630451,0.026665489715172293,1.7455589374418825,37642.7580234375,1.3516189176564133e-06,9.145353317260742,2.5316825485788286e-05
606,0.9948860535804809,0.0007107586344524064,0.046527219262973506,35729.465203125,1.3755860324782426e-06,5.109104633331299,6.129439498181455e-06
607,0.9903295255497842,-0.0014057310096345615,-0.09202104869315937,23512.85237182617,1.6891018450915224e-06,6.118638515472412,8.600289220339619e-06
608,0.7646557348497224,0.008476049747352431,0.5548536534948633,23884.262221679688,1.6754577360231304e-06,4.774862289428711,1.1961066775256768e-05
609,0.7638434225466498,0.007221606545892172,0.47273610886277456,20715.377909423827,1.804522966888182e-06,4.510565757751465,1.3812707948090974e-05
610,0.7805049642136195,-0.01794749343768474,-1.1748671376173794,22169.074772216798,1.7629702875589636e-06,17.716333389282227,3.5796398151433095e-05
611,0.378814893249155,-0.013784548898056621,-0.9023551708452815,41805.39623925781,1.3213023104909588e-06,10.331029891967773,1.3813519217364956e-05
612,0.9831440847492771,0.0020347563705673455,0.13319789758594683,52488.235260742185,1.1871912508154766e-06,12.92586612701416,1.1853657269966789e-05
613,0.9796217426921396,0.006984382542026445,0.45720710547500043,57180.909627441404,1.1316197705989453e-06,35.95176315307617,3.1608044082531705e-05
614,0.8872925915180379,0.028078900700898538,1.8380827277328666,47542.719666015626,1.2115598047895284e-06,35.62446594238281,4.667277244152501e-05
615,0.9850589086926855,-0.0013725215694699857,-0.08984711392931619,23502.077255371092,1.7060108565251099e-06,8.671945571899414,1.2643432455661241e-05
616,0.7991755308556585,0.011482006944759295,0.7516276676812891,22429.32959765625,1.7389243179874894e-06,3.660090684890747,1.4423857464862522e-05
617,0.5002137671748045,0.004116458781362763,0.2694689463111728,27096.40438769531,1.5681088847046854e-06,1.3441799879074097,2.9939203614048893e-06
618,0.7831806457157695,0.00282302516774608,0.18479903668818484,20765.04369824219,1.8108168007791742e-06,2.310560941696167,4.310185886424733e-06
619,0.8502136461794328,0.005816809577038428,0.38077620373946186,20958.026609863282,1.7768587826741712e-06,3.27970814704895,8.281856935354881e-06
620,0.7186649832897958,0.003102828942974325,0.20311536936373825,19420.680153442383,1.8854832808925336e-06,0.9317372441291809,3.830463811027585e-06
621,0.9825254075173029,0.0010085924243456858,0.06602382102703538,30517.43188305664,1.5312025349046334e-06,2.7871549129486084,3.894839210261125e-06
622,0.9881862189306193,-0.0020408195472820406,-0.13359480131494916,59925.81481201172,1.106827085112329e-06,9.44910717010498,8.46138209453784e-06
623,0.7419795149915785,0.016788306049301982,1.0989851670413755,34178.19952758789,1.4535966830021103e-06,8.007219314575195,2.3070337192621082e-05
624,0.9943540302006795,0.02266102983353161,1.4834215902305872,32824.19526269531,1.4620289057527197e-06,128.2336883544922,0.00017170146747957915
625,0.14233153369612064,0.021777847798819173,1.4256073025296103,36609.62393701172,1.3792250177263029e-06,6.665698528289795,1.9610495655797422e-05
626,0.5930464673541638,0.01808708705744283,1.1840051243253433,24007.394550292967,1.68463479126766e-06,6.507486343383789,1.6946642062976025e-05
627,0.7358205585435162,0.006437210388796297,0.4213884780058505,24013.79132788086,1.678628212423226e-06,2.6904234886169434,6.034374109731289e-06
628,0.5009928498010265,0.0061431672778055725,0.4021400191976468,22782.43620751953,1.7324223129090467e-06,2.4449093341827393,5.355485882319044e-06
629,0.7790534031651697,0.003008104731047735,0.19691459463630026,20655.907153076172,1.8002536809625202e-06,1.9891561269760132,3.740120291695348e-06
630,0.3709897423150432,0.007215173241147468,0.47231497605350103,18033.747014160155,1.918137497137498e-06,2.4849534034729004,6.0151087382109836e-06
631,0.912777661551408,-0.0015958443948321684,-0.10446612741489737,16485.490818359376,2.0106001996307387e-06,1.7636988162994385,3.3979647469095653e-06
632,0.6977572257261421,-0.005413446632055812,-0.3543715210890372,21987.196103271483,1.7453996640623138e-06,2.6030938625335693,5.2163804866722785e-06
633,0.930428062932728,0.0021525298888241695,0.1409075110070047,29750.72446801758,1.5429963498157352e-06,2.5356292724609375,4.481728410610231e-06
634,0.4025154825617,0.03469977921466347,2.2714943690290497,33512.43698828125,1.4484759266470401e-06,10.811558723449707,2.8043310521752574e-05
635,0.9575698249029939,0.0019112393631210694,0.12511230761265466,55758.63895068359,1.1232644622355312e-06,3.022325038909912,3.7189006434346084e-06
636,0.34153436663476006,0.03075987084228131,2.013582650715447,52562.45102246094,1.1781272379462788e-06,11.177610397338867,3.139403634122573e-05
637,0.9627088064956688,0.018438745801532066,1.2070251802189835,45293.460949707034,1.2648627149993625e-06,48.53733444213867,5.094635707791895e-05
638,0.5862292139378352,-0.011651241275396514,-0.7627059753186588,36956.66571386719,1.3549422677193028e-06,3.2482779026031494,1.2579599570017308e-05
639,0.9183528898837289,-0.00410250766418537,-0.26855568735600566,25804.665981445312,1.6062796320103003e-06,7.370373249053955,9.709839105198625e-06
640,0.6335433124271912,0.034929548066979135,2.2865353481368573,23384.378264160157,1.6716332056295222e-06,14.277045249938965,4.4845215597888455e-05
641,0.9324584670703899,0.0008336118589490251,0.05456935710871534,24452.37160205078,1.653893027968152e-06,1.2338148355484009,2.0781649254786316e-06
642,0.7580609924281516,-0.005762225203813647,-0.37720303701554564,19921.353978515624,1.8130868664812304e-06,2.6248598098754883,8.669493581692223e-06
643,0.41688803207857505,-0.00874789597402171,-0.5726490743043456,20475.9293359375,1.807889772238973e-06,1.9171761274337769,1.0247724276268855e-05
644,0.4113774331502919,0.004167366162152158,0.2728014121487728,37984.5369140625,1.3478259867232296e-06,1.8124679327011108,3.765253723031492e-06
645,0.9070637274488556,-0.004917048117629583,-0.32187660452665534,48409.87429296875,1.2145209770781764e-06,14.987136840820312,1.3032740753260441e-05
646,0.8298523489172984,0.013864083075717905,0.9075615854332632,41398.55050292969,1.3200623027874017e-06,14.606579780578613,2.2978929337114096e-05
647,0.7754044993473843,0.031218084708249813,2.043577948665892,38637.97971875,1.4056935586620307e-06,29.38290023803711,4.386677028378472e-05
648,0.015009168952788938,-0.016760862870507393,-1.0971886995274318,41045.87413330078,1.295583809744628e-06,4.406126499176025,1.3263715118227992e-05
649,0.9952549758219505,-0.0004179536213201458,-0.027359808011193948,21839.5978347168,1.75636214971662e-06,5.199624061584473,7.997116881597321e-06
650,0.9970017385139353,-0.003029488663226968,-0.19831441569084748,21308.63351977539,1.7612058498078417e-06,27.52492904663086,4.364547203294933e-05
651,0.886138200882809,0.005022870585151201,0.32880388604061195,26110.376512207033,1.5997835612234815e-06,4.673296928405762,1.0726795153459534e-05
652,0.9386945779206839,-0.0025017691041015746,-0.16376918127986684,25407.939450683592,1.6298872857023813e-06,5.662346363067627,6.962007773836376e-06
653,0.9381075603658521,0.0038650024879404187,0.2530082780448917,34958.96404101563,1.4132329439786513e-06,9.200044631958008,1.3657581803272478e-05
654,0.994567616331842,-0.0011797211361564398,-0.07722613741217992,48167.2876640625,1.2366737685877745e-06,21.057294845581055,1.987864561669994e-05
655,0.7256447284318873,-0.062860228007549,-4.114915344899104,38408.58479418945,1.3889279293235225e-06,61.399078369140625,8.820151560939848e-05
656,0.8556118338042619,-0.07689809170404818,-5.033852844257037,42519.91552685547,1.2915082277941986e-06,104.97631072998047,0.00013084823149256408
657,0.8248328142998506,0.009819048170966599,0.6427681424598346,25851.483539306642,1.6275025983853733e-06,7.370924472808838,1.6141915693879128e-05
658,0.666874037220263,-0.01212835399988928,-0.793938418048999,20950.772083984375,1.7761294217440972e-06,10.671632766723633,1.9880093532265164e-05
659,0.9968219714325547,-0.0008819701682062271,-0.05773495728426577,24044.265357788085,1.653873780981874e-06,7.570000171661377,1.0490265594853554e-05
660,0.9428635184396494,0.006696893936351003,0.4383877134289605,29817.18083984375,1.4974768488947285e-06,15.625640869140625,2.222884722868912e-05
661,0.256670561493905,0.015376249423976576,1.0065500350097167,22759.884573486328,1.7048629114302193e-06,5.647714614868164,1.7206220945809036e-05
662,0.3121881957425128,-0.013466617218558023,-0.8815429341088634,31011.39784790039,1.4990459474687854e-06,5.965658664703369,1.637902096263133e-05
663,0.15278543366947245,-0.018516600903993857,-1.212121680278771,61775.718690917965,1.0898566576189898e-06,7.041849613189697,1.7791460777516477e-05
664,0.6538036292258901,0.03941676364714962,2.580274534773222,54680.13290551758,1.1694466504071169e-06,32.2766227722168,5.174211037228815e-05
665,0.9975629401781577,-0.006753728111119123,-0.44210815519764024,47097.29772460937,1.2396993116261362e-06,147.06239318847656,0.00015438698756042868
666,0.8544025048201684,-0.02172760722460028,-1.4223184867498613,37006.33374316406,1.3601628790478538e-06,28.03529167175293,3.5173361538909376e-05
667,0.8563782771980162,0.00862891620374337,0.5648604979983206,23888.79638330078,1.676143081671493e-06,3.572258949279785,1.2029163372062612e-05
668,0.5104601246540938,0.011690543862210748,0.7652787756838866,26235.487584960938,1.5847215243143644e-06,2.987504243850708,1.0448873581481166e-05
669,0.9935873287973661,0.0015013728029412202,0.09828188953586162,26372.765861328124,1.5863377048835567e-06,5.423457622528076,8.209034604078624e-06
670,0.48442810481879395,0.018994910644456672,1.2434324812896866,24008.435950073243,1.6805118499747021e-06,5.56240701675415,2.2257469026953913e-05
671,0.9842807551589263,-0.0019848073406546086,-0.12992816668986956,25078.386681640626,1.6533975875667916e-06,6.787024021148682,8.647203685541172e-06
672,0.9992414326953916,-0.00016003691002650512,-0.010476232073787867,24607.84115332031,1.6538728360212812e-06,5.429858684539795,7.273351002368145e-06
673,0.7519059888045114,-0.024385683771234398,-1.596319764129059,61375.46329638672,1.11115349869997e-06,24.361549377441406,2.4807441150187515e-05
674,0.8356505774185583,-0.06293152360397061,-4.11958245084253,34706.057462890625,1.4241515244211937e-06,83.65303039550781,0.00010730613576015458
675,0.5044887487956932,0.08713359119265715,5.703882451902206,55853.520638183596,1.1607446647617187e-06,48.12201690673828,7.415519212372601e-05
676,0.49197751043005344,0.005511336224053743,0.3607795058671043,38122.87844384766,1.3318614599772373e-06,3.6173298358917236,6.473170742538059e-06
677,0.8229768702197562,0.0032271043501192137,0.21125060520463707,29192.63603588867,1.523836089825911e-06,2.8362374305725098,4.465453457669355e-06
678,0.9987480524478266,-7.088881880022724e-05,-0.00464047773144883,25119.770517333985,1.6213959283241943e-06,1.0026434659957886,1.4049840046936879e-06
679,0.8630439401139894,0.0033042098752734776,0.21629803692244248,23523.466778808594,1.6809297981907177e-06,1.3219537734985352,4.229382739140419e-06
680,0.9627016185775475,0.0005275470823196371,0.0345339438465468,19328.648920166015,1.845689703387398e-06,1.1980838775634766,2.090187990688719e-06
681,-0.24625591306378922,-0.007926445313937387,-0.5188758056828485,19010.84341699219,1.8687467861494752e-06,2.3767247200012207,6.472096174547914e-06
682,0.23948219540825474,-0.0028789878922503946,-0.18846243214671723,17954.327540039063,1.9174744725456785e-06,1.3670165538787842,3.3447738587710774e-06
683,0.9700233861339589,-0.002637193975009165,-0.1726342760630372,21521.145626220703,1.7781099669109097e-06,4.083003520965576,8.787057595327497e-06
684,0.16225534624311883,-0.006636678450333598,-0.43444592646337993,34348.93254394531,1.4418144357889003e-06,2.29838490486145,5.634912668028846e-06
685,0.9938455219292597,-0.0015046387471604739,-0.09849568265130781,47711.52296875,1.2526104084611486e-06,15.721611976623535,1.5869907656451687e-05
686,0.9599879637001631,-0.006085305580396496,-0.39835231441041746,53837.84874707031,1.1629500167173644e-06,26.508380889892578,2.2956553948461078e-05
687,0.8895618813935313,0.04707675378816912,3.081707825299494,36448.504137695316,1.4104963095449324e-06,79.08493041992188,8.391023584408686e-05
688,0.3588738447705116,0.013096997577215838,0.8573471336457724,31234.825850097655,1.4848725104799714e-06,6.112486362457275,1.4262192053138278e-05
689,0.9882960658215485,0.0013201986527129797,0.0864219851972437,22843.377685058593,1.7090795389950835e-06,4.7962117195129395,7.491672931791982e-06
690,0.5155579555267797,-0.004458622684645433,-0.2918674571138912,23228.865825439454,1.69518526683615e-06,1.9910227060317993,3.552819407559582e-06
691,0.9509935886608453,-0.0010475102786740873,-0.06857143628460739,23866.27546899414,1.672950221773987e-06,1.8910781145095825,2.6595603230816778e-06
692,0.9799447497783793,-0.0005307944157500422,-0.034746518674642755,16633.898257324217,2.0041267913546903e-06,1.4790037870407104,2.730229880398838e-06
693,0.6961246754076935,0.006095770638849263,0.39903737125760846,16612.04923937988,1.9991402816060287e-06,4.030407428741455,7.053818535496248e-06
694,0.9699348719474274,0.001816940755783444,0.11893939353589357,22873.36398876953,1.7150267210880253e-06,3.812638521194458,5.7623296925157774e-06
695,0.6797036513743442,0.004678759235575123,0.30627789277576895,31159.96125390625,1.4969007772210032e-06,2.9179532527923584,4.4397093006409705e-06
696,0.31939793305271896,-0.026122764532739352,-1.7100314146815732,37858.92044555664,1.3961859009674266e-06,15.740053176879883,2.1489668142748997e-05
697,0.812120589977875,0.030010311043386563,1.9645154548722967,35941.74780615234,1.4300531808296491e-06,28.81183624267578,5.109019184601493e-05
698,0.49144648048453277,-0.09518589288279272,-6.230996985793441,50676.831184570314,1.2115572079065316e-06,50.61992263793945,9.154425788437948e-05
699,0.7802668126850426,0.01720265871847991,1.1261092518664482,27682.92995214844,1.5660675765590844e-06,14.454212188720703,2.6055393391288817e-05
700,0.8383399382159298,0.008154233566041317,0.5337871320283025,22393.855451171876,1.7490770188213958e-06,12.630918502807617,2.5665593057055958e-05
701,0.5927716761042452,0.02425076787809837,1.5874879877175967,25632.246448730468,1.6099481648877132e-06,9.721606254577637,3.036625639651902e-05
702,0.9083929826173737,0.009361028065951842,0.6127855283628703,20083.5637890625,1.8013490441485584e-06,4.430639743804932,1.6426258298452012e-05
703,0.551764532581638,0.01545774426683778,1.01188479738728,17516.240998779296,1.943651788735082e-06,4.363546848297119,2.1602889319183305e-05
704,0.9502783419114226,0.007904789935440137,0.517458215386052,33551.70470800781,1.4678780775474539e-06,2.5116937160491943,1.1529305083968211e-05
705,0.9531145248190769,-0.004729221114198367,-0.3095811954404409,45066.06137255859,1.2596612183731304e-06,13.055397987365723,1.257811254617991e-05
706,0.9508491237106664,-0.006160125024022229,-0.40325009614667484,55377.36393725586,1.148655097654593e-06,18.712186813354492,1.7929740351974033e-05
707,0.9989402367104091,-0.0018786387227261608,-0.12297822570320888,38389.93982421875,1.3816642164474892e-06,39.57111358642578,4.2457671952433884e-05
708,0.16035687736433227,0.01617676187491678,1.058952660207975,37999.64319238281,1.3584216673853677e-06,3.8939735889434814,1.5680363503634e-05
709,0.9976522956715042,0.0007094262864216297,0.04644000196309462,20510.809817138674,1.8079000512664553e-06,7.587059497833252,1.1909659406228457e-05
710,0.9727106062309605,0.0018432998929306904,0.12066489822086669,22527.3006796875,1.7165091709558729e-06,5.0615434646606445,7.775175618007779e-06
711,0.685950095379137,0.013334403807599713,0.8728880658273094,18712.699204345703,1.8890204205577703e-06,3.68723726272583,1.8916754925157875e-05
712,0.7400429830050295,0.004748513123444867,0.31084407639710593,20244.72171533203,1.834977817678093e-06,1.752343773841858,7.312065918085864e-06
713,0.8900195696001141,-0.0021333332450987185,-0.13965087280602761,17633.964148193358,1.9395485351924715e-06,1.8306068181991577,4.489240836846875e-06
714,0.9969867603679611,-1.675036037518174e-05,-0.0010965011920120264,21960.015287353515,1.7635745920340603e-06,2.5996387004852295,4.097004421055317e-06
715,0.2458607455047331,-0.011434923195446863,-0.7485455019195322,36706.453965820314,1.3810869999936787e-06,4.933664321899414,8.011433237697929e-06
716,0.4435676395274395,-0.06133437462534055,-4.015030923611899,46565.185541992185,1.2511300181266245e-06,29.5084171295166,4.7804220230318606e-05
717,0.9691191284957077,-0.0017239969406258142,-0.11285516598330393,35326.25010107422,1.4271497280586503e-06,19.884613037109375,2.1600704712909646e-05
718,0.386203436393779,-0.013829600115939833,-0.9053042843571154,41420.15188232422,1.2930088111374053e-06,8.3872709274292,1.0509920684853569e-05
719,0.9239525565776078,0.005917793372382379,0.38738673924367706,27894.144185791014,1.5645244237442296e-06,10.786232948303223,1.5756757420604117e-05
720,0.604609555277828,0.017846931544627288,1.1682842204061257,22460.16162841797,1.7401879064470278e-06,10.282303810119629,2.279278851347044e-05
721,0.80248248346855,0.007968116745238984,0.5216036738045846,23577.709887695313,1.6885388107663397e-06,7.32951545715332,1.3043072613072582e-05
722,0.8784574291245248,-0.009181267038878602,-0.6010181289727559,22552.76710546875,1.7165078868466037e-06,14.445225715637207,2.0420648070285097e-05
723,0.8858446941936602,-0.003786675559908349,-0.24788089164662308,20908.45553466797,1.785965671028608e-06,5.907444953918457,9.133723324339371e-06
724,0.9431569465464502,-0.0027997664390536636,-0.1832764889241555,27486.120558105467,1.6144341502580128e-06,5.854572772979736,7.811427167325746e-06
725,0.9548135199014747,0.011926716353184591,0.7807389456189144,51716.26097802734,1.2108508374662383e-06,29.91813087463379,3.561889025149867e-05
726,0.7259548258712698,0.03460469695735345,2.2652701561676896,58777.13710449219,1.1067435605323094e-06,17.86919403076172,4.518609421211295e-05
727,0.8972671387612992,0.03245652901757199,2.1246481842307516,41313.16077685547,1.3051624652035404e-06,46.57758712768555,6.205472891451791e-05
728,0.9975685386714499,0.000657971086182914,0.043071675125149964,34688.84868969727,1.420819086631602e-06,8.446967124938965,1.0087034752359614e-05
729,0.9993202210933808,6.459877673145264e-05,0.004228723090251011,22362.120233398437,1.7307608962880823e-06,7.231567859649658,1.1022292710549664e-05
730,0.5570418242088732,-0.0055207978308722365,-0.361398875416323,23607.066111816406,1.678812948311478e-06,3.255807638168335,5.451542619994143e-06
731,0.7382808872170774,-0.008847046750627243,-0.579139617928587,23073.63236279297,1.6973071010966097e-06,4.318479537963867,1.0707752153393812e-05
732,0.7607415548499229,-0.009569237182621104,-0.6264151780839521,22616.745674438476,1.7085660696360526e-06,5.646014213562012,1.3002624655200634e-05
733,0.9672881834420642,-0.0021303266412105774,-0.13945405645859307,18312.715380126952,1.9131336889563148e-06,4.905048847198486,8.034804523049388e-06
734,0.3023732601647374,-0.018137646213674342,-1.1873147949135128,24661.272270507812,1.6548921352333213e-06,5.720783710479736,1.6654632418067195e-05
735,0.43751667731873733,-0.0329080736340335,-2.154206904109415,44135.06151904297,1.2765345087640563e-06,21.595645904541016,3.000469587277621e-05
736,0.8714325136602117,0.03983979033686484,2.607966432686828,47360.40957226563,1.2284723392562803e-06,51.55350112915039,7.235334487631917e-05
737,0.9034060749895669,0.0225657100575011,1.4771818290732905,58271.45850878906,1.1127020817682764e-06,43.58351516723633,5.055273504694924e-05
738,0.8688954808430909,-0.008180456111153376,-0.5355036952143439,35814.178029296876,1.3974286707078383e-06,10.413165092468262,1.4242900761018973e-05
739,0.937468353400107,-0.004331651364289744,-0.28355574315652243,31148.23588696289,1.465524050036513e-06,7.937497615814209,1.1286690096312668e-05
740,0.826759625832528,-0.010558415979097518,-0.6911681568351716,22160.09169897461,1.7291773704534468e-06,7.649531364440918,1.593189335835632e-05
741,0.8016015940566984,0.026931139001428423,1.7629486981701699,23261.011021484373,1.6693795741883622e-06,8.214177131652832,3.155661761411466e-05
742,0.6320422558159304,0.01141120568215782,0.7469929214967534,26895.99446044922,1.5678774015286853e-06,4.060483932495117,1.2599298315763008e-05
743,0.9331830965468977,-0.0010102654264481877,-0.06613333800210595,23983.62558178711,1.6630987763344463e-06,1.9807790517807007,2.5194281079166103e-06
744,0.6320874226009101,-0.008427164701210256,-0.5516535724120779,37439.215033691406,1.3650420626479543e-06,8.305537223815918,9.01760722626932e-06
745,0.9332449062841089,0.006176131684687526,0.40429791375217744,51378.44925585938,1.212349953073744e-06,10.076512336730957,1.5705245459685102e-05
746,0.9923293462351925,0.0031321179384286094,0.20503266652685131,58089.95927587891,1.1257786003301626e-06,35.46706008911133,2.9848117264918983e-05
747,0.9083550713012375,0.022483571138677584,1.4718049046141604,37966.462697998046,1.387902419429253e-06,38.22719192504883,4.788409569300711e-05
748,0.7226006331210638,-0.04793874916377189,-3.138135205707244,34608.34323193359,1.4088975557120107e-06,40.656063079833984,5.2475235861493275e-05
749,0.6707042740364877,0.01581635197790273,1.0353597420356369,32170.279764648436,1.4483604716801734e-06,6.609334468841553,1.769621485436801e-05
750,0.7231436560860212,0.0143487985846653,0.9392917166927087,22337.702157470703,1.7352867462198081e-06,4.5847249031066895,1.599014831299428e-05
751,0.8845861706032669,-0.0008530498674253977,-0.05584179537196979,21925.361534179687,1.7627634017908996e-06,1.1544643640518188,1.6019812392187305e-06
752,0.7481598126008975,-0.0028761860873311096,-0.18827902221612652,21053.134395751953,1.7728759363010922e-06,1.79306161403656,3.290048880444374e-06
753,0.9463067508602581,0.0018186881668118176,0.1190537814196543,19255.450649414062,1.848849493105735e-06,2.4847412109375,4.033873210573802e-06
754,0.4428420643060519,-0.013612608633892406,-0.891099729148023,18452.010021728514,1.9012174447095289e-06,3.221639394760132,1.2400841114867944e-05
755,0.4835794171577905,-0.0050737706738786005,-0.33213587452999416,24641.61478149414,1.6557474756633427e-06,2.184185028076172,4.047513357363641e-06
756,0.2644143914390169,-0.05487993102898172,-3.5925143365856305,30321.442124267578,1.5129774496294236e-06,10.789570808410645,4.1463656089035794e-05
757,0.4028285770001122,-0.10927227689308444,-7.153110690362404,59519.609553710936,1.1073622872398415e-06,65.59413146972656,7.912032742751762e-05
758,0.6910016184788553,0.0890775593158946,5.831137228314152,71610.99607373046,1.039328567024156e-06,74.81089782714844,9.706143464427441e-05
759,0.9935801081431355,-0.006164523252221415,-0.40353801009927803,55677.30179785156,1.1366829100888335e-06,121.41246795654297,0.00010472776921233162
760,0.25388614632001705,0.04675394593079799,3.0605763873799408,42477.28917480469,1.2707946565338701e-06,14.832961082458496,4.409941902849823e-05
761,0.9878618386397705,0.001952983346899022,0.12784492511739054,30557.147270996094,1.490419073838763e-06,18.348695755004883,2.1212767023826018e-05
762,0.9881608614335899,0.001956379419407122,0.12806723660621128,24636.027280029295,1.6486585398634269e-06,8.958941459655762,1.2889976460428443e-05
763,0.8700354257580503,-0.0031059715432608472,-0.20332108821891548,30172.7190078125,1.4876209747789828e-06,4.918635368347168,6.7110090640198905e-06
764,0.8294839544155339,-0.01625491802937286,-1.064068867537528,27940.121754882814,1.557079075192992e-06,14.630207061767578,3.403886512387544e-05
765,0.848369856957185,-0.01018737966765982,-0.6668796192360653,23376.83530517578,1.7016117534779975e-06,14.94692611694336,2.3211365260067396e-05
766,0.19099582783404903,-0.016511311712415974,-1.0808527439905793,33096.97468945313,1.4564096965306185e-06,5.064396858215332,1.773731673893053e-05
767,0.7257373740065456,-0.026435614500956797,-1.7305109957405942,50016.46074707031,1.2238361902778637e-06,20.139385223388672,3.863014717353508e-05
768,0.8244196640268626,0.004178160064279719,0.2735079955466361,72957.97357373047,1.0069797073218973e-06,6.115516185760498,5.912081633141497e-06
769,0.7012132822719397,-0.0159150055671915,-1.0418177391072507,41780.2884296875,1.3343081092515126e-06,17.821613311767578,1.817346128518693e-05
770,0.9125438029397411,0.03328234521041662,2.1787072265173064,53428.272847167966,1.1574450570189411e-06,88.64378356933594,9.50746180023998e-05
771,0.9214151837161014,-0.002520867414201523,-0.16501938242903352,32299.67989794922,1.457955435257703e-06,5.106868267059326,7.116106189641869e-06
772,0.9094611524532585,0.0065241551068529685,0.42707999656741796,26049.661380371093,1.5911520078421921e-06,8.904154777526855,1.2681984117079992e-05
773,0.9680985770828835,-0.002321014828889829,-0.15193676252638083,29408.762180419923,1.5127231131573582e-06,6.979918479919434,9.249455615645275e-06
774,0.45137435988651264,0.013516664514730433,0.8848190976468931,25105.878724609374,1.6274931776500112e-06,6.040369510650635,1.817702104744967e-05
775,0.9731675715752195,-0.0025239211734023165,-0.16521928562686258,28940.39712109375,1.6019999354218636e-06,10.160428047180176,1.1725917829608079e-05
776,0.2369311766977807,0.013616341718210016,0.8913441018846363,28198.392431152344,1.573357487145931e-06,5.281073570251465,1.592410626471974e-05
777,0.5954461746581207,-0.013831262712811963,-0.9054131201917658,53559.87715283203,1.1649330639601987e-06,13.667017936706543,1.2032838640152477e-05
778,0.9853545916162583,0.0021158311709789427,0.13850516341798053,37539.74118603516,1.3941588531289125e-06,16.754066467285156,1.869655716291163e-05
779,0.8816641787187244,-0.09466893493271675,-6.197156220831855,36669.43024780273,1.4204671223015945e-06,149.73251342773438,0.00019253056962043047
780,0.6796145907219447,0.09560829037847667,6.258647695816766,27031.7331965332,1.5762433134693167e-06,23.642311096191406,9.938723087543622e-05
781,0.7139908558099087,0.010388316267428777,0.6800332001877895,27560.398939941406,1.5772553030719327e-06,7.632605075836182,1.5703881217632443e-05
782,0.9975614866484286,-0.00017301765350708064,-0.01132596905740181,25313.084356445313,1.6294923401555637e-06,7.536793231964111,1.0298074812453706e-05
783,0.42499426889894704,0.01145147858512749,0.7496292400667975,24831.038427978514,1.6499595945181708e-06,2.9659860134124756,1.309757681156043e-05
784,0.9364159829059615,-0.0016095416407826994,-0.10536276761699669,23687.736865966795,1.6832919608098254e-06,2.5175397396087646,4.0054924284049775e-06
785,0.9954724501002241,0.0001575855818493066,0.010315764823644798,25867.550924560546,1.643939687339831e-06,1.623598337173462,2.36173741541279e-06
786,0.7446670891699284,-0.011763049054440774,-0.7700250634010796,49153.1526496582,1.2204597929949482e-06,13.108200073242188,1.3092475455778185e-05
787,0.5890209178099589,0.027767877589464973,1.8177227351839607,42548.025889160155,1.2999448983259707e-06,16.57247543334961,3.9163649489637464e-05
788,0.8070164436339281,0.02272804752507409,1.4878086587482948,33594.214166992184,1.4688295586535858e-06,15.630888938903809,3.305490827187896e-05
789,0.37165825924852186,0.014301484927397676,0.9361945008459818,40927.01529003906,1.2864131219656556e-06,3.9067184925079346,1.0954669050988741e-05
790,0.9660594136204974,0.003262277013374881,0.21355305520106938,24445.753032226563,1.6497977555337337e-06,6.531312465667725,9.836830940912478e-06
791,0.9619180217656802,-0.0014079153762784405,-0.09216404028111073,24948.56671484375,1.6403305495596046e-06,2.8244972229003906,4.051742507726885e-06
792,0.9191913820715231,-0.0014802756145135718,-0.09690083911420658,23122.556850585937,1.6989580578596888e-06,1.5856276750564575,2.797892420858261e-06
793,0.49358986638287217,0.02186005128710098,1.4309884537926063,21402.588536865234,1.7619258904392936e-06,5.064023971557617,2.2805996195529588e-05
794,0.8521675228073896,-0.002914486657911801,-0.19078622924665073,18282.786982177735,1.9036084388811391e-06,3.018493890762329,4.469389295991277e-06
795,0.9944791962344128,0.00038819261877085333,0.025411612626745805,24026.479499023437,1.6800554823751148e-06,2.262521982192993,3.4920205962407636e-06
796,0.7244207152597891,-0.006763680820017906,-0.442759672951696,52043.794702148436,1.1775136255185573e-06,4.242199897766113,6.237005436560139e-06
797,0.7947624751688025,0.033228645475005765,2.1751919693783623,48868.95050976562,1.2247361496442097e-06,13.169533729553223,3.596451279008761e-05
798,0.9807331537947147,-0.01163163071399228,-0.7614222415079147,44001.54706005859,1.2915936058631571e-06,33.2867317199707,3.741624459507875e-05
799,0.954051620189484,0.02431440156459413,1.591653534698789,41808.28125830078,1.2882790247654594e-06,56.23664474487305,6.38084311503917e-05
800,0.7327875998126913,-0.00854700521874539,-0.559498494394969,38500.14580322266,1.3365468321248585e-06,8.789156913757324,1.1739646652131341e-05
801,0.6998239999057315,-0.003141365899585895,-0.20563805054280773,23970.012530273438,1.6635009745973897e-06,2.671668529510498,4.114558578294236e-06
802,0.6915894241336383,0.029147113442287306,1.908009375161341,26910.62141333008,1.5802425984189585e-06,11.438338279724121,3.91138564737048e-05
803,0.6976328541643877,0.00399853185064649,0.2617492903035145,23302.399081298827,1.7140489301702365e-06,2.587026596069336,5.429276370705338e-06
804,0.9730119164755977,0.001183478271026473,0.077472084530407,22224.32489819336,1.7245412838272195e-06,2.3553566932678223,3.697221018228447e-06
805,0.7007115824494579,-0.005607440601665246,-0.36707062810258295,18634.95511352539,1.9035149189677025e-06,2.3624773025512695,7.987616299942601e-06
806,-0.21236756530934717,0.013624655007746496,0.8918883010351094,28791.244927978514,1.551998456791069e-06,2.9588334560394287,9.379697985423263e-06
807,0.7473459056640732,0.013018255714424746,0.8521925850582921,46024.54175878906,1.2722241662895543e-06,6.403303623199463,1.5768759112688713e-05
808,0.5794165326020881,-0.041202402257518034,-2.6971648476331573,47139.44073632813,1.2494002353747214e-06,18.544994354248047,3.7038280424894765e-05
809,0.7735073404086157,0.03793910291457961,2.4835448693593936,37200.67839086914,1.396533657778285e-06,24.654428482055664,4.7792411351110786e-05
810,0.9605688823716368,-0.002826721297257398,-0.18504099031331375,34947.97704882813,1.4036256856993573e-06,8.695637702941895,1.1037248441425618e-05
811,0.9664451306171402,0.0015388143246771926,0.10073286206986554,20332.202723388673,1.7991996029849853e-06,3.6506950855255127,6.928551556484308e-06
812,0.9976038266350492,-0.00014760937786247296,-0.009662709049422416,23490.654352539063,1.697626535439511e-06,4.564329624176025,6.417626536858734e-06
813,0.2962045506130365,0.006143908264483232,0.40218852518540593,20612.16439575195,1.7957750072575898e-06,1.5676870346069336,6.34286652712035e-06
814,0.9713400138572725,0.0009884004891544827,0.06470202970372818,18904.646282958984,1.8731078543455107e-06,2.6369683742523193,4.816172349819681e-06
815,0.015351560050388027,0.006968429453140864,0.45616279475048416,24896.638541503908,1.6869360215537448e-06,1.9735506772994995,7.209428531496087e-06
816,0.6556244958789578,-0.010015689630459512,-0.6556405577335045,42981.523603027345,1.3050372953491638e-06,8.445515632629395,1.0356578968639951e-05
817,0.8224125348364981,-0.008771575778673634,-0.5741991862688569,46184.62973046875,1.2313526138636762e-06,10.77575969696045,1.068229630618589e-05
818,0.8077728369715661,-0.024703516080257722,-1.6171254959400811,33458.12238574219,1.4949479906657733e-06,45.62826156616211,4.326229100115597e-05
819,0.8774041100825398,0.027799496111841977,1.8197925263227475,40300.58104321289,1.327632352359609e-06,41.74435043334961,5.160508953849785e-05
820,0.02114814198394795,-0.03479326499044351,-2.277614074055269,22896.304020019532,1.7216453418400684e-06,13.643963813781738,4.152348992647603e-05
821,0.9398333590864317,0.0032085948476545363,0.21003894819777413,23071.665130615234,1.6949069946561096e-06,4.506965637207031,7.166202522057574e-06
822,0.4773884958062825,0.010039926337390455,0.6572271252726484,22697.576281982423,1.7080937369769497e-06,4.008252143859863,1.0879888577619568e-05
823,0.7853096135124881,-0.007640519524622789,-0.5001587177045528,23093.738198486328,1.6965424360490127e-06,5.6047492027282715,1.0668350114428904e-05
824,0.49744823275403593,-0.020445393083484687,-1.3383830189356254,23030.212923828127,1.7003320230249308e-06,6.774403095245361,2.1870859200134873e-05
825,0.9694117121418496,0.004762172098184003,0.3117382113140666,29534.80358984375,1.5305483623212363e-06,8.851314544677734,1.3741327165917028e-05
826,0.5162332289558355,-0.055488827445413516,-3.632373517610688,42155.95313085937,1.2978624105868226e-06,12.1102294921875,5.167625567992218e-05
827,0.8007420040988337,0.0363518318548092,2.3796399640259422,50928.407938476565,1.1952454624899793e-06,52.0107307434082,5.83283654123079e-05
828,0.9082441843356107,-0.048462744536843176,-3.172436649873947,51611.184586425785,1.1746625659336414e-06,97.45915222167969,0.00010723625018727034
829,0.6503542072828049,0.0585226868615063,3.8309740486817425,40316.86198876953,1.3363218301673235e-06,28.33126449584961,6.313691847026348e-05
830,0.9975870925554763,0.00026674310490237694,0.017461363572798472,34993.36469921875,1.3883462132769983e-06,4.769611835479736,6.186790869833203e-06
831,0.7365481813977425,0.02481568531634214,1.6244682454880779,25736.09896948242,1.6180996438979319e-06,11.950888633728027,3.379268309799954e-05
832,0.8976597109787054,-0.012800010049460887,-0.8379059293431772,26299.97886328125,1.5781179435431067e-06,17.338830947875977,2.5194523914251477e-05
833,0.6621061760769589,0.017763602330274027,1.1628293775955103,28677.06739038086,1.518773584133132e-06,7.932699680328369,2.3584201699122787e-05
834,0.9439058796131224,0.003419239075409605,0.2238280035763143,26203.707545654295,1.611713558983372e-06,5.83197546005249,9.502539796812925e-06
835,0.6060160629561395,-0.02280892591822608,-1.4931030674960952,31028.309285644533,1.4979096489443843e-06,11.853630065917969,2.7893165679415688e-05
836,0.49706422073780815,-0.036620982345104545,-2.3972589182949346,54808.4217866211,1.1482640254734077e-06,18.042987823486328,3.482824467937462e-05
837,0.9649592789758339,-0.0431739286350436,-2.826223624556128,63381.58788671875,1.0708270727306813e-06,213.46942138671875,0.00017377352924086154
838,0.9255154634482322,0.033228161981635626,2.1751603192499585,45012.83447265625,1.2759247405396221e-06,82.42603302001953,9.237715130439028e-05
839,0.6841930798310775,-0.07343408612976231,-4.807094365259263,45969.34353662109,1.221371211701497e-06,24.963294982910156,9.69802713370882e-05
840,0.6970684371693949,0.04399150457062118,2.8797432484831105,37152.28214257812,1.3431720375145524e-06,20.07008171081543,6.423401646316051e-05
841,0.3768451961310306,-0.12253278616608987,-8.021161520246668,25407.843078125,1.6318794380073632e-06,49.524070739746094,0.0001780474412953481
842,0.03662318785506449,0.11782802786906589,7.713181693827005,28685.146700683596,1.5198843874568613e-06,32.00901412963867,0.00012495553528424352
843,0.6791973575780647,0.009885115702012184,0.6470930121893308,30601.55540966797,1.4769169146304356e-06,6.27528190612793,1.4420823390537407e-05
844,0.998173987220724,0.0003030014846096325,0.01983488603314727,31660.883689697264,1.4569743767276985e-06,9.08705997467041,1.1264060958637856e-05
845,0.4903826727342523,-0.015277294991141136,-1.0000723443135993,38398.87486669922,1.3539258175273545e-06,9.488546371459961,1.5713912944192998e-05
846,0.6457465962660219,0.013504977811362952,0.8840540702751762,35432.259982666015,1.4316923119311672e-06,3.6879239082336426,1.5853696822887287e-05
847,0.9974961866333533,-0.0013386122329424705,-0.08762736300516008,41280.9592734375,1.3103575581040215e-06,23.110509872436523,2.383419814577792e-05
848,0.7942228974166863,0.026714174899003965,1.7487459352681411,42569.153044433595,1.2801110039125567e-06,9.552661895751953,3.49153924616985e-05
849,0.9367781819648121,0.022021003954782098,1.4415246325981295,61848.62240917969,1.0896708861000934e-06,54.7176399230957,6.397293327609077e-05
850,0.7800950156762821,-0.023502860121593985,-1.5385289367984787,35976.265447021484,1.4479179844010535e-06,28.452451705932617,3.252128226449713e-05
851,0.5975572259391241,0.06482448844408902,4.243498483520969,27252.29975439453,1.5780677969799623e-06,15.273219108581543,7.385586650343612e-05
852,0.6964661509332898,0.014627790010921645,0.9575548719084304,27587.597205078124,1.5508195650035914e-06,5.027160167694092,1.75101995409932e-05
853,0.7366938450564562,0.00921279883469149,0.6030822428736328,24657.927098876953,1.6395290063091271e-06,4.491466522216797,1.1515582627907861e-05
854,0.9914725018035705,-0.0006084211132028239,-0.039828067034345355,22262.7771328125,1.734067771437e-06,2.5014660358428955,3.5825480608764337e-06
855,0.972117841251928,0.002729941811854485,0.17870567461086262,19877.2644095459,1.8319952022252262e-06,5.591843128204346,1.0535445653658826e-05
856,0.7996122736982529,0.006978163518627765,0.456799999811775,18626.03667504883,1.8708319219595435e-06,3.07924222946167,8.966278073785361e-06
857,0.685440471479337,0.0037066263394277053,0.2426407616607208,28922.878058105467,1.575353544989483e-06,1.7704328298568726,5.1179777074139565e-06
858,0.4670625458942952,-0.028938000084156618,-1.8943205325740688,43856.220647949216,1.3174502303315676e-06,16.68821144104004,4.21565018768888e-05
859,0.9513538774330453,0.021351498412269257,1.3976978963977733,40817.33344482422,1.334546675461691e-06,42.49876022338867,5.5213506129803136e-05
860,0.7047016343232207,0.027129211801719302,1.7759148109438334,40484.06891894531,1.3501005875752863e-06,19.078693389892578,3.1439885788131505e-05
861,0.715335857766588,-0.012179709887764331,-0.7973002437656125,39950.59571044922,1.3013443926293049e-06,9.119523048400879,1.4393540368473623e-05
862,0.9762753055445017,0.0009068938853902031,0.059366497441580374,24360.760564453125,1.6624769178483903e-06,2.956406593322754,4.819820333068492e-06
863,0.8842738110773635,-0.0037817069631725913,-0.24755564059999738,23827.47485644531,1.6909252587002512e-06,4.140224456787109,5.62507011636626e-06
864,0.9030041221019195,0.0017847464057820636,0.11683190794383014,21623.78144580078,1.7649353171767003e-06,1.9255397319793701,3.43999909091508e-06
865,0.8048477627213075,-0.004878060982376777,-0.31932445404628845,18870.388958740234,1.8804598908322414e-06,3.115638256072998,7.721916517766658e-06
866,0.8654475252116322,-0.002676023618481215,-0.17517611691892643,17432.326564697265,1.953944724372544e-06,3.149419069290161,6.111188213253627e-06
867,0.6206485058987187,0.008818212155866463,0.5772520664480097,16170.387923583985,2.0365522793259445e-06,2.133469820022583,1.1708980309776962e-05
868,0.9551554105039031,-0.0005201229534487912,-0.03404795035302203,17598.861486816408,1.9497579952282154e-06,1.0755122900009155,1.4389448779184022e-06
869,-0.4316933597273838,-0.09902054842936767,-6.482018712108349,19274.058436767576,1.8689275249282102e-06,12.438397407531738,7.221809937618673e-05
870,0.5760678845653939,-0.016963207415368196,-1.110434446464658,32418.99538305664,1.4776705255650101e-06,11.33421516418457,1.73086464201333e-05
871,0.6635700807365067,-0.010601054402098083,-0.6939593255383183,46126.38132568359,1.2733818128036384e-06,8.307868957519531,1.0694949196476955e-05
872,0.4596895058583364,-0.19614027135788856,-12.83960682208031,48815.31364257813,1.219337686578565e-06,120.64564514160156,0.0001637096720514819
873,0.4170904825978924,0.12961564591486324,8.484815076554092,78935.01246386718,9.489707684451584e-07,77.08464050292969,8.971073111752048e-05
874,0.5790969618476145,-0.08291613283635894,-5.427801937133468,48064.55754589844,1.2006206244040138e-06,64.29496002197266,0.00010075787577079609
875,0.18927418680425037,-0.08405691546493692,-5.502479107298458,27887.710549316405,1.5405148410255138e-06,32.8531608581543,9.62843987508677e-05
876,0.6162220085969451,0.0723535243608381,4.736359333825341,34748.41958837891,1.3932667167481046e-06,130.2904510498047,0.00017441058298572898
877,0.8585051498656487,0.05477982830642768,3.5859614772951054,32979.44747265625,1.4243791094445383e-06,53.30599594116211,9.669216524343938e-05
878,0.4771934594308788,0.10517649125811646,6.88499503610924,35158.07040429687,1.3849782487644836e-06,32.856117248535156,0.00015020558203104883
879,0.9595948381971098,0.0029347408983126295,0.19211209915305055,33486.534455566405,1.4177613669450934e-06,10.276875495910645,1.2486952073231805e-05
880,0.8721217335125009,-0.008776368500565571,-0.574512924310892,28878.556428710937,1.5347699382350888e-06,13.56712532043457,2.4628714527352713e-05
881,0.9465856561640914,0.002373308647702807,0.15535998646777438,21633.540008789063,1.7364520710871363e-06,5.758278846740723,8.495831025356892e-06
882,-0.1550977694867299,-0.012599714498007758,-0.8247943122791961,26007.437893066406,1.6205228581494466e-06,4.733963489532471,1.139487540058326e-05
883,-0.4093300517047649,-0.005214799604469752,-0.3413678186218061,26707.443217773438,1.594984958820793e-06,2.316579580307007,3.752948714463855e-06
884,0.9536997107928062,0.0041610364466089,0.2723870604284024,41615.482447265626,1.3077534871274667e-06,11.360943794250488,1.2866020369983744e-05
885,0.7915750917388079,0.02222693514432075,1.455005166135554,58352.454587402346,1.0938803074511366e-06,19.265533447265625,3.452622695476748e-05
886,0.988948838413859,0.0046081629422343486,0.3016565641556108,60247.217029785155,1.1055058917343167e-06,37.09479522705078,3.340430703246966e-05
887,0.8801774951966429,-0.044457539137574206,-2.9102505000727508,34743.9414116211,1.4663384655975732e-06,70.35575866699219,7.157817162806168e-05
888,-0.00028109500162252046,0.02903517907779126,1.9006820006244398,30659.666650390624,1.5003704346756072e-06,7.859813690185547,3.0978528229752555e-05
889,0.958204333235757,0.002741539163671981,0.17946485290955214,22842.200932617186,1.719286979502194e-06,5.1390862464904785,7.917445145722013e-06
890,0.9945723176169617,-0.0011708501716461025,-0.07664543210542762,21759.95915234375,1.7467973927218487e-06,4.825325012207031,7.1530321292812005e-06
891,0.7532553768376169,-0.005232914242377554,-0.34255362726197125,20979.18950708008,1.7934445313638031e-06,3.416077136993408,7.717263542872388e-06
892,0.41111164589089816,-0.004614535276994233,-0.3020737057874091,19117.307209960938,1.8587772569497852e-06,1.705803632736206,5.6341391427849885e-06
893,0.5701039320457433,0.015898057837001565,1.0407083178208467,17286.99617578125,1.971952981030893e-06,3.9795405864715576,2.3639968276256695e-05
894,0.39306226871149347,-0.0021120497820691776,-0.13825762859758578,16811.386136474608,1.983713943132492e-06,1.2682989835739136,2.262250518469955e-06
895,0.30890631197328944,-0.0028083388965710232,-0.18383765356036144,17892.94979418945,1.934118911342734e-06,1.739916443824768,2.4360595034522703e-06
896,0.6274417922641434,-0.002191122579716145,-0.14343384062727377,19117.998211914062,1.885470630350418e-06,1.886400580406189,2.604406745376764e-06
897,0.24645835300208524,-0.002302634816510149,-0.15073358211520735,20163.77368823242,1.8093053638627774e-06,0.9419047236442566,1.922490582728642e-06
898,0.5148436283713481,0.021837704820683507,1.4295256239480423,29600.887931152345,1.5286194189276461e-06,5.936338424682617,2.12140403164085e-05
899,0.9961160847135484,-0.0015269088927768201,-0.09995351643324758,52298.150743652346,1.1754228364542073e-06,24.888952255249023,2.1412328351289034e-05
900,0.9838226210438246,-0.004273524593597061,-0.27975068631447564,41925.22772460937,1.3189629355504938e-06,14.563228607177734,1.5552190234302543e-05
901,0.9839773316616508,0.015318325739907454,1.0027582724920803,32687.03193383789,1.5190788935405963e-06,101.4903793334961,0.00011405399709474295
902,0.2628363823633451,0.038974211148297314,2.5513044510466383,29179.566474121093,1.5270103523675086e-06,11.037314414978027,4.0038667066255584e-05
903,0.9553417168017795,0.002921292933109162,0.19123177720501736,22701.051239746095,1.7160955906999612e-06,6.178655624389648,9.26510438148398e-06
904,0.8873085648782119,-0.005038094991920553,-0.32980049625056324,20553.721513671873,1.8237911423149786e-06,4.139975070953369,8.857286957208999e-06
905,0.9600138816215723,0.001824516504565619,0.11943531227340005,19048.47468798828,1.861767782488655e-06,2.917966604232788,4.856064606428845e-06
906,0.27625097964959966,-0.011915154278688582,-0.7799820766212904,18059.553982910154,1.9115173107946327e-06,2.8215529918670654,1.1060731594625395e-05
907,0.9904766695889101,0.0011830212879512566,0.07744216980167996,15629.096600219727,2.073566643667415e-06,5.2541375160217285,9.345156286144629e-06
908,0.586618937653076,-0.009179377099392634,-0.6008944109838421,15062.991018066406,2.0933470200058655e-06,4.702372074127197,1.2235874237376265e-05
909,0.27369810077940393,-0.01927140224207879,-1.2615319943499048,16250.67628881836,2.0114568781062334e-06,5.566125392913818,2.1154432033654302e-05
910,0.8563233257788686,0.02478617212251261,1.6225362719968024,17366.621838378906,1.9547971916811026e-06,8.400168418884277,3.8367863453458995e-05
911,0.9918966506259547,0.00024174284883413932,0.015824813076843487,23086.872997314455,1.7108339815174843e-06,1.9119126796722412,2.819199380610371e-06
912,0.757098722512982,-0.008902849685073249,-0.5827925533142922,27312.061454589842,1.612075666404788e-06,6.639317035675049,1.399746906827204e-05
913,0.8792178433340243,0.01750474816310146,1.1458844345313275,49687.916946289064,1.214625850915491e-06,13.19921588897705,2.2467920643975958e-05
914,0.9474451924098329,0.00957380489187627,0.6267141864951669,52844.00925488281,1.1867108683210935e-06,26.148962020874023,2.4969667720142752e-05
915,0.969727364168612,-0.10077370230767053,-6.596782530574477,43646.009396484376,1.3193396118986054e-06,282.1756286621094,0.00034251133911311626
916,0.6656279312009352,-0.020707036700738812,-1.35551056316605,31439.677564697267,1.4896870184287251e-06,18.20543098449707,2.90437055809889e-05
917,0.9982836922419409,-0.0008309366522040182,-0.05439423446543628,23766.200513183594,1.6661047561560935e-06,12.768177032470703,1.8513508621254005e-05
918,0.6739016868819653,0.017978786282405766,1.1769156094573576,23179.17838989258,1.6847442359361527e-06,6.664025783538818,1.73179832927417e-05
919,0.8655656382065575,0.007096233024559491,0.46452898898541867,22011.36314379883,1.7483133439499346e-06,4.17415714263916,1.1327667380101047e-05
920,0.9859881120781101,-0.001149078481497154,-0.0752202278909673,19483.91359765625,1.8576973559745534e-06,3.50653076171875,5.087402314529754e-06
921,0.5631354078397677,-0.010365633215201956,-0.6785483369819787,19883.885712280273,1.8326760387212714e-06,5.0018768310546875,9.701088856672868e-06
922,0.8423936719680644,0.008934853391483893,0.584887559119664,22348.2650625,1.7370135837387261e-06,4.716020584106445,1.1853353498736396e-05
923,0.09477851842689416,-0.06887190811075992,-4.508448036227497,33692.93122851563,1.4430706777402776e-06,17.542558670043945,5.096353925182484e-05
924,0.8657785310901008,0.019486279815794056,1.2755981702672021,37335.860752441404,1.363182084527678e-06,20.669139862060547,2.9986214940436184e-05
925,0.434674798703632,-0.06222499856917067,-4.073332368725351,60159.92323535156,1.1124942477875612e-06,40.178443908691406,4.751658707391471e-05
926,0.9901183049932223,0.010994806195534338,0.7197348492398518,71854.22498876954,1.0201158618219672e-06,92.66417694091797,6.90690940245986e-05
927,0.9580296800380079,-0.03172925489969742,-2.0770398391380387,52358.125081054684,1.2085359302764943e-06,108.96809387207031,0.00010887408279813826
928,0.4179074104291895,-0.030125697377828276,-1.972068800019706,31460.345448242188,1.487639441318599e-06,15.694374084472656,3.759682658710517e-05
929,0.9198455529514157,0.009569225533821162,0.6264144155377899,36573.35365234375,1.357639860136723e-06,22.88637924194336,2.770519131445326e-05
930,0.9974914523893832,-7.785843687508498e-05,-0.0050967183349807516,32594.968141601563,1.4488114800111613e-06,20.665178298950195,2.5100516722886823e-05
931,0.8335039480756994,-0.00851585929127866,-0.5574596399566975,30205.709065429688,1.4867668139929908e-06,13.85202407836914,1.678457010712009e-05
932,0.6836566443140621,0.03777155307407123,2.4725768307187996,31234.262121582033,1.466005778943472e-06,27.63721466064453,5.2808336477028206e-05
933,0.5679539635634282,0.03534202613602785,2.3135367191080074,28087.168668945313,1.5374075451132407e-06,19.461429595947266,3.756886871997267e-05
934,0.9160242446594978,0.005456415022066931,0.35718428987793066,30595.35892138672,1.498225085575084e-06,9.034004211425781,1.1150781574542634e-05
935,0.9026564186767928,-0.013151182998881943,-0.8608941844623382,56364.5978359375,1.1237536666870748e-06,19.18975067138672,2.3410702851833776e-05
936,0.9544757546243109,-0.04338922417435433,-2.84031716106528,54738.676818359374,1.1458084469021892e-06,124.88569641113281,0.00011732193524949253
937,0.4082339430591523,0.0616385883139717,4.0349451621559655,53230.70685742187,1.2066189411421863e-06,30.351150512695312,6.945885252207518e-05
938,0.6829170356859005,-0.030857897556674715,-2.0199996117105457,42433.859549804685,1.274170124809364e-06,21.63552474975586,3.8626847526757047e-05
939,0.2295480699924274,0.02166561375502299,1.4182603105813545,33147.5501875,1.413540610160446e-06,10.271125793457031,2.450785177643411e-05
940,0.9962352499620607,0.0009835619907522313,0.06438529506956009,26035.163756103517,1.5937427390791728e-06,9.826216697692871,1.39359926834004e-05
941,0.7941491934048086,0.010642333765081063,0.6966615283388857,25229.445618408205,1.6289802599999934e-06,8.864192008972168,1.802488804969471e-05
942,0.9966597736798797,0.00028709304569414317,0.01879349815592106,31442.509795898437,1.4675323731150662e-06,5.8084001541137695,7.435015959345037e-06
943,0.2787742510841394,-0.024852518064513787,-1.6268793668831216,32889.88124121094,1.4340836414621797e-06,7.050027847290039,2.356708500883542e-05
944,0.9659565407989683,-0.002504076581456082,-0.16392023186105353,46717.58374902344,1.2464936169263338e-06,7.614066123962402,7.915772584965453e-06
945,0.9689602288470034,-0.005230590508278938,-0.3424015124923795,61790.98893017578,1.1061567031064276e-06,24.20087432861328,2.0304316421970725e-05
946,0.32973723913532416,-0.0815456264746114,-5.338086741420853,42572.70618408203,1.286074923445194e-06,33.59912109375,0.00013428308011498302
947,0.49809311715753063,-0.2278425679104239,-14.914881931437268,69240.2700522461,1.027235481411321e-06,248.6371307373047,0.00024531135568395257
948,0.9063111233589095,0.03602202405112359,2.3580503001753694,31455.123877441405,1.4680983551100614e-06,72.4159927368164,0.00010149118315894157
949,0.8796774883841427,0.034542586342972824,2.2612043115422886,27162.39018701172,1.5647610720262348e-06,35.94729232788086,7.923640077933669e-05
950,0.6116946777207464,-0.06043470550508215,-3.956137369044478,28956.225079589844,1.5117960343529217e-06,49.549495697021484,8.357042679563165e-05
951,0.8652984603969797,0.03771547338013259,2.468905778283266,28794.72888671875,1.5167663925247154e-06,45.90309524536133,8.470211469102651e-05
952,0.932460062321493,0.016783251794634534,1.09865430871096,42117.57671289062,1.2767896102050874e-06,50.4036979675293,6.364266300806776e-05
953,0.4637001069113907,-0.045997823107523914,-3.0110795671051993,47927.871171875,1.1909698520639586e-06,36.039981842041016,7.638011447852477e-05
954,0.2576588690787165,0.0953451801539341,6.241424145494295,61037.66151269531,1.0721769415802773e-06,64.25575256347656,0.0001364040799671784
955,0.8718805739562282,0.013293312193943656,0.8701981533510188,68597.97576953124,1.0282690324048338e-06,25.750234603881836,3.210354770999402e-05
956,0.9120666701321088,-0.09341238080396612,-6.114900492050987,55270.385482910155,1.1477425675546177e-06,392.745849609375,0.0003396445536054671
957,0.8370863774783994,0.13401718264893447,8.77294561031531,78397.25241308594,9.438874271991412e-07,158.3731689453125,0.0002984910970553756
958,0.823847096444387,-0.06961751228606147,-4.5572562916127755,56470.49604882813,1.093519782614654e-06,61.99254608154297,0.00014781155914533883
959,0.9953838548701124,0.001968688260824723,0.12887298997416172,46497.089569335934,1.1999395840666979e-06,32.71555709838867,3.3950607758015394e-05
960,0.9987374996675757,-0.0036490171960133714,-0.23886958939876737,38076.453661132815,1.3401081484647179e-06,115.35520935058594,0.00012146720837336034
961,0.8559210584271248,0.04383325730669765,2.869384169058056,39891.73195800781,1.2857510995933766e-06,35.36277389526367,7.272928633028641e-05
962,0.07176211274682336,0.048677724823826055,3.1865095495403377,31733.821953125,1.449438182313587e-06,26.715282440185547,4.609470852301456e-05
963,0.16144628456307128,0.02346064516779697,1.5357654889607983,34011.394608886716,1.4169344108026919e-06,9.989412307739258,3.18255988531746e-05
964,0.6071856088055977,0.035646100568121314,2.333441841731212,41074.034412597655,1.2933905102805418e-06,14.808520317077637,5.796688492409885e-05
965,0.7617106572195665,-0.009824616809462344,-0.6431326730497265,56707.08154492187,1.1010092996865948e-06,22.78294563293457,3.4990993299288675e-05
966,0.5955365332163606,-0.036418332533334506,-2.3839931881739225,75955.69052539063,9.976086613840165e-07,30.90890884399414,4.8564856115262955e-05
967,0.9706209497977383,0.01208074727656462,0.7908220177027341,54920.25145361328,1.1428246485875242e-06,60.14511489868164,5.317205796018243e-05
968,0.6340369986889741,0.0416830839204424,2.728630917888925,68083.98396484375,1.0098848886712703e-06,88.44417572021484,9.95780064840801e-05
969,0.506882828828069,0.023080601697361945,1.5108873305800496,35638.47686376953,1.3774302138866842e-06,7.920008182525635,2.7070529540651478e-05
970,0.9980066169927572,0.00012494640525914492,0.008179160282859506,26520.31374316406,1.5843438753227075e-06,3.8447961807250977,5.163014520803699e-06
971,0.7811938033659623,0.004361580560298258,0.28551494871176064,25202.463721679687,1.6216179816535513e-06,2.1530580520629883,5.516882538358914e-06
972,0.6797170110389753,-0.004897843167588581,-0.3206194225830541,24231.40672338867,1.6504310302533215e-06,3.179823875427246,4.63382457382977e-06
973,0.38412365542889326,0.005341949790859304,0.3496912413911017,24686.669711914063,1.651484457943722e-06,1.4534438848495483,5.110958682053024e-06
974,0.8211305419411317,-0.006297128782595376,-0.4122185470468814,22265.762385009766,1.7390002690334673e-06,5.09160041809082,8.503828212269582e-06
975,0.9683423926166544,-0.0025881585788421705,-0.16942435286475452,24409.309065185545,1.6541744891575408e-06,6.028230667114258,8.444257218798157e-06
976,0.9347988899294118,-0.010709195126721437,-0.7010383632902606,36125.68039990235,1.3870690997655548e-06,14.493903160095215,2.105018575093709e-05
977,0.9722177800697889,-0.005390029980453335,-0.35283863547822425,72220.73410498047,1.019143634440494e-06,25.118989944458008,2.041438528976869e-05
978,0.9450315337997439,0.021115796786743073,1.3822685499503045,61112.56342675781,1.0892503846026808e-06,40.50889205932617,4.795374843524769e-05
979,0.98367618531285,-0.014312712150431714,-0.9369294500150784,45227.227522949215,1.2609303301977654e-06,73.94892120361328,7.41116818971932e-05
980,0.43391475960816894,-0.02737896967970587,-1.7922642986439563,44484.00909765625,1.2473168449135697e-06,16.875715255737305,3.1041825423017144e-05
981,0.9485337708826148,-0.004345098809182408,-0.2844360310443085,36991.387112304685,1.356052821118974e-06,14.070825576782227,1.5685292964917608e-05
982,0.3755187324321009,0.01325286245172579,0.8675502586451719,31834.95738183594,1.4539097946273195e-06,6.6122026443481445,1.5892514056758955e-05
983,0.4313451497042593,-0.07050167743709611,-4.615134935434757,25226.81645410156,1.632032557492363e-06,22.923856735229492,9.613069414626807e-05
984,0.6323341730299301,0.009692702292830185,0.6344973707940708,30993.117320800782,1.4762440705675988e-06,5.017023086547852,1.5793015336384997e-05
985,0.3979818974432679,-0.01913959730614148,-1.252903865394395,23923.216061767576,1.668048385613393e-06,4.586237907409668,2.7016978492611088e-05
986,0.6452004255608813,-0.005113277749811012,-0.3347220610288223,26268.505482910157,1.6134114884613725e-06,3.8951165676116943,7.257208835653728e-06
987,0.8884741202980287,0.0023383640364152713,0.1530724650608945,25660.885124267577,1.6159029368084334e-06,2.507371425628662,5.47428180652787e-06
988,0.8781742260385679,-0.00667064088965363,-0.4366691535679877,28817.649013183593,1.5338470154773442e-06,7.0152740478515625,1.592977423570119e-05
989,0.8051898291674413,0.001976498916744707,0.1293842860498777,30229.345102539064,1.5140985301589229e-06,2.295266628265381,3.5355155887373257e-06
990,0.23254234730423343,-0.020125088137863133,-1.3174154249964665,35314.68119873047,1.381879925947201e-06,5.161787033081055,2.2550542780663818e-05
991,0.6753966047294614,-0.005002990275401087,-0.3275024941391656,42913.302557617186,1.2767204224121022e-06,7.6156535148620605,8.367293958144728e-06
992,0.7168334976576932,-0.041810915499949884,-2.7369989455711483,48331.44128027344,1.2109426824236244e-06,63.9160270690918,7.19091622158885e-05
993,0.5268800967607176,-0.06289060241963698,-4.1169036948996505,37392.76490429688,1.3810658199559057e-06,22.975282669067383,7.926583930384368e-05
994,0.40141588578272175,0.08058108963677564,5.274946858532516,38902.165013671874,1.357792761658828e-06,42.878108978271484,9.357850649394095e-05
995,0.8338552786811819,0.010181113866048537,0.6664694514079236,20242.246379638673,1.8203074118527213e-06,10.826604843139648,2.271500852657482e-05
996,0.907019123749095,0.014240375150591142,0.9321941723986468,21895.402823242188,1.7515866073673342e-06,14.368254661560059,3.5451350413495675e-05
997,0.7492966099083846,0.021667116052531504,1.418358653003365,23933.651464111328,1.670125110319395e-06,8.697356224060059,3.121202826150693e-05
998,-0.3716344828374205,-0.01284366813561245,-0.8407638465720552,21213.365567871093,1.7612224574188447e-06,3.1298463344573975,8.02671092969831e-06
999,0.8034662819017668,-0.008939897544292214,-0.5852177561687503,20907.82501831055,1.7938655220039973e-06,10.457568168640137,1.3943604244559538e-05
