state_idx,cos_sim,mean_A,mean_safe_delta,mean_sigma_i,mean_alpha_i,v_unbiased_norm,v_intentional_norm
0,0.7581943503497826,0.022512549474202864,1.2008170747346474,33843.25822070312,2.409336341139574e-06,22.38138198852539,6.778439274057746e-05
1,0.9819935390638777,0.00560985648202892,0.299229168075807,30942.585785644533,2.474871763169174e-06,34.11103820800781,7.938119961181656e-05
2,0.8969670244870455,0.013083520794751944,0.69787365424725,52667.79675292969,1.959208718343989e-06,33.02656936645508,6.199436757015064e-05
3,0.9243653060528659,0.0071625042456077564,0.3820472401777916,56409.180875,1.8396526461667506e-06,24.36730194091797,4.8574776883469895e-05
4,0.877338825435721,-0.01577157405734232,-0.8412541389503931,58363.268104492185,1.841923190918661e-06,62.77879333496094,8.450591121800244e-05
5,0.9966618436758575,-0.0012186229651365954,-0.06500122368977507,54928.693298828126,1.936114675575813e-06,51.74639892578125,8.071590855251998e-05
6,0.93869423605436,-0.011537316431575429,-0.6153992724603637,61054.464612304684,1.8334169408157215e-06,47.98646926879883,6.712169124512002e-05
7,0.7592040590382386,0.03760650992188429,2.0059273734022782,83984.48395410157,1.5916948680019827e-06,17.928373336791992,9.188296826323494e-05
8,0.19320743536223056,-0.08511133254235786,-4.539829728631873,49869.26522216797,1.997771986728651e-06,61.82590866088867,0.0001873652363428846
9,0.8456439446736808,-0.03645946353863711,-1.9447440372326366,62062.380259765625,1.7575654162980415e-06,149.78646850585938,0.00022848046501167119
10,0.984044252237386,0.004234488174415267,0.22586716393123418,41899.060849121095,2.1438282368561115e-06,25.870637893676758,4.7868306864984334e-05
11,0.9987372704346091,-0.0013839443749736047,-0.0738194506959598,29450.426094238283,2.5890185427123456e-06,26.282424926757812,5.4744868975831196e-05
12,0.9821472492843991,0.006473006815359323,0.3452695181265091,23812.027483642578,2.854828268520468e-06,28.761003494262695,6.389345071511343e-05
13,0.4675126664862179,0.034073777523885365,1.8174917904468038,21277.546217041017,3.025803730054716e-06,11.920235633850098,5.252455230220221e-05
14,0.41428995453812134,-0.025848607038141173,-1.3787620422588838,23363.548813720703,2.9045245119636698e-06,5.631161212921143,3.61665224772878e-05
15,0.3672741450253262,-0.02181047436106914,-1.1633684603712098,28249.45617504883,2.632664508386777e-06,7.742382049560547,3.2855554309207946e-05
16,0.7961803442336596,-0.016317904794606135,-0.8703953643149626,42607.304483642576,2.2033980614345482e-06,15.450495719909668,3.107927841483615e-05
17,0.5360604680418181,-0.0435000343662068,-2.32028736142665,63193.75869726563,1.8377545429330024e-06,29.846620559692383,5.5829426855780184e-05
18,0.9511625401817867,-0.019394992319314942,-1.0345268965680032,48479.63220996094,2.0439416852499534e-06,53.286258697509766,0.00010644618305377662
19,0.9983968948498899,0.011576684886970726,0.6174991818241954,47081.17031445313,2.015988364891502e-06,402.13873291015625,0.0007079844945110381
20,0.9386773313913546,0.0684726114569425,3.652322056344052,40995.812725585936,2.1553325252826545e-06,153.36178588867188,0.0003305395948700607
21,0.5231246567049658,0.09734659869796192,5.192457567624884,38413.323688476565,2.21733218879241e-06,36.948734283447266,0.0001904246601043269
22,0.6626432510580732,-0.009508310535621409,-0.5071723065456057,35968.68701171875,2.3373552791651214e-06,8.32175350189209,2.6399040507385507e-05
23,0.9352586000827976,0.0031668955421334266,0.16892188267048816,25966.960715576173,2.7680377654643516e-06,4.442033767700195,9.939071787812281e-06
24,0.7382854038001816,0.017400687667631004,0.9281508914554325,23309.82393798828,2.9029549903027376e-06,7.051323413848877,2.813049650285393e-05
25,0.5480179039628598,-0.003502583375708201,-0.18682743720571235,21473.852452026367,3.023827272975053e-06,1.2101490497589111,5.1906222324760165e-06
26,-0.03867213525822262,-0.012301139589245388,-0.6561415211718594,26125.84349609375,2.745677823923428e-06,3.5070507526397705,1.004184377961792e-05
27,0.7418978956879093,0.013634950495498139,0.7272868577998118,32672.110124511717,2.5015296694308497e-06,7.756221294403076,2.166220838262234e-05
28,0.8752114798009566,-0.010902345185190664,-0.581529971451249,42684.15575854492,2.236760853241767e-06,12.55205249786377,2.4111384846037254e-05
29,0.791991766507098,0.031839185074539325,1.6982988589077663,58408.81143554687,1.9084467699086838e-06,12.829133987426758,4.5464763388736174e-05
30,0.9651232079307638,-0.007987287751607881,-0.426041107602686,51212.287297363284,2.053841278279382e-06,18.908458709716797,3.004382233484648e-05
31,0.956526233142894,-0.01615314056029385,-0.8616068569939905,24540.2818125,2.8313004224537873e-06,37.78599548339844,0.00010564726835582405
32,0.6482545729496149,0.010332074277954803,0.5511117798813452,38338.05722216797,2.2520957030584366e-06,6.553393840789795,1.5138389244384598e-05
33,0.8266072158830345,0.014496674630926396,0.773251134601022,19637.650345458984,3.1463660283385765e-06,8.125812530517578,3.163198925903998e-05
34,0.843276769088579,0.0074314846373170285,0.3963946266212254,21144.02388745117,3.0461633947137635e-06,5.493797302246094,1.6769556168583222e-05
35,0.7159647867325332,0.004620750148706591,0.2464703379334164,20788.391282958983,3.111946244778751e-06,3.058608293533325,9.263425454264507e-06
36,0.9716913149693912,0.0012747859367981524,0.06799695082482554,18541.849595214844,3.2185011702951948e-06,1.9543404579162598,5.7371080401935615e-06
37,0.8800535177409449,0.010128645629460004,0.5402609166824581,17805.212489013673,3.293144401169107e-06,4.015089988708496,2.3602064175065607e-05
38,0.6604874732438298,0.0076843519464333526,0.4098825428955254,19059.778602539063,3.1848083406655076e-06,1.6672029495239258,1.4961254237277899e-05
39,0.3056301596332512,-0.004012638904970597,-0.2140337467044632,20953.19538745117,3.0868996132722447e-06,1.073324203491211,5.785627763543744e-06
40,0.9789362516464063,-0.0012634943703813556,-0.06739465983289114,30249.249942871094,2.5968905415816816e-06,2.7911643981933594,5.06545939060743e-06
41,0.8115902466878645,-0.014846790781715184,-0.7919262940932562,48498.21170654297,2.0963459690712473e-06,16.050207138061523,2.7199379474041052e-05
42,0.8900150850494226,0.010987138344570291,0.586052829856088,42476.84884375,2.1829814117071236e-06,16.056781768798828,3.024373836524319e-05
43,0.664756582639236,0.059390218401946866,3.1678681444320462,36338.892124511716,2.3897612887689494e-06,40.36564636230469,0.00010794580157380551
44,0.9943812363870709,0.0002196050821607627,0.011713712507742812,43433.93887158203,2.144738106497898e-06,12.269357681274414,2.2412428734241985e-05
45,0.967704541672836,-0.0045475711654642545,-0.24256697848983963,21330.909607421876,3.033450640780299e-06,9.071455955505371,2.326899630133994e-05
46,0.6574574903662713,-0.014345187108689811,-0.765170805737364,20693.89925,3.080294814191791e-06,6.327865123748779,2.2507256289827637e-05
47,0.9568616803180265,-0.0013686322233041185,-0.07300270209995048,20049.846135742187,3.14141193262428e-06,1.9646289348602295,5.260844318399904e-06
48,0.1556586117834593,-0.0051732104344034266,-0.27593851278130443,22337.396736816405,2.9716378913573174e-06,0.9870703220367432,6.054819095879793e-06
49,0.7730459926197056,0.0028012450814768764,0.149418124686786,21010.305756591795,3.0899561075241734e-06,1.6070891618728638,6.956456672924105e-06
50,0.17006032655928344,-0.019444827747812313,-1.0371851132011276,22587.012725830078,2.9903013544369657e-06,3.7740511894226074,3.2491530873812735e-05
51,0.7165544073774511,0.02509836809598547,1.338744374206504,20797.75383129883,3.0621213859607245e-06,13.553340911865234,5.392483217292465e-05
52,0.6005198392353869,0.011652345040932292,0.6215348866588792,22500.473669433595,2.9568744259657576e-06,2.4187612533569336,2.185161974921357e-05
53,0.9787821566413593,0.0037907008228263445,0.20219559221742608,34112.59728125,2.4073476909093104e-06,10.696146011352539,2.2658843590761535e-05
54,0.9901804184932722,-0.006523735074861229,-0.3479753582736351,52891.943758789064,1.9944850581666943e-06,35.97578811645508,5.669054371537641e-05
55,0.9589783096623928,-0.02498089012822814,-1.332478111482694,46239.378207519534,2.1279865049175463e-06,51.99502182006836,9.406087337993085e-05
56,0.9643891119051573,-0.02084979130461566,-1.1121257248951801,43407.26781738281,2.1952972016943043e-06,68.62041473388672,0.00012815553054679185
57,0.16965499630078193,0.11975831267183613,6.387896087137575,46173.690984375,2.0545698977578664e-06,40.255699157714844,0.0001322206953773275
58,0.7973337316436248,0.012969045992949737,0.6917675800867701,26402.013158447266,2.7032480182828477e-06,9.593125343322754,2.7095647965325043e-05
59,0.9897963573085946,0.0019373106072171882,0.103335948639523,26443.750428955078,2.706967086371913e-06,9.553629875183105,2.2516469471156597e-05
60,0.9040788102643978,-0.004337048791021196,-0.23133773667808538,26495.021121826172,2.7265780457551296e-06,5.924191951751709,1.3334005416254513e-05
61,0.7085085893689186,-0.00585402465458753,-0.3122530733003624,26835.679430664062,2.7386785839479714e-06,2.1066856384277344,7.214213837869465e-06
62,-0.2956349551683329,-0.01568779289951999,-0.8367852606045897,21912.922166992186,3.030569723852757e-06,2.11216402053833,1.4169292626320384e-05
63,0.07087101744592085,0.02206690727790368,1.1770465657946663,26496.07894946289,2.7750562372176378e-06,4.362809181213379,2.1775398636236787e-05
64,0.9983863432697399,-0.0022676811032149567,-0.12095787693499525,38176.2326940918,2.330260648879613e-06,32.00175094604492,6.345697329379618e-05
65,0.9852016007159251,0.007817640385812154,0.41699213455035794,49289.19496118164,2.089592757416931e-06,21.918128967285156,3.635397297330201e-05
66,0.9869383930801477,-0.0030110694205253874,-0.16061013336235094,73942.71024707031,1.6531623227023392e-06,16.621437072753906,2.2494994482258335e-05
67,0.8238812947649035,-0.013524226121005128,-0.7213808310464724,48654.89661523438,2.0227738881210686e-06,25.191251754760742,3.215334072592668e-05
68,0.989998795617887,0.0031454577769700195,0.16777839448040693,52238.40267480469,1.923946042103139e-06,26.051706314086914,4.6872730308678e-05
69,0.5618509936987758,0.013363530730763438,0.7128093554499617,28167.50381982422,2.6053753075604423e-06,4.437241554260254,1.925777723954525e-05
70,0.8396212342924699,-0.008483991568122455,-0.4525352381159821,22327.003227539062,2.948652657147644e-06,6.763350486755371,1.9388817236176692e-05
71,0.8744457540850795,0.004586542719952503,0.2446457172000895,23118.671045166015,2.9040226521214434e-06,3.456303119659424,1.0414170901640318e-05
72,0.846026433658107,-0.007055001816491888,-0.3763130716596631,25375.58967163086,2.7827780257353183e-06,5.496591567993164,1.3751439837506041e-05
73,0.683213278243074,0.005483827432730716,0.29250679154163095,21932.542234375,2.999319598333357e-06,1.7771095037460327,8.777458788244985e-06
74,0.8962684933790094,-0.004554176791349158,-0.24291932189550283,21056.43976477051,3.0588328088825086e-06,4.1579108238220215,1.2419443010003306e-05
75,0.6319705987087091,0.028378199103032364,1.5136902229660658,28721.770880371092,2.6663444182599465e-06,10.079471588134766,4.414891009218991e-05
76,0.997115553166519,0.0003778020635485624,0.02015192323281554,47784.16617822266,2.133042377202529e-06,15.799505233764648,2.4535003831260838e-05
77,0.9139295268460305,0.010486274870680596,0.5593368236460026,45640.13401220703,2.126463767527111e-06,9.889471054077148,2.37323092733277e-05
78,0.9898043538743125,0.01334309380960477,0.7117192521762097,47718.912364746095,2.0878241412215626e-06,55.09287643432617,0.00010835328430403024
79,0.9777756941338392,0.008225714176965689,0.43875874862178427,49246.94554833984,1.999239180409102e-06,29.60272979736328,5.299654003465548e-05
80,0.35323005436629223,0.016259557584368985,0.8672831301188226,25655.59088330078,2.7337810039503593e-06,4.502115249633789,2.2116470063338056e-05
81,0.9984120150138137,0.0011327569841697062,0.0604211410917542,26456.269143310546,2.7364183894399666e-06,4.804905891418457,1.1645636732282583e-05
82,0.7540378785264771,0.007794916281939991,0.41578003318578327,22143.02827758789,2.9937510197313227e-06,3.0252630710601807,1.288368093810277e-05
83,0.9583091446630619,-0.0032954352593430824,-0.1757781779729723,21543.045302001952,3.001681942553681e-06,4.66632604598999,1.337171397608472e-05
84,0.709453220727308,-0.00889376052688925,-0.4743922722536419,23776.81067541504,2.9017644156631278e-06,3.97849178314209,1.4192624803399667e-05
85,0.7383270464890064,0.00655247449614552,0.349508316050617,32071.628231933595,2.5016120866714827e-06,3.405460834503174,9.490167030890007e-06
86,0.7489587485894611,0.010758266964672502,0.5738448539795985,33634.31637768554,2.4923791265357326e-06,6.435877323150635,1.656005042605102e-05
87,0.42562322216940845,-0.03380442125927372,-1.8031243549813962,41303.64028100586,2.2792491080042034e-06,11.803439140319824,3.4005719498964027e-05
88,0.8997567178373729,-0.017099911748730687,-0.9121075348601086,38717.88188232422,2.313299419923176e-06,19.969112396240234,5.17792759637814e-05
89,0.9904016041168843,0.008686767445241052,0.4633512825567653,48893.36748144531,1.9955888338863192e-06,74.96095275878906,0.0001307838538195938
90,0.48778430030050746,0.044223958297661424,2.358901389513335,42966.208770507816,2.135521500799137e-06,10.17989730834961,6.723246042383835e-05
91,0.7126627578983985,0.010999741963478776,0.5867251055930542,27332.687314941406,2.685194364335975e-06,6.119990348815918,1.8559258023742586e-05
92,0.9981561389654712,-0.0016357747848762018,-0.08725205887278965,30043.945955322266,2.5578030596241486e-06,12.70810317993164,2.70150867436314e-05
93,0.9925122912549222,0.0012467036054620553,0.06649904215813353,25555.652971435546,2.76356345918674e-06,5.323102951049805,1.2069307558704168e-05
94,0.9969377267422607,-0.0002458440652757932,-0.013113297169813536,27959.197466064452,2.68805049068672e-06,3.2492823600769043,7.661088602617383e-06
95,0.927811677889129,-0.01011897189246704,-0.5397449205456832,39860.92954663086,2.2897093709451107e-06,12.233051300048828,2.6160889319726266e-05
96,0.719270277262266,0.016602363453602585,0.8855683599443768,36774.65306201172,2.350607351175084e-06,8.784680366516113,2.1749829102191143e-05
97,0.9990552072500702,0.0014170170671683037,0.07558354469785622,50813.53102124023,2.0391945492231164e-06,14.763590812683105,2.4669589038239792e-05
98,0.8759494739553214,0.012342290437608804,0.6583365031933861,38062.38327416992,2.3593752867082086e-06,8.977151870727539,2.6377987524028867e-05
99,0.9188721657540244,-0.11623083413967915,-6.199740744846027,39249.59074609375,2.236424855643063e-06,233.31192016601562,0.000455495435744524
100,0.6716640110900912,0.07992727196449162,4.263312470313622,38084.52326708984,2.2472228111220656e-06,15.451390266418457,0.00012282836541999131
101,0.4621453824620762,0.027722001382670253,1.478688704017014,22805.045013183593,2.917760546911903e-06,7.134296894073486,3.947852746932767e-05
102,0.5066845114536931,0.015699337979125427,0.8374010739639461,23491.17907421875,2.9146808536022672e-06,6.1662821769714355,2.2653293854091316e-05
103,0.9131109374919675,0.0034729652524191947,0.18524760955412678,21999.616859375,2.9901275861535835e-06,3.6910805702209473,1.1006545719283167e-05
104,0.8308854114698526,-0.002332329731140392,-0.12440622810286221,25294.8914453125,2.7910396723067923e-06,1.7274291515350342,4.341665317042498e-06
105,0.33688654978353627,-0.008371394998126185,-0.44652934864695465,18525.528864501954,3.2463757581396545e-06,2.0003960132598877,1.3913809198129456e-05
106,0.6276076939546545,-0.005807921211631934,-0.30979392039239995,21966.622662353515,2.9853906792995244e-06,3.5194873809814453,1.1286046174063813e-05
107,0.8213457641946367,0.003542771529822448,0.18897106921495038,31279.76782861328,2.528600759469322e-06,2.149188756942749,6.827168817835627e-06
108,0.6679219728480328,-0.04295410579368788,-2.291167587488232,38750.125371582035,2.3387080200399436e-06,13.606956481933594,6.193418812472373e-05
109,0.7773840142703187,0.047000396454418614,2.506996315385647,54991.920970214844,1.9358828977943416e-06,34.8176383972168,8.199677540687844e-05
110,0.889127581572381,-0.017282355572059288,-0.9218390696418048,56358.93145556641,1.894073773511851e-06,32.62995147705078,5.458351370180026e-05
111,0.32230329562815924,0.05474505471618145,2.920095590941547,53933.01235351562,1.951296680213623e-06,76.18328857421875,0.00014139170525595546
112,0.8268416961127515,-0.1331975535717646,-7.104743815228031,51002.66950830078,2.0042765230570893e-06,107.22578430175781,0.00027166440850123763
113,0.7106688417411848,0.07119639936046616,3.797608623121168,57664.99101855469,1.865909708366974e-06,70.75682067871094,0.00013050480629317462
114,0.5085904731704659,-0.02135095851355675,-1.1388579323016839,23614.520572753907,2.8218164395880016e-06,12.555150032043457,5.57227831450291e-05
115,0.9777142278605172,-0.003763244903433276,-0.20073109629938202,31903.239437988283,2.458547343097629e-06,17.220083236694336,3.588122854125686e-05
116,0.8488800878609588,0.013515318010481423,0.7209056733468637,28365.96575048828,2.6084756509304404e-06,15.20514965057373,5.506805973709561e-05
117,0.43057187551956916,-0.0280342947040009,-1.4953463976740191,30952.8308671875,2.5357976517959776e-06,11.601157188415527,4.446443199412897e-05
118,0.9724294513263054,0.001077471116659654,0.05747219860198143,26048.966430664062,2.749810646029311e-06,1.5454658269882202,4.376596280053491e-06
119,0.7463669752289744,-0.0036431401037756972,-0.1943247186320427,24785.712775146483,2.826277638247782e-06,2.088048219680786,5.578086074820021e-06
120,0.5140136369266992,-0.019019722488974673,-1.0145100423942124,26860.737932861328,2.7509546232567613e-06,4.736433506011963,2.3893529942142777e-05
121,0.7052102934570172,0.010138668133840581,0.5407955160358363,37966.082668457035,2.3132208072726962e-06,3.9806666374206543,1.28713327285368e-05
122,0.6766035227015047,0.011745463866091457,0.6265018352205466,36611.030197021486,2.384912153972643e-06,5.630282402038574,1.789719499356579e-05
123,0.9989319796893584,0.0015666978388145902,0.08356750167075624,46038.29760205078,2.129562042413978e-06,28.869659423828125,5.063128628535196e-05
124,0.9976892027058781,-0.0009661515512834789,-0.05153442442811772,69396.60573046876,1.719457019242553e-06,45.581024169921875,6.115997530287132e-05
125,0.9373928681455718,0.007416741646755927,0.39560823702022924,52230.66796875,1.9603482247937805e-06,18.425081253051758,3.463629764155485e-05
126,0.8683286616218456,-0.048391637944060546,-2.5812049934278947,44746.33093261719,2.083047052838989e-06,97.31556701660156,0.00018426829774398357
127,0.9038959576476283,0.007403447739603199,0.3948991413792746,48202.935859375,2.014166409878918e-06,13.449883460998535,3.074986670981161e-05
128,0.9914112124054053,0.003208020981087338,0.17111550935672395,40129.4211796875,2.212876742258439e-06,20.362520217895508,3.8245776522671804e-05
129,0.32812187118167596,-0.022041602812377454,-1.1756968282047169,28507.793958007813,2.6122838545667087e-06,10.164212226867676,3.080852548009716e-05
130,0.4418329374751557,-0.026649187763545988,-1.421464935854794,37155.62425732422,2.307785800388254e-06,19.090789794921875,4.396123767946847e-05
131,0.9170209537143076,-0.017322599194243456,-0.9239856603121902,30101.133861816405,2.5654464535930026e-06,27.479515075683594,7.615926733706146e-05
132,0.96738316903241,0.009057748526776252,0.4831393753101635,35667.91265576172,2.3669483032217496e-06,17.308250427246094,3.9358626963803545e-05
133,0.8710899194164776,0.01983294364479329,1.0578871752489987,43505.32342529297,2.1582113406031713e-06,19.22443962097168,3.9729293348500505e-05
134,0.806075271219948,0.013270480547059524,0.7078460682164612,56393.53401904297,1.9297866530923832e-06,14.78207015991211,3.239852958358824e-05
135,0.8004671171682876,0.04333163045715563,2.3113047142292533,57212.30817822266,1.928540571992902e-06,30.588211059570312,8.144378807628527e-05
136,0.7525729634907503,0.011727538354720006,0.6255456902866795,64324.46882421875,1.7606733167217317e-06,9.773096084594727,2.5717887183418497e-05
137,0.983201045442091,-0.0029557640778139424,-0.15766015206733786,58739.43214355469,1.8083387696510594e-06,22.686689376831055,3.401238427613862e-05
138,0.9925828958427055,-0.001995783472288246,-0.10645488525158646,50712.440563476564,1.9382816870724636e-06,20.771299362182617,3.518578159855679e-05
139,0.8065040667174693,0.010384148810674848,0.553889430103534,28777.45870361328,2.6090002056622173e-06,6.583898544311523,1.9944171071983874e-05
140,0.9675308737185817,0.00409598534845975,0.21847943743242212,30304.38442114258,2.560288926263284e-06,6.888125419616699,1.631287523196079e-05
141,0.687913916695272,0.015321453748990571,0.8172447679738641,31882.75032446289,2.571966870833035e-06,5.103297233581543,2.26352276513353e-05
142,0.9013379923605591,-0.029273159435384524,-1.5614273150946205,60086.48846435547,1.9073701132040414e-06,39.00797653198242,5.2837796829408035e-05
143,0.8851646573305377,0.049792168823329055,2.6559091665579038,45650.190125976565,2.116658584378461e-06,45.17684555053711,0.0001189748290926218
144,0.788837203756183,-0.05554363987879589,-2.9626920414233555,34094.54811132813,2.3945777122337167e-06,54.39264678955078,0.00013391206448432058
145,0.3805375615353058,0.035659317822100335,1.9020643469650302,55977.498446289064,1.8844355744210137e-06,10.842097282409668,4.388545494293794e-05
146,0.18905608026065904,-0.016221004289920325,-0.8652267013560884,25275.05483251953,2.77584582673296e-06,5.343575954437256,2.6305486244382337e-05
147,0.9606968950658318,0.0020780643748544605,0.11084374013625015,26715.609065917968,2.7131549037284806e-06,2.989938497543335,8.462386176688597e-06
148,0.9502305161399698,-0.007554927015838833,-0.4029790304020898,31764.316483398437,2.5001292512444955e-06,12.82660961151123,2.4907945771701634e-05
149,0.9056897540582965,0.003841099336726599,0.2048838437680568,34957.809509277344,2.405735846937516e-06,3.227473735809326,9.546819455863442e-06
150,0.4829819437666532,0.02384927938268736,1.272118110641577,34903.53634716797,2.4595647958211976e-06,6.571232318878174,2.5924655346898362e-05
151,0.589156608675816,-0.01698079598524091,-0.9057539122802901,54895.70959863281,1.9463679290514582e-06,5.201432704925537,1.5321304090321064e-05
152,0.9968064852369529,0.0022305549754256834,0.11897757309516468,51652.34388476562,1.9893349058326906e-06,36.20786666870117,5.7227884099120274e-05
153,0.8808862246186507,0.034135011951818575,1.820758028538054,59202.6552734375,1.8203120499926345e-06,65.6670150756836,0.00010972211748594418
154,0.8738922201712681,0.02439808686074193,1.3013914451053235,36724.713459960934,2.267079683613324e-06,23.830080032348633,7.12583860149607e-05
155,0.98802879826377,-0.00721746464521622,-0.3849788222431507,27601.551587890626,2.6471404529100084e-06,29.43050193786621,6.838287663413212e-05
156,0.9674577593184456,-0.002160514793600689,-0.11524163699653008,30274.215619140625,2.542252598451528e-06,4.920297622680664,1.1120369890704751e-05
157,0.7765277468776206,-0.008908292316902443,-0.4751673964391232,27624.796709960938,2.6523029929512975e-06,4.149238109588623,1.2754420822602697e-05
158,0.4973661276188326,-0.015607453814386727,-0.8324999820621871,25473.744466308595,2.7953601128786884e-06,3.3070523738861084,1.5013082702353131e-05
159,0.46321791587793526,0.019110921458953066,1.0193745860778927,24410.019801269533,2.873645332806991e-06,2.2638354301452637,2.116889118042309e-05
160,0.9383308298432378,0.014286329838872337,0.7620313650156422,37166.860178222654,2.3097306132450725e-06,15.648012161254883,3.16765763272997e-05
161,0.6787524147090522,0.015442794062053209,0.8237170477992223,47551.80622314453,2.113546239051068e-06,6.631932735443115,1.6010069884941913e-05
162,0.817656585895109,-0.027997305102564787,-1.4933733761358312,50365.12266796875,2.0238828515106062e-06,23.0050048828125,5.9950958529952914e-05
163,0.967140569131789,-0.07448986515926204,-3.9732817502710054,43050.6887578125,2.1430187906847574e-06,313.45281982421875,0.0005068468162789941
164,0.4647053330507078,-0.03714973606265124,-1.9815631027057048,35403.318006835936,2.3468440289018967e-06,25.187772750854492,8.48055278765969e-05
165,0.857509546900132,0.06360026293085921,3.392431486824884,22323.527061523437,2.9464691752098805e-06,27.049358367919922,0.00014578900299966335
166,0.6815020429933566,0.05651791856812924,3.0146599665596097,23695.920942382814,2.8734448129213103e-06,17.48860740661621,8.749438711674884e-05
167,0.7826694511315069,-0.08820933642193628,-4.705076937103522,23711.768357177734,2.8756625557657716e-06,28.13224983215332,0.0001413835125276819
168,0.7572097992819641,0.11304295396938221,6.029699544266451,20990.539550292968,3.0573665897244317e-06,42.26498794555664,0.0001941690279636532
169,0.922792903417279,-0.01993856292840615,-1.0635208969795777,19622.041958007812,3.153141235145941e-06,24.087369918823242,7.547698623966426e-05
170,0.4319051141566316,0.03383790066204667,1.8049101428837273,21270.832467285156,3.004822104761512e-06,15.842989921569824,5.256023723632097e-05
171,0.6691744830069631,0.179758655847675,9.588308224290111,31739.666036865234,2.5307031165287134e-06,49.2227897644043,0.00030413010972552
172,0.9425392202779633,0.01103264687216597,0.5884802500399078,27087.14150036621,2.695100828519817e-06,15.32203483581543,3.7618199712596834e-05
173,0.9987738204585564,-0.0020733233884746693,-0.11059085641011057,36466.67489135742,2.3651608455756647e-06,24.774925231933594,4.558335422188975e-05
174,0.8132820034664098,0.022712732989325846,1.2114948428530712,36180.51813964844,2.417670613520044e-06,18.40268898010254,5.184072142583318e-05
175,0.8780620509481999,0.01855728389450723,0.9898436153025532,40774.264956054685,2.262494601255415e-06,19.353551864624023,5.17323351232335e-05
176,0.8993606974005779,0.013832787848345905,0.7378394818636536,47191.880287597654,2.067156887910534e-06,18.982261657714844,4.3247979192528874e-05
177,0.9455927231783193,0.015754658832523822,0.8403518825974066,45774.72535205078,2.130626736206819e-06,28.09239387512207,6.223269156180322e-05
178,0.5565126191753307,-0.1245502506241319,-6.643497564916869,63203.26446728515,1.765090156481117e-06,81.78070068359375,0.00016856200818438083
179,0.6386818682026596,0.05924855063775671,3.160311600453144,32879.33245556641,2.4393920916432102e-06,18.96567726135254,9.559905447531492e-05
180,0.8806433214130681,-0.011125653151673007,-0.59344119542806,32880.40739697266,2.471914721620634e-06,14.427919387817383,3.3204880310222507e-05
181,0.7715081961260329,0.033419931913328434,1.7826157327929704,23584.332111816406,2.8542415441820236e-06,16.07228660583496,7.085672405082732e-05
182,0.8665864799791453,0.003394360965313835,0.18105486496020057,22926.958097167968,2.9280820275721103e-06,3.2192039489746094,8.485683792969212e-06
183,0.9898218699753312,0.0007258708882670373,0.038717878562917724,28691.14298828125,2.627355270159789e-06,3.355477809906006,7.784270565025508e-06
184,0.6220151881316863,-0.0059820140814300475,-0.3190800161712315,27586.976236328126,2.682407153593494e-06,4.432190418243408,1.0060435670311563e-05
185,0.344664663061903,-0.034452517456724265,-1.8376937395311552,37997.57369091797,2.3196777608528218e-06,9.526198387145996,3.849474524031393e-05
186,0.6204455238871422,0.05777195442730522,3.0815501103771115,43820.133279296875,2.1891973436387576e-06,35.744564056396484,7.900031050667167e-05
187,0.9960980752445732,0.0006583680382223034,0.03511728348061246,75781.12542041016,1.6826777111619511e-06,17.58061981201172,2.4687087716301903e-05
188,0.7229272840929858,0.039733565887157735,2.1193843199352957,57169.424270507814,1.8545231874730689e-06,62.669517517089844,0.0001379145833197981
189,0.6495747493852401,-0.11426177143837282,-6.094711142771804,53392.073549804685,1.927077106804394e-06,87.29502868652344,0.0003320063406135887
190,0.9698553612627563,-0.015045984031937258,-0.8025512415836615,58610.80958105469,1.831323383495525e-06,67.11290740966797,0.00010979783837683499
191,0.9436335760602347,0.010366538848465591,0.5529501165295411,44294.71613574219,2.0907787754326735e-06,24.945646286010742,5.226395296631381e-05
192,0.9987316058217216,-0.0005364404118666703,-0.028613676424579786,22271.311990478516,2.9597985443951174e-06,18.429197311401367,4.4348933442961425e-05
193,0.8917568558094108,-0.03023898222933555,-1.6129442036404205,31348.14548095703,2.4909108571418277e-06,54.290122985839844,0.00010630967881297693
194,0.6121510345483949,-0.0319019347687342,-1.7016459211456494,38397.301368164066,2.2958134749755656e-06,14.495648384094238,5.20740395586472e-05
195,0.5515255451798406,0.027942932297301618,1.4904731362924473,38145.742624023434,2.3052201966001207e-06,11.463744163513184,3.932784602511674e-05
196,0.5719850340591541,0.03463215598485905,1.8472756401555885,63835.71634960938,1.7723350078573718e-06,15.797616004943848,3.874596586683765e-05
197,0.6638387999931389,0.0484816481742442,2.586006129853122,90173.6515859375,1.509166221653908e-06,32.344215393066406,7.05250640749e-05
198,0.7372794783395596,-0.0314254870586617,-1.6762322492677098,67030.62622070312,1.7146702761419107e-06,56.75312423706055,0.0001017662143567577
199,0.7839112069058504,-0.021217363496987555,-1.1317319878510306,69346.04902539063,1.6943559308476168e-06,31.570749282836914,7.68282261560671e-05
200,0.9492333775327378,-0.021025160655690833,-1.1214799080541118,68246.14717773437,1.6811232444144093e-06,126.7264175415039,0.00018595432629808784
201,0.9374915559632855,0.008295670677491441,0.4424902211685195,34331.026294921874,2.3640335973545214e-06,19.561899185180664,4.263855589670129e-05
202,0.2723216335875188,-0.025114758350707343,-1.339618628708502,25920.63773486328,2.744384281921854e-06,10.786751747131348,4.7601599362678826e-05
203,0.8898878253324597,-0.016115873747869193,-0.8596190490501708,41008.00621484375,2.1857327717598843e-06,24.325233459472656,4.760264710057527e-05
204,0.9489786211435808,-0.007707183786158679,-0.4111003908794329,52511.69703320313,1.9638515728638483e-06,19.80916404724121,3.3363823604304343e-05
205,0.928959140941149,-0.028552240058978433,-1.5229735496653656,51172.15967626953,1.9894019038754778e-06,53.487571716308594,8.676116704009473e-05
206,0.844216118495359,-0.023144728696909596,-1.2345374494877874,45114.76321875,2.1029158840618896e-06,29.168901443481445,5.4893138440093026e-05
207,0.7146179676244557,0.0716312676150005,3.820804451114939,70204.29568847656,1.683140260783694e-06,115.10335540771484,0.00020673572726082057
208,0.759641306873646,0.02298077857772314,1.2257923669839388,38562.28807421875,2.2377535903288275e-06,18.60801124572754,6.569823017343879e-05
209,0.9107161871842682,0.015942554678469154,0.850374227705028,53071.498158203125,1.88589800182194e-06,24.486602783203125,6.484737241407856e-05
210,0.9914892981977751,0.0008442415287789386,0.04503175635969272,27748.947967773438,2.6630428474666803e-06,10.93957233428955,2.4184044377761893e-05
211,0.8968349850169692,0.007823551338958724,0.41730742418356864,28569.769915527344,2.6350938139458274e-06,8.758254051208496,2.1722704332205467e-05
212,0.9181387761194313,0.005809613827883305,0.3098842043692525,25552.743931640623,2.7468795313133796e-06,4.213411808013916,1.3153168765711598e-05
213,0.9141332877163593,0.008722882008986342,0.4652776296744753,29942.38498071289,2.5735021899437914e-06,8.904683113098145,2.312934520887211e-05
214,0.8051151161610882,0.007616139456360835,0.40624409568708686,28590.58934033203,2.670239973551765e-06,4.62590217590332,1.4092628589423839e-05
215,0.8367844010221371,-0.01813135477385632,-0.967124599791209,44192.61793945313,2.174459640760622e-06,16.522350311279297,2.975220195367001e-05
216,0.9960372917293149,-0.005417368686845663,-0.2889618888678724,44236.0500859375,2.178172754978225e-06,27.756216049194336,4.829101817449555e-05
217,0.9954436096193745,0.0002578953570376998,0.013756111833558706,33239.59776953125,2.4489099793068646e-06,42.932559967041016,9.583689825376496e-05
218,0.4662543106942491,0.04395208262448173,2.344399569053894,57435.871466796874,1.8550641207623033e-06,28.186344146728516,6.261292583076283e-05
219,0.9458579973440061,0.0055499769107222804,0.2960351978977425,44171.62139501953,2.095513556274269e-06,8.283438682556152,1.9396584320929833e-05
220,0.840251459392621,-0.00682854038832477,-0.36423364236075206,22254.731629882812,2.953002933034231e-06,3.781186819076538,1.3909110748500098e-05
221,0.7241952714783294,0.006402160470321336,0.34149058136496446,21503.050884033204,3.0159754882090266e-06,2.150919198989868,9.75622060650494e-06
222,0.9786277266918235,-0.0019237246958544215,-0.10261127752402202,23781.30791870117,2.885833851807118e-06,4.073666095733643,9.646038051869255e-06
223,0.7502579196297913,0.003921125986665588,0.2091524570493144,21563.75390356445,3.0641982482804876e-06,1.9734063148498535,7.44463613955304e-06
224,0.8527846133383408,-0.0038303547712394176,-0.2043107297494781,25265.955593994142,2.778878574489596e-06,3.301070213317871,8.51891400088789e-06
225,0.7525438343967996,0.011278620448430692,0.6016004553125576,37442.03887890625,2.3345264107589976e-06,6.472622871398926,1.6730127754271962e-05
226,0.864994734795851,-0.036058494325359146,-1.9233563806147653,43414.416736816405,2.1858578473770853e-06,28.18023681640625,7.603253470733762e-05
227,0.09188156117626424,0.07682398785796755,4.09778361507948,43095.39127636719,2.1435999399571443e-06,36.42910385131836,0.00011936422379221767
228,0.8615654463061553,0.03239135755062467,1.727751682020564,39726.89585742188,2.2052734792124917e-06,48.99440002441406,0.00011143758456455544
229,0.7094767984912786,0.05071552701865645,2.7051609977783464,25829.41022607422,2.715680472236049e-06,16.611717224121094,9.748637967277318e-05
230,0.9481528157654707,-0.002026709396214346,-0.10810447085471682,24276.477250732423,2.815022162438877e-06,4.056978225708008,9.714715815789532e-06
231,0.6901406136066676,0.005495938896268309,0.2931528157617057,24441.750815185547,2.8384572320977403e-06,2.0035436153411865,8.217938557208981e-06
232,0.5630915132530536,-0.009101512489724005,-0.4854737405949988,23279.021551269532,2.926549561863103e-06,4.888821125030518,1.2408290785970166e-05
233,0.011998152074278028,-0.010304480922143512,-0.549639953118881,25513.76785546875,2.825873310148671e-06,2.0986685752868652,9.832385330810212e-06
234,0.2544527043943017,-0.004808579897569514,-0.25648915742945677,22527.088900390627,2.9606144910088475e-06,1.7707182168960571,3.7185118344496004e-06
235,-0.07083781644391794,-0.02266733976416333,-1.2090735728891833,29184.087994628906,2.5955755420378905e-06,4.314384937286377,1.6853535271366127e-05
236,0.8768169434596302,0.015715673107248276,0.8382723880188189,36676.56740771484,2.3803234476492685e-06,13.450006484985352,2.690247492864728e-05
237,0.8013612566143382,0.021988216112045884,1.1728491870970161,52491.7973618164,2.0191021757908368e-06,21.903989791870117,3.716300125233829e-05
238,0.8681948189345063,0.008277068784642199,0.44149799811615703,59628.77843066406,1.8682992169786255e-06,12.818469047546387,2.382640195719432e-05
239,0.9298616684123472,0.0219485113682951,1.1707313401468717,38940.1732915039,2.265324135082354e-06,49.121707916259766,0.00010211657354375347
240,0.8094424188793188,0.02413920338334001,1.2875826270331132,48435.33736132812,1.9994661093925005e-06,26.896968841552734,6.730351742589846e-05
241,0.7477785093777901,-0.010268157861010674,-0.547702484771952,28284.760928710937,2.6408384482552753e-06,8.442554473876953,2.414762093394529e-05
242,0.7204271415238008,0.01204220357914348,0.6423299010108316,30206.855064453124,2.586878388811799e-06,7.202590465545654,2.1537371139856987e-05
243,0.7475896336364468,-0.008985618442933297,-0.4792919640527261,25203.595429443358,2.810554570770664e-06,3.823362112045288,1.3821895663568284e-05
244,0.9979927288508501,-0.0002570782334956476,-0.01371252654782339,28422.291264404295,2.6574393364910497e-06,3.1610934734344482,6.6441712078813e-06
245,0.9741372569160844,0.000504814169498172,0.026926735907722408,22922.138544189453,2.9437154197647128e-06,0.880247175693512,2.245749783469364e-06
246,0.06143058270164486,-0.009882647395867415,-0.5271393961904748,27602.397312744142,2.690043438634291e-06,2.434027910232544,8.174997674359474e-06
247,0.6394682119833466,-0.018437966277307562,-0.9834792258665991,34398.90096044922,2.4468551127957913e-06,7.907319068908691,2.3808717742213048e-05
248,0.9290337851456012,0.02412919008113991,1.287048518523096,51495.636139648435,2.0086333415077233e-06,34.107547760009766,6.758458766853437e-05
249,0.27486795897689587,0.022243410652486407,1.1864612376509167,49800.8569296875,2.081613229958544e-06,9.206358909606934,2.496642991900444e-05
250,0.6853380758960287,0.04061192266936895,2.166235780406125,29760.591904785157,2.5407767746762822e-06,30.369882583618164,0.00010754307731986046
251,0.3853986073676568,-0.013435052915518334,-0.716624341432532,35033.93661328125,2.3463729095153577e-06,5.006340026855469,1.8782962797558866e-05
252,0.833434491923673,0.0051948436986313,0.2770924288713877,22208.89033227539,2.940638088561133e-06,3.043574094772339,1.0463579201314133e-05
253,0.8966567779790063,0.003272909262707125,0.174576643628012,22864.78139111328,2.929896172617414e-06,2.8445017337799072,8.332536708621774e-06
254,0.8175783256542013,-0.007650146854926773,-0.4080580468307403,21074.785104492188,3.0594398676281975e-06,5.2065815925598145,1.4867985555611085e-05
255,0.1857483173875855,-0.01395497866415023,-0.7443571274178243,22475.59687866211,2.9734958842154525e-06,2.305595636367798,1.6662697817082517e-05
256,0.5120676148914213,0.026606270357912316,1.4191757258500686,26608.833201904297,2.7653731814267274e-06,6.6995158195495605,3.7685145798604935e-05
257,0.4157802137498179,-0.008370250706481178,-0.4464683122482395,21589.568928710938,3.021240591032674e-06,2.467984914779663,1.426382914360147e-05
258,0.9942241269332094,0.0014483252021717785,0.0772535174005637,24144.27839160156,2.8597143217660783e-06,9.825833320617676,2.3690385205554776e-05
259,0.7633744217314762,0.016060466389389263,0.8566636262445533,33279.08950561524,2.495879612001383e-06,10.148317337036133,2.816847882058937e-05
260,0.2719184554268018,0.04672223932786497,2.4921594428489535,50132.84957324219,2.062022679767951e-06,9.887511253356934,4.435224036569707e-05
261,0.6281224967741399,0.009492820523169122,0.5063460708737254,63112.1604609375,1.7704488300945203e-06,7.26057243347168,1.4089539035921916e-05
262,0.9975829559485472,-0.010192606328316853,-0.5436725737845237,31263.47676513672,2.5152272584106637e-06,76.69124603271484,0.00018058254499919713
263,0.9151388440875817,-0.014888573112273746,-0.7941549593101577,38576.043156738284,2.250857083657039e-06,26.05693244934082,5.495849109138362e-05
264,0.8906805105111498,0.009465715272573273,0.5049002795932772,27573.484149902342,2.6662968674426094e-06,9.5385160446167,2.448393206577748e-05
265,0.8284777428829875,0.006537517967511811,0.3487105363507791,24418.908927001954,2.8459303135734145e-06,3.381821870803833,1.260336739505874e-05
266,0.9613592218316515,-0.00519033854136986,-0.2768521242461785,19695.429448486328,3.1343497692556513e-06,7.720706462860107,2.2517431716551073e-05
267,0.6869933056082091,0.009515797956043286,0.5075716847812253,23631.579751220703,2.9056635501422377e-06,2.2822210788726807,1.4217472198652104e-05
268,0.7497098814397225,0.0038743794205983798,0.20665900002068957,24279.862837890625,2.8730566391898273e-06,2.639671802520752,8.815170076559298e-06
269,0.907264176573919,0.0014216164692524935,0.07582887633222282,24052.488637451173,2.836322451714908e-06,1.077249526977539,3.400471996428678e-06
270,0.530862908679965,0.04718371515956949,2.5167745162738075,35893.596734375,2.3855397340006363e-06,14.55117416381836,5.621762102236971e-05
271,0.795178972244951,0.013387294870561561,0.7140769322239146,40846.9252824707,2.2600803767617568e-06,9.756105422973633,2.1377092707552947e-05
272,0.9587626801682647,0.005081210164730194,0.27103122785427286,57657.08336132813,1.898218253795052e-06,13.654657363891602,2.0553774447762407e-05
273,0.9988631836426882,-0.0004909484554438044,-0.02618714014541426,45673.08530810547,2.106995529258775e-06,92.31999206542969,0.00015210348647087812
274,0.7193630067200125,0.027625621103471314,1.4735477898321323,53659.59758203125,1.9215245997983223e-06,20.885168075561523,5.126187897985801e-05
275,0.9250095042736524,0.004755714374932321,0.2536693158863985,42851.17481787109,2.124522353815875e-06,8.36945915222168,1.7694417692837305e-05
276,0.9907443256332751,-0.002200057011284864,-0.11735081482298827,28912.07590966797,2.5999097901122984e-06,8.684647560119629,1.961184898391366e-05
277,0.990601783807548,-0.000596781395185177,-0.03183225827192549,26098.182653320313,2.733558669792146e-06,4.3121747970581055,9.319654054706916e-06
278,0.659734644532473,-0.03278593436189336,-1.7487983685723794,26684.58005957031,2.7550461668248405e-06,22.878814697265625,6.51283553452231e-05
279,0.9900112446273154,0.002327128685690557,0.12412880487321917,27869.18288549805,2.671011062345525e-06,8.805158615112305,1.9785000404226594e-05
280,0.670843339857104,0.025309081096120286,1.349983783973061,24191.96269140625,2.8853801737403753e-06,9.920638084411621,3.5757806472247466e-05
281,0.9432556049317558,0.008500161307381156,0.4533977303458429,37958.44102246094,2.356246765101886e-06,11.430342674255371,2.2818563593318686e-05
282,0.44145229965845795,-0.017274378655974927,-0.9214135817578667,48402.45127490234,2.0879789525184033e-06,6.429647922515869,2.0066288925590925e-05
283,0.9920210553969987,-0.00013044502677773907,-0.0069579243189858125,48404.23259008789,2.075699290144813e-06,7.719424724578857,1.2593512110470328e-05
284,0.9242634957971171,-0.015118127522772511,-0.8063993679686897,41634.98296386719,2.150762806377649e-06,37.37430953979492,8.1632737419568e-05
285,0.06835620333180716,0.04272695580087378,2.2790514302218337,61669.24592480469,1.8004393399028599e-06,19.9877986907959,6.346259760903195e-05
286,0.9993324701412011,0.0003204534445194418,0.017092953789060054,22269.005916992188,2.9394618822413904e-06,6.987739562988281,1.7985305021284148e-05
287,0.9763089393700898,-0.004778916013681169,-0.2549068889122066,25606.847170410158,2.768642984689862e-06,16.832534790039062,4.44868637714535e-05
288,0.8600660544554578,-0.006982827491024448,-0.37246330055852367,34512.80960864258,2.407349976894721e-06,7.332578182220459,1.2537193470052443e-05
289,0.9669906887021679,0.001921036991719407,0.10246791566174787,31823.335978027342,2.5085894083977647e-06,4.588136196136475,1.0637550985848065e-05
290,0.9393095291606841,0.013909611825051963,0.7419372648838913,31852.57682470703,2.533055445129389e-06,16.029390335083008,3.632885272963904e-05
291,0.9557406450049588,0.014405384996180057,0.76838175486794,42315.20329150391,2.203027712547469e-06,23.85893440246582,4.72991268907208e-05
292,0.9179883915624414,0.014808697816804451,0.7898944192607549,37538.56560546875,2.3814729848806435e-06,18.89849281311035,4.601876935339533e-05
293,-0.06365276948920798,-0.04806971747386548,-2.564033788640102,58339.653899414065,1.8332190252983233e-06,11.40288257598877,4.8813173634698614e-05
294,0.9937899560402492,0.0011582948818177935,0.061783329927087564,39151.81709082031,2.2080212401221246e-06,7.061362266540527,1.3824650523019955e-05
295,0.9896131983027582,0.0007484020394449904,0.03991968785061822,21478.02908178711,3.0174046249281075e-06,2.3916358947753906,6.530317932629259e-06
296,0.6410302684288538,0.008974730695763971,0.47871121273794054,23365.44370239258,2.8751038810139424e-06,3.269273042678833,1.2563466043502558e-05
297,0.9638791598672308,-0.0017411835853819858,-0.09287455345607475,22395.92196508789,2.9402716639957476e-06,2.6638238430023193,6.294134891504655e-06
298,0.6174918100859788,0.0058230477098794396,0.3106007662539655,30020.53048095703,2.584723618176042e-06,2.3364381790161133,8.06083971838234e-06
299,0.677736334034225,-0.02779429281579894,-1.482544721628766,35915.55777685547,2.3973956492523336e-06,7.136876583099365,3.8572146877413616e-05
300,0.8547268632884258,0.013648272790129767,0.7279974676259728,30882.51930004883,2.53331363856706e-06,10.725251197814941,2.6689571313909255e-05
301,0.994305785845048,0.0009381773157288879,0.05004228157929934,37737.08921923828,2.3637280273681252e-06,5.916172027587891,1.0659474355634302e-05
302,0.9807279915216383,0.007672661596027177,0.4092589808065913,41565.82286376953,2.279238464942987e-06,19.89020538330078,3.516155629768036e-05
303,0.9565969335648308,-0.014647234142396348,-0.7812819634657848,45346.60024755859,2.0536514417051273e-06,48.52619171142578,0.00010049702541437
304,0.7332836565743369,0.0749946882142144,4.000208960127942,61245.99904296875,1.827132330125573e-06,56.95368576049805,0.00017099198885262012
305,0.622991238255984,0.01673018744905562,0.8923864787219367,48528.079126953126,1.9890347873918104e-06,14.893101692199707,3.784885848290287e-05
306,0.46655078880335893,-0.01589826518174334,-0.8480118305024944,29784.35880078125,2.5490681797001775e-06,9.74658203125,2.5772027584025636e-05
307,0.7061184334040201,-0.015460785680362459,-0.8246767188703559,30129.48899316406,2.556815365931478e-06,9.224274635314941,2.830634366546292e-05
308,0.8138154531355051,0.01587287019353884,0.846657264442191,36814.10699951172,2.2999988292483593e-06,7.148055553436279,2.2500442355521955e-05
309,0.408035431942296,0.016597321909523628,0.8852994445014603,26822.479399902342,2.768329178272364e-06,4.943641185760498,2.17360593524063e-05
310,0.9792991753240513,-0.003280010070663679,-0.17495539999447382,27552.477453613283,2.72110628153714e-06,6.564845085144043,1.547247484268155e-05
311,0.998666978356659,-0.0007748461805210565,-0.04133021561724099,42009.515703125,2.1991433079247757e-06,11.349642753601074,2.0706962459371425e-05
312,0.8894282112856788,0.011966616507416372,0.6382980943750212,45744.42746411133,2.1437880368785078e-06,9.939669609069824,2.4519613361917436e-05
313,0.9558781983171034,0.0062302907464262544,0.3323230679600682,48694.36061035156,2.014554203690912e-06,17.37835693359375,3.18813617923297e-05
314,0.5828420963053911,0.036126491448412054,1.9269833401685164,45948.950431640624,2.0684503294361782e-06,24.18894386291504,8.743986836634576e-05
315,0.7346132111612447,0.007034117260900544,0.3751990916112875,35121.86655908203,2.3267183492078755e-06,3.9401981830596924,1.605612487765029e-05
316,0.9986381262196273,-0.00012178329513476704,-0.006495908443548475,20621.285669677734,3.061578716271292e-06,3.1741886138916016,8.194238944270182e-06
317,0.9879866369916765,-0.0014759599664545538,-0.07872755288664002,22982.024540527345,2.9157700762156736e-06,4.100580215454102,1.014411282085348e-05
318,0.9534501007300052,-0.0033009858412815967,-0.17607424544299022,26518.12214501953,2.719145069857323e-06,5.212628364562988,1.1798027117038146e-05
319,0.5789690241616317,-0.006127156754118412,-0.3268219114122182,22023.461354125975,2.970119709038678e-06,2.689192056655884,7.708244083914906e-06
320,0.9849728613044215,0.004953246494831793,0.26420565885615527,21500.764356933592,3.038744358389548e-06,11.009896278381348,2.9132090276107192e-05
321,0.8637251519549638,-0.012049037332574015,-0.642694412716328,27828.55627368164,2.725510202509433e-06,10.543882369995117,2.2532787625095807e-05
322,0.9413711621440934,0.005151237571779923,0.274766482547708,46974.49367895508,2.126753155889255e-06,7.814881801605225,1.5701200027251616e-05
323,0.9405645576547849,0.009851601355208043,0.5254834035731394,40060.90390771484,2.2707388672865836e-06,13.721226692199707,3.145045411656611e-05
324,0.9339293103450784,0.01966642812401712,1.0490052544880697,45425.19878320312,2.1025204210351036e-06,34.92585754394531,7.699488196521997e-05
325,0.992263729691125,-0.009375453240544403,-0.5000857120835105,51304.90545605469,1.936714694815305e-06,70.98013305664062,0.00011050677858293056
326,0.25250025297621326,0.026970873915147058,1.4386236421128697,59771.27952636719,1.79903614745125e-06,13.955503463745117,3.6549601645674556e-05
327,0.9246628898708906,-0.009260350099781626,-0.49394612238746516,36093.65379589844,2.329697766362095e-06,16.72713851928711,3.5339508031029254e-05
328,0.9343869681135509,0.007247948004571073,0.38660480149754506,36375.233588378906,2.366148352876376e-06,17.10873031616211,3.7672976759495214e-05
329,0.6012164382970241,-0.0254285848595091,-1.356358102427609,34171.27026123047,2.4214986545553745e-06,16.12238883972168,4.2662944906624034e-05
330,0.6396573197053534,0.03817318689744484,2.0361538650260655,32014.555739257812,2.535377238363702e-06,12.892424583435059,5.503587090061046e-05
331,0.9970117385590723,-0.0010613870824946762,-0.05661427787300968,49728.964859375,2.041143374926512e-06,18.391952514648438,2.942719220300205e-05
332,0.9764731757852267,0.008664487308140673,0.46216286233415904,68630.7188203125,1.7652178436766157e-06,27.420501708984375,3.767140515265055e-05
333,0.940156101324793,0.012472560010448117,0.6652850688173323,39081.93278955078,2.2903833223910497e-06,33.17213439941406,6.212508014868945e-05
334,0.48478616726420215,-0.03964200001450081,-2.1145002057004585,65427.58580859375,1.7535434300216462e-06,19.556760787963867,4.935279139317572e-05
335,0.6428310287270561,0.013462840591271726,0.7181065332007323,46121.353473632815,2.045420007402426e-06,9.137312889099121,2.7525213226908818e-05
336,0.8092236560317355,-0.014756820657139524,-0.7871272968970365,26788.76037890625,2.672696405587982e-06,12.027071952819824,4.4018030166625977e-05
337,0.8773594496932579,-0.008345523640024438,-0.44514937306530167,24562.917885986328,2.8173567724120157e-06,8.472729682922363,2.658673474797979e-05
338,0.78262760732704,-0.013060799221178494,-0.6966616878485485,29530.05989111328,2.604672256279245e-06,9.289000511169434,2.2579000869882293e-05
339,0.9236888797375983,0.00980167698137227,0.522820442604808,25220.02499584961,2.805705383595251e-06,8.021675109863281,2.549742566770874e-05
340,0.8767571570589636,0.00730297810990215,0.38954010165898284,24921.434709960937,2.8468924061572284e-06,5.895063877105713,1.775302371243015e-05
341,0.9966570834155258,-0.00016844100367183445,-0.00898462582064985,29388.89987060547,2.6428598018854314e-06,4.883529186248779,9.726191819936503e-06
342,0.9963396894669531,-0.0032143337231359532,-0.17145223036866702,50993.32242944336,2.059815212370526e-06,25.53905487060547,3.708801887114532e-05
343,0.7346413606026224,-0.04576979047602835,-2.4413559190007375,40295.027640136715,2.2918325186994953e-06,21.900182723999023,8.250824612332508e-05
344,0.9825740366847319,0.040933182962875736,2.1833717714372285,40007.56119091797,2.2307946612702796e-06,156.31497192382812,0.0002901450206991285
345,0.5521355123996178,0.02011628340671811,1.0730004890236313,44549.29803515625,2.0844721944057862e-06,10.185663223266602,2.9126898880349472e-05
346,0.8441366630283148,0.009719413595673285,0.5184325220680417,21811.749487548826,2.9843545046436806e-06,5.963248252868652,2.2433596313931048e-05
347,0.5102173174875066,0.007962745660421057,0.4247320349816307,24584.692336914064,2.838991129048917e-06,2.627460241317749,1.062172214005841e-05
348,0.9687145461528223,0.0010968276418634423,0.058504673666561535,21559.8621328125,3.0273368513325326e-06,1.7896358966827393,4.938322490488645e-06
349,0.7495603663880769,0.006651119072583693,0.35477000761747673,19979.270905761718,3.113150796464562e-06,3.3428194522857666,1.172037264041137e-05
350,0.8682796361974487,-0.008027311742315139,-0.42817598315267064,18229.109684082032,3.278514822825403e-06,4.765505313873291,2.061867417069152e-05
351,0.11759293490290451,0.017542904890957636,0.9357367435281916,20986.506825683595,3.068377314889502e-06,3.1344411373138428,2.487693927832879e-05
352,0.8909163957205575,0.008115215593614509,0.43286476554473946,27652.491508789062,2.6803591931702404e-06,7.460714340209961,1.8095604900736362e-05
353,0.992500851236312,0.001992332313077201,0.10627080077403764,40586.2426796875,2.238930744948823e-06,7.848395824432373,1.434611294826027e-05
354,0.8377774159138702,-0.021726478580699173,-1.1588881340807777,37835.90060253906,2.3366058865234877e-06,18.20397186279297,3.967608427046798e-05
355,-0.0302965704111579,-0.13733153682852509,-7.3252500571831485,40667.2938671875,2.1758503282524607e-06,144.79437255859375,0.00030669188708998263
356,0.5088697296861794,0.06722738755973785,3.5859019416722586,42890.18684326172,2.135502073829041e-06,29.027326583862305,9.55045034061186e-05
357,0.7179378263913131,0.06848885773063171,3.6531886309125676,22675.14265283203,2.9231117352495303e-06,17.660091400146484,0.00012063870235579088
358,0.9948910640697386,0.004698379869895249,0.250611099281528,20548.88336743164,3.086132424904418e-06,32.301788330078125,8.501960837747902e-05
359,0.5420880691433927,0.024405043908202775,1.3017625333017226,25408.16149316406,2.773284567417234e-06,4.189499855041504,3.235217445762828e-05
360,0.8290573756371313,0.006550168354341865,0.3493853066838742,22365.207150390626,2.979453022686807e-06,4.655991077423096,1.4819102034380194e-05
361,0.7683494622846077,-0.023853400647567084,-1.2723379384866085,22536.809700439455,2.9675602386610725e-06,6.118927001953125,3.576160088414326e-05
362,0.8933874697540864,0.005685154581206271,0.30324556094551897,25622.43378076172,2.7758796393577684e-06,4.48784875869751,1.313615393883083e-05
363,0.6141038669515083,-0.027687032451972484,-1.4768234648482912,32041.813978515624,2.4874109431513124e-06,6.38684606552124,4.262767106411047e-05
364,0.4811059603584758,-0.022978964941212633,-1.2256956277989044,32843.88243847656,2.4781731402774052e-06,8.179720878601074,3.388437835383229e-05
365,0.1419827733941933,0.01229717762562965,0.6559301904398733,40273.41681298828,2.269745795733935e-06,3.5132036209106445,1.4882769391988404e-05
366,0.7149871094718362,0.06744323092423003,3.597415004546252,50511.360137695316,1.9999759613432693e-06,19.210376739501953,9.731126192491502e-05
367,0.6586281707493303,-0.009090878422329873,-0.48490652053334443,46153.247999023435,2.1157831391279258e-06,5.884350299835205,1.5486682968912646e-05
368,0.8505886116273669,-0.02647606737413249,-1.4122307120797104,52054.04646533203,2.0004396980325313e-06,24.388731002807617,5.186488851904869e-05
369,0.8864115859901082,0.03219746337930165,1.7174093868539049,31016.743736328124,2.507278559371058e-06,26.15102195739746,0.00010527443373575807
370,0.14627373148837908,0.039944873102816345,2.1306554250968075,46462.791418945315,2.0322208529222122e-06,14.919687271118164,9.958473674487323e-05
371,0.8872545397627258,0.004972524691481205,0.26523395588369686,23427.62765551758,2.8667709792229332e-06,5.109766960144043,1.5063279533933382e-05
372,0.5512451922988706,0.01923407440309331,1.0259435514585973,22884.042522705076,2.9283489115409365e-06,5.628823757171631,2.885218054871075e-05
373,0.7374415744504323,-0.007463789787845334,-0.39811778002953724,20893.883545166016,3.04310106623284e-06,4.387146949768066,1.3454698091663886e-05
374,0.8813378745342739,-0.005714980342328575,-0.30483646397778813,26614.625708740234,2.712272545764451e-06,4.922741413116455,1.4158656995277852e-05
375,0.9443394879064284,-0.0011618990787745358,-0.061975577422260064,26105.263786621093,2.744174895604452e-06,1.6180468797683716,4.022446773888078e-06
376,0.6672179843299307,-0.007665343853171931,-0.4088686531549334,22965.763243408204,2.962255407380767e-06,2.6029350757598877,1.2890492143924348e-05
377,0.9990428108628732,9.578908289028342e-05,0.005109379834551044,22218.279986083984,2.9596035830537527e-06,7.240538597106934,1.78734480869025e-05
378,0.9493185432997392,-0.012433209068634512,-0.6631860936261478,37490.79289990234,2.352096123410145e-06,21.55817222595215,4.095038821105845e-05
379,0.813260368144401,0.017029405747379458,0.9083467519958297,54870.51599560547,1.928075455690284e-06,12.205798149108887,2.326362118765246e-05
380,0.9913105629483935,-0.017320296096621456,-0.923862813321784,44039.01977392578,2.165526959460684e-06,52.73274612426758,9.255083568859845e-05
381,0.9734047449809559,0.01932951843510518,1.0310345263147642,59197.351647460935,1.8234669581860472e-06,67.21290588378906,0.00012088179937563837
382,0.563842537042757,-0.012494168526760597,-0.6664376648561524,58851.4018125,1.822420791026291e-06,13.728460311889648,2.437168404867407e-05
383,0.6681140324209595,-0.011879787264626475,-0.6336666314903812,23877.968696289063,2.8356878745090093e-06,9.281333923339844,2.5415713025722653e-05
384,0.8235932332550855,0.009802945199702779,0.5228880892401885,22010.757760498047,2.957279675270896e-06,5.02364444732666,1.935540967679117e-05
385,0.46289719588133654,-0.014336500235044135,-0.7647074487900869,21586.90867626953,3.05443465039052e-06,2.031057357788086,1.802524820959661e-05
386,0.4862468839350562,0.008128899216947282,0.4335946486066761,22248.345296875,2.972049349030618e-06,2.265373706817627,1.0611324796627741e-05
387,0.8764685210994471,-0.002869552547528785,-0.15306163790420196,22546.981561767578,2.96002430562028e-06,2.6436049938201904,7.282290425791871e-06
388,0.9856111298539837,-0.0008000805415490384,-0.04267621384046054,25651.88720800781,2.7705702045200805e-06,2.409038543701172,5.364105163607746e-06
389,0.673265910029118,0.017953051873215387,0.9576139413999992,35096.126276855466,2.390210893404278e-06,7.501813888549805,2.8191678211442195e-05
390,0.9719031827555575,-0.006995979992607387,-0.37316485364092183,41580.56611352539,2.2334322375747606e-06,17.24886131286621,3.2663316233083606e-05
391,0.8898039174756499,-0.017059893488270646,-0.9099729649609217,53624.708214355465,2.029620839060324e-06,23.316816329956055,4.361268656793982e-05
392,0.904698930283417,-0.020482142134579946,-1.0925153559586542,44297.89607324219,2.1573511107836e-06,26.29608154296875,5.260581019683741e-05
393,0.9239495542007998,0.025865910034308135,1.379684982295736,35556.14125878906,2.317844481075059e-06,49.56364440917969,0.00011002040992025286
394,0.9763122815825119,-0.0019895465156377205,-0.10612220662498698,23495.310217773436,2.8627948342310427e-06,6.963470458984375,1.7512284102849662e-05
395,0.7747941400638411,-0.00910791850525405,-0.4858154368048531,24986.53073388672,2.788645057480806e-06,8.93555736541748,2.9007405828451738e-05
396,0.7757272171295033,0.011496919763534173,0.6132445183396936,24743.29828857422,2.8215719985884296e-06,7.924932956695557,2.9219327188911848e-05
397,0.9602658715402185,0.004574608509198683,0.2440091476252801,33191.466170166015,2.468192520049967e-06,8.075530052185059,1.8551751054474153e-05
398,0.6671274876181386,0.03032919441097072,1.6177561121353115,32407.27726904297,2.521116794174746e-06,9.819599151611328,4.015066951978952e-05
399,0.915274393447158,-0.013987593410503455,-0.746096794635612,39499.82063842774,2.281737429320927e-06,13.940973281860352,2.7665058951242827e-05
400,0.9212321243821514,0.01420243280975156,0.7575563061066909,47919.25756689453,2.0562167692897273e-06,17.520280838012695,3.389059565961361e-05
401,0.8013444904232981,-0.021744223349254715,-1.1598346382114242,50367.575327148435,1.976470477869505e-06,23.07952117919922,4.786923818755895e-05
402,0.9427603385101017,0.008096783489968807,0.43188159903104006,41438.69870410156,2.1706225768890832e-06,16.03390884399414,3.592329812818207e-05
403,0.8962101616357587,0.004601159662580278,0.24542538341727924,29931.52284472656,2.535155056477237e-06,5.556423664093018,1.4039526831766125e-05
404,0.9902979157417202,-0.0013713717464803512,-0.07314882798455635,26981.044556640623,2.7065845098630415e-06,5.4031829833984375,1.2084071386198048e-05
405,0.9859581058123695,-0.002786200876558831,-0.14861566834295445,23217.885801757813,2.892049046510738e-06,8.730801582336426,1.8647246179170907e-05
406,0.7861174270363313,-0.02495020091368432,-1.3308411519336811,37694.42432373047,2.2902705022542986e-06,22.18860626220703,4.604244531947188e-05
407,0.43910643414052714,0.047969637195327194,2.558695516870808,48755.44827197266,2.0734199168684135e-06,20.542207717895508,5.804690590593964e-05
408,0.6894367525094657,-0.025809801817515576,-1.3766921757797692,51831.11338671875,2.0007516230602392e-06,14.083061218261719,3.188745540683158e-05
409,0.5486032423128891,0.03208649667265356,1.7114904341283246,43136.36445214844,2.2100191045776077e-06,19.648731231689453,4.971376256435178e-05
410,0.9824578018148163,-0.006276548411749045,-0.3347904470732434,38611.40722216797,2.262714656058656e-06,24.757299423217773,4.647817331715487e-05
411,0.8564152367137076,0.0061064355408741175,0.32571664402784317,43211.2910600586,2.094029411582679e-06,8.47757339477539,1.9184140910510905e-05
412,0.9439957734676723,-0.0029082511889100336,-0.15512581945737908,29281.1546171875,2.5775861436513996e-06,5.56636905670166,1.3199704881117214e-05
413,0.8576347665099991,0.008454526786769579,0.4509635897075066,27010.474682617187,2.7127712129489173e-06,8.059975624084473,2.265356306452304e-05
414,0.932943590906241,-0.005564122388722394,-0.29678971624015793,29584.73985449219,2.5901619849306194e-06,9.758763313293457,2.0137347746640444e-05
415,0.8078786692000903,-0.01176398937685003,-0.6274899840600445,33821.67834765625,2.4275171654370342e-06,6.044204235076904,2.2179465304361656e-05
416,0.7822824931969748,0.02081268637980447,1.1101465520200209,32794.29693994141,2.4873916937693168e-06,11.341265678405762,2.9511013053706847e-05
417,0.8376395733014501,0.020901450023628285,1.1148811956569598,51554.32393017578,2.0328329931087785e-06,22.243568420410156,3.803289291681722e-05
418,0.9856992270893176,-0.009654720069057234,-0.5149817760086327,43924.50534521484,2.1371642462902004e-06,47.02751922607422,7.699362322455272e-05
419,0.9683691378509943,-0.011329881045287045,-0.6043346902794472,66317.11662890625,1.7205172224534213e-06,37.80831527709961,5.9528378187678754e-05
420,0.5534190262675561,-0.008153730269934135,-0.4349191344204406,52415.81782421875,1.9317853324828944e-06,5.046350955963135,1.887640610220842e-05
421,0.5423223679762532,-0.02890969134671127,-1.542039964608166,30901.068553466797,2.525357700577956e-06,12.056406021118164,4.485989120439626e-05
422,0.4762152931153526,0.012105148494362502,0.6456873763180747,35591.45132910156,2.3580471541343956e-06,5.363321304321289,1.5731982784927823e-05
423,0.9760246500187316,0.0032834166276169453,0.1751371053921777,31183.31820214844,2.528962423578835e-06,7.743035316467285,1.6622074326733127e-05
424,0.8859964691593828,0.009606971312803771,0.5124348622584951,43212.75481225586,2.1867021897602256e-06,10.738991737365723,2.09406680369284e-05
425,0.9641692632112641,0.0008176227487661869,0.04361191337013947,34995.07287109375,2.398916696867894e-06,2.9640729427337646,6.931340521987295e-06
426,0.6833483944427778,-0.026095163130427822,-1.391913318876262,37502.87265600586,2.3587614205617815e-06,17.379629135131836,3.963490962632932e-05
427,0.9905171402071594,0.007795740391660908,0.4158239911135811,45445.20145458984,2.1338824906543984e-06,35.80569839477539,6.50172441964969e-05
428,0.7533862424337453,-0.049913479328264516,-2.6623798564208228,45643.857125,2.068490880348886e-06,57.870330810546875,0.00014431764429900795
429,0.9386005477249714,0.0243122364948703,1.2968121954148788,62887.35972070313,1.776050188413248e-06,37.71863555908203,9.477617277298123e-05
430,0.9761531091677901,0.0026429321317816223,0.1409737282241148,34467.51194189453,2.340957829192381e-06,9.569464683532715,2.0774676158907823e-05
431,0.998679893783478,0.0002243661348434518,0.011967666568416198,24504.72878027344,2.8077535014529282e-06,10.661856651306152,2.4883000151021406e-05
432,0.9947714583778982,-0.0020691038147223092,-0.11036578477991861,26573.59475439453,2.7116395692115095e-06,17.90363121032715,4.4156808144180104e-05
433,0.8604311808545432,-0.015387792077878246,-0.820783247617361,26646.596666259764,2.7217561542755562e-06,14.997779846191406,4.500505019677803e-05
434,0.8339134354603971,0.015181017821382387,0.8097539300316154,38357.11979492188,2.30547892425709e-06,8.461565971374512,2.9655033358721994e-05
435,0.949413256822533,0.010455435767059228,0.5576918690290017,58645.31434082031,1.8853205285883937e-06,20.535202026367188,3.460652442299761e-05
436,0.5762169429538079,0.03367372937624905,1.7961532633755743,77798.16981054688,1.6176992952593048e-06,27.953102111816406,4.970847658114508e-05
437,0.8877990516548672,-0.06572794468603506,-3.5059218129269665,43090.464205078126,2.203334998576694e-06,52.60747528076172,0.00018059613648802042
438,0.7725592648932883,-0.011503114095615174,-0.6135749233761364,58750.29552441406,1.8265936732232957e-06,13.48245906829834,2.506012242520228e-05
439,0.8922457188739112,0.006074212407369355,0.323997865399136,48594.37005761719,2.0046120502326826e-06,9.355822563171387,2.189274709962774e-05
440,0.730076530022072,-0.02398130494766938,-1.279160340705905,25216.794994384767,2.7902531716883132e-06,4.655981540679932,3.845574610750191e-05
441,0.9723444030609062,0.0028500454590780007,0.1520211318115045,29677.204087890626,2.587470835793915e-06,4.577203273773193,1.0644070243870374e-05
442,0.9246803589849398,0.004392209887497867,0.23428002389376368,28755.913970947266,2.642166254077229e-06,4.754360198974609,1.194772539747646e-05
443,0.829127134603749,0.0047394830492317455,0.2528035386420592,25266.97476953125,2.7844280757958657e-06,2.9001941680908203,8.578207598475274e-06
444,0.9157773444953661,0.004726280932847788,0.2520993391112749,22810.782244873048,2.9332871395113555e-06,4.7849202156066895,1.3038527868047822e-05
445,0.9950542923479778,0.000132759526146355,0.007081379477384526,37183.19930053711,2.3529393314851407e-06,33.076168060302734,6.251412560231984e-05
446,0.9687049853215568,0.0008261337005268459,0.04406588666215392,54609.6960703125,1.9869798103341973e-06,2.354776620864868,4.050590177939739e-06
447,0.9863721533741261,-0.0044456327860279065,-0.23712959580964987,59434.36706933594,1.8885684987492297e-06,13.509156227111816,2.0799378035007976e-05
448,0.8422785297637672,0.04328160659449908,2.308636446537449,32351.709171875,2.4416796842907354e-06,17.902875900268555,9.43222621572204e-05
449,0.7974908950755548,0.0046166297474870875,0.2462505561559324,52386.028540039064,1.9199756714945103e-06,4.643093585968018,1.190199691336602e-05
450,0.9313567939977483,-0.00323306341478341,-0.17245127019578893,22093.18407788086,2.926493255767771e-06,3.3804867267608643,1.0263021067657974e-05
451,0.7462423839098035,0.009497442103898383,0.5065925855147401,24818.651639648437,2.81797269540359e-06,5.698719501495361,1.613731001270935e-05
452,0.8710819053081102,-0.004881606764278889,-0.2603844029928025,23451.60186401367,2.947544747589512e-06,4.681334495544434,1.2043892638757825e-05
453,0.9332832967202648,0.0026867445353068098,0.1433106773243709,21924.41040600586,3.022914467056719e-06,2.793704032897949,8.368463568331208e-06
454,0.9743218933062114,0.0022430571189286683,0.11964443614443283,23019.045282470703,2.9387450068271466e-06,3.8322527408599854,1.0070671123685315e-05
455,0.9851073172079754,-0.002797866418586556,-0.14923790715553223,28791.600440185546,2.679930392705725e-06,7.022062301635742,1.3395681889960542e-05
456,0.9748795172877451,0.003290810354168804,0.17553148600640195,49350.365946289065,2.078412850852987e-06,8.397478103637695,1.2883826457255054e-05
457,0.34705505021895877,0.023181213784866195,1.2364835603288398,48697.018856933595,2.0938002534850307e-06,7.2559075355529785,2.8720713089569472e-05
458,0.9420431555880986,-0.01161474064983745,-0.6195290723034936,52898.05357226563,1.924164517844062e-06,28.945375442504883,5.5609056289540604e-05
459,0.8414402107989541,-0.02598103194264736,-1.38582557305238,59786.29576367188,1.8155368116126139e-06,43.740020751953125,6.599578046007082e-05
460,0.997385543906014,-0.00018313706784262252,-0.009768512372810475,35145.80014550781,2.339332476194821e-06,4.964504718780518,1.0186353392782621e-05
461,0.8468274325341583,0.0024271651635709517,0.12946474031992386,27811.018158447267,2.7051022550828483e-06,2.460949182510376,5.7780262068263255e-06
462,0.9154537172318641,0.008710291799430555,0.4646060691910036,25970.678053710937,2.7506875815236624e-06,10.157362937927246,2.5143879611277953e-05
463,0.860267043624591,-0.008057481193130463,-0.42978521855783536,29458.61082373047,2.576489193498401e-06,5.711755752563477,1.3855044016963802e-05
464,0.4702345820079429,0.006837118282657618,0.36469118636268566,25852.56781616211,2.7381837247930614e-06,1.2050374746322632,6.4878686316660605e-06
465,0.6487272179215182,0.01025273612078525,0.5468798907336345,21350.98149316406,3.029610111095327e-06,4.784260272979736,1.786475331755355e-05
466,0.6861487269710974,-0.002744196057367223,-0.14637513560523746,23587.399886962892,2.906118671075487e-06,1.9058759212493896,3.7942893413855927e-06
467,0.8121289787387964,0.013573523648834922,0.7240103561132826,36158.323729492186,2.376679325395639e-06,8.166858673095703,2.2636430003331043e-05
468,0.7173280385024482,0.013016295126437658,0.6942878440099532,52088.74926660156,2.0038888788835584e-06,5.56775426864624,1.6080832210718654e-05
469,0.45060065393661874,-0.01718970418005052,-0.9168970539163288,48679.649884765626,2.063869634433377e-06,5.562449932098389,1.8740716768661514e-05
470,0.8755412354474454,0.06425784887715198,3.427507053602372,31190.93018066406,2.458292053496439e-06,54.220985412597656,0.00022575842740479857
471,0.6985922267871398,0.007215039617596552,0.3848494715192029,49178.25359960937,1.9811585425318485e-06,4.486844539642334,1.5178898138401564e-05
472,0.9939809851306346,-0.0006536614195539552,-0.03486623292466837,25010.685138183595,2.798094399706416e-06,5.118313312530518,1.2435843018465675e-05
473,0.9647207788654837,0.003906341311256963,0.20836384398283647,26683.689742675782,2.708074489910488e-06,9.404288291931152,2.0202602172503248e-05
474,0.9160982032435788,0.009575382327603287,0.5107499090351495,30791.013963867186,2.521700032056632e-06,10.250694274902344,2.390639201621525e-05
475,0.848964761393826,-0.006093871833345938,-0.3250464971597997,34175.88267919922,2.4053836816719735e-06,5.003650188446045,9.417790352017619e-06
476,0.923481947286132,0.014863191652575687,0.7928011148589974,33416.93283056641,2.5075382642334203e-06,13.096778869628906,3.757527156267315e-05
477,0.945759848569922,-0.011911659694485509,-0.6353667036226766,52872.91075244141,1.9780076322830726e-06,18.878692626953125,3.3161752071464434e-05
478,0.9396361327125798,0.01419787647031487,0.7573132714295152,49742.919853515625,2.00318499149172e-06,26.646745681762695,5.1840805099345744e-05
479,0.5350922182040445,0.02989739145085791,1.5947237866308817,64390.042490722655,1.7284092486162511e-06,8.936713218688965,4.2207113438053057e-05
480,0.9989387852759106,0.00012178560201107036,0.006496031492093355,34828.59862304688,2.345442011321267e-06,6.502374649047852,1.258286283700727e-05
481,0.9888738670865711,0.0021182506312972848,0.11298727092388952,28255.650280761718,2.6338453685211467e-06,6.036925315856934,1.3695627785637043e-05
482,0.8164645561501129,0.01132647907155941,0.6041532293505272,26353.918622070312,2.7444833609102453e-06,3.8244199752807617,1.7773296349332668e-05
483,0.9401390602601548,-0.003969969893095494,-0.21175778599728548,29149.09858496094,2.599307416407501e-06,6.154163837432861,1.3798707186651882e-05
484,0.9406597072963346,-0.005434612918222245,-0.28988169439684647,34137.233924804685,2.4043174472939686e-06,6.275921821594238,1.346246699540643e-05
485,0.6072409025857918,0.01830586211758281,0.9764328035667733,29510.882704345702,2.6218100175475673e-06,7.299995422363281,2.091573151119519e-05
486,0.5756173676061869,0.007022906394121248,0.3746011051297218,51986.74141064453,2.025316191360073e-06,2.9123010635375977,7.79542369855335e-06
487,0.1509504663295002,-0.04807237628152967,-2.564175609167593,48045.294337402345,2.0768034103066065e-06,10.542369842529297,4.580255699693225e-05
488,0.6701385581220152,0.0740077332167485,3.9475648820189826,33224.269926757814,2.504493964541692e-06,28.325593948364258,0.00013032287824898958
489,0.68515700269686,0.01814309020914393,0.9677505667030837,54332.80738476563,1.872265939812251e-06,8.104955673217773,2.992275585711468e-05
490,0.7428235137425587,0.0073187501550227504,0.390381380924399,23956.11697705078,2.865700370917275e-06,3.2817881107330322,1.5247647752403282e-05
491,0.8049594961442126,-0.0037258766177137646,-0.19873787578044563,23910.43350415039,2.8704273120744394e-06,2.998405933380127,6.3631109696871135e-06
492,0.982012722012497,-0.0021302888446567197,-0.1136293879869913,21749.99983129883,2.9853463614305633e-06,5.456083297729492,1.3204899005359039e-05
493,0.7373579340962365,0.011828241752384389,0.6309171991661051,31121.4342109375,2.531403943212528e-06,5.059696674346924,1.8995264326804318e-05
494,0.1355650687996118,-0.025973686257908725,-1.3854337549835343,22560.913545654297,2.976298638047877e-06,4.077049255371094,2.7853813662659377e-05
495,0.9933609338187689,0.0009175520666222567,0.048942132912162414,27853.938413085936,2.6802886552278472e-06,3.0502424240112305,7.2461239142285194e-06
496,0.9771856373132349,0.005435246242148206,0.2899154758299536,46859.38079052734,2.1339655056058263e-06,14.635676383972168,2.4354127162951045e-05
497,0.9941448190435809,-0.0014440130191308244,-0.07702350600043806,47104.449360351566,2.095213252020704e-06,13.16572093963623,2.133308953489177e-05
498,0.7944668806992925,0.0506860077044266,2.703586440591819,42098.342993164064,2.2553443171181263e-06,41.149723052978516,0.00010492704313946888
499,0.7610141739791659,0.019757307313013547,1.0538527410870442,58663.12777636719,1.8494981612707622e-06,17.119855880737305,4.8966921895043924e-05
500,0.8582474636639278,0.003855366897313865,0.20564487398312117,23993.482046386718,2.8201038195295217e-06,3.455521821975708,1.0924993148364592e-05
501,0.9346487536016745,-0.0024780134389573542,-0.1321769821019917,27201.226555419922,2.6868610869700913e-06,3.281233787536621,8.37744210002711e-06
502,0.8549348152280754,0.008358690751794622,0.4458517054535855,28245.658310058592,2.6437328916082355e-06,5.010139465332031,1.704600617813412e-05
503,0.8706637266822881,-0.002943892975525563,-0.15702694869158773,29516.83538745117,2.597369188819811e-06,2.8416082859039307,6.900875632709358e-06
504,0.9682056971544071,-0.009392613865886341,-0.5010010580751912,34486.898879882814,2.4623316075636967e-06,16.009313583374023,3.526359432726167e-05
505,0.9665689305970071,-0.005835231528281571,-0.3112506498750769,48429.95446484375,2.101385677177014e-06,13.878973007202148,2.147823579434771e-05
506,0.6195186959631391,0.03828065383345669,2.0418861403456745,52604.83058886719,1.9757147525523296e-06,10.738494873046875,4.572300531435758e-05
507,0.7813102489391519,-0.03725813677186142,-1.9873451853917232,40618.05019335938,2.2342992340385175e-06,46.49577713012695,9.63470884016715e-05
508,0.45775563455717067,-0.0201866497899006,-1.0767538246691424,57761.28983007812,1.845255027345886e-06,13.714924812316895,3.440913496888243e-05
509,0.5395360703866392,0.0381507812696977,2.0349587511452616,71133.003703125,1.6603160717682243e-06,16.27790069580078,7.71571503719315e-05
510,0.7135196306650721,-0.020189377926313114,-1.0768993431849418,29110.1711953125,2.610994156493092e-06,15.820323944091797,4.401156911626458e-05
511,0.9654410121943924,-0.0029913398786066037,-0.15955776162453794,26474.923280029296,2.7197375137194385e-06,5.392663955688477,1.265708306164015e-05
512,0.9985728913429744,-0.00044240837383842504,-0.023598017182351164,25461.120345703126,2.7970537377764155e-06,4.966010570526123,1.0988562280545011e-05
513,0.8387202692274942,0.00520824081942256,0.2778070299172116,23647.41024707031,2.901371331897367e-06,3.3651084899902344,1.0013913197326474e-05
514,0.9975863017405306,3.9021040108215385e-05,0.002081378268131922,24809.458065185547,2.8296534264583e-06,3.1777594089508057,7.250964699778706e-06
515,0.9251049882626963,-0.009208041916945844,-0.49115600929212133,30639.914922607422,2.55973225050592e-06,9.922624588012695,2.3135071387514472e-05
516,0.8986706378778666,-0.007702464674468418,-0.41084867394698427,41425.649485839844,2.2665072644711527e-06,9.830910682678223,1.8689854186959565e-05
517,0.9511807141901846,0.012588032400490941,0.6714443542320179,44631.194075927735,2.176477664613181e-06,21.929710388183594,4.516496119322255e-05
518,0.7534791621108832,0.03396748680337231,1.811822254340989,31945.28713769531,2.4885217195722877e-06,27.655643463134766,7.613624620717019e-05
519,0.6384937648342195,-0.025556749181597022,-1.3631943741928891,59699.92271484375,1.8215312041630519e-06,25.341264724731445,4.343464388512075e-05
520,0.5582452777531548,0.009389454363450365,0.5008325305400432,29232.558271972655,2.5779913684703707e-06,3.484484910964966,1.586012695042882e-05
521,0.8010914610725843,-0.009378311109789159,-0.5002381505352458,24894.031764648436,2.8256119317660687e-06,5.9090352058410645,1.8450524294166826e-05
522,0.4170344806316224,0.013578116319189122,0.7242553286778636,24159.45941357422,2.857144277110056e-06,4.386307716369629,1.6798727301647887e-05
523,0.8219771389852091,-0.01185659027266784,-0.6324293063238854,23816.630036132814,2.849595156505288e-06,6.446669101715088,2.2774476747144945e-05
524,0.8263983270880362,0.002999440008643959,0.15998982172806253,27800.283829833985,2.6974599465292306e-06,2.261291742324829,6.154124093882274e-06
525,0.9082902041971747,0.003716607313365134,0.19824345203934501,25620.386991210937,2.790268028101923e-06,3.195498466491699,9.58610326051712e-06
526,0.8012429295582449,-0.01036657216386288,-0.5529518935694078,39789.00311914062,2.2806089145675364e-06,7.387320518493652,1.6795289411675185e-05
527,0.8977661332190371,0.016417435385336205,0.8757043157930724,49757.27737695313,2.062835195192589e-06,15.080878257751465,3.194373857695609e-05
528,0.9284346383096393,0.02503152707564127,1.3351790810523911,44013.12426953125,2.1860673624173802e-06,36.77346420288086,7.936236943351105e-05
529,0.9829310147749264,0.021561882347764155,1.1501085879359993,44847.51164355469,2.107862013439125e-06,67.05595397949219,0.0001523286773590371
530,0.7211503122920306,0.014660707250168676,0.7820006176493677,42052.61033642578,2.1561235530392936e-06,9.728904724121094,3.053662658203393e-05
531,0.8177216164091976,-0.004888350858026815,-0.2607441322600453,25884.366180664063,2.7459265186866063e-06,3.9941043853759766,9.710998710943386e-06
532,0.6691871561727177,-0.014526958041497956,-0.7748664486078697,23320.73319067383,2.9493563186329185e-06,9.826247215270996,2.585570291557815e-05
533,0.9701156328840606,-0.006821009263571007,-0.36383193294056243,26213.999903808595,2.7048394469683027e-06,12.257444381713867,2.7437499738880433e-05
534,0.7284333850601536,0.025745091102609564,1.3732405128987406,31248.545003662108,2.5368969433131996e-06,12.725443840026855,4.134190021432005e-05
535,0.9362811134518745,0.008805376600220488,0.4696778826907199,33691.62164746094,2.4722375037904575e-06,10.576350212097168,2.4115101041388698e-05
536,0.9660784053631545,0.006385469528435601,0.3406002882405558,50818.56867773437,2.0494948853036825e-06,13.620966911315918,2.4104798285407014e-05
537,0.7373084249450066,-0.03021444061084359,-1.6116351562328606,45206.142850097654,2.1463625834812386e-06,17.174835205078125,6.0720361943822354e-05
538,0.9467371319361192,-0.011609686947452425,-0.6192595083377812,45673.40893994141,2.1320514593938154e-06,24.90093231201172,5.14407001901418e-05
539,0.9789641644181828,0.011062502384525488,0.5900727400001117,39995.32357910156,2.20938434804402e-06,38.056121826171875,7.684380398131907e-05
540,0.7751769026239436,0.012017422543819458,0.641008083134061,22546.249080322264,2.8930922843610286e-06,4.419577598571777,2.2314010493573733e-05
541,0.9887164184449448,-0.0008148454352730381,-0.04346377175391402,23740.98715966797,2.888448009645119e-06,3.0207817554473877,7.258534424181562e-06
542,0.755205179134598,0.005299057119315847,0.28265116201788937,23625.658063720704,2.860987024406432e-06,2.719766616821289,8.077581696852576e-06
543,0.507202960556417,-0.01715656227142466,-0.9151292679171098,21466.12092626953,3.0175977141981037e-06,2.321600914001465,2.0720550310215913e-05
544,0.7482166856668133,0.0032940235040775875,0.17570287509223476,20265.82700390625,3.111787022968069e-06,1.0945194959640503,5.707498075935291e-06
545,0.8602973817725612,0.008256103320506544,0.4403797024143451,24248.72409375,2.8594390378517227e-06,4.784314155578613,1.7092512280214578e-05
546,0.9635533061470987,0.008161980856451116,0.43535921985712206,33733.645526123044,2.493506631710783e-06,15.58568000793457,3.096351429121569e-05
547,0.8443836290539468,0.010964553260007334,0.5848481437671754,46428.4696875,2.121052245875557e-06,8.819055557250977,1.58896637003636e-05
548,0.9891541936620782,0.007402996313437914,0.3948750623540235,32795.956196289066,2.48145128344614e-06,25.649703979492188,5.643873009830713e-05
549,0.9034655862376789,-0.039204547167140516,-2.0911665157910386,46065.286429199215,2.1007936071947495e-06,60.154296875,0.00012431656068656594
550,0.5015418232758504,0.026311778242526222,1.4034675466882387,32468.20320996094,2.426194332555775e-06,8.98221492767334,3.7907204387011006e-05
551,0.7250110017225775,0.023262767956972782,1.2408336514854927,23199.45710498047,2.891921400479453e-06,5.761223316192627,4.036404425278306e-05
552,0.6022022169484169,-0.012071433468286803,-0.6438890202929957,25674.746775390624,2.7894805972355353e-06,5.761062145233154,2.217047949670814e-05
553,0.9243017426103558,0.0028478171158127356,0.15190227221080196,28083.71270263672,2.6534161607086198e-06,3.697506904602051,9.144328032562044e-06
554,0.6924916293306866,0.007723585354984533,0.4119752488745742,26595.27781323242,2.7317893327685046e-06,3.4066312313079834,1.0295641914126463e-05
555,0.9054315366183979,-0.00511255808904918,-0.27270332291497956,35423.529709472656,2.402088618003582e-06,4.042293548583984,9.625814527680632e-06
556,0.8082336690865596,0.016147079040246894,0.8612835361377911,46637.85778320312,2.135358303478889e-06,8.407999038696289,2.2649377569905482e-05
557,0.9985009061304052,-0.016077308972098966,-0.8575620078749243,40468.8076225586,2.226607379264587e-06,150.3741912841797,0.0002857767976820469
558,0.784389788597792,0.02306968248144835,1.2305344920695993,58452.912050292965,1.8496078021832418e-06,24.459362030029297,5.2762443374376744e-05
559,0.4107218685106808,0.035182267566546355,1.8766185353730482,36991.65742480469,2.275140620855541e-06,12.82652759552002,5.2242867241147906e-05
560,0.5654910363407943,0.01748692461462739,0.9327507613433326,26404.26364086914,2.7164688152186266e-06,7.002690315246582,2.8141383154434152e-05
561,0.889886761532695,-0.006338203632316897,-0.3380791302003696,24286.47773925781,2.8212354674951664e-06,6.8671088218688965,1.8324424672755413e-05
562,0.5781778319274735,-0.02326033633603955,-1.240703949074877,41865.21585888672,2.186720329661417e-06,9.947257041931152,3.236741031287238e-05
563,0.7276248320635511,0.011626736150207222,0.6201689110601175,34840.90214819336,2.4255405825099163e-06,7.983700275421143,1.9775981854763813e-05
564,0.8607716264009464,0.026641604051662895,1.4210604214425315,43261.5598125,2.190621473169037e-06,16.09684944152832,4.556275234790519e-05
565,0.6608320419157651,-0.011526610411639361,-0.6148282144575191,55495.37953125,1.9510734018201323e-06,6.117173194885254,1.4705051398777869e-05
566,0.9753197625670326,0.0041783283407764,0.22287160417799146,45411.915528320314,2.1790591881820128e-06,12.514015197753906,2.3722663172520697e-05
567,0.8287356260599379,0.06579933163422357,3.5097295854049877,42772.831239257815,2.1849525028795375e-06,42.05438232421875,0.00018375119543634355
568,0.5202327277315438,0.01816348243003388,0.9688382856690978,43279.66692431641,2.1065663683328067e-06,8.816685676574707,2.9094842830090784e-05
569,0.8064417311225349,-0.006265545421433849,-0.3342035487009035,23944.938119628907,2.8494334241995367e-06,6.026893615722656,1.567738399899099e-05
570,0.548217323740451,-0.006591159556297342,-0.35157177318241256,27203.533160644532,2.6953075561820356e-06,3.1204874515533447,8.442685611953493e-06
571,0.5798355341075014,0.008021711378778981,0.4278772603373518,31241.94779663086,2.5411240112326775e-06,1.732741117477417,1.1402340533095412e-05
572,0.41875686926030375,-0.033420789115957195,-1.7826614558930707,24868.792791503907,2.8400475705986336e-06,9.690781593322754,4.151006942265667e-05
573,0.936587660771431,0.00412855778333427,0.2202168477602851,25547.26522290039,2.778931761069324e-06,4.036646842956543,1.2545719073386863e-05
574,0.978530417766851,-0.000841392119680842,-0.04487976917131054,32400.664192382814,2.4616802812895455e-06,2.271322727203369,4.440762040758273e-06
575,0.7368404724364309,0.026043532442561166,1.3891593432929275,46283.85577392578,2.1013743574954892e-06,14.953163146972656,3.849031054414809e-05
576,0.8617780882305054,-0.08921976864417953,-4.75897328796872,46472.02717480469,2.091437836934884e-06,59.8289909362793,0.00017079086683224887
577,0.8592384843195647,0.02303661216767386,1.2287705249323924,47659.43864697266,2.1551368258377926e-06,32.468570709228516,5.3787069191457704e-05
578,0.9482659418103639,-0.03435883263299435,-1.8326966006639067,47416.60986279297,2.0689065678346735e-06,70.4769287109375,0.00013676391972694546
579,0.6520083389332951,0.1019874842242927,5.440001924530922,24841.799,2.7986174329462018e-06,51.195072174072266,0.00024372173356823623
580,0.6142122011416704,0.013274152509008395,0.7080419302893481,26246.68686669922,2.7227144211202625e-06,4.195040225982666,2.7315150873619132e-05
581,0.9365663716154916,0.0013996599972500722,0.07465772037266999,27492.97725830078,2.6632868227458496e-06,1.8232109546661377,4.607852133631241e-06
582,0.7974148576656265,-0.00372331056442012,-0.1986010027615448,21887.797824951173,3.0391208244771785e-06,2.906463384628296,6.791407486161916e-06
583,0.9009539399475042,-0.0033335162488405214,-0.1778094140381596,23280.562107421876,2.939463352807544e-06,3.5139265060424805,9.188687727146316e-06
584,0.4985454532574694,-0.013092264054249994,-0.6983400188100963,29281.566908447265,2.613711260284658e-06,5.401512145996094,1.562956822453998e-05
585,0.9233718334964647,0.020331848464767013,1.0844987070605494,39648.5743515625,2.2482314833093376e-06,23.138141632080078,4.253977385815233e-05
586,0.9498176736397941,0.007740048714299424,0.4128534027680489,35548.820936523436,2.397121807781823e-06,13.015088081359863,2.6347817765781656e-05
587,0.474412853404254,0.02973331436439886,1.5859719317057646,56401.5065703125,1.92709859139522e-06,16.001989364624023,3.3214375434909016e-05
588,0.5367810055325718,0.020181469119377377,1.0764774882359902,56774.295765625,1.910305419131193e-06,12.048144340515137,3.053192267543636e-05
589,0.8338161783441262,-0.014473139124554397,-0.7719957531105158,35260.60239550781,2.402263621147235e-06,16.880123138427734,4.164634447079152e-05
590,0.9988703467877627,-0.0023467168653966528,-0.12517363636513898,49582.53780371094,1.9892157687836537e-06,87.8218765258789,0.00014175647811498493
591,0.3362687435683654,0.020751077065748802,1.1068603175415355,21674.726135253906,2.959894928871509e-06,3.888104200363159,2.663404302438721e-05
592,0.8988048961572018,-0.005028021221737513,-0.2681941351026994,24341.39122631836,2.8348724780891444e-06,5.126995086669922,1.5779936802573502e-05
593,0.5618204508170878,0.022915475592331612,1.222309112456096,24825.333962646484,2.790674025257266e-06,5.4656195640563965,3.1760868296260014e-05
594,0.936235795452197,0.002784051075920176,0.14850099819788135,21926.09988354492,2.984540875798282e-06,2.882478713989258,8.941337910073344e-06
595,0.4573136043123325,-0.0033808375182387057,-0.18033352568338099,22619.514751708983,2.9268190305560304e-06,1.3649868965148926,3.5406042115937453e-06
596,0.6723510716812467,0.0052925366601185445,0.2823033613945879,23069.16318334961,2.948129725990684e-06,2.2821080684661865,9.07196863408899e-06
597,0.3930076135058575,0.01725664107165894,0.9204674608338198,31639.63665234375,2.5282848215618762e-06,3.4424383640289307,2.3271903046406806e-05
598,0.7636681562154432,-0.031236775429177962,-1.66616639035001,46137.321505371096,2.1155742226994794e-06,21.666818618774414,5.129676719661802e-05
599,0.952288202825203,0.01350138527565302,0.7201625027033582,49818.01718359375,2.0660012367028354e-06,27.9375057220459,3.9567625208292156e-05
600,0.9895073241810233,-0.005615742580353886,-0.2995431319553883,40438.092121582034,2.2673214698216556e-06,29.835803985595703,6.078372825868428e-05
601,0.7039475884086229,-0.12431028498871893,-6.630697822591654,53452.454615234376,1.906550026496128e-06,159.52914428710938,0.00028962071519345045
602,0.7949015685449201,-0.04252509577626488,-2.2682842372597705,29620.735903320314,2.5508005708402986e-06,34.84341049194336,0.00010340755397919565
603,0.7398159112145908,0.10161705992762592,5.420243530625168,28602.002610839845,2.617088669336422e-06,68.601318359375,0.0002198425936512649
604,0.7990796173519217,0.024819503896881298,1.3238697864926507,21706.40236254883,2.9794533468765613e-06,10.870499610900879,5.4823663958813995e-05
605,0.2863041844620429,-0.0205788872842214,-1.0976757322954325,31471.46686230469,2.5021020341013955e-06,6.109349250793457,2.7301763111609034e-05
606,0.7102191633868791,0.016992798908845485,0.9063941469914957,24706.34729724121,2.8507724944090596e-06,7.194901466369629,2.902286360040307e-05
607,0.8400835820503548,-0.010936204363953449,-0.5833360165658387,31320.976029785157,2.5257507661752553e-06,10.06047248840332,2.294976366101764e-05
608,0.7683014068787285,-0.018964442557233025,-1.011561416517716,38350.11988525391,2.2991767838924196e-06,15.556117057800293,3.302669938420877e-05
609,0.950796587296524,-0.008995374121170293,-0.4798123309270345,49230.64495751953,2.027922842011241e-06,17.392866134643555,2.9824885132256895e-05
610,0.7884683947654174,0.02016611030943491,1.0756582508924966,75395.45718652343,1.6494027146118713e-06,24.06787872314453,3.933594416594133e-05
611,0.8119808626286631,-0.1174916116282181,-6.266990486480732,54551.942112304685,1.8939765218540234e-06,326.41510009765625,0.0005278510507196188
612,0.8881633626434854,0.14042730576164245,7.4903780538403115,35508.775806640624,2.309237663156701e-06,142.20697021484375,0.0005363122909329832
613,0.9930916318380572,0.0035758683854504383,0.19073645209189466,58764.54982714844,1.8121444564742246e-06,48.299537658691406,6.489700172096491e-05
614,0.7196720671493361,-0.011498151831095893,-0.6133102366967831,52843.928184570315,1.919680514552248e-06,16.176782608032227,4.134703704039566e-05
615,0.4599418203166041,-0.011791780208486908,-0.6289723441627456,40411.83506640625,2.184325894300682e-06,11.266133308410645,2.8432761610019952e-05
616,0.2731442390278029,-0.041239110678904255,-2.1996899243617816,24818.366678955077,2.823684434268583e-06,19.816360473632812,5.054939174442552e-05
617,0.8533419595878462,-0.018690865831373714,-0.9969688620832082,44931.31601220703,2.0868946334225252e-06,17.026872634887695,3.714033664437011e-05
618,0.852385259555017,0.012326847890406915,0.6575127993130826,37539.19672314453,2.3081881547268477e-06,11.14832878112793,2.7828044039779343e-05
619,0.667232591975117,0.03567449502192048,1.902873897243268,41308.13768945313,2.2355654997757913e-06,19.34343910217285,5.6912780564744025e-05
620,0.9491443993583255,-0.022065486650889504,-1.176970789695766,42612.45803417969,2.18313060028872e-06,43.23705291748047,7.300938887055963e-05
621,0.9936981015442622,-0.025428908771645786,-1.3563753798676825,40326.54212353515,2.24231743204515e-06,124.11184692382812,0.00023280126333702356
622,0.8673535034339865,-0.032679527184349896,-1.7431226206605341,49233.6943984375,2.001026445561315e-06,61.31209945678711,0.00011786023969762027
623,0.9638069983122475,0.002646498833510683,0.14116397572769718,50888.4372265625,1.940386315562575e-06,7.709710121154785,1.535827868792694e-05
624,0.9917464707077953,0.00140171980751291,0.07476759044034773,41510.38608203125,2.1556708688357138e-06,12.575745582580566,2.389704968663864e-05
625,0.9709703289604421,-0.004867990938454092,-0.2596581362429719,27427.38116699219,2.6891241522744016e-06,15.750523567199707,3.800417107413523e-05
626,0.42716281513653453,-0.017137959103000457,-0.91413697682571,43320.764531738285,2.1283570395118243e-06,5.726893424987793,2.1013473087805323e-05
627,0.7459277900114365,-0.05108335727342609,-2.724781025755965,45616.4933203125,2.1204471053417292e-06,23.505844116210938,9.493239485891536e-05
628,0.8844144456349463,0.01782436517038909,0.9507498058998332,40754.603599853515,2.236891224283863e-06,20.828235626220703,4.823342533200048e-05
629,0.9977480472102671,-0.0016835243265477349,-0.0897990145170464,45195.83254589844,2.1590402790917215e-06,27.730667114257812,4.536299093160778e-05
630,0.7348922131595924,-0.07614618321402987,-4.061629585048032,40097.342878173826,2.2157058537674103e-06,33.524600982666016,0.00010515048779780045
631,0.9903611646758747,0.004298158347929764,0.22926332444140374,34109.601294433596,2.4011026891916053e-06,30.266569137573242,5.7416407798882574e-05
632,0.8070686080014564,-0.027930599435807144,-1.4898153027281116,61940.169193359376,1.7841794079125166e-06,41.61573791503906,7.718871347606182e-05
633,0.9530277436199505,0.004226525763065554,0.22544244972835137,39090.508575195316,2.198790463098106e-06,16.0520076751709,2.5694645955809392e-05
634,0.537817064833555,-0.03719674198676384,-1.984070393865809,63141.21163476563,1.7328759088408579e-06,41.206573486328125,9.812320058699697e-05
635,0.9990320690522868,-0.0009259137904187544,-0.049388146399908676,29025.80957421875,2.579145138047314e-06,18.621976852416992,3.966712756664492e-05
636,0.9755420174052235,-0.0034374177070062707,-0.18335150713597734,32977.75260107422,2.455810563599809e-06,10.092735290527344,1.964059265446849e-05
637,0.9616349293862142,0.003869701241689564,0.20640946643859542,35346.095075683595,2.375907368549864e-06,9.988998413085938,2.0817333279410377e-05
638,0.9668717388067832,-0.006514239000052865,-0.3474688386195236,33855.97275,2.42611176133369e-06,17.901641845703125,3.474253753665835e-05
639,0.8192731280875887,-0.031235134123373316,-1.6660788432671105,39532.07023925781,2.292554362514766e-06,29.911497116088867,6.106968794483691e-05
640,0.9984359821323401,-0.0037143127334130998,-0.19812105938057914,34240.669526367186,2.4566400670023464e-06,45.9785270690918,8.705406071385369e-05
641,0.9989725773945433,0.001041410149166679,0.05554871030286027,37480.34425097656,2.29141572513042e-06,33.51689147949219,6.346093869069591e-05
642,0.14220222859732667,-0.05777908313563015,-3.081930354946354,41661.06097949219,2.1638926817967545e-06,22.226360321044922,9.785303700482473e-05
643,0.7843165962940377,-0.03094487122322837,-1.6505962500114928,54579.3510546875,1.8771734582091264e-06,17.333181381225586,9.608339314581826e-05
644,0.5429918160229388,0.06087012861593501,3.2468064031160546,29832.136271484374,2.52809702335869e-06,19.981136322021484,0.00013433507410809398
645,0.8194149482670305,-0.023328381747528756,-1.2443334843288567,30152.75316845703,2.5353120208319114e-06,20.214231491088867,5.819605212309398e-05
646,0.24721398240487402,-0.04960916087994913,-2.64614754167066,31914.96285253906,2.5192130171378373e-06,22.39012336730957,8.339397754753008e-05
647,0.9459625923067091,0.008403720646501132,0.4482535954082991,31517.509882080078,2.487820882355581e-06,11.23867130279541,2.8936734452145174e-05
648,0.7526089323124804,-0.017822136432508698,-0.9506309252504004,32136.5735234375,2.458682147764818e-06,11.4100341796875,2.5549108613631688e-05
649,0.8842820134650846,-0.006230588814285726,-0.332338966869052,37191.335489746096,2.362667046296142e-06,8.639156341552734,1.6638005035929382e-05
650,0.8093433315390012,0.04341050604310259,2.315511929875502,44070.18129199219,2.1482978312718875e-06,39.20274353027344,9.069233055924997e-05
651,0.04297115064388605,-0.04023964432632578,-2.1463784918572455,38035.82277441406,2.299160283873212e-06,9.100165367126465,5.117937325849198e-05
652,0.5366097902586653,-0.049648260735038495,-2.6482331239217847,34944.70820410156,2.321137006437876e-06,19.533735275268555,0.00012368845636956394
653,0.8668325901881573,0.008599156777494588,0.45867813854527,53758.84482421875,1.889213603750127e-06,20.172767639160156,4.450170308700763e-05
654,0.9662622637896827,0.009494170641452407,0.5064180860441677,32450.87054638672,2.462982702377889e-06,24.620582580566406,5.12772130605299e-05
655,0.5020497045436255,0.017882348661619474,0.953842639361541,24845.54653125,2.821755567671357e-06,11.039597511291504,3.6147524951957166e-05
656,0.9101359326009636,0.006693699399200155,0.357041237862075,39518.102734375,2.248173578931539e-06,10.298871040344238,2.6242265448672697e-05
657,0.9538541411724656,-0.008806324501506762,-0.4697284436478884,39842.90012841797,2.2495749749041133e-06,27.280502319335938,4.9582940846448764e-05
658,0.9970326262207424,-0.0032721603095308754,-0.17453669454258083,45179.7018984375,2.146069524790028e-06,36.0824089050293,6.21833823970519e-05
659,0.9288249092838168,0.04547078682141483,2.425407094800288,61139.37574658203,1.8276942450236367e-06,89.36151885986328,0.0001458636106690392
660,0.6427812833624087,0.044000060549720166,2.3469587066541324,45197.23664648437,2.107442737150093e-06,21.05217742919922,0.00011064056161558256
661,0.5623875644983404,-0.029864279876473457,-1.5929576186569807,57580.909154296874,1.821981956458357e-06,29.633081436157227,5.542837243410759e-05
662,0.9963807273171935,-0.003281580366767339,-0.1750391594272215,53010.61835644531,1.9141569652713236e-06,43.40692901611328,6.927070353413001e-05
663,0.25986614163292693,-0.031756233469501904,-1.693874228822235,53991.16063085938,1.8844952165459169e-06,25.497758865356445,6.164663500385359e-05
664,0.6439656849712155,-0.04008678063255675,-2.138224758145513,27518.200987304688,2.6466743875239898e-06,18.13792610168457,6.938030855963007e-05
665,0.6768576696604405,0.013645180326581585,0.7278325159382082,25910.631208740233,2.734624087078164e-06,6.5095295906066895,2.05976830329746e-05
666,0.7877396283590569,0.014767232899652663,0.7876826848423416,31806.932099121095,2.468329632871738e-06,6.58285665512085,2.1390882466221228e-05
667,0.9976986672526171,0.0008708810796072872,0.046452707262414725,37699.130555664065,2.3316476413104183e-06,11.370427131652832,2.214673259004485e-05
668,0.9023133051549417,-0.021717239285143023,-1.1583953110055831,45060.02069555664,2.134617419087017e-06,29.550874710083008,5.017695730202831e-05
669,0.8234680173547172,0.02040226786837725,1.0882548708102262,43927.15726220703,2.1518628159067784e-06,14.26353931427002,3.4865301131503657e-05
670,0.9816315109732575,0.007146566725683154,0.3811971345033403,55732.72715380859,1.93443806416678e-06,18.12868309020996,3.346795347169973e-05
671,0.9174848532876645,0.025379491805464276,1.35373948397147,35964.1132758789,2.355833438904004e-06,21.393407821655273,7.064640522003174e-05
672,0.9370421994752213,-0.006656279324179844,-0.3550452549071577,65534.75474609375,1.7400626652082497e-06,18.233726501464844,2.5813917090999894e-05
673,0.9698717144422635,0.0034274997833968874,0.1828224861101842,26097.109083007814,2.708015202778111e-06,8.357588768005371,2.033409327850677e-05
674,0.8194165286974393,0.012508809296061857,0.6672186019856566,28650.74661328125,2.619590594657254e-06,9.094202041625977,2.511507955205161e-05
675,0.668368907717094,0.01591445171684157,0.8488752186207087,22018.947005126953,3.0088794591319277e-06,7.0710320472717285,2.782232331810519e-05
676,0.4312439852060684,-0.010216501999367772,-0.5449471664219799,26533.068475341795,2.727193481771623e-06,3.246724843978882,1.1358880328771193e-05
677,0.8986072596236743,0.004943057995326271,0.26366220533987644,28207.973240722655,2.6463919700007306e-06,3.770019054412842,9.784813300939277e-06
678,0.6414743194986617,0.00812181497230521,0.43321677572570594,50272.82176269531,2.036530835510379e-06,4.304591655731201,1.0836422916327138e-05
679,0.967425092243431,0.004720808649601379,0.251807448085445,66422.62947363281,1.7918067296735912e-06,11.193620681762695,1.5817249732208438e-05
680,0.6621724888960776,-0.045760504456879195,-2.4408606036938947,42905.36601074219,2.1542978637598722e-06,19.043468475341797,8.169779175659642e-05
681,0.9879218517509654,0.016927333666317993,0.9029022376847,45854.500578125,2.0545692495019673e-06,87.99276733398438,0.00015938632714096457
682,0.6664742495448415,-0.032232424137017476,-1.7192741900766109,48125.94364501953,2.009759291289065e-06,24.601469039916992,6.84373953845352e-05
683,0.6136430425356079,-0.01174001594480535,-0.6262112436591747,22939.91217480469,2.8897191005971386e-06,7.715819835662842,1.7047937944880687e-05
684,0.9240232172487269,-0.004009725375109455,-0.21387833932117156,22619.13752050781,2.9536993510377523e-06,5.467415809631348,1.2919022992718965e-05
685,0.8523480398152428,0.03869985649794602,2.0642463673768194,21531.375047363283,3.020183977844082e-06,14.055093765258789,7.168025331338868e-05
686,0.7908695037466504,0.019098472038582587,1.0187105352750923,19335.934243408203,3.1662278924084565e-06,5.768181800842285,3.160599953844212e-05
687,0.8715825143973235,0.0017483513673632886,0.09325688221013198,18594.50728955078,3.234836070034676e-06,1.7371230125427246,5.146616331330733e-06
688,0.527154961468364,0.008172806161333483,0.43593664050674014,18729.32958984375,3.235232467386479e-06,1.8385300636291504,1.4594952517654747e-05
689,0.9529957297983301,-0.0019416198902448096,-0.10356580535323556,21227.34551904297,3.04388331209892e-06,3.6686553955078125,7.872006790421437e-06
690,0.8944678832915837,-0.009063856474135953,-0.48346517259445215,31992.277400634764,2.5153391930573273e-06,11.251669883728027,2.1295511032803915e-05
691,0.4085328463109253,0.03148317334600227,1.679309229904487,36897.88501855469,2.3645079701494453e-06,13.632533073425293,3.368104080436751e-05
692,0.9075529233606933,-0.016527988510745245,-0.8816012081378769,46133.90218310547,2.095636580509655e-06,17.994640350341797,3.9769824070390314e-05
693,0.7446208245347856,-0.04531630939522209,-2.4171672847669607,36724.686138671874,2.2825939218969823e-06,87.1360092163086,0.0001739531144266948
694,0.7075593567342879,0.013932509946833494,0.7431586483458632,39589.29625195313,2.2430227482194225e-06,14.406128883361816,2.339384263905231e-05
695,0.6623615599363473,0.05049665399705687,2.693486333305684,21708.901931640627,2.9969943563058815e-06,19.6574649810791,0.00011726783850463107
696,0.9564798934356885,-0.0072161293600839695,-0.3849075982714596,23005.30044946289,2.919870420955112e-06,13.982242584228516,3.6062552680959925e-05
697,0.6699613683592122,0.09772152103353424,5.2124558864634745,22502.007034667968,2.9619757688453583e-06,21.034507751464844,0.00014867144636809826
698,0.9680256953679718,-0.001978353258747304,-0.10552515945308377,20256.917178466796,3.098076859972967e-06,3.8086624145507812,9.032121852214914e-06
699,0.8959050300719414,0.002353275043236219,0.12552344889694136,19927.69377392578,3.154630562815926e-06,2.4335429668426514,6.8073809416091535e-06
700,0.8198745221568225,0.008506778360582012,0.4537506832833642,22218.777021240236,2.9740188412672426e-06,4.353351593017578,1.6674419384798966e-05
701,0.8885570036158974,0.010221758419995952,0.5452275433579437,27181.844009765624,2.7141736890601173e-06,8.358237266540527,2.452139597153291e-05
702,0.9262167760680379,0.009402862561948609,0.5015477224696189,35011.73648120117,2.4214354999212965e-06,12.349153518676758,2.4336111891898327e-05
703,0.7552228942256356,0.02387683002191435,1.2735876589058255,50554.08640869141,2.0428803862795808e-06,17.403074264526367,3.388858385733329e-05
704,0.8901149475734577,0.009990805020267075,0.5329085127576889,43494.84449707031,2.1581212653939077e-06,10.246171951293945,2.6770740078063682e-05
705,0.8392409018027815,0.044884546213900554,2.3941370810591684,30496.810385253906,2.5847667884729777e-06,50.925933837890625,0.00013785618648398668
706,0.7286500852302346,-0.01765875313822248,-0.9419160771284626,62085.6690546875,1.7882376849685244e-06,15.049163818359375,3.2447762350784615e-05
707,0.44725383853253764,0.022355561469129703,1.1924433506819188,21989.041692626954,2.9568479446484648e-06,5.343116760253906,3.2248219213215634e-05
708,0.7683499538558658,0.004067520284590412,0.21696111385175076,21934.56620703125,2.970498998784718e-06,2.3913469314575195,8.69797349878354e-06
709,0.6533305112734136,0.013459716235734089,0.7179398803975284,22722.372071533202,2.907691027369083e-06,3.2827727794647217,1.9636958313640207e-05
710,0.5406255530525615,-0.006543446917086415,-0.3490267859116111,27232.43683618164,2.721764761905417e-06,1.5092753171920776,9.702472198114265e-06
711,0.7516697543624901,0.00811449245468426,0.4328261933885364,32105.220725097657,2.517019981684873e-06,3.81612491607666,1.539481309009716e-05
712,0.6537369443264623,0.01464906768903475,0.7813797646549944,32996.83808813476,2.4707108825490288e-06,6.246131420135498,1.8687331248656847e-05
713,0.8298019978043633,0.018304397565534047,0.9763546845110436,51801.34262353516,2.027444334409459e-06,14.408196449279785,3.4786997275659814e-05
714,0.9337351572778796,0.00608922533012504,0.324798653155643,49045.69116357422,2.113669374387842e-06,7.06702995300293,1.6725485693314113e-05
715,0.8508078276570888,0.04348327957338555,2.319393662499904,35377.49954736328,2.4047998314734903e-06,44.67206954956055,0.00012183956278022379
716,0.9943768383619863,0.004995505929268391,0.26645977274486643,60149.134884765626,1.8093185745459532e-06,25.604782104492188,4.429742330103181e-05
717,0.6524430577573502,0.023241681001222217,1.2397088754334302,40549.32060839844,2.16334106292429e-06,9.17883014678955,3.94773596781306e-05
718,0.7760905694867558,-0.006169568418061608,-0.32908414520716256,27730.264372314454,2.639000170857529e-06,4.082247734069824,1.3045720152149443e-05
719,0.9753148238813433,-0.012717742080911639,-0.6783630552519103,28567.75685546875,2.643821018419132e-06,37.762428283691406,8.738933684071526e-05
720,0.8283334991836514,-0.042655937985688744,-2.275263347260272,35740.14719873047,2.36652332132215e-06,41.36710739135742,0.00011211434321012348
721,0.785395758123502,-0.005734599329890153,-0.30588293875755246,27522.315366210936,2.680317613853426e-06,4.03464412689209,1.2098479601263534e-05
722,0.9300562979285731,0.002500251454637177,0.1333631555723553,30605.446892822267,2.566079148677042e-06,2.6334609985351562,6.7838977884093765e-06
723,0.9471481575416559,-0.0024923985105566922,-0.1329442803423602,38371.254924072266,2.2916629860874233e-06,3.6961629390716553,6.719655175402295e-06
724,0.9624518914781159,0.004587211560609383,0.24468139309197276,42756.16672705078,2.179197510703393e-06,8.646829605102539,1.673352198849898e-05
725,0.9973884172871369,0.002516207259655457,0.13421423657182377,52136.11110498047,1.984547629617049e-06,44.74782180786133,7.95625674072653e-05
726,0.9412296218272662,-0.012698015607013247,-0.6773108471619896,50803.27728076172,2.01270659244735e-06,21.62029457092285,3.934204505640082e-05
727,0.9703790029459074,0.009306291372050392,0.4963966251276628,27864.676180175782,2.6447836562016985e-06,16.065534591674805,4.4921922381035984e-05
728,0.8899992799383784,0.012565190991837477,0.670225995842467,35123.896591796874,2.350000448552505e-06,18.393991470336914,4.323213215684518e-05
729,0.75124850548202,-0.01725756414465092,-0.9205166974523232,26749.32824926758,2.6957724774239083e-06,12.387640953063965,4.175881986157037e-05
730,0.6272773728433694,0.01416965489632045,0.755807935573742,29006.97111767578,2.604251192309422e-06,6.230283260345459,2.151034823327791e-05
731,0.8691762988677826,0.00970332325375838,0.5175742648843372,26399.92940185547,2.753540313984686e-06,6.765347480773926,2.030413452303037e-05
732,0.967005241942715,-0.001843839401968271,-0.0983502041600919,25440.60247607422,2.8364675729585706e-06,3.772477626800537,9.097159818338696e-06
733,0.9859533046048461,0.0012687759252367602,0.06767637742595119,29986.162560058594,2.579692059589064e-06,4.021283149719238,8.627369425084908e-06
734,0.9957958426866773,0.0004933820968194956,0.026316950326222943,39748.96747387695,2.2654167553601964e-06,5.826419353485107,1.0956363439618144e-05
735,0.6478108188922347,0.02772575236552975,1.4788887810571505,54725.35607714844,1.981592196444161e-06,9.545355796813965,3.0678951588924974e-05
736,0.8387136644104987,0.024291846494991585,1.2957245949173761,50607.75091894531,1.9822963031943355e-06,24.08022117614746,7.874667790019885e-05
737,0.5959527018483228,-0.022199271601783446,-1.1841068652237763,35847.34458251953,2.3753856374620735e-06,15.811978340148926,3.1008326914161444e-05
738,0.8907837098657705,-0.011519912728933256,-0.6144709607504764,43263.553274414066,2.1236163661178165e-06,11.472051620483398,2.7593767299549654e-05
739,0.8194276657982558,0.008626623677950545,0.46014322019207976,34283.79115673828,2.37571916528659e-06,5.402134895324707,1.648674333409872e-05
740,0.9155332034863422,0.007591195118353921,0.4049135672619976,27686.8859765625,2.6457492069641e-06,7.481312274932861,2.0855848561041057e-05
741,0.836945461436721,-0.007215718115516859,-0.3848856625285246,28371.845165527342,2.656085136207418e-06,5.588306427001953,1.2586194316099863e-05
742,0.7171485224526198,0.009019150536001965,0.4810805624500152,23371.2955859375,2.90333575205596e-06,2.4757940769195557,1.3351467714528553e-05
743,0.9591571228272004,0.0009280935923125489,0.04950441680884688,21486.545666503906,3.0006381911768476e-06,1.1801594495773315,3.6256769817555323e-06
744,0.9977081293726832,-0.0003585248100359157,-0.019123676512092045,20853.813951660155,3.0773396364481846e-06,2.0106544494628906,5.1906104090448935e-06
745,0.8375222942143303,-0.004511204646495299,-0.2406271921063994,29011.752990966797,2.630056918178944e-06,3.065808057785034,7.589108008687617e-06
746,0.6105858969540486,-0.04334464672053559,-2.3119990003799096,40831.95320019531,2.244748966779818e-06,12.150485038757324,4.867059760726988e-05
747,0.9981513786949011,4.112480045309619e-05,0.002193592628667911,63521.85572119141,1.8333398847692399e-06,30.899995803833008,4.250857455190271e-05
748,0.870009028704731,-0.023637109549230047,-1.2608009935353561,45746.53435742187,2.1594120232527315e-06,29.803333282470703,5.055771907791495e-05
749,0.8536266132379555,0.06514887282659916,3.4750341794714226,45501.95849072265,2.0834406726888114e-06,34.90647888183594,0.00015897754929028451
750,0.3630632372052276,0.048694516392401264,2.597360498727436,34314.77429101562,2.339224680676309e-06,12.647771835327148,0.00010446086525917053
751,0.9901844513225626,0.0014738349336591967,0.07861420385578236,21756.903711914063,2.9851463766030575e-06,5.085293769836426,1.4464378182310611e-05
752,0.6058487111456907,-0.006458792230844171,-0.34451131364968546,26558.70494897461,2.727548705713641e-06,2.268211603164673,1.0964562534354627e-05
753,0.9929081404693648,-0.0015068675350052593,-0.08037615941593375,31595.54372363281,2.5110783353060904e-06,6.977465629577637,1.351656646875199e-05
754,0.9437327488780071,0.0031214039659424654,0.1664953666728534,24695.593709960936,2.844096137256817e-06,3.1092543601989746,1.047985006152885e-05
755,0.82396861691887,0.0054594009685061656,0.29120388645085715,30044.734844238283,2.56829566180795e-06,3.137826681137085,9.32017883314984e-06
756,0.9422397169396284,-0.006460750207216947,-0.3446157519081355,48429.09257470703,2.0737712215804133e-06,9.336750030517578,1.5833033103263006e-05
757,0.996743362689631,-0.0018499987458293692,-0.09867874292848167,39682.947840820314,2.2798537408378624e-06,16.040443420410156,2.9230945074232295e-05
758,0.978690807698331,0.009536554146124369,0.5086788178264791,29757.790344726563,2.5867443984948037e-06,64.92066955566406,0.00014047602599021047
759,0.9926268750951759,-0.005911497617683313,-0.3153186752438515,50375.43655859375,1.950932884818021e-06,38.045902252197266,6.136194133432582e-05
760,0.9438140086967906,0.0018891329146011725,0.1007661554679001,23112.758366699218,2.8851027757420616e-06,3.6640961170196533,9.319212949776556e-06
761,0.893889378423546,0.00438242100860814,0.2337578861000516,25425.234165039063,2.7907653820031353e-06,4.221415042877197,1.170093582913978e-05
762,0.998223196950082,0.0005876142382764069,0.03134328306476661,24930.36833227539,2.8299038571695177e-06,8.653032302856445,1.9582699678721838e-05
763,0.45654662741606533,-0.010499670402939835,-0.5600513399596918,26674.317510009765,2.721723300465054e-06,3.184783935546875,1.3305385436979122e-05
764,0.7724304071607178,0.0034086136555751367,0.18181510199360662,23884.909292480468,2.9075004039223956e-06,2.2896158695220947,6.139679499028716e-06
765,0.8584041347965764,0.009272353769224476,0.4945863968816074,39963.56792871094,2.2777113589044196e-06,8.766816139221191,1.7467065845266916e-05
766,0.501173004601684,0.011543036388288892,0.6157043743634663,54665.802142578126,1.9721969740044784e-06,6.553496837615967,1.592157786944881e-05
767,0.7140969289490373,0.022936256754232828,1.2234175774956688,80359.82359472656,1.6225934324622954e-06,7.411925792694092,2.7030946512240916e-05
768,0.897286174570964,-0.01389213480228073,-0.7410050422858568,50918.511658203126,2.0095601503772806e-06,22.262327194213867,3.849423228530213e-05
769,0.9974587621701367,0.0037116832825723825,0.19798080474303453,37389.565375,2.285597075195255e-06,58.93132019042969,0.00011765954695874825
770,0.790374971840669,0.012644688095380783,0.6744663631734145,33812.0213046875,2.37957630755009e-06,3.4027793407440186,1.9974222595919855e-05
771,0.7420645060878982,-0.015152064127775533,-0.8082095429909746,23043.911466552734,2.872887722966974e-06,8.357850074768066,2.9235852707643062e-05
772,0.9510215108549877,0.002153519457620776,0.11486850649446007,26306.05352783203,2.716946344846042e-06,2.9359943866729736,7.550283953605685e-06
773,0.8856029699859218,0.017054769352223446,0.9096996440709089,22565.89965527344,2.9677794074666077e-06,12.517448425292969,4.025928501505405e-05
774,0.9547100157288955,0.005941945015267898,0.31694273630111647,23557.70794921875,2.8853808858990225e-06,5.744712829589844,1.8650225683813915e-05
775,0.7410554805485144,-0.013037609904424052,-0.6954247720766554,22898.046430786133,2.9587770989743662e-06,5.572559833526611,2.1781041141366586e-05
776,0.994611838434243,0.0009131278336919077,0.048706144782454844,23612.68596020508,2.8973269768087642e-06,3.025136947631836,7.750395525363274e-06
777,0.8804833570093159,0.00812185079934911,0.43321868673654473,29280.87893310547,2.642023311704488e-06,8.124588012695312,1.9314536984893493e-05
778,0.6631644680096385,0.02190241245111894,1.1682724286435193,41655.044108154296,2.2318304538764015e-06,9.973177909851074,2.946846689155791e-05
779,0.7747936325252882,-0.011148062679040319,-0.5946365173142034,53691.12596191406,1.945061775305304e-06,9.853192329406738,1.7347803805023432e-05
780,0.9607242808017576,0.00561194167251803,0.299340391922145,49549.83892089844,2.0604987758167963e-06,14.253082275390625,2.5833169274847023e-05
781,0.9800220771379706,0.008279926972555245,0.44165045356562616,42642.02816064453,2.1369016432315826e-06,32.389244079589844,5.948508987785317e-05
782,0.577837361358871,0.01623496230212815,0.8659712202924142,32147.512599609374,2.445427941011041e-06,6.165767669677734,2.3486136342398822e-05
783,0.9382325144433852,-0.00173568678857617,-0.09258135487950597,23226.440309570313,2.875286522215644e-06,1.9422056674957275,5.662690000463044e-06
784,0.8418433317313702,-0.0073062356824715536,-0.38971386024496657,23430.09193066406,2.8949467903246666e-06,5.794242858886719,1.6980331565719098e-05
785,0.9936239237723873,-0.0011167501167339059,-0.059567336428184264,32785.30475341797,2.470936524159955e-06,6.012364864349365,1.1950848602282349e-05
786,0.5865952476945512,0.021793946530965103,1.1624868676124696,24566.554904541015,2.8814562330659904e-06,5.453875541687012,3.178070983267389e-05
787,0.8843716015653283,0.0029348262219454266,0.15654332898765705,27215.520897460938,2.729602967247258e-06,2.236678123474121,5.300671546137892e-06
788,0.8862739868145159,0.009706202030305313,0.5177278185294215,46342.65658496094,2.108709529239206e-06,6.581211090087891,1.4342411304824054e-05
789,0.6010721848125986,-0.026779381974354016,-1.4284094816757387,45996.19604736328,2.1407515951071833e-06,13.70177173614502,3.66951608157251e-05
790,0.6117976106392128,0.04787088909212911,2.5534283031972174,39869.396825683594,2.260792586085425e-06,26.262554168701172,6.457390554714948e-05
791,0.6439182773567728,0.013205549893976464,0.7043826738556779,44290.579421875,2.124330328487748e-06,8.375903129577637,2.4802597181405872e-05
792,0.9274570644278327,-0.0040403842329268785,-0.21551367964551865,21344.87765209961,3.029520860966635e-06,5.64453649520874,1.4747669411008246e-05
793,0.9957315843012332,-0.0006446880248697178,-0.03438759297464791,19731.477592773437,3.1052729719835357e-06,3.1636669635772705,8.470589818898588e-06
794,0.7675493971874351,0.011909109358493904,0.6352306689630509,20575.70193066406,3.0983042029612586e-06,6.278867721557617,2.1347927031456493e-05
795,0.7790073874165875,0.010133859573862744,0.5405390279409232,23936.396920898438,2.8585086369101134e-06,5.295458793640137,1.8550270397099666e-05
796,0.9796990639683176,0.0046052836938655535,0.2456453588220984,18397.946572631838,3.2753479568792724e-06,10.234524726867676,2.893054625019431e-05
797,-0.03878441224912017,0.018660268999959612,0.9953368302408383,19859.92660620117,3.1403366809352793e-06,4.2695770263671875,2.5569195713615045e-05
798,0.1408635654138994,-0.007039117242943959,-0.37546579013950077,22399.646170410157,2.9559287248053597e-06,1.141337275505066,9.699276233732235e-06
799,0.9340261136782402,-0.01497496155903669,-0.7987629101800323,32383.598343261718,2.5275710930404867e-06,23.09687042236328,4.864534275839105e-05
800,0.840056756689566,0.014167513705999899,0.7556937247021513,42313.52804541016,2.208982945034166e-06,13.11289119720459,2.7637972380034626e-05
801,0.8232595239212347,0.014817245750524765,0.7903503651666957,48596.76003076172,2.050542227326334e-06,9.24353313446045,2.4722530724829994e-05
802,0.8427704816505037,0.05143694565237224,2.7436413935411785,40666.840688476565,2.286337046918104e-06,55.49405288696289,0.00012687352136708796
803,0.9331752166031119,-0.008913403780433319,-0.4754400413784177,50805.25818847656,1.9474808115680994e-06,19.638919830322266,3.654827014543116e-05
804,0.6733087898784934,0.011840676352362354,0.631580459450692,21181.772677978515,3.013993731892421e-06,6.099676609039307,2.0814924937440082e-05
805,0.8934398340583866,0.003838299578812371,0.20473450496871823,22978.837404541016,2.9103543288362617e-06,3.2675485610961914,9.633090485294815e-06
806,0.9993361555110584,-0.00020837831084217706,-0.01111487767968626,20231.96336340332,3.1083975913288686e-06,5.398499488830566,1.3886323358747177e-05
807,0.42510803681305664,0.010820283438284594,0.5771528063069689,24749.14441455078,2.818830549593702e-06,3.1592915058135986,1.2956521459273063e-05
808,0.9023247285128361,0.009983811746106809,0.532535492232867,22360.16422363281,2.941537608117526e-06,6.162113666534424,2.9193208320066333e-05
809,0.895856615350024,0.006558040647876779,0.3498052140117794,25010.315360961915,2.818872388029106e-06,4.845522403717041,1.4905793250363786e-05
810,0.8935445615534967,0.0034971888341479877,0.18653969291343248,30401.658737304686,2.615450034214319e-06,3.044450521469116,7.4724921432789415e-06
811,0.8516328785700565,0.019765603867345754,1.0542952784422643,45718.814888183595,2.109927467620366e-06,14.760346412658691,3.1573345040669665e-05
812,0.8476634055744854,-0.0494572022440525,-2.6380420836528042,42503.92273876953,2.181335922545644e-06,47.82130432128906,0.0001133859041146934
813,0.6774309562285412,0.04346003053244146,2.3181535610458757,42004.743043457034,2.1676703412704164e-06,24.443391799926758,7.856899901526049e-05
814,0.5313696722670579,-0.008143551499460604,-0.4343761998497281,40369.82566064453,2.207338843440686e-06,5.392121315002441,1.6101756045827642e-05
815,0.9951202078532815,-0.0003225268758437894,-0.017203550402758526,23638.069577636717,2.8714070647186765e-06,2.9904656410217285,7.247603662108304e-06
816,0.9644796180836325,0.008005011024744182,0.4269864651698795,24616.747697265626,2.8366375010887602e-06,14.344965934753418,3.505793210933916e-05
817,0.8416157399637559,0.014710764207591903,0.7846706506126248,21221.164412841797,3.04314812585213e-06,9.056445121765137,3.0460079869953915e-05
818,0.7577416598359994,-0.009755126242064161,-0.5203374309553832,25026.977880371094,2.8001835781846335e-06,4.930201053619385,1.532303576823324e-05
819,0.685811012565626,-0.005925667548965454,-0.3160744979218164,26404.6310144043,2.752152496491417e-06,2.1206905841827393,7.85620250098873e-06
820,0.032336716077396334,-0.009865617671844629,-0.5262310324617014,22580.581507080078,2.9797603770076262e-06,2.306929588317871,1.1110233572253492e-05
821,0.8924101341042763,-0.013810577646847634,-0.7366547919988745,33731.82088623047,2.442824399437342e-06,10.823290824890137,2.2412175894714892e-05
822,0.5243467176631657,0.055387923906278724,2.9543861674564034,47343.44626660156,2.098797233065764e-06,11.030390739440918,5.632622924167663e-05
823,0.5417117261496897,0.02060003280083484,1.0988036319779002,67916.43345019531,1.7585751827532223e-06,9.591187477111816,2.598328865133226e-05
824,0.9621994807144321,0.008032557866452716,0.4284558108748841,55009.22437597656,1.917595094984281e-06,21.409212112426758,3.93980008084327e-05
825,0.9924659570380913,-0.010455412708665778,-0.5576906390966656,48172.989299804685,2.0302562990260423e-06,112.64466857910156,0.0001768075890140608
826,0.9328280280286472,0.005756084561301442,0.3070289587924163,52167.1845859375,1.9159663495323714e-06,11.45968246459961,1.990974669752177e-05
827,0.6482784182302556,0.018274364927385704,0.9747527466794718,26034.546975341796,2.7515872170864682e-06,3.7893145084381104,2.4950395527412184e-05
828,0.6180311230146813,0.008689144286519462,0.46347806302622374,21556.76542089844,3.004153242954307e-06,2.3688271045684814,1.2106287613278255e-05
829,0.9069776337515177,-0.006227901658526706,-0.3321956342570971,22217.99774560547,2.9190633197428692e-06,5.129466533660889,1.4086840565141756e-05
830,0.7754974346903635,0.009882841905349483,0.5271497713062533,21641.19665600586,2.995462152105043e-06,2.0977134704589844,1.4972148164815735e-05
831,0.874785003293327,0.007387654583225195,0.39405673604155866,18603.025043212892,3.2378401087776325e-06,1.6506110429763794,1.4821171134826727e-05
832,0.7420862446249594,0.0051563916653259425,0.27504140136762817,20991.589919677735,3.0522387228449465e-06,2.486961603164673,1.0264924640068784e-05
833,0.7609596743220763,0.004511858588851642,0.24066207332446352,28257.170549804687,2.6879816578768424e-06,1.5535484552383423,6.985559593886137e-06
834,0.7570367983400759,0.009492655908623618,0.5063372903507899,42304.96285498047,2.239007879204613e-06,3.14058518409729,1.2404125300236046e-05
835,0.9386754392229341,-0.030570776060155843,-1.6306420524690115,46334.78528125,2.0661693675282828e-06,48.43193054199219,8.115010132314637e-05
836,0.8983988432645913,0.06643429331655903,3.5435983762686956,31386.4078515625,2.5372057612407014e-06,100.21549224853516,0.0002653168048709631
837,0.8741007854421651,0.01162595965112862,0.6201274926790866,44864.64844873047,2.0704503807586056e-06,4.988461494445801,2.104267150571104e-05
838,0.9694716938784083,0.005089658570498021,0.27148186494945925,24731.99057055664,2.784029208011779e-06,10.61290168762207,2.6897803763858974e-05
839,0.8589026879190653,0.005574565403177477,0.2973467455576829,24354.79302685547,2.8427041895292763e-06,4.6750335693359375,1.2415608580340631e-05
840,0.9290943766630549,0.004034011316499172,0.21517374893838065,22120.68157397461,3.0004201173537677e-06,4.337776184082031,1.1974083463428542e-05
841,0.5239974282441191,0.010420791560309787,0.5558439506023022,21169.3502421875,3.056747698747832e-06,2.3508453369140625,1.3545861293096095e-05
842,0.9103516609979374,0.0023265915921502436,0.12410015635899034,20599.07604638672,3.091154694550633e-06,2.240262269973755,6.773745553800836e-06
843,0.3842661099818987,-0.00364633742827174,-0.19449526359198674,22661.26898803711,2.9835725939630135e-06,1.5764952898025513,4.817719855054747e-06
844,0.853113424668703,0.012327509544454818,0.6575480918719818,32101.367447021483,2.5226922811628983e-06,8.267780303955078,2.4211476556956768e-05
845,0.7286721760922598,0.010175278404127717,0.5427483040895315,43417.86735888672,2.220504119959865e-06,6.532128810882568,1.2310310921748169e-05
846,0.5378467603994923,-0.058999773820190185,-3.147041870577621,51754.54289257812,2.0571863280168703e-06,10.257802963256836,7.714444654993713e-05
847,0.5155533342251921,0.07044435592179808,3.7574947034103143,33543.66742382813,2.418359929009962e-06,12.675515174865723,0.00011601982259890065
848,0.8978525975993875,0.020919794327013876,1.1158596789138104,44783.59389111328,2.0848312675466462e-06,22.949615478515625,6.108050001785159e-05
849,0.9983635558475681,-0.00032761029977537113,-0.017474699712709096,23117.62013574219,2.8729142130376543e-06,5.427157402038574,1.3650888831762131e-05
850,0.6939524866061267,-0.013383328925916977,-0.7138653891442591,24228.302240966797,2.829942344031391e-06,4.541277885437012,1.957247695827391e-05
851,0.9584626720129179,0.0013612770206438563,0.0726103763461438,21242.383399902345,3.0796460780297806e-06,2.2303051948547363,6.168377240101108e-06
852,0.675488996980588,0.005017838867780532,0.267651009389348,21682.21671801758,3.022678512099304e-06,2.0454461574554443,8.266236363851931e-06
853,0.9691682502563579,0.005079741064018106,0.27095286617330905,22918.73045263672,2.955048859534e-06,8.560988426208496,2.2558693672181107e-05
854,0.8406291624040982,0.010251549626411595,0.5468166032457116,30134.32760131836,2.587904920704323e-06,6.6750054359436035,1.809964669519104e-05
855,0.8494335788098878,-0.011767030182160462,-0.6276521803027177,35259.0797121582,2.448470604084931e-06,9.01384162902832,2.2377442292054184e-05
856,0.9839579419399552,-0.0031111673150777223,-0.1659493447680235,46103.4905444336,2.1313255561350465e-06,11.382875442504883,1.8320675735594705e-05
857,0.9914442482262553,-4.5584039548055785e-05,-0.0024314479835972893,48463.6185,2.087337601935563e-06,25.700536727905273,4.438017276697792e-05
858,0.9239221715624049,-0.04829561244583613,-2.5760830032237236,49203.9931015625,1.9813445090073277e-06,126.68651580810547,0.00022182182874530554
859,0.7263733694948438,0.02881271350579786,1.5368671765428623,37267.83713330078,2.2689863797246905e-06,10.285540580749512,5.799653445137665e-05
860,0.838871578872222,-0.007332667007085482,-0.3911237043828164,22134.061259277343,2.9702966895368943e-06,6.210256099700928,2.1127325453562662e-05
861,0.5175668674654066,0.02252162381630565,1.201301099209596,24531.913920410156,2.8257412198650964e-06,3.682352304458618,2.831647543644067e-05
862,0.7254948948964914,-0.005116259610833353,-0.2729007617064425,24460.718385498047,2.8247901797186068e-06,2.1305508613586426,7.5514612944971304e-06
863,0.7368586588085723,-0.007364365446555976,-0.39281449588567263,21854.173021728515,3.011254778170983e-06,2.7772841453552246,1.1951748092542402e-05
864,0.9401505559357527,-0.005222523221549717,-0.2785688517784881,23403.628367919922,2.9056673900633336e-06,6.620408058166504,1.6324907846865244e-05
865,0.9187535332628413,-0.0038142198389582308,-0.20345009412021994,38720.29245385742,2.3023310143285175e-06,4.784919261932373,9.149249308393337e-06
866,0.8280936987951784,-0.012023101464881543,-0.6413109961997372,44712.39637255859,2.153554731796471e-06,13.998193740844727,2.5834282496361993e-05
867,0.7167399210661753,-0.053545589429639835,-2.856116235858679,57254.39707568359,1.8796781214259446e-06,32.329078674316406,8.80716324900277e-05
868,0.7814498113941104,-0.02527650394402583,-1.3482461220291717,65741.8065625,1.740268780589625e-06,26.329566955566406,5.7288165407953784e-05
869,0.7487549367182812,-0.04129605338358484,-2.202727242375912,39573.531390625,2.2366835469587785e-06,29.897136688232422,8.736590098123997e-05
870,0.9801701272101001,0.006044819082122423,0.32243002845200613,28836.68763671875,2.589395762904151e-06,26.26689338684082,6.231363659026101e-05
871,0.9578360204708004,-0.010311754159822505,-0.5500279068690127,27738.042669921873,2.632702166274449e-06,16.878023147583008,5.0382714107399806e-05
872,0.9980151498234099,0.0009213986736901094,0.04914731053774256,30144.007015136718,2.545795332114167e-06,27.45595359802246,5.980472269584425e-05
873,0.9224502359435921,-0.004002651342246349,-0.21350101113544184,25306.152360839842,2.7736433731107365e-06,5.8549017906188965,1.3832632248522714e-05
874,0.31612460334907566,0.0073859182758511735,0.3939641215847154,23931.844368652342,2.886651931788736e-06,2.2488675117492676,1.025582696456695e-05
875,0.43849781445838876,-0.01839735436522973,-0.9813129906511443,23790.43976098633,2.9271263914730925e-06,4.181219100952148,2.741052594501525e-05
876,0.16522637151217148,-0.005225572151983122,-0.2787314814143855,21664.25006665039,3.030941566559717e-06,3.137681007385254,6.196014055603882e-06
877,0.9660178246554503,-0.005054499470477628,-0.2696064821686165,20107.859293212892,3.1430036066687655e-06,10.877903938293457,2.3041835447656922e-05
878,0.9774785807490336,-0.0033380222829832535,-0.17804976543612683,22240.374877197264,2.9756126665547455e-06,9.408721923828125,2.1212636056588963e-05
879,0.3690139472272429,-0.020637378364419513,-1.1007956405005002,29418.3827734375,2.6174184404966244e-06,14.015130043029785,2.8967840989935212e-05
880,0.9261331317867124,0.011372333889247691,0.6065991206122892,34438.95968798828,2.432788149313151e-06,14.861686706542969,3.317152732051909e-05
881,0.9862111463506849,0.00505795169100019,0.26979062325641245,51515.71137158203,2.0264062014221237e-06,18.39402198791504,3.12896809191443e-05
882,0.895716944255127,0.032722143777055866,1.7453957853346194,39929.59065527344,2.2799318112447623e-06,26.413204193115234,8.894675556803122e-05
883,0.857488668625114,-0.23726585492589114,-12.655736311562828,26301.681025390626,2.7174592551069184e-06,334.43914794921875,0.0010704956948757172
884,0.7666238352940411,0.012780410631102808,0.6817057892769772,67689.39580273438,1.7295683013974656e-06,11.762585639953613,3.053518230444752e-05
885,0.9877401688096616,-0.007819226130272978,-0.4170767179968888,23724.281731445313,2.8404344372343167e-06,23.292388916015625,5.747797331423499e-05
886,0.47248420369627836,0.04011948847017351,2.139969390841728,22476.505150878907,2.9684192569901127e-06,18.82901382446289,6.616840983042493e-05
887,0.8615256761729242,0.013216892657605499,0.7049876957016502,17723.06482080078,3.2883050095230727e-06,10.878412246704102,3.648507845355198e-05
888,0.9864869188000194,0.0009680996920007479,0.0516383380537141,26187.54585131836,2.7710798943628356e-06,5.614007949829102,1.3848206435795873e-05
889,0.9256719092541341,-0.006875386877294424,-0.3667324292667216,23770.738240234376,2.845677117672257e-06,6.693891525268555,2.1094521798659116e-05
890,0.9938920652246171,0.0004229141111861621,0.022558195216428396,29811.398514648437,2.6090994968979168e-06,8.053202629089355,1.6787913409643807e-05
891,0.8884285557604051,-0.020937295807673627,-1.1167932060931043,44627.551317382815,2.1539960930631727e-06,21.44687271118164,4.6954610297689214e-05
892,0.7423385789729753,-0.032158205004666325,-1.7153153491864945,67573.48596191406,1.7747315198721485e-06,25.21231460571289,4.6763419959461316e-05
893,0.9281550918131215,0.01371291954453606,0.7314457188605215,76547.50960253907,1.6425685086368301e-06,36.12286376953125,6.365265289787203e-05
894,0.9751247438691188,-0.02709292642943961,-1.4451339106786194,53962.79030078125,1.8817542296929913e-06,304.9829406738281,0.0004300752480048686
895,0.6079664510145563,0.052009541856560725,2.7741836162115026,71164.36736523437,1.6609112995324992e-06,75.56007385253906,0.0001270575012313202
896,0.9776496815642955,-0.003394221586589865,-0.18104743051339167,96930.35888476562,1.402231885187593e-06,30.7377986907959,3.6948767956346273e-05
897,0.7929985866156912,0.0457620277346102,2.440941855171478,33314.436431152346,2.4000281003033163e-06,44.07172393798828,0.00016928711556829512
898,0.9107108700311026,-0.006686703594265534,-0.35666808234600916,32401.242122558593,2.4442967432947943e-06,18.856666564941406,3.61507227353286e-05
899,0.9792124677956856,0.003367807471756624,0.17963850434347461,35619.76756640625,2.3329289107744123e-06,11.290266990661621,2.425908314762637e-05
900,0.5553438895516027,-0.02182742844339387,-1.1642727893795846,33090.51566992187,2.4470540851339117e-06,14.480179786682129,3.6318600905360654e-05
901,0.8072060817632408,-0.0119567718427481,-0.6377729809736161,36641.03619824219,2.3365244923606407e-06,10.44275951385498,1.854494257713668e-05
902,0.9984970328162159,4.2525561917905466e-05,0.0022683091012069634,53766.750708007814,1.952087655691301e-06,9.684114456176758,1.5271827578544617e-05
903,0.5972241351635614,0.04314210256498811,2.30119531594391,76220.43350976563,1.681216404116901e-06,43.7940788269043,7.269312482094392e-05
904,0.24352166773806413,-0.02980191595168773,-1.5896311333197253,55761.4855,1.8820826992926293e-06,11.34508228302002,5.224339111009613e-05
905,0.9158937072795358,-0.009909055656190744,-0.5285480100814351,48267.93081347656,2.0011790740231093e-06,29.427995681762695,5.238320954958908e-05
906,0.9980083281867125,-0.0015841136166262028,-0.08449645746894045,59267.97006347656,1.7976190371787359e-06,62.29513168334961,9.904068429023027e-05
907,0.6503536809872325,-0.06258448418247357,-3.338249952804857,44518.00521191406,2.0624441503239556e-06,55.29824447631836,0.00018474645912647247
908,0.9651632196557266,-0.0037328835977649567,-0.19911162737608068,30639.173129882813,2.51748120357787e-06,13.174514770507812,2.7611291443463415e-05
909,0.7375043946773868,-0.008423589356936215,-0.4493133903804655,29513.12985595703,2.5709957721814895e-06,5.560245513916016,1.5546578651992604e-05
910,0.9898628966788954,0.001661876111296686,0.08864430094092396,27847.068876464844,2.6399497717264266e-06,8.78205680847168,2.0534129362204112e-05
911,0.979021096736221,-0.002838284970310794,-0.15139382854960298,31522.179181884767,2.508933582009053e-06,9.22705078125,1.9246177544118837e-05
912,0.5717190511361384,0.022490183594755506,1.1996240810240675,33438.63239135742,2.467283895202909e-06,4.523895263671875,2.8114580345572904e-05
913,0.9567492500506962,-0.01355593672963064,-0.7230722716508062,38932.496313964846,2.2855697211525205e-06,21.8256893157959,4.157452713116072e-05
914,0.8229385644769789,0.03948416316241786,2.1060812042354864,47080.672235351565,2.087014343023546e-06,28.567262649536133,6.550316902576014e-05
915,0.9944033989297911,-0.005340543408787478,-0.284864036433646,41499.87876757813,2.2326089049387977e-06,35.83810806274414,7.106112025212497e-05
916,0.21936939540805875,0.04973183097814766,2.6526907520984686,54837.52227783203,1.8925346350630748e-06,19.347867965698242,6.454572576330975e-05
917,0.6922209706165128,0.013963952888179641,0.7448358116050312,40304.892047851565,2.1893582598344275e-06,9.041556358337402,2.6587671527522616e-05
918,0.5708716366584095,0.008800884270812154,0.46943826230187674,29002.674592285155,2.5965954153491485e-06,4.411258220672607,1.2343882190180011e-05
919,0.7272258800028265,-0.004670006736889624,-0.24909767928367693,23122.11009423828,2.8775930753648312e-06,2.1318180561065674,7.452203135471791e-06
920,0.9959616281196565,0.0009769973295674368,0.05211293712687211,29371.22499560547,2.568346253690861e-06,5.168332099914551,1.1352267392794602e-05
921,0.8090711915254813,-0.006463110442177072,-0.3447416465982839,26028.28265185547,2.777281289125611e-06,5.080843448638916,1.2257693015271798e-05
922,0.9954648010302986,-0.00017714266127492938,-0.009448771342695882,23673.152846679688,2.91730805325954e-06,1.4437583684921265,3.40156316269713e-06
923,0.8631750993810026,0.0059440338098388,0.31705415238880685,31655.69602807617,2.533803230161277e-06,2.7772772312164307,1.1454467312432826e-05
924,0.8485316022234962,-0.013666698180449785,-0.7289802760515705,48243.659651855465,2.0939046438209524e-06,16.994855880737305,2.6850553695112467e-05
925,0.96597842176121,-0.024291292985872064,-1.2956950707978399,39518.92123193359,2.276303087587115e-06,49.146636962890625,0.00010672731878003106
926,0.8619951307512103,0.028390697307032677,1.5143568758826664,42102.99561230469,2.25942842704336e-06,31.291086196899414,6.680369551759213e-05
927,0.89737710830653,0.019049992739131858,1.0161246544259104,39935.951369140625,2.200437467822858e-06,10.609091758728027,4.202629133942537e-05
928,0.6795203201079969,0.005217247812140738,0.27828746198290866,22147.278481933594,2.9537314669522313e-06,2.5373504161834717,1.0442357051942963e-05
929,0.9275241794021316,-0.00360344495170821,-0.1922073833012998,23139.36380786133,2.9196123982892163e-06,4.401976585388184,1.1438968613219913e-05
930,0.3905153026561866,-0.016307820911137045,-0.8698574910073128,24705.12828417969,2.8232731234778047e-06,2.6683497428894043,1.8641268979990855e-05
931,0.6559091696535432,-0.012657263791561305,-0.6751371495149414,25288.304577148436,2.8194399193721915e-06,3.509601593017578,1.7665781342657283e-05
932,0.9721426078198405,-0.009722701575686946,-0.5186079025839763,21673.243754882813,2.998326740087571e-06,12.44298267364502,3.717780055012554e-05
933,0.9716134433521024,-0.004175528550822421,-0.22272226366965583,25454.393993408205,2.80427301944837e-06,8.417344093322754,1.914358654175885e-05
934,0.7743474413208474,0.028874339449465516,1.5401542980431417,38605.09199853516,2.3251195112718397e-06,16.05972671508789,4.1264513129135594e-05
935,0.9969716347939236,0.00015020260067375978,0.008011791279583055,48467.872841064454,2.116388429659788e-06,10.39504623413086,1.679899651207961e-05
936,0.8946299437938432,0.011717623154070144,0.6250168145032674,65023.23929101563,1.7810448434166488e-06,23.359535217285156,3.405224560992792e-05
937,0.9959383816558304,-0.0027882687701537854,-0.14872596957473633,36230.999060058595,2.336049392025278e-06,87.24147033691406,0.00016332417726516724
938,0.35716900413021857,0.024895499552908013,1.327923386973001,52942.74424511719,1.94763671159426e-06,13.162036895751953,3.962662958656438e-05
939,0.7420940285843217,-0.010366622954020266,-0.5529546027111817,22965.707158935547,2.9292220508154954e-06,7.20668888092041,2.4395914806518704e-05
940,0.889138268891317,0.014801686860578252,0.7895204555763535,24634.175575927733,2.7990163564886455e-06,13.141592025756836,4.3337215174688026e-05
941,0.9839184002268345,0.0008249705780080938,0.044003845826569035,27219.31764819336,2.7157452949633207e-06,3.086662530899048,6.847262739029247e-06
942,0.5974131722739873,0.013171717987608963,0.7025780834478492,26670.76281616211,2.708319082000292e-06,2.8088512420654297,1.4295084838522598e-05
943,0.9437537895379876,-0.007885995566745801,-0.420638192874661,25354.940127441405,2.7990287192259802e-06,9.825346946716309,2.4412125640083104e-05
944,0.8686553470044753,-0.009471274319376537,-0.5051967985783108,37558.30507055664,2.3627391349607307e-06,9.299610137939453,1.9718687326530926e-05
945,0.9135453860884991,0.016858891314526944,0.899251529675824,55074.477881591796,1.9855353088049833e-06,22.23551368713379,3.9161008317023516e-05
946,0.9878030572167302,0.0029885245071156878,0.15940758999862378,38917.53755126953,2.321609047887439e-06,11.016962051391602,2.0283452613512054e-05
947,0.9885456372692492,-0.0030824007041194558,-0.1644149366966268,41876.59429101562,2.161261772026316e-06,21.27607536315918,3.818197365035303e-05
948,0.8282408678345728,0.05691190257598028,3.0356750330380664,57004.519650390626,1.843698820862252e-06,33.551177978515625,0.00012846900790464133
949,0.7606047890058827,0.012072902984124593,0.6439674041167218,23188.230979736327,2.902404192507101e-06,5.07806921005249,2.3980805053724907e-05
950,0.9961699231510522,-0.00047037382305619867,-0.025089691368866924,24938.296370117187,2.8178051868532073e-06,3.7843129634857178,9.529357157589402e-06
951,0.7452306029844662,0.013058736939038213,0.6965516859311822,29100.735131835936,2.5942435281703138e-06,5.812417984008789,2.2611324311583303e-05
952,0.9706424841985939,-0.0011521751612721344,-0.06145690466227014,32452.406795654297,2.4899619340366406e-06,2.806389570236206,5.9516564760997426e-06
953,0.32609351368335937,0.01039586716715986,0.5545144860338344,28523.01916796875,2.64218603281271e-06,2.5300230979919434,9.652321750763804e-06
954,0.7460054013445255,-0.02030908336599695,-1.083284419032335,52862.078913085934,2.014354951138932e-06,11.692388534545898,2.493510146450717e-05
955,0.5557576529140121,0.041423920172391986,2.2095476437465824,51435.20059960937,2.0105471685906743e-06,9.206344604492188,4.28641214966774e-05
956,0.9844367763230074,0.0036247300069704026,0.19334272596094837,51258.954381347656,1.980381269321626e-06,25.128564834594727,4.17865849158261e-05
957,0.9826867053567899,-0.0024768602532586883,-0.1321154712953687,58561.40054394531,1.8499597439229333e-06,12.756428718566895,2.0897645299555734e-05
958,0.9639332286674699,-0.004950682901985483,-0.26406891707726243,50559.72844921875,1.9627465594928727e-06,17.114145278930664,3.234697942389175e-05
959,0.9068573389405896,0.006651959911074382,0.3548148578561346,27316.963774658205,2.66115388757256e-06,6.038395404815674,1.8812048438121565e-05
960,0.9847734586683752,0.003045878763655753,0.16246686014663356,23295.70018798828,2.896336782256514e-06,7.629520893096924,1.9613062249845825e-05
961,0.8290121108917698,0.018590530089637732,0.9916169639332101,26177.449635009765,2.773120630967491e-06,8.270771026611328,3.3134092518594116e-05
962,0.9938387713362887,0.0013284818905673664,0.07086108747910015,26743.080904052735,2.7168414178866925e-06,6.00001859664917,1.3653660971613135e-05
963,0.9965146346192421,0.00043252994906202246,0.02307110302024887,42762.96132910156,2.205250733290912e-06,8.370328903198242,1.5527079085586593e-05
964,0.6537977577524684,0.023236734379544134,1.2394450231416185,50764.861248535155,2.076417639475962e-06,10.408498764038086,3.0191355108399875e-05
965,0.9233777341373438,0.015099422118317442,0.8054016236179131,37888.26372607422,2.308281771591919e-06,20.097272872924805,4.941409861203283e-05
966,0.8194230698348915,-0.02391864980709371,-1.2758183219483499,73899.58020117188,1.6576237545970454e-06,36.115821838378906,4.8536836402490735e-05
967,0.7495983534527311,0.019390003846079203,1.0342608119184082,55430.38829980469,1.862966209728523e-06,16.6990909576416,4.719144635600969e-05
968,0.9678923288938872,-0.014237186651848328,-0.7594100724715468,31404.27274609375,2.5135353545810056e-06,29.943706512451172,6.325661524897441e-05
969,0.5046122926713411,-0.011556544415222005,-0.6164248911314959,25338.98979296875,2.7801290023477462e-06,3.534388542175293,1.4529888176184613e-05
970,0.969151199660693,0.005744270049172848,0.3063987739299718,26925.816049560548,2.7138829936359684e-06,8.780580520629883,1.98694924620213e-05
971,0.9402580559570677,0.005113832469059187,0.272771298213711,24654.503466796876,2.828561642496888e-06,5.324283599853516,1.386285020998912e-05
972,0.2007139405525884,-0.012019967343590846,-0.6411438224922692,26859.66246484375,2.7282005069865057e-06,3.5449578762054443,1.0860146176128183e-05
973,0.9903743874597021,0.0017698444667506442,0.09440332192203048,37613.96569873047,2.347392474797234e-06,9.618152618408203,1.8601849660626613e-05
974,0.9396834418015035,0.019892276858628138,1.0610520027756813,45832.72423486328,2.14798663184234e-06,36.86678695678711,5.684889401891269e-05
975,0.9946342789294511,0.0032361091103995207,0.17261372728686436,65977.34274902343,1.7601119639233593e-06,33.00662612915039,4.447215178515762e-05
976,0.9914309412228882,-0.003719447014771417,-0.1983949214204438,42833.63123486328,2.1411438354400912e-06,44.306697845458984,7.979249494383112e-05
977,0.7336144187985452,0.01667901405001707,0.8896568948776851,45859.77034472656,2.0557927630863846e-06,26.525279998779297,5.3894007578492165e-05
978,0.9732234876602793,-0.014537626479533276,-0.7754355019959916,31011.809908203126,2.511610013814093e-06,44.80093765258789,9.161122579826042e-05
979,0.5689958830220503,-0.018544417664999712,-0.9891573319432303,25606.495458007812,2.7677557313967896e-06,7.820394515991211,2.944157131423708e-05
980,0.8141456399203211,-0.014644041901391411,-0.7811116896587339,27516.725638916014,2.6651964725123866e-06,6.679016590118408,2.3413826056639664e-05
981,0.5645889566046289,-0.004878857010585489,-0.26023773141346274,24419.860869628905,2.860262478472934e-06,2.0278160572052,5.6455223784723785e-06
982,0.26137921164529454,0.014125742987799084,0.7534656788872185,25898.62517944336,2.7558781800833377e-06,2.5176117420196533,1.265971968678059e-05
983,0.33631220861785394,-0.015279058237188763,-0.8149833957324811,28109.45137841797,2.68292264431365e-06,5.144883632659912,1.5381478078779764e-05
984,0.8744905955176809,0.025346552147688658,1.3519824860118115,40631.73161694336,2.261317539233233e-06,20.092937469482422,4.5118911657482386e-05
985,0.9407674604135937,0.008763567903109849,0.4674478110846411,40941.66491088867,2.2530349180130423e-06,16.31299591064453,3.033829307241831e-05
986,0.7781901647226107,0.02805717812997252,1.4965669972630007,55268.235453613284,1.952466055115238e-06,15.955855369567871,4.366310895420611e-05
987,0.9046528595625434,-0.017281615330165593,-0.9217995852152897,41215.070407226565,2.2352747043730762e-06,13.204885482788086,4.5312703150557354e-05
988,0.9773875274044154,0.014264908934537215,0.7608887761804083,41645.64385009766,2.1843073671041238e-06,48.196475982666016,9.633329318603501e-05
989,0.8002574284803357,0.008309726018854666,0.44323993163198905,37978.84619091797,2.2584033772545212e-06,6.2117018699646,1.8791077309288085e-05
990,0.7336094528753828,-0.009294294066476036,-0.4957566900816119,25044.585517822266,2.781880108794689e-06,5.955789566040039,1.925314063555561e-05
991,0.705834529371463,-0.03564440075370064,-1.9012686720700185,30267.56953125,2.5505488660662e-06,27.611621856689453,6.551577098434791e-05
992,0.834686286692125,0.012986663259939718,0.692707283297016,27557.51758544922,2.649469232443708e-06,8.186551094055176,2.5194560294039547e-05
993,0.7245597558232976,-0.005094464478394564,-0.2717382115826286,31156.43941821289,2.5656844403653924e-06,3.3711557388305664,7.738011845503934e-06
994,0.6874214699528778,-0.00519114838453597,-0.2768953211974095,22884.933682128907,2.9381509128505396e-06,2.125382423400879,7.933517736091744e-06
995,0.9811034333528383,0.001167016735856254,0.06224855272491985,28904.436147705077,2.639354270516707e-06,2.6405084133148193,5.829850124428049e-06
996,0.976199377758994,0.007820119413387217,0.4171243656263756,45507.35786987305,2.1515723958909764e-06,17.228713989257812,2.5357621780131012e-05
997,0.9862738884492456,-0.005051688249156504,-0.26945653191233243,46407.819729492185,2.1035299380652764e-06,23.760334014892578,4.088778587174602e-05
998,0.9139838341807851,0.0042239876450401465,0.22530706677378676,58586.81293554688,1.8533970898583337e-06,12.91144847869873,1.9100991266896017e-05
999,0.748147775629559,0.047895506173339784,2.5547413757784363,38495.55044628906,2.226770509168584e-06,36.30141830444336,0.00012320480891503394
