state_idx,cos_sim,mean_A,mean_safe_delta,mean_sigma_i,mean_alpha_i,v_unbiased_norm,v_intentional_norm
0,0.9914515282084881,0.0028611094336449825,0.18057502006596735,37601.49869238281,2.2823378542023367e-06,26.282987594604492,5.723212962038815e-05
1,0.7337308116776449,-0.019104300549548335,-1.2057418756912257,74416.47483007812,1.660732832360955e-06,41.02326583862305,7.802037725923583e-05
2,0.9242219974234331,0.007649179836908642,0.48276755383602776,64730.542515625,1.7918131884241845e-06,29.808927536010742,5.4360541980713606e-05
3,0.9057424320305507,-0.01240526307331155,-0.7829412611921767,66831.31497070313,1.7520919705811908e-06,54.920562744140625,6.639385537710041e-05
4,0.9948979996067987,0.0017876824679989652,0.11282714101544807,72627.10514160157,1.6803378102470678e-06,46.06142807006836,7.341493619605899e-05
5,0.862652951393956,-0.007046755459488626,-0.444746360811523,58545.095453125,1.8442684588169853e-06,37.97618865966797,6.205234240042046e-05
6,0.9316714775259285,-0.004704813543359872,-0.29693789059879133,49414.71151611328,2.000582154743393e-06,22.050792694091797,4.221520066494122e-05
7,0.5942774977574214,-0.030431365134930756,-1.920634109711149,35453.176622558596,2.3686836644003305e-06,28.884469985961914,0.00010412692790850997
8,0.5755851640314834,0.03513086827980702,2.2172368417517045,43925.58802294922,2.1303040754109688e-06,46.97314453125,0.00012606610835064203
9,0.01242134370204965,-0.0251621877676899,-1.5880771660193818,47670.29046191406,2.0473746820487717e-06,23.40703582763672,9.578720346326008e-05
10,0.9962162822433577,0.0005441330069525141,0.034342212672315936,44986.8815,2.092585520441449e-06,15.079959869384766,2.6298574084648862e-05
11,0.5234222939269502,-0.016223388014794202,-1.0239170099052373,48951.30268066406,2.022902033195141e-06,19.274211883544922,5.825913103763014e-05
12,0.9954006521959793,-0.0009318697235494842,-0.058813686764312506,66389.73157470702,1.7805764732282566e-06,49.540775299072266,6.852341175545007e-05
13,0.8478800759266891,0.012296648693295248,0.7760862127203293,61042.37299609375,1.8199922452167096e-06,21.386791229248047,5.202853208174929e-05
14,0.9774562517252784,-0.0052123425898139,-0.3289698942229035,91518.60732421876,1.5453295291231782e-06,54.62638854980469,7.262415601871908e-05
15,0.9026854184472485,0.007389444010618979,0.46637468137453836,48417.466732421875,2.0356088275728907e-06,22.471921920776367,4.6927227231208235e-05
16,0.6550315063659061,-0.021306691211165636,-1.3447427587885168,46422.94737939453,2.0813893549528386e-06,13.583280563354492,6.357459642458707e-05
17,0.988147705664895,0.002016502135815954,0.1272687822968517,21811.37481689453,2.983128720264787e-06,20.12506103515625,5.305126978782937e-05
18,0.8865188607126718,0.009413540116909508,0.594122746761614,22052.24206616211,2.977767876965274e-06,14.526056289672852,4.90102065668907e-05
19,0.966416637591287,0.002320524316138287,0.14645672759758935,35337.39872363281,2.380077692753697e-06,9.510984420776367,2.1501871742657386e-05
20,0.27116990585478423,-0.019558773007548352,-1.2344252850909956,30789.778572753905,2.515461476810893e-06,10.007554054260254,3.751760959858075e-05
21,0.857679947760249,0.02058074280802309,1.298925515336448,43368.298899169924,2.1707819695608355e-06,24.58039665222168,5.711001722374931e-05
22,0.9053971116542607,-0.030406733638541142,-1.9190795264077263,55860.13315332031,1.9622515479420285e-06,60.14937973022461,0.00010662184649845585
23,0.9970484428753579,-0.0012691333012776233,-0.08009961752935557,57982.57535302734,1.937173013811496e-06,44.35336685180664,6.60113146295771e-05
24,0.9550711319136113,-0.011390848214739993,-0.7189178508018897,44027.07690869141,2.1843154617311483e-06,33.533870697021484,5.939643597230315e-05
25,0.7837621962563985,0.04399843664056055,2.7769013256926205,31488.583150390627,2.5744779843721836e-06,45.21636199951172,0.0001675656094448641
26,-0.08521720471977551,-0.011467919606142818,-0.7237821065641544,18161.133237304686,3.2962042404433045e-06,10.670698165893555,2.2779282517149113e-05
27,0.947586464214166,-0.0023350829992738816,-0.14737557902928553,19172.409849365235,3.235475381707671e-06,5.8896894454956055,1.2920468179800082e-05
28,0.9497895637642562,0.0021217957859645557,0.13391424743174526,15791.665770507812,3.5064823384574112e-06,3.112689733505249,1.1492484190966934e-05
29,0.7947336408509275,0.011733051521848835,0.7405155458502389,12937.77586352539,3.861389494241517e-06,4.399154186248779,3.379596819286235e-05
30,0.395683213183686,0.007485514276075368,0.47243802516297545,14871.659058349609,3.636337393642505e-06,4.025062561035156,1.479559978179168e-05
31,0.5985204170533959,-0.013308342016017055,-0.8399378570869542,16177.82571508789,3.4717786065841796e-06,5.505833625793457,2.6747098672785796e-05
32,0.7635420851901059,0.013044103940074412,0.823260831278561,15639.919271240235,3.543532240031486e-06,6.734874248504639,3.1123159715207294e-05
33,0.9975034155645132,0.0008019435838799036,0.05061357564586468,18961.537160400392,3.2278347095282668e-06,6.654303073883057,1.8834824004443362e-05
34,0.9277796036059653,0.003512322338195097,0.2216754344449251,22947.92128442383,2.9382018040808636e-06,4.39803409576416,1.3507964467862621e-05
35,0.9888418927493066,-0.0029227817821484824,-0.18446738623608874,57405.191994628905,1.9697206618330864e-06,16.440656661987305,2.4636470698169433e-05
36,0.9811688636729099,0.003837797113184006,0.2422173310020636,43589.76116845703,2.2681979258044134e-06,24.540029525756836,4.6929730160627514e-05
37,0.4948941530472233,0.022641495570158595,1.4289871155666587,33931.362359863284,2.584346706218542e-06,7.7096638679504395,4.048688060720451e-05
38,0.5584543223650882,-0.006122619677912658,-0.38642079124770407,36890.333875,2.3969744382447293e-06,5.021206378936768,1.2719910046143923e-05
39,0.747375887708644,0.013285969962926608,0.8385258754660424,21606.17226855469,3.0156502916966304e-06,3.7222509384155273,4.334988625487313e-05
40,0.8400053203007862,-0.00440796973829522,-0.2782029986629317,16107.351879882812,3.4390150803046728e-06,4.254984378814697,1.6621654140180908e-05
41,0.6828983399821795,0.009813352101268364,0.6193563349107535,22031.85998828125,3.0202706814450794e-06,3.721142530441284,2.1940728402114473e-05
42,0.9936253264963224,-0.0013648261724736198,-0.08613914259371955,20232.126225585936,3.1164357954798512e-06,5.930197715759277,1.6396561477449723e-05
43,-0.36171545639377456,-0.006468969180067488,-0.4082801677420066,21957.698451171877,2.9978829322860787e-06,1.1496189832687378,6.326844413706567e-06
44,0.9863082035797451,-0.002267901393643369,-0.14313550360884317,36960.26546191406,2.3400970422036364e-06,6.785468101501465,1.2730632988677826e-05
45,0.9501142284634534,0.0083959414613219,0.529898395364563,77064.53252246094,1.7005808975439492e-06,18.005081176757812,2.521150599932298e-05
46,0.8432624767328275,-0.008670364661116516,-0.5472182413749089,42587.86213671875,2.274269128371278e-06,11.728455543518066,2.5493187422398478e-05
47,0.9992491899498739,-0.0019752861608320735,-0.12466749224403784,38607.53829492188,2.3479372383462334e-06,144.7628936767578,0.0002890853793360293
48,0.9366750034521709,0.0017479872298028355,0.11032183019108802,33242.65202685547,2.4509125737988e-06,4.361372947692871,9.512747055850923e-06
49,0.7789229103488103,0.00890552812277438,0.5620602625532295,16724.65936035156,3.4013804110088696e-06,4.760961055755615,2.931378003268037e-05
50,0.4984652840318536,0.0036486405343553988,0.23027897149161655,16155.40929272461,3.47698896824431e-06,2.1348888874053955,6.5955237005255185e-06
51,0.821899741131622,-0.00209318114778102,-0.13210827356600965,16333.713766845704,3.4927863744787373e-06,2.228588581085205,7.0807923293614294e-06
52,0.9299477726092438,-0.001080754317152233,-0.06821033484815708,16037.389090576173,3.492622175624903e-06,1.6115617752075195,5.723454705730546e-06
53,0.2869128185435918,-0.011069031612620657,-0.6986068348365804,16819.133284423828,3.435993161966127e-06,1.9878555536270142,1.738792889227625e-05
54,0.310847128945817,0.007243588805823825,0.45716922903395546,18428.370108520507,3.2779581543054886e-06,0.8088571429252625,9.637937182560563e-06
55,0.6376095947954871,0.008596267441769999,0.5425416964259506,23499.570755615234,2.919723392857421e-06,2.452340841293335,1.5506760973948985e-05
56,0.8299967518054228,-0.006720506405915105,-0.4241555967174392,50465.10778271484,2.0494519467571848e-06,6.341161251068115,1.1315607480355538e-05
57,0.9959178346674844,0.001751694958949583,0.11055583845976864,66360.86900732422,1.8462055379616376e-06,24.27302360534668,3.3676773455226794e-05
58,0.8330777480899849,0.022982013449457352,1.4504784371372765,32978.996207763674,2.6187605377997364e-06,8.629800796508789,4.778825314133428e-05
59,0.3799737710509371,0.020267232786256622,1.2791387578620097,49143.80535986328,2.061516267485778e-06,7.076177597045898,2.7962187232333235e-05
60,0.8091445370835215,0.014035447064319594,0.8858281006209209,29102.858844238282,2.6054300264950505e-06,5.400338649749756,4.359880040283315e-05
61,0.7836270828909178,-0.0018236836995923205,-0.11509930965077624,15994.014846191407,3.4693265948647623e-06,1.388439416885376,6.109387868491467e-06
62,0.6142678178811765,0.0038412857796875626,0.242437513430766,16697.30034326172,3.4349867057633623e-06,2.1025471687316895,9.23629522731062e-06
63,0.8940553323591027,-0.00312107169067481,-0.19698218339482731,18805.88554199219,3.239310919424178e-06,3.4000394344329834,1.053656615113141e-05
64,0.9499485109355102,-0.0019420561598965582,-0.1225702260524129,18212.654986083984,3.333840778026814e-06,2.8719124794006348,9.500839951215312e-06
65,0.669715760007951,0.004773965683338532,0.30130233360730047,20929.18685913086,3.0693858880796442e-06,1.6212373971939087,7.898758667579386e-06
66,0.5184845281326853,0.005265503078038453,0.33232504593957013,27360.774062988283,2.686601205549685e-06,1.6392605304718018,6.686919277854031e-06
67,0.9822212801318049,-0.002281390140066404,-0.14398682744405256,56132.24842333984,1.936360016292381e-06,6.495780944824219,1.0357805876992643e-05
68,0.8045017822789889,0.02749192951064016,1.7351156389399411,58622.05405371094,1.937805887197798e-06,22.83851432800293,5.090521153761074e-05
69,0.12822554840961575,-0.008430991653947319,-0.5321105404724091,43262.27731152344,2.310120434030785e-06,3.8212132453918457,8.403140782320406e-06
70,0.6933742443498155,0.009569155869855836,0.6039442227878088,40975.766866210935,2.2755394217470198e-06,7.892603397369385,2.1875976017327048e-05
71,0.7190205922089111,0.005671013252461405,0.3579182675836971,17794.896373535157,3.3244367783138665e-06,6.5856451988220215,2.4470011339872144e-05
72,0.7657609043146425,0.006971331974877537,0.4399861104390857,16583.590513183593,3.441177453800672e-06,6.119663238525391,2.2974250896368176e-05
73,0.9119703734873703,0.0035363686056013215,0.22319308181916717,16187.88370361328,3.49367240356473e-06,4.920801162719727,1.4462876606557984e-05
74,0.7627483216634288,-0.00896912696934919,-0.5660742170218593,16146.229742675781,3.494786627392267e-06,5.848820686340332,2.2973235900280997e-05
75,0.6842462729608509,0.009732036998496249,0.6142242430927782,16558.990607910157,3.443760645803115e-06,4.86722993850708,1.963723661901895e-05
76,0.9464255695838635,-0.004046922099033865,-0.25541596928973814,17244.46900366211,3.379603984200039e-06,5.3687567710876465,1.804380190151278e-05
77,0.5702825921686521,0.008884043120867503,0.5607042659580522,21041.887840820313,3.0137563215838824e-06,2.3557443618774414,1.2907264135719743e-05
78,0.8865383454687034,0.0009010252691125569,0.05686698108665646,24253.95507397461,2.891907391975634e-06,0.8809608817100525,2.5402162009413587e-06
79,0.9832515689501653,-0.005055833012344978,-0.31909200568091867,52987.397692382816,2.019367950966606e-06,14.731513977050781,2.4473047233186662e-05
80,0.8365065321044426,0.020952447220637452,1.3223851324266402,56538.58856640625,1.9311113931323656e-06,25.299055099487305,4.5278640754986554e-05
81,0.9683120182781049,-0.0048529339171831595,-0.30628630599346013,36418.042889160155,2.528781062520889e-06,18.895954132080078,3.683436079882085e-05
82,0.28892978332633884,0.013200353620962016,0.83312231680225,42876.15031396484,2.198837777993545e-06,4.2877678871154785,2.212027902714908e-05
83,0.8973854099014593,-0.003192033436197344,-0.2014608371893881,20644.772148925782,3.104871211146357e-06,7.120549201965332,2.0421772205736488e-05
84,0.7459242614022608,0.011044594553547657,0.6970645231792321,21681.436423828123,3.0154325301744393e-06,6.219738483428955,2.7315199986333027e-05
85,0.8609042757359675,-0.004876072116513395,-0.30774664188946416,22879.16695288086,2.913652454353248e-06,4.0504584312438965,1.2307323231652845e-05
86,0.623749879786581,-0.006381467474841762,-0.4027576169471521,21296.39718041992,3.0523829113115067e-06,2.0856215953826904,1.0959166502289008e-05
87,0.8747136537061706,0.005922210145433958,0.37377221691384915,26930.065380859374,2.7167861504806784e-06,4.851171970367432,1.349072226730641e-05
88,0.99615508590977,0.004098981402303332,0.2587016212197058,60031.92062451172,1.8983002632552723e-06,31.99217987060547,4.3383239244576544e-05
89,0.9598156284275949,0.007063975880089189,0.4458332041733757,64175.68269238281,1.884198277247825e-06,14.734698295593262,2.1165169528103434e-05
90,0.8823708968394849,0.008928435277839613,0.5635060164055344,42974.937588867186,2.2953978441715774e-06,11.47797679901123,2.2716641979059204e-05
91,0.48660942191490814,0.034428171708318286,2.1728871059447767,40307.410418945314,2.28092565430776e-06,24.920270919799805,7.816226570867002e-05
92,0.9732117673447681,0.0015429101047037918,0.09737866711443033,16678.20218017578,3.395200009797419e-06,6.838809967041016,2.0554489310598e-05
93,0.8240044815601579,0.009117368524777156,0.5754302806282459,20898.838200683593,3.094951504982156e-06,6.904789924621582,2.820977351802867e-05
94,0.8585367693896212,0.0059428481930443805,0.3750747591436395,24942.1518581543,2.805382979992301e-06,4.541963577270508,1.5160647308221087e-05
95,0.7977279716192205,-0.005076677644025344,-0.3204075861825545,23678.760108398437,2.8979621320425997e-06,3.5086307525634766,1.2468122804421e-05
96,0.9817267257108424,-0.0014030832648421429,-0.08855368680544189,29620.877946289063,2.568235121350923e-06,2.9960973262786865,6.437751380872214e-06
97,0.8694642949348643,0.003735834754774828,0.2357821158022541,66086.47594677734,1.9016057870125306e-06,3.8820815086364746,8.103824256977532e-06
98,0.8163766251561944,-0.01788032317232085,-1.1284922127268946,37053.26479931641,2.4504227223172646e-06,21.138534545898438,5.560483623412438e-05
99,0.5839458412597627,0.030266560678726503,1.9102327012099263,35074.97550732422,2.4406992232118654e-06,23.701416015625,6.03050684730988e-05
100,0.8326130957695643,0.0066350381434280205,0.41876138388792616,29217.318028808593,2.6128053422799896e-06,10.797981262207031,2.4711767764529213e-05
101,0.8727844751201244,0.003313097893764443,0.20910165532705846,17770.915931640626,3.3222307447703014e-06,5.500092029571533,1.7093017959268764e-05
102,0.7563936045704084,0.008155109322610578,0.5146986033646729,17459.999696533203,3.3793002457821933e-06,5.112316131591797,2.24448067456251e-05
103,0.8887233630057684,-0.0029658882781849103,-0.1871879939469357,19401.223034179686,3.2110173650312822e-06,3.479431390762329,1.0076848411699757e-05
104,0.7126312394309656,-0.003991645144191945,-0.25192723966884806,19145.317686401366,3.1942914890385366e-06,1.86058509349823,8.662429536343552e-06
105,0.9378899001679211,0.002201833754527052,0.13896573466577228,24176.0079140625,2.876095968854541e-06,2.4865503311157227,7.574836672574747e-06
106,0.9935877142843819,-0.0021980013461735323,-0.13872385743898752,43945.66537060547,2.1730271914538282e-06,8.090140342712402,1.606093610462267e-05
107,0.5200827248465456,0.024579906224705617,1.551327260520494,70894.56433203125,1.8003774646864871e-06,14.837550163269043,3.64458464900963e-05
108,0.7532005578043189,-0.008889974739846832,-0.5610786320006861,36725.88799389648,2.501046765802699e-06,6.552609920501709,1.869083644123748e-05
109,0.9665180133899702,-0.005897900106567288,-0.37223792196359945,36507.86703173828,2.3958268596461245e-06,22.227304458618164,4.463705772650428e-05
110,0.7215982845995502,0.004175064652151908,0.2635035117753522,21522.254342285156,3.021680882962446e-06,6.213619709014893,1.3907889297115617e-05
111,0.4371810288531772,0.011580535636729526,0.7308897137545012,19260.087021728516,3.224168669467064e-06,3.061783790588379,2.4858287360984832e-05
112,0.8243011874676537,0.003451360644318559,0.21782792027242906,24848.562992675783,2.824818648505586e-06,2.711315631866455,8.21910725790076e-06
113,0.6425115204163103,0.0035036863985709937,0.22113038889281408,22493.353085693358,2.9668984270476365e-06,2.145461320877075,6.961884992051637e-06
114,0.828551095344203,-0.009533703656480352,-0.6017067046885779,27908.427541503905,2.6631901031302685e-06,4.252642631530762,1.8190890841651708e-05
115,0.5301158018347171,0.024170284481321802,1.5254745428085552,54102.40956738281,1.989888264168507e-06,5.179525375366211,2.3693373805144802e-05
116,0.9447792531021574,-0.006895198989167424,-0.4351810808723657,57098.75286328125,2.0042756090438924e-06,14.692684173583984,2.3938762751640752e-05
117,0.9947481495828449,0.0019539974329579016,0.12332388321676618,40534.2305571289,2.3687000197637942e-06,22.141292572021484,4.1891613363986835e-05
118,-0.5698592687258851,0.025913162015297034,1.6354738815158323,32526.799129882813,2.52915951619846e-06,5.971390724182129,4.5154101826483384e-05
119,0.3978274962010546,-0.008974152364380462,-0.5663913879758745,18287.587780273436,3.2473179604598255e-06,9.312904357910156,3.0714112654095516e-05
120,0.6493325013817984,-0.005153933810435312,-0.32528350376740794,20616.691919433593,3.104460403144332e-06,3.7619431018829346,1.430276552127907e-05
121,0.7309036400679472,0.015884629627553198,1.0025367362763367,33258.2945180664,2.4441163467649472e-06,6.156731605529785,4.1873387090163305e-05
122,0.6784245951845487,-0.005296660292522952,-0.3342914910411022,32481.35819189453,2.471147100116709e-06,4.034090518951416,1.0636021215759683e-05
123,0.9944915090460436,-0.0010421966977235452,-0.06577682328087632,43258.084282714844,2.160079233110783e-06,10.172625541687012,1.881503158074338e-05
124,0.8409117548834432,0.009194015072726398,0.5802677229753178,68117.37192285157,1.7907647576989369e-06,10.088225364685059,1.7445956473238766e-05
125,0.5072370921919496,-0.02742281163108052,-1.730753358231056,53880.071377929686,2.0803865369269678e-06,10.341310501098633,3.961404217989184e-05
126,0.9736385676525166,-0.0268278263748672,-1.6912724429574197,22692.24256738281,2.973443297852678e-06,88.66438293457031,0.0002132522058673203
127,0.8734534792618738,0.006773738908149537,0.4275152935001304,32259.461622558592,2.4703493628352833e-06,14.879494667053223,2.9111828553141095e-05
128,0.9784231684492055,0.002041514427372368,0.1288473989679174,19801.363696777345,3.1468715430544944e-06,9.437762260437012,2.4818602469167672e-05
129,0.8351955980701156,-0.00967484262968662,-0.6106144985041899,19597.470750488283,3.1967110158288222e-06,10.350111961364746,3.143089998047799e-05
130,0.765701290789596,-0.017335976040413478,-1.0941364858500655,18967.32153955078,3.226162146399387e-06,7.477336883544922,3.663610914372839e-05
131,0.9659379291831997,-0.0023686866104574555,-0.1494964251222056,17463.090254882813,3.390443673248064e-06,6.297098636627197,1.8109825759893283e-05
132,0.2601168364288425,-0.04353862020097605,-2.747880638183002,21882.13828833008,3.0405600427828645e-06,11.283285140991211,7.096702029230073e-05
133,0.9712689392567602,-0.007065085472512537,-0.4459032345859684,33391.109383789066,2.4252792738444423e-06,14.010162353515625,3.0178032830008306e-05
134,0.4399716407002927,0.05041611596422263,3.181944404094151,66922.17242871094,1.7888164440927678e-06,35.240875244140625,6.0484479035949335e-05
135,0.896620754247522,-0.01823636133807107,-1.1509630760111036,59594.26006152344,1.874023665510961e-06,22.19586944580078,4.005097798653878e-05
136,0.8108580408673105,-0.025169751800329855,-1.5885545596240014,69386.76315478516,1.7781304182710825e-06,31.22077751159668,5.815970143885352e-05
137,0.5254790165606796,-0.06583272788701124,-4.154942841193505,41659.73614453125,2.2421525783490894e-06,27.642602920532227,0.00017314517754130065
138,0.6374870888336666,0.009331398205919599,0.5889384720705326,41359.72080957031,2.150416607273251e-06,24.98796272277832,4.851960329688154e-05
139,0.2721750856028737,0.049746855955098264,3.139704971321732,33395.977766601565,2.4257733872528235e-06,54.41280746459961,0.000245891249505803
140,0.7061146137038076,0.016897100395640238,1.066437448046947,28203.142822265625,2.683542625952837e-06,22.53168487548828,6.525605567730963e-05
141,0.8705480247063221,0.009245766025503145,0.5835339137844507,38271.47237939453,2.2983673160501214e-06,20.195024490356445,4.022792199975811e-05
142,-0.04439542607785554,-0.07589002001991256,-4.789695118527507,52337.013890625,1.99283724013042e-06,38.54470443725586,0.00014150308561511338
143,0.8282404543569861,-0.009274877390781052,-0.5853712379033359,74280.03611621093,1.7095171922601365e-06,13.524660110473633,2.3382224753731862e-05
144,0.932564067101551,0.011664860956901984,0.7362117913385144,77527.36864160156,1.696336690249589e-06,27.348840713500977,4.231613638694398e-05
145,0.8379577693823614,0.017628147805583666,1.1125765083594816,48170.534313476564,2.0927076799974058e-06,20.13133430480957,5.067683014203794e-05
146,0.9401271627597702,-0.02939889813806652,-1.8554713632311268,51719.627397460936,2.0177157347474175e-06,99.89518737792969,0.0001842844212660566
147,0.13414453439386925,-0.03797576023498103,-2.3967883177805662,42017.520817382814,2.2041713817819104e-06,41.94368362426758,0.0001023949880618602
148,0.9928722427502129,0.0027699400017951866,0.1748209857070976,36232.96215625,2.332502579716096e-06,31.05658531188965,7.646872836630791e-05
149,0.9475888729552384,0.007114840825939437,0.4490434758636345,22559.639009765626,2.964965193166839e-06,25.81258773803711,6.435901741497219e-05
150,0.9991113741554849,0.0001455749559784718,0.009187764818707273,26630.351063964845,2.7287206981846444e-06,9.350800514221191,2.1085706976009533e-05
151,0.9586955597652488,-0.0042808984783429815,-0.2701830693845012,29366.214338378908,2.5627296734525955e-06,9.714309692382812,2.476204463164322e-05
152,0.8457656221967448,-0.04446874943033086,-2.806584476029817,28959.12247216797,2.6360314849886997e-06,52.4001350402832,0.00014892491162754595
153,0.7898460117276257,0.03779231195598636,2.385210229829443,40882.45976074219,2.3045218940841347e-06,32.6843147277832,9.736596257425845e-05
154,0.6157061473618403,0.07113520609420053,4.489601521984591,62229.080748535154,1.8863835084734253e-06,37.02333450317383,0.0001428657560609281
155,0.9183858023728021,0.024563678923504178,1.5503030965351505,57319.88455273437,1.91054357166149e-06,49.45677185058594,7.953410386107862e-05
156,0.68815857451687,-0.0843729338742946,-5.3250826578714445,32830.378325683596,2.5443370670487804e-06,74.84957122802734,0.00025294828810729086
157,0.3371366823354985,-0.018395940632623117,-1.161034705560462,25587.617482421876,2.7446854478191147e-06,22.564464569091797,5.7294982980238274e-05
158,0.7715268536236152,0.012362045309207216,0.7802136309489658,25825.4150234375,2.7587681546571134e-06,10.159929275512695,5.205676643527113e-05
159,0.8130699702689506,-0.024912933372830282,-1.5723458148085456,30853.345456542967,2.5183796159096056e-06,18.83680534362793,6.469328218372539e-05
160,0.9427454461001045,0.014128544675253969,0.8917038293731593,29357.033092285157,2.6232265815540785e-06,28.465656280517578,6.780045077903196e-05
161,0.6803518270753219,-0.047939055549598444,-3.025608114116759,25256.444525390623,2.823526898220822e-06,24.07049560546875,9.518139268038794e-05
162,0.9786667559338573,-0.004196018155592312,-0.26482596356964894,26150.45931982422,2.7760114467842686e-06,12.733469009399414,2.9418813937809318e-05
163,0.9800567059220283,0.005037802295406696,0.31795402157075264,23681.494874267577,2.887319432897498e-06,12.748360633850098,3.1815543479751796e-05
164,0.982464270713253,-0.004660522919052608,-0.29414254824698577,30482.160009277344,2.5714675904576047e-06,19.645875930786133,4.205579898552969e-05
165,0.44780237256221556,0.04689846109464357,2.9599324142031684,32530.752370605467,2.505465533704365e-06,21.216535568237305,8.544483716832474e-05
166,0.6352375492625814,0.022950053564419124,1.4484613325783884,51913.38615527344,2.001171981800115e-06,18.62149429321289,4.15594840887934e-05
167,0.08395655336439492,0.042207165148080455,2.663847668291579,70897.14855322265,1.7236837959950658e-06,20.185598373413086,5.4583517339779064e-05
168,0.7835933045745517,0.03111394078852601,1.9637139412251359,55831.82017773438,1.9192126990312926e-06,17.46497344970703,8.743045327719301e-05
169,0.9094723806264183,-0.016521342317022885,-1.042721989355164,32770.94178857422,2.559309011669954e-06,22.308441162109375,6.513285916298628e-05
170,0.42127574092893244,-0.022352337623517793,-1.4107373061036292,35410.50188916016,2.395813062617776e-06,8.585668563842773,4.578100924845785e-05
171,0.7382931294233805,0.006039526198465053,0.38117645961111707,17059.620645996092,3.3791885920806078e-06,3.714900016784668,2.249229873996228e-05
172,0.8732744541798577,0.003422479549742463,0.21600512937485694,18678.519576171875,3.2752159266811335e-06,4.136209487915039,1.5009654816822149e-05
173,0.6251059252933857,-0.00539886400150532,-0.3407419387531967,19975.970599121094,3.1122090735273346e-06,2.404423952102661,1.0450730769662187e-05
174,0.10877777896449731,0.005989048066458128,0.3779906011490621,18289.65237475586,3.2890885813216027e-06,1.4040803909301758,1.1038456250389572e-05
175,0.982480160500521,-0.0021737603447384768,-0.1371939196920843,21719.68353198242,3.00940970836822e-06,5.650345325469971,1.670877099968493e-05
176,0.5262592923365502,-0.008233197587319543,-0.5196270376988932,22100.474697265625,2.9965190249523844e-06,3.551391363143921,1.4863261640130077e-05
177,0.9000677693630446,-0.018848012685640677,-1.1895666166733172,46321.845528320315,2.0993050948333347e-06,28.758460998535156,5.232220428297296e-05
178,0.6421628524255925,0.015995257977853162,1.0095188937360848,61490.9350546875,1.84718957046336e-06,12.789376258850098,2.7451449568616226e-05
179,0.8831336876208226,0.009677958196678325,0.6108111332660163,56129.29868408203,1.9723068359248842e-06,14.43323802947998,2.2856729628983885e-05
180,0.9605446839276195,-0.022507929181190746,-1.4205572550781411,35269.156421875,2.513936767964496e-06,66.64338684082031,0.00012697168858721852
181,0.8653380891694188,0.005499727943925091,0.34710782892579983,39565.632272460934,2.2746566497080033e-06,11.982248306274414,2.082433275063522e-05
182,0.9771531435736336,-0.002083266565830859,-0.13148252824723827,16167.35994921875,3.442266533647458e-06,6.856997013092041,2.0036721252836287e-05
183,0.7354906848197644,0.005125720077448476,0.3235028324864275,15702.587649658202,3.5505623796339914e-06,3.7514092922210693,1.6038151443353854e-05
184,0.4263964516381411,-0.006100036275060188,-0.3849954705747905,14451.922862792968,3.664220986527542e-06,2.7730021476745605,1.207393052027328e-05
185,0.4360236906543499,0.014634752527658276,0.9236524476366017,14535.951195556641,3.6612145316268955e-06,2.8385257720947266,3.155191370751709e-05
186,0.44785810291268896,0.003394513965575711,0.21424011966824316,14674.264841796876,3.6614297785421058e-06,1.5879679918289185,6.768170806026319e-06
187,0.4725236660742146,0.003551000461910579,0.22411655147592915,13851.703854248048,3.771219593073676e-06,1.1183710098266602,7.081616331561236e-06
188,0.552822035398843,-0.0018856752264211191,-0.11901182032561934,14104.402958740235,3.7406006885367455e-06,0.811119019985199,4.436382823769236e-06
189,0.693614474469894,0.007731814515581142,0.48798292888738387,17863.73378125,3.3252084423786126e-06,3.3520236015319824,1.6999250874505378e-05
190,0.6568217356174558,0.0051068180473450376,0.3223098566340962,23763.37700805664,2.86277643896823e-06,1.892607569694519,9.413951374881435e-06
191,0.4170836302053637,-0.00549772885333242,-0.3469816590493036,44105.15250756836,2.177710050568155e-06,2.4782345294952393,7.07978733771597e-06
192,0.4802776697297704,0.020749861945876434,1.3095992390858056,75105.17769335938,1.7805361776251143e-06,5.382078647613525,3.0928556952858344e-05
193,0.6709777710268422,-0.016490973121852295,-1.0408052790179683,46138.31516943359,2.19613651053732e-06,12.134937286376953,2.7454403607407585e-05
194,0.8447982234312718,0.009546733607019905,0.6025290722472841,34685.90724365234,2.4295211910241884e-06,10.672903060913086,2.570972173998598e-05
195,0.9946544907775412,-0.0005533640047715065,-0.0349248145108866,26635.735637695314,2.7168709922593983e-06,7.389162540435791,1.7151058273157105e-05
196,0.6328444988721011,-0.0031219998676670765,-0.19704076401989265,16458.635035644533,3.430246873736418e-06,2.6697115898132324,8.91913350642426e-06
197,0.9020124893015531,0.002178311582711322,0.1374811648699888,16617.37448461914,3.4217055924405738e-06,2.351344347000122,9.233213859261014e-06
198,0.5535228119793921,-0.006806212508891861,-0.429564820525103,15058.64533178711,3.6176306181451656e-06,3.613377094268799,1.5912228263914585e-05
199,0.6614511442673588,0.010567325341290495,0.6669423277236003,14830.23177685547,3.6583499999769657e-06,3.305976390838623,2.6199906642432325e-05
200,-0.01796468217368714,0.018493536456393407,1.167194332881401,16772.674571289062,3.407828802698165e-06,5.129610538482666,1.9734752640943043e-05
201,0.9760370056256035,-0.0007694663578577843,-0.048563819816301805,14528.450031982422,3.670679356060341e-06,1.9336439371109009,6.422071692213649e-06
202,0.21304497786965043,0.00798188976456016,0.503766087186526,17112.93092211914,3.3772591499762552e-06,1.5150024890899658,1.1494146747281775e-05
203,0.9535274458541729,-0.0009247406355394636,-0.05836374409685519,23835.63435888672,2.8831907967026645e-06,1.7856568098068237,4.421183348313207e-06
204,0.9037774924188331,-0.007698746330991384,-0.48589587551374425,45753.111186523434,2.116658921298812e-06,8.94985294342041,1.693704143690411e-05
205,0.7983481652399076,0.02023028617427583,1.2768069228327914,59614.382625,1.9086692295078823e-06,24.41334342956543,4.5553577365353703e-05
206,0.8735869907387841,0.006637017115184733,0.41888628399152805,45104.53507226562,2.2440587038618993e-06,8.118061065673828,1.818218152038753e-05
207,0.9966904904297854,7.824911909731292e-05,0.004938586439575814,31641.241978515623,2.567041730432776e-06,15.030091285705566,3.3198801247635856e-05
208,0.5324977623910309,-0.007871269302810048,-0.49678442760184355,27888.12314404297,2.641009213067032e-06,6.2684102058410645,2.6012856324086897e-05
209,0.7285959221951518,0.012918098490935165,0.8153081691960926,15808.811602294922,3.5003757339331774e-06,4.849003791809082,3.7375972169684246e-05
210,0.9474738472735236,0.002028249056838741,0.1280101731973391,17415.885278808593,3.3818777757239516e-06,3.1719377040863037,1.0650163858372252e-05
211,0.7787810027530687,0.006626622693885212,0.41823025426660276,16138.574071044923,3.5071541777716116e-06,4.733948707580566,1.8154298231820576e-05
212,0.8345566174095167,0.004911584514171597,0.3099879584376225,15257.102002197265,3.5694315177587267e-06,3.961113691329956,1.5545538190053776e-05
213,0.8215024024762864,-0.005422633518506548,-0.3422421194030459,17546.026403564454,3.3521016149024172e-06,1.5304324626922607,1.0969405593641568e-05
214,0.9778702258648199,-0.0033228265116100188,-0.20971566377497752,18334.14717919922,3.2857762018797376e-06,7.097776889801025,2.1904266759520397e-05
215,0.9700991647663327,0.0022785546118551016,0.14380786694794834,24541.184190185548,2.86424960975359e-06,4.713263988494873,1.2223065823491197e-05
216,0.7988234189002995,0.004694771064723854,0.2963040732551112,62452.510833007815,1.8567427394928413e-06,2.28853178024292,7.265274689416401e-06
217,0.6815143058983785,0.025609184798282433,1.6162887740129441,51412.07127783203,2.141589109280399e-06,8.983895301818848,4.8104611778398976e-05
218,0.8994013428083012,-0.01785739544465221,-1.1270451604627814,42181.77975146484,2.269601876881062e-06,34.482913970947266,6.804485019529238e-05
219,0.7397603178636133,0.005654655503025026,0.35688587053590404,30243.39271826172,2.590750403766312e-06,4.7446746826171875,1.8144242858397774e-05
220,0.7560736790945735,0.004659261841817184,0.29406295707706626,17926.74615234375,3.3031178079734637e-06,5.960812091827393,2.2782058294978924e-05
221,0.7392577094600903,0.011791504904063768,0.7442047513529233,16304.290981933595,3.516467213955649e-06,5.454021453857422,3.674508843687363e-05
222,0.9399657807495007,-0.0018691226103206176,-0.11796712453406955,17447.115187011717,3.383263263567247e-06,3.607701063156128,1.0305469913873821e-05
223,0.9028247013093408,0.0030311101776224008,0.1913043851835551,16870.25873120117,3.4394449752891625e-06,3.8033065795898438,1.1819076462415978e-05
224,0.9073318639357265,0.0016410135315818777,0.1035703311132736,16745.525825195313,3.4053238750233456e-06,1.89291512966156,5.537233846553136e-06
225,0.9909539133224753,0.0014951872845694876,0.09436670640365877,20070.37243701172,3.1122789150655007e-06,3.7595973014831543,1.088777935365215e-05
226,0.3423387276569394,0.008014934218109903,0.5058516428079383,26104.06969995117,2.7736645708690383e-06,1.3008631467819214,9.934707122738473e-06
227,0.8507852429774855,0.008870508251750273,0.5598500311518988,63687.373191894534,1.891083053508216e-06,9.380924224853516,1.6368498108931817e-05
228,0.8818565027851843,0.01099867129257076,0.694166139190531,42154.98374560547,2.26742339160552e-06,7.544641494750977,2.7758025680668652e-05
229,0.8892100321409292,0.01104684332125018,0.6972064510860193,37094.016178466794,2.3964508440054666e-06,7.722798824310303,2.6966361474478617e-05
230,0.9557839903081161,-0.007372463059992002,-0.46530295183349135,45293.713381835936,2.133250877867126e-06,16.587238311767578,3.103358903899789e-05
231,0.6987316362994119,0.006027675570060286,0.3804285233606469,18148.81037939453,3.2738138085346523e-06,4.314062118530273,2.075607335427776e-05
232,0.8587335344584065,0.007324456703177794,0.46227309609184086,20268.6733840332,3.1307969541331327e-06,6.048409938812256,2.3926484573166817e-05
233,0.9212088442336651,0.004264984537417754,0.2691786827056453,26395.30268359375,2.715648985445963e-06,5.915517330169678,1.663289003772661e-05
234,0.6353407165847995,-0.006732005461364848,-0.4248813439203108,25125.50619970703,2.8029734837264054e-06,4.007643222808838,1.136813352786703e-05
235,0.9984064309135564,5.5822660450472125e-05,0.0035231710861677143,37924.89769873047,2.318034271424052e-06,4.08632230758667,7.745872608211357e-06
236,0.7035080899986192,-0.023167404330969397,-1.4621791297970594,67489.15457958984,1.8897930797311625e-06,17.834333419799805,3.4675253118621185e-05
237,0.9268665259676294,0.015222797075966535,0.9607660773572126,55385.77124169922,2.0349811755572363e-06,30.406225204467773,4.167434963164851e-05
238,0.9574708011715408,0.006009669497387074,0.37929209463966207,31988.446335449218,2.522532577369167e-06,19.878314971923828,4.704794628196396e-05
239,0.9907356932184787,-0.002125562317497754,-0.13415196693285492,36949.05643701172,2.3385327682166558e-06,13.720390319824219,2.9138976969989017e-05
240,0.998762541651592,0.000323759018534016,0.020433608928351155,22233.78614013672,2.976118490562049e-06,14.8706693649292,3.7965059163980186e-05
241,0.9376598715601588,0.003074946219452826,0.194071037182272,38739.2701640625,2.269612312486032e-06,11.393723487854004,2.0638004571083002e-05
242,0.8544054232110972,-0.006063065299623869,-0.382662097879302,39541.1181953125,2.23501053882403e-06,8.328691482543945,1.7949814719031565e-05
243,0.7048161343393684,0.01431785630318094,0.9036519745960014,34273.16129223633,2.417864506671856e-06,3.3927996158599854,2.496631168469321e-05
244,0.8191142031024115,0.012168528859314886,0.7680001041221068,41978.07512597656,2.236237159846191e-06,8.879437446594238,2.5721283236634918e-05
245,0.7469291688904529,-0.04217972733973717,-2.6621159684363094,76254.80836816406,1.716924534024243e-06,19.247272491455078,6.0298505559330806e-05
246,0.9829354194041169,-0.005344641440415392,-0.33731975575603396,39529.02472192383,2.362298695223285e-06,23.83904266357422,4.297372652217746e-05
247,0.868078008619778,0.01937636196962904,1.2229126611958059,26229.426729003906,2.785632693563007e-06,23.795791625976562,7.980476220836863e-05
248,0.8778867265758742,-0.0044774115557002355,-0.2825857242671575,40052.323916503905,2.2303238817995785e-06,6.6963210105896,1.9735240130103193e-05
249,0.9914620035829653,-0.0014564859345261348,-0.09192412347464607,18235.15310546875,3.3061290514827936e-06,16.512908935546875,4.4219737901585177e-05
250,0.8156697075916193,0.012388578619079322,0.7818882446167372,31880.45869140625,2.5286951590914617e-06,9.900050163269043,3.439950887695886e-05
251,0.8191601615991797,-0.0033411745393778897,-0.2108736745254203,33991.1775,2.4164019301467365e-06,4.848364353179932,1.1418637768656481e-05
252,0.35756797404304264,0.00781092229568662,0.4929757085454908,53063.921361328124,1.995860539301243e-06,4.483829498291016,1.16691408038605e-05
253,0.7889601706589783,-0.007092471274666241,-0.4476316521415065,41643.13513671875,2.2598189620700766e-06,7.520391464233398,1.654993866395671e-05
254,0.9855660840105612,0.0005120490689355339,0.03231727867885082,28336.293940917967,2.729829519384252e-06,26.07577133178711,5.188639624975622e-05
255,0.7024972578214143,0.08012793439697669,5.057165304979369,36627.083779296874,2.3546185873241e-06,35.42597198486328,0.0001989975426113233
256,0.6808035141638195,0.006740696848561548,0.42542988897034956,17015.37401953125,3.3707163439864625e-06,6.1943888664245605,2.5511351850582287e-05
257,0.7696826368535352,0.007627576294067934,0.48140407569147214,17403.01161669922,3.359917231274634e-06,5.432650566101074,2.177896567445714e-05
258,0.8388777547071338,0.007705566363717217,0.48632631257841435,16208.619364746093,3.4758758596514956e-06,6.690946578979492,2.343936648685485e-05
259,0.8232771888805294,-0.00540075715036537,-0.34086142226171673,15970.431593017578,3.49765444668193e-06,2.5829524993896484,1.4087510862736963e-05
260,0.03762109346960077,0.01586087045672508,1.0010372086110937,16613.025696777342,3.417803901229881e-06,2.7176403999328613,2.0416959159774706e-05
261,0.9399535588328995,0.0016633620596884203,0.10498082798690857,19283.061639892578,3.2027516801451346e-06,1.87702214717865,5.95113715462503e-06
262,0.4697985626989274,-0.007585122928543282,-0.47872468942216906,29706.01171411133,2.6118998875470287e-06,2.2083640098571777,9.798101928026881e-06
263,0.7783097369432063,0.014369201454365687,0.906892553791067,69278.55055761719,1.7529180100160336e-06,9.391926765441895,1.725804577290546e-05
264,0.7643302548956918,0.018142358495628997,1.1450302148067661,50034.78218652344,2.033107708397166e-06,11.486737251281738,3.416316394577734e-05
265,0.9957560767517485,0.00019460265476857775,0.012282081166311232,29878.659306640624,2.7234163390851587e-06,37.149635314941406,7.170342723838985e-05
266,0.0991599470212988,0.011293731843287524,0.7127884834601372,41859.56656542969,2.206007618997374e-06,5.472836494445801,1.998489460675046e-05
267,0.8662886152569107,0.0031174352158801827,0.19675267224740764,17480.955746582033,3.308440056466519e-06,5.810295581817627,1.767888170434162e-05
268,0.6373254729395,0.005918522936016468,0.3735395037198968,19323.07554980469,3.2255991917575873e-06,3.6404106616973877,1.665027048147749e-05
269,0.9659350409446701,-0.0020262431083198115,-0.12788357049217955,23416.58021191406,2.8986619545807048e-06,4.198475360870361,1.0890161320276093e-05
270,0.7790061564196799,-0.008692176997845795,-0.5485948972609991,21352.551165527344,3.0702508901353745e-06,4.989489555358887,2.2895199435879476e-05
271,0.607008865620487,-0.020345426343760138,-1.2840738376073655,22749.97822998047,2.9159374765941715e-06,6.6977434158325195,3.031847154488787e-05
272,0.8124193026045317,0.05867373250544411,3.7031126107672128,33264.27472460938,2.4321324562123795e-06,11.149481773376465,7.52203050069511e-05
273,0.8036981997606221,-0.01242688705265844,-0.7843060291589498,46499.79746069336,2.1456530496837304e-06,11.278436660766602,2.3264065021066926e-05
274,0.790588538377483,0.020886807020749167,1.3182423407275263,83317.83543457031,1.643419729022271e-06,13.92988395690918,3.626872421591543e-05
275,0.975152990806791,-0.008298505724419439,-0.5237488717079687,54771.512951416014,2.0525551779209006e-06,24.602968215942383,4.544223702396266e-05
276,0.7803934538462435,-0.022240247675043373,-1.4036629018683549,30225.701029785156,2.563665624187788e-06,29.729503631591797,8.310341945616528e-05
277,0.5767279430320262,0.008273554737480907,0.5221741241942566,46306.909337890625,2.0671766824255678e-06,11.58956241607666,2.4320363081642427e-05
278,0.9530814561975243,-0.006753838573011209,-0.4262593109869606,22068.948447753904,3.0293825662651664e-06,19.27250099182129,6.593998114112765e-05
279,0.7228350658089386,-0.04476989574382108,-2.82559091491741,36374.60505957031,2.3364484596040534e-06,50.34959030151367,0.00013249718176666647
280,0.9433548822225852,0.01179891439986597,0.744672391575778,32169.099354492188,2.5087526771791943e-06,47.10114288330078,9.49649402173236e-05
281,0.9812607671895257,0.0014013078709230564,0.08844163523943253,27094.30183520508,2.725742829465963e-06,6.334763050079346,1.578862065798603e-05
282,0.9988663817008262,0.00015730987384750072,0.009928398156514551,25526.564425537108,2.8184211188621556e-06,5.537182807922363,1.4276333786256146e-05
283,0.46588904657740027,0.021826509738798714,1.3775503962574627,55224.790575195315,1.9961061382986734e-06,8.857847213745117,2.5457875381107442e-05
284,0.8408299421678864,0.022450052639554692,1.4169044560819262,66305.46347705078,1.8274934911546122e-06,15.782576560974121,5.765919922851026e-05
285,0.9860758545183067,-0.0025755533647207588,-0.16255253820295842,65639.51774560547,1.849244015770797e-06,27.559953689575195,3.688432479975745e-05
286,0.8682878867895503,-0.009525298875725324,-0.6011762484132455,36853.05991894531,2.385603486425897e-06,23.873149871826172,4.3327123421477154e-05
287,0.9136741442235968,0.005589690502059043,0.35278569309596847,30985.872427246093,2.515299501668805e-06,11.129875183105469,3.197352998540737e-05
288,0.9594158474325125,0.006336971374904391,0.39994930628116976,19491.49035107422,3.1957190129372073e-06,13.250600814819336,4.761799573316239e-05
289,0.8473348973460636,-0.008148535745958672,-0.5142837210390041,17581.34685449219,3.3715683487580894e-06,10.926142692565918,3.5092903999611735e-05
290,0.9538964492839745,0.0029365577696623202,0.185336838901019,18081.976485351563,3.284920588970232e-06,6.718597888946533,1.9447688828222454e-05
291,0.44756206671787035,-0.027401599202467007,-1.7294145647275678,19351.074079833983,3.179343092000414e-06,5.857059001922607,5.2243769459892064e-05
292,0.8343389091737017,0.01706977052947397,1.077335288064935,35568.01573193359,2.3767709714403852e-06,16.719669342041016,3.797642784775235e-05
293,0.9370466092494093,-0.005812491904983987,-0.3668474997961206,59729.48001416016,1.8661335545197508e-06,11.599824905395508,2.058817153738346e-05
294,0.762136618130361,0.027695559699900535,1.7479674806344,66388.85927148437,1.8154247164027715e-06,26.711240768432617,5.2047325880266726e-05
295,0.9578953184648206,0.004958169675893388,0.3129281173891702,35972.512088378906,2.416938012580804e-06,14.714174270629883,4.068820635438897e-05
296,0.9928222865530478,-9.060267603186567e-05,-0.005718264338334486,38481.64055761719,2.282591529623357e-06,6.541153430938721,1.3272806427266914e-05
297,0.6651428112105315,0.012957856102589272,0.8178174166361912,24081.481165039062,2.8708117519683963e-06,6.247017860412598,4.4732321839546785e-05
298,0.7014902595260786,0.0049752517838608165,0.3140062313378065,18327.398632324217,3.2733239494838074e-06,3.568577766418457,1.3483886505127884e-05
299,0.8344019656362022,0.0032574767133178575,0.20559120037656767,16202.815350341796,3.496699014599123e-06,2.021573066711426,9.565862455929164e-06
300,0.6753280504069155,-0.004792582644093826,-0.30247731769648706,15547.088053466798,3.563694840734674e-06,3.2525103092193604,1.2683402928814758e-05
301,0.8241260865857429,-0.004155799038755973,-0.2622875888593517,22021.41286743164,3.0184972951471716e-06,3.5768213272094727,1.0717899385781493e-05
302,0.7821727160096527,-0.01529577504824058,-0.9653719825535654,25622.55637866211,2.7824569169464154e-06,7.504181385040283,3.282535544713028e-05
303,0.9929822523895815,0.0004855892655123961,0.030647304270361445,32195.50585205078,2.502328423287145e-06,3.2145001888275146,7.2763077696436085e-06
304,0.9240547574848103,-0.005473296291840686,-0.34543963125066324,45087.64197949219,2.127315601296033e-06,9.621546745300293,1.6796931959106587e-05
305,0.44357616395564553,-0.03195642188725428,-2.0168859868376114,76414.94063476562,1.7095652440312043e-06,14.477323532104492,4.1377374145668e-05
306,0.7472014057294739,0.019198891318675727,1.2117118430865217,40630.441046875,2.3287934007720454e-06,17.760234832763672,3.517349250614643e-05
307,0.3715068065567565,-0.05058732303551638,-3.19274990491518,45089.42103320312,2.1300007399600506e-06,34.479469299316406,0.00010693130025174469
308,0.9481003718893788,0.0035331107730052613,0.22298746815773668,36842.12531933594,2.322799230033301e-06,9.333573341369629,2.2812901079305448e-05
309,0.9778722637314597,0.004415205784705605,0.2786596918639635,19686.249048828126,3.133833125691931e-06,11.244121551513672,3.7723784771515056e-05
310,0.9966801459293805,-4.418052255645533e-05,-0.0027883934299546167,26495.786603515626,2.7303254377759107e-06,9.851078987121582,2.280175976920873e-05
311,0.8901161013288702,0.014068941120788074,0.887942032317403,41136.0728503418,2.2048596150471852e-06,17.119285583496094,4.061809158883989e-05
312,0.843711710207045,-0.012449763906482093,-0.7857498705897159,41723.1218125,2.182449978197362e-06,14.155866622924805,3.1505282095167786e-05
313,0.8943833412444028,0.02060457625684108,1.3004297309557251,66539.98526953124,1.8294993740483066e-06,49.10481262207031,7.661358540644869e-05
314,0.9758212390676588,0.001988671855419809,0.1255123121031992,58275.85087255859,1.969612288406477e-06,15.90188217163086,2.7787320505012758e-05
315,0.8810703806916328,-0.020681461362890934,-1.3052822295719844,42388.59465625,2.2177426098569587e-06,32.135765075683594,6.518214649986476e-05
316,0.4990629239267707,-0.004681585054942591,-0.2954718562301903,36975.85486035156,2.322039272878713e-06,5.878965854644775,1.4050103345653042e-05
317,0.8007291016737687,0.008943212506456216,0.5644386610372231,21187.152099121093,3.021666630440196e-06,9.374543190002441,4.0456368878949434e-05
318,0.8334540758049972,0.005943073870512466,0.37508900246927007,14649.524325927734,3.6374559410145034e-06,5.107481479644775,2.3435239199898206e-05
319,0.9529800695725065,0.0037038217043828966,0.2337616557845709,15032.517494262695,3.6588338910819456e-06,7.50173282623291,2.478789974702522e-05
320,0.6969726474494754,0.019107219698809855,1.2059261138158763,14406.039544189452,3.7086795838225816e-06,7.2101945877075195,5.1177401473978534e-05
321,0.9653285626448019,0.004869859575932985,0.307354545863085,22890.973194091795,2.9505235727072707e-06,9.348657608032227,2.452633088978473e-05
322,0.9988208419436869,-0.00032479401378991435,-0.020498931242452202,18084.862530273436,3.293433765992069e-06,7.239316463470459,2.1242278307909146e-05
323,0.9579963389494655,0.004864500678598354,0.307016326366007,21411.451585693358,3.0356487106902837e-06,7.182048797607422,2.030403084063437e-05
324,0.8792381505015519,0.018173077284282593,1.1469689892598842,31978.15169189453,2.5483082430103827e-06,18.3594970703125,4.9897742428584024e-05
325,0.9914544824312651,0.0008719672078170562,0.05503302117592757,89628.91646728516,1.6056066384419876e-06,12.864971160888672,1.6226018487941474e-05
326,0.9714727338918437,0.007752071956763883,0.4892614496615432,39101.70571289062,2.377896429103028e-06,30.583831787109375,7.313014793908224e-05
327,0.5983969948981104,0.035560349039826605,2.244342934215872,34362.75105078125,2.483979206095134e-06,8.994282722473145,6.156317249406129e-05
328,0.8830954596554912,-0.0006757614277031258,-0.0426497609397069,41057.37667626953,2.2324107302159326e-06,2.43749737739563,4.571326371660689e-06
329,0.8847068350141172,0.008268600928986552,0.5218614713268925,17683.743571289062,3.303509763324477e-06,5.514144420623779,3.360569826327264e-05
330,0.47820034370128206,-0.004451410186512595,-0.28094468331025174,16748.724686279296,3.421962731353262e-06,2.697702169418335,9.69834036368411e-06
331,0.23721618116310825,0.007532865270104759,0.4754265185762133,20928.457937011717,3.087035189466801e-06,3.050778865814209,1.2424374290276319e-05
332,0.6340499251639856,-0.006468908070324684,-0.408276310883928,20847.671924316408,3.0979730479863046e-06,3.011629819869995,1.510990387032507e-05
333,0.9602537467359241,-0.002453095024754381,-0.15482374707856497,23613.013111328124,2.894357025939145e-06,4.003059387207031,1.0716643373598345e-05
334,0.9839823704273649,0.004543419464606428,0.28675172341947347,41536.45138696289,2.2376186748982896e-06,12.966168403625488,2.3309208700084127e-05
335,0.8010978631030538,0.0176046575599277,1.1110939535397324,78351.51282275391,1.6787305149527563e-06,14.204898834228516,2.4155919163604267e-05
336,0.7183809503181632,0.021659279255966325,1.366995872394099,47653.43813037109,2.2115918697079728e-06,13.895041465759277,4.232819264871068e-05
337,0.8890066021781473,-0.013920466631510831,-0.8785712674087828,49201.76478466797,2.0555736704960287e-06,22.298675537109375,4.170946704107337e-05
338,0.9360224068978794,-0.008449027982534394,-0.5332488787541361,60642.353733398435,1.828082813805138e-06,29.198030471801758,5.273244823911227e-05
339,0.9973275310058946,-0.002844104369681191,-0.1795017686445519,26484.560766601564,2.7043046022881624e-06,24.089818954467773,5.791442163172178e-05
340,0.3057447344341166,0.034146233600930935,2.1550929667901713,34736.54835058594,2.4122971001800278e-06,12.70643138885498,8.886498835636303e-05
341,0.7634377005214313,0.0279969698584778,1.7669905717448433,28767.227383300782,2.610749964445342e-06,8.522538185119629,5.5745753343217075e-05
342,0.9747953380178696,0.005901715138426085,0.37247870249661696,21525.79274975586,3.02164683600138e-06,13.222393035888672,3.314535933895968e-05
343,0.9952483923347915,-0.0018081091654799186,-0.11411634417004586,24409.051385498045,2.8561218635355432e-06,6.568789005279541,1.5034061107144225e-05
344,0.995274391613142,-2.2432186391778684e-06,-0.00014157768522186397,56341.63303320313,1.9445177672727602e-06,8.065363883972168,1.2792005691153463e-05
345,0.5570633551610047,0.026133503543444278,1.6493804365740448,69209.8583803711,1.8458653290369365e-06,9.665090560913086,3.3240456104977056e-05
346,0.8581207191119022,0.014167873999579365,0.8941860460425831,59174.970528320315,1.9024339443042882e-06,12.413090705871582,2.9862856536055915e-05
347,0.22069934016754125,-0.05435329796909437,-3.430434276998921,47157.011328125,2.1127002526877918e-06,21.013370513916016,0.00010156934877159074
348,0.9586865134094701,0.0016234787272199815,0.10246364584906531,20553.08252783203,3.103916413855183e-06,3.3404605388641357,1.1940200238313992e-05
349,0.6555473300644239,0.005680326790525909,0.358506078837299,18456.37224121094,3.251963463158751e-06,2.2465977668762207,1.4486401596514042e-05
350,0.9403758143132945,-0.0022771343257262495,-0.14371822752584132,21469.570592773438,3.0571962018888482e-06,3.755077838897705,1.1030507266696077e-05
351,0.9975874081638051,-0.000479403933357867,-0.030256925466676243,18489.808437011718,3.2709931684698385e-06,3.830251455307007,1.0940823813143652e-05
352,0.9499801009774279,0.00292666628150322,0.1847125511153763,17562.28514770508,3.3362321674453723e-06,4.988498210906982,1.3387001672526821e-05
353,0.9923809245998156,-0.00035551114569008216,-0.022437601131836807,22267.17652661133,2.984063959549599e-06,3.028249502182007,7.5092011684319004e-06
354,0.9939591174214881,-0.002456324275801115,-0.15502755685448788,36283.431625,2.3590369547828043e-06,11.86855697631836,2.233158375020139e-05
355,0.5637139156264218,0.04576924540928681,2.8886635061899826,78821.60492089843,1.7214011260632033e-06,23.51677131652832,5.7886292779585347e-05
356,0.9133004509818068,0.011627183236438035,0.7338338133944308,65051.0454921875,1.8223215337317407e-06,28.97895622253418,4.1417657484998927e-05
357,0.9964692313932023,0.00020175521658209484,0.012733505350863842,43948.81851171875,2.2840925280517286e-06,73.6314926147461,0.0001499921054346487
358,0.6675659057345678,-0.011364160025548641,-0.7172334621371006,53244.62361816406,1.9423947007936018e-06,22.04806900024414,4.159351738053374e-05
359,0.8859429498989445,-0.020122023252638167,-1.2699740561772102,25057.545846679688,2.801804360860756e-06,40.594966888427734,0.00014426613051909953
360,0.980338206058347,0.0028077293893621798,0.17720601136810385,30692.0726484375,2.523952600441686e-06,12.044659614562988,2.8243293854757212e-05
361,0.7288128880889791,-0.034310558363863576,-2.1654641001047383,31559.921622070313,2.506759725491068e-06,23.141620635986328,6.898502033436671e-05
362,0.8967780210747872,0.027806555546713765,1.75497283213541,29200.888880371094,2.6377019585966977e-06,50.7186279296875,0.00010647981980582699
363,0.5218681605506101,-0.03101247870595254,-1.957310300252446,20097.428050048828,3.136829571278246e-06,6.585614204406738,4.8972498916555196e-05
364,0.9110873297460744,-0.008176212769767651,-0.5160305186521614,23251.98920263672,2.9234186741691576e-06,8.880623817443848,2.3620685169589706e-05
365,0.8038611350187829,-0.012093102572015626,-0.7632396768618276,30165.49190576172,2.592193975578666e-06,9.051931381225586,2.2801905288361013e-05
366,0.38508842765224066,0.04517765458891697,2.851326058344434,65554.09491259766,1.8240167424751158e-06,17.268558502197266,5.057378075434826e-05
367,0.837915963776713,0.009171579817213487,0.5788517524197048,43022.46451611328,2.3281561813551145e-06,16.429048538208008,2.9614018785650842e-05
368,0.9889940401091092,0.006342723638551028,0.40031235255657655,56110.435354980465,1.959577879513377e-06,39.569236755371094,5.951386992819607e-05
369,0.9678661684842244,-0.010455171888265544,-0.6598639154852235,25855.86733886719,2.8122343324066118e-06,23.466102600097656,7.556966738775373e-05
370,0.7052962484389411,-0.0042514443720077675,-0.2683241136311973,28399.35405859375,2.628777729287e-06,8.507454872131348,1.9758079361054115e-05
371,0.7701184135487293,0.006442899689817529,0.4066348274171528,20795.63041796875,3.0565618794021284e-06,4.404181480407715,2.2323800294543616e-05
372,0.8977508196491704,0.019696529402970394,1.2431195921227471,48633.590499511716,2.0145675494764345e-06,38.2426643371582,9.51156544033438e-05
373,0.9990467958672258,-0.0001234713372288616,-0.007792725065139911,29661.481520507812,2.5986479554611535e-06,8.043127059936523,1.7470349121140316e-05
374,0.44117616594192305,-0.013231598029784124,-0.8350942650554887,26788.504458007814,2.7082054908857643e-06,6.0736823081970215,2.0790708731510676e-05
375,0.5373679369619824,0.01893054056360143,1.1947752511434004,47152.872767089844,2.0834098049823624e-06,7.32568359375,2.325999412278179e-05
376,0.0669606041143475,0.03491627719630607,2.203693218165174,60349.67749267578,1.8761272783069518e-06,12.42512321472168,4.198214446660131e-05
377,0.9619244487903922,-0.006149648033091036,-0.38812664902486294,52455.594426269534,2.0605492881235475e-06,17.071332931518555,3.178614133503288e-05
378,0.882635986677283,0.0047465427559938095,0.2995715729459607,48337.955711425784,2.15364761114734e-06,12.076704978942871,2.0269177184673026e-05
379,0.8811420760061583,-0.007313693466672858,-0.4615937890981976,45476.65062597656,2.152799052297028e-06,9.781318664550781,2.2125219402369112e-05
380,-0.008662098600331939,-0.008301927727379223,-0.5239648467580185,17456.9547265625,3.3569720212871393e-06,3.03887939453125,2.3021440938464366e-05
381,0.6387748182172441,0.00822013995881643,0.5188029232832626,18804.341993896483,3.2576482516668984e-06,2.190664768218994,2.002374458243139e-05
382,0.5976074793807317,-0.006127479808907005,-0.38672753178740776,19476.9222746582,3.1830997281829802e-06,2.4939987659454346,1.2799982869182713e-05
383,0.9844557230975909,-0.0008347663486992394,-0.05268513968538528,18696.57037890625,3.228711670560048e-06,3.169525146484375,8.596931365900673e-06
384,0.6041522513901227,-0.0035672453001043304,-0.2251418222846266,17616.29373364258,3.3523606168999574e-06,1.5678486824035645,6.744440725015011e-06
385,0.627848376438036,-0.002166071472728836,-0.13670864702089652,18646.999948242188,3.262088004815307e-06,1.160300850868225,3.2603238651063293e-06
386,-0.2938210235327109,-0.017606257659136624,-1.111194941619168,28472.862915771486,2.6594018590206235e-06,4.101037979125977,1.683217124082148e-05
387,0.9532409670089135,-0.00905843951545874,-0.5717110565695618,65275.55024023438,1.8127518686908936e-06,23.20868492126465,3.48723006027285e-05
388,0.9961164349151803,0.0014908997118690053,0.09409610209984592,62882.95837304687,1.8447861719496872e-06,16.752662658691406,2.395444425928872e-05
389,0.9802509247501785,0.005296766064466457,0.33429816669307,41701.33766455078,2.3035914407819594e-06,21.282804489135742,3.538422242854722e-05
390,0.9486234636117011,-0.02047539565633595,-1.292276673524913,36213.34230615234,2.3927703323361392e-06,54.58775329589844,0.00013657519593834877
391,0.41823413319500535,-0.04885199848639634,-3.083227262546654,35171.523350097654,2.3994482693271406e-06,15.186983108520508,0.00014025233394932002
392,0.9850906294743449,-0.001561500048075799,-0.09855194603831573,16948.084091308592,3.3588307034033253e-06,10.818063735961914,3.0359600714291446e-05
393,0.9300341814649388,0.0036192826419243064,0.22842608814765952,18783.760806396484,3.2623822947494605e-06,7.217836380004883,2.102102735079825e-05
394,0.8480188607625084,-0.011547590637235655,-0.7288104350401947,21075.853595214845,3.051570132622523e-06,9.882320404052734,3.349991675349884e-05
395,0.6389581516029585,-0.009681068275822362,-0.6110074216698212,20651.622096679686,3.0846949683463554e-06,4.021226406097412,2.029480856435839e-05
396,0.7530789746772778,-0.023473320778574912,-1.481486629194068,27287.88106225586,2.7049751029214702e-06,15.142477989196777,4.456897295312956e-05
397,0.9446836847927985,0.016720289386523986,1.0552782623326222,46147.932821533206,2.1491059621247698e-06,34.41610336303711,5.640082963509485e-05
398,0.3567664734363354,0.04737397100731462,2.989943573864667,69775.9597109375,1.7698039245050064e-06,38.966129302978516,6.751000910298899e-05
399,0.7427171663567922,0.0254474555266046,1.606081451589322,81586.95718554688,1.5963219346206045e-06,28.184429168701172,4.134180926484987e-05
400,0.8467774835326024,-0.042550863889363535,-2.6855397456284367,33513.819692382815,2.5150585112187994e-06,71.14881896972656,0.00015500906738452613
401,0.4941265281914142,0.032927904271390133,2.07819977265306,52111.60271679687,1.9920957448022674e-06,15.04566764831543,5.743691144743934e-05
402,0.6168398371401974,0.010334799154261276,0.6522667545368831,22159.262237304687,2.9785393392573413e-06,7.6098313331604,3.7211291783023626e-05
403,0.7372044695406582,0.017427365746553007,1.099904422520333,17746.49883520508,3.3352863268971873e-06,10.455338478088379,5.3259285778040066e-05
404,0.9533990210244864,0.002734037946381605,0.17255507644110427,18365.564959716798,3.2973020169821926e-06,4.402173042297363,1.4951171579014044e-05
405,0.9414288650052743,-0.002068574972626872,-0.13055528837783165,15670.559130859376,3.550680244660986e-06,4.510227203369141,1.2401278581819497e-05
406,0.9988128223674047,-0.00016706859447327148,-0.01054430650035296,15669.097158203125,3.5126897348572152e-06,2.5932157039642334,7.82538245402975e-06
407,0.8041698389159134,0.009422501929121703,0.5946883593177138,17443.647446777344,3.381944373491876e-06,2.23598051071167,1.9955194147769362e-05
408,0.5885674244642648,-0.0022219200240214333,-0.1402334521722563,18403.19873461914,3.2854549706186585e-06,1.3978559970855713,4.496205747273052e-06
409,0.5867776046316583,-0.007198936491658786,-0.4543510591200311,26964.84815649414,2.7068826616227233e-06,2.302006483078003,1.0682124411687255e-05
410,0.569856689256874,0.022504343235076194,1.420330932979456,66092.90021777344,1.8432884016577248e-06,7.306733131408691,2.6076007998199202e-05
411,0.6114154122045407,-0.060553276287689924,-3.8217374533554653,55346.25656835938,2.061115628787091e-06,36.12250900268555,8.58977364259772e-05
412,0.9573418925800301,0.007284036713861731,0.45972204358892566,41670.70608251953,2.31085498393263e-06,20.180774688720703,3.604241646826267e-05
413,0.5037898433388599,0.009881665478106403,0.6236678405275057,35328.728165039065,2.416090993075857e-06,6.424216270446777,2.4379698515986092e-05
414,0.3771188096732022,-0.013250198344515896,-0.8362681985536018,23407.611932128908,2.8738896776972024e-06,12.573192596435547,3.6087458283873275e-05
415,0.8957892442472737,-0.003446392930881339,-0.21751438981355903,24509.91810498047,2.8413989602264158e-06,5.998324394226074,1.537195021228399e-05
416,0.8099164466053035,-0.00477603173068827,-0.30143272936820675,34980.121481933595,2.3922685557250123e-06,4.815701007843018,1.355643598799361e-05
417,0.5246689670798653,-0.02024377558077448,-1.277658288327773,37431.830975097655,2.3138215959691377e-06,11.026540756225586,4.021836139145307e-05
418,0.9703674455057582,0.008546390160763319,0.5393937598553655,41252.47484814453,2.2264447481855973e-06,21.33784294128418,3.9464266592403874e-05
419,0.9713719510540109,0.009271337787160444,0.5851478406479563,64635.21631396485,1.8740958845800065e-06,35.990604400634766,4.6856926928739995e-05
420,0.9930635918865194,0.002410389004725438,0.1521284148647812,63552.80537109375,1.8299784089192839e-06,28.083818435668945,3.996327723143622e-05
421,0.8539502155919071,0.019962603254167988,1.2599124803828183,32728.10490625,2.5531501136869862e-06,14.140027046203613,5.2422474254854023e-05
422,0.2190093198081754,-0.0076694728580089045,-0.48404832018815946,40544.81903515625,2.222104844324389e-06,5.827366352081299,1.7100015611504205e-05
423,0.9963915947640496,-0.00043174194141577126,-0.02724880384430147,15441.779209960938,3.5409538702043664e-06,5.776797771453857,1.6695208614692092e-05
424,0.9960162313949237,-0.00021489946659038718,-0.013563086764663746,20520.670899902343,3.0998526049050803e-06,2.4196009635925293,6.406083230103832e-06
425,0.8816581936347481,-0.0027589482210872425,-0.1741272544577587,21679.74082348633,3.036464220320271e-06,3.2541208267211914,1.0468635082361288e-05
426,0.9403073673685447,-0.002898617220960459,-0.18294227291113158,19092.01016430664,3.207605791424678e-06,4.095203876495361,1.2677943232120015e-05
427,0.6591074968887165,-0.023168877998234513,-1.4622721382967834,20561.758268310547,3.0883875803455037e-06,3.6722939014434814,3.485961497062817e-05
428,0.7196407860771622,-0.01768576017489338,-1.1162126344795846,31950.629180908203,2.514807131758356e-06,8.137327194213867,2.5629753508837894e-05
429,0.6789683434946973,0.04077805421249238,2.5736512805422485,65384.76001220703,1.8120651015959359e-06,17.088497161865234,4.719845674117096e-05
430,0.4084635388084756,0.053509652776564505,3.377188761193691,71973.63747949219,1.7572457942119204e-06,17.312705993652344,6.579235923709348e-05
431,0.9966117207313855,-0.00154856984193324,-0.09773587371119921,32139.782939453125,2.5722947296387206e-06,21.239835739135742,4.650212576962076e-05
432,0.7281576285540299,-0.01253301883170862,-0.7910043916564679,51230.38245751953,2.0250287471243744e-06,14.062583923339844,3.0623061320511624e-05
433,0.9614977371121259,-0.0036298926292526188,-0.22909572302851372,23949.591884277343,2.831396045644633e-06,14.215173721313477,3.4633187169674784e-05
434,0.883009774848153,0.012453210712397602,0.785967411044491,34551.69342236328,2.411437659157414e-06,17.493608474731445,6.400632264558226e-05
435,0.5323590264893624,0.010871855291718592,0.6861623202420918,29285.65624609375,2.617384322823062e-06,9.049662590026855,2.7575526473810896e-05
436,0.7769579975843139,-0.015405986535105175,-0.9723278302460883,32862.31248339844,2.4307025446598584e-06,17.330127716064453,4.3542164348764345e-05
437,0.9111699985364093,0.009179480898984438,0.5793504184205762,43016.32864013672,2.1744206487610488e-06,12.944924354553223,3.058032598346472e-05
438,0.7163453661648043,0.01591696564182808,1.00457757971905,69611.26431054687,1.8083587920927765e-06,12.275076866149902,2.991136716445908e-05
439,0.97538633300295,-0.008097348904214095,-0.5110531333283606,57262.91978222656,1.899547723940413e-06,33.190860748291016,5.1330385758774355e-05
440,0.9979714755044312,0.0005137075555415538,0.03242195179922834,55386.22750292969,1.956928886222671e-06,9.74599838256836,1.4603056115447544e-05
441,0.9225494743049861,0.0037606866514457928,0.23735060936886318,35285.12912060547,2.367618747861429e-06,4.167471885681152,1.6304224118357524e-05
442,0.8993360002162365,0.0038610646080409123,0.2436858272089067,18278.465113769533,3.2693123868439133e-06,4.955128192901611,1.7376174582750537e-05
443,0.9000261146932043,0.002828927276904663,0.17854388713172448,19366.36141308594,3.2132706502928246e-06,2.340214252471924,8.949386938184034e-06
444,0.9528806011485762,-0.0018874494045045434,-0.11912379515581896,21805.388345458985,3.038871164793415e-06,3.6392853260040283,8.3965715020895e-06
445,0.9810281631080956,0.0009203880332450516,0.05808903553890559,23090.906626708984,2.9412814410493884e-06,2.7388906478881836,7.124950116121909e-06
446,0.6996252452747541,-0.006495355145242755,-0.4099454819501786,28584.62957055664,2.649067400115256e-06,3.0028672218322754,8.455758688796777e-06
447,0.9841665547217616,-0.004137662824203177,-0.261142946411118,53839.93313134766,2.067759486271979e-06,17.239538192749023,2.71596472884994e-05
448,0.9900528842191513,-0.0002832815899107226,-0.017878931221893,68299.60337060547,1.8302974020185923e-06,16.87781524658203,2.388956090726424e-05
449,0.9041435455363577,0.013818008328576525,0.8721047513466145,46358.95911523438,2.1840267321891786e-06,19.16260528564453,4.328876457293518e-05
450,0.8813758398342444,-0.030925741596883525,-1.9518360059013042,42100.4341796875,2.244991019919353e-06,69.26805877685547,0.00014977590763010085
451,0.9119063430304152,0.012521360282896403,0.790268578247533,22462.364204101563,2.9621693323848853e-06,17.987934112548828,8.331012213602662e-05
452,0.982048991391762,-0.002641857448323125,-0.16673723001731514,20716.09653442383,3.1193614764809463e-06,16.242216110229492,4.410864130477421e-05
453,0.3034131864251648,0.01712932480106366,1.081093974699169,32943.757775878905,2.4282521232464135e-06,8.775632858276367,2.5942996217054315e-05
454,0.8388749066092065,0.007086665323291953,0.44726521743838565,28647.29908251953,2.6341952152670757e-06,7.002010345458984,2.2371126760845073e-05
455,0.7701515476884135,-0.006033821082148669,-0.3808163889751619,53663.241139160156,2.002913957545241e-06,5.048490524291992,9.222750122717116e-06
456,0.9378879714015433,-0.00417260894794089,-0.2633485233530409,57478.0165,2.0525746970759688e-06,20.6566162109375,3.2923606340773404e-05
457,0.9839215705718409,0.010096040037894166,0.6371977985151636,62524.737630859374,1.836949213063817e-06,53.13611602783203,8.609689393779263e-05
458,0.4807785258449437,0.012488210964274611,0.7881764042101083,48088.94574414063,2.1224080745206746e-06,5.807476997375488,2.1208788894000463e-05
459,0.8489714872951526,0.005807026388912343,0.3665025512028573,26552.996708496095,2.7059955490311664e-06,3.647940158843994,2.0900626623188145e-05
460,0.9870544074886661,-0.0005416392984863108,-0.03418482566326691,19983.579728515626,3.1426487238167486e-06,3.127136468887329,7.775074664095882e-06
461,0.9144430198656596,0.003627058082112957,0.22891682445140815,24263.204380126954,2.8512240173002424e-06,4.711292743682861,1.3576723176811356e-05
462,0.8867616959525726,-0.004217314273192329,-0.26617003898938957,20227.42646972656,3.156220081111495e-06,4.450929164886475,1.4116341844783165e-05
463,0.9696959624426335,-0.0008006581203909189,-0.05053244537080849,19630.409309570314,3.1499721748773347e-06,2.0111453533172607,5.494008291861974e-06
464,0.6032233077216131,-0.010009200156223728,-0.6317170178114389,25436.50129760742,2.8203681774805034e-06,4.41273307800293,1.4290691979113035e-05
465,0.7239523204244193,0.009417462505964213,0.5943703029976429,60763.62879443359,1.8760147638331397e-06,4.11956787109375,1.357575547444867e-05
466,0.6599896082823326,0.016132417056948484,1.0181755019624656,54905.9711484375,2.0596035290034467e-06,3.625352621078491,2.1728437786805443e-05
467,0.9595761825846674,-0.021496652772505728,-1.3567319236723814,34488.51124780274,2.58089529357638e-06,57.51755905151367,0.00011540130799403414
468,0.44586083841137925,-0.013785174811706819,-0.8700325087060978,34214.316764648436,2.444354872582886e-06,5.339369773864746,3.3006464946083724e-05
469,0.171269421174448,0.010101313197175244,0.6375306067719168,18603.143757080077,3.249891286119698e-06,3.6694905757904053,2.214614869444631e-05
470,0.6920477928024998,0.006323424923537096,0.3990943404770985,16980.959926757812,3.4017169403147126e-06,2.4856841564178467,1.6123842215165496e-05
471,0.581816529365584,0.003897302554769144,0.24597293579715226,17629.930380371094,3.330884500418883e-06,1.3984782695770264,7.32387798052514e-06
472,0.9497777588863026,0.001915737035931186,0.12090913043604874,17460.618975097655,3.3594655420331253e-06,2.0933713912963867,8.011809768504463e-06
473,0.8083721336782888,0.01053711709984097,0.6650357757610086,17471.981472900392,3.369386918791677e-06,3.3186984062194824,2.2842585167381912e-05
474,0.9160209444657341,0.0023206739370893095,0.14646617071986753,18790.798505371095,3.2115556005436827e-06,1.1724615097045898,5.302232239046134e-06
475,0.7074240147162958,0.010112395975330021,0.6382300812010147,21913.341672851562,3.0048068292722416e-06,5.003833770751953,1.744908331602346e-05
476,0.5257015999380157,0.03127154620994501,1.9736609924635724,32814.16293359375,2.525335555088831e-06,7.334810256958008,4.444419755600393e-05
477,0.6687078207684551,0.021110995579122535,1.3323916958520723,61690.30170654297,1.8636205459456089e-06,13.559471130371094,2.5281115085817873e-05
478,0.6507400374508951,0.025655629524290915,1.6192200695559655,60210.38611425781,1.9284853844818963e-06,12.143795013427734,3.141391061944887e-05
479,0.957576822793511,-0.005281379983106715,-0.33332709515082126,38621.32170214844,2.41421935232854e-06,16.06972312927246,2.93347766273655e-05
480,0.6668194060318688,0.021462185726708976,1.3545565830813595,44685.71573583985,2.1496535030224315e-06,7.149616718292236,3.9991493395064026e-05
481,0.9851050706827504,0.0019528771936064787,0.12325318083782773,19602.281040527345,3.1223629163251375e-06,9.167336463928223,2.6534105927566998e-05
482,0.9261867249005388,0.006777874759094908,0.42777632209228,22517.503844238283,2.972690084826529e-06,11.387657165527344,3.482470492599532e-05
483,0.9640331838905412,-0.0031524958128676516,-0.19896547401237585,26592.282233398437,2.7340613075298785e-06,6.571882724761963,1.6417154256487265e-05
484,0.9985664419668415,0.0003412874870161899,0.021539894312151333,31764.35579248047,2.494345303925292e-06,4.997727870941162,1.143496592703741e-05
485,0.784706111188848,-0.005011417075182972,-0.31628875437918136,54222.1968256836,1.9779243123338223e-06,5.039290904998779,9.527630936645437e-06
486,0.7560426329194909,0.028367101711519762,1.7903509388822014,62950.43228125,1.8954879545032092e-06,19.226327896118164,5.3564632253255695e-05
487,0.69037809560688,0.015515685641746473,0.9792513397595759,58933.41351074219,1.8905964315250554e-06,10.719297409057617,2.64351001533214e-05
488,0.8380847825267485,0.008998891336804296,0.5679527544826266,42683.584247070314,2.2232673397722e-06,13.02401065826416,2.837941428879276e-05
489,0.5850850978677218,-0.00538914283194902,-0.3401284003938977,20163.71513671875,3.1067764450971653e-06,5.730270862579346,1.8618189642438665e-05
490,0.9459353860625205,0.0016387721810402786,0.10342887133048281,19921.8411796875,3.1175198611064404e-06,3.593857765197754,1.0273855878040195e-05
491,0.40136928020368706,0.0039197061283545226,0.24738690679111575,18398.882654052733,3.2516649807608674e-06,1.354438066482544,6.203557404660387e-06
492,0.9949182635330897,-0.0003970437039057577,-0.025058871903584988,16914.570829589844,3.4042892203623175e-06,2.626424789428711,7.854331670387182e-06
493,0.9699688613024446,-0.0009988507319354247,-0.06304110176322818,18485.274992919924,3.238688831828846e-06,2.1271798610687256,4.995880772185046e-06
494,0.8636176432753685,0.002271517131606274,0.14336370597940856,24193.95288623047,2.869676767055443e-06,1.8484491109848022,5.886232429475058e-06
495,0.41764807742038546,0.02845433437679061,1.7958565095872072,50013.93970068359,2.0257569396527138e-06,6.181910514831543,3.0057572075747885e-05
496,0.968128840648314,0.004342733918448081,0.27408572885864124,59530.388270507814,1.8998857757321496e-06,13.76050853729248,1.9201244867872447e-05
497,0.9912532931939211,-0.00423701155212753,-0.26741320588721695,51594.96702001953,2.106217623497223e-06,25.005516052246094,4.053521479363553e-05
498,0.8417458916889722,-0.14305686085459812,-9.02883867901669,27893.08982519531,2.775377618036253e-06,150.42283630371094,0.0004907712573185563
499,-0.13188893395701862,-0.043376454758409407,-2.737645787428562,51239.42084375,1.9752959683939996e-06,23.40019989013672,8.952531061368063e-05
500,0.8847017893831283,0.03459728065194325,2.1835601862993115,21322.600377441406,3.026259747794173e-06,65.71334075927734,0.0001732634991640225
501,0.15555729740579768,-0.04815691410116174,-3.0393579594940348,34092.423726074216,2.481006013239865e-06,32.435752868652344,0.0001020937561406754
502,0.8509112141429244,0.01729944468133367,1.0918308589413916,31080.662640136718,2.5601530017657836e-06,14.021087646484375,4.7703684685984626e-05
503,0.5392035147521257,-0.057940779813967266,-3.6568533012090247,22357.36391357422,2.9859559493135606e-06,11.062509536743164,0.00010324951290385798
504,0.03913817278444682,-0.01075754492985758,-0.6789477776440117,18428.171607666016,3.276420518735666e-06,3.7444396018981934,1.46614629557007e-05
505,0.9870498035169378,0.002117029911611036,0.1336134557713849,17812.227297607424,3.3446884419024897e-06,6.197021961212158,1.9537466869223863e-05
506,0.989195829820911,-0.001985805926776979,-0.12533143292531773,18001.70864379883,3.2986127561899617e-06,8.247448921203613,2.32187030633213e-05
507,0.9659813966246855,-0.00513784037204855,-0.32426778835105713,21806.79689868164,3.0148151587804935e-06,10.25997543334961,2.6052015527966432e-05
508,0.9939682608518831,0.002204554172210332,0.13913743011788238,24341.81213757324,2.8337157002124535e-06,10.749733924865723,2.8641323297051713e-05
509,0.7731717786474552,0.007438555494617019,0.46947428571127886,37667.12463720703,2.3398119649783694e-06,4.959760665893555,1.6870226318133064e-05
510,0.8069509401684215,-0.01592852519068014,-1.005307144880511,63724.72263378906,1.8279606285096015e-06,22.373992919921875,3.748510425793938e-05
511,0.9356189352300291,0.006687246949728537,0.4220564714978137,43987.451947265625,2.2292567346428213e-06,16.0590877532959,3.659777212305926e-05
512,0.8211820709157596,-0.14829759977433327,-9.359600768877073,51903.49741015625,2.027848372997346e-06,209.5748748779297,0.00039504264714196324
513,0.8502600799072155,0.011153712106059909,0.7039513286969596,41683.442854980465,2.186468552307887e-06,14.926717758178711,4.925314715364948e-05
514,0.7441597278290735,-0.012131115289358476,-0.7656387976770711,26401.098150878905,2.71145445646835e-06,35.47339630126953,5.1818875363096595e-05
515,0.9736407980449459,0.00809868156039315,0.5111372421056913,25609.463015625,2.8065168894522405e-06,33.21945571899414,8.972533396445215e-05
516,0.8239201960538657,0.017914978706577493,1.1306794495100112,20036.157911865233,3.1599779395221415e-06,20.273027420043945,7.359460141742602e-05
517,0.8017338289010832,0.01639765934267038,1.0349159071015857,19639.287599853516,3.1837672112826287e-06,15.773412704467773,5.654152846545912e-05
518,0.46496789913921915,-0.016751494909018977,-1.0572477563283562,20081.69028955078,3.147472743176663e-06,8.895612716674805,3.797279714490287e-05
519,0.75917778224583,-0.04895922853328924,-3.089994940721302,24622.889674316408,2.8048510228390776e-06,12.687198638916016,0.0001091073063435033
520,0.995150033113762,0.008749273582646069,0.5521984703451899,30028.760864746095,2.5734537339912435e-06,79.55817413330078,0.0001710255746729672
521,0.6722086626163108,0.00791844209396575,0.4997616739837327,32473.54036376953,2.4585453369784005e-06,5.767970561981201,1.570547465234995e-05
522,0.7587239980353433,0.013349012686684215,0.8425047310014774,41329.13699414062,2.208269077465184e-06,12.541226387023926,3.3835422073025256e-05
523,0.9368740950829024,0.008919104037211434,0.5629170878787682,54750.689265625,1.928863645100494e-06,24.463041305541992,3.8443042285507545e-05
524,0.6635470507922069,0.021281143669034976,1.3431303605074056,66149.587703125,1.7636270944565183e-06,25.984445571899414,4.461185744730756e-05
525,0.4053498658307966,0.09386046606442151,5.923875313427471,66633.13152246094,1.7876813986919792e-06,69.78446197509766,0.00021671759895980358
526,-0.09404179375303147,-0.08144443539564847,-5.140254470132051,87409.68824902344,1.5651970647249728e-06,66.71746063232422,0.0001462861109757796
527,0.7201559771691579,-0.008948338359606825,-0.5647621722684405,51964.901435546875,2.0051187776797396e-06,9.852149963378906,1.9782486560870893e-05
528,0.9277187017751582,0.0033898560263831033,0.21394614018836716,47392.112283203125,2.093157037592947e-06,12.982259750366211,2.9188278858782724e-05
529,0.989646339528597,0.0019615410205661397,0.12379998646109108,24131.20680761719,2.8199134655974317e-06,15.38370132446289,4.1236089600715786e-05
530,0.9977476015845999,0.0007694202072680256,0.04856090708476706,17223.979740722658,3.3777619570009174e-06,11.653745651245117,3.350228143972345e-05
531,0.9835680801585447,0.0031312526630146898,0.1976247415797559,28961.182345703124,2.667712851501437e-06,20.918684005737305,4.771791645907797e-05
532,0.9987220670656091,-0.0012294554556296267,-0.07759540441195183,42719.36465771485,2.178470731766068e-06,21.772855758666992,4.139732482144609e-05
533,0.4994334992686638,0.04243264740851539,2.678078673657454,65903.56774169923,1.7992394855202053e-06,22.483877182006836,5.7114411902148277e-05
534,0.9884773262580955,-0.004692212468494307,-0.2961425909433695,69994.04225439453,1.7862458785998426e-06,32.32585906982422,4.052951771882363e-05
535,0.898543659479276,-0.009055903519002147,-0.5715510006116695,58562.62101855469,1.930056048203311e-06,16.1095027923584,2.6291918402421288e-05
536,0.8860473279377983,-0.04559549810500595,-2.8776976820282156,44024.79894360351,2.2076377556549006e-06,67.01506042480469,0.00015820021508261561
537,0.9775656441385867,0.002806802749169437,0.1771475277360446,45852.05760449219,2.1330786550145488e-06,20.50034523010254,3.917082358384505e-05
538,0.8993219841342095,-0.005143096903022791,-0.32459954713490125,26679.09191357422,2.7697392018342433e-06,16.987516403198242,3.361984636285342e-05
539,0.760501224044846,0.010055441332050618,0.6346354665623407,19451.79778881836,3.184775073264507e-06,7.8292999267578125,3.0410612453124486e-05
540,0.9795789672329003,0.0021083735105368808,0.13306711882275818,20629.78217260742,3.1155816181752912e-06,6.0880608558654785,1.6987036360660568e-05
541,0.40369264661975,0.0223243028691218,1.4089679308123277,17232.071282226563,3.3794274961259373e-06,6.039827346801758,4.0675186028238386e-05
542,0.9200798179027163,-0.005531694943451707,-0.34912538250592057,18235.36705883789,3.308057838088487e-06,6.835658073425293,2.354909884161316e-05
543,0.8026996283776355,0.018731363314496506,1.1822044506941547,18450.722001220704,3.24563435473484e-06,9.732084274291992,4.201927367830649e-05
544,0.9275327865844928,0.006352038772947299,0.400900264560481,22742.149513671877,2.9399323848208954e-06,6.500148773193359,1.845572842285037e-05
545,0.798540957439019,0.01918163610024198,1.2106228035068833,32711.581202880858,2.4891593681011694e-06,10.74270248413086,3.3941862056963146e-05
546,0.8254501408667629,0.014012976451229758,0.8844098985200587,64451.82044995117,1.886276759820499e-06,11.595367431640625,2.318308543181047e-05
547,0.9684865883322391,-0.005084072465085622,-0.3208743002290854,36236.416671875,2.4486140032399147e-06,15.373014450073242,3.4626969863893464e-05
548,0.538418453697748,-0.10523737912381506,-6.641913665903741,56867.505450683595,2.0127300458992884e-06,56.70498275756836,0.00015789597819093615
549,0.3234221722168024,-0.034360053735510675,-2.168587932986922,45717.28047167969,2.1543926203547785e-06,20.286331176757812,7.533134339610115e-05
550,0.5107246977751643,-0.02010229282483618,-1.2687287971338623,23388.585127929688,2.8885851049833637e-06,17.723466873168945,6.279181980062276e-05
551,0.8343072336690625,0.01361591650666788,0.859350001609611,21416.66561328125,3.0423517896678925e-06,18.184139251708984,5.574294118559919e-05
552,0.9327695756021707,-0.0086758403019398,-0.5475638289780643,24420.342949707032,2.8387804812214424e-06,15.502625465393066,3.747567825485021e-05
553,0.9649070038139133,0.007752004075592438,0.4892571654339805,22514.60789794922,2.9704510716198408e-06,17.369449615478516,5.0631693738978356e-05
554,0.4909932656573619,-0.06533827386922784,-4.123736050172867,27685.809873535156,2.670140715174828e-06,31.094764709472656,0.00010175902571063489
555,0.9168755134885765,0.014917197557843799,0.9414785805322974,26285.858482421874,2.7429637692041832e-06,26.029043197631836,5.523013533093035e-05
556,0.6366708257008878,0.06075748929083962,3.8346260785537365,29219.522563964845,2.62997770429312e-06,31.826568603515625,0.00011307343083899468
557,0.7116626455363512,0.03999579749241501,2.524280214457316,53476.238114257816,1.9928341359800265e-06,30.71280288696289,6.851150101283565e-05
558,0.9699468255106051,-0.018991876638474865,-1.1986463938619536,53843.39559179688,1.9673433496516375e-06,65.31910705566406,0.00011446654389146715
559,0.7198715220969594,0.05508771371364224,3.476785925156449,114432.4174609375,1.4393787392837977e-06,140.88499450683594,0.00011378811905160546
560,0.7467959199057989,-0.03998858575421923,-2.5238250554360993,64937.938419433594,1.801025349260414e-06,42.6853141784668,7.721734436927363e-05
561,0.4778325113081738,0.04411952993662532,2.784543963932743,61969.133958496095,1.8510431120421565e-06,28.721370697021484,6.958791345823556e-05
562,0.7778794014752201,-0.007975180174129107,-0.5033426205366753,45509.687072265624,2.100711541050106e-06,7.65736198425293,2.8293467039475217e-05
563,0.99745628908087,0.0005952934007645174,0.03757113115776371,18885.517938964844,3.227118891474122e-06,8.850906372070312,2.5385284970980138e-05
564,0.9991825012050412,-0.00010912186009282455,-0.0068870773848011095,23075.907502929687,2.916683566872033e-06,9.697304725646973,2.404283804935403e-05
565,0.862880355867329,0.008349650130091995,0.5269767811237991,24346.50003173828,2.851475350317685e-06,8.02284049987793,2.522455179132521e-05
566,0.9985713376018586,0.00040778854762204463,0.02573701806145577,22494.971244873046,2.95028154831942e-06,9.10287094116211,2.2826243366580456e-05
567,0.9452851972608838,-0.007956467215053427,-0.5021615776444153,27251.36865209961,2.7197247925046183e-06,13.07151985168457,3.136635496048257e-05
568,0.7008329631922733,-0.021043465079488607,-1.3281296004624088,32778.30981201172,2.4910604288121506e-06,5.898894309997559,3.058461152249947e-05
569,0.7061050759133163,0.04381348075415075,2.7652280871554917,89305.92111767578,1.5746355069186358e-06,23.308006286621094,5.653471453115344e-05
570,0.7865574110067859,-0.01816504658020505,-1.146462142323904,64273.43216845703,1.8895444985887626e-06,21.161855697631836,3.5706307244254276e-05
571,0.9552835135841583,-0.08684964111139286,-5.481396657530935,45849.27706958008,2.209704857777421e-06,215.2161407470703,0.000341806880896911
572,0.9567404893131923,0.0021355764161727665,0.13478399311399938,38585.46168457031,2.326886406449627e-06,4.526956558227539,1.1815569450845942e-05
573,0.4240851444173794,-0.014541153815982935,-0.9177450925944737,22674.767701660156,2.928987160870906e-06,5.179229736328125,4.900810745311901e-05
574,0.9302183236562993,0.004577816749859238,0.28892266116890025,22711.98273046875,2.9762161524552113e-06,8.324742317199707,3.0485201932606287e-05
575,0.8929280350620549,0.008012397221604623,0.5056915237333369,27258.96680175781,2.7339397331573895e-06,11.751728057861328,3.165222369716503e-05
576,0.9972033742086746,0.0021683984739332713,0.1368555125284661,23487.92531152344,2.8906691366299778e-06,16.508028030395508,4.157199873588979e-05
577,0.9832118320849706,0.006137935768262221,0.3873874454027956,29548.509652832032,2.6335356627249232e-06,16.617721557617188,3.82083271688316e-05
578,0.6973144912890147,0.019455960386744776,1.2279364067397092,42260.7379140625,2.223622180201212e-06,11.42583179473877,2.80866715911543e-05
579,0.8986533570483236,-0.01376531900169471,-0.8687793363355484,77406.25772314453,1.7139173849317572e-06,22.66019058227539,3.3379707019776106e-05
580,0.8228472262585034,-0.02559718064805666,-1.6155311484421062,71152.75925292968,1.7567040468752407e-06,33.54884719848633,5.615832196781412e-05
581,0.9734425461006753,-0.008880657252043886,-0.560490571464729,54457.15672753906,1.9818350405645164e-06,34.148193359375,5.6378095905529335e-05
582,0.7206281456975204,-0.025767093937281573,-1.6262549939722561,58902.904528320316,1.8894555880277536e-06,41.289268493652344,7.145932613639161e-05
583,0.854286506496333,0.014222111591383129,0.8976091776827516,31366.314920410157,2.5110262764048002e-06,35.980892181396484,0.00010226300219073892
584,0.9422941468273708,-0.009592313800786045,-0.6054058040168363,30203.198640625,2.563546784217879e-06,25.726335525512695,5.695638537872583e-05
585,0.4807792353051614,0.016128773395822683,1.0179455372595547,53104.37135791015,1.9711609016810545e-06,17.564807891845703,4.3510528485057876e-05
586,0.9996208911844263,-0.0007225313607463244,-0.045601581481223265,39223.10058935547,2.2827130401703566e-06,20.27428436279297,3.990253753727302e-05
587,0.75238081331537,0.034038147483057786,2.148271258863072,98680.80854003906,1.4617132615581192e-06,30.677034378051758,7.129309960873798e-05
588,0.9367038395291981,0.01151117773893492,0.7265122846220409,68486.98462646484,1.7702676803067452e-06,20.767227172851562,3.532918344717473e-05
589,0.4640450101099857,-0.06749768196839662,-4.260024147458698,47050.514067382814,2.1574696028322536e-06,55.503013610839844,0.0001262872392544523
590,0.9831150397293362,0.004492806272269464,0.2835573408088766,49963.9377109375,2.0487866212569134e-06,21.53951072692871,3.397557156858966e-05
591,-0.6612848371999142,-0.04131495484357336,-2.6075370316745867,38924.607817382814,2.2796699375259758e-06,22.19824981689453,5.50262448086869e-05
592,0.9390650666542457,0.008802971857863268,0.5555875637544904,23235.96236669922,2.8807976772255432e-06,21.776948928833008,8.014497143449262e-05
593,0.9569200450938302,0.006451981371284041,0.40720800535776686,24040.60117578125,2.8887553173421033e-06,18.36641502380371,5.6532455346314237e-05
594,0.6853692704287382,0.03045025692115578,1.9218264390350643,27254.783325683595,2.6979306266394374e-06,10.509489059448242,8.019984670681879e-05
595,0.9272634845387931,-0.0033356082597976876,-0.21052236638073069,49789.51052001953,2.022022912916292e-06,8.184849739074707,1.4265238860389218e-05
596,0.9841558029987931,-0.0031336184252542844,-0.1977740534371992,75546.77241015625,1.6939740777223894e-06,22.834217071533203,2.8478318199631758e-05
597,0.6207069370577871,-0.017265979426870623,-1.0897187450442034,66671.82881347656,1.8252711139782e-06,12.540555953979492,2.632725954754278e-05
598,0.9826897650023871,-0.046051235919232464,-2.906460952660591,54363.03577929687,2.0226933572962575e-06,148.34017944335938,0.00028220153762958944
599,0.9303674497304596,-0.0055734350508964605,-0.3517597524642166,52634.173567382815,2.0110261659041304e-06,13.8408784866333,2.4858518372639082e-05
600,0.9390206797455752,0.0038283619211232425,0.2416218417223935,42288.45555566406,2.160582904273827e-06,21.246856689453125,3.912188549293205e-05
601,0.998657531774118,-0.0006164785789372904,-0.038908204786847506,29259.668772460936,2.6093609242858402e-06,20.706588745117188,4.595050268108025e-05
602,0.7850543071815161,0.011159929014854615,0.704343700417227,42711.694755859375,2.1774003699778657e-06,12.307154655456543,2.8796812330256216e-05
603,0.6408814980743195,-0.009038453437935154,-0.5704496625426776,57849.11465820312,1.8815120768108584e-06,6.590936660766602,1.68886108440347e-05
604,0.9783888077770946,0.0036830052922358033,0.23244785632029313,61801.41348632812,1.8932334248827435e-06,15.449445724487305,2.2897918825037777e-05
605,0.7232882119412786,-0.02800463119813321,-1.767474106749041,53358.07850146484,2.093032570287977e-06,26.46247100830078,5.975129170110449e-05
606,0.36593078174662763,-0.02413628453884886,-1.5233286828068036,60808.54011621094,1.9042482534846298e-06,9.283267974853516,2.8388321879901923e-05
607,0.333553597776138,-0.03759599062257489,-2.3728196766044336,50314.07726660156,2.077771186383863e-06,18.59978675842285,7.294480747077614e-05
608,0.7195866824329453,-0.009209810523614578,-0.5812646313170763,19280.393889160157,3.176806777977925e-06,17.225875854492188,4.371433533378877e-05
609,0.7971381510585174,0.0049477166566491045,0.3122683893348742,27380.18534375,2.6804944425007663e-06,6.539514541625977,1.843935933720786e-05
610,0.8252348183243231,-0.007091182512990017,-0.4475503137058607,50096.87172265625,2.02450701788589e-06,11.326148986816406,2.453398883517366e-05
611,0.8926482174726841,-0.004868467801428913,-0.3072667059132933,70992.53291455079,1.7565412842794187e-06,13.012273788452148,1.9693232388817705e-05
612,0.9782039119518998,-0.006394982472685138,-0.4036105976049558,59976.65943701172,1.9669009048754243e-06,30.232707977294922,4.518609421211295e-05
613,0.9253189836634564,-0.00951016751633503,-0.6002212533007216,57831.4319296875,1.9755949751554706e-06,26.474111557006836,4.803960837307386e-05
614,0.4319611019148956,-0.06944918091232838,-4.383190341947893,46048.918454589846,2.163566727455472e-06,39.945255279541016,0.0001121265086112544
615,0.6568777777951875,-0.025385499867338672,-1.6021712046467955,54045.52039746094,1.952418529419072e-06,30.409669876098633,6.774882785975933e-05
616,0.7098394797132282,-0.014866613423257182,-0.9382860318619862,36059.18289257812,2.325822070219515e-06,39.914737701416016,7.841580372769386e-05
617,0.9938834386323886,0.0025028845145892366,0.15796614282906563,21064.91067578125,3.052718591426404e-06,15.394725799560547,4.4236814574105665e-05
618,0.9404432948303514,0.010081548103181896,0.6362831598191773,61189.75113964844,1.8249723635965328e-06,42.820396423339844,8.391194569412619e-05
619,0.7202201989692771,0.023021203067123013,1.4529518364113962,32387.849669921874,2.4818237363162866e-06,10.240830421447754,5.279515971778892e-05
620,0.8537342436320118,-0.025089267163882045,-1.5834748815555364,34040.64515625,2.4448281127624264e-06,32.366127014160156,7.28308004909195e-05
621,0.9832688339980538,-0.005289857756267148,-0.3338621582422773,69755.61349902344,1.7480514814304362e-06,25.310888290405273,3.4471082472009584e-05
622,0.9958110855640612,0.0012062265109554287,0.07612934124731754,63638.40791943359,1.916618920749036e-06,36.47526550292969,5.304778824211098e-05
623,0.7405082454750825,0.0638501264743391,4.029813656805757,42812.860834960935,2.2700923988102055e-06,38.84455490112305,0.00016982406668830663
624,0.9933041794162227,-0.00010196379669692223,-0.006435305975379055,45187.58964013672,2.1607093049451378e-06,9.029611587524414,1.5692719898652285e-05
625,0.4114597441029642,-0.005354926251667065,-0.33796886759226996,29695.237783203123,2.5527226658790873e-06,5.408196449279785,1.4844650650047697e-05
626,0.9897639826024897,-0.0013587368047072253,-0.08575482045152,19969.34622216797,3.1288908180655834e-06,7.238410472869873,1.849705404310953e-05
627,0.8799630588696283,0.005872490036710668,0.37063420005758635,18820.566873046875,3.2596264739557097e-06,6.350045680999756,2.42368860199349e-05
628,0.8517197418925521,0.006201144354785583,0.39137676914049574,20892.407188964844,3.0842876903390028e-06,5.056033134460449,1.8644563169800676e-05
629,0.9594754072624124,-0.002558043593726394,-0.16144743288560265,20457.173826660157,3.1002964381703157e-06,4.749608039855957,1.33085541165201e-05
630,0.9923399341518484,-0.0008633588798638017,-0.0544897182967668,23918.205602294922,2.8621729693779812e-06,2.84832501411438,6.50173433314194e-06
631,0.984822299747541,-0.0014494225529254755,-0.09147832777760843,41068.96600683594,2.254085573447911e-06,5.271191120147705,9.549951755616348e-06
632,0.863719230047834,0.018103942728958308,1.142605656082855,70672.80193408203,1.804953388892571e-06,21.65876007080078,3.963850031141192e-05
633,0.5323846937972901,-0.034630535385005816,-2.1856590134254072,43433.92734277344,2.274811859430608e-06,19.590423583984375,4.269932833267376e-05
634,0.15405994923816865,0.023070188627731608,1.45604349326514,44155.25934082031,2.1715699988435405e-06,4.909711837768555,2.8340702556306496e-05
635,0.8349896834309756,-0.0015078322645624338,-0.09516477707131969,39215.93367236328,2.2588558448432505e-06,3.276155948638916,5.5442278608097695e-06
636,0.9708670913829038,-0.001469604010298526,-0.09275205293724219,19460.066864746095,3.1776250371206043e-06,6.731533527374268,1.804140629246831e-05
637,0.871125882525229,0.007426401688837011,0.46870721483422867,22265.474121582032,2.97051310466083e-06,5.314641952514648,2.2236887161852792e-05
638,0.9979560331470138,0.0003330628079760718,0.021020804910941885,25274.55671533203,2.8167140069735257e-06,5.037039756774902,1.2090190466551576e-05
639,0.8924753823482404,-0.003070812870224328,-0.19381016648257113,22017.24469140625,3.0100315155145467e-06,4.042679309844971,1.0792171451612376e-05
640,0.88854933612048,-0.0015894707554694554,-0.10031727909040881,28006.324447021485,2.710160386399432e-06,1.6499921083450317,3.930046659661457e-06
641,0.8126557734030627,-0.006140590666870274,-0.3875550057078245,58038.51364746094,1.929498832616921e-06,3.310349464416504,8.240051101893187e-06
642,-0.12768092233453301,0.041490861842924415,2.618639162045424,49725.13800976562,2.1714803047151287e-06,6.792393207550049,4.809466554434039e-05
643,0.9913814791442973,-0.01392152548832424,-0.878638095712545,39456.270424316404,2.3592990375112024e-06,48.33997344970703,0.00010505013779038563
644,0.5376940275707833,0.012771701344779696,0.8060685129656263,41454.3653359375,2.2776579068766382e-06,6.961756706237793,2.735959060373716e-05
645,0.9337134956195445,0.0025872650074331097,0.16329170256099348,19260.410235595704,3.169964947497615e-06,3.494593620300293,1.4546500096912496e-05
646,0.6772250794165393,-0.003926790689941748,-0.2478340392341212,20602.013625976564,3.0841701098120775e-06,3.054593563079834,1.0050427590613253e-05
647,0.9293606005984716,0.0011738256449721418,0.07408440477746957,28590.1713828125,2.6351207791236156e-06,1.972568154335022,4.586349405144574e-06
648,0.7904159222279706,-0.0045232900734898255,-0.28548128435061004,22505.071873046876,2.9616179231948833e-06,1.6175857782363892,9.061283890332561e-06
649,0.546707798351255,0.0055234325917430955,0.3486039154456152,25650.806186523438,2.7936462611116472e-06,2.622960329055786,7.411398200929398e-06
650,0.8650657620849244,-0.012092354906293793,-0.7631924889594234,55298.49616894531,1.9667063071428405e-06,10.571389198303223,2.2390971935237758e-05
651,0.559893925103516,0.021435126627885076,1.3528487849609405,52913.51678564453,2.059396490944439e-06,11.0736083984375,2.9050917873973958e-05
652,0.9938176880814155,-0.023511873433744158,-1.4839198274488836,36227.11504345703,2.448224320498697e-06,138.78189086914062,0.0002868442970793694
653,0.017961173939751735,-0.11006453357466828,-6.946572936036539,36541.36375976563,2.3810089227557106e-06,40.51728057861328,0.00023843387316446751
654,0.9889031281598866,-0.0030093389632101335,-0.18993032467642265,16606.94442236328,3.4295337593810523e-06,20.37334632873535,5.579268326982856e-05
655,0.9263078762818887,0.007296919151071228,0.46053510104497697,15099.2827421875,3.5735113796722084e-06,11.301912307739258,4.1969342419179156e-05
656,0.994601856989345,0.0008501147043349766,0.0536538302200119,17534.36748876953,3.333290491376767e-06,5.731729984283447,1.6446552763227373e-05
657,0.9436492697416955,-0.004239116982195583,-0.26754608723468143,19195.83994824219,3.2254676101061124e-06,7.328276634216309,2.4643766664667055e-05
658,0.9110174804755224,0.0075103636869082386,0.4740063618393034,20747.726709960938,3.0603806863100373e-06,9.825104713439941,2.7734173272619955e-05
659,0.18676979136233557,0.08914207797713194,5.6260806840008435,33372.312859375,2.463816630639609e-06,17.662132263183594,0.00011961113341385499
660,0.7249684569699653,0.02350709668682105,1.4836183495811215,38906.50490576172,2.3072141500992744e-06,16.274612426757812,3.487211506580934e-05
661,0.5960029926848159,0.0371020343517304,2.341644300203042,70729.90565136718,1.7472941721863115e-06,25.192760467529297,4.742765668197535e-05
662,0.7894286364377979,-0.018131334831376626,-1.1443344712710022,73160.37887890625,1.7329192960977468e-06,21.867740631103516,3.710394230438396e-05
663,0.7783270847379848,0.042208872058128157,2.6639553975914403,37494.43812939453,2.39576745086466e-06,62.2864875793457,0.00013069862325210124
664,0.6411561466249366,0.013056790437469299,0.8240615222604258,40693.72140820313,2.2322017694960246e-06,6.483241081237793,3.2718769944040105e-05
665,0.7183373866174175,0.010216536614995686,0.6448027756516959,31768.900372558594,2.5053681097422258e-06,4.219919681549072,2.810124533425551e-05
666,0.8523182987154484,0.0043180365244336995,0.2725269865164993,18379.24372338867,3.2811800679901665e-06,4.135878086090088,1.5683384845033288e-05
667,0.8005288622273391,0.00370356247438086,0.23374529483651732,21577.594207763672,3.050729255572808e-06,2.127323865890503,9.443597264180426e-06
668,0.9133626435182418,0.0029317804904367617,0.18503532743771334,19779.069196289063,3.160822109354952e-06,4.098641872406006,1.0472833309904672e-05
669,0.9948121129708464,-6.197837484494029e-05,-0.003911680605317893,21696.29699169922,3.017035231050251e-06,0.816263735294342,2.1087159893795615e-06
670,0.8419819032740918,-0.003307368954374913,-0.20874008113033046,23964.023653076172,2.8770885318207143e-06,2.1709818840026855,6.353081062115962e-06
671,0.38484196677882015,0.011838312524750347,0.7471589504986552,41792.137525878905,2.236822905547677e-06,3.014922618865967,1.1271290532022249e-05
672,0.9937916317705919,-0.003946580531000892,-0.24908304806416953,78447.6619296875,1.6878005326103787e-06,28.886995315551758,3.8362457416951656e-05
673,0.9972398242154441,-0.0011732873740322191,-0.07405043254116345,60356.012561523436,1.935732754380541e-06,17.593490600585938,2.5164452381432056e-05
674,0.8158088587931287,-0.035504188736182794,-2.240798453240018,39221.45943261719,2.3717536685222644e-06,38.16130828857422,9.641094220569357e-05
675,0.37853502826393043,0.021840346193550644,1.3784236652296626,52147.75312597656,2.0132395455121253e-06,16.809417724609375,5.366470941225998e-05
676,0.984935489015757,-0.002083607186895679,-0.13150402608122236,22442.925976074217,2.9304614469717868e-06,11.373734474182129,3.183921944582835e-05
677,0.8588020463272814,-0.009722293553126303,-0.6136092988258794,25758.809537597655,2.8264114927069205e-06,13.988022804260254,3.945202843169682e-05
678,0.902101158530584,-0.008759233671762508,-0.5528270877867005,27734.87532861328,2.6834609241161963e-06,11.216357231140137,2.99027597066015e-05
679,0.5928524069058716,-0.013737159530459595,-0.8670020897110282,26897.55566748047,2.7130395953606343e-06,4.671179294586182,2.518387555028312e-05
680,0.4682569755049554,0.02917935431920498,1.8416151545066055,30141.588580078125,2.56063751083754e-06,11.747511863708496,3.6757690395461395e-05
681,0.9946095001144205,0.002463027516362259,0.15545062274095886,37699.432786621095,2.3071638228421493e-06,11.905147552490234,2.4014065274968743e-05
682,0.6130698678873489,0.04063403082411099,2.5645614407964805,67440.54889208985,1.779078037489406e-06,16.814697265625,3.796360033447854e-05
683,0.9870921752167863,0.0023044509702666526,0.14544228029292963,48296.43682519531,2.1636849213484088e-06,15.313373565673828,2.435945498291403e-05
684,0.7525677522051644,-0.03324867224586108,-2.0984446059144064,32595.609595214843,2.5704210379317887e-06,23.86538314819336,9.166820382233709e-05
685,0.7134087659136927,0.022374939792872056,1.4121638111987105,32013.531169433594,2.4998686229227152e-06,23.40366554260254,7.193431520136073e-05
686,0.6290930659171201,0.009281220217994325,0.5857715567928697,25661.086501464844,2.798080374879016e-06,9.782906532287598,3.970710531575605e-05
687,0.8755849816360723,0.007645593429999763,0.48254120265493694,24827.173673339843,2.8212706196756526e-06,8.187235832214355,2.567703450040426e-05
688,0.5287678422416126,-0.0066286218655438505,-0.41835642925946703,27973.375813964845,2.6725598936195764e-06,2.5710158348083496,1.1186050869582687e-05
689,0.9677444548611064,-0.002088742257127058,-0.13182811903592284,25952.834857421876,2.739727969249771e-06,4.638505935668945,1.1612556590989698e-05
690,0.46161091176979385,-0.006936812065313671,-0.43780743342349554,27410.208415527344,2.698591096770336e-06,2.3099989891052246,9.169077202386688e-06
691,0.19025750418651655,0.019707622059850657,1.2438196900341323,42328.61911376953,2.259511669377619e-06,4.9245219230651855,2.2975773390498944e-05
692,0.9257685166661108,0.0034936333995656925,0.22049590757037382,65581.91415625,1.852944400269417e-06,5.362224578857422,1.0361031854699831e-05
693,0.9880276992048556,0.0017221275716323915,0.1086897331317742,56025.8690234375,2.016497061356842e-06,10.325021743774414,1.652301762078423e-05
694,0.9069853110725116,-0.00850198778770947,-0.5365913646338163,35857.50068798828,2.3930860847881107e-06,17.683300018310547,3.4552576835267246e-05
695,0.7969492331311204,0.007621306807226394,0.4810083855794823,39685.1830625,2.262875240997461e-06,15.875781059265137,3.282354009570554e-05
696,0.9366578614431724,-0.0031984617892873326,-0.20186655392799496,18596.41129638672,3.2397373365790957e-06,7.470160007476807,2.0279128875699826e-05
697,0.5840802469932515,0.012731878115917994,0.8035551241849558,16118.044577392579,3.514659260864937e-06,6.465421199798584,3.875370020978153e-05
698,0.4875093301583129,0.004796811954314991,0.30274424484337326,16021.788754638672,3.5130342939094896e-06,1.8963649272918701,1.0318271961295977e-05
699,0.8840745916036822,0.004924792576735642,0.3108215672938544,15259.263009277343,3.5661569213699016e-06,1.29379141330719,1.3222143024904653e-05
700,0.8770554083488948,-0.0020174274138241768,-0.12732717995649262,16849.30175415039,3.4046887933618737e-06,1.387021541595459,6.789782219129847e-06
701,0.9694667589103058,0.0009956910781884925,0.06284168452596896,17833.175764892578,3.3249387358460975e-06,1.531638741493225,5.2136088015686255e-06
702,0.4641634225173703,0.0037347302467206395,0.23571240628268703,22494.690767333985,2.9651025119099507e-06,1.2444188594818115,5.465536560222972e-06
703,0.8847812461014871,-0.0025123076514072403,-0.15856087125852933,35938.135464355466,2.391012364471192e-06,2.6999239921569824,6.015262897562934e-06
704,0.49601735824363247,0.02496931001507264,1.5759039497000153,88955.77925585938,1.6214153239663943e-06,11.705058097839355,2.7525156838237308e-05
705,0.8470848466918881,-0.019240157570438426,-1.2143163062896658,50438.51249121094,2.0882639177217655e-06,23.173189163208008,4.1217928810510784e-05
706,0.6951915668335941,0.025678358901186017,1.6206546031815074,25155.926919921876,2.8324233372128857e-06,11.773828506469727,7.55711444071494e-05
707,0.5823107707460211,0.008176791290235842,0.516067031182554,34242.90742480469,2.4410857271367825e-06,4.301330089569092,2.3049167793942615e-05
708,0.563665174249671,0.00373042549095548,0.2354407174931805,16364.852165527343,3.4538616081435993e-06,3.0078370571136475,1.0128560461453162e-05
709,0.9128473392106584,0.004324080195618202,0.27290842458125153,16474.97052832031,3.460453998865775e-06,4.625418663024902,1.8751583411358297e-05
710,0.9928499290668016,-0.000587977402974007,-0.037109391934409035,17582.55761450195,3.331423104456524e-06,3.169013261795044,8.928018360165879e-06
711,0.903734906323346,0.003182435147489385,0.20085505428725325,16788.108967529297,3.4379424819360794e-06,4.512767314910889,1.4540892152581364e-05
712,0.5228674697984437,0.005352242406206525,0.3377994803461228,17933.455287841796,3.3334757843149435e-06,1.3667069673538208,1.0107170965056866e-05
713,0.6484598382054011,0.00475499376867859,0.30010494708649044,20701.66300341797,3.109968355385836e-06,1.1605740785598755,7.989227924554143e-06
714,0.7690642801423637,-0.0027165844000172803,-0.17145351966459707,43637.01119750977,2.2158084679403518e-06,2.0888633728027344,4.726016868517036e-06
715,0.8918257442497183,0.010040827184257837,0.6337131145544463,77717.71711523438,1.7249224050257634e-06,15.033661842346191,2.203349504270591e-05
716,0.8297340313994773,-0.01134907171739172,-0.7162811841444596,41977.17054736328,2.3069002009675308e-06,12.57571029663086,3.131731864414178e-05
717,0.8703785730860051,0.020982511146425544,1.3242825761030708,28130.596748046875,2.6703639236753398e-06,33.92384338378906,8.922794222598895e-05
718,0.7486516332540628,-0.0033732527451983203,-0.2128982467391175,39730.32637988281,2.230861410278895e-06,3.7441067695617676,1.1771403478633147e-05
719,0.9518244627013809,0.004493397635566295,0.2835946638968843,20366.55571923828,3.1251602931855134e-06,12.64013957977295,3.327518061269075e-05
720,0.6158681499386167,0.01316033737938864,0.8305967462875032,24043.87049243164,2.888058110558789e-06,7.437666893005371,2.7477108233142644e-05
721,0.969730846812373,0.0026767863886354003,0.16894172245077535,22609.832431884766,2.965031076704978e-06,5.678414344787598,1.5035951946629211e-05
722,0.9953989440511883,0.000498606219499631,0.03146885156939229,23010.16341455078,2.9134984947333683e-06,3.960092782974243,1.0222020137007348e-05
723,0.8621934277641831,0.0068925274723775996,0.4350124717334574,38987.84684790039,2.28822112341984e-06,4.966424465179443,1.2325758689257782e-05
724,0.7589040954585784,0.013874445729874316,0.8756667209630077,70791.30307714843,1.8179619454295856e-06,8.450203895568848,1.922959381772671e-05
725,0.9841681823397969,-0.004277905128321067,-0.2699941481800496,41583.25688720703,2.318479200757847e-06,15.211824417114258,2.8297656172071584e-05
726,0.3781624918906171,0.03633533120290284,2.293254876556356,27279.09808984375,2.715587460222462e-06,16.683034896850586,8.204778714571148e-05
727,0.9981996095968513,-0.0006444887897607425,-0.040676031044039336,22637.859042480468,2.9130920832195224e-06,7.051035404205322,1.833289206842892e-05
728,0.7907908311422237,-0.0051057351170296335,-0.3222415089640859,20976.123848144533,3.064374207858195e-06,8.101482391357422,1.8989183445228264e-05
729,0.9451725998076367,0.0037714698496381944,0.238031176217188,24119.697883544923,2.8836595436835203e-06,6.627296447753906,1.998697371163871e-05
730,0.6769412424153511,-0.022056659469211787,-1.3920759826257447,27532.78188720703,2.691761768833377e-06,14.150842666625977,5.118039916851558e-05
731,0.9317599231950872,0.0025686539895929074,0.16211709355078824,20399.190263427736,3.0989427204168195e-06,3.503811836242676,1.0526751793804578e-05
732,0.8598600539225336,0.009918131286372292,0.6259693302859541,28298.653794433594,2.6458129272202118e-06,5.634964942932129,1.8354377971263602e-05
733,0.9813497511569569,-0.006992305428209137,-0.4413098213435587,47212.56892773438,2.1429007616624238e-06,23.3060245513916,4.576385981636122e-05
734,0.9213500359786728,0.008017467275202781,0.5060115132518982,57376.91410205078,1.9793489228167656e-06,17.892478942871094,2.738405419222545e-05
735,0.9180068009356253,-0.02074054187664919,-1.3090110156267742,54043.134545898436,1.940537950137196e-06,42.84606170654297,7.312068191822618e-05
736,0.8978073624458948,0.012654041834507964,0.7986425934330055,29136.704350097658,2.6510655571254657e-06,29.812698364257812,5.4382282542064786e-05
737,-0.06871552627985561,-0.033504364975407395,-2.1145823038387137,25686.564322753908,2.8197401574899503e-06,11.74185848236084,0.0001390945544699207
738,0.544754376669012,0.01909825164048647,1.2053601070449873,25098.381779785155,2.8307522768873045e-06,9.835378646850586,5.429769225884229e-05
739,0.9100876219244716,0.00956629633810118,0.6037637473408006,33496.76190771484,2.468600056245213e-06,20.246002197265625,4.7411351260961965e-05
740,0.4226082501623568,-0.028886368928454954,-1.8231237811282999,40070.412272949216,2.245413554938552e-06,14.497284889221191,7.746155461063609e-05
741,0.7995226014557119,0.009493932795370193,0.5991966210271297,69618.6257080078,1.7837880505279133e-06,12.20988941192627,2.0843890524702147e-05
742,0.4291064945120994,-0.025922972219865816,-1.636093039198523,31364.246747558595,2.657314415230167e-06,14.367351531982422,4.4483917008619756e-05
743,0.9436585533907811,-0.01203799724367236,-0.7597617792133444,37687.9030102539,2.3612450867255343e-06,31.32064437866211,5.4179337894311175e-05
744,0.8479666013031687,0.009891819025084044,0.6243086677980977,27561.526201660155,2.722089302258559e-06,15.66816234588623,3.5871453292202204e-05
745,0.9779834140446089,-0.00177159946293329,-0.1118120840839292,20558.682467285158,3.0380527226473284e-06,9.367565155029297,1.881701609818265e-05
746,0.8029531744555372,0.016595916240381436,1.0474286208277368,19379.25184765625,3.1793717959353716e-06,5.908370494842529,4.6924487833166495e-05
747,0.6957686089070052,-0.004610454850698813,-0.2909825703931738,20039.10653515625,3.173795402806188e-06,4.333789348602295,1.1939615433220752e-05
748,0.9495377213928664,-0.0029782946688412474,-0.18797100637399278,27548.58469873047,2.683322211013668e-06,6.798166751861572,1.4793295122217387e-05
749,0.7529889515038944,0.014999659310325885,0.9466830415829735,36956.979869140625,2.347712325875351e-06,9.181635856628418,2.5128769266302697e-05
750,0.6071817493697292,0.014467775829264465,0.9131139410319807,62503.691568359376,1.9466844717045997e-06,5.842601776123047,1.8140011889045127e-05
751,0.996378101441181,0.0007353523485727887,0.046410760643265964,38949.152492675785,2.4401267248831497e-06,10.467893600463867,1.866778802650515e-05
752,0.6816593167713199,-0.05069567434024687,-3.199588349749132,41738.82148681641,2.2043233577050403e-06,94.21717834472656,0.00019496802997309715
753,0.6565658107565877,-0.03554316463330769,-2.243258363833669,34820.31731982422,2.420900573417425e-06,8.018169403076172,9.500224405201152e-05
754,0.9284183363602393,-0.0027372456388166677,-0.1727575255746521,15747.257423339845,3.515858202835041e-06,3.6894617080688477,1.5525096387136728e-05
755,0.7163612945815931,0.0059137697653979405,0.3732395138384459,15774.39419970703,3.5360504690189495e-06,3.9469199180603027,1.8524082406656817e-05
756,0.9286227666824866,-0.009974180829310647,-0.6295068207509336,15067.462210205078,3.600897544024949e-06,9.69507884979248,4.333430842962116e-05
757,0.5443339847398403,0.008397805823012057,0.5300160620101135,16164.167334472657,3.487303086361012e-06,2.7047536373138428,2.039233731920831e-05
758,0.5575606474781917,-0.006942558561693365,-0.43817011570571435,16727.9465390625,3.4289266070814786e-06,2.910327911376953,1.4282990377978422e-05
759,0.01192524831640854,0.011835398282626138,0.7469750220812839,17400.001545654297,3.34507492134362e-06,3.2762739658355713,1.4561419448000379e-05
760,0.3634600718190429,0.00632810139345508,0.3993894894984354,18576.369628173827,3.2296976360274643e-06,2.0506179332733154,9.517553735349793e-06
761,0.6437585770838363,-0.004831945257867753,-0.3049616353840564,26143.305205566405,2.7333911876781992e-06,2.570801019668579,7.514801836805418e-06
762,0.9467850778464783,0.011830144847801016,0.7466434587066693,30731.88555029297,2.5651009026293547e-06,23.052366256713867,5.4112413636175916e-05
763,0.9115447508672823,0.013801486374503506,0.8710619907471138,50735.370935546875,1.9790720299066974e-06,21.969913482666016,4.3449221266200766e-05
764,0.6795538602897927,0.03378791433401383,2.1324781349166675,61744.94113671875,1.861031105009486e-06,21.601551055908203,5.7202629250241444e-05
765,0.9983867373707346,-0.008110181828693884,-0.511863065855999,42834.434393554686,2.2905185717973605e-06,94.48828887939453,0.0001532389724161476
766,0.6612592301425562,-0.028377895502406353,-1.7910321742739743,28813.159019042967,2.7164968190505587e-06,26.86043930053711,7.53249041736126e-05
767,0.1537393957731354,0.0063297871173095014,0.39949588166060096,41301.65605761719,2.1804853604725105e-06,2.95033597946167,9.329637578048278e-06
768,0.9187753885149845,0.0023316392430438653,0.14715823105125128,17052.50104199219,3.385933649870115e-06,3.7341058254241943,1.3716446119360626e-05
769,0.8916009541753367,-0.0030452263839107784,-0.192195310292467,15373.291892333984,3.5769936721957266e-06,4.015321731567383,1.2980090104974806e-05
770,0.2310979640126935,0.01593960319257538,1.0060063178625016,18905.863383789063,3.23108671215249e-06,4.037222385406494,2.8470689358073287e-05
771,0.7464556995634016,0.0029854648417465372,0.18842354205858547,16200.734872070312,3.490126698901257e-06,1.9290794134140015,8.822546078590676e-06
772,0.29402900312913205,-0.009154024764369464,-0.5777437892001608,18426.540887207033,3.2565675111898225e-06,2.0854101181030273,1.413326845067786e-05
773,0.43807386356569356,0.014572994975799187,0.9197547039728886,25060.496385253908,2.802341489184702e-06,2.5716447830200195,1.865376361820381e-05
774,0.4560526903267915,-0.007216056433801907,-0.45543156092106984,39520.55485058594,2.259954964719416e-06,3.2226552963256836,8.744399565330241e-06
775,0.7736960642795432,0.012046209741137405,0.7602800997910558,60807.824174804686,1.920038176463984e-06,11.915811538696289,2.166931335523259e-05
776,0.5871167048414861,0.024298247459258925,1.5335507516515212,54836.20294140625,2.032185662082361e-06,14.14295482635498,3.007814120792318e-05
777,0.7570472313775805,-0.02906900927339874,-1.8346508774236217,23839.886606445314,2.9088756771085824e-06,44.39519119262695,9.964734636014327e-05
778,0.817472133741569,0.003294362676838524,0.20791920766093472,39302.59496386719,2.2811101964174447e-06,6.908712863922119,1.5693585737608373e-05
779,0.9549968956556671,0.003133732649275482,0.19778126253052403,16042.941175292968,3.4487949825867157e-06,4.521397590637207,1.991056888073217e-05
780,0.9572379367631308,-0.0017396151803213012,-0.10979343970544504,17449.343967529298,3.3559452346339147e-06,4.281586170196533,1.3125490113452543e-05
781,0.8026908750207971,-0.002585016777980974,-0.16314980862514525,20025.356848754884,3.1334511994155504e-06,2.1175832748413086,7.218829068733612e-06
782,0.3394611499147996,0.004003174804679554,0.2526549184669468,21792.555587402345,3.0317994233367986e-06,2.406144857406616,7.1669223871140275e-06
783,0.922150186992524,-0.007336268764130987,-0.4630185982102012,29045.91035961914,2.6352378048234805e-06,8.725759506225586,2.262149973830674e-05
784,0.9858446307798857,0.003095176701515694,0.1953478564683461,38210.59328417969,2.2932771967880066e-06,9.984310150146484,1.9264220100012608e-05
785,0.7788715449923218,0.008742270069050189,0.5517564531356289,79502.24479296875,1.6506340202517908e-06,10.329434394836426,1.56416335812537e-05
786,0.9089655242578498,0.009380392458449169,0.5920306775030154,39241.159962890626,2.345325842314382e-06,20.10393714904785,4.161274773650803e-05
787,0.25570353511507715,-0.07076676217928479,-4.466347686760143,40935.23043017578,2.2629790146672173e-06,42.611328125,0.00012898568820673972
788,0.42708361902773406,-0.012624604894523805,-0.7967847211105377,21469.97064404297,3.000782504413429e-06,13.05321979522705,4.1247949411626905e-05
789,0.8424971898246895,0.01204096489435789,0.7599490784392275,16356.002368652344,3.479396130082334e-06,11.0722017288208,4.966360575053841e-05
790,0.9977139012729952,-0.0005149681890810505,-0.03250151496588444,19440.733796875,3.2083982268800352e-06,4.4027934074401855,1.1575093594728969e-05
791,0.52314307939142,-0.001936961645084243,-0.12224869269767916,17893.68305493164,3.3210666482418935e-06,0.9972938299179077,3.627819069151883e-06
792,0.4926789364252854,-0.0103154750995981,-0.65104714318,17425.174545654296,3.3764258335906424e-06,2.6012909412384033,2.101813515764661e-05
793,0.9569022835152253,0.0017755117962213092,0.11205900566395727,20614.96414135742,3.0877521483343556e-06,3.530165433883667,9.312358997703996e-06
794,0.7188797862209614,-0.007968670359693468,-0.5029317624763308,26514.60391772461,2.744650463069525e-06,5.081745624542236,1.5243970665324014e-05
795,0.8670147007129395,-0.02729035046570803,-1.7223932524225107,43025.58440576172,2.1915358543299104e-06,32.686553955078125,6.417996337404475e-05
796,0.5229178682884804,0.034678917098736065,2.1887125593069205,80578.55329492188,1.6042298161311374e-06,29.722803115844727,4.485391764319502e-05
797,0.8090439947343656,0.02914286188073044,1.839311984018855,90036.49548730468,1.5595658999040598e-06,53.517845153808594,7.455402374034747e-05
798,0.9406203492655039,0.005358499279091905,0.33819437434547195,38583.401193847654,2.3328858125144047e-06,15.86490249633789,3.9741600630804896e-05
799,0.9503385087036121,-0.10861944155077842,-6.855367923693252,48845.65894140625,2.063667486524313e-06,169.8921661376953,0.0004262839211151004
800,0.3213398022896327,-0.008813915599762483,-0.5562782630999293,39199.620267578124,2.2852569588416266e-06,12.250703811645508,1.4500410543405451e-05
801,0.920849574505304,-0.004081762038720303,-0.2576148445700733,16204.541479492187,3.468398190306628e-06,9.162765502929688,3.0303646781248972e-05
802,0.9992448150610838,0.00032191559406624393,0.020317263707038194,21837.01217871094,3.0164361834253737e-06,14.739607810974121,3.8536472857231274e-05
803,0.8802245342096284,0.015551667804945345,0.9815223049191909,27218.198561523437,2.723803509361667e-06,23.522836685180664,4.9324364226777107e-05
804,0.8246655638630604,0.0187980495311329,1.1864132603138204,31059.71926171875,2.535785486121288e-06,16.53558349609375,4.4558648369275033e-05
805,0.9837270315233261,0.003982083106329135,0.25132374468936775,56940.67413867188,1.9671409925718877e-06,16.446672439575195,2.6335583243053406e-05
806,0.6190750650989777,0.07386463618290628,4.661865779772451,57956.375458984374,2.0161892709650332e-06,74.29995727539062,0.00017926334112416953
807,0.8816495383104106,-0.06529351269043002,-4.120911009416107,59600.29485058594,1.8971171329950726e-06,103.18186950683594,0.00018797218217514455
808,0.20583214586370535,-0.017143003590321903,-1.0819572928287515,59178.702810058596,1.903846477172717e-06,11.477160453796387,3.051972817047499e-05
809,0.9954053157686982,-0.00021375882918115696,-0.013491096990124664,27705.785839355467,2.6604898548437965e-06,5.223708152770996,1.1062737030442804e-05
810,0.748408508345546,0.006983632556199124,0.4407624448542775,23448.427708496092,2.8900318292811883e-06,3.9337046146392822,2.1510715669137426e-05
811,0.714541324698857,-0.01697564946481968,-1.0713949654268995,28040.355731201173,2.639328356191924e-06,12.115948677062988,3.685447882162407e-05
812,0.9308216011078075,-0.003255076752622184,-0.20543973013020705,28138.4137277832,2.6730194826997282e-06,4.883545875549316,1.2594196050486062e-05
813,0.6872812222981927,0.038642357353873724,2.4388596858675307,36632.438283203126,2.368822463563411e-06,14.873011589050293,5.369086647988297e-05
814,0.71159829588525,-0.01751880611066119,-1.105675556399207,44656.449377685545,2.1464478169754886e-06,9.346540451049805,2.0835026589338668e-05
815,0.9383084581817693,0.013033715355435838,0.8226051699265317,65317.86361035156,1.8416699612450029e-06,25.742921829223633,4.726907718577422e-05
816,0.9360273399474098,0.0192252292820526,1.2133741277266503,88652.20673339843,1.6090691544592063e-06,39.86529541015625,5.6301229051314294e-05
817,0.9737498770922282,-0.02416788253592133,-1.5253229473002576,60471.63995654297,1.9263253292449725e-06,105.83502197265625,0.0001353892293991521
818,0.9834057070388235,0.0013770581607425775,0.08691114785193847,48172.83424169922,2.068528740607553e-06,14.651962280273438,2.6924089979729615e-05
819,0.9531513219389764,-0.0030435488591859503,-0.19208943560718417,25102.730267089843,2.8314518728958494e-06,13.707850456237793,3.201022991561331e-05
820,0.901136072464748,0.013404023878227431,0.8459766873342044,29001.33260107422,2.632069820876496e-06,17.38233757019043,6.500895688077435e-05
821,0.6526550856836781,0.011385184653875184,0.7185604028815894,36579.31324609375,2.3094135035680985e-06,6.379728317260742,2.206537828897126e-05
822,0.030883938631558853,-0.018765154221301966,-1.1843371176948259,34142.574264160154,2.4103329804753763e-06,6.344871520996094,2.0808174667763524e-05
823,0.9350009906564212,0.012206351755730229,0.770387244648379,61606.96808203125,1.8455557897075279e-06,20.023059844970703,3.667641067295335e-05
824,0.7675025235086992,0.012533741206463517,0.7910499833539846,66387.34375683594,1.8527944001541863e-06,13.988322257995605,2.368571404076647e-05
825,0.952659088534665,-0.01858400666110321,-1.1729042364729012,50868.15241503906,2.087438391178546e-06,54.27385711669922,9.382228017784655e-05
826,0.3438005610696721,-0.027656749245919734,-1.7455180117591662,48080.99123828125,2.0840831166115436e-06,13.124638557434082,3.3447882742621005e-05
827,0.41665366034963713,0.010980367841960213,0.6930109418665805,26227.090161621094,2.7409443895935192e-06,4.8260698318481445,3.306420330773108e-05
828,0.8165983296559499,0.010771599602146121,0.6798348191184411,19815.620314941407,3.178150276966595e-06,4.698071479797363,3.33918105752673e-05
829,0.802937203028545,-0.004945252418243497,-0.3121128622885099,22554.30734057617,2.984550283732005e-06,4.8913445472717285,1.3482045687851496e-05
830,0.885369291784016,0.004075882494212093,0.2572437651366675,20151.563876464843,3.109715610126439e-06,3.1954972743988037,1.119362423196435e-05
831,0.9563125533819291,0.00199431955163202,0.1258687587475861,18580.222350585937,3.2548163669246796e-06,3.3793020248413086,9.67291089182254e-06
832,0.9799933731400421,-0.001832690161347291,-0.11566774020187727,23133.130106201173,2.918767119257528e-06,4.206478118896484,1.0907035175478086e-05
833,0.9932531370928336,-0.0019750524790807925,-0.12465274373898924,39453.743682373046,2.3345655024423e-06,12.380152702331543,2.4542005121475086e-05
834,0.6235622783435569,0.03023046692799119,1.9079546933551261,75247.05005908203,1.7409633186436898e-06,8.535806655883789,3.666778138722293e-05
835,0.6680773980025388,0.014103910071885661,0.8901490499770135,45156.450854492185,2.278388052131159e-06,12.8300199508667,2.953292460006196e-05
836,0.848845500545954,-0.17624652245422698,-11.123558908469931,35496.904657226565,2.4529508139941755e-06,199.40333557128906,0.0005200178129598498
837,0.7813186278572475,-0.009197007665655716,-0.5804565963969027,31952.5728984375,2.5103030242597828e-06,18.674585342407227,3.821469726972282e-05
838,0.9310623155170645,-0.006478623520415212,-0.4088894882669448,16643.677149169922,3.416321996038144e-06,15.081204414367676,3.631541767390445e-05
839,0.9864339373918241,-0.0020468011785941716,-0.12918106506147356,16785.214595703124,3.4353223992541264e-06,7.172540187835693,1.9881359548890032e-05
840,0.9132959466052274,-0.004828351250291005,-0.30473480449717844,15626.695024169921,3.576378530902146e-06,7.147328853607178,2.186911297030747e-05
841,0.775382319927149,0.01314321839965463,0.8295163052276032,14295.239557373046,3.7081653639563613e-06,5.966409683227539,3.6500143323792145e-05
842,0.6699806430025241,0.012686249581431979,0.8006753414567936,14866.138134521485,3.638384937107763e-06,5.615977764129639,3.043332981178537e-05
843,0.6328413674770582,0.016198410149295153,1.0223405659878337,14550.570020019532,3.6280380770170984e-06,4.767440319061279,2.9150047339498997e-05
844,0.3787425282954374,0.011383610375054271,0.7184610444207308,15351.397257324219,3.590224616364477e-06,2.575139045715332,1.946694465004839e-05
845,0.23308677147173773,0.02210411784820609,1.395071253494597,17620.735360351562,3.321060790580691e-06,4.615654468536377,3.1059949833434075e-05
846,0.6002767302529388,0.0207661902968976,1.310629780692715,21534.737587402346,3.0544557241672827e-06,7.230360984802246,3.5334403946762905e-05
847,0.7385884216446366,0.021565501827430576,1.3610772378810516,43332.547771972655,2.2011020560019306e-06,16.63542938232422,3.238128192606382e-05
848,0.45399962491659923,-0.09680220986243276,-6.1095394614352845,61919.87480761719,1.921420859963311e-06,45.7588996887207,0.00011389386054361239
849,0.6872199397329483,0.10021281271524048,6.324795009279953,73456.86125585937,1.6733645425160183e-06,47.77884292602539,0.00018156901933252811
850,0.3756415627666949,-0.13746094305950476,-8.675659958813334,30428.748448242186,2.636346648283825e-06,36.148094177246094,0.00029783532954752445
851,0.686350788227891,-0.09070953412183788,-5.725008540955343,36385.99912890625,2.3653139485425977e-06,41.99277114868164,0.00028341467259451747
852,0.8679815912680021,0.01650551908960135,1.0417233279353835,34501.34248535156,2.385320708111003e-06,17.972822189331055,8.605195034760982e-05
853,0.8523967390690362,0.018967013902794982,1.1970772162060788,25226.745963867186,2.8044475723512353e-06,45.939151763916016,0.00010075920727103949
854,0.7777229042323125,0.024500116492343984,1.5462914403757522,33864.9374921875,2.4271045715611494e-06,29.02321434020996,0.0001140029780799523
855,0.9490494934499484,0.010789519363817529,0.6809658004382536,43723.56903466797,2.1548744185876423e-06,31.54559326171875,6.31301081739366e-05
856,0.7195963973592263,-0.017247305915021202,-1.0885401918098327,74172.87399365235,1.745301459100887e-06,24.134366989135742,3.2678726711310446e-05
857,0.9501290837976887,0.02099424330758972,1.3250230354552113,58034.26590136719,1.9552251231687045e-06,72.42064666748047,0.00011429986625444144
858,0.9896556310159785,-0.016777540693117033,-1.058891600471762,43037.42019580078,2.244111932885386e-06,89.46881866455078,0.0001693491794867441
859,0.6196571364098329,0.02549731489631695,1.6092282577129926,46704.45406298828,2.1415318842937085e-06,32.66553497314453,5.4838412324897945e-05
860,0.8874024131047581,0.009751494894135935,0.6154523016403682,25329.58809814453,2.7566663039494355e-06,17.55503273010254,6.359606777550653e-05
861,0.8318742275896304,-0.013772595209005794,-0.8692385642370583,24126.10813378906,2.868523491020584e-06,17.774168014526367,6.082995605538599e-05
862,0.9618240428526506,0.007450763857903317,0.4702447999109359,29193.17602001953,2.634590741441135e-06,19.01555061340332,4.336513302405365e-05
863,-0.04802095595576913,0.022531517723715262,1.4220460137706967,27635.571908203125,2.6825712960636067e-06,9.566011428833008,2.4951648811111227e-05
864,0.39006971799036205,-0.0257173482862569,-1.6231153650484749,29925.985322265624,2.6144756201943303e-06,8.335540771484375,3.61334859917406e-05
865,0.9117521068851135,-0.01524410292079461,-0.9621107666976867,61293.16012988281,1.8959363912819067e-06,22.23407554626465,3.409334385651164e-05
866,0.8200276496487505,0.024699250791795982,1.5588595301162262,41627.663268066404,2.356263552097584e-06,21.879846572875977,8.628517389297485e-05
867,0.6351175403815404,-0.12481498182619717,-7.877527361505169,53438.166482421875,2.009793009255587e-06,82.46937561035156,0.00019246032752562314
868,0.9706613459590573,-0.0069181725424119,-0.43663102535520315,33446.9824165039,2.4495350299667207e-06,35.04164123535156,6.423947343137115e-05
869,0.7907321385819934,0.02005380572006583,1.2656685996405803,17076.861299316406,3.3738606853670215e-06,16.27065086364746,7.265897875186056e-05
870,0.666624529838097,0.008519421299604979,0.5376916569621463,15525.269129882812,3.574273360920162e-06,4.029331684112549,2.0757379388669506e-05
871,0.8418491755044605,0.00633600100158577,0.3998880624925118,17027.575694335937,3.427721641700102e-06,4.437500476837158,1.871294080046937e-05
872,0.7272404972597475,0.013411040840165363,0.8464195533175338,16314.85458203125,3.500592203159174e-06,6.342566013336182,3.4426870115567e-05
873,0.27204023367846697,-0.02732595563735964,-1.7246404242747426,17652.286917236328,3.3163445194972974e-06,4.167405605316162,3.788091635215096e-05
874,0.4297520349328837,0.011322678062971757,0.714615384640095,19339.556826904296,3.1997169629559817e-06,2.3658857345581055,1.610552499187179e-05
875,0.6706344683338761,-0.026771422897058864,-1.6896418466147893,20502.603549316405,3.092580495708375e-06,11.30451774597168,4.271528450772166e-05
876,0.8432737732079698,-0.00864413229474545,-0.5455626213457937,20083.606932861327,3.1559278360765543e-06,6.784753322601318,2.295985905220732e-05
877,0.9836189241269276,-0.004173548333837548,-0.26340781141282077,22517.586136230468,2.9776720916927022e-06,11.881613731384277,3.1085379305295646e-05
878,0.5472841850052556,-0.033059669308689664,-2.0865159432876244,52447.34421923828,2.018698066856128e-06,19.179542541503906,4.263146547600627e-05
879,0.899431869717111,-0.02596848325808477,-1.6389654063100252,73634.27845605469,1.7640017724265917e-06,37.7803840637207,6.343892164295539e-05
880,0.6609866181019648,-0.09788022582259173,-6.177576968616248,56205.61140332031,1.9284915299189917e-06,62.54482650756836,0.0001805432402761653
881,0.6345674405155791,0.02697337810087992,1.7023879738875078,59538.822671875,1.8440102082882964e-06,20.403406143188477,5.793205855297856e-05
882,0.9883498964448938,0.0013304244225745344,0.08396792306423176,62385.96143847656,1.8423052890656844e-06,54.03675079345703,8.019143569981679e-05
883,0.9841030161044573,0.007783258621508971,0.49122975347610953,70355.33724609375,1.673635511461432e-06,142.46218872070312,0.00021587725495919585
884,0.4915994459860691,-0.06255750604288333,-3.948231681085787,39441.28696533203,2.242544889088126e-06,42.669288635253906,0.00021298947103787214
885,0.9206070089228048,0.010613923777143739,0.669883324453852,28512.58752685547,2.6356751923800525e-06,32.89166259765625,7.839683530619368e-05
886,0.35371676234755706,0.03415448798008961,2.1556139306738604,25304.17570263672,2.8103785595721187e-06,17.10821533203125,8.87470378074795e-05
887,0.9553558712508526,0.004648454638829646,0.29338087519883294,23778.377869140626,2.8829533054150454e-06,11.003898620605469,3.0840266845189035e-05
888,0.9073623070725017,-0.008425837486963484,-0.5317852422522207,22783.93394921875,2.961230797681471e-06,12.016620635986328,3.238772114855237e-05
889,0.9990877008787207,0.0006633859644771402,0.041868700455239154,35724.00279492188,2.3695196528439693e-06,26.71302604675293,5.5239073844859377e-05
890,0.9436265661192251,-0.011715360420003077,-0.7393989960834874,58015.38906689453,1.941515762594545e-06,39.95420837402344,5.615855479845777e-05
891,0.8372592370043578,0.04580025493734989,2.8906206302644346,37350.35212890625,2.37535120258311e-06,42.742313385009766,0.00017791402933653444
892,0.7723160594554358,-0.09434389281916697,-5.9543861337799004,39423.69947998047,2.3162604939421445e-06,71.5457763671875,0.00021600472973659635
893,0.34625976944173525,0.022442512385409834,1.4164285632245968,30263.74234375,2.586975322333369e-06,12.35873031616211,5.253864947007969e-05
894,0.45885495409630483,-0.009231226869459761,-0.5826162947785495,17796.40185644531,3.3356474396615434e-06,10.74514102935791,1.992735269595869e-05
895,0.6782661162906797,-0.010551939582539142,-0.6659712765423401,17074.114532226562,3.400429380794906e-06,8.57334041595459,2.5165662009385414e-05
896,0.995538121224414,0.0007303364386292337,0.04609418832762664,19953.5226628418,3.167045359908816e-06,4.946831226348877,1.3134613254806027e-05
897,0.9216471310176734,0.012437523066423373,0.7849773066628575,17727.132944824218,3.3260638481538465e-06,14.09603500366211,5.770381903857924e-05
898,0.8638959412845058,0.012208632395244489,0.7705311841010989,19642.415858886718,3.1613347810764083e-06,10.200531005859375,3.29711074300576e-05
899,0.951223791433694,0.006647875382893362,0.41957158874999345,26071.766819091798,2.7727027922212566e-06,11.22716999053955,2.9168872060836293e-05
900,0.9954518417328738,-0.001348477443068528,-0.08510731483290002,42877.915926757814,2.186396682957828e-06,7.955934047698975,1.5577194062643684e-05
901,0.9772929593967256,-0.009997991303833772,-0.6310095863789213,64961.65023828125,1.8816242343049197e-06,52.06537628173828,7.638712850166485e-05
902,0.7698222635580677,0.033050201341757186,2.0859183854666226,54859.64708447266,1.9746848235364493e-06,22.326419830322266,7.454345177393407e-05
903,0.9349630153885121,-0.03635673737552827,-2.294605897948938,53441.156114746096,1.9711995222938667e-06,80.1483383178711,0.00012175842130091041
904,0.707762703504658,-0.005064745150021603,-0.31965448309644934,43527.05893652344,2.154860643682115e-06,8.296107292175293,1.6050324120442383e-05
905,0.9909608473470783,-0.0016839482493417077,-0.10628009727245574,18312.90832421875,3.243468113164257e-06,9.117691993713379,2.302735265402589e-05
906,0.9529493076251401,0.0020564447576740187,0.12978970640366527,14486.823076416016,3.6825914239759895e-06,3.777431011199951,1.3250385563878808e-05
907,0.936446394904387,0.004996489789063703,0.315346639072853,17864.1922265625,3.345976047053733e-06,6.712732315063477,2.6897667339653708e-05
908,0.17743369363406247,0.007669688675421867,0.4840619412098575,15768.76186328125,3.5281558346270894e-06,2.6684529781341553,1.4844547877146397e-05
909,0.8808354957970669,-0.0039034740245581724,-0.24636243969654373,17835.006892333986,3.306925619534663e-06,4.188755035400391,1.4828300663793925e-05
910,0.8695490838845704,0.013017563815039582,0.8215857874810881,17135.377177001952,3.3757797614597294e-06,10.119597434997559,3.45172084053047e-05
911,0.8881877523558934,0.007756270324424349,0.4895264239109089,21602.546106933594,3.0025119234115426e-06,5.87761116027832,2.1523528630496003e-05
912,0.7718715550699199,-0.005760301071878879,-0.36355354653995026,33746.11651367188,2.460842284907112e-06,4.6696858406066895,1.1449404155428056e-05
913,0.7606380330829938,0.016844058005388223,1.063089749922761,71480.55444970704,1.7324574446353488e-06,17.0684757232666,2.7042606234317645e-05
914,0.9612787856625252,-0.008821396170272748,-0.5567503891060551,56589.535381835936,2.0425983000575795e-06,27.367290496826172,4.161777178524062e-05
915,0.9793979706764313,-0.009125371717709716,-0.5759353912358287,48909.937676757814,2.112762515407694e-06,45.15578842163086,7.110051956260577e-05
916,0.11831562225068169,-0.08694205665110429,-5.4872293382881105,39526.97107373047,2.2665733327831796e-06,32.517372131347656,0.00015315762721002102
917,0.7026366574998876,0.017278450386112518,1.0905058326294825,19280.166060058593,3.2070664653556577e-06,13.123523712158203,6.554718856932595e-05
918,0.9791676690169322,-0.002829408009880874,-0.17857422793791836,16589.183625976562,3.4617036216174567e-06,9.219230651855469,2.6968016754835844e-05
919,0.9055354998039846,0.006231441519706985,0.3932889333867456,15438.383955566405,3.5736965725380574e-06,6.76323127746582,2.662802035047207e-05
920,0.6911436505328816,0.01891874385869035,1.1940307182006964,14811.65015576172,3.6977317155211854e-06,5.596423149108887,5.040084579377435e-05
921,0.7146756678773006,-0.00711161995953926,-0.4488401952732445,14209.369543945313,3.7131617227359735e-06,4.215569972991943,1.6898196918191388e-05
922,0.22097724241594602,0.015324445134458273,0.9671814559463596,14776.2048782959,3.6517993017547993e-06,3.9649858474731445,2.653174306033179e-05
923,0.4820984478135842,0.014908828749109771,0.9409503945820137,14300.15219873047,3.7287518135720863e-06,3.1064631938934326,3.167248360114172e-05
924,0.5969009591434405,0.02034484227496742,1.2840369749020366,15913.214618164062,3.5348383194957694e-06,3.894990921020508,3.90009990951512e-05
925,0.6144127506353226,0.005926225088871606,0.3740256145935364,18805.41646899414,3.2414043588798092e-06,3.1416451930999756,1.1009412446583156e-05
926,0.957718197869652,0.0026384093928959918,0.16651961070131785,25942.075568359374,2.7897501830574803e-06,4.7536702156066895,1.2392686585371848e-05
927,0.8646555760299593,-0.018456138032706366,-1.164833982372501,48534.98795556641,2.1045544263272658e-06,19.965930938720703,4.240024645696394e-05
928,0.8916333842014242,0.05398049652948384,3.406905422545937,67037.29278076172,1.828006095217782e-06,85.44847106933594,0.0001398419262841344
929,0.709893531864422,0.03558464940461452,2.2458766185998345,75451.86034667969,1.6607200489257576e-06,29.599790573120117,5.9664311265805736e-05
930,0.9961448369002176,-0.011107259040001037,-0.7010195067830316,36090.406572753905,2.4575104326648996e-06,69.16110229492188,0.00014132942305877805
931,0.8414171647656336,-0.006513923728263071,-0.4111174127445972,55806.518296875,1.9210610529360416e-06,18.703285217285156,3.037054011656437e-05
932,0.6783212549962595,0.009381606822678136,0.5921073204452373,25174.242431640625,2.7894443619200224e-06,5.591597557067871,3.461161759332754e-05
933,0.8468409400947637,0.004481589782476654,0.28284942735209356,25998.177831298828,2.782791830415793e-06,4.188457012176514,1.2631409845198505e-05
934,0.8712733680386211,0.008223128052146415,0.5189915127187719,24415.98935961914,2.8723374388571474e-06,6.836262226104736,2.360361031605862e-05
935,0.5260112632825227,0.00974566621168268,0.6150844322961977,21744.00010498047,3.0158038868733396e-06,4.618843078613281,1.5008463378762826e-05
936,0.7951896058015067,-0.010537185635035562,-0.6650401012663504,24028.747349853515,2.854185618830166e-06,5.746947288513184,1.827430969569832e-05
937,0.9733279941638294,0.0031267591716498573,0.19734114100026418,35190.677106933595,2.4076791481320177e-06,5.6176629066467285,1.1553277545317542e-05
938,0.8824852515764113,0.009085062966066135,0.5733913593469118,70054.49034033203,1.7773656243355495e-06,10.834268569946289,1.639883703319356e-05
939,0.7046831397638679,0.041952500902564964,2.6477748817342817,72244.82024267578,1.8458148471616138e-06,40.35557174682617,6.867169577162713e-05
940,0.627417815702836,-0.026161863604915632,-1.6511703431777702,42084.17437597656,2.2868923077530595e-06,22.404523849487305,6.300499080680311e-05
941,0.11506113577870507,0.05301308936432058,3.3458488386183634,45480.428162109376,2.1411363167274477e-06,25.775671005249023,0.00010155123891308904
942,0.9182733063723593,-0.0022415926592549667,-0.14147506371646074,25812.129165039063,2.737955149569764e-06,6.825850963592529,1.576415161252953e-05
943,0.8573653803754783,-0.004764025768656974,-0.30067498944773446,28787.872466796875,2.639765919319527e-06,9.408673286437988,2.2594174879486673e-05
944,0.6602566781922545,0.01551037259647817,0.9789160141531336,35269.75978662109,2.3702225634469556e-06,11.766315460205078,2.9756602089037187e-05
945,0.9122442528248764,-0.0012374962012380397,-0.07810288510545847,28321.377329589843,2.6332388767141894e-06,1.7614123821258545,3.877978087984957e-06
946,0.872619941263499,0.004493707771984575,0.2836142377339755,40892.54737988281,2.262278512550957e-06,3.5265464782714844,9.095372661249712e-06
947,0.9961087061103365,-0.0015525598910994106,-0.09798770022289176,66497.16234228516,1.8463502603191358e-06,13.106295585632324,1.7721047697705217e-05
948,0.9585689266493429,-0.008683747167764695,-0.5480628600316128,42212.639189453126,2.2928063539356e-06,23.31491470336914,4.523704046732746e-05
949,0.8622018770469994,0.01813708070169558,1.144697114040251,50455.34324609375,2.043391451257719e-06,26.00581932067871,4.357764919404872e-05
950,0.9933882953487709,0.0007119246265125763,0.04493215191499609,27325.073460449217,2.6924921088667873e-06,5.569740295410156,1.3312531336850952e-05
951,0.9402818241310616,0.002078259261477,0.13116649906165673,18124.893512939452,3.2819914212366633e-06,3.5798022747039795,1.1369193998689298e-05
952,0.9778968053116837,0.0013650960641426253,0.086156176438344,21114.83477368164,3.0726742714443096e-06,3.710526466369629,9.651854270487092e-06
953,0.7594610166425458,0.007981367444332194,0.5037331216576523,18641.3021015625,3.287600800569095e-06,4.2330498695373535,2.0166020476608537e-05
954,0.5434707376795288,0.009139391668287537,0.5768202412968375,18246.248638671874,3.269036904089415e-06,1.479756236076355,1.4138334336166736e-05
955,0.9120019914632991,-0.0020771574605309485,-0.13109696039752794,22256.276517333983,2.9858994036811938e-06,1.9752297401428223,5.919457635172876e-06
956,0.8997233076502058,0.004253645762625869,0.2684630513979118,29417.302505859374,2.605130116951498e-06,3.7029170989990234,9.425076314073522e-06
957,0.6121452643630734,0.016033395984858485,1.0119259220375119,62180.37334863281,1.9017815285973158e-06,9.574432373046875,2.0661802409449592e-05
958,0.9959335140932402,0.0015559922522901078,0.09820432901855938,66177.36406347656,1.9063831511362608e-06,25.474939346313477,3.428423951845616e-05
959,0.9475546944876418,0.009065089069502914,0.5721307341047294,40194.283596679685,2.3181760072777688e-06,13.718417167663574,3.9516726246802136e-05
960,0.7554274568047246,0.007579964522197187,0.4783991236404129,48131.63714013672,2.0716564298805304e-06,11.370264053344727,2.4844975996529683e-05
961,0.6787261914246676,-0.0066427891233837005,-0.4192505764174285,21824.602126953127,2.980853303252237e-06,8.101428031921387,2.4026023311307654e-05
962,0.7292196300229438,0.004440652818084897,0.2802657466723009,25973.884135253906,2.7520568546555953e-06,4.125488758087158,1.3379160918702837e-05
963,0.9252968546235135,0.006041461122392008,0.38129857969601394,31874.435437988283,2.5087640304999533e-06,11.071494102478027,2.2309734049485996e-05
964,0.71653075074348,-0.058173441544718985,-3.6715374290529392,26047.895750976564,2.750559506638858e-06,18.472593307495117,0.00011075264046667144
965,0.9240441409934765,-0.008670129813669486,-0.547203419298563,25270.528319824218,2.8105122440558453e-06,9.978571891784668,2.6118501409655437e-05
966,0.6495478306541485,0.022679606003347123,1.431392403584242,27411.1241796875,2.6980645153404418e-06,9.685335159301758,3.1255265639629215e-05
967,0.9449861824545795,0.02082526935461601,1.314358474851536,48556.27581201172,2.0820620170898733e-06,42.03461456298828,7.547303539467975e-05
968,0.20954454284419896,0.043797268268837,2.7642048582546943,88288.42326953125,1.5446881385975773e-06,17.642885208129883,4.848765820497647e-05
969,0.8990424448436993,-0.026507662727234545,-1.6729949831993096,69926.88826611328,1.7370378626643603e-06,47.339176177978516,6.441755249397829e-05
970,0.9423096147993829,-0.02326778655733334,-1.4685146171177395,26725.106768554688,2.753196071421695e-06,49.21706771850586,0.00011813786113634706
971,0.9900440332295367,0.0024911752246304093,0.15722712696186067,62201.11684863281,1.8243774734964996e-06,28.805131912231445,4.732917659566738e-05
972,0.9067844598843977,0.00795969218544633,0.5023651172527094,19044.765934082032,3.182004143611307e-06,13.861201286315918,5.4548454500036314e-05
973,0.9437734353563811,0.01812082682680823,1.143671272892961,32246.83427001953,2.4710548626869724e-06,30.47187614440918,0.00010027730604633689
974,0.9042090699856212,-0.02996072500072703,-1.8909302994764536,33059.36126269531,2.4442684451957157e-06,51.292274475097656,0.00012771844922099262
975,0.9474557230464361,0.004628757299176813,0.2921377044688952,32926.80032910156,2.4587753917650294e-06,12.167177200317383,2.4348284568986855e-05
976,0.40899972945134716,0.009694258391741525,0.6118398978480362,43277.54603857422,2.1862843542398394e-06,4.841650485992432,1.4601324437535368e-05
977,0.9949478395240724,-0.0019019201382294137,-0.12003709578039826,55547.2528203125,2.010001211178218e-06,26.546287536621094,4.0966533561004326e-05
978,0.7354993835376141,0.024181992346022523,1.5262134687225384,32885.48284472656,2.576785244509443e-06,26.67542266845703,6.470039079431444e-05
979,0.005364036165073332,0.03361239990457031,2.1214007810601756,27944.566967773437,2.7290532517932394e-06,15.5601224899292,5.242871702648699e-05
980,0.5097540141173442,0.01481019951790638,0.9347255451602444,32038.27126660156,2.480731448266617e-06,8.941923141479492,4.341400563134812e-05
981,0.7558366861505191,-0.004459957390553428,-0.2814841284370378,17311.336276123046,3.3900369245777077e-06,4.965382099151611,1.3039390069025103e-05
982,0.6768863304537187,0.007889236731498035,0.4979184173604015,14788.58385522461,3.66816530430114e-06,2.5574874877929688,1.8615126464283094e-05
983,0.622772281328226,-0.008964549034857008,-0.5657852869295443,14267.029498779297,3.710935351894763e-06,2.7228996753692627,2.0034058252349496e-05
984,0.3873256298343304,0.004564327960410221,0.28807133461816475,14668.995177001952,3.6570938067054453e-06,1.1851369142532349,9.013136150315404e-06
985,0.7932035703297162,-0.009219130992119271,-0.5818528799759595,17025.509998535155,3.4252830981153226e-06,4.388281345367432,2.266786395921372e-05
986,0.9422083330401396,-0.0011624733373281763,-0.07336791936223241,17111.482634765624,3.3930560307141683e-06,1.3888438940048218,5.306987077347003e-06
987,0.7941573072083193,-0.0023462230414791267,-0.14807866760083488,20456.04510913086,3.0787578329240532e-06,1.056437373161316,4.773693035531323e-06
988,0.6659083577957856,-0.00876564959716967,-0.553232020169054,32021.437950439453,2.4879292505915356e-06,2.5128135681152344,1.1892328075191472e-05
989,0.9799447490792074,0.006567835308793713,0.41451996862786045,73618.4889951172,1.7561989652675353e-06,25.550500869750977,3.357953028171323e-05
990,0.7728828736320609,0.015255147118869135,0.9628078061976331,69081.30551708984,1.8540048440849724e-06,16.307300567626953,2.734368717938196e-05
991,0.4419787393583864,-0.012202490933778431,-0.770143574136088,33573.454822753905,2.4925293781501975e-06,11.657081604003906,1.7592434232938103e-05
992,0.9951247014206266,-0.002526763491228428,-0.15947323187468926,45445.463252441405,2.1566005280649776e-06,17.346376419067383,3.231142181903124e-05
993,0.3554409606183475,-0.010756901608070737,-0.6789071752667656,19146.931239257814,3.2127456315766785e-06,6.187623500823975,2.8733165891026147e-05
994,0.34983210811672866,0.011215948660595927,0.7078793039613874,18837.89817211914,3.255876511687003e-06,3.0496938228607178,2.223249430244323e-05
995,0.9718535141505497,-0.001433517911733999,-0.09047452803876586,19806.15502758789,3.176393515754059e-06,3.4819979667663574,8.844564035825897e-06
996,0.9986274676449426,1.1614470936335053e-05,0.0007330314939098326,19520.36527246094,3.20606919223246e-06,3.5782182216644287,9.23818788578501e-06
997,0.8780202965734024,0.0029503677495621096,0.18620843694903152,20938.091963134764,3.059307237093932e-06,2.282893657684326,7.5184370871284045e-06
998,0.49766704832893244,-0.007942021727089117,-0.5012498703715847,29825.68065185547,2.6132852027027044e-06,3.7466516494750977,1.0554616892477497e-05
999,0.8100309711816,-0.0894402114140328,-5.64489696929131,68384.16347167968,1.7853007267575998e-06,75.20452880859375,0.00013759358262177557
