state_idx,cos_sim,mean_A,mean_safe_delta,mean_sigma_i,mean_alpha_i,v_unbiased_norm,v_intentional_norm
0,0.6051411682070985,-0.028904658571991083,-1.6865623299902273,42445.17814794922,1.7696529094927505e-06,29.507415771484375,9.692017192719504e-05
1,0.8512976513851979,-0.017442508907520016,-1.0177556116317001,36284.97954785156,1.880018650817501e-06,30.105667114257812,6.502299220301211e-05
2,0.9584347252846854,-0.008320697155770001,-0.4855056269641253,40765.95873681641,1.7593089226899579e-06,24.80715560913086,4.1629562474554405e-05
3,0.9806671109371001,-0.004598328156170359,-0.2683085506723604,65864.53608789062,1.4098341373310574e-06,42.57939529418945,5.425359631772153e-05
4,0.7750976984482091,0.02971664047374941,1.733940785775429,78732.436046875,1.2720178978717785e-06,74.62631225585938,0.0001297005219385028
5,0.36202673985360745,0.041903117478695746,2.4450113905585256,68478.95292382812,1.3897646160377258e-06,29.52880859375,9.112221596296877e-05
6,0.746185342099897,-0.010828901459159646,-0.6318572222780898,64281.181243164065,1.4184296076222876e-06,19.362140655517578,2.9708302463404834e-05
7,0.7313247797915035,-0.007827697871465849,-0.4567395365587112,81211.43097265625,1.2610827788957656e-06,23.321853637695312,2.825114097504411e-05
8,0.6942045618305631,-0.01993213187300091,-1.1630230016270076,50211.6893515625,1.6523214040201153e-06,35.66520309448242,7.148571603465825e-05
9,0.32739953073178707,-0.06661779082051779,-3.8870916335239913,45992.73779296875,1.7442922811431319e-06,57.700477600097656,0.00016086797404568642
10,0.8122187282390132,-0.023650514828491,-1.379987495623289,68011.99441992187,1.394865937658897e-06,22.818973541259766,4.365702625364065e-05
11,0.97857961533985,-0.0022092576824738214,-0.12890831335099875,46603.58846679688,1.6956015851864561e-06,9.664239883422852,1.4804580132476985e-05
12,0.7428986278322132,-0.01658704042685396,-0.967839750823594,31187.252424316408,2.035991035260542e-06,16.53943634033203,3.5893579479306936e-05
13,0.9260744589642388,0.015735310351448664,0.9181420227940268,28777.234951171875,2.1005260519739356e-06,21.55013084411621,5.025655264034867e-05
14,0.7853177692259404,-0.046624307916110067,-2.7204888512114906,32270.484973144532,1.988573222292604e-06,44.06691360473633,9.123201743932441e-05
15,0.9784545253675541,0.00805709232625313,0.4701245085759131,43440.70109570312,1.6948709959635936e-06,52.367061614990234,7.859780453145504e-05
16,0.95547901128586,0.0045649447180186745,0.2663606553498138,56864.8007734375,1.505158369425418e-06,32.73320770263672,4.638593236450106e-05
17,0.44354196735265367,-0.023811597785726946,-1.389386549654698,56116.021365234374,1.5094840433373139e-06,12.6431884765625,4.602663102559745e-05
18,0.4173732132479725,0.018326910432370166,1.069359691046205,71359.30913964844,1.353267119914813e-06,16.0439510345459,3.54694202542305e-05
19,0.9736781435112226,-0.0034972794399396206,-0.20406329125669298,53171.49128515625,1.5872372657748778e-06,22.409507751464844,2.8854878109996207e-05
20,0.989861456815519,-0.021419425162743033,-1.249805304551595,46292.79748046875,1.7507631933739121e-06,168.20921325683594,0.00023616221733391285
21,0.9593968159934967,-0.013033200500626955,-0.7604762031289762,48282.89872412109,1.6468338467841376e-06,38.67898178100586,5.5651784350629896e-05
22,0.9587924288468846,-0.004531908676000345,-0.2644330302972183,34653.181686523436,1.9056359628358841e-06,11.897582054138184,1.8807730157277547e-05
23,0.783376791958733,-0.008828147635904724,-0.5151149323983713,23769.662869384767,2.325100654930336e-06,13.982006072998047,2.2236836230149493e-05
24,0.848149556193908,0.00789988410354352,0.4609515420201459,20306.43806567383,2.5055160590832984e-06,5.508638858795166,1.9703789803315885e-05
25,0.9820505506904538,0.0022677032567538107,0.13231856307561554,25645.979287597656,2.2406767671657183e-06,8.772638320922852,1.6844853234943002e-05
26,0.8276264345833438,-0.008114584294944757,-0.47347911622266226,26130.071752685548,2.2482696450798185e-06,5.871028900146484,1.5838533727219328e-05
27,0.7481637900982288,0.009498386771612818,0.5542228179163774,23291.27028613281,2.373726798804501e-06,4.061794757843018,1.678487387835048e-05
28,0.6481851090378412,0.014006976643641828,0.817295215765351,31341.05640576172,2.0451095630336723e-06,6.630424499511719,2.5894563805195503e-05
29,0.8968812634212753,0.01140683585449135,0.6655792044265539,47680.70413769531,1.6742114648779665e-06,24.288291931152344,4.1863844671752304e-05
30,0.9531129147327485,0.005277166902898754,0.307918216204937,40277.73200830078,1.8366393816917906e-06,21.235820770263672,3.883928002323955e-05
31,0.9278942897784807,-0.02859822723859974,-1.6686823213978643,43407.84094482422,1.7687163145627384e-06,93.74281311035156,0.0001652496139286086
32,0.020897105308596568,0.06485403659559688,3.7841780693418077,53455.588649414065,1.5912892602791606e-06,13.102309226989746,8.850298036122695e-05
33,0.9310635369456077,-0.008142405696713944,-0.475102471436306,37177.835354492185,1.8611873161722118e-06,18.165149688720703,2.9990884286235087e-05
34,0.4242412949197377,-0.014183761074825618,-0.8276104374940814,30338.759676757814,2.028103678265069e-06,7.780468463897705,1.9155899281031452e-05
35,0.9001026256213599,0.011305034025712736,0.659639153997849,23898.779684570312,2.2854915342464023e-06,14.424314498901367,4.605857247952372e-05
36,0.8966596834596133,-0.0033608352049098013,-0.19610188578385282,32585.360295898437,1.9876172133974494e-06,6.53187370300293,1.225255437020678e-05
37,0.95454110141037,0.009419406209231153,0.5496143690401316,27784.31236328125,2.12062584077672e-06,12.05000114440918,3.747027585632168e-05
38,0.574873259731378,-0.00699475696729817,-0.40813814074639465,44922.72609521484,1.7220084515946508e-06,3.941349506378174,1.1407929378037807e-05
39,0.8100945297040377,-0.006406104194670267,-0.37379075036688814,46067.392603515626,1.769588398446666e-06,10.035345077514648,1.5188090401352383e-05
40,0.9248643983714047,0.01329399618320879,0.7756934101743771,37508.21933349609,1.9169138801763618e-06,31.76827621459961,4.9108759412774816e-05
41,0.7959672220236352,0.019460342782880148,1.1354945080758303,47171.116951171876,1.676323393059758e-06,14.197142601013184,3.2543281122343615e-05
42,0.8398293363051246,-0.002751089057782244,-0.16052371487964698,24713.592105957032,2.2648832274845032e-06,3.3239400386810303,7.933046617836226e-06
43,0.9905441384823159,-0.0013777498154086789,-0.08039053403906729,25487.382168457032,2.2271890391406064e-06,9.593835830688477,1.8681432266021147e-05
44,0.9512616195573155,-0.0016453797840793717,-0.09600651588546218,24151.586084228515,2.278742600281587e-06,3.0628299713134766,5.712450729333796e-06
45,0.25582440756197294,-0.007850588302972847,-0.45807517383672186,25417.404783691407,2.2524579641016452e-06,2.6507456302642822,1.1019804333045613e-05
46,0.5512996205562782,-0.009583085233208152,-0.5591649013656256,25799.769508300782,2.235160068463968e-06,3.952688217163086,1.4068141354073305e-05
47,0.8085707400822244,-0.005023572321946706,-0.2931211873364545,21354.95607470703,2.478772700285983e-06,2.5258994102478027,8.998744306154549e-06
48,0.9792242400352014,0.0014462154420465092,0.08438544532642749,43051.912512695315,1.7725811920358443e-06,3.9045827388763428,6.001241217745701e-06
49,0.904204653258773,-0.006024586390342611,-0.3515295098337404,43053.63351025391,1.8058175790382582e-06,10.06625747680664,1.2995560609851964e-05
50,0.9693517372615531,0.021220314699485918,1.2381873777734613,35431.41280712891,2.0126707384575725e-06,62.20669937133789,9.253434836864471e-05
51,0.6037621794682951,0.07230729531715929,4.219069398853622,58571.80598974609,1.5556581909469186e-06,43.96629333496094,8.436455391347408e-05
52,0.7520472507101944,-0.007135803515123067,-0.41636808727021024,27428.224143554686,2.1501047184575345e-06,6.616912364959717,1.5779103705426678e-05
53,0.7054462860660861,-0.004213815141212381,-0.24587254213747664,24955.246610839844,2.265114281681574e-06,4.002591609954834,9.922154276864603e-06
54,0.5211056277093206,0.0065770268828458855,0.38376394435911904,23202.147330566408,2.342895069091085e-06,3.57110595703125,1.1329934750392567e-05
55,0.7429796561929957,-0.011566697225519614,-0.6749069799380808,21866.70876513672,2.4276606930425546e-06,6.611203193664551,2.2507860194309615e-05
56,0.5603173457742033,0.007079962194237911,0.4131097935239883,26291.996424072266,2.2121970877705305e-06,3.125845193862915,8.07727064966457e-06
57,0.7276118111662423,-0.003107090884246731,-0.1812961197301417,20446.46440600586,2.5321554643443997e-06,2.0295259952545166,5.025539849157212e-06
58,0.8164536243323514,-0.019453202486902955,-1.135077877857206,25990.59534301758,2.234762570249267e-06,3.7519428730010986,2.8039617973263375e-05
59,0.7758196923631593,0.03543897138485363,2.067833944567452,38582.70905761719,1.8501220239695758e-06,35.49353790283203,6.407649925677106e-05
60,0.774632093657689,0.006778304844359187,0.39550834282347264,55065.27994580078,1.5632866544934657e-06,5.607265949249268,1.2210181921545882e-05
61,0.5890008488600585,0.023102094704430778,1.3479876461891627,60104.76198046875,1.5148682947327676e-06,14.920475959777832,2.9406768589979038e-05
62,0.987933254385277,-0.00862778794340447,-0.5034241141526646,27756.432630859374,2.25098235242889e-06,32.15803146362305,5.787530608358793e-05
63,0.9788732663113207,-0.007857656146437344,-0.4584875765126365,46789.01064306641,1.7351711779047342e-06,35.593231201171875,4.711143992608413e-05
64,0.7932238269825213,-0.012551622780285192,-0.732376551300602,32134.25614501953,2.0041959937412707e-06,9.571528434753418,2.534535997256171e-05
65,0.9780280828737351,0.003099639107049448,0.18086131484631593,27321.49165966797,2.178776242222593e-06,10.014228820800781,1.96720939129591e-05
66,0.9953259183316475,0.0010751033846876945,0.06273137130968555,26512.41067285156,2.2032182660524185e-06,8.105609893798828,1.600496398168616e-05
67,0.951154225850625,-0.0020481449579955817,-0.11950752242623065,22133.560682617186,2.413229664614054e-06,3.988492250442505,9.856773431238253e-06
68,0.1635657505484786,-0.0051732827191333375,-0.3018566621276191,21627.962860595704,2.4332955350892367e-06,1.2229400873184204,4.93943343826686e-06
69,0.9461976282931899,-0.0007882188650299499,-0.04599190273208584,26457.19067675781,2.2245365191815963e-06,1.1574519872665405,2.3210702693177154e-06
70,0.47533306240063766,0.0187386421644387,1.0933838886556972,31673.927760253908,2.0406956663174747e-06,6.278666973114014,2.1881944121560082e-05
71,0.5195371152674325,0.02192932331278787,1.2795574294506122,51572.836078125,1.6514772138722225e-06,6.059350967407227,2.147467603208497e-05
72,0.993544334254155,-0.0017631720293222498,-0.10287959356243279,35037.576143066406,2.0197993829134986e-06,13.883903503417969,2.080374542856589e-05
73,0.7392556207650941,-0.08325700204853886,-4.857975506379151,32688.789036621092,2.023118203546505e-06,50.60753631591797,0.0001511986047262326
74,0.6335778256708294,-0.03245706316745065,-1.8938421273510568,39032.819344726566,1.8622289859800285e-06,28.170047760009766,5.1347273256396875e-05
75,0.9971022462380942,0.001303066453585991,0.07603282317341359,30518.343584472655,2.041077994342005e-06,15.399279594421387,2.786616823868826e-05
76,0.3767443792028868,-0.018063472016904867,-1.0539882827768603,26171.522373535157,2.214138987024092e-06,11.876503944396973,3.7477846490219235e-05
77,0.6504192443439111,-0.015016480370371316,-0.8761989026311261,20119.036646972658,2.5144424522450164e-06,8.814156532287598,2.256319930893369e-05
78,0.8574761895199124,-0.005910728726198026,-0.3448860116291633,18811.962306152345,2.5881176438045407e-06,4.439997673034668,1.2469824469008017e-05
79,0.996950664135519,0.001991422661899618,0.11619782452311461,20504.245024658205,2.5107483471323596e-06,6.689231872558594,1.4512251254927833e-05
80,-0.2645699229204372,-0.05742471406332705,-3.350683396188476,19314.89822583008,2.594524215699618e-06,12.401567459106445,5.4208485380513594e-05
81,0.7085745874770996,0.011572897598732083,0.6752687664600002,21419.365666015627,2.4386413953603343e-06,1.8954358100891113,1.616798181203194e-05
82,0.5059231575688065,0.0156155244572663,0.9111526173911229,22865.616349365235,2.3628430095435454e-06,3.046159505844116,1.9131317458231933e-05
83,0.3238385660770245,0.01836524189087528,1.0715962991627583,28342.559189941407,2.141826704872507e-06,3.020979881286621,2.2088392142904922e-05
84,0.6604625610301861,-0.023861377715309672,-1.3922911663556592,41105.23374072266,1.8018453384152886e-06,14.468310356140137,4.0404480387223884e-05
85,0.49296841905162303,0.07371914525554743,4.301449646167523,48527.619188476565,1.6856988360055422e-06,63.89881134033203,0.00010238784307148308
86,0.9901362125471449,0.000813054125941155,0.04744101915752272,41993.6249584961,1.8202323845792468e-06,19.49657440185547,3.060012386413291e-05
87,0.9972427597863975,0.003573013063344384,0.20848228399552823,36449.02865380859,1.906455961828129e-06,44.41753387451172,7.745649054413661e-05
88,0.32196895247084867,-0.09511847400786226,-5.5500823422030265,34782.479115234375,1.928523956340717e-06,25.657129287719727,0.0001422468340024352
89,0.697102930688494,-0.012923906254662635,-0.7540989765075649,24424.869547851562,2.3007129067647978e-06,6.986640930175781,2.9579910915344954e-05
90,0.5654007785785106,0.03454016025805563,2.01538907709192,26889.083314453124,2.1709831259299157e-06,9.076972007751465,5.556391624850221e-05
91,0.8050067395712677,0.01599329182100429,0.93319502289449,24904.89115625,2.2538414927766048e-06,13.209375381469727,3.597088289097883e-05
92,0.40581280677961756,0.0330291436036913,1.9272225359479882,24033.685645996095,2.2895760195973624e-06,10.713312149047852,4.2999785364372656e-05
93,0.8982151243745096,-0.0061432502724714025,-0.35845344678426205,22806.328887939453,2.3582519145445856e-06,7.294045448303223,1.5738882211735472e-05
94,0.04322553381287629,-0.02117370893418609,-1.2354679708681942,21140.99465576172,2.4775814160874444e-06,4.826901435852051,2.5032937628566287e-05
95,0.8018488527828599,0.02415792489475434,1.4095944429423917,27472.868810546875,2.16839726496533e-06,9.122261047363281,4.3843570892931893e-05
96,0.9953274492024212,-0.000373941387386838,-0.021819163025923263,29400.429380859376,2.086871672358246e-06,4.305802822113037,7.928545528557152e-06
97,0.8614534013448538,0.012909773502714092,0.7532743424093573,48739.6094296875,1.6472570527465068e-06,14.961983680725098,2.7265101380180568e-05
98,0.6513278759319092,0.02077933807568523,1.2124567655174427,42055.465037597656,1.793888818811846e-06,19.080930709838867,3.243248283979483e-05
99,0.7894055599124487,0.0472617384170142,2.7576823806951243,30162.685765625,2.1114782209788586e-06,31.78470802307129,0.00010877746535697952
100,0.1559320306252877,-0.0477471188384814,-2.7860039169112483,45115.92856445313,1.7277896722506163e-06,20.583852767944336,8.892967161955312e-05
101,0.7268847899099898,0.01817212774017031,1.0603282521399624,36298.02593017578,1.8734373860903282e-06,15.665935516357422,4.2261042835889384e-05
102,0.6299373839050991,-0.016203802235759856,-0.9454781271807103,28617.9005859375,2.1073232314784044e-06,17.778799057006836,4.329958755988628e-05
103,0.9913098343779212,0.007244503581705127,0.42271064402825403,34702.025163085935,1.8966936117313219e-06,49.1368293762207,8.60388608998619e-05
104,0.79266912337829,0.016136253022158747,0.9415366878173516,38389.58276171875,1.8263225972294743e-06,11.893189430236816,4.248638288117945e-05
105,0.9625740149029298,-0.002656805236585184,-0.1550223338215575,44032.76160498047,1.7049391678071973e-06,9.507535934448242,1.5350047760875896e-05
106,0.7122008260240611,0.007020671536907084,0.40965023391959177,35341.30950390625,1.925219196808118e-06,5.824086666107178,1.4771042515349109e-05
107,0.4276294263847878,-0.015258235752045785,-0.8903051242558877,31815.64462597656,2.041001295628498e-06,8.507497787475586,2.1888767150812782e-05
108,0.8109207969924895,0.024623688712871735,1.4367713669787967,33617.36555664062,1.9783414739646115e-06,25.91813850402832,6.359732651617378e-05
109,0.9914853369695839,0.0033889642111292442,0.1977431894564637,42354.193231445315,1.7757151537857745e-06,35.30268859863281,5.4012190958019346e-05
110,0.9555774738939501,0.010806788158205976,0.630566929909221,35208.17128125,1.9552238738800025e-06,41.01079559326172,7.005725638009608e-05
111,0.9957147596803381,0.00642110012194358,0.37466575001372543,38745.665778808594,1.899991195257249e-06,117.95610809326172,0.0001896951289381832
112,0.9970048077144439,0.000216944086410229,0.012658503574513348,50914.69746240234,1.6248111146339247e-06,9.356549263000488,1.3628484339278657e-05
113,0.8621184943721548,0.003362761232116206,0.1962142678389727,32739.623182617186,1.9884626446776824e-06,2.066037893295288,6.968642082938459e-06
114,0.9951337068223008,-0.0006693585955933163,-0.03905650674859659,24648.22430908203,2.2435655333561e-06,4.0152668952941895,7.801196261425503e-06
115,0.960613192338844,-0.003984514744624873,-0.23249305833651396,22674.355306396483,2.338038666765222e-06,7.951401710510254,1.4595753782487009e-05
116,0.9882492979528279,-0.0017425668838754488,-0.10167730078917651,30035.2643984375,2.094998257698883e-06,8.327898025512695,1.3415676221484318e-05
117,0.8631459767848048,0.004397611435245167,0.25659690012065245,31056.602416992188,2.0200556145150922e-06,3.545809507369995,1.0136840501218103e-05
118,-0.3364700126367808,-0.005992012696390338,-0.34962886239894353,30611.890892578125,2.0382913939498374e-06,1.358106255531311,5.528436304302886e-06
119,0.9568606378610061,0.005312523360632566,0.30998123554789925,44206.774821289066,1.7434129544184303e-06,13.626811981201172,2.1371535694925115e-05
120,0.8875420801969859,-0.01361526644817019,-0.7944392578473515,23712.78726220703,2.3432937756070436e-06,28.007705688476562,5.2223629609216005e-05
121,0.9583083577322772,0.017629730869835263,1.028679854455787,38681.259189941404,1.9082588482899485e-06,54.10322952270508,7.839264435460791e-05
122,0.7728988710066496,-0.015786889629359455,-0.9211516299449217,43419.49395166016,1.7345268088640292e-06,11.013782501220703,2.4869337721611373e-05
123,0.375061607692123,-0.004426099352188534,-0.25825914592981525,24982.45788623047,2.258245851548513e-06,3.157503366470337,7.147758879000321e-06
124,0.6665687710284335,0.0048867028089103525,0.28513496725237064,22898.401806152342,2.3269440285079345e-06,2.6984195709228516,9.350704203825444e-06
125,0.6881241663501738,-0.005488269415060944,-0.320235868873011,25129.13308081055,2.2531379219099987e-06,4.087797164916992,1.0944408131763339e-05
126,0.5237543530201642,0.005437910643630817,0.3172974772408419,25360.818312988282,2.2521122261410446e-06,2.025625228881836,6.481545824499335e-06
127,0.9703403205155651,-0.0030788117892083054,-0.17964605850214854,24155.99556982422,2.323859574719247e-06,7.366013050079346,1.3853373275196645e-05
128,0.6743305312100436,0.015595172981542543,0.9099651260312125,30134.881210449217,2.0927854918577853e-06,4.826084136962891,2.3023152607493103e-05
129,0.7065518819800204,-0.023233096773422376,-1.3556315058860944,44118.407950927736,1.7421407957641767e-06,11.728710174560547,2.7436793970991857e-05
130,0.9421202551171668,0.00905791586616422,0.5285217138975895,50104.63123681641,1.6546771301226689e-06,17.809011459350586,2.417415817035362e-05
131,0.9542498857188445,-0.04790308064255208,-2.7951041559958174,40304.79659570313,1.8739000741970298e-06,100.83216857910156,0.00016590638551861048
132,0.5266581903422523,0.056770628135079375,3.3125180366353906,47688.3883515625,1.678545207131902e-06,19.688331604003906,7.096512126736343e-05
133,0.6849410039366791,-0.020275671331865277,-1.1830682378903177,30537.63114355469,2.0770364139110564e-06,13.44365406036377,4.344522312749177e-05
134,0.14224684129326418,0.06801743677515898,3.96875978872955,27003.39620019531,2.177784456337717e-06,14.449477195739746,0.00010252610081806779
135,0.4603643235089729,-0.005924254534965648,-0.34567523110716913,21831.043141601564,2.401574329916082e-06,2.6098523139953613,8.57144459587289e-06
136,0.8315263307703825,0.0035383080963417783,0.20645727858457116,20380.704234863282,2.5397398193936375e-06,2.3918418884277344,7.5266361818648875e-06
137,0.9937691544684705,0.0003081245414517557,0.017978805847636285,19848.0879453125,2.578563903796955e-06,2.2345352172851562,4.6086574911896605e-06
138,0.9863344530450493,-0.00038882450964026604,-0.022687580595456308,18327.36474511719,2.6425120501488656e-06,0.774031937122345,1.859027747741493e-06
139,0.4787843306742839,-0.0033651382014165373,-0.19635296198308436,23327.11927612305,2.3812742402964663e-06,1.491243839263916,3.462556151134777e-06
140,-0.13809142271070993,-0.00804626605006454,-0.4694928045359476,28173.452624023437,2.156664134569444e-06,1.7150895595550537,6.097370714996941e-06
141,0.4173027066754306,0.025129086906044075,1.4662609232081705,31121.62965185547,2.0513051370429556e-06,5.890599250793457,2.416506140434649e-05
142,0.17477380424611252,-0.03210143734808903,-1.8730916621963356,49059.60034716797,1.6623719540690769e-06,12.442214012145996,2.9092085242155008e-05
143,0.7247828348342052,0.03644581469569967,2.1265823984212213,33529.51752148438,2.029497673539118e-06,15.657069206237793,6.405623571481556e-05
144,0.9773565154903585,-0.005850027838671294,-0.34134416628805403,27978.36993017578,2.177169101672879e-06,25.644630432128906,4.107166751055047e-05
145,0.2621834759099006,-0.028631019007775517,-1.6705956933371267,46889.98743359375,1.6595572305764123e-06,10.857169151306152,3.8504949770867825e-05
146,0.387310028610147,-0.022143914564763608,-1.292078647129981,25615.98413378906,2.2263303475851137e-06,7.1518049240112305,3.1505522201769054e-05
147,0.3399555444473714,-0.012559369434876995,-0.7328285620304793,26351.324584228514,2.214350155221153e-06,5.154718399047852,1.4320588888949715e-05
148,0.6908955349426785,-0.004621408787935004,-0.2696552859742037,22272.92256616211,2.4017055524684423e-06,2.8763256072998047,8.594219252699986e-06
149,0.9240085599472628,0.0021267826597755873,0.12409596567695567,19123.113689941405,2.588107002871432e-06,1.8619834184646606,4.8169140427489765e-06
150,0.4125352929363167,-0.010844208164837244,-0.6327503555814219,19915.000793945313,2.580130450654957e-06,1.784666657447815,1.163680190074956e-05
151,0.6329325556372065,-0.0026843364605978566,-0.1566287574090442,19230.043305175783,2.6028522572159646e-06,1.454304814338684,3.046386837013415e-06
152,0.03607196089899207,-0.006357282389532437,-0.37094203941524334,22717.908683349608,2.412249945311769e-06,1.755591630935669,7.333205303439172e-06
153,0.9030333901065993,0.005302717863126601,0.3094090930789203,20646.04284448242,2.51002913116635e-06,6.820581436157227,1.3333778952073772e-05
154,0.06407014070707122,-0.003042509234145121,-0.17752783518186718,26838.251112548827,2.2333515269161824e-06,0.8012017011642456,3.133145810352289e-06
155,0.6363617698904714,0.005565213669338144,0.32472550089720176,32838.56341967773,2.0180713480944955e-06,1.9878132343292236,8.543540388927795e-06
156,0.35991031240443017,-0.04639802903049639,-2.707285670015018,40216.05854492188,1.8506040796562119e-06,15.020657539367676,6.324985588435084e-05
157,0.9980765818460124,-0.0008133067064335511,-0.04745575701518343,57130.80183691406,1.5021549776402413e-06,8.633477210998535,1.0694183401938062e-05
158,0.7977189567676857,-0.01416769834858325,-0.8266731910315483,52214.45582080078,1.5853780142927407e-06,12.680298805236816,2.4802418920444325e-05
159,0.9177722282293009,-0.023551662491782494,-1.3742195455570794,58606.26643359375,1.4923979432605397e-06,61.18535232543945,7.13594927219674e-05
160,0.676460557630566,-0.04834085125189375,-2.820647700025359,53823.84346972656,1.6067957573757031e-06,56.171966552734375,0.0001031228166539222
161,0.513007092997386,-0.05877212426088085,-3.4293036392395733,54394.946290039064,1.6184902219889483e-06,44.96161651611328,0.00012651403085328639
162,0.7423485548684668,0.09901432153347647,5.777401743458766,59262.12393896485,1.4938006028967062e-06,72.7779312133789,0.00023724950733594596
163,0.18136723594011378,-0.020203947023903327,-1.178883185309539,34177.72437939453,1.942290855836643e-06,13.574402809143066,2.7310621590004303e-05
164,0.983011541550921,0.01575172547275317,0.9190998312097689,26463.720560058595,2.190279661937392e-06,60.54600143432617,0.00011729931429727003
165,0.7925615164376306,0.014222577074814665,0.8298753181955563,24070.643204345703,2.2941316434799614e-06,11.619406700134277,3.0485502065857872e-05
166,0.8610860104531273,0.0191515527893608,1.1174768736640435,28314.26240625,2.1464434806394036e-06,12.606145858764648,4.439320764504373e-05
167,0.7252055045195231,0.007359392007168654,0.429414286282186,30793.538100097656,2.0545540448038063e-06,6.377391815185547,1.2670206160692032e-05
168,0.9930194448767944,-0.0004924273478178449,-0.02873271839617386,26973.459788085936,2.217705583634057e-06,2.650893449783325,4.793762400367996e-06
169,0.5555986033926786,0.01230830899797898,0.7181793983197758,23866.221123535157,2.340749310136397e-06,2.547377109527588,1.6050726117100567e-05
170,0.41578815707576056,-0.020170209431559154,-1.1769146253900182,42091.33389916992,1.7822254737512602e-06,8.000713348388672,1.7378306438331492e-05
171,0.8538101674096314,0.01254283671751027,0.7318638919841735,48076.55392919922,1.681153654664819e-06,11.61925983428955,2.573001074779313e-05
172,0.6827079853204769,0.021354749990887118,1.24603156308822,38289.90358642578,1.9042963402931316e-06,20.22623062133789,3.626561738201417e-05
173,0.3574874429368335,0.040646990010109865,2.3717174173774747,38509.9012421875,1.9043245774192904e-06,15.998022079467773,5.6107252021320164e-05
174,0.9402815674403302,0.0018161410596633737,0.10597029158977486,41954.00570361328,1.7503787233252158e-06,3.994843006134033,6.510179900942603e-06
175,0.9163125642589135,-0.0044422574600329855,-0.25920195782799066,32498.32438330078,1.9801764011588174e-06,8.135194778442383,1.2822006283386145e-05
176,0.8688628112267105,0.010543164674998735,0.6151847230939852,22803.5409765625,2.3453422763153943e-06,4.054600715637207,2.0252982722013257e-05
177,0.03464047139062069,0.017080978902403118,0.9966606422421576,23556.879189941406,2.326565708324863e-06,4.5946760177612305,3.268019645474851e-05
178,0.9181184117239876,-0.00588973908011028,-0.34366128356938525,28472.259893066406,2.1218617642977937e-06,13.472496032714844,2.5454222850385122e-05
179,0.5900533007944854,-0.024205868333149666,-1.4123919019390574,35323.73398046875,1.9244786489900926e-06,10.300477981567383,3.688795186462812e-05
180,0.9987091907405067,-0.0003546077193575128,-0.02069105988235618,31450.164708740234,2.0693437671283266e-06,13.850638389587402,2.2655056454823352e-05
181,0.7516171732965945,-0.02289692481971656,-1.3360161573045737,50989.6530546875,1.634715930606363e-06,24.50508689880371,4.504493699641898e-05
182,0.7827976898062091,-0.06469710676777747,-3.7750213468919345,40820.923172363284,1.86188056276244e-06,48.41105270385742,0.00011418307258281857
183,0.7348554873892146,0.08418625742907136,4.912196770257546,45898.02871191406,1.6924740726393098e-06,26.19776725769043,0.00012479929137043655
184,0.9660622312023884,-0.001370538240983391,-0.07996974478340738,33249.87618457031,1.9578157021393934e-06,4.147174835205078,7.395668490062235e-06
185,0.9774475396601059,-0.0068095316222307,-0.39733039884651444,28848.774252441406,2.1248744998173505e-06,27.70867347717285,5.10680147272069e-05
186,0.1310499205869331,-0.03414327775591718,-1.9922313194636183,23418.405651611327,2.3240905184297507e-06,6.995123863220215,4.275889659766108e-05
187,0.19167307434110073,0.06108939343102287,3.5645143313525867,25589.630148925782,2.255468755289581e-06,20.369213104248047,0.00010615039354888722
188,0.8234063860729651,-0.002184888970100009,-0.12748641963730287,29280.55175390625,2.123374421951759e-06,1.734863042831421,3.7679344586649677e-06
189,0.8946325329459948,0.002334948902019193,0.13624228948386935,22775.911283691406,2.3896300888148803e-06,1.9846071004867554,5.2160758059471846e-06
190,0.8831557810775239,0.0038698801720524864,0.2258042281836311,37936.655244628906,1.8473327185322247e-06,4.645352363586426,7.406832537526498e-06
191,0.9374258208796986,0.003483314836227762,0.20324846846558467,40998.69636816406,1.8120970697958987e-06,3.788316011428833,6.978273631830234e-06
192,0.9617701370046731,0.011578085775597779,0.6755714921829565,40812.99614648437,1.8134287462767623e-06,37.40177536010742,5.134570528753102e-05
193,0.6803364411246187,0.028561585290310235,1.6665442947704745,27652.92044091797,2.2820032887012048e-06,20.149394989013672,7.122687384253368e-05
194,0.6795694808943754,0.013984534528728358,0.815985737380609,43319.03814208984,1.7519209991652861e-06,7.434804439544678,2.2071069906814955e-05
195,0.7931108502539655,0.0038095696950235097,0.22228516296417966,31124.863109375,2.0289987836676702e-06,3.747943639755249,8.404633263126016e-06
196,0.9636751719549446,-0.0021475799643751303,-0.12530947077391297,28435.589681640624,2.1252752518105855e-06,5.008044719696045,1.124884238379309e-05
197,0.2519213571056066,-0.006129888085185222,-0.35767377448102344,25974.58475024414,2.2264466882263394e-06,2.3779735565185547,7.260151505761314e-06
198,0.7694274416883337,-0.0030236166820541317,-0.17642547077944118,21897.066887695313,2.4423820804464193e-06,1.8707705736160278,4.994146365788765e-06
199,0.619662461484752,0.0031558850909343796,0.18414322033560915,19020.386643554688,2.6136934884377146e-06,0.7947031259536743,3.3114922644017497e-06
200,0.9371325112098291,0.0012048653244962524,0.07030287051983856,20734.228887695313,2.5146546115420393e-06,0.9038079380989075,2.544255721659283e-06
201,0.48117728249640795,-0.015769724366939703,-0.9201500514308755,19537.69492211914,2.5897170854652316e-06,5.670767784118652,1.6726173271308653e-05
202,0.8042247215683715,-0.011800321328188812,-0.6885387483244213,26711.93184765625,2.194536030948802e-06,3.1008408069610596,1.400908877258189e-05
203,0.6681249870266207,-0.016480341732668928,-0.9616139724486854,47863.30504736328,1.6810232458620661e-06,4.540960311889648,1.734033867251128e-05
204,0.9022837439054497,0.014811059461213142,0.8642127666829837,53953.375500488284,1.6050863136258368e-06,24.460975646972656,3.343102434882894e-05
205,0.9906675376075734,0.00425928973628943,0.24852594621894977,35258.38243359375,2.00439867802161e-06,83.39348602294922,0.00013009805115871131
206,0.9986226816323444,-1.7812551052386994e-05,-0.0010393472571613312,56454.70850048828,1.5252759937224713e-06,10.136685371398926,1.3168827535992023e-05
207,0.8283308503129877,0.006047835448286073,0.35288607266037064,26906.822952392577,2.1862574222953494e-06,3.7144055366516113,1.179724404209992e-05
208,0.06472819068749398,-0.007569463909078884,-0.44167180371553555,22651.40809838867,2.364981676353105e-06,2.565789222717285,7.721832844254095e-06
209,0.03929793374180291,-0.018031512353769864,-1.0521234635198393,23192.897265869142,2.34901830871295e-06,5.746630668640137,1.809800960472785e-05
210,0.9682653567389823,-0.0022636031299716236,-0.13207932415287243,28228.075921630858,2.16921618824265e-06,5.568169593811035,9.723449693410657e-06
211,0.7125897085709211,0.012419251763979252,0.724652814688108,28121.807971191407,2.168078718708607e-06,6.104118824005127,2.0046878489665687e-05
212,0.5148852604427655,-0.010330465301518625,-0.6027738949214053,35111.085814941405,1.9237479133209327e-06,5.856704235076904,1.3191600373829715e-05
213,0.5347913200974113,-0.01467747088595049,-0.8564179865372887,37370.004348632814,1.8958766744812403e-06,5.4415411949157715,1.720047657727264e-05
214,0.2517788807883742,-0.03083426273567133,-1.7991530975355303,34743.69932421875,2.0303194869029083e-06,24.920509338378906,6.515071436297148e-05
215,0.9884283012156225,-0.014727858503171383,-0.8593580612969011,38160.32570703125,1.906439917539623e-06,102.9242935180664,0.00015820635599084198
216,0.719967352798725,-0.02864596854315654,-1.6714679860563675,52694.48938916015,1.5958580334486869e-06,20.127538681030273,5.128189150127582e-05
217,0.7962556038003834,0.015870102189609644,0.9260070123100329,37301.53999902344,1.8660762916765414e-06,17.39989471435547,3.575854861992411e-05
218,0.9338161509259277,0.010254316713197566,0.5983306893314011,31760.35591503906,2.0315425533868332e-06,19.466142654418945,4.517730849329382e-05
219,0.7201634387231469,0.013642297376520405,0.7960164896069514,26476.11957373047,2.186603293914519e-06,7.785053730010986,2.6156980311498046e-05
220,0.7797548700443654,-0.0045247996739942176,-0.26401822605528275,29284.92614501953,2.1195106344562425e-06,3.968165159225464,1.0559611837379634e-05
221,0.9886443886115442,0.0014219713206385248,0.08297082138999261,29593.292525390625,2.0957256808332713e-06,5.8031325340271,1.0217240742349532e-05
222,0.7172938381205757,-0.005058731166512723,-0.29517267611855985,23056.361852783204,2.3758758420699076e-06,3.059152841567993,7.149628800107166e-06
223,0.018382050024800357,-0.005806630624701953,-0.33881197563356413,23448.667670898438,2.331001896761785e-06,0.8928020000457764,5.805740784126101e-06
224,0.9892569536066939,-0.005183777338387301,-0.3024690142665395,38396.20734375,1.8646701794175564e-06,24.393245697021484,3.442554589128122e-05
225,0.9983611718285916,-0.0024792259889699986,-0.1446607352276895,46302.21316699219,1.6890357945000547e-06,34.221519470214844,4.698564953287132e-05
226,0.9893935830992627,0.0147351819871615,0.8597853803808215,32367.71726953125,2.0805178878759024e-06,90.34553527832031,0.0001627610035939142
227,0.609111451460948,-0.1263650229572073,-7.3732919908797685,48816.69707666016,1.6339295358156299e-06,61.62267303466797,0.00016837139264680445
228,0.9735760543465979,-0.006152256438722206,-0.3589789489519629,26186.120248535157,2.2251104662260245e-06,18.267427444458008,3.27908419421874e-05
229,0.9983497225571044,-0.0008668134799306491,-0.05057783189992089,25556.128686523436,2.2272939101194935e-06,12.839828491210938,2.379932084295433e-05
230,0.9541789264476432,-0.012102408242471776,-0.7061652637438538,28656.716231445313,2.092937532874172e-06,27.75412368774414,4.93569859827403e-05
231,0.9031165271566354,0.019487270369303162,1.1370657099215637,25535.808875,2.2525499909610087e-06,24.012771606445312,6.287427095230669e-05
232,0.4257193109982228,-0.47332700659934673,-27.61822967426609,27699.541749023436,2.1823164643975022e-06,139.1154022216797,0.000820204964838922
233,0.15112681054547183,-0.03997612562883333,-2.3325730493104673,23539.56939770508,2.359002424433571e-06,16.801895141601562,3.8155998481670395e-05
234,0.7860953747062849,0.052812973211067954,3.0815922260670567,23089.22216430664,2.373756564593398e-06,27.797513961791992,9.733692422742024e-05
235,0.597000298318375,0.06014602022990296,3.5094693046082517,26384.834010742186,2.2311200730702847e-06,20.556541442871094,9.737643995322287e-05
236,0.5758235812001362,0.07165925963962613,4.181257066301934,26985.701283691407,2.193686254019829e-06,20.618051528930664,0.00012304580013733357
237,0.5984091360319023,-0.15495006612058781,-9.041205032662546,30692.70412939453,2.0452858655911943e-06,116.07274627685547,0.0002753719745669514
238,0.9943610182344537,-0.00819196484272668,-0.47799420560308004,35387.32944433594,1.918048863780309e-06,124.13066101074219,0.00020901384414173663
239,0.9893425752995587,-0.004795514650918111,-0.279814215518602,36886.43127001953,1.8987260114964392e-06,53.33076858520508,8.551495557185262e-05
240,0.8348726630254255,0.019491780553802993,1.1373288753645936,38435.88644628906,1.8417949071056254e-06,15.286507606506348,5.43288369954098e-05
241,0.9215542974703408,0.01249422296269563,0.7290273205925569,46181.40962304688,1.6872359591236715e-06,40.10210418701172,5.95249148318544e-05
242,0.9487170319131317,0.009700264046778803,0.5660021858244262,60133.93245410156,1.4873639500642632e-06,48.134735107421875,6.746227154508233e-05
243,0.4631626654587091,-0.08075010348017965,-4.711700099597556,64293.03155859375,1.4254020492916418e-06,96.8634033203125,0.00016550050349906087
244,0.5212469968158426,0.06029811534493921,3.5183439256648117,75733.9311015625,1.3069377755377345e-06,78.4964828491211,0.00012274902837816626
245,0.9867126259352873,-0.012093691471675617,-0.705656647555659,66356.13817675781,1.404555701974973e-06,121.6099624633789,0.00014012122119311243
246,0.6137633105436711,0.09922472560565176,5.789678642745557,82604.30089746094,1.2730272106011636e-06,116.43946838378906,0.00037498667370527983
247,0.9755066312211741,-0.011510979280687814,-0.6716558850800065,73279.29409667969,1.3567987119114987e-06,108.03541564941406,0.00011435984924901277
248,0.7901049621022609,0.11366269823535731,6.632122109013904,67285.92893847656,1.3980142341124703e-06,116.79618835449219,0.00030339148361235857
249,0.9369624686433828,0.012405629375888455,0.7238579598884493,50654.521489257815,1.5813874577773113e-06,40.036376953125,5.809175854665227e-05
250,0.965458591583302,0.013238776038503491,0.7724713615317819,40730.442060058595,1.7692309297485114e-06,66.08911895751953,0.00010372134420322254
251,0.7416110327981809,-0.031886221003985415,-1.8605339709210926,33322.281020996095,1.952217637980907e-06,63.82046127319336,0.00011715081200236455
252,0.7339220673180001,0.039332454606738766,2.295015390704427,35985.817780273435,1.8871468022320864e-06,44.531227111816406,0.00013419255265034735
253,0.7334908557426912,0.016981879698203143,0.9908782876670498,42156.91278320312,1.7373556455742085e-06,21.286785125732422,5.958342080703005e-05
254,0.5290217547118301,0.03186170496996391,1.8591034811141143,65902.18777441407,1.4090100446239691e-06,19.75462532043457,6.308493902906775e-05
255,0.9174159408332231,0.01604137608977711,0.9360006992243242,64486.36841796875,1.4365870781103666e-06,50.285640716552734,6.699241930618882e-05
256,0.9980705811802415,-0.0012857867960139554,-0.07502456979918534,40616.54102001953,1.850563969356165e-06,42.4887580871582,6.995417061261833e-05
257,0.4747828438619229,0.012147504153126001,0.7087965719102033,58065.847729980465,1.5239062448535466e-06,8.164199829101562,1.7187187040690333e-05
258,0.8060122100780815,-0.0031030780220120233,-0.18106197261978435,29807.715587402345,2.0741584831642654e-06,3.5719821453094482,7.084391654643696e-06
259,0.9197433935125844,0.003529860592358961,0.20596437388672195,24979.639249511718,2.2576865915195215e-06,4.419051170349121,1.0597310392768122e-05
260,0.48164699441742487,-0.011513556104448434,-0.6718062405624926,25262.081794189453,2.241903003096339e-06,8.387639045715332,1.7153657609014772e-05
261,0.8149523221688786,0.00442799852877139,0.2583699612738079,22789.20954736328,2.3599546686196446e-06,2.7687721252441406,8.34886850498151e-06
262,0.7020782184372019,0.005250054016204462,0.3063362022454226,22782.00431591797,2.363857759331148e-06,2.073732614517212,7.072655989759369e-06
263,0.9513679746617539,-0.004671860540181009,-0.27259910295817474,23115.38584692383,2.3609565884395495e-06,6.253146171569824,1.2368287571007386e-05
264,0.5399136339232061,-0.015782563306591987,-0.9208991926781463,21783.89167260742,2.4498331281765227e-06,8.863007545471191,1.48645558510907e-05
265,0.8085688710526775,-0.00546868579749939,-0.3190931813860791,32916.76470678711,2.0155104360736277e-06,4.7890448570251465,8.47159572003875e-06
266,0.8279251600531087,0.022285661303498225,1.300349449199943,50907.93943017578,1.6115948759597594e-06,26.95884895324707,4.263550363248214e-05
267,0.965576454781405,-0.015855022282837083,-0.9251271125305902,27602.60674267578,2.1942361678313456e-06,56.35679244995117,9.816352394409478e-05
268,0.8337639372494693,0.021161942433700853,1.234781405537392,53310.905044433595,1.6221175979619813e-06,30.989295959472656,4.3150619603693485e-05
269,0.6652731852284305,0.0074918644831043915,0.437143942978088,31421.630262207033,2.0496290566872772e-06,2.0307178497314453,1.1085081496275961e-05
270,0.5108307687183985,-0.0065066851770447165,-0.3796595654426192,23928.912674560546,2.3063888688402024e-06,2.4445793628692627,9.482958375883754e-06
271,0.529879919103131,-0.006797226766207082,-0.3966124209263222,22400.754158935546,2.3631357450871184e-06,3.193082809448242,9.292336471844465e-06
272,0.3990508694063297,-0.007252194741293097,-0.4231594166716917,30878.506834472657,2.064380687870448e-06,1.4797946214675903,9.0600215116865e-06
273,0.5884496968979114,-0.006723947674020468,-0.3923366480037669,31094.011283691405,2.052985453258726e-06,3.6883437633514404,7.521027782786405e-06
274,0.0049858366243641815,-0.005705546401389285,-0.3329137968756021,36847.46436157227,1.9081809200474703e-06,1.3279870748519897,5.698818313248921e-06
275,0.5632620623406548,-0.03639338180937396,-2.1235229839427774,46083.14372192383,1.7205386643119804e-06,13.309965133666992,4.327448186813854e-05
276,0.9667780305807926,-0.004839800020187833,-0.2823982292821272,52041.25749023438,1.611109739822422e-06,13.067281723022461,1.7019656297634356e-05
277,0.5916482341447301,-0.07371751494745342,-4.301354519071979,43135.71405371094,1.7648150026691772e-06,36.65398025512695,9.53239796217531e-05
278,0.8646276731742654,-0.021929255825677573,-1.279553491634924,61964.028734375,1.466051391704894e-06,30.732379913330078,5.0907830882351846e-05
279,0.9166931943057735,-0.009631365047235472,-0.5619819875953282,30540.317530273438,2.07663899141383e-06,22.44695281982422,3.9778002246748656e-05
280,0.9858218599057744,0.010385462267302805,0.605982921263105,28930.88936279297,2.0916760940914826e-06,46.06796646118164,8.874112245393917e-05
281,0.0031523107150255914,-0.058622297164661274,-3.420561355158744,27656.941514160157,2.140915567448909e-06,28.719444274902344,0.0001264715101569891
282,0.9022119730724444,-0.00820444251948152,-0.4787222674664677,40320.21073486328,1.7939953370122966e-06,21.012271881103516,2.962466169265099e-05
283,0.9430578195611767,0.009641854524566458,0.5625940397074011,46522.91900488281,1.6868199476582318e-06,20.776966094970703,3.718341395142488e-05
284,0.6385750174859269,0.05020576519191849,2.929463847847537,37398.94982714844,1.8745715909363262e-06,18.524805068969727,8.436379721388221e-05
285,0.9712082211380755,-0.0038401713912604445,-0.22407074600362192,27973.54501538086,2.1738923354524235e-06,11.74154281616211,1.994442027353216e-05
286,0.9971512343798365,0.0001381046577211178,0.008058289729612488,54911.77823779297,1.551863756617056e-06,18.600021362304688,2.41276193264639e-05
287,0.853165011635174,0.013347922537588366,0.778839967247998,61157.81116796875,1.4794906699188496e-06,18.507408142089844,3.1191819289233536e-05
288,0.9513729141443417,0.008957725194246037,0.5226756731061802,60714.3710390625,1.4828738719543999e-06,22.663942337036133,3.352442217874341e-05
289,0.9979878310591708,-0.0008814628453143576,-0.05143260995422275,51783.742186523436,1.635569967852791e-06,23.03297996520996,2.963232691399753e-05
290,0.7155920883265734,-0.10433775614337863,-6.088019641153888,44251.75229052734,1.7637709491064953e-06,44.98886489868164,0.00015934724069666117
291,0.8810227283884812,-0.012856982358006792,-0.7501940238579848,51301.82158447266,1.6046891538151724e-06,32.46213912963867,4.4095708290115e-05
292,0.9801729369989876,0.00418914128023116,0.24443284326116235,27237.146587890624,2.164340384473358e-06,16.25737953186035,3.303298581158742e-05
293,0.6926843468087345,-0.11757723232335816,-6.860531855347403,25754.09466503906,2.208732513806151e-06,91.65921020507812,0.00024430989287793636
294,-0.2311258859429715,-0.240109414316345,-14.010180824428545,29866.738126953125,2.061549933944736e-06,58.50862503051758,0.0004510459257289767
295,0.9781035756582515,0.04086396222941025,2.384377562482286,37196.475379394535,1.8360727537177184e-06,179.55426025390625,0.0003118386375717819
296,0.7161234261505875,-0.26199083078562024,-15.28694293016288,47296.04839648437,1.651304562314357e-06,284.7210998535156,0.000557722058147192
297,0.6013834678745159,-0.19905597387563728,-11.614747368906308,37414.35954345703,1.8834693279035775e-06,68.9394302368164,0.0004156955692451447
298,0.7034623593093515,0.012380162065934439,0.7223719639370474,34434.42765136719,1.9543256741857304e-06,15.143665313720703,3.209736314602196e-05
299,0.47148257015982825,0.1253656923875173,7.314981899105151,34511.613255859374,1.9648829741527233e-06,45.230224609375,0.00022948077821638435
300,0.6177376480849146,0.02537303047788095,1.4804948238743427,33998.127736328126,1.966440495416705e-06,21.914840698242188,4.216734305373393e-05
301,0.9995489567927986,0.0004527863561523646,0.02641970012958756,31721.369252929686,2.0317997736665392e-06,22.67182159423828,3.8874601159477606e-05
302,0.6083024249633495,0.11235445365098706,6.555787146297873,32817.132321777346,1.9993573730050637e-06,69.41419982910156,0.00020961194240953773
303,0.9619683158029719,0.01743778784300595,1.017480141518568,31373.42791015625,2.0191826276468323e-06,43.89358139038086,7.64496362535283e-05
304,0.38921370897622887,0.04327762017554994,2.5252124579819824,35558.69397119141,1.9257905343661122e-06,11.744502067565918,6.116923032095656e-05
305,0.9957168411374272,0.000539214228573929,0.031462693234811795,35042.9233918457,1.946391730457397e-06,5.792661666870117,9.9749904620694e-06
306,0.7000848226408353,0.024230977101827103,1.4138569773108465,37123.505978515626,1.891511118553408e-06,8.456442832946777,3.916606510756537e-05
307,0.9992920128110381,-0.00011673884487125364,-0.006811612658079106,42497.47301904297,1.734018724306048e-06,9.04513931274414,1.3905696505389642e-05
308,0.1107167403658204,-0.02601474991159342,-1.5179386089523255,58497.34538769531,1.5119601548887993e-06,16.003271102905273,2.6418723791721277e-05
309,0.973557208417345,0.01041233625910288,0.6075509959080134,37452.82278613281,1.8998151489328235e-06,42.18010330200195,6.898590800119564e-05
310,0.7573602039402302,-0.024265320435852302,-1.4158608817440685,55038.292567382814,1.5546615549914417e-06,26.322093963623047,4.785088458447717e-05
311,0.6916752803897525,-0.03228437410287684,-1.883765866793056,43358.378037109374,1.7221806893148078e-06,19.22179412841797,5.232403054833412e-05
312,0.6731756466934817,0.01388076927816237,0.8099311229546777,28049.855173828124,2.119936784671698e-06,11.645611763000488,2.5356561309308745e-05
313,0.7514671794326786,0.01816333779012531,1.0598153660046195,28542.051689453125,2.117470598394818e-06,12.538966178894043,4.12417903135065e-05
314,0.6161851570114895,-0.031181744879321543,-1.8194283861145346,27636.05455859375,2.1256702421063938e-06,16.318288803100586,6.997591844992712e-05
315,0.7032462600439706,0.014645771519099406,0.854568355347824,42967.696823242186,1.7117065257134138e-06,22.856386184692383,5.617456554318778e-05
316,0.5509602041842042,-0.01183207387562203,-0.6903914825557811,48130.708865234374,1.6254643071434274e-06,20.110912322998047,3.278655276517384e-05
317,-0.06580115754432565,-0.012992572880994514,-0.7581056159567188,42552.88172363281,1.7260073296535137e-06,9.147045135498047,1.9739974959520623e-05
318,0.414697826667805,0.03167084036059537,1.8479666929217355,40001.15920556641,1.8294260318127864e-06,37.544036865234375,7.845612708479166e-05
319,0.8918642582389892,-0.05459739321027486,-3.1857116206638785,42643.524703125,1.772712260109923e-06,91.11323547363281,0.0001444895169697702
320,0.9970380876284565,-0.0032082456163806884,-0.18719841261806744,48632.10083251953,1.647485717906229e-06,81.42109680175781,0.0001227708999067545
321,-0.14013800611584518,-0.016550172552664357,-0.9656885416114133,28007.945399414064,2.1463219119462168e-06,3.5468974113464355,1.8703996829572134e-05
322,0.8346175121232824,0.012722406124864452,0.7423416147120835,25852.18074902344,2.1979613079832734e-06,7.882182598114014,2.5096875106100924e-05
323,0.540677672914766,0.014728153693220631,0.859375285386091,27896.29545288086,2.121638290283113e-06,6.398353099822998,1.8765716959023848e-05
324,0.854571476126648,0.0057871235361351015,0.3376737535486123,30385.832414306642,2.069133360442235e-06,4.166579723358154,1.4090773220232222e-05
325,0.8295110333864352,0.009375790804160015,0.5470694471197763,31884.351689453124,1.9814287674012857e-06,4.3230061531066895,1.4425665540329646e-05
326,0.9983969808673049,-0.0015799353455662555,-0.09218788836461891,26582.88803955078,2.2251799882370296e-06,15.331082344055176,2.813801620504819e-05
327,0.4513695504701699,-0.028399211688291716,-1.6570699327098677,42946.12719433594,1.7492271374895342e-06,11.208057403564453,3.268521322752349e-05
328,0.7783794861577897,0.014843853421760094,0.8661262664868968,51147.30676416016,1.6404346182735823e-06,8.973766326904297,2.3608079573023133e-05
329,0.7289305830996456,-0.014487794080980955,-0.8453505057248873,34026.30980810547,2.0303819088378135e-06,15.201449394226074,2.1640631530317478e-05
330,0.5603763420151229,-0.05203790878521693,-3.0363678737122246,48162.413133789065,1.7134713722124525e-06,40.54957580566406,7.841250771889463e-05
331,0.43664480582017023,-0.019201787244209276,-1.1204080115290356,23631.565733398438,2.332836686679643e-06,14.003619194030762,3.005343023687601e-05
332,0.9324867614317844,-0.007753207469139948,-0.45239308471615514,26393.8387890625,2.1874473586951304e-06,14.300677299499512,2.7056599719799124e-05
333,0.9363202331497674,-0.00460884748074223,-0.2689223443456422,22807.884544189452,2.3510098937561974e-06,7.475104331970215,1.4435691809921991e-05
334,0.9800062979102585,-0.0038508720756111913,-0.22469512186629254,19083.79934448242,2.5956593038843535e-06,10.231003761291504,2.1992560505168512e-05
335,0.6891229815492496,-0.012600838552055797,-0.7352482498713689,21847.66506616211,2.4506173498130017e-06,5.948403835296631,1.820159741328098e-05
336,0.501484513540354,-0.023185411340782166,-1.352849101306571,18652.253040039064,2.6060338606794794e-06,4.484553813934326,3.0007349778315984e-05
337,0.6321613552999371,-0.0020176676105015602,-0.11772919503054755,22159.952002197264,2.415459545163561e-06,1.3526091575622559,1.4191867876434117e-06
338,0.9900045401009976,0.000603226707895006,0.035197767150433906,25277.37242150879,2.264763294733526e-06,2.5272817611694336,5.137582775205374e-06
339,0.769794293772658,0.006823482878875577,0.39814444284757655,33580.0065649414,1.96634530918157e-06,2.665376663208008,9.759976819623262e-06
340,0.8271628307965155,-0.013340200847997682,-0.7783894132047774,46235.619395996095,1.7153701880206921e-06,16.508569717407227,2.5871117031783797e-05
341,0.670310466217681,0.03903833819254092,2.27785394720969,46094.07270654297,1.7334243622231153e-06,14.398720741271973,6.303448753897101e-05
342,0.7052205292580458,0.06723099939283517,3.9228718340035,47848.42721435547,1.7148342768539031e-06,41.80555725097656,0.000140634598210454
343,0.5557037357436587,0.02844695452818155,1.6598556869537524,41449.374701660156,1.7841717915288402e-06,8.993992805480957,4.00856661144644e-05
344,0.9301467553378356,-0.0040721196106215,-0.2376047280193009,26429.834571777345,2.1987763542027996e-06,8.05341911315918,1.5838528270251118e-05
345,0.9454537295228667,0.0039417667020648665,0.22999874628356382,23403.305467773436,2.3223079830713655e-06,5.292845249176025,1.42789776873542e-05
346,0.9961881792916847,0.0003954605930041617,0.023074790435432296,22708.617533203123,2.3806937322698546e-06,2.8063931465148926,5.917613634665031e-06
347,0.9126696074029464,-0.013131387899687545,-0.7662053546469869,24218.096017089843,2.321045063904531e-06,11.147015571594238,3.061332608922385e-05
348,0.9711767441826148,0.0020284725018416545,0.11835965128272757,24755.215635009765,2.3073984285507056e-06,4.0179219245910645,7.92599530541338e-06
349,0.3630832020143256,0.0072341727843486005,0.42210785075820445,17963.769834228515,2.685624539343609e-06,1.5432064533233643,8.364870154764503e-06
350,0.8081329469533045,0.003686807098939473,0.21512206952816956,18485.30665637207,2.6299940373193802e-06,2.1757924556732178,7.4871636570605915e-06
351,0.9849055581773166,-0.0032908186051414574,-0.19201647652882986,26532.735561035155,2.2069873971763164e-06,11.45850658416748,2.162792588933371e-05
352,0.9589233110784525,-0.005063705791112913,-0.29546294124781664,56589.357778320315,1.5576861108921247e-06,14.072096824645996,1.7324498912785202e-05
353,0.9730646293280739,-0.006310851664636516,-0.3682328459691916,42304.06311328125,1.8027216992004325e-06,18.153833389282227,2.8451389880501665e-05
354,0.6813981585201012,0.05222870289146782,3.0475005481074415,44425.969454589846,1.7890015067237768e-06,30.406543731689453,7.51338156987913e-05
355,0.9747063953190506,-0.0007652540226859954,-0.0446519236448044,36316.75416015625,1.8806881815389555e-06,3.009974479675293,4.960038495482877e-06
356,0.8624657492345686,-0.005767672196163059,-0.33653878434691864,23419.863750488283,2.3145885932281804e-06,5.553835391998291,1.4746483429917134e-05
357,0.3450516691534394,0.018320464183410025,1.0689835578827973,23269.71166040039,2.317716712462249e-06,5.768919467926025,2.551450415921863e-05
358,0.8095639030810471,0.011434889524810147,0.6672161123132119,20543.296263671877,2.4865384605214348e-06,5.485734939575195,2.1709805878344923e-05
359,0.8265373865848118,-0.012598328910637988,-0.7351018144216466,20275.32943847656,2.539423011425076e-06,7.923444747924805,2.3419352146447636e-05
360,0.7707849712756903,0.005011745639874173,0.2924311104610392,16942.44509350586,2.757055890228983e-06,2.0059432983398438,7.984352123457938e-06
361,0.6235370574207898,-0.010285999890189827,-0.6001793758563246,18707.436161865233,2.624393896839412e-06,2.886540651321411,1.251248068001587e-05
362,0.3835863566331325,-0.006873447898812698,-0.40105985941384653,21499.51932373047,2.4526036584457574e-06,2.3412389755249023,6.431216206692625e-06
363,0.9872998321035658,0.0004949034944099054,0.02887719945120177,23267.13770776367,2.3674446299810695e-06,1.9349956512451172,4.020913820568239e-06
364,0.3102742540929492,-0.003900094109740599,-0.22756718584038824,32797.07320117187,2.005212914126664e-06,1.2292358875274658,3.0487940421153326e-06
365,0.8764016888846881,-0.02515894966146369,-1.4680033896772,43615.329661621094,1.7925392821648474e-06,36.366424560546875,5.733181023970246e-05
366,0.9149908762879315,0.04326068693913273,2.5242244179885343,29459.89610449219,2.1747760705296126e-06,44.32381820678711,0.00013056422176305205
367,0.887835419397066,0.003506047756835605,0.2045749151161256,45371.94894726563,1.7199572623280995e-06,5.430126667022705,9.521964784653392e-06
368,0.7334244876758992,-0.004686898089508796,-0.2734765312166144,26187.72721923828,2.2080688804223678e-06,3.2046101093292236,8.958932085079141e-06
369,0.6054867012915646,0.007269030408054272,0.42414176355840355,26378.98844921875,2.2031339869634686e-06,1.7087231874465942,9.933729415934067e-06
370,0.42602889855085896,-0.0032257561169979866,-0.1882201354883394,21989.67205541992,2.3878937468487003e-06,1.5549254417419434,3.7150409752939595e-06
371,0.9895454922255844,-0.00026319903508969443,-0.015357440627311196,19963.815724121094,2.5688405966116863e-06,1.5863279104232788,3.46507385984296e-06
372,0.8542067641224695,0.003434334511024446,0.20039050800246985,24200.456861816405,2.3197669904638455e-06,2.2903783321380615,5.847744887432782e-06
373,0.5168456529474286,-0.006893443991685651,-0.40222661448561153,19950.55105053711,2.586953748050431e-06,2.5813584327697754,8.842158422339708e-06
374,0.8061110551424833,-0.004325395450815413,-0.2523831586346898,22141.157478515626,2.4454068587458494e-06,2.412156343460083,7.221997293527238e-06
375,0.708284742944573,0.03333826977930442,1.945259786300021,30936.532180664064,2.079407129704198e-06,8.785155296325684,4.12726221838966e-05
376,0.7512970881929468,0.009641897002314697,0.5625965182480095,41750.205907714844,1.7963673045115772e-06,4.159482479095459,1.031627289194148e-05
377,0.9706005487644539,0.005119777659427708,0.29873468724116126,55287.018250976565,1.5768863167286933e-06,13.938131332397461,1.7962907804758288e-05
378,0.9198132457358873,0.04445065473927019,2.5936580305881987,34230.14200390625,1.9581558767223897e-06,25.85662841796875,9.154550934908912e-05
379,0.9813123096699771,-0.01784531375487223,-1.041258933083835,39757.27902441406,1.8576860353295702e-06,75.34333801269531,0.00013306070468388498
380,0.7269192487325953,-0.0048095435793340914,-0.2806327916016785,46613.1152578125,1.6674529481870972e-06,4.981963634490967,8.115937816910446e-06
381,0.9823072602394776,0.0014490352896151025,0.08454998104213778,28588.951138183595,2.11579942687856e-06,3.363752603530884,7.0070141191536095e-06
382,0.8885856065867974,0.0037593984329737555,0.2193577123454348,26802.533255371094,2.1934016439742795e-06,2.536280870437622,8.503402568749152e-06
383,0.13505034793563808,-0.012912272126924968,-0.7534201350143928,25426.013151367188,2.2612137299593938e-06,7.7380266189575195,1.4505999388347846e-05
384,0.913925090609448,-0.02132365377454971,-1.2442171252200378,27844.522350097657,2.153475815816399e-06,39.357505798339844,7.410171383526176e-05
385,0.708812278502718,-0.048963302890077186,-2.856967225564338,37217.46737963867,1.8814787321413053e-06,44.59403610229492,8.159078424796462e-05
386,-0.052360637162902346,0.028328437688298395,1.6529403297936405,47140.93073339844,1.706099887117885e-06,12.334675788879395,3.34146388922818e-05
387,0.8082206398824536,-0.023282399759043036,-1.3585082933110952,54553.623520996094,1.594158866209946e-06,31.19759750366211,4.5040116674499586e-05
388,0.8284410510260134,-0.023072405201704484,-1.346255288867951,42501.88475292969,1.8431427112433566e-06,33.86539840698242,6.582452624570578e-05
389,0.8352413846616715,-0.07305884477987934,-4.262921673039497,41339.463793457035,1.824457658983944e-06,71.6805419921875,0.00015341892139986157
390,0.9883384871241429,0.008771571863525273,0.5118137840299297,53330.35544042969,1.5554263915724845e-06,49.28482437133789,6.989587564021349e-05
391,-0.04661508045329093,0.04987252753678241,2.9100197131006427,32848.04879248047,1.9523023253129505e-06,15.413670539855957,5.910438994760625e-05
392,0.3356178164666936,-0.06237176963382514,-3.639339895928465,24708.804034179688,2.2512532586397335e-06,29.680286407470703,0.00010250131163047627
393,0.7567815763378852,0.01747124590637026,1.019432391159024,24151.33057470703,2.312606088454427e-06,9.976035118103027,4.3648789869621396e-05
394,0.8943690333927048,0.017752511287144238,1.035843987745168,34069.83647998047,1.938236494765068e-06,16.818227767944336,5.966131357126869e-05
395,0.6979850030815917,-0.02129023571947044,-1.2422672100291052,34682.21338964844,1.9204495215700627e-06,17.009592056274414,4.5088065235177055e-05
396,0.8856063109381418,0.006338413087436395,0.36984103163031734,29887.41978417969,2.100584229779936e-06,10.388458251953125,2.0525758372968994e-05
397,0.9929806115971596,-0.0009573402397087616,-0.055859991608452675,53968.52997802734,1.5698664659421353e-06,8.43186092376709,9.790846888790838e-06
398,0.46907385615051406,-0.07932959714398984,-4.628814758808522,43367.002275878905,1.770096356097058e-06,30.303916931152344,0.0001728735660435632
399,0.9892306010587383,-0.009922768591197114,-0.578985137411033,47399.02834619141,1.733336857585079e-06,80.88081359863281,0.00013604224659502506
400,0.7191266769044021,0.013789843182875874,0.8046256623576825,49406.887181640624,1.6639089629847404e-06,19.37049674987793,3.303253106423654e-05
401,0.994806860046009,-0.005398216023376979,-0.31498132979157706,54754.58123730469,1.540350056101271e-06,45.108985900878906,5.2029088692506775e-05
402,0.9956918778306219,-0.002618371095088334,-0.152779734239464,24161.253659667967,2.2812407437689945e-06,20.36470603942871,4.336939673521556e-05
403,0.7126390627192029,0.02097678239277972,1.2239774740791032,23999.693020751954,2.3022531161169834e-06,16.549564361572266,5.384796895668842e-05
404,0.774763416149511,-0.005362278872729776,-0.3128844275092755,32655.437678710936,2.0007214112744493e-06,6.887887001037598,1.2979320672457106e-05
405,0.5585799195867851,0.022541454806969383,1.3152747833337535,33775.57132470703,1.9579806867839427e-06,6.1415205001831055,3.5480283258948475e-05
406,-0.3644672898681602,-0.010804172151238,-0.6304142881197952,39334.72576513672,1.8362484309409948e-06,4.700588226318359,1.0272521649312694e-05
407,0.9817759256616359,0.0014011457149369821,0.08175566494771977,39668.41601367188,1.8216072083215699e-06,6.9739766120910645,1.2030663128825836e-05
408,0.9163987281666107,0.010143937217842002,0.5918901393277965,55620.96328369141,1.6038471911213241e-06,27.403751373291016,4.160116441198625e-05
409,0.7543330197939403,0.022320961360809095,1.3024091776260278,39126.055795898435,1.909158843547016e-06,20.607177734375,5.416922431322746e-05
410,0.9704046953193173,0.017970191699586472,1.0485454553195872,47706.27959472656,1.7065983934029574e-06,57.09994888305664,8.831480954540893e-05
411,0.9742604598192977,-0.0018193587654532037,-0.10615804199549586,42768.756748535154,1.7331920651232112e-06,6.703238010406494,9.630413842387497e-06
412,0.6306845242698391,-0.013524067872288605,-0.789117898238569,30241.731275390626,2.0483408258008054e-06,10.089405059814453,2.1113362890901044e-05
413,0.88571651660556,0.01089901750473971,0.635948434111943,23013.2023046875,2.352257487575662e-06,15.689878463745117,3.693721009767614e-05
414,0.8398653675600479,-0.01169608281527469,-0.6824565194415825,20824.089426269533,2.466253813860822e-06,7.868791580200195,2.293145917064976e-05
415,0.9498787227612904,-0.003674063208861586,-0.21437847434300702,17919.652614990235,2.6976002443352767e-06,5.988548278808594,1.3258906619739719e-05
416,0.9854655120910255,0.0025545675288121007,0.14905685022294762,18767.283848144532,2.6426334818274844e-06,7.752059459686279,1.538465585326776e-05
417,0.9348280224823783,-0.003635293666813786,-0.21211630442302903,19099.289018066407,2.6541356275930343e-06,4.9652934074401855,1.0853658750420436e-05
418,0.8624009268949979,-0.003677811505537227,-0.2145971842772212,19896.485595947266,2.5442349820405472e-06,2.851001262664795,7.168994670792017e-06
419,0.860281693333064,-0.003449040234695328,-0.20124857451506267,24631.05656689453,2.3021561936316375e-06,2.613544464111328,6.138715434644837e-06
420,0.7743780922860105,0.033799822010294564,1.9721909677970146,42968.41640234375,1.7781060848976874e-06,19.121803283691406,4.587561124935746e-05
421,0.36542042164605126,-0.0505322484809257,-2.9485138710553684,62128.88236376953,1.507339863569082e-06,17.17677879333496,5.078517642687075e-05
422,0.9832622213421092,-0.010892972795026533,-0.635595730423277,46909.43157763672,1.6958804021783574e-06,55.38322448730469,7.575894414912909e-05
423,0.7308322596530017,0.03420827671991945,1.9960239539243088,56366.50210839844,1.6035910778239038e-06,63.0970344543457,6.911694072186947e-05
424,0.5893665303776399,-0.015085396925707414,-0.8802201252258526,39833.364828125,1.797217495313697e-06,2.9944276809692383,1.792527655197773e-05
425,0.9812637285045273,-0.0014211712561366112,-0.08292413830438795,27536.356524902345,2.1431668755629867e-06,3.5499448776245117,6.371130439219996e-06
426,0.9959212183235042,0.00019432915840071009,0.011338941692081878,25770.79425,2.2016712029931965e-06,2.355966567993164,4.679425728681963e-06
427,0.9881748301263832,-0.0001779910193512637,-0.0103856251256776,25303.929924316406,2.23118451408839e-06,1.0030558109283447,1.9106837498839013e-06
428,0.8669428383703104,-0.0032017279531927757,-0.18681811249499491,25739.918482666017,2.260219475796403e-06,4.849704742431641,8.808115126157645e-06
429,0.38134695858124756,-0.00751413934601796,-0.4384436623503876,23837.90890991211,2.3146920437330127e-06,2.2085580825805664,9.753895938047208e-06
430,0.8324740031315395,0.018825086209890655,1.0984278254435376,40414.56434375,1.8180526836579788e-06,8.535849571228027,3.0261189749580808e-05
431,0.7028209641549458,-0.021253146126102636,-1.2401030636907913,58454.657015625,1.5638986719599684e-06,14.900667190551758,2.8322885555098765e-05
432,0.8141654219305314,-0.04194900592035746,-2.447688942237465,44584.17232080078,1.7536722567579933e-06,38.845130920410156,6.770913751097396e-05
433,0.8579884898594047,-0.042547139895918185,-2.482589552772458,48328.238354980465,1.690519380555911e-06,34.89908218383789,8.262486517196521e-05
434,-0.06549720549307486,-0.01815004263081676,-1.0590396047270672,26088.6969765625,2.200166452737653e-06,9.138856887817383,2.5395307602593675e-05
435,0.7411818550229214,-0.054894785978696514,-3.2030642366507527,32087.27194921875,1.985919777299686e-06,20.66781997680664,9.605132800061256e-05
436,0.5103358447561078,-0.013101915756608525,-0.7644856800769743,25995.244220214845,2.189864780816531e-06,7.458366394042969,1.824710489017889e-05
437,0.9170119273361951,-0.004496002856001663,-0.262337956131704,28235.798939941407,2.1317321651355553e-06,8.720924377441406,1.5887091649346985e-05
438,0.46007587679584244,-0.017167167392533895,-1.001689667593599,23888.543971679686,2.3076802813134487e-06,5.181623458862305,2.6899404474534094e-05
439,0.5993472776503804,-0.006698714414452086,-0.39086430869400124,20864.594970214843,2.4757885298695254e-06,3.27376127243042,1.0500220014364459e-05
440,0.7125884320433419,0.02815775268772546,1.6429810046715776,34660.562607421874,1.953013761621879e-06,14.64271354675293,4.380162863526493e-05
441,0.854771627996608,-0.01304511430255064,-0.7611713633738693,41669.39739306641,1.8219682611909448e-06,19.08258819580078,3.2389871194027364e-05
442,0.7529010905632177,0.036420074440700625,2.1250804763577715,42781.28975146484,1.7611747145161752e-06,27.592729568481445,6.512962863780558e-05
443,0.873043126992957,-0.019787206404054625,-1.1545667233432773,43773.493034179686,1.7110980416216127e-06,28.857694625854492,3.8470661820610985e-05
444,0.8948223440556944,0.005520078695288279,0.32209191341482435,24274.551772460938,2.2967567770412594e-06,8.779847145080566,2.2294143491308205e-05
445,0.6346626251126185,0.013851881669557552,0.8082455554758217,23075.54010131836,2.351288459662046e-06,6.0527801513671875,2.9568236641352996e-05
446,0.7003509474855482,0.013131343410759687,0.7662027587557525,23657.947379394533,2.3188287632321815e-06,10.086355209350586,2.770313039945904e-05
447,0.861545627474437,0.008605589811247058,0.5021288719549548,18043.381942382814,2.639383936615266e-06,7.492302417755127,2.4734268663451076e-05
448,0.7541585784767477,-0.005578730452470257,-0.3255141937370252,19725.540818359375,2.5385930337779466e-06,5.745123386383057,1.2736782082356513e-05
449,0.982744400014311,0.0014520157162970784,0.08472388641301765,22776.954478271484,2.3829025669171527e-06,5.31072998046875,1.0887286407523789e-05
450,0.4471474917818781,0.0041913683907391355,0.2445627932717505,24657.13968701172,2.2985643800662704e-06,1.0601167678833008,5.31807654624572e-06
451,0.9958535101922608,-0.0009449370613361414,-0.05513627666252762,48267.7486796875,1.662405043688133e-06,4.912073135375977,7.327348612307105e-06
452,0.49015233869799574,0.04370568344749774,2.5501895871018916,39313.7376953125,1.8687236958535198e-06,23.918508529663086,5.132688966114074e-05
453,0.6655378869964378,-0.007966214294674806,-0.46482185245555374,30298.664475097656,2.131183777142917e-06,9.367681503295898,1.2932628123962786e-05
454,0.9373430934813356,0.014799235045960514,0.863522822074589,42725.415403320316,1.7241227218633355e-06,27.16390609741211,4.95665444759652e-05
455,0.24446332944148003,-0.015278206675138304,-0.8914704106922966,29932.210079101562,2.0610557792711253e-06,8.706294059753418,2.7120604499941692e-05
456,0.8728038879607867,0.007796786460097325,0.45493588190383477,26407.329487304687,2.2006444123301026e-06,10.232283592224121,2.5435465431655757e-05
457,0.7128638726149473,-0.008055201765899224,-0.47001419598157707,26755.741908691405,2.17995588765684e-06,7.208883762359619,1.581198193889577e-05
458,0.9561485229513454,-0.003921470103254956,-0.22881445694506633,36536.995284667966,1.8735289381396983e-06,12.272494316101074,1.9418561350903474e-05
459,0.7173855889003776,-0.017589529596071483,-1.026334144203623,33799.09596826172,1.9460017088201265e-06,12.117714881896973,3.092356928391382e-05
460,0.9963352689027374,0.0011412809026736634,0.06659277339645987,30402.767561279295,2.063698770974236e-06,8.883593559265137,1.6299203707603738e-05
461,0.9849646003068899,0.0031729401973658415,0.18513837134109967,47469.551923339845,1.6623272505910722e-06,11.831802368164062,1.8219436242361553e-05
462,0.7233124304619041,-0.06906739783878359,-4.030024126914181,38462.02913916016,1.8911354257895546e-06,67.05271911621094,0.000169760751305148
463,0.9287423836039048,0.030808915745832173,1.7976741221608554,41297.70339892578,1.8048951220117614e-06,87.97248077392578,0.00013210442557465285
464,0.7714208125338722,0.10489620529811225,6.1206046760278605,45572.89347998047,1.7472211816619332e-06,37.456748962402344,0.00017389495042152703
465,0.9426401797639107,0.00368353910408142,0.21493138479793947,32018.85001245117,1.9941897475512495e-06,8.66018009185791,1.4823107449046802e-05
466,0.8397224081254384,-0.006120538329323747,-0.3571282241507439,27394.56418847656,2.1439609601416277e-06,7.074845314025879,1.4392841876542661e-05
467,0.9320061051162642,-0.006021346369443581,-0.35134045736031033,26014.90453076172,2.202734366576226e-06,8.977838516235352,1.7824813767219894e-05
468,0.7882457647464178,-0.005709010305596262,-0.33311591275030206,21782.195738769533,2.4251085461452854e-06,6.6071367263793945,1.5865438399487175e-05
469,0.5221340123710042,-0.008943558347065011,-0.5218490495800541,26383.86043017578,2.2171001652445913e-06,4.941102027893066,1.0454063158249483e-05
470,0.974198811320682,-0.0010887159812792402,-0.06352565478366165,27903.657360839843,2.1421433005811694e-06,2.489490270614624,4.37223525295849e-06
471,0.641884246533943,0.005496845824312228,0.32073629508402357,23338.81113671875,2.3607618799889557e-06,2.008155345916748,7.621863005624618e-06
472,0.6018727811116993,0.008485759546935565,0.4951368775926214,31134.992243652345,2.0367978624281474e-06,2.7929317951202393,1.030928615364246e-05
473,0.9553146168534554,0.004198489558399045,0.2449783073692733,49634.72515527344,1.6727927467219375e-06,9.064204216003418,1.5168332538451068e-05
474,0.9939405254323751,0.006942058403343753,0.40506322420348734,34073.09886523437,2.022975298396677e-06,56.33875274658203,8.775982132647187e-05
475,0.8670443672759759,0.015244797999545166,0.8895210427864308,53034.662564941405,1.6229669325283424e-06,22.759769439697266,3.403863593121059e-05
476,0.5106070487369821,-0.04438348210346511,-2.589738564220075,30506.219989746092,2.051933710359215e-06,9.347086906433105,6.580739136552438e-05
477,0.7855949726583213,-0.009929428529619583,-0.5793737391734587,26164.107228027344,2.208467075932292e-06,10.905482292175293,2.311124262632802e-05
478,0.7341554469564497,0.01384160784751263,0.8076460866669158,25230.674951171874,2.240849828226013e-06,8.386017799377441,2.455869434925262e-05
479,0.6395934116583193,-0.01891755274206315,-1.1038231692272584,20265.127146484374,2.4852938493426835e-06,8.993626594543457,2.949419285869226e-05
480,0.9406908190294297,-0.0030103833167676062,-0.1756533151307015,17614.838004394533,2.6899963580638068e-06,4.227289199829102,1.0363673936808482e-05
481,0.35899726805057014,-0.019531507170806178,-1.1396468897970649,19747.27399609375,2.5585356448605608e-06,4.931483745574951,2.2734744561603293e-05
482,0.6609226524784807,0.00799387441903246,0.4664357972689226,18721.00453918457,2.644761989321814e-06,2.454437017440796,1.1607456144702155e-05
483,0.8765466174966149,-0.001463766086297467,-0.08540951054370038,24960.86709765625,2.3165837695866604e-06,1.4077118635177612,2.8968986498512095e-06
484,0.9313344719566489,0.006993154790767159,0.4080446551037094,41165.65476953125,1.8398702299913293e-06,8.025421142578125,1.3673977264261339e-05
485,0.674309616744682,0.034916989108564965,2.0373767211438167,59354.293510253905,1.4877353498523315e-06,14.217018127441406,3.986504452768713e-05
486,0.9306275231119081,0.0130654859143222,0.7623600296551029,37446.797029296875,1.923113387066371e-06,24.144126892089844,4.151235771132633e-05
487,0.9685751510501666,0.02107739437444438,1.229848097937145,35518.44637084961,1.9760854538928346e-06,58.15672302246094,9.199326450470835e-05
488,0.8333440872239127,0.01011512813002858,0.5902091534705692,40340.1823461914,1.813336082994087e-06,11.182990074157715,2.5748835469130427e-05
489,0.9834185199071503,0.0020693537776105162,0.12074503907556303,26705.109693359376,2.201201282744157e-06,9.270153045654297,1.6511488865944557e-05
490,0.9115167965452814,0.003981577878503035,0.23232169468739908,24537.10925341797,2.2636684748817742e-06,5.96183443069458,1.1634310794761404e-05
491,0.6627407560605959,0.009046131894950257,0.5278341291645728,21788.146208496095,2.4155502920976014e-06,4.275867462158203,1.4452713912760373e-05
492,0.6724987761980827,-0.01843416789735453,-1.0756180732236775,19275.538361816405,2.598987407340017e-06,5.613086223602295,2.5887362426146865e-05
493,0.6800072484183732,0.010460720084684405,0.6103741511237506,18418.207814453126,2.640005059385569e-06,3.383255958557129,1.4738633581146132e-05
494,0.9751263517954699,-0.0009064831124216864,-0.05289252133440436,18701.6240625,2.6186288922386435e-06,2.131539821624756,4.910871666652383e-06
495,0.7398238295061499,0.020319283222688868,1.1856129547573069,18745.923048583983,2.6142603885235007e-06,9.175735473632812,3.0710409191669896e-05
496,0.9333288712432256,-0.0027990780238237975,-0.16332383037588372,21696.727971435546,2.4718435375272298e-06,4.491629600524902,9.159143701253925e-06
497,0.8807112392666386,-0.019172734071032586,-1.1187127834977324,34929.523942626955,1.949365696616441e-06,18.64035987854004,3.902973548974842e-05
498,0.9011868073919435,-0.017401285152616942,-1.0153502404716463,51896.63430322266,1.6453196719299272e-06,24.9699764251709,3.438513886067085e-05
499,0.8499506068072159,-0.03747071402455849,-2.186384405622944,35532.528787109375,1.928063939511415e-06,58.025394439697266,0.00011228004586882889
500,0.7789189829663034,0.054227207976022825,3.1641116259899036,43447.985625976566,1.7445842319901371e-06,41.78685760498047,9.930229862220585e-05
501,0.9335473123564222,0.002885927367259508,0.1683914159575723,36838.30596289063,1.8896807827786033e-06,4.407487392425537,8.387401067011524e-06
502,0.9296122325599442,0.002711277756916249,0.15820075921555354,25327.00857763672,2.22722557338515e-06,4.115027904510498,8.694287316757254e-06
503,0.8172147311348766,0.0039645339591597726,0.2313271964390235,26033.36114868164,2.2120754877942087e-06,2.620239734649658,8.616436389274895e-06
504,0.7889079990718664,0.004367046660272916,0.2548134714057124,23721.661298828127,2.321030152560159e-06,1.8784154653549194,8.133271876431536e-06
505,0.913676412989648,0.003198971380350159,0.18665726880591788,25441.7276496582,2.258657568568955e-06,4.128540515899658,9.391880666953512e-06
506,0.7093523052582603,-0.004278874620802215,-0.2496687076314122,28301.71032836914,2.13037081648187e-06,2.7201297283172607,6.532333827635739e-06
507,0.8505230274344331,0.007668059109614898,0.4474247501040117,41419.3065859375,1.7884022169545995e-06,4.786764144897461,1.2810279258701485e-05
508,0.47347540158818613,-0.01459114641545563,-0.8513810268468508,31275.24268359375,2.102655563330815e-06,12.271819114685059,1.894668093882501e-05
509,0.9194914843654203,0.0314243140991858,1.8335820945079144,38449.78551171875,1.8582164090822856e-06,42.31010818481445,7.524492684751749e-05
510,0.16384406148860478,0.013881264493244241,0.8099600183349933,48111.51300439453,1.6556760949211534e-06,4.402009010314941,1.3893381037632935e-05
511,0.8374815880477652,-0.00525530189561027,-0.3066424115609945,26818.96690625,2.190079726038268e-06,4.953924655914307,1.2630147466552444e-05
512,0.7744197857064736,0.004499728689337927,0.262555355349104,23527.548090820314,2.319633792013349e-06,3.970001459121704,8.901243745640386e-06
513,0.9901414327474238,0.0002342106869295786,0.013665995080783672,21403.770184814453,2.4374548681645994e-06,1.4149900674819946,3.0952148790674983e-06
514,0.9168416135322462,-0.001472000053779717,-0.08588995556772097,19495.773622314453,2.584117157894606e-06,1.9039297103881836,4.3021223063988145e-06
515,0.3317817681296009,-0.010218658532615605,-0.5962500647159698,19092.41988354492,2.636812902693351e-06,1.4359461069107056,1.072602844942594e-05
516,0.8079227086162024,-0.0021636834338748787,-0.12624909457098282,20778.231361816408,2.5099146510483065e-06,1.0210607051849365,3.4068709737766767e-06
517,0.9746147419459263,-0.0006690422442922176,-0.039038047918296015,21187.227294433593,2.4886348176943207e-06,1.4077434539794922,3.154344994982239e-06
518,0.880084466855401,0.004691132572236819,0.2737236096949258,24825.532865478515,2.3042240382909156e-06,1.1141170263290405,6.220961950020865e-06
519,0.7786870902605681,-0.010332809035418517,-0.6029106498080693,48215.916286132815,1.6921174970164688e-06,6.263928413391113,1.2253914064785931e-05
520,0.8315548256398756,0.027817350854763105,1.6231188462204051,28294.419635742186,2.1564659431075328e-06,6.141587734222412,4.961711238138378e-05
521,0.8337557971106974,0.018442787646856366,1.0761210283015779,28948.59491015625,2.1514198707233396e-06,21.30609893798828,5.397393033490516e-05
522,0.8966416812470294,0.005321375177759311,0.3104977315750275,51345.42428515625,1.6087922760957222e-06,8.34704303741455,1.514520772616379e-05
523,0.7803623659073298,-0.00485619606094026,-0.28335492436382675,26476.35255395508,2.189281169033497e-06,4.17927360534668,1.0027085409092251e-05
524,0.8489552767518742,-0.0033075747578309527,-0.19299418383685013,25475.834116699218,2.228673565935716e-06,3.885132312774658,8.65413312567398e-06
525,0.6993758056420935,0.008876085802454331,0.5179120837873072,22960.06917578125,2.3626182617847393e-06,2.5735647678375244,1.534561306471005e-05
526,0.9291249978963354,-0.0034896211584653186,-0.2036164370233226,25895.38110644531,2.232643379729177e-06,4.585132598876953,9.802720342122484e-06
527,0.6029024505162457,-0.002385021261242673,-0.13916396920652455,22999.106720947264,2.38042021734232e-06,1.5033468008041382,3.7405366128950845e-06
528,0.9249190233159443,-0.0013621119386325665,-0.07947807718281584,22587.337970458986,2.3990289712668747e-06,1.815735101699829,3.446770961090806e-06
529,0.4503012878865871,-0.018384171900743845,-1.0727008491947587,44961.64198291016,1.7092623933911303e-06,6.01271915435791,1.952746788447257e-05
530,0.6997434591888733,0.017803465812192245,1.0388171410960185,39476.82915966797,1.8818810294669191e-06,13.27867603302002,3.109188037342392e-05
531,0.6956274692250244,0.042987315549305335,2.508273429083697,45708.763807128904,1.7457873832413823e-06,40.978755950927734,7.171197648858652e-05
532,0.7610432378590529,-0.013061254290465922,-0.7621131179895346,39400.40981787109,1.8618729746301242e-06,17.934276580810547,2.900208164646756e-05
533,0.8968762063204359,0.00475539237812747,0.2774731149062648,27497.92808642578,2.1514482543940696e-06,7.801816940307617,1.4820731848885771e-05
534,0.9214950879241247,0.0025854713132072576,0.15086005985039214,26037.728235839844,2.21162626692824e-06,3.485844135284424,8.055684702412691e-06
535,0.7928625669722633,-0.004997789553843126,-0.29161678466938723,22727.219166015624,2.352995400526163e-06,4.72210168838501,1.1517035090946592e-05
536,0.8030303924677854,0.005658374993358409,0.33016138519638,17896.292475341797,2.6490793677236825e-06,2.957829475402832,9.3037433543941e-06
537,0.3151403845706498,0.023742456502835158,1.3853522143975607,19055.01009277344,2.6049778005804738e-06,2.8684511184692383,2.4698008928680792e-05
538,0.8496846898394412,-0.0034299781740417005,-0.20013631943167104,19322.102917480468,2.5755737569741244e-06,2.235609769821167,5.896946731809294e-06
539,0.7563781085030323,-0.004725908293777577,-0.2757527435732171,21249.96035546875,2.453097748694086e-06,3.027024745941162,7.70070528233191e-06
540,0.8482113025717145,-0.0064682850453855354,-0.3774189503057292,26141.641186523437,2.2210230436782183e-06,5.249316215515137,1.068048550223466e-05
541,0.8933035004968432,0.00519493091470171,0.3031198159914484,40731.785083984374,1.8182049360820014e-06,5.999910831451416,1.1070977052440867e-05
542,0.04268059048879355,-0.010208742684326503,-0.5956714833723208,49391.25419873047,1.65415322850493e-06,2.9145426750183105,9.026274710777216e-06
543,0.8443879155672035,-0.005949580739886481,-0.347152993699476,62305.737200683594,1.4792794607811444e-06,7.718135833740234,8.165419785655104e-06
544,0.9942951585663357,-0.0008098415224967694,-0.04725356646933397,42651.456672851564,1.800200002847294e-06,9.755276679992676,1.5054509276524186e-05
545,0.5562929565950713,-0.0487563570181282,-2.8448921093298094,38768.95799804688,1.916884227817666e-06,18.795066833496094,7.654575892956927e-05
546,0.8413082542744992,-0.01238583178822834,-0.7227027874276134,47458.314770507815,1.6707370438249707e-06,16.6772403717041,2.8805816327803768e-05
547,0.9540786483115807,0.010576357476542522,0.6171214949320322,32022.236199707033,2.0127531933604464e-06,27.536638259887695,4.711182555183768e-05
548,0.8317284364042767,0.0226412848273375,1.321099780412881,27403.045189941407,2.129499898684429e-06,16.943603515625,4.899762279819697e-05
549,0.4340653207094294,0.009367202631367064,0.5465683345160773,33671.68620019531,1.9461821909796945e-06,3.0894484519958496,1.3280256098369136e-05
550,0.7311622882111761,0.01083348721842883,0.6321247974448592,34348.09329394531,1.9515007548985413e-06,8.784200668334961,2.3144697479438037e-05
551,0.9496311036704158,0.0019048998700460528,0.1111492929494806,33306.406470214846,1.9502680759878785e-06,3.9106948375701904,7.410505077132257e-06
552,0.8111675349448585,0.004769895340775947,0.27831935048504713,41439.06314013672,1.8027505782619881e-06,3.1874303817749023,8.1743955888669e-06
553,0.8683576795755755,-0.010041221630643325,-0.5858967718697224,45136.05910498047,1.7291936180186223e-06,10.768775939941406,2.3568783944938332e-05
554,0.9468291012361629,0.010543334416300308,0.6151946273550707,40586.021994140625,1.8094394218519766e-06,25.43901824951172,3.910162195097655e-05
555,0.9337859638907907,0.01525286976685767,0.8899920235680169,45216.36479492187,1.7210985813211364e-06,32.58525085449219,4.4437798351282254e-05
556,0.5626517333503741,0.008939903442042789,0.5216357889696643,41253.923274658206,1.7802300376355044e-06,5.222477436065674,1.1253819138801191e-05
557,0.979631034473515,-0.0007788925596872618,-0.045447720719702316,25608.643827148437,2.2341294575331983e-06,2.492192506790161,4.616028036252828e-06
558,0.9593241407967558,0.0012807239984697443,0.07472915985337449,23379.12080126953,2.3179155130058967e-06,2.2296955585479736,4.90882302983664e-06
559,0.7643758059813212,-0.007191761954434449,-0.4196332147773406,21124.7640390625,2.45892251123693e-06,3.7291431427001953,1.4218206160876434e-05
560,0.6396717226120542,-0.0029529378441905353,-0.1723014204928296,22601.76714770508,2.4338408548304612e-06,1.6030349731445312,3.980215751653304e-06
561,0.7497318235869946,-0.01982700523395671,-1.1568889513371965,20791.1522565918,2.5417746950504605e-06,14.241985321044922,3.5745761124417186e-05
562,0.44084944371053364,-0.010823935955034815,-0.6315674893208403,23172.610793945314,2.3644548515139396e-06,4.321813583374023,1.0807822036440484e-05
563,0.48955416022399595,-0.03547284650634333,-2.069810529196053,38991.19703173828,1.8431629193398722e-06,12.827964782714844,3.540496982168406e-05
564,0.9089723200027513,0.013447155151943445,0.7846301061925868,42150.165468261715,1.7942760042514825e-06,26.477947235107422,4.7803921916056424e-05
565,0.9978656938131863,-0.00022736621153052105,-0.01326662574217535,38016.461703125,1.8995904384987423e-06,79.86695861816406,0.00012589959078468382
566,0.44964196507102905,-0.05289067389041817,-3.086125994853162,54060.91528808594,1.5665947140620929e-06,30.242868423461914,6.543195922859013e-05
567,0.83369550274413,-0.012131417791439924,-0.7078579463395617,38577.80432617188,1.8184095261466596e-06,18.717464447021484,2.7885442250408232e-05
568,0.9555928820742056,-0.014052414436176254,-0.8199464724496537,28055.44716748047,2.1380940865086173e-06,37.38010025024414,6.452721572713926e-05
569,0.9298713707622904,-0.011167425082104186,-0.6516097887665702,20735.44614770508,2.4612042475466934e-06,18.01531410217285,3.4262116969330236e-05
570,0.9994031776402375,0.00042447812964029817,0.024767939104797385,24595.78993408203,2.2860642377932123e-06,23.60004997253418,4.603308843798004e-05
571,0.7778467468691826,-0.02002505714752828,-1.1684451126383355,28286.03240649414,2.18335857295184e-06,18.00370979309082,3.858267518808134e-05
572,0.9430833303485804,0.014423343520338725,0.8415898701354649,24055.172435546876,2.2907579047230908e-06,18.278200149536133,4.7034252929734066e-05
573,0.9980071477933321,0.003178361136757694,0.18545467856018297,39386.563282714844,1.804198370784584e-06,33.97788619995117,5.3449348342837766e-05
574,0.023105414284191342,0.07040579962305855,4.1081187366853955,60946.02097753906,1.4677731331533303e-06,26.94500160217285,8.156389958458021e-05
575,0.6181294932561694,-0.018733597417356817,-1.093089531939065,34864.81547070313,1.9297878604108395e-06,13.084975242614746,2.304656482010614e-05
576,0.8817606675155101,0.007730336618142725,0.4510585899442947,49572.36418994141,1.6121841602471853e-06,9.531007766723633,1.6424952264060266e-05
577,0.8536346999824452,0.01509314176067339,0.8806720297821052,51453.938550292965,1.6148903933517565e-06,21.60533905029297,4.041006468469277e-05
578,0.7875178048111576,-0.024914969345244422,-1.4537673450074573,27957.268874023437,2.1969397182979917e-06,30.99138641357422,8.984186570160091e-05
579,0.6821076204456642,0.05826365493087293,3.3996348847787377,42199.33160546875,1.7959060931909098e-06,45.65178298950195,0.00011189180804649368
580,0.9074780356332115,0.0037436392718592274,0.21843817865082946,32047.687463378905,2.001059453705034e-06,5.446406841278076,1.1007344255631324e-05
581,0.701319380733378,-0.006944054406479541,-0.40517968929477977,26681.997704101563,2.1821679825464063e-06,5.987968444824219,1.2733452422253322e-05
582,0.39991123331141704,-0.01127264705528388,-0.6577494017223889,22783.69751196289,2.36764286149256e-06,2.6911356449127197,1.5191118109214585e-05
583,0.9975423202664521,-0.00028785294889637305,-0.016795975602896824,19172.830497802734,2.5651130863405717e-06,1.8445820808410645,4.043041826662375e-06
584,0.6192152352359913,-0.007241484952108513,-0.4225345095496833,20629.19126196289,2.528173300861701e-06,2.573803424835205,8.145224455802236e-06
585,0.22267728034029724,-0.009719742046447193,-0.5671387105968068,19601.762251464843,2.5670171476731826e-06,4.034486770629883,8.863216862664558e-06
586,0.6265682822401232,0.011876282698988501,0.6929710299307267,18399.004845947267,2.6612031804201242e-06,2.1566214561462402,1.4623731658502948e-05
587,0.7659153117251598,-0.0013211976351947738,-0.07709076225349033,21141.190234375,2.471935818046909e-06,0.6649134755134583,1.8817788713931805e-06
588,0.9718866877195512,-0.0014478882059394409,-0.08448304968185552,32680.317403808593,2.0362163472591186e-06,2.61838698387146,5.02059356222162e-06
589,0.743629806695908,0.021215914069151045,1.237930604723106,48447.852332519535,1.683349387668296e-06,16.209577560424805,2.8034111892338842e-05
590,0.6794303184999915,-0.035907756360404136,-2.0951871505795445,48678.00984570313,1.6757174046442578e-06,32.13615036010742,5.2091207180637866e-05
591,0.7766819225808742,0.031759228322434455,1.8531240555832291,46748.441125,1.6919060792394435e-06,12.780559539794922,5.4697622545063496e-05
592,0.9957652635079897,0.002588341651801458,0.15102754167465374,47261.172380859374,1.6600021886595556e-06,35.08098602294922,4.8576941480860114e-05
593,0.8283027914157912,-0.0056564251887097185,-0.33004761574765495,26333.113752441408,2.200359454136683e-06,5.375290870666504,1.2604087714862544e-05
594,0.601122122777582,-0.004397186793201369,-0.25657212261729545,23278.67610546875,2.3276001834319083e-06,2.5679738521575928,6.708336513838731e-06
595,0.0730566428567138,0.00909416989950132,0.5306371060162776,24639.410369628906,2.2778798406750615e-06,1.4381721019744873,1.0289396414009389e-05
596,0.7465220910482647,-0.012993254762730793,-0.7581454031781125,23464.98437133789,2.3687763753926854e-06,5.689285755157471,1.9375207557459362e-05
597,0.8034361577198739,0.0038892565880816934,0.22693482563676087,24785.573333251952,2.314313443809725e-06,2.1983134746551514,6.001828296575695e-06
598,0.589059119294083,-0.00558334993962425,-0.32578373689728757,20208.685013671875,2.5384083501583483e-06,2.288590669631958,6.78876267556916e-06
599,-5.6818460011280496e-05,-0.027571273114280193,-1.608760418622517,33545.65156201172,1.9771788800936504e-06,4.668576717376709,2.4180617401725613e-05
600,0.8636532996613467,-0.007328456679217386,-0.42760923611497664,47913.13114208984,1.7030537088872067e-06,9.477068901062012,1.425703703716863e-05
601,0.5906849178928358,0.03330487692649962,1.943311341640444,47534.1837109375,1.692595224922241e-06,23.652141571044922,4.584950875141658e-05
602,0.9200026559065954,-0.01572142079318131,-0.9173315788410018,40730.24523828125,1.8243954312315912e-06,32.826637268066406,4.8890440666582435e-05
603,0.46658067359163785,0.04763004884454056,2.779172981985619,47957.35900488281,1.6596418003113254e-06,27.495508193969727,7.376492430921644e-05
604,0.8545910592293608,-0.002766265501405144,-0.16140924750248883,29407.655496582032,2.080799130745856e-06,3.44596791267395,6.020427463226952e-06
605,0.5796498726225456,-0.007816591780258696,-0.45609150554956546,26950.886892333983,2.172158680186712e-06,2.3397459983825684,1.0209420906903688e-05
606,0.11800588276673257,-0.005709711732921658,-0.33315684044025523,24173.48040722656,2.3074579445215045e-06,1.1243901252746582,5.837756361870561e-06
607,0.3403962079063058,-0.007362957585813705,-0.429622334774175,23967.111896240236,2.3204301778602805e-06,1.727356195449829,6.981000296946149e-06
608,0.7578444055559321,-0.005708077730233812,-0.33306149776829264,22661.613467529296,2.415844169212617e-06,3.5293185710906982,8.864533810992725e-06
609,0.4401445665889075,-0.004919193654121474,-0.28703078053333847,21958.042584228515,2.4517512335661755e-06,2.0174503326416016,4.285910108592361e-06
610,0.2532434432218248,0.007949329662124752,0.463836648456561,23372.172325683594,2.401170523643312e-06,1.8479580879211426,8.393871212319937e-06
611,0.965120445683507,0.0015653069947350682,0.09133433649164613,30779.357381835936,2.083113597752437e-06,3.7152321338653564,6.349788691295544e-06
612,0.9804391428434484,-0.002041592437768936,-0.1191251884244906,49214.693863769535,1.6657622447691784e-06,9.33501148223877,1.2416694517014548e-05
613,0.9809811445448061,0.015076616832167846,0.8797078142092483,39666.56690136719,1.8490912806921728e-06,76.11429595947266,0.00011037956574000418
614,0.9823555333185056,0.008209829726956296,0.4790366064567785,45878.67300830078,1.7410741106286855e-06,39.10781478881836,5.5434327805414796e-05
615,0.2727883180426185,-0.009321013041709531,-0.5438732111068153,44301.56690136719,1.7213473805859626e-06,5.5321807861328125,1.2866832548752427e-05
616,0.8177933595008677,-0.004448351672631748,-0.2595575499680751,25695.504165527345,2.208138201204955e-06,4.938788890838623,9.764231435838155e-06
617,0.6478747357692487,-0.022739218344199334,-1.326814118119768,25155.24781323242,2.2406227654366638e-06,8.07873249053955,3.575948721845634e-05
618,0.8404412580345341,-0.004187246953023449,-0.2443223108740994,26976.115429199217,2.1755371058821327e-06,4.386797904968262,9.224442692357115e-06
619,0.9210328224839123,0.006308255802481269,0.36808137961251486,31464.869236816405,2.035868330469659e-06,10.619538307189941,2.0766439774888568e-05
620,0.47701374803137425,-0.045402841350808035,-2.649217312360754,29036.439864501954,2.109879731754471e-06,15.812063217163086,4.916669786325656e-05
621,0.9479950106033753,-0.0020115107270332563,-0.11736994609834105,21583.100231201173,2.4734265854665814e-06,3.2959022521972656,6.414529707399197e-06
622,0.9865532805100774,0.0013737975388068966,0.08015992204904271,34414.37868896485,1.948062692142701e-06,5.110044002532959,8.35244918562239e-06
623,0.9733468938606775,-0.005432280656882397,-0.3169689722856777,38039.540068359376,1.8525163972833759e-06,13.663917541503906,2.0687975847977214e-05
624,0.9918314964957162,-0.0031846024139077335,-0.1858188517921922,46621.6100859375,1.7023783070510994e-06,20.698684692382812,2.738899456744548e-05
625,0.9743929086095539,-0.003921421193838527,-0.2288116031220701,59413.29932714844,1.5138067866300941e-06,11.369593620300293,1.653226718190126e-05
626,0.9076315283216168,0.024366370169619317,1.4217570480662725,39161.898530273436,1.888474922884926e-06,48.91557693481445,6.657133781118318e-05
627,0.2909255841167003,0.046463133025209075,2.7110844329286437,45663.0455703125,1.713894772698082e-06,18.257984161376953,6.395531090674922e-05
628,0.9303659654964149,0.003132139390920294,0.1827576788650791,38750.356837402345,1.8055548985678486e-06,4.611300945281982,7.983866453287192e-06
629,0.7871424700470397,-0.002700471460908528,-0.15757022100220797,25636.10658154297,2.2109471892165595e-06,2.2975223064422607,4.5108554331818596e-06
630,0.5512398568116558,-0.0038539417973620055,-0.22487423752875849,24651.186147460936,2.277157186107943e-06,1.6949594020843506,5.445398073788965e-06
631,0.4030119650785245,0.011175188997916852,0.6520628066740555,26725.351068847656,2.1878973824127747e-06,2.3618063926696777,1.414253802067833e-05
632,0.8709643745822326,0.0028389620149041886,0.16565102745237975,27988.54894165039,2.1573783607133743e-06,2.4290149211883545,6.0971979110036045e-06
633,0.8674122604335066,-0.002441179898859811,-0.14244077811512096,28122.50209423828,2.1410743766268407e-06,2.2063233852386475,5.126360065332847e-06
634,0.7514502399743425,-0.009159805120034083,-0.5344668655062731,41308.28877783203,1.8161595945644882e-06,9.03195571899414,1.6205023712245747e-05
635,0.9789930017009825,0.0047379019632679655,0.2764525640229368,26132.01485595703,2.2971299304069654e-06,28.33103370666504,5.2362014685058966e-05
636,0.9440916915732412,0.005424989492891486,0.31654353904631866,49418.90434423828,1.6480404538478768e-06,13.281867980957031,1.862495264504105e-05
637,0.7232613471747389,0.021190134277583452,1.236426375734391,37890.18571533203,1.851379560380085e-06,10.637529373168945,3.054196713492274e-05
638,0.8653779968473579,-0.001983349745305794,-0.11572677668193755,25966.197592285156,2.212461541751553e-06,2.2877357006073,3.876116352330428e-06
639,0.22159269638629625,-0.010688018521083219,-0.6236368222444325,23513.42581933594,2.3272415919038923e-06,3.172748565673828,1.3595235941465944e-05
640,0.1839893826659807,-0.005717170158384539,-0.333592033244744,30790.38394873047,2.058617152096715e-06,2.6519618034362793,5.141746896697441e-06
641,0.9923801799059007,-0.0014587200317014984,-0.08511507753472924,27396.53390917969,2.156847777333767e-06,11.143773078918457,2.4322176614077762e-05
642,0.6059685416393236,-0.0087610146801092,-0.5111977813251756,22576.444668823242,2.4142180827301016e-06,2.9134480953216553,1.041663381329272e-05
643,0.386031077011241,-0.006386938309143628,-0.3726724371901514,21021.631856445314,2.517781040725299e-06,2.5522119998931885,8.595232429797761e-06
644,0.7422964749987825,0.01696562596301299,0.9899298959943,24351.86148413086,2.3202634093610806e-06,6.823712348937988,2.4915261747082695e-05
645,0.789600803435245,-0.022339773026687777,-1.3035068223865196,53114.82781445312,1.627075703534779e-06,16.025800704956055,3.105691939708777e-05
646,0.9357706981382489,-0.009300392045171914,-0.5426699934358443,50436.617766601565,1.6619059826071227e-06,16.140151977539062,2.8157863198430277e-05
647,0.9874289417307568,0.005078136782147507,0.29630497734392736,52540.987511230465,1.6240563219302091e-06,33.984012603759766,4.6065706555964425e-05
648,0.7038002318488847,0.053258421680325456,3.1075837667154387,32291.943459472655,2.023643442705409e-06,38.99248123168945,0.00010157051292480901
649,0.9824093074835926,-0.0008497600881272196,-0.04958278094152284,37631.51586621094,1.8530294461251247e-06,3.697153091430664,5.774764304078417e-06
650,0.9964915924723002,0.00020219173856167983,0.01179771658066921,27677.73899316406,2.132608275898488e-06,2.630675792694092,4.8483475438843016e-06
651,0.8123759265785442,-0.0028985985996091883,-0.16913077162587392,25703.20483984375,2.215533025673137e-06,2.4184908866882324,5.593165951722767e-06
652,0.9799745634774275,0.0014727305893223943,0.08593258169748237,23169.54851123047,2.3633674985618706e-06,4.095344543457031,8.853286999510601e-06
653,0.8819701653481351,-0.0012342639694571246,-0.07201825653694967,22230.77976660156,2.4020461225819687e-06,1.4069507122039795,2.7745786610466894e-06
654,0.11951870120311332,-0.004456228872368086,-0.26001717789649453,23720.130142822265,2.374706040235145e-06,0.9850197434425354,3.5814728107652627e-06
655,0.9521529494439165,-0.003817042141085541,-0.22272117385874587,24792.55872290039,2.3121701976561713e-06,5.842211723327637,9.769049938768148e-06
656,0.7899115856345291,0.012713543611834641,0.7418244945880768,47870.732499511716,1.6998376206782723e-06,11.391515731811523,2.4094026230159216e-05
657,0.7847784631280099,0.010808816587953744,0.6306852870658398,47715.83037988281,1.6914972309020572e-06,12.05436897277832,2.07477314688731e-05
658,0.6718143876177713,0.032666186990905115,1.9060443252100412,32003.437864746094,2.060570034778744e-06,32.7772102355957,6.784604920540005e-05
659,0.9389098539049722,0.019404155910380843,1.1322160516857893,43718.76051220703,1.7316073523335676e-06,7.384687423706055,4.3060230382252485e-05
660,0.992174995570901,-0.0006312335490238765,-0.036831942593549,26480.72262451172,2.18335854334328e-06,3.0046722888946533,5.706619958800729e-06
661,0.9800535128129362,0.0006913395224189638,0.040339075199286825,23814.57680151367,2.3232357657574034e-06,2.1050851345062256,4.111243470106274e-06
662,0.7250496854449756,0.002585299814013662,0.15085005301779728,21280.219905761718,2.4401851305154043e-06,1.1592087745666504,3.939962425647536e-06
663,0.8959943070457317,-0.002421073879026064,-0.14126760889836038,20916.20036010742,2.508918555569755e-06,1.9463988542556763,5.120542937220307e-06
664,0.9552913496866831,0.004619775660370163,0.2695599943649265,23949.764353515624,2.3555303349786715e-06,10.582298278808594,2.0502007828326896e-05
665,0.6835248429726143,-0.0030137455067854244,-0.1758494960686703,20405.080032226564,2.5697121640615228e-06,1.561009407043457,4.0776803871267475e-06
666,0.7835892151546058,-0.0052579507033517605,-0.30679696724775535,26540.81657861328,2.2124658686613174e-06,2.677698850631714,6.984294941503322e-06
667,0.9881178194504271,-0.0031644859364739863,-0.18464507238333483,49741.47070996094,1.6516429404900921e-06,15.853836059570312,2.515811866032891e-05
668,0.8254830439548269,0.015469515639637858,0.9026331266299636,37246.895387207034,1.9123777987869845e-06,9.912299156188965,3.266934436396696e-05
669,0.4355294940523848,-0.09505886363965221,-5.546604127739793,36987.96035498047,1.9443555365432455e-06,44.88856506347656,0.00012818200048059225
670,0.3286827358592695,-0.03786541563935286,-2.2094149103230953,43549.46835595703,1.753676617040086e-06,16.222280502319336,5.03967676195316e-05
671,0.575568159003445,-0.019712519059610856,-1.1502087800950587,34305.94811767578,1.946213748481783e-06,12.31074047088623,3.0510105716530234e-05
672,0.7873718798573385,-0.0118632329383721,-0.6922095874588778,29471.90743798828,2.0853838543676484e-06,10.160904884338379,2.504554322513286e-05
673,0.3916050278687029,0.017692150023219163,1.0323219591533728,25149.847932373046,2.2387406306031447e-06,5.330111026763916,2.4732909878366627e-05
674,0.7202178229206808,-0.00970302205711635,-0.566163113390114,22643.77689355469,2.3711684857866024e-06,4.102571487426758,1.7376081814290956e-05
675,0.7554770547940818,-0.021489458217674593,-1.2538916739514456,21587.645026367187,2.4593474347448073e-06,4.245977401733398,3.220958387828432e-05
676,0.991387374127754,-0.001675314938734465,-0.0977532067885208,20656.00590600586,2.4894397080344233e-06,5.803441047668457,1.3116038644511718e-05
677,0.24619655587535666,-0.003036454931680539,-0.177174571764287,22962.762031738283,2.389821152061197e-06,1.196280598640442,3.2102509521791944e-06
678,0.8870351997546853,0.0014908525924124812,0.08698998521877231,24669.225037353517,2.2819282328821353e-06,0.9940957427024841,2.9008272122155176e-06
679,0.9831179357104304,-0.009444683912593906,-0.5510893016076311,38552.09341259766,1.8782939163373678e-06,39.2381706237793,5.7166475016856566e-05
680,0.4580200452525783,0.03621760137467028,2.1132663445577404,44670.78957421875,1.748186179635221e-06,26.402740478515625,5.4593085224041715e-05
681,0.7744956076385777,0.027919502381469456,1.6290793012268123,33105.96813964844,2.003451992603747e-06,26.037282943725586,5.562693695537746e-05
682,0.7006331228446233,-0.03859984063790034,-2.252267986538068,45841.270935546876,1.702387331574919e-06,27.716529846191406,6.846756878076121e-05
683,0.9986342308014108,0.0006217464705754905,0.03627837960670871,22836.574930175782,2.3566637678841226e-06,11.408676147460938,2.198037509515416e-05
684,0.6606054502095879,0.017185915416405798,1.002783598896934,27597.02067578125,2.1569772270083957e-06,7.862489700317383,3.4367694752290845e-05
685,0.9541641630046669,0.0037351639341141833,0.21794364987654435,23657.130521484374,2.302889360094165e-06,6.663480758666992,1.6886073353816755e-05
686,0.9338214265166462,0.00513038671929092,0.299353716892639,25448.35682519531,2.2383997062245895e-06,9.433733940124512,2.212835352111142e-05
687,0.43001684512945276,-0.01240447773122121,-0.7237907623981736,26106.146862792968,2.1990292829338074e-06,5.0300397872924805,1.865143894974608e-05
688,0.49795123924399404,0.009867468198334624,0.5757584063564787,27108.336826171875,2.206316368439038e-06,4.927692890167236,1.2233441339049023e-05
689,0.7245049295724333,0.018464838846873916,1.0774076971334565,37567.81704638672,1.8874720110432253e-06,5.162400245666504,2.3986509404494427e-05
690,0.9954503567894486,0.0011145125287740055,0.06503086146652605,34326.6041315918,2.0245096806374455e-06,35.8481330871582,5.416685962700285e-05
691,0.9232941108647822,0.03291341883372796,1.920470093701323,44778.82777294922,1.7365286362924416e-06,76.00028991699219,0.00011188421922270209
692,0.9711862058360652,-0.010080192033583712,-0.5881706618525464,49647.96280810547,1.6757510733271084e-06,42.16798400878906,5.314768714015372e-05
693,0.9749230951835911,0.003408658144351545,0.1988923137687039,27784.954450683595,2.1380074159345e-06,12.85746955871582,2.4368808226427063e-05
694,0.8291401612446139,0.00803871645874482,0.46905229228097844,27052.79051220703,2.187610261814228e-06,7.681002140045166,2.0367715478641912e-05
695,0.9320478775455974,0.004203413992140371,0.24526564390445393,24842.402981689454,2.2743105660156354e-06,7.126073837280273,1.65765068231849e-05
696,0.9421633445996254,-0.004463050130589861,-0.2604151925324858,21028.082258056642,2.455316518622757e-06,7.410151481628418,1.5206371244858019e-05
697,0.9499002505973492,-0.0033222231972109724,-0.19384890785962158,20528.826018554686,2.480959605701532e-06,4.881078720092773,1.0889871191466227e-05
698,0.8090069136182897,-0.010485846868011992,-0.6118402776351082,20775.54592993164,2.4793203576055703e-06,6.300193786621094,1.84594882739475e-05
699,0.9604173868497398,0.003654419552011487,0.21323228361447388,24523.649359375,2.2913856846656044e-06,5.606863975524902,1.2583793250087183e-05
700,0.898659413547312,0.008157397527665283,0.4759772320662278,29306.77866748047,2.1030935182778745e-06,8.697001457214355,1.7799158740672283e-05
701,0.6268206640075406,0.019227740150441548,1.1219223416117141,31049.791796875,2.066302523711017e-06,7.290330410003662,2.5339099011034705e-05
702,0.5121498876388972,-0.044189574403140405,-2.5784242142495275,57223.6886953125,1.568779032818715e-06,22.705501556396484,4.828040982829407e-05
703,0.9829041139849221,0.003070746479669454,0.17917545452618192,38770.49748925781,1.8341353041903337e-06,28.988391876220703,4.1166764276567847e-05
704,0.7384323130862719,0.03538937474303029,2.064940022551908,54415.73771679687,1.5820117990336183e-06,23.602705001831055,5.9929978306172416e-05
705,0.7543197230647898,0.013902118395010002,0.8111768258286313,31942.29955761719,2.029694904952194e-06,9.623615264892578,2.774669701466337e-05
706,0.7996282036580573,-0.004948678570217632,-0.2887512003980758,25493.637611328126,2.2260536328455567e-06,6.0197014808654785,1.1166534022777341e-05
707,0.9148168399010429,-0.002559595135704005,-0.14935020682402164,21267.00490234375,2.433802552832365e-06,4.077094078063965,7.586170795548242e-06
708,0.9673040738856158,0.0018079683483613724,0.10549342081195505,20334.23941064453,2.524855457987376e-06,3.2645263671875,8.115703167277388e-06
709,0.9022690131013856,0.006990610294115204,0.40789618588061566,24777.27271801758,2.280531782328632e-06,7.666018962860107,1.7303969798376784e-05
710,0.8838724152352695,-0.0038644796651661952,-0.22548911318393008,27824.866611083984,2.1711805872844752e-06,5.9663496017456055,1.089145280275261e-05
711,0.9899048532120801,0.00116451265526901,0.06794832647069447,20533.100310302736,2.5193473378335866e-06,3.454671621322632,8.253455234807916e-06
712,0.7360018545067377,-0.0068047366673141384,-0.3970506172910212,33627.67171533203,1.978307161584825e-06,4.613207817077637,9.139479516306892e-06
713,0.9982234950394729,-0.0017269697638329466,-0.10076722205378852,49354.179270996094,1.6625242094986652e-06,21.922882080078125,3.075737549806945e-05
714,0.8300401806718293,-0.01523721770049607,-0.8890787387614782,46561.36841650391,1.7182045731376216e-06,22.55159568786621,3.078890949836932e-05
715,0.4776632590864094,-0.04026435584186445,-2.3493910379558822,49806.58650488281,1.6836253172656171e-06,19.091489791870117,5.720808985643089e-05
716,0.9522941517975105,0.006694247257852381,0.39060365389247625,39498.477174804684,1.8214109957872451e-06,13.797419548034668,2.2463394998339936e-05
717,0.9594428877693864,-0.005188649783643522,-0.30275331731767624,28537.46553979492,2.1136321859753992e-06,11.305569648742676,2.026368565566372e-05
718,0.9839388972219323,-0.0025416508066874975,-0.14830317043434021,25816.327783691406,2.2040963645940044e-06,9.368288040161133,1.691946636128705e-05
719,0.35165215117049764,-0.009665612370052281,-0.5639802898559133,22477.439319824218,2.3660099499387055e-06,4.7894697189331055,2.1205964003456756e-05
720,0.8400400244319186,0.007044993990224695,0.41106942845656447,34664.110350585936,1.9355358269367258e-06,12.444568634033203,2.485911136318464e-05
721,0.9981616304235178,-4.2864478555284526e-05,-0.0025011059945911304,25691.92512207031,2.217674100266339e-06,2.9975316524505615,5.695770141755929e-06
722,0.9978414231608193,0.0001227978030747212,0.0071651477340774,28167.46052294922,2.150964472598527e-06,12.066998481750488,2.3398197299684398e-05
723,0.99199981251122,-0.0017575782560282946,-0.10255320163164443,40993.43943017578,1.8098633611967814e-06,7.8041510581970215,1.2064432667102665e-05
724,0.821482075204241,0.018817209831720715,1.0979682454528212,44389.337934570314,1.7946663992016024e-06,10.815680503845215,2.8361089789541438e-05
725,0.7802526697549058,0.037975500189438495,2.215838250520175,28160.407895019533,2.1840975658734726e-06,13.601104736328125,6.053690958651714e-05
726,0.7989310411865684,-0.004174444539754955,-0.2435753009103654,44188.2254375,1.7499713337002852e-06,4.815389156341553,8.370181603822857e-06
727,0.8783311256513332,-0.002885495883665802,-0.16836623925557664,27208.563337646483,2.186290016531318e-06,4.942570686340332,7.261235168698477e-06
728,0.6507097265977051,-0.006994484987695458,-0.4081222709670883,26738.90305810547,2.1803898395812908e-06,5.656450271606445,1.08681060737581e-05
729,0.531544632253985,0.008311949934311336,0.4849952340055812,23159.04629199219,2.3537292585876656e-06,3.2125227451324463,1.7999524061451666e-05
730,0.7602397216810274,-0.0028423908346541537,-0.16585109617874835,24933.06519921875,2.284740599259386e-06,2.1485280990600586,5.462866283778567e-06
731,0.9984998825805925,-0.00017943389890180095,-0.010469815924561742,24129.965423339843,2.3122749293713823e-06,3.9565224647521973,7.348509370785905e-06
732,0.8054088005975706,0.0052383290123866385,0.30565205820999386,27458.15820678711,2.1682889242939777e-06,3.5703985691070557,8.648383300169371e-06
733,0.9179623550617881,-0.01227511588620388,-0.716242608379995,43775.77729101563,1.7578773815857734e-06,23.167085647583008,3.4709290048340335e-05
734,0.9530397572141162,0.005253252369622473,0.30652282345664983,24964.325244628908,2.333071711794553e-06,17.009048461914062,3.2843272492755204e-05
735,0.8815764079987763,0.005362428157398034,0.3128931381431444,45436.74734863281,1.706365940247469e-06,7.095565319061279,1.2258411516086198e-05
736,0.7299999584676554,0.007054226594102041,0.4116081430678604,36233.80476269531,1.886100940462377e-06,3.327777624130249,9.6670428320067e-06
737,0.891681279017806,0.0038024960368736264,0.22187242100630086,26070.065431152343,2.220419633896881e-06,2.149045944213867,7.977806490089279e-06
738,0.8901051571982068,-0.00232212163902498,-0.13549382955970052,25663.557584472655,2.2220360834062906e-06,2.6852118968963623,5.9196904658165295e-06
739,0.9872088132435725,-0.0006139157781409956,-0.03582146533993526,25175.78847192383,2.237190846922455e-06,2.0792317390441895,3.527529997882084e-06
740,0.8304123864574945,0.004710913202038274,0.2748777926790812,23931.268740234376,2.32394216348998e-06,3.743593454360962,1.088005410565529e-05
741,0.2011627584714314,-0.008253035457411424,-0.48155762421050285,25600.957392822267,2.2507301364747674e-06,1.677202582359314,8.038228770601563e-06
742,0.9588797796340126,0.0019745377182024924,0.11521260236895385,40790.70328613281,1.8188106244276543e-06,4.511946201324463,7.3421388151473366e-06
743,0.9258922385660573,-0.00523468303307916,-0.3054393184074944,29733.55696875,2.12290555562196e-06,17.890188217163086,3.054583430639468e-05
744,0.47793860468160165,0.051547165485221515,3.0077334180792015,35640.22908789063,1.955698761488993e-06,17.027385711669922,8.331904973601922e-05
745,0.8078547028899321,0.008182058929434619,0.47741620395808804,39023.75700439453,1.8367614876180087e-06,3.7241084575653076,1.3769710676569957e-05
746,0.16422882264033642,0.005384267980406541,0.31416747330569483,29151.892154541016,2.0908198169362935e-06,1.9962012767791748,5.723755293729482e-06
747,0.762104942107543,-0.002907306195458283,-0.16963885246368368,25762.402654052734,2.221139821476115e-06,2.473743438720703,5.3820244829694275e-06
748,0.9717402351462844,0.0010355695820211915,0.06042460743034323,21214.87412792969,2.4467868236857746e-06,2.50620174407959,5.707615855499171e-06
749,0.8622299835004579,-0.00529106674139848,-0.3087292600008079,20531.97648413086,2.515924296782655e-06,3.25732159614563,1.0164467312279157e-05
750,0.9174041614283679,-0.0031548746163401467,-0.18408425999944739,21816.035438476563,2.4494652843485615e-06,3.0873448848724365,7.554186140623642e-06
751,0.903017680064243,0.00590840756388463,0.344750573775441,20265.514260864256,2.5545948187387585e-06,2.98840594291687,1.082246035366552e-05
752,0.6974277361042927,0.0047727455135170216,0.2784856556488701,36079.320927978515,1.92804086215703e-06,2.66448712348938,6.2325575527211186e-06
753,0.9404432110642942,0.0029931137370282452,0.1746456497894685,56216.58732568359,1.6198929079420789e-06,6.858783721923828,8.525570592610165e-06
754,0.8749095522671436,0.01671741021910948,0.9754467177088516,38830.8345390625,1.907901371791015e-06,24.471818923950195,3.79379307560157e-05
755,0.8319001655539143,0.033422664677446326,1.9501841570790426,39737.39387304687,1.8684305386445095e-06,56.9633903503418,8.757096657063812e-05
756,0.7561825562648485,0.01010141875809534,0.5894092232374257,35320.39500390625,1.899507041140344e-06,4.984580039978027,1.6127542039612308e-05
757,0.8291232246958266,0.005671124952437737,0.330905334502633,27050.364849121095,2.181212072718306e-06,3.3824174404144287,1.19937603813014e-05
758,0.9065879619356367,-0.00184944332984014,-0.10791345082977764,29514.4170234375,2.0962915430464827e-06,3.1494154930114746,4.7735525185998995e-06
759,0.7142912455476832,0.00996342045440881,0.581357139175593,25991.29630517578,2.2088034320983313e-06,8.812487602233887,1.9819639419438317e-05
760,0.6620996010636876,-0.00991455413430315,-0.578505830813303,23310.28863574219,2.359850392835668e-06,5.602963447570801,2.6121522751054727e-05
761,0.8521330641056915,-0.009700280045540754,-0.5660031193386265,22318.34041088867,2.390732436398351e-06,5.379908561706543,1.6234580471063964e-05
762,0.310135634779672,0.017096291331779135,0.9975541095184411,19643.17511254883,2.5953994627105007e-06,2.133751153945923,1.9245155272074044e-05
763,0.8204274763293533,0.005615285738175629,0.3276471636760804,27113.6976003418,2.2099080143366137e-06,3.7229137420654297,9.944133125827648e-06
764,0.8038598415179176,-0.007705611083068067,-0.449615875928424,43198.549655761715,1.7464115914954913e-06,5.878450870513916,1.1039593118766788e-05
765,0.8382136140030926,0.001876308361011163,0.1094810026295753,42611.47604833984,1.800856642247295e-06,5.514122009277344,8.82844778971048e-06
766,0.9754098784753202,0.0024442385904069864,0.1426192501745531,50507.66940332031,1.6423397658726033e-06,17.429475784301758,2.2031270418665372e-05
767,0.6223418787869087,-0.047686340739016723,-2.7824575663189997,30175.47688330078,2.1275723484676933e-06,35.042724609375,7.61061382945627e-05
768,0.3913790642755814,-0.024267311606330732,-1.4159770648538996,38258.3423203125,1.8452883516019238e-06,12.32785415649414,2.7795043934020214e-05
769,0.9561149086289831,-0.004592391837008266,-0.2679621714804856,26288.29699682617,2.2139753286174766e-06,12.690899848937988,2.34084582189098e-05
770,0.9414720154257277,-0.006069374460568568,-0.35414285577200555,27283.84141918945,2.158515077009437e-06,10.535400390625,2.0646328266593628e-05
771,0.9460741664011619,0.007010097282652314,0.4090332351458677,22170.957185546875,2.382390203515063e-06,10.034414291381836,2.6639776478987187e-05
772,0.7384417346896259,-0.01319646249926875,-0.7700024023796045,20737.44815356445,2.4729741469343543e-06,4.823276996612549,2.4182076231227256e-05
773,0.8630777518395352,0.004685470364601736,0.273393224678333,19404.517239746092,2.557082375458683e-06,3.1524453163146973,8.805861398286652e-06
774,0.5249517156559241,0.012009969579925582,0.7007715461292076,22796.765345703127,2.394556439414928e-06,2.6611480712890625,1.533173053758219e-05
775,0.6802048091567019,0.01775533132212451,1.0360085343961911,35078.98123388672,1.9433451353572493e-06,7.19303560256958,2.630056769703515e-05
776,0.8314151713642809,0.012628435754679283,0.7368585232548774,31668.202103515625,2.068155572160303e-06,17.916404724121094,3.479418228380382e-05
777,0.44797749165117806,0.0491793030157079,2.869570649827405,25750.487005371095,2.32414669644373e-06,28.12839698791504,0.00011747938697226346
778,0.8885523604611834,-0.005692723973642679,-0.332165619084033,45608.4299086914,1.6884895298747136e-06,8.437798500061035,1.3704113371204585e-05
779,0.29916609160347385,-0.006610044273892582,-0.38569048114332705,25284.237669921877,2.264159933307564e-06,4.204396724700928,1.0747532542154659e-05
780,0.7325081155183969,0.01399816029497639,0.8167807892928794,25327.28552783203,2.2308194463698806e-06,5.695883274078369,3.06779911625199e-05
781,0.562034521646093,0.02080128886914272,1.2137375757116398,30875.001737304687,2.026160463329378e-06,10.850621223449707,4.367191650089808e-05
782,0.993530008751781,-0.001839300760006807,-0.10732164047617705,31408.035342285155,2.012037033558665e-06,15.016955375671387,2.4839087927830406e-05
783,0.960444111645407,0.0024335196492693946,0.14199380904384332,31942.54009814453,2.0248145983647357e-06,6.336669921875,1.150264415628044e-05
784,0.999524952003785,-0.00032695183712302354,-0.019077362593278586,30610.888373535156,2.0624310946455787e-06,14.855279922485352,2.628112088132184e-05
785,0.908967732129606,-0.012203575289092968,-0.7120682751716729,49849.03779833984,1.6438787294654891e-06,21.491954803466797,3.345890581840649e-05
786,0.9820508946169323,-0.005196076411069758,-0.30318665473367673,40514.03574438477,1.8341363621170628e-06,24.819992065429688,3.649152131401934e-05
787,0.9971835823456148,0.002206737292956266,0.12876125075876557,36453.66838818359,1.9525250596567524e-06,43.01728820800781,6.282125832512975e-05
788,0.8105413384526625,0.01764882886982632,1.0297942065690577,56023.73901806641,1.5864710143942655e-06,19.032651901245117,3.4392698580631986e-05
789,0.23496389928298406,0.011403029789677966,0.6653571237704629,31745.68748486328,2.0500727409896795e-06,3.915621519088745,1.5766896467539482e-05
790,0.9990585181782864,-6.258044888336745e-05,-0.003651516153276466,24217.036104003906,2.2895204487700354e-06,3.518235683441162,6.796788966312306e-06
791,0.9304391453622264,0.0031987278792664736,0.1866430607240603,23698.78184765625,2.316978213332343e-06,1.8724586963653564,7.5176803875365295e-06
792,0.8055192441951158,-0.005200305102168011,-0.3034333952752996,17361.549083007812,2.725880283821621e-06,2.5562448501586914,1.1546733730938286e-05
793,0.7962816717145468,-0.0020313314689630125,-0.11852646959118653,18656.902704833985,2.629265329368113e-06,1.173232913017273,3.349503003846621e-06
794,0.9495812512553268,-0.0018701732139924218,-0.1091230220007784,16569.422569091796,2.780958068257223e-06,2.3101966381073,4.8313413572032005e-06
795,0.9348502799350334,-0.0032884546465099603,-0.1918785415462177,16762.512384521484,2.7866101999875858e-06,4.021603584289551,8.384188731724862e-06
796,0.865385481918182,0.005998626020209861,0.3500147442387948,21084.184188476564,2.4760624037398638e-06,3.5211129188537598,1.023598451865837e-05
797,0.4170705227601652,-0.05905767561314593,-3.4459653186297166,32338.614666015626,2.0368791105929465e-06,32.90469741821289,6.547520024469122e-05
798,0.9493920152458867,0.025800758522845677,1.5054523927839059,37691.3105053711,1.8661585780883075e-06,79.24956512451172,0.00012987747322767973
799,0.9324789070950651,0.01617587025914427,0.9438483200184953,40711.82719873047,1.844317266009158e-06,12.920205116271973,4.082159648532979e-05
800,0.6376154712677748,-0.019435421555146555,-1.134040375559167,54447.738518066406,1.5869152804515274e-06,18.125600814819336,2.615745870571118e-05
801,-0.05526120810323191,-0.012819609521221567,-0.7480133505063227,29385.8247956543,2.06344659269804e-06,5.820369720458984,1.1875334166688845e-05
802,0.9225338489271517,0.009391650089269808,0.5479948229646469,21766.0545546875,2.4110331090499e-06,6.3052473068237305,2.8195934646646492e-05
803,0.5405715057186725,-0.01044265770906708,-0.6093202268149601,33369.70847753906,1.9596095140192144e-06,7.87802267074585,1.630924452911131e-05
804,0.7326166433953949,-0.014162972944209852,-0.826397467691302,28310.148958007812,2.1100880261852257e-06,12.295492172241211,4.060842911712825e-05
805,0.9302208820573618,-0.0037839877959617795,-0.22079248083546096,35275.830994140626,1.8914401455019897e-06,5.839929103851318,1.1208281648578122e-05
806,0.5715305583258328,0.014303490745483774,0.8345965623019991,37149.559416015625,1.8773697858224057e-06,5.6344757080078125,1.7666163330432028e-05
807,0.3000617401269854,-0.017169070506741078,-1.001800712694634,46648.59372607422,1.7133477179629335e-06,5.902212619781494,1.818525379349012e-05
808,0.7268526300636873,0.011325031884572187,0.6608060121134295,37028.037695800784,1.998423632390634e-06,13.417486190795898,2.2237380107981153e-05
809,0.8952685111656095,0.04303692602459344,2.511168158270186,27510.954713378906,2.2393849733435834e-06,33.56418228149414,0.00011209185322513804
810,0.7210853194895528,-0.025293781527732,-1.4758707147993433,32739.61303515625,1.9893948460363086e-06,16.46503448486328,4.3763760913861915e-05
811,0.4247555769431075,-0.013218834294657788,-0.7713077776796942,25777.06215625,2.2044925275349364e-06,5.663870334625244,1.6814557966426946e-05
812,0.7245876783364211,0.006441559954027143,0.3758595638753949,24089.734816894532,2.281566582140804e-06,3.0950124263763428,1.0666902198863681e-05
813,0.5963390994356442,-0.016480835962800085,-0.9616428103579616,18773.482755371093,2.60041934985501e-06,4.78173828125,2.463005694153253e-05
814,0.6794761379912633,0.0067561449116583724,0.3942153295316799,18112.008221191405,2.653042520628676e-06,2.8246495723724365,9.443923772778362e-06
815,0.09068121627680766,-0.021338610874260595,-1.2450898593115147,16030.266708496094,2.8288905014003305e-06,3.751940965652466,2.164625038858503e-05
816,0.85002058331976,0.0027661753852458665,0.16140398930097152,18406.86412133789,2.6432871486447053e-06,1.0568453073501587,4.4554262785823084e-06
817,0.2611224087460886,0.013356080428456393,0.7793159732660563,20182.726091552733,2.525160133003107e-06,2.0395302772521973,1.5272848031600006e-05
818,-0.12436163803274551,-0.0029672315327051663,-0.1731354451032691,23272.378153808593,2.3672121752833933e-06,0.5698517560958862,2.8268020741961664e-06
819,0.9579777036221895,0.013614326893378432,0.7943844356215571,27279.438357910156,2.223950063292974e-06,19.9471378326416,4.8672285629436374e-05
820,0.9933073455974005,0.0014483756514214075,0.08451149171260157,44380.73609960938,1.7444631931711589e-06,13.367321968078613,2.0050923922099173e-05
821,0.9731212337529443,0.006492494742682144,0.3788315656244409,56948.33816601562,1.5374833242355774e-06,27.17884063720703,3.546115112840198e-05
822,0.6594538925236626,-0.06179146734455821,-3.605479749175751,39823.15569775391,1.8420365227470115e-06,53.81574249267578,0.00011637718853307888
823,0.9657392430288567,0.014774461181011635,0.8620772880515183,49218.264219238285,1.6930552137717705e-06,101.31314849853516,0.00014431636373046786
824,0.6044167129938666,-0.025491863102102285,-1.4874286067829494,41891.2930571289,1.7647939674739453e-06,27.252334594726562,4.480987990973517e-05
825,0.6408522026105187,-0.015899887466693127,-0.9277449579838145,24005.17428173828,2.302571428760101e-06,6.387498378753662,3.2208365155383945e-05
826,0.9917956943267366,0.0017362753663202359,0.10131019607210588,22981.329303222657,2.3283950111214377e-06,7.8219075202941895,1.7377908079652116e-05
827,0.7102950582390329,0.010742462594456739,0.6268135877825655,23598.17248828125,2.311455471409914e-06,5.654229640960693,2.6731138859759085e-05
828,0.8051912447333665,-0.009982133065767005,-0.5824490041887661,29540.65919921875,2.0663405478289893e-06,13.26970100402832,3.054754779441282e-05
829,0.9983758486098598,-0.0007515436840939089,-0.04385193700793642,33798.20981738281,1.9444893065050346e-06,9.814157485961914,1.5358908058260567e-05
830,0.9982209874418124,0.00035695152228803107,0.02082781879689888,22600.137955566406,2.4057397703535873e-06,6.386203765869141,1.3020061487623025e-05
831,0.7118688961381444,-0.006349868201993856,-0.3705094278561443,37061.21666015625,1.8706790480452997e-06,6.197124004364014,1.0971541996696033e-05
832,0.9866036756727862,-0.006133340199339198,-0.3578752024161233,47235.11325439453,1.7076675939652064e-06,33.86736297607422,4.6389988710870966e-05
833,0.6310781682122406,-0.04689296782678608,-2.736164929300985,40018.58433398438,1.850774468114067e-06,28.945484161376953,9.200257045449689e-05
834,0.6024281973209108,0.05168384970887571,3.0157088266848753,47524.8229609375,1.6706482130117615e-06,32.216285705566406,9.632701403461397e-05
835,0.8517076890575167,0.010784815844800014,0.6292848640442694,33569.64449560547,1.968182902631241e-06,5.7390851974487305,2.1597965314867906e-05
836,0.9974672936498473,-0.0004983043399149878,-0.0290756359040906,25903.29196435547,2.236289743560989e-06,5.314606666564941,9.966585821530316e-06
837,0.8852402354360691,-0.0017887925399531635,-0.10437452864348869,19599.479740478517,2.5254644274780396e-06,2.551093339920044,5.094671450933674e-06
838,0.9959572197990706,0.00045083983812404946,0.02630612245237589,22890.028536376954,2.382293100219218e-06,3.7450850009918213,7.162979727581842e-06
839,0.807148542881541,0.0054295756486788214,0.31681113734958594,24137.298303222655,2.353055412840291e-06,2.94819974899292,1.0548956197453663e-05
840,0.6813735998988727,-0.009267296348863256,-0.540738887605967,25455.228628173827,2.267456459812049e-06,5.104131698608398,1.283225356019102e-05
841,0.8361540372628546,0.00409700801450635,0.2390569452922095,21396.101939697266,2.485859325805061e-06,3.103806495666504,8.759431693761144e-06
842,0.7985780554113707,0.010573074806784096,0.6169299539338028,40825.81539355469,1.8076472044551006e-06,4.362899303436279,1.622412855795119e-05
843,0.8302354423806572,-0.05763216220469234,-3.3627878194177554,37094.83192871094,1.8994377216959474e-06,54.23582458496094,0.00012657909246627241
844,0.9172763993822857,0.013396353082296916,0.7816658484852012,31270.033603027343,2.0988454247907334e-06,24.948575973510742,5.9123784012626857e-05
845,0.9764850197837356,0.0042072214049542495,0.24548780321523134,48311.37049951172,1.6618767918434698e-06,18.96851921081543,2.4591072360635735e-05
846,0.9455952038612371,-0.0027801969435794533,-0.16222213534598665,31714.23076269531,2.0132540717497713e-06,7.440577507019043,1.276069633604493e-05
847,0.9480619802664697,0.003354577437989127,0.19573675038770266,27430.32893359375,2.1527124859600195e-06,6.549676418304443,1.6317066183546558e-05
848,0.8634344643539925,-0.005460655837998616,-0.3186246400548738,25175.17693334961,2.2488793941274465e-06,6.73039436340332,1.3240059161034878e-05
849,0.82961300018184,-0.002144389871975041,-0.12512333158608002,29150.24027246094,2.0859760520134805e-06,1.9986921548843384,4.013160378235625e-06
850,0.16769233206156933,-0.004406224115459328,-0.2570994427116081,27272.855591308595,2.171168485146888e-06,1.4325432777404785,4.365231234260136e-06
851,-0.18282473419947148,-0.0069960725575926724,-0.40821490432507107,26112.366888183595,2.2227758385370874e-06,2.034801721572876,7.514309800171759e-06
852,0.49597235405615514,0.01001304292372113,0.584252568203229,34187.70386035156,1.9974480706694684e-06,4.257190704345703,1.3262514585221652e-05
853,0.9919505080377214,0.0007308682287693755,0.0426455417129045,61471.399643066405,1.49828707361345e-06,16.265663146972656,1.9098219127045013e-05
854,0.9680378617094246,0.006614778139012996,0.3859666981609909,45728.43944482422,1.7449408314971795e-06,27.13874626159668,3.898264913004823e-05
855,0.734573486780661,0.05788891830299575,3.3777693201441963,34708.12385693359,2.0004457075502295e-06,21.72140121459961,0.00010925460082944483
856,0.9254209784119287,0.0029201304922446872,0.17038713931214078,37666.60852685547,1.870446972203125e-06,6.112976551055908,1.0500145435798913e-05
857,0.7139711001664645,-0.01001812012591444,-0.5845488186481064,25437.321419433592,2.207515441124247e-06,4.969594955444336,1.493982199463062e-05
858,0.8810217823342645,-0.005035486142007533,-0.2938163486396343,25732.073518066405,2.216373274797426e-06,4.611815929412842,1.1710421858879272e-05
859,0.7103029217001029,0.02726476458611877,1.5908759057807456,19353.947524902345,2.5292759019526755e-06,5.9596710205078125,3.9352598832920194e-05
860,0.5714374191319671,-0.012279185762279932,-0.7164800821996734,20677.363610595705,2.530526286097172e-06,3.694532871246338,1.4544199984811712e-05
861,0.9836719602550917,-0.00014333065153774926,-0.008363222039604667,24112.897394042968,2.359498278661114e-06,1.6663817167282104,3.1463739560422255e-06
862,0.9892169927197967,0.0004152385706143691,0.024228818666476304,19840.15192211914,2.5864084106367046e-06,1.5517867803573608,3.048434564334457e-06
863,0.9979770169272817,-6.412184692843948e-05,-0.003741455422818926,21787.48169506836,2.45125933472867e-06,1.3391492366790771,2.9745381198154064e-06
864,0.2804532077385784,-0.007302043405057204,-0.42606804395388215,28118.32973046875,2.193294932668909e-06,1.7176038026809692,8.457366675429512e-06
865,-0.009236235637465465,0.027645661679499195,1.6131009283561963,46247.08038720703,1.7170801135119848e-06,5.429251670837402,2.546218820498325e-05
866,0.6150898396789305,-0.06461922647852725,-3.770477098020389,54348.276892089845,1.6064268347723678e-06,43.875335693359375,8.409244037466124e-05
867,0.9748367291728672,-0.01164041544916201,-0.679208375808902,40226.437085449215,1.8534151107738473e-06,48.551918029785156,7.6725373219233e-05
868,0.6094296419943112,0.03506216808589325,2.04584779142678,46403.83850732422,1.7082637780277017e-06,13.044825553894043,4.959486614097841e-05
869,0.993609943964778,-0.0004769840898850273,-0.027831617384482556,28281.578340820313,2.113386750120087e-06,3.003805160522461,5.281950052449247e-06
870,0.8992546594900116,0.003082740697235412,0.1798753069556465,27282.268650878905,2.1605897498287088e-06,4.280434608459473,8.777585208008531e-06
871,0.47956961597719355,-0.008255261794137596,-0.4816875290715786,24402.45701611328,2.2964085216602944e-06,4.039419651031494,1.3281964129419066e-05
872,0.9347897475512009,0.0013863470419473302,0.08089217492115446,26049.035817382814,2.219260811667645e-06,2.4808061122894287,4.7658140829298645e-06
873,0.7711337221441745,-0.005469834179638266,-0.31916018851058936,24358.527173828126,2.3196412034383343e-06,3.7196736335754395,9.541863619233482e-06
874,0.615731171654089,-0.009583596670681984,-0.559194743308763,24824.935838867186,2.2839609228825253e-06,3.5740232467651367,1.2160145161033142e-05
875,0.9823793303312685,0.0015275732604480914,0.08913260507662973,26993.595365722656,2.2001956686202383e-06,5.541558265686035,1.0116009434568696e-05
876,0.7695348509610515,-0.013837556281740526,-0.8074096812379536,54680.15780810547,1.6209520963829954e-06,17.914047241210938,2.631776442285627e-05
877,0.5968192757252117,0.01454517193096705,0.8486984546418882,44145.98372900391,1.7756048906497172e-06,5.8504180908203125,1.9973878806922585e-05
878,0.9755797081052864,-0.015667704774668046,-0.9141972946869135,37321.21294287109,1.9266941056355392e-06,55.595890045166016,8.385643013752997e-05
879,0.7538575747253343,-0.027993597064285534,-1.6334026631713559,43579.75237207031,1.7538864767576436e-06,36.89459228515625,5.1401111704763025e-05
880,0.9794464869647663,-0.0012800520790636595,-0.07468995392550408,25597.183265625,2.239348875561556e-06,4.069000244140625,7.708822522545233e-06
881,0.26611889547286866,-0.011926195865170854,-0.6958834208743538,23550.798719482424,2.3187612877697395e-06,4.243943214416504,1.3635312825499568e-05
882,0.24693122074169058,-0.017122590533600556,-0.9990886456552491,24850.15295239258,2.2696485073733337e-06,7.98212194442749,1.983896436286159e-05
883,0.2967980522832195,-0.0065342319404000405,-0.38126689573757944,31333.883384277342,2.0633094673132035e-06,2.998166084289551,7.131572601792868e-06
884,0.6171011441756893,-0.00864386964165805,-0.5043624676159724,25062.981853027344,2.2715805027883757e-06,2.6582024097442627,9.868038432614412e-06
885,0.6745504810541559,0.010340917011367953,0.6033837433329324,24767.34076538086,2.300827222613728e-06,3.7581851482391357,1.3210998076829128e-05
886,0.3692571045070457,-0.025881241001839392,-1.5101484772215394,39475.32126074219,1.834023590886257e-06,5.861767292022705,2.2445219656219706e-05
887,0.9902660784922377,-0.0005604373119243147,-0.03270104216101873,64281.097419433594,1.4591936748962929e-06,6.339476585388184,7.810907845851034e-06
888,0.25103850789696835,-0.0728935036692465,-4.25327415936631,55073.66319384766,1.605900153543036e-06,21.40907096862793,7.34789646230638e-05
889,0.2119007939436078,-0.10905877161326663,-6.363486892599983,52768.64293554687,1.6174433037442085e-06,27.560550689697266,0.00011567457113415003
890,0.6589753850981603,-0.04575717228441667,-2.6698922220292483,59195.469981933595,1.5495909903467286e-06,26.806438446044922,9.83367717708461e-05
891,0.1491974825253717,0.058667093053807746,3.4231751573243945,40102.85265625,1.8081808913608982e-06,26.844463348388672,9.180192864732817e-05
892,0.9947960600796241,0.0038272053874907758,0.2233141906727929,38932.16875830078,1.8380880186226952e-06,25.156558990478516,4.562551112030633e-05
893,0.7552977342123776,0.022385439887837734,1.3061714450303947,28645.541435058592,2.0890002282756197e-06,22.645933151245117,4.979754885425791e-05
894,0.1918250695535203,0.025478558395551763,1.4866522884319198,26131.961048339843,2.201726693403879e-06,8.469168663024902,4.5471089833881706e-05
895,0.7401353443928185,-0.010256809280122162,-0.5984761284989156,40392.30569042969,1.7828914204016515e-06,19.722797393798828,2.995180693687871e-05
896,-0.05710087652221959,-0.03873048518513009,-2.2598909851432074,32755.152510742188,1.9569953055872936e-06,14.163962364196777,7.113454194040969e-05
897,0.5506680404078732,0.011967432675861572,0.6982895538285516,40227.03999072265,1.8010033171572767e-06,10.22970199584961,2.9943646950414404e-05
898,0.41817213989657054,-0.03499890187959554,-2.0421562619095797,35410.23688623047,1.950547908721522e-06,30.724828720092773,8.503242861479521e-05
899,0.991207113216027,0.010030260173195587,0.5852571801178564,44961.88879199219,1.730740687531502e-06,62.97344970703125,0.00010024218499893323
900,0.8913546957889928,-0.005272406581142586,-0.30764045546499985,38128.87450585938,1.8474255457492577e-06,9.786434173583984,1.5085328413988464e-05
901,0.9815181273121281,-0.0010997078217806209,-0.06416701936095692,24729.37653881836,2.277617658775685e-06,4.260291576385498,7.633219865965657e-06
902,0.7717785361645111,0.026448591916226814,1.5432529222267664,21072.767156738282,2.436716462990985e-06,6.1701459884643555,4.8162877646973357e-05
903,0.8901403641090361,-0.010919520814637505,-0.6371447848672237,26341.182357421876,2.2079122927552906e-06,15.289329528808594,3.69625304301735e-05
904,0.5393686237282519,-0.01776429968215285,-1.036531830602853,29585.99612158203,2.0647698019318787e-06,5.680421352386475,2.5531337087159045e-05
905,0.9582896782483482,0.0015295201495007914,0.0892462044027998,36553.60755126953,1.8907266987271725e-06,5.188719272613525,8.463518497592304e-06
906,0.900399596895152,0.020741016553581675,1.2102207371814988,49168.16589599609,1.6686802961645127e-06,20.12708282470703,5.303318175720051e-05
907,0.939387639717863,-0.02107737952289783,-1.2298472313619908,34274.16764038086,2.0389244389049742e-06,48.280067443847656,8.630187949165702e-05
908,0.26035107820352116,0.061198413567575695,3.5708755639221543,44881.98773046875,1.7530638212443071e-06,20.60185432434082,9.36195719987154e-05
909,0.9004148289346481,0.0027974010537449192,0.16322598059307064,40569.73933203125,1.7958024820285468e-06,4.4675750732421875,7.681674105697311e-06
910,0.8466696149429065,0.008719156982627497,0.5087554201529465,27449.66852685547,2.1388812899986423e-06,6.709388732910156,1.6781152226030827e-05
911,0.907671880343568,0.00588521094781062,0.3433970708874469,23999.448525878906,2.3035193580532375e-06,5.630823135375977,1.594338391441852e-05
912,0.9222903791365422,0.005241070991195706,0.30581205034958214,28676.810098632814,2.1110469028342973e-06,9.893047332763672,2.052151467069052e-05
913,0.9864316969752576,-0.0020383015061017757,-0.11893316535088878,29823.07768334961,2.0829878716494942e-06,9.38420581817627,1.6149515431607142e-05
914,0.985492303077054,0.001302864867061653,0.07602106077056994,22706.04190722656,2.3798843029028493e-06,4.675054550170898,8.978949153970461e-06
915,0.6627797491286935,0.017492636319111184,1.0206805036133515,40927.1212734375,1.8492014784851452e-06,6.865346431732178,2.8814010875066742e-05
916,0.9910986803632514,0.0023192142633414333,0.13532418665266577,25249.85774169922,2.2859544450065573e-06,22.220977783203125,4.6157398173818365e-05
917,0.6893890238045292,-0.06792685537566863,-3.9634744408401175,35070.84774951172,1.9574976784354877e-06,34.31064987182617,0.00010198204836342484
918,0.6280901362849107,-0.022044250114026,-1.2862633108984678,38494.798318359375,1.8381054076985278e-06,10.843927383422852,3.332605410832912e-05
919,0.47432159512897376,-0.06838945552256039,-3.9904667673418257,26721.918029052733,2.199061849548883e-06,17.517208099365234,9.81028497335501e-05
920,0.5083290787758072,-0.0159255785092364,-0.9292440085421785,26990.183043457033,2.1870551474113334e-06,9.375164031982422,2.4447672331007197e-05
921,0.9713821594726874,-0.0018878877483109492,-0.11015665006459156,23720.362717285156,2.317776320497984e-06,6.161439418792725,1.2017226254101843e-05
922,0.9855868221624031,0.0020702678632855483,0.12079837519998231,26191.656581542968,2.201742345850443e-06,9.562728881835938,1.8733679098659195e-05
923,0.7273462325823504,-0.011837000711394999,-0.6906789592474722,26604.029189453126,2.1927186942471676e-06,8.149888038635254,2.2574373360839672e-05
924,-0.025371524051522088,-0.018109441916882678,-1.0566705874795053,21002.28847705078,2.483753834248475e-06,4.829727649688721,1.9890278053935617e-05
925,0.9993593273773304,7.809710677983084e-05,0.0045568999906375265,21307.786744384764,2.45579331329334e-06,2.309474468231201,4.952305062033702e-06
926,0.6099727524742341,0.006875826970643864,0.4011986762388504,26754.16871411133,2.212662094430863e-06,2.27785062789917,9.781376320461277e-06
927,0.4420809987596768,0.030132191260167203,1.7581878219694214,37955.338020996096,1.8957755457281638e-06,16.369037628173828,3.541010300978087e-05
928,0.7927578153571018,-0.06972355041809443,-4.068310073805244,40053.52350488281,1.845205655384548e-06,79.68090057373047,0.00013834393757861108
929,0.3675327225505467,0.06207124144845137,3.6218043310198076,55721.467510742186,1.5551706620306707e-06,30.117263793945312,0.000101742974948138
930,0.7063583159682886,-0.07763846181822831,-4.5301384458452905,51206.92496582031,1.5970828016812444e-06,43.00917434692383,0.00011051505134673789
931,0.6462228266554179,0.028891510469036614,1.6857951493263004,38711.00607275391,1.8248651678457199e-06,26.565235137939453,5.357456757337786e-05
932,0.2668469841056941,-0.020696748385363704,-1.2076377270847651,36545.629077148435,1.8829365688089043e-06,9.962158203125,3.228049536119215e-05
933,0.9567274520730941,0.00854614392044316,0.49866025460897045,27381.99825073242,2.161328696189916e-06,24.12143325805664,4.9335074436385185e-05
934,0.6558315886525972,-0.017078131295608593,-0.9964944867991411,30918.872748046873,2.026115716808752e-06,19.32695960998535,3.900665251421742e-05
935,0.9375153524188778,0.022478889614120333,1.3116241573571497,33251.11738330078,1.96494967891571e-06,19.25861930847168,8.145040192175657e-05
936,0.23602963392955909,-0.007897655905910312,-0.46082152857672176,39232.12340039063,1.8005817203282741e-06,6.008748531341553,1.0424428182886913e-05
937,0.9476862346890482,0.004651019423700291,0.2713830414750829,37317.22359375,1.8741681281933334e-06,6.175264835357666,1.5658200936741196e-05
938,0.9728598016833258,0.0038010045177717553,0.2217853921308201,35988.401392578126,1.9714187381079305e-06,16.3282470703125,2.842583489837125e-05
939,0.8983833232651522,0.021450944993389353,1.2516444599556749,36661.804299316405,1.9541437608905132e-06,44.99650955200195,8.352960139745846e-05
940,0.3968577725313298,-0.015529657229631521,-0.906142337434042,44130.40735888672,1.7314979159085771e-06,4.9543538093566895,2.022462649620138e-05
941,0.7895287388411318,-0.0135028251261909,-0.787878402007721,25343.351059570312,2.2460086163063296e-06,11.905303955078125,2.9121461921022274e-05
942,0.7407319563893043,0.007376791307292187,0.4304295206978929,22178.043622558595,2.3979629648862257e-06,4.159840106964111,1.5580304534523748e-05
943,0.6207119300977989,-0.011079338329316043,-0.6464700013979139,21823.34000488281,2.4048008682874817e-06,4.9460248947143555,1.7406320694135502e-05
944,0.9310477634346649,0.0021279513885890133,0.12416416001268148,23585.028861572264,2.3605720583227098e-06,3.152003049850464,6.474253041233169e-06
945,0.7220446851603851,-0.007416817679834708,-0.4327650256120311,21304.30688549805,2.477559155275223e-06,2.395949125289917,9.338343261333648e-06
946,0.990184706312649,0.0010592374428707735,0.06180560705159583,21847.529926757812,2.4395877467494617e-06,5.042031288146973,1.0095659490616526e-05
947,0.875969113570324,0.016921088202498144,0.9873311554155318,25506.561087402344,2.275479357953353e-06,14.064480781555176,3.97889016312547e-05
948,0.7231664826860682,0.013386644563100049,0.7810993646183655,43451.034077636716,1.7597093625928114e-06,8.510961532592773,1.8405256923870184e-05
949,0.8462258861370047,0.016247014684005533,0.9479995369118199,55618.956880859376,1.5694115451906936e-06,16.4829044342041,2.944149491668213e-05
950,0.755568637742541,-0.028106629988494773,-1.6399980384997008,35419.862676269535,1.973002713418946e-06,26.91748809814453,5.880068783881143e-05
951,0.8415185534802548,0.04540371434761564,2.6492682509845835,45686.813453125,1.740797774543452e-06,50.10029220581055,0.0001057402478181757
952,0.7384220777126874,-0.0034359447506329935,-0.2004844641188955,34036.288137695316,1.958049507496484e-06,3.826765775680542,7.525864930357784e-06
953,0.8171487333132456,-0.004748451532757318,-0.27706812246152,27176.209109375,2.1658118593180206e-06,3.0343759059906006,1.0472141184436623e-05
954,0.3520625206797165,-0.009199958271983477,-0.5368097678913523,23818.925869628907,2.314499986556015e-06,4.2689642906188965,1.0617519365041517e-05
955,0.08752043923007452,-0.01298504268722142,-0.7576662355321552,22623.74992260742,2.3561436172501283e-06,2.789886713027954,1.4018118235981092e-05
956,0.9465076977731611,0.0016419662408538019,0.09580733853134465,19759.418643066405,2.592564337549047e-06,1.9526695013046265,5.390302248997614e-06
957,0.4509370929734995,-0.00782108602093648,-0.4563537406840916,17380.697239746092,2.7171210827934084e-06,2.156174659729004,8.89428429218242e-06
958,0.5302093318708607,-0.0017733987716552053,-0.10347631531004728,20820.465042480468,2.5195826825067638e-06,0.7464581727981567,2.1180997009651037e-06
959,0.8798579868049724,0.0010289776785434976,0.06003997544928315,22299.79816430664,2.4113343219512095e-06,0.9454320073127747,2.2169265321281273e-06
960,0.8954169660968792,-0.008680662128316943,-0.5065092780296296,49406.39480810547,1.6631101313084157e-06,14.653457641601562,2.0923029296682216e-05
961,0.33061323239812274,-0.03949573448328604,-2.304542633115689,45946.20443359375,1.773163370269549e-06,21.840547561645508,4.744587931782007e-05
962,0.6617795419883273,-0.05992820286500272,-3.49675984597398,35562.77235595703,1.9340256746043595e-06,29.12966537475586,0.00010411492257844657
963,0.8711434227823844,-0.01287360634420056,-0.7511640193629949,62016.74898242187,1.472041900992396e-06,25.540363311767578,3.930758248316124e-05
964,0.9913719355905305,0.0025663735870988815,0.14974572371794362,33951.22001806641,1.940240858923864e-06,18.578508377075195,3.093328996328637e-05
965,0.9008408208236903,0.007949000569384067,0.46381744617405934,25867.401185058592,2.1957063578829904e-06,8.546618461608887,2.2972224542172626e-05
966,0.6655654315957402,0.006054148604927498,0.3532544399997819,25717.309473876954,2.202648531771754e-06,3.560925006866455,1.0458095857757144e-05
967,0.7392300104618945,0.006268646950718389,0.3657702366820056,30679.382169677734,2.047819427543505e-06,4.328442096710205,1.2168040484539233e-05
968,0.5021514407330717,-0.007288926958631343,-0.4253027104215695,33659.56973632812,1.978490868833297e-06,2.8931219577789307,9.455320650886279e-06
969,0.3811229381821816,-0.006257429481536245,-0.3651157068624158,23520.296614746094,2.34607967043051e-06,3.300251007080078,5.009130291000474e-06
970,0.9988968539556663,-0.00028212156122467435,-0.016461553989800027,40081.61299194336,1.8396141207161883e-06,6.987443447113037,9.9123035397497e-06
971,0.5168037784202436,0.00890995055079478,0.5198880631514414,44111.55299291992,1.7569502315961092e-06,3.698026180267334,9.706971468403935e-06
972,0.7242295784995555,-0.06761524961647078,-3.945292508887448,40884.18758618164,1.8515411790575959e-06,58.466190338134766,9.719141235109419e-05
973,0.7278400425081215,0.059132230193345334,3.450315515196799,37936.2229921875,1.855429586983118e-06,32.11343765258789,9.276393393520266e-05
974,0.15288689538520056,-0.009801931277052237,-0.5719343825444307,36432.015719726565,1.8945796273425794e-06,3.989995002746582,1.2144113497924991e-05
975,0.6157369412868599,-0.006603963727996014,-0.3853356864437326,24847.43542529297,2.26001351968698e-06,2.729768991470337,1.1095177796960343e-05
976,0.9892398680643486,-0.0008149364116846187,-0.047550848935352365,23664.31295996094,2.299848958690521e-06,9.20484733581543,1.9570277800085023e-05
977,0.9985704513474154,-0.00037675972587409933,-0.021983610688016825,20554.14264086914,2.4671516913657823e-06,4.053796291351318,8.640894520794973e-06
978,0.9520994096402372,-0.003129074326944178,-0.18257883497981914,21330.00362939453,2.477164597284066e-06,5.562963485717773,1.1229560186620802e-05
979,0.9326594160545199,-0.0032161294753149535,-0.1876584291050421,20608.495583496093,2.542984145755366e-06,4.0647101402282715,7.864192411943804e-06
980,0.8767800400498662,-0.006298236674340975,-0.367496771977082,18322.06371020508,2.6373134464641266e-06,5.476928234100342,1.1437973626016174e-05
981,0.8068257523013874,-0.006573232814347971,-0.3835425636778683,19597.69962573242,2.581400675555561e-06,5.645667552947998,1.1441043170634657e-05
982,0.8103012770796089,-0.01870114121356596,-1.0911957399556103,28417.154270507814,2.128298911482451e-06,14.064334869384766,3.144796937704086e-05
983,0.8714682341764929,-0.03289682451728504,-1.9195018294011283,61990.691541503904,1.473033946144667e-06,48.332454681396484,5.8977304433938116e-05
984,0.8531689604449507,-0.011835529913590243,-0.6905931394421161,57631.80165332031,1.5196280612192357e-06,20.123193740844727,2.457569462421816e-05
985,0.6874808825216926,-0.055986483846736074,-3.266763881999628,48977.868046875,1.6693809898256632e-06,30.146120071411133,0.00011194480612175539
986,0.9858569250719876,0.014580361393511165,0.850751729957066,42408.34071533203,1.7509986822892456e-06,81.64032745361328,0.00012369288015179336
987,0.4135982573105872,0.007300682752136406,0.4259886510091534,35777.51786474609,1.9095431085898528e-06,4.981415271759033,1.0921566172328312e-05
988,0.45884293444621926,-0.02501323632166139,-1.4595011397967683,23252.499740966796,2.340401805886926e-06,6.566022872924805,3.6118606658419594e-05
989,0.9569414600487716,-0.0022684040721671927,-0.13235945506102137,21705.4273125,2.4240690424728264e-06,4.300187110900879,9.433061677555088e-06
990,0.6307069643484003,0.008989932642190557,0.5245549503968304,19280.00633178711,2.5701378228691993e-06,2.0449130535125732,1.1953684406762477e-05
991,0.9995407801370908,-6.761512524614677e-05,-0.0039452852519844496,17235.917395996094,2.7430417315086087e-06,3.515868902206421,7.713928425800987e-06
992,0.8335821266870429,-0.00991471588126288,-0.5785152686113172,18432.57089404297,2.654769347846743e-06,5.218400955200195,1.5998713934095576e-05
993,0.9593863266548416,-0.0022369060879146537,-0.1305215743755033,16732.16979309082,2.768627024176526e-06,3.741880416870117,7.867963176977355e-06
994,0.8670999465381255,-0.0025255565127639493,-0.14736408202436505,18579.688395996094,2.6307023429313833e-06,2.1630172729492188,4.343747605162207e-06
995,0.045853469945798635,-0.011047194137616024,-0.6445944150555182,20420.69644042969,2.5335283277962833e-06,2.861994743347168,1.0084916539199185e-05
996,0.6918375857467659,-0.0014130460013511814,-0.0824500365740891,23725.770891845703,2.3562019374273795e-06,0.8666794896125793,1.590771375958866e-06
997,0.2321572185637082,0.025112776194991804,1.4653092070421554,33970.100193847655,1.9609322362481732e-06,7.6996259689331055,2.4689587007742375e-05
998,0.8039539626043454,-0.01157621008461573,-0.6754620472038659,65741.67155615235,1.4420313460247322e-06,14.433236122131348,1.7795926396502182e-05
999,0.9936805882736132,-0.005078932918430574,-0.2963514312212917,57965.08706201172,1.5117471040093288e-06,43.38675308227539,5.2650811994681135e-05
