state_idx,cos_sim,mean_A,mean_safe_delta,mean_sigma_i,mean_alpha_i,v_unbiased_norm,v_intentional_norm
0,0.5133234038918411,0.026337367074027666,1.2717061425138776,24848.89463232422,1.8556874644671115e-06,12.948999404907227,4.381208054837771e-05
1,0.823042922840107,-0.00750376458909381,-0.3623210890104139,45812.54544628906,1.3596855507292841e-06,18.6876220703125,2.5304641894763336e-05
2,0.44921793144100597,-0.08698911793164138,-4.20029060971033,43757.06669580078,1.393280987450995e-06,50.64632797241211,0.0001227885950356722
3,0.7707770076642376,-0.04011480061710775,-1.9369528551243302,40375.59077734375,1.4558283553707217e-06,24.372135162353516,8.08886470622383e-05
4,0.4068211832587668,0.09427894115333794,4.5522814880245805,65284.93158496094,1.1705917282420504e-06,52.887203216552734,0.00011802716471720487
5,0.8390679979701609,0.006971490788134187,0.33662011972684885,43469.50724755859,1.4033501260050353e-06,10.71693229675293,1.330695886281319e-05
6,0.6684555564264413,-0.023857581704779952,-1.1519691058797865,82263.61834570313,1.017814434946724e-06,20.146434783935547,3.654091415228322e-05
7,0.57985910150132,-0.05499792782951706,-2.655588254123686,95632.173171875,9.469939098605668e-07,46.476715087890625,8.958831313066185e-05
8,0.7211148759651343,0.07187583033575487,3.4705418608985723,70273.58355859375,1.11219177827649e-06,24.992441177368164,0.00010562202805886045
9,0.7761946468037434,-0.013070491374442486,-0.6311118389257904,69597.65097558594,1.1176531937309872e-06,18.391576766967773,2.1857331375940703e-05
10,0.680418070411213,-0.02267889544704709,-1.0950559546964345,60938.10672363281,1.1977820608873967e-06,9.038739204406738,3.115035724476911e-05
11,0.984720898804726,0.012029908298750825,0.5808670333067032,48294.84012841797,1.3404874801874423e-06,54.0775260925293,6.463353929575533e-05
12,0.5346030328330671,-0.045698463304867445,-2.2065613591859194,37302.10485351562,1.5156054404980579e-06,10.235414505004883,3.353998181410134e-05
13,0.9565186611974242,-0.004135874879625373,-0.19970171939757608,26829.52429638672,1.8016359227365533e-06,5.1737165451049805,8.7779280875111e-06
14,0.8773270279216678,-0.010304828312175182,-0.49757112870508524,22708.050020751954,1.9595273941535075e-06,7.2538251876831055,1.588510349392891e-05
15,0.7781131960441258,-0.01938090718874055,-0.9358117935683079,32232.24180859375,1.6384056301561026e-06,15.870515823364258,2.7872121791006066e-05
16,0.994625276350668,-0.0021480905751452427,-0.10372107323447118,48685.50069824219,1.3380962175632755e-06,16.592432022094727,1.8720747902989388e-05
17,0.8645155469493289,-0.0195943571527619,-0.9461182767335519,56913.76632910156,1.244265831522792e-06,19.80582618713379,2.8825621484429576e-05
18,0.9095772876634086,0.012780445916015147,0.6171069237779114,57624.43121240234,1.2487784148506617e-06,15.40482234954834,1.9840435925289057e-05
19,0.9721696714232064,0.010232762953117402,0.4940914354039799,61672.43996386719,1.186221812481752e-06,42.992488861083984,4.7640980483265594e-05
20,0.791529252301516,0.040870199012343275,1.9734274494361312,54205.06889746094,1.262934943580744e-06,16.873933792114258,5.2657480409834534e-05
21,0.9561339868006521,0.011191022515180499,0.5403612302461542,39204.64674560547,1.504998178525505e-06,26.162578582763672,3.3882846764754504e-05
22,0.8985611962715522,0.00693266220229723,0.3347452720636335,33725.54477246094,1.591898503540763e-06,7.67290735244751,1.1223689398320857e-05
23,0.8583535114879306,0.006334041227302745,0.30584071342653074,27947.250225585936,1.746163702606542e-06,5.254507541656494,9.107578080147505e-06
24,0.9436297278403832,0.00479765741583477,0.23165604930232306,24619.58694482422,1.8837016170882228e-06,8.485350608825684,1.5068263564899098e-05
25,0.8821576592248549,0.004754014113125204,0.2295487218698069,39210.8096640625,1.473047906217652e-06,3.8688395023345947,6.1899172578705475e-06
26,0.998170084198143,0.0006217422993542971,0.03002097737891487,48990.46524072265,1.3412009450585138e-06,4.8482208251953125,5.253579729469493e-06
27,0.6377310555649037,0.0277505288386701,1.3399410002887748,49102.13348339844,1.359718998281736e-06,10.6356782913208,3.1544161174679175e-05
28,0.5682481602626269,-0.02365482061422978,-1.1421787375566845,42367.67920703125,1.4428579101305913e-06,12.843976020812988,2.1543064576690085e-05
29,0.919928761552329,0.020649741691817925,0.9970777745929739,69266.87608398437,1.1321463077565667e-06,42.3585319519043,5.123736264067702e-05
30,0.6184199912962935,0.06239199672050538,3.01261265980596,51628.85115722656,1.3151172405531241e-06,15.823604583740234,5.0559494411572814e-05
31,0.9226361794414486,-0.005897765661046234,-0.28477504213609073,34915.331645019534,1.5867687887407467e-06,7.382357120513916,9.547509762342088e-06
32,0.9972715777926695,-0.0006099810772060091,-0.029453083921402265,31827.142404785158,1.6446026376243048e-06,35.148990631103516,4.753544999402948e-05
33,0.5591110710487774,-0.011845597342917203,-0.5719675342031135,24573.242853515625,1.8728980667292129e-06,3.7675437927246094,1.109243203245569e-05
34,0.9995929844401062,0.00010240690162754129,0.0049447420263958415,23027.075587402345,1.9321435643363616e-06,6.532207012176514,1.0626463335938752e-05
35,0.8450518796336518,0.00907232710599728,0.43805950971345653,22814.91545751953,1.9376400388532418e-06,3.828927516937256,1.0030878911493346e-05
36,0.9745328135408713,-0.0019090188985879553,-0.09217743947926532,35015.775618164065,1.5835874511405724e-06,4.207504749298096,5.802846317237709e-06
37,0.9702699132614111,0.0032770353381952016,0.1582324443101811,40664.725100585936,1.4702871310494137e-06,8.345419883728027,1.0644256690284237e-05
38,0.9143807447643719,-0.021127413529419853,-1.020142274862756,65529.21911279297,1.1918644743170583e-06,32.77578353881836,3.494555858196691e-05
39,0.9450919326320104,-0.007108009771490531,-0.3432119718742572,51476.495931640624,1.3156548110031002e-06,9.559423446655273,1.1661496500892099e-05
40,0.5830188461784934,-0.021150384162173148,-1.0212514174238816,49759.89419677734,1.343306755444942e-06,8.93857479095459,1.4913983250153251e-05
41,0.998207286106379,-0.0005098314359838341,-0.02461733425991098,47378.03845068359,1.355999834206343e-06,19.18006134033203,2.328166192455683e-05
42,0.9318659667673505,0.015211543033663786,0.7344930364015361,71090.83488769531,1.1217342394115458e-06,28.60235595703125,2.9215805625426583e-05
43,0.9146701630913299,0.005089348520314163,0.24574042486805325,43817.88539575195,1.4141317771914092e-06,7.43967866897583,9.62552167038666e-06
44,0.40036476959838996,-0.0409278420702697,-1.9762107584370756,31560.803421386718,1.659202965138908e-06,13.284040451049805,4.592332334141247e-05
45,0.5207315682720448,-0.013111486094535309,-0.6330912789057301,28323.29890576172,1.7561779398840827e-06,5.086397171020508,1.1317605640215334e-05
46,0.8298952446497072,0.006304575985520003,0.3044179770967963,25203.03240625,1.847516701044391e-06,5.079140663146973,8.666300345794298e-06
47,0.8520489922138457,0.009414816132984099,0.45459667525997943,34680.96991064453,1.569495293157127e-06,6.760889053344727,1.476553370594047e-05
48,0.9707171006370643,0.005247046717080423,0.2533549204600892,59213.77524853516,1.2176057631533338e-06,24.532506942749023,2.6069534214911982e-05
49,0.9963094939898973,-0.0008451622406538286,-0.04080886330965738,41601.718728515625,1.4508304537866274e-06,11.095270156860352,1.3771421436103992e-05
50,0.9735244289368264,0.003481833710292905,0.16812118326580458,46356.88476171875,1.378072534573317e-06,9.794218063354492,1.1558686310308985e-05
51,0.7687332892274056,0.020347581396304958,0.9824878916047619,52150.97180664063,1.3161250125266968e-06,15.506429672241211,2.3377451725536957e-05
52,0.9971180322636013,-0.0025388192123480123,-0.12258750003371048,49593.07876171875,1.329703284290893e-06,22.306188583374023,2.5739334887475707e-05
53,0.6535244731213422,0.05621297821980215,2.7142572562470306,43612.53676123047,1.4136371041544758e-06,14.558263778686523,5.099075133330189e-05
54,0.6547233580506603,0.018069820290319484,0.8725056454098707,29723.590953125,1.7149831571102537e-06,3.9821834564208984,1.3092073459120002e-05
55,0.5268156377000348,0.04101351910275265,1.9803476946833862,34623.22046899414,1.5931167178569231e-06,10.239856719970703,2.584882349765394e-05
56,0.24486233947111127,-0.043937544257761474,-2.1215349568739477,23509.99745361328,1.923757826216989e-06,6.248315811157227,3.6230059777153656e-05
57,0.9976495160258547,-0.00014298440953037516,-0.00690403681478138,23607.89445288086,1.899804300495007e-06,2.4118974208831787,4.016686489194399e-06
58,0.40775562867073123,0.02331303154412521,1.1256753695976027,25858.245265380858,1.8400166442379665e-06,4.097536563873291,1.4580220522475429e-05
59,0.9974059863978394,-0.0004776855324622309,-0.0230651615294259,38748.31387060547,1.513641304636474e-06,5.257806301116943,6.85802660882473e-06
60,0.43858061806696,0.02166377930348176,1.0460408260577758,44776.28924511719,1.4035385671480567e-06,6.0128984451293945,1.4953778190829325e-05
61,0.5863404906640877,0.013360669642558958,0.6451231668216478,51808.23969042969,1.3086882394928735e-06,4.5178351402282715,9.70971814240329e-06
62,0.8400232889721355,-0.019912520766082444,-0.9614808837947242,55706.9319453125,1.2842695454989758e-06,26.71215057373047,2.9737511795246974e-05
63,0.8204712596827965,-0.023086147238189608,-1.1147202059820702,64357.115568359375,1.1739909656200307e-06,21.821678161621094,2.297935134265572e-05
64,-0.12396895377568824,0.11028678966845562,5.3252243272950235,59388.85923144531,1.2231025593404592e-06,30.357990264892578,8.306127710966393e-05
65,0.9496563903506937,0.0061938665968300985,0.29907234747348643,38483.23323388672,1.509443272996059e-06,8.764731407165527,1.0519084753468633e-05
66,0.8278615084855032,0.004442858857519259,0.21452451505682707,34863.74679638672,1.5909998530424028e-06,2.9462363719940186,4.506871391640743e-06
67,0.7898256761117777,0.0039110988204893804,0.18884835298893485,25530.561654052734,1.844443910915776e-06,2.1611599922180176,4.254197847330943e-06
68,0.7724056618965344,-0.004117588451659624,-0.19881875479814146,23272.27997338867,1.9250262954532604e-06,2.206494092941284,3.933418156520929e-06
69,0.6817702251889657,0.0049183706632402735,0.23748471766453613,25402.22907861328,1.821964692407298e-06,1.9520485401153564,4.231906586937839e-06
70,0.986383667049525,-0.0025768822719699244,-0.1244253840783837,37350.39836157227,1.5247846242312348e-06,6.700051307678223,9.246469744539354e-06
71,0.9130255848040456,0.006466238350417488,0.3122238835063322,52510.66221630859,1.310337919832746e-06,7.066096305847168,8.941328815126326e-06
72,0.49457820752705767,-0.023833759617856543,-1.1508188506480144,53218.41440087891,1.2892115675915962e-06,9.83156681060791,1.6571573723922484e-05
73,0.9985858903220666,-0.002928694387499257,-0.14141271721126378,61215.293246582034,1.2087529632306038e-06,26.856311798095703,2.7629706892184913e-05
74,0.9611955010858038,0.018371618260523536,0.8870780334328631,54371.20710742188,1.2602859451793804e-06,34.817962646484375,3.658600689959712e-05
75,0.7477316693535363,0.019482717287459112,0.9407277188218242,52366.15164746094,1.2988041024493442e-06,11.437838554382324,1.8857290342566557e-05
76,0.7083373099853274,-0.008660836348334807,-0.41819057890362243,42605.42253613281,1.470850183862385e-06,5.0990519523620605,7.348529379669344e-06
77,0.9982890774599242,0.002550772195393826,0.12316465271256408,43755.50529492187,1.4002769749629124e-06,25.785297393798828,3.0463332223007455e-05
78,0.9962220242978834,0.0017084565403519911,0.08249323747802328,28524.419187011717,1.7656021634166667e-06,12.539999008178711,1.8803875718731433e-05
79,0.5331847552568024,0.028370692199895756,1.3698857382580631,23106.43957861328,1.9430882462916805e-06,7.681825160980225,2.9023482056800276e-05
80,0.7788901101296348,0.01799406512394355,0.8688477888695167,43261.49441748047,1.416268777529676e-06,13.59639835357666,2.1004483642173e-05
81,0.9802057387122702,0.004304258533636814,0.20783216487845504,53508.08247314453,1.287216776938707e-06,14.132344245910645,1.6721736756153405e-05
82,0.23856310256845228,-0.01595356733686646,-0.7703218594431521,48913.93030664063,1.3459038612948937e-06,11.161358833312988,7.932038897706661e-06
83,0.9980540761127845,-0.0016754120016274495,-0.08089767392930479,59612.96054443359,1.2505398374085264e-06,23.653867721557617,2.424872036499437e-05
84,0.9827365989682832,0.016974464041834093,0.819616103887951,56461.13185498047,1.2568440091220512e-06,52.753273010253906,6.001305519021116e-05
85,0.8261036533463161,0.01632203602552984,0.7881134592405116,38664.21265527344,1.5180563873404308e-06,8.797066688537598,1.901763789646793e-05
86,0.4511214660408187,-0.022261058165301363,-1.0748805804354533,36201.37028369141,1.5678251864967731e-06,11.022368431091309,1.4563957847713027e-05
87,0.9607248889465487,-0.0032683547603702024,-0.15781330050929956,25844.03885986328,1.843454693526288e-06,4.50455379486084,7.794201337674167e-06
88,0.6132154380734148,-0.008375901604517254,-0.404432435847412,22758.310674316406,1.935599281668614e-06,2.394169807434082,7.160896529967431e-06
89,0.7468749967566053,0.01434351020587144,0.6925798612574724,23884.83000415039,1.8887217359031247e-06,5.086445331573486,1.5042718587210402e-05
90,0.42852998966291006,0.011440297065082426,0.5523975122097857,30641.480606933594,1.6879770674926199e-06,2.7899208068847656,8.815439286991023e-06
91,0.7211463131302591,-0.0051489119320406234,-0.24861645861693626,33857.634128417965,1.6163971030584545e-06,3.525874137878418,5.451292054203805e-06
92,0.9740754726712645,0.00352891949930237,0.17039473198235408,43203.02697558594,1.4509996091808023e-06,10.339527130126953,1.2837987924285699e-05
93,0.8651763885517336,-0.024142555066173146,-1.1657291135949814,36104.19731787109,1.558027910697145e-06,24.212106704711914,4.2229392420267686e-05
94,0.8160838605119867,-0.04308326798385611,-2.080286020263247,40836.91621533203,1.4602442446612439e-06,57.20979690551758,5.392800085246563e-05
95,0.8316718347778239,0.029853617332537878,1.44148913713877,58768.21178320312,1.2027395250804947e-06,15.929996490478516,3.603182631195523e-05
96,0.8878066798898906,0.010461402893210944,0.5051313702396718,40885.44266113281,1.4689382363384894e-06,10.377328872680664,1.4895782442181371e-05
97,0.6272024196675744,-0.015725069398195922,-0.7592887811805327,33211.099565429686,1.6165658112619569e-06,5.145577907562256,1.2029777280986309e-05
98,0.9222181776491134,0.006404817823917906,0.3092581785212283,26815.11292236328,1.7928464790099661e-06,9.267151832580566,1.5102979887160473e-05
99,0.6594965572695869,-0.03611500737854818,-1.7438218706958324,27789.46998486328,1.7445939103944725e-06,9.069250106811523,3.8810580008430406e-05
100,0.9493166514496975,-0.006187845864926512,-0.2987816349765729,39163.80925732422,1.4770149707378914e-06,8.13857650756836,1.116793919209158e-05
101,0.6884010999505529,-0.024556509174498985,-1.1857169878876994,53989.509794433594,1.2695678335588088e-06,9.05321979522705,2.1043924789410084e-05
102,0.8796981176661275,-0.014815941472213207,-0.7153913192757989,69039.51872558593,1.145368705517753e-06,20.016742706298828,2.4447084797429852e-05
103,0.3480515205808745,0.05582031520397888,2.695297427508003,66647.04590429687,1.135703602707179e-06,21.947586059570312,5.213835902395658e-05
104,0.9691357859154381,0.01700791920707972,0.821231494637607,60618.470836914064,1.2004616152917346e-06,33.25004577636719,4.4893989979755133e-05
105,0.9297881004579162,-0.011021391615032197,-0.5321705611837374,48366.483681640624,1.3618558181498908e-06,20.235458374023438,2.391632915532682e-05
106,0.8689503226205074,-0.01924730618334638,-0.9293608366929205,37980.943423828125,1.5105500477239842e-06,15.68242073059082,2.603465509309899e-05
107,0.6766040641505777,-0.04273781742506002,-2.0636058564366566,41749.00916845703,1.4618145925368104e-06,29.60021209716797,4.2649360693758354e-05
108,0.47857493463376105,0.019805662279553587,0.9563211959141352,31059.43784033203,1.6653482595552553e-06,6.775019645690918,1.5432791769853793e-05
109,0.9943984135409316,0.001562336945997171,0.07543781750531436,23300.041897216797,1.9229119387945946e-06,6.030027389526367,1.0158767508983146e-05
110,0.8997336308053148,0.02210415867868193,1.0673046507561357,22833.016923339845,1.932476033386689e-06,16.483579635620117,3.3053536753868684e-05
111,0.8998934387994685,0.015074032152935636,0.7278532902495022,25489.971227539063,1.8381630595285426e-06,10.269400596618652,2.0369707272038795e-05
112,0.9978221093322829,0.0015924003655543792,0.07688943699364112,38190.89692773438,1.5145128927572341e-06,19.54521942138672,2.5773133529582992e-05
113,0.9932949709084313,-0.004053227626035277,-0.19571107675827917,43846.22621972656,1.4162162422923622e-06,20.13703155517578,2.5239474780391902e-05
114,0.9959775292006492,-0.0007309835875175384,-0.035295719413031085,52218.04399609375,1.315694940024298e-06,13.700634002685547,1.6051359125413e-05
115,0.9810189654123374,0.004527655387913407,0.21861893604670826,38724.1095493164,1.5126766138241293e-06,13.916970252990723,1.8306862330064178e-05
116,0.9173980064168908,0.02527328274594455,1.2203265732360322,35545.606090820314,1.5558023627515665e-06,31.582473754882812,5.703228453057818e-05
117,0.7198703073573137,0.06031039430751479,2.9121019835705084,46927.79802197266,1.3651559706715745e-06,27.295446395874023,5.031024556956254e-05
118,0.689876342876562,0.021574239887703968,1.0417173936994208,32547.93694873047,1.649198343770372e-06,7.393994331359863,1.9369465007912368e-05
119,0.6628121114438162,0.014660769721992574,0.70789881376659,30894.11230834961,1.6915983674407023e-06,6.630960941314697,1.1358491974533536e-05
120,0.6683225870284303,0.015075321074210774,0.7279155261251765,22638.58144555664,1.9515723629600297e-06,5.988768100738525,1.4668797120975796e-05
121,0.847748617647209,-0.016325877579434968,-0.7882989496004333,22901.227161865234,1.9320541521343164e-06,9.69637680053711,1.9210456230212003e-05
122,0.9399093527260427,0.00989654632368807,0.4778571340913694,29615.421716552733,1.696991515559249e-06,9.361451148986816,1.5552761396975257e-05
123,0.9969717273532704,0.0016333124365323726,0.0788648862410712,46047.98740380859,1.379684855355564e-06,13.710755348205566,1.6708921975805424e-05
124,0.9598087561652677,-0.012869760018144579,-0.6214194768122319,41938.367502441404,1.4320542669695628e-06,22.888938903808594,2.9785256629111245e-05
125,0.8008967175850075,0.07297409354999618,3.52357176596547,52564.372443359374,1.2959124258781428e-06,19.751869201660156,8.84250839590095e-05
126,0.9554084297358926,-0.018651994544549053,-0.9006160701549195,51689.114875,1.3061712009430691e-06,27.355342864990234,3.618152913986705e-05
127,0.3881892190544232,0.08019985280310729,3.872469300053817,50468.49833251953,1.3232527293015588e-06,30.231752395629883,8.231927495216951e-05
128,0.5760786320813437,0.03374341182887756,1.629308805680731,40911.234765625,1.4548816225238715e-06,6.51092004776001,2.453345041431021e-05
129,0.6920532435652037,0.009642054304465738,0.46556892535903344,36024.43841503906,1.5691132090335985e-06,2.710691213607788,7.226282377814641e-06
130,0.5717534698716,0.006560642134956764,0.3167821930874575,25008.395568847656,1.8713602350122795e-06,2.5955817699432373,5.51743460164289e-06
131,0.9867559430951167,-0.0014158979099998983,-0.0683669732155984,29957.660576171875,1.6917856049829823e-06,4.481811046600342,6.533798568852944e-06
132,0.9202809456712657,0.0075578227145841614,0.3649312986811694,41429.84946142578,1.451346139215679e-06,8.030891418457031,1.1127543984912336e-05
133,0.9297801606696886,0.008318734864657187,0.40167212597956536,49821.794340820314,1.3202632675359757e-06,10.361923217773438,1.4523145182465669e-05
134,0.9964782965298121,-0.0019167425346620433,-0.09255037711613508,49884.84216699219,1.3635786629282812e-06,19.792638778686523,2.201865572715178e-05
135,0.9840811523611374,-0.010340512166552514,-0.4992941322487833,60110.705106933594,1.2255767187308831e-06,25.579740524291992,2.6736721338238567e-05
136,0.6910982930637661,0.04512033212908386,2.1786461554620145,59768.904077148436,1.2147013389803294e-06,25.9908390045166,3.9039998227963224e-05
137,0.5195483634300748,-0.013999421148683704,-0.675965437865509,37835.2250625,1.5268470266590082e-06,4.734416961669922,8.670904207974672e-06
138,0.9914765302026828,0.00809306360307015,0.39077553450394664,39816.415880371096,1.50386092078451e-06,42.6744270324707,6.526452489197254e-05
139,0.9552244593184297,-0.003407527268184601,-0.16453327872728796,26268.818914794923,1.8057202131669179e-06,3.60866117477417,6.10027882430586e-06
140,0.9793367158102149,-0.0026318839565973597,-0.127081153730404,23731.858932617186,1.8900165224582534e-06,4.4854631423950195,7.923266821308061e-06
141,0.7677684452631046,0.004581312687934032,0.22120979176266287,27458.01080517578,1.7748176663460636e-06,2.5138931274414062,4.839424946112558e-06
142,0.8063417509164402,0.006890987147716533,0.3327329819683135,33134.90674414062,1.62036783792837e-06,3.661017894744873,7.4159534051432274e-06
143,0.5905045277202872,-0.05119399090750973,-2.471914239334922,36570.41077001953,1.528739458346393e-06,13.42621898651123,3.546188963809982e-05
144,0.7916509655730417,-0.012235033869945297,-0.5907715711498926,51349.86447607422,1.3112537392779982e-06,6.01186466217041,9.986384611693211e-06
145,0.31042403086345466,0.0439340831560069,2.1213678367381807,60006.94428369141,1.2393659121155158e-06,11.692044258117676,2.8741573260049336e-05
146,0.7473638331353202,-0.0253695661949494,-1.224975642870735,55934.87541552734,1.2552512365410118e-06,15.737574577331543,2.2858577722217888e-05
147,0.9238581716839511,0.013911588416806389,0.6717244131522866,70796.71760253907,1.114387875813712e-06,21.24055290222168,2.2496235033031553e-05
148,0.7658044220329755,-0.02287815304191933,-1.104677155882921,60590.14073339844,1.2065210018905879e-06,19.28432273864746,2.3009755750535987e-05
149,0.5094306790726957,-0.06291709545184959,-3.037967179116859,61801.41133886719,1.1743785299948521e-06,40.155303955078125,6.96504648658447e-05
150,0.4155236238169854,0.044711921907091716,2.158925969062477,56604.609409179684,1.2331256653721938e-06,16.138797760009766,4.9830516218207777e-05
151,0.8704614794323544,0.012375083909591347,0.5975339212047249,33262.43237060547,1.6338267567582065e-06,9.46414852142334,1.760849954735022e-05
152,0.7050470688047213,0.010553247377537194,0.5095661033906894,29117.50817944336,1.7176462992919183e-06,5.475559234619141,1.0379270861449186e-05
153,0.4716225362020042,0.009493169994182161,0.45838001040867454,23712.748111328125,1.8879167535550108e-06,2.7761378288269043,8.682402949489187e-06
154,0.8499429384220605,-0.008475758635643257,-0.4092540567596012,34040.43376025391,1.6020019328659663e-06,9.062108039855957,1.2090848031220958e-05
155,0.9418187385085965,-0.004502730856989439,-0.21741544903959034,55357.07760449219,1.2582462883658872e-06,10.229462623596191,1.0743092389020603e-05
156,0.9623458332061282,0.005205530242572102,0.2513502874419384,64861.488298828124,1.1629162642227678e-06,14.812640190124512,1.5362569683929905e-05
157,0.9883030575224087,0.0017446891752295071,0.0842427390209713,34533.44548828125,1.6058764105982066e-06,8.812909126281738,1.2529950254247524e-05
158,0.930830014718437,0.00657180908044857,0.3173213917528036,44969.27872949219,1.4289014554699033e-06,8.31628131866455,1.2706386769423261e-05
159,0.6229389320219468,0.05784184929749092,2.79290769040158,69812.92859960938,1.1203360899729552e-06,23.625520706176758,4.23588789999485e-05
160,0.745413122178532,0.015407277151481017,0.7439441056457802,44458.61522314453,1.4074894196120414e-06,7.448383331298828,1.2191070709377527e-05
161,0.9337499903169485,0.009578060090561514,0.46247894925479327,31047.81900048828,1.6864487942703173e-06,9.384591102600098,1.6105745089589618e-05
162,0.9754069637650312,0.002004290406202455,0.09677764727905692,23285.46803515625,1.940366653936057e-06,3.871176242828369,6.803014457545942e-06
163,0.8003509797137371,0.008635121165637472,0.4169489150842988,25684.544739746092,1.8450905749662298e-06,3.2889838218688965,9.539015081827529e-06
164,0.6035784818575007,-0.03681980071935037,-1.7778529877084692,34383.2117109375,1.5697860406624227e-06,13.711132049560547,3.7228979635983706e-05
165,0.33303670880910796,0.017815798552778015,0.8602401443422982,35608.94195117187,1.5696057501753592e-06,4.4494218826293945,1.3639833923662081e-05
166,0.48369993526964394,-0.01579665520023798,-0.7627453189550867,50715.190642089845,1.338177139114782e-06,14.87777042388916,1.3443841453408822e-05
167,0.7824172421958646,0.02286522006352309,1.1040526838914242,34980.65810595703,1.579494780453567e-06,17.937528610229492,3.101723996223882e-05
168,0.9994442422699635,-0.0014539417964324376,-0.07020393147818306,39542.723442871094,1.4674818389044077e-06,36.66925811767578,4.552235623123124e-05
169,0.2969265776329871,0.057314240860100854,2.7674319893269357,47565.444400390625,1.3512934711582963e-06,12.361665725708008,3.3650052500888705e-05
170,0.9895024396134744,-0.002479650362504909,-0.1197305178008449,36056.56503857422,1.5675481835160853e-06,8.051138877868652,1.0092648153658956e-05
171,0.9807352762517367,0.0024872718733219036,0.12009852429496276,35418.55136474609,1.5865040228243464e-06,6.121119976043701,8.424715815635864e-06
172,0.8048032330126125,0.015536516354388595,0.7501844518325955,29046.37095239258,1.7182771628937977e-06,7.157320976257324,1.764098124112934e-05
173,0.991679323497662,0.0010634191470503093,0.05134745085071013,27163.268251708985,1.7871493816771036e-06,4.513620853424072,6.8383019424800295e-06
174,0.7097098618199386,0.011765527033032,0.5681013199141988,23214.184342285156,1.9236794031531137e-06,3.606633424758911,1.0512510925764218e-05
175,0.571738030894256,0.010934205962783713,0.5279607808669793,34068.9531640625,1.5981313105664923e-06,3.572375774383545,7.650122824998107e-06
176,0.932900032423201,0.006433556320162282,0.3106458237667785,47712.52788085937,1.3613299002739705e-06,7.492562770843506,9.990119906433392e-06
177,0.9676992005635413,0.008011848338138864,0.3868540357835655,57525.88588476562,1.2408708872172724e-06,14.260568618774414,1.57517733896384e-05
178,0.8367725565689156,-0.005266968550407428,-0.25431685100314155,60832.93247753906,1.2493825088800926e-06,5.074352264404297,5.072137355455197e-06
179,0.9983885327211581,-0.0022024716500806856,-0.10634687659733309,68343.41360253906,1.1409735880385767e-06,15.282846450805664,1.4612192899221554e-05
180,0.8684517214568465,0.01968155892041983,0.9503288351867547,56633.256965820314,1.233102793392272e-06,22.215299606323242,2.487911297066603e-05
181,0.9152411924069555,0.006040303078803191,0.2916574958449256,40873.55909472656,1.479930597090255e-06,5.028998374938965,7.5603647928801365e-06
182,0.737210273967302,-0.0044403713430462965,-0.2144044048185498,29302.671932128906,1.7174580144910555e-06,1.7090198993682861,3.710544433488394e-06
183,0.8983656136734713,0.0027361475159555903,0.1321155449246163,24695.48477319336,1.8591544553810733e-06,2.2438015937805176,4.098679255548632e-06
184,0.6818007123828311,-0.009183160935844285,-0.44341114800815035,25242.61888256836,1.8568408073352851e-06,5.115129470825195,1.0183784979744814e-05
185,0.4579036048740723,0.026109319477879558,1.2606948091489316,36763.03463769531,1.5400946658420199e-06,7.076678276062012,2.317158032383304e-05
186,0.7186955223482249,-0.008032677740658195,-0.3878597885246907,65806.77971289062,1.160993259146527e-06,6.412888050079346,7.4474187385931145e-06
187,0.9941417055994531,-0.0034033382272254243,-0.16433100987087368,53906.655392089844,1.2861904470005625e-06,23.30440902709961,2.5547024051775225e-05
188,0.8428164056606099,-0.01849915004970975,-0.8932359367349673,44516.23407910156,1.4165161555415562e-06,13.329751014709473,2.154804315068759e-05
189,0.6224415274652925,0.10198244560702638,4.9242470647317305,59964.2508125,1.196736537800253e-06,37.100685119628906,8.220365998568013e-05
190,0.8149671897555398,-0.014817277504812203,-0.7154558299331462,36384.65251025391,1.5574653733076517e-06,12.335503578186035,1.7085450963350013e-05
191,0.9580295307066866,-0.0026258861169752364,-0.12679154659284053,34485.99135351562,1.6001238067198777e-06,6.435633182525635,9.201352440868504e-06
192,0.916152791108056,0.004912996107407121,0.23722520593555071,27089.779475585936,1.76460807876734e-06,3.9568710327148438,7.006059149716748e-06
193,0.6462480483495567,-0.006461403738345895,-0.31199044309253393,21420.025308837892,1.988520529441333e-06,2.3724522590637207,5.41119970876025e-06
194,0.7179148712471622,0.012581492764122324,0.6075004226943576,24926.511224121095,1.860022486115605e-06,3.0423946380615234,9.80797631200403e-06
195,0.7211242312359266,0.008806726057249492,0.4252348988022248,33215.74878417969,1.6158779186359208e-06,3.3878226280212402,7.023665148153668e-06
196,0.8554179970715049,-0.013620732698553215,-0.6576803744126437,41636.60616015625,1.4448768671392166e-06,11.488511085510254,1.4885536984365899e-05
197,0.9583165990598302,0.005282815547109234,0.255082027073682,49277.18841650391,1.3449789108191907e-06,8.720516204833984,1.1327646461722907e-05
198,0.7815590284512841,-0.032476478263991575,-1.568134611916642,59200.72983837891,1.2339680913153848e-06,24.49428367614746,3.155090598738752e-05
199,0.6133824906605817,0.04212611292025425,2.03406955639655,55404.995305175784,1.2614651365301766e-06,16.990137100219727,3.3444302971474826e-05
200,0.6443584963083367,0.046284274501991615,2.2348473945987335,61139.15748828125,1.1947704252071092e-06,30.71670913696289,4.7965848352760077e-05
201,0.7498975427257362,0.00931681995401118,0.449864906044307,44246.143880126954,1.4100449241980337e-06,5.55817174911499,8.876694664650131e-06
202,0.34130165154438186,-0.019702059516133522,-0.9513187114117024,34140.47874633789,1.6110218228718615e-06,6.696323871612549,1.3222927009337582e-05
203,0.24310786646126395,-0.04218928156464786,-2.0371196696771916,25309.96946032715,1.8430669920943454e-06,9.285696029663086,2.7689753551385365e-05
204,0.9137095581771727,0.003998983047992121,0.19309186418089205,23560.11966455078,1.911494736259128e-06,3.66802716255188,6.770373147446662e-06
205,0.9877799298874249,0.0011823380084752544,0.05708947685163082,22159.40367114258,1.9702898466947934e-06,3.085479497909546,5.3125841077417135e-06
206,0.9980299328518112,0.0008271168162539064,0.03993753562571887,26631.379685791017,1.819035573804853e-06,5.94315242767334,9.439452696824446e-06
207,0.9951317200017922,0.00019975352768920418,0.009645147422563886,31651.658069824218,1.6661213016246666e-06,1.6847556829452515,2.409122316748835e-06
208,0.3206450483880636,-0.01360141918988434,-0.6567478169729166,46278.47870068359,1.3948796808343702e-06,3.266411304473877,7.057547918520868e-06
209,0.7785163907438672,0.02356453783937549,1.1378194119254363,56015.59313623047,1.2871776168201795e-06,31.067569732666016,3.6316574551165104e-05
210,0.794889288319648,0.02054660659810215,0.9920978716353834,57443.392483398435,1.2338752000874597e-06,12.388312339782715,2.8070253392797895e-05
211,0.6265123238350231,0.05661283896157164,2.73356462892514,46688.44440332031,1.382799871171435e-06,37.22858810424805,6.736416253261268e-05
212,0.8990086363107741,0.009734326342101399,0.47002430302505915,46100.47473046875,1.3679682746304068e-06,11.42266845703125,1.377489843434887e-05
213,0.9746763236248954,0.004749394798800021,0.2293256771597937,46789.158374023435,1.3752341320487664e-06,9.422167778015137,1.1852341231133323e-05
214,0.9140946236900025,-0.016945575036498774,-0.8182211912745231,37717.12240625,1.5204608036859246e-06,14.938361167907715,2.1700428987969644e-05
215,0.9409343489310926,0.007933462317399914,0.38306914780365625,30093.98667578125,1.6990154904193622e-06,9.005512237548828,1.4052417100174353e-05
216,0.9982181337547837,-0.0003442670383494004,-0.01662301725542383,28869.324879638672,1.7265636887063892e-06,3.3660738468170166,5.156642600923078e-06
217,0.8553225593211095,0.016117488952836354,0.7782368543374325,28703.407063476563,1.7286571788572623e-06,10.256769180297852,2.0910296370857395e-05
218,0.6604096067702849,0.024695495277319828,1.1924279654954661,32772.62847265625,1.6297706480181213e-06,6.726920127868652,2.1636997189489193e-05
219,0.9734318706787216,0.0037790209977038637,0.18247094335439937,48619.512515625,1.3385492156485728e-06,7.506174087524414,8.44096030050423e-06
220,0.9817627501362216,0.0016891632669092424,0.08156165710108658,60506.475349121094,1.2245264566665528e-06,4.865694046020508,5.395403604779858e-06
221,0.6574687224617785,-0.012901479120799465,-0.6229510413595865,48394.14132861328,1.369072179074494e-06,13.639193534851074,1.5137807167775463e-05
222,0.9974044807620573,-0.0032481636046933883,-0.15683836567141365,55902.414806152345,1.2411792731220358e-06,22.23670768737793,2.2916647139936686e-05
223,0.3435610816261404,0.06790061953294396,3.27859784532887,61072.20454296875,1.1925624440933794e-06,22.49128532409668,4.3684380216291174e-05
224,0.9873334125180845,-0.005238849357985373,-0.2529591089925166,42106.92865820313,1.4577343834308631e-06,16.44855499267578,1.810557114367839e-05
225,0.5906430385222861,0.010106635525210865,0.48800134202610407,34749.26144726563,1.5984738298061666e-06,3.519954204559326,6.682071671093581e-06
226,0.9947644543740547,-0.00104246868048872,-0.05033585250300823,25803.937589355468,1.8261326638410827e-06,2.9553210735321045,4.618700586433988e-06
227,0.7030251244949176,-0.005303739395916863,-0.2560923401766927,23966.616085205078,1.904943796019759e-06,2.336090087890625,5.487543603521772e-06
228,0.4761886611843868,0.016803164497264007,0.8113448639258354,24658.46987548828,1.860291379299211e-06,4.885440349578857,1.4101946362643503e-05
229,0.6854774378398579,0.010563934769425376,0.5100821466942381,37108.75488671875,1.5393528302121473e-06,5.108900547027588,1.0862483577511739e-05
230,0.9960493611222608,-0.0006381415803317103,-0.030812820629349466,55063.4766015625,1.272959766049082e-06,18.850635528564453,1.9620141756604426e-05
231,0.7987638340033948,-0.013284586530659297,-0.6414494753523214,53036.13124707031,1.306930626111204e-06,14.085643768310547,2.05354062927654e-05
232,0.9771885398446916,-0.008023493153616333,-0.38741630851680836,56624.040831054685,1.2557759617152063e-06,21.14446449279785,2.2898009774507955e-05
233,0.8970366349186164,-0.01262132328919774,-0.60942364923616,60483.59084765625,1.2010708262931957e-06,20.617473602294922,2.319348459423054e-05
234,0.9994758428485632,-0.0018221817440853725,-0.0879844864605005,39173.27514746094,1.4988610543332405e-06,17.014577865600586,2.2634065317106433e-05
235,0.876750216694714,-0.021328381084468252,-1.0298460418901394,35457.3594633789,1.5861876271572411e-06,22.773908615112305,2.9164793886593543e-05
236,0.979539908986885,-0.0029871991860539234,-0.14423763556697428,25681.865655517577,1.8526278490665024e-06,12.579297065734863,1.7880936866276897e-05
237,0.9893838635007092,-0.005659369730121426,-0.27326403692227186,28124.139655029296,1.7219171356195008e-06,21.337753295898438,3.505570566630922e-05
238,0.18977840553558417,0.030911452332326145,1.4925669560876318,56136.47512109375,1.2532978146528066e-06,10.352840423583984,2.342624429729767e-05
239,0.7649229847287663,-0.007011397146793247,-0.3385470079115882,44173.19254150391,1.4161180867514038e-06,8.657660484313965,1.1027638720406685e-05
240,0.8304540714756024,0.008229769277585595,0.39737640107914934,46767.51804980469,1.3622342639299062e-06,7.589245319366455,1.5841471395106055e-05
241,0.7714491088718575,0.014694580657468833,0.7095313829679245,41669.321418945314,1.452946945840736e-06,18.993183135986328,2.9410264687612653e-05
242,0.6406435586376935,0.03160970593341408,1.5262823001856232,57725.50493261719,1.2313305808119562e-06,25.106298446655273,3.667381315608509e-05
243,0.5883947168439523,-0.019036576434772457,-0.9191856997888169,46419.18984570313,1.3694707661106126e-06,8.395780563354492,2.386814412602689e-05
244,0.9606611807359606,0.008021712874434489,0.38733034730570565,39455.480915039065,1.495680357891679e-06,14.751964569091797,2.0771742128999904e-05
245,0.1640758847704791,0.02702669073546815,1.304990302315048,31076.553919433594,1.6745153074721745e-06,4.6190009117126465,1.8411730707157403e-05
246,0.5162643617958956,0.011616556026070674,0.560908218793775,22657.588611572264,1.948799566661351e-06,4.162656307220459,1.1288916539342608e-05
247,0.8351276500934519,0.005922407328997627,0.28596487103612817,23718.5330234375,1.8958364884772664e-06,4.594791412353516,9.584586223354563e-06
248,0.7576257570889211,0.013682791538391198,0.6606769005117568,33979.96719335938,1.6022653436934414e-06,6.321166038513184,1.6969115677056834e-05
249,0.9897486077819161,0.0029346558685766394,0.14170056876769604,57709.17144433594,1.2227675653189587e-06,16.419607162475586,1.672069811320398e-05
250,0.783784040586699,-0.03147007253605132,-1.5195400678042628,59643.424452148436,1.2008056586328098e-06,22.907794952392578,3.6405112041393295e-05
251,0.9858074342128552,-0.005059704767677477,-0.24430906909853856,63760.615016601565,1.1786615525450535e-06,23.216468811035156,2.3337950551649556e-05
252,0.7254187047158914,0.022955189056176807,1.1083968584731858,56242.39941601562,1.2341131088942193e-06,16.783260345458984,3.191094219801016e-05
253,0.9528930767300827,0.006798034511641021,0.32824474144192256,47171.36454785156,1.370705618647089e-06,10.386380195617676,1.3286426110425964e-05
254,-0.5673914166137557,-0.06387355822412807,-3.084150215529481,34858.71692626953,1.5903541138114382e-06,10.196250915527344,3.715996354003437e-05
255,0.7960218491751572,0.01795761216580054,0.8670876489643785,22844.52832519531,1.942082050880003e-06,3.436610460281372,1.8434848243487068e-05
256,0.9654267759198375,0.001857907405858013,0.08970950868439787,25767.39027783203,1.8206361856543843e-06,3.6905672550201416,6.45044565317221e-06
257,0.5559273396741009,-0.012135095850410683,-0.5859460396927952,40654.75669335938,1.467844848190169e-06,7.6505255699157715,1.0970287803502288e-05
258,0.9991058843153072,0.0009675400147831734,0.0467179037475277,47098.3083984375,1.3719330645038487e-06,25.296524047851562,2.8955535526620224e-05
259,0.9395825143141798,-0.012745700227607083,-0.6154292198050652,55994.39487597656,1.2446377537137792e-06,28.44090461730957,3.362877760082483e-05
260,0.646063188900564,0.03292063230307875,1.5895806971742117,61385.593360351566,1.1895527451288778e-06,21.913789749145508,3.371462662471458e-05
261,0.988211351839238,-0.004242024172480633,-0.20482716369001855,37298.835835449216,1.5290646485304154e-06,17.536319732666016,2.5379291400895454e-05
262,0.8324233620117634,0.019267749380464712,0.9303479414128014,36837.94356103516,1.5526408294600074e-06,12.026473045349121,2.6779109248309396e-05
263,0.9623649521692881,-0.001968804353082333,-0.095064194616929,29071.530977294922,1.7563393398703356e-06,3.6629598140716553,5.477795184560819e-06
264,0.9420630787449892,0.0029874423680802775,0.14424937766996407,26194.27744824219,1.8147500316279892e-06,5.201239109039307,8.393599273404106e-06
265,0.5751225334928456,0.021863723332500754,1.0556951718831478,47336.47653613281,1.3591828428917034e-06,10.009687423706055,2.2072217689128593e-05
266,0.9634131503273988,0.006222535596244699,0.3004566370477935,53435.145927734375,1.2789010278001227e-06,17.744287490844727,1.90290611499222e-05
267,0.7823596905255836,0.017700670670086703,0.8546811666669047,51174.662297851566,1.2955846261189663e-06,11.241216659545898,2.803256211336702e-05
268,0.5843800894812087,-0.034974625220553134,-1.6887582422374787,61687.5005234375,1.1811156577234504e-06,16.560827255249023,3.18786442221608e-05
269,0.7024481162189397,0.02317857162326207,1.119182939780948,57360.00424072266,1.2237324868376454e-06,7.286698818206787,2.70770051429281e-05
270,0.9361391002604192,0.014053977852758267,0.6785997215238535,43220.36576367188,1.4191672595211654e-06,10.735300064086914,2.2920648916624486e-05
271,0.6795386373794783,0.03572473127436992,1.724977294563189,37103.46731542969,1.5509342776615304e-06,11.583584785461426,3.734407800948247e-05
272,0.9971124433790759,-0.0010422235112383586,-0.05032401444642636,27933.863184570313,1.7479508505044592e-06,9.31249713897705,1.4284752978710458e-05
273,0.9193715256363559,-0.004525419426548251,-0.21851097211111437,37907.820311523436,1.510392301444294e-06,9.290593147277832,1.2368932402750943e-05
274,0.9966594743170406,-0.0014491432199858134,-0.06997223105325666,53495.03900097656,1.2767114168211238e-06,17.149391174316406,1.8761109458864667e-05
275,0.7979340189672138,-0.010949870062883607,-0.5287171257308374,51156.881861328126,1.3066741140909673e-06,13.894872665405273,1.7589864000910893e-05
276,0.96209524654147,0.00982616681748167,0.4744588426031502,29345.12849267578,1.7244598763646569e-06,18.335371017456055,3.2600546546746045e-05
277,0.8784328710840327,0.023946497577849498,1.1562624303275832,75479.12705371094,1.0766894940962179e-06,26.546031951904297,3.068595106014982e-05
278,0.8498222159787321,0.03061327909860458,1.4781695893428415,59276.997696289065,1.221118435547001e-06,28.0853214263916,3.880344956996851e-05
279,0.9829431748968703,-0.0030835109170948625,-0.1488880708066338,29823.481056152345,1.7209335195123146e-06,7.704988479614258,1.0230125553789549e-05
280,0.9090781197361727,0.01214870202053776,0.5866030169099201,29616.48840283203,1.7308042717172545e-06,9.584954261779785,1.8618835383676924e-05
281,0.8256615101975335,0.009344978211718173,0.4512245343316685,30240.923654785158,1.6988633156268488e-06,7.8585734367370605,1.2084428817615844e-05
282,0.7458319843750514,0.00836157850827077,0.4037408416791236,23159.743030029298,1.9381181663481896e-06,4.996139049530029,1.0593917068035807e-05
283,0.9048027167274075,0.010170826140977656,0.49110080144180535,30861.538833496095,1.6821963427006759e-06,9.890740394592285,1.4977405953686684e-05
284,0.6253918161754513,0.020016382351923653,0.9664958656003941,43401.27569140625,1.4305958680868585e-06,2.9499576091766357,1.4326861673907842e-05
285,0.9437689540115639,-0.0031635374832909226,-0.15275217292093293,59063.51275097656,1.2375474672699478e-06,7.495920658111572,7.709388228249736e-06
286,0.7483869022980225,-0.016576249358237056,-0.800388211527026,44492.100760742185,1.409684619008367e-06,15.696005821228027,2.087325083266478e-05
287,0.9789908357732853,0.005088165435159085,0.24568329931504715,58099.52421728516,1.2329320414609144e-06,18.92390251159668,2.0790139387827367e-05
288,0.9923134813611264,-0.01005039161795566,-0.4852855913538981,61949.19881298828,1.1819418128479438e-06,59.265594482421875,6.460060831159353e-05
289,0.9955351694645836,0.000746362820837661,0.03603830941549344,35421.36309082031,1.5728970706299712e-06,7.6161322593688965,9.979461538023315e-06
290,0.9509280722141901,0.014147391902662364,0.6831102415286147,34658.09418701172,1.6170634889921477e-06,18.397253036499023,3.828803892247379e-05
291,0.929493640902751,0.004211982174415001,0.20337657854359636,27840.386612304686,1.7487833954093866e-06,4.759111404418945,8.187672392523382e-06
292,0.9347718032816498,-0.007577867842321766,-0.36589918252467346,23434.936826904297,1.9196170166513896e-06,9.440635681152344,1.7294079952989705e-05
293,0.8981616105590368,0.005041159729874911,0.24341361746055265,41062.38691503906,1.455225506721951e-06,7.702479839324951,1.227391476277262e-05
294,0.9948962597666365,0.0020628548615625924,0.09960544617805589,64113.275381835934,1.1700344349341933e-06,11.952178955078125,1.3314935131347738e-05
295,0.9817978748255113,-0.003974762916755782,-0.1919223892831481,34454.41397607422,1.6052616633497654e-06,12.35130786895752,1.6464000509586185e-05
296,0.9107766027647546,0.013606573656708842,0.6569967016508603,46541.64633203125,1.393252335134401e-06,19.404979705810547,2.397418938926421e-05
297,0.6010648875202399,0.06501997863158729,3.1395054023244,52680.23709472656,1.2873488269698553e-06,28.793262481689453,5.18027700309176e-05
298,0.991340987732092,-0.0023546187248806747,-0.11369333492191898,41825.06363574219,1.4419796548838833e-06,7.414163589477539,8.604119102528784e-06
299,0.9874218122533588,0.0026493758669445945,0.12792575485436433,35666.04601806641,1.5659146798822184e-06,6.805023670196533,9.286605745728593e-06
300,0.7185538668997872,-0.01168178155827508,-0.5640576494001045,31629.136446777346,1.6648285551749126e-06,5.02467679977417,9.508578841632698e-06
301,0.917930229579505,-0.012792994441260284,-0.6177128323559736,25243.243093261717,1.8421653741299131e-06,12.483543395996094,2.3595686798216775e-05
302,0.7451684338474543,0.016116635219217974,0.7781956316030751,24402.256727050783,1.8713630755503355e-06,5.549959659576416,1.5842313587199897e-05
303,0.9947169498152775,0.003112260436808134,0.15027624832304717,24606.04841455078,1.8664615103094124e-06,10.952320098876953,1.7766924429452047e-05
304,0.8254901334733368,0.01143636768662542,0.5522077812201241,32743.516172851563,1.6314034434850312e-06,7.621824741363525,1.2095017154933885e-05
305,0.8860016694583344,-0.01257221607185193,-0.6070524953632274,49699.87945263672,1.3511618274133891e-06,12.636563301086426,1.6328545825672336e-05
306,0.8607598865141604,0.015002070898130012,0.7243786236474044,56631.557071777344,1.2565275997020372e-06,16.429800033569336,1.783549669198692e-05
307,0.8132112032822474,-0.011050303203747714,-0.5335665642411429,60896.743286621095,1.2110855046477802e-06,10.964493751525879,1.3230298463895451e-05
308,0.5523538280396726,0.020130213389815896,0.9719922248108426,51683.11474609375,1.302906234337166e-06,17.225082397460938,2.111514004354831e-05
309,0.3483910112505038,-0.02519503479449792,-1.216548351965314,48926.4731875,1.3617920426990317e-06,11.809001922607422,1.9492534192977473e-05
310,0.8381237723343578,0.011381311683327436,0.5495493887779519,37023.45101953125,1.5702729837583848e-06,9.040489196777344,1.586841062817257e-05
311,0.9666307627666977,0.008045392996824285,0.3884737477456183,31732.386634765626,1.666410088489367e-06,14.251402854919434,2.358249003009405e-05
312,0.8714163889884362,0.003974068212695709,0.19188884532949693,24795.262184326173,1.8660820645729127e-06,2.542910099029541,5.8429686760064214e-06
313,0.7813206140835637,0.002737611923301636,0.13218625418769012,32109.34692578125,1.651512065454517e-06,2.364187002182007,5.044711542723235e-06
314,0.6587759031237606,-0.028081650055791402,-1.3559292683850601,32077.56455859375,1.634953207144e-06,22.929290771484375,4.8663940106052905e-05
315,0.968684902700938,-0.009281909637782056,-0.4481792529772828,47980.51014013672,1.3662581155227576e-06,32.428932189941406,3.6308305425336584e-05
316,0.9476312183412597,-0.004290364713561506,-0.2071612984139718,55476.18799414062,1.2516648845305614e-06,8.635567665100098,9.135987966146786e-06
317,0.49370890731663897,0.056724571102825264,2.7389596424034837,68382.62203027344,1.1270704272561573e-06,20.09718894958496,5.8465237088967115e-05
318,0.5791639824657762,-0.04795823695271693,-2.3156750766119534,35555.3546796875,1.5767956740783532e-06,10.936128616333008,4.4076772610424086e-05
319,0.21172676412698446,0.02570114765220115,1.2409861337730923,33866.899650878906,1.597086276627943e-06,6.10195255279541,1.610171966603957e-05
320,0.8764643542003926,0.004294295451597379,0.207351095051228,23214.69551635742,1.9317776130289146e-06,3.8903164863586426,6.854793355159927e-06
321,0.7740283785883489,0.009329280724434575,0.45046657735956597,21227.579806396483,2.0038295968992203e-06,6.212318420410156,1.335391789325513e-05
322,0.6617732462923014,0.01653343490506722,0.7983209052951077,27276.034554199217,1.7650227450345455e-06,7.793308258056641,1.7616448531043716e-05
323,0.8226273466696706,0.01258677766151994,0.6077556052440868,48972.723216796876,1.3388593604870069e-06,10.856120109558105,1.4903705960023217e-05
324,0.910673947317516,0.008793400810992556,0.42459148606215,46701.23769384766,1.3712133217090426e-06,7.817991256713867,1.301554493693402e-05
325,0.7332753025907002,-0.015747321649449954,-0.7603632365171263,51956.76048632812,1.3108566658364752e-06,11.741518020629883,1.8861222997657023e-05
326,0.9974231961432489,-0.0011312946414072842,-0.05462483552083732,54020.59844970703,1.274963935957931e-06,24.100847244262695,2.6503550543566234e-05
327,0.614933428877521,0.04355823731335142,2.103220029275125,57708.30070605469,1.2201836505217945e-06,26.753421783447266,5.215512646827847e-05
328,0.6693481107287772,0.02646946333345837,1.2780844423662874,40869.94045214844,1.4716435036297563e-06,6.961832523345947,2.2275746232480742e-05
329,0.7110427925742323,-0.007260266536454079,-0.35056372661493435,36524.85310351563,1.5594201570614268e-06,5.223671913146973,8.535252163710538e-06
330,0.16157018735502476,0.019965598290937712,0.9640437449265205,25847.723,1.8477163226753057e-06,2.1724491119384766,1.4569270206266083e-05
331,0.7453354573588833,0.0064874048443001545,0.3132459127855085,24656.401344482423,1.8599926450921632e-06,3.7178149223327637,7.4057593337784056e-06
332,0.8078879048537102,0.0063257043148406775,0.30543816359086146,33688.811330078126,1.6024093188623456e-06,3.027776002883911,6.6769357545126695e-06
333,0.5718948648935833,-0.020073913567097264,-0.9692737742469542,42371.79544873047,1.4300425380022692e-06,10.523847579956055,1.827999767556321e-05
334,0.9970196930078207,-0.003640964499756269,-0.17580485194289136,61297.10613964844,1.2140560415674964e-06,26.93460464477539,2.743472214206122e-05
335,0.9396909301316986,-0.008690396091535333,-0.4196178782571829,58463.68421533203,1.241508728173245e-06,12.155202865600586,1.4425718291022349e-05
336,0.7908194432940833,-0.019299028019174727,-0.9318582380519906,58495.11067529297,1.2193245498296687e-06,11.739028930664062,1.6580377632635646e-05
337,0.8997719979809583,0.020607931208954697,0.9950589453102597,43764.51746923828,1.4118674910557294e-06,30.151275634765625,3.9136291889008135e-05
338,0.9987068971521057,0.00011690886215265817,0.005644972699661263,42544.78261767578,1.4475713984809459e-06,11.465188026428223,1.3794679944112431e-05
339,0.6889459578209521,0.02869320892027658,1.3854585361470435,36294.48624511719,1.560456878157227e-06,8.203328132629395,2.809665420500096e-05
340,0.7944548566505407,0.0038135056298849537,0.18413604216415366,23366.83741357422,1.924398081354634e-06,2.3956573009490967,5.56498389414628e-06
341,0.6373096376174713,0.008205865628372432,0.3962222075924794,33769.161333984375,1.6016203735783932e-06,4.287491321563721,1.2155630429333542e-05
342,0.8882997355091865,0.01650536752334385,0.7969656649766065,61097.1757421875,1.195516459457582e-06,13.817536354064941,2.6245685148751363e-05
343,0.7639685213670476,-0.021973062712861764,-1.0609746503227706,45445.62217871094,1.3723052554010964e-06,22.112377166748047,3.7559369957307354e-05
344,0.9991264876409799,0.0002556294998122071,0.012343132257875308,45696.4662421875,1.3829511158138262e-06,30.076292037963867,3.5053311876254156e-05
345,0.6785417521702888,0.031283691267663394,1.510540603157996,54267.911485351564,1.2793157462792946e-06,13.635909080505371,2.7733300157706253e-05
346,0.7135923303572607,-0.009974169806465469,-0.48160520274127944,37989.49278662109,1.5375213479022107e-06,5.320634841918945,6.250269962038146e-06
347,0.9942892837586216,-0.0019388741894290705,-0.0936190094221707,30910.9655859375,1.6683474578206268e-06,7.889873027801514,1.208117919304641e-05
348,0.8069520489283706,-0.01656009200540695,-0.7996080498357279,25467.195724121095,1.8341076835714376e-06,7.112764835357666,1.6873054846655577e-05
349,0.6869033459008239,0.011964550140040938,0.5777111987974625,22247.58405566406,1.973284001950227e-06,5.495902061462402,1.297964081459213e-05
350,0.9695632406577303,0.003639979015727234,0.1757572676080734,33933.89130615234,1.5965024007541407e-06,7.716816425323486,1.0998925063177012e-05
351,0.5879712237301755,-0.009536649392681241,-0.46047942368672456,43836.349963867186,1.40171547903489e-06,4.077314376831055,8.4214516391512e-06
352,0.828542833264058,0.01510231778193402,0.7292190686904908,49793.53035986328,1.3549517663386826e-06,13.80739974975586,2.1174275389057584e-05
353,0.836680465650997,-0.01326397299134277,-0.6404541456181799,50130.43881103516,1.3300569240631196e-06,13.236669540405273,1.4339938388729934e-05
354,0.7160077742130311,0.020575196869620102,0.9934783598141494,58549.758482910154,1.2613109745049887e-06,11.254977226257324,1.861565215222072e-05
355,0.8807482250516787,-0.014122477243393388,-0.6819072311767469,51719.16132714844,1.3037123092686538e-06,12.897856712341309,1.735900150379166e-05
356,0.7690930710395191,0.04190808014090143,2.0235417908840367,46234.07547216797,1.370812348971743e-06,28.050561904907227,5.4949356126599014e-05
357,0.9996399949701605,0.0004275093809594228,0.020642393912052606,36296.47385205078,1.549831009755672e-06,22.242950439453125,2.9221839213278145e-05
358,0.060084999993298506,-0.04207151130978191,-2.0314331044219216,31887.115637939452,1.6624130429922714e-06,8.384490013122559,2.802923700073734e-05
359,0.7776185369329274,-0.005117083759491388,-0.24707962760333926,21251.720746582032,2.0145013420280338e-06,2.952030897140503,5.50218328498886e-06
360,0.820074291130475,-0.007451544854649086,-0.35979964649616625,23669.61169946289,1.9060110761136608e-06,5.35666561126709,9.23686457099393e-06
361,0.917093248430926,-0.0029469928906813653,-0.14229626486544233,41387.30510498047,1.4375167485648384e-06,3.66149640083313,4.723733127320884e-06
362,0.7461111976911478,-0.01890973504685493,-0.9130611326790403,44739.01948486328,1.392773664048928e-06,10.35107707977295,1.7945465515367687e-05
363,0.4327521042840861,0.04565412271311009,2.2044203629829946,52908.218670410155,1.3048009307531766e-06,9.770448684692383,3.01544332614867e-05
364,0.2647080169939504,0.019279595934279876,0.9309199551304983,60323.61911376953,1.2286831647771249e-06,6.056896686553955,1.420622083969647e-05
365,0.9949001520220974,0.000668817532618589,0.03229401640875433,72257.15462158203,1.126394766522332e-06,11.012186050415039,9.915390364767518e-06
366,0.8620821324924742,0.0382267576599776,1.8457882440542952,59676.51082666015,1.223182959638647e-06,29.792171478271484,5.150527795194648e-05
367,0.6740226168446577,0.03737199486037092,1.804515815432373,46778.101838378905,1.3691919220157655e-06,24.590486526489258,3.342626223457046e-05
368,0.9664818282314969,0.015649309201588392,0.7556306817542289,36542.509048339845,1.5589439974248155e-06,30.18787956237793,4.0189825085690245e-05
369,0.9673569371507107,-0.020487554712354025,-0.9892465370421479,31235.46291845703,1.6722639816870106e-06,34.50267791748047,5.913968925597146e-05
370,0.813621478184324,-0.008786649176829925,-0.42426548177278833,25718.680400878908,1.8261440534315648e-06,4.654149532318115,1.0565054253675044e-05
371,0.9541067087733676,0.004439110239777731,0.21434351214205447,23724.899890625,1.899514136584894e-06,5.850788116455078,9.970067367248703e-06
372,0.7037690252598439,0.028518322352792284,1.3770140959154962,27361.133857666016,1.769875295982007e-06,5.258364200592041,2.2243379135034047e-05
373,0.9946596931330408,-0.0014667128938689736,-0.0708205870083671,34586.11849609375,1.5719521129188553e-06,6.447689056396484,8.877639629645273e-06
374,0.5628820135452268,0.02960869273803626,1.4296628938242821,40387.539998535154,1.479293575542575e-06,4.009573936462402,2.034803583228495e-05
375,0.8460941992833512,0.010930060194823074,0.5277606014577709,48918.86287451172,1.3354969027293523e-06,5.784955978393555,9.561119441059418e-06
376,0.41568583336385273,-0.024392724227127918,-1.1778085920697856,55488.5389375,1.266381133134003e-06,10.481433868408203,1.879362389445305e-05
377,0.8732561397875367,-0.009269182355788646,-0.44756471308637286,56810.155848632814,1.2817202346183977e-06,9.687698364257812,1.076744774763938e-05
378,0.785534202367912,-0.021598476260832392,-1.0428876528408546,62127.811908203126,1.1994222112984477e-06,13.263710975646973,1.8555107089923695e-05
379,0.27156481315500414,-0.028368021818121533,-1.3697567982278924,49393.168010742185,1.3310522017491473e-06,16.236783981323242,2.3494843844673596e-05
380,0.7450122425918649,-0.010928557154737875,-0.5276880268035383,44849.68235302735,1.4275770144449015e-06,7.184518337249756,1.01697733043693e-05
381,0.2766535225803973,0.03417118928049672,1.6499641434494592,36170.7162668457,1.5672013991442574e-06,6.317365646362305,2.3155678718467243e-05
382,0.7250522294485923,-0.018589510313146658,-0.8975990039211785,23823.97044897461,1.8898312484341408e-06,5.40339469909668,2.1018968254793435e-05
383,0.9913935737460537,-0.0012808387471456419,-0.0618456088543933,36867.348817382815,1.5264085806084592e-06,10.229789733886719,1.4127575013844762e-05
384,0.9759349640926532,-0.008667151097056269,-0.41849548807373593,47915.06804541015,1.3643705800438734e-06,28.74039649963379,3.642916271928698e-05
385,0.9176562102630105,0.011117659784413318,0.5368188930381113,39895.63201855469,1.4733516325090167e-06,25.32139778137207,2.960734855150804e-05
386,0.966027975308625,0.015004965323969782,0.7245183816994958,41010.96001953125,1.442909867398088e-06,37.626888275146484,4.637255915440619e-05
387,0.8689309662855292,0.019538048668107755,0.943399407926011,53452.317009765626,1.282310432426196e-06,13.964040756225586,2.4392900741077028e-05
388,0.6369256406514671,0.018615420703500356,0.8988500933894279,40434.613063476565,1.480921354691341e-06,6.795145511627197,1.44261548484792e-05
389,0.7540450432746514,0.014144035946075086,0.6829481983526944,40006.703920898435,1.5072840593227158e-06,4.342623233795166,1.2822153621527832e-05
390,0.9973734854281812,-0.0006805136449214646,-0.032858766021625345,32717.327853271483,1.63630861247885e-06,7.442782402038574,1.1111334060842637e-05
391,0.9370725837178828,-0.0034040412584079795,-0.1643649559016489,25003.531086669922,1.846471261431124e-06,3.9327573776245117,6.583114100067178e-06
392,0.7104421041637309,0.01205279485717682,0.5819721163185902,25989.593550048827,1.8317841361284348e-06,7.762729644775391,1.3298322301125154e-05
393,0.7681462652692342,0.014819011492506804,0.7155395559485854,38932.91249267578,1.503077057195998e-06,6.253950119018555,1.3987197235110216e-05
394,0.8843129490078453,-0.01570776366261275,-0.7584531695501073,42052.41736669922,1.4480091361713751e-06,18.326786041259766,2.66862080025021e-05
395,0.9592794376669602,-0.00814659836728518,-0.39336047354887577,30037.081474121092,1.7109873917479681e-06,23.933454513549805,3.595900852815248e-05
396,0.9881874652315535,-0.017487552379919082,-0.8443906984539497,54156.302122070316,1.2598307019511317e-06,63.658660888671875,6.864282477181405e-05
397,0.7712424186330934,0.03167877233653693,1.5296171881736973,60534.890104003905,1.208349122793592e-06,23.29886245727539,3.4191791201010346e-05
398,0.791666795436504,0.012613461301779027,0.6090440312711355,33442.366168945315,1.629270450306221e-06,8.264415740966797,1.596334004716482e-05
399,0.9247624032470031,-0.0074538253071487785,-0.35990975869695757,34626.11942138672,1.580094334203353e-06,7.96480655670166,1.0109837603522465e-05
400,0.38812253458791734,-0.015450327071876607,-0.7460227814696744,33708.75519335938,1.6192317401221456e-06,6.69197416305542,1.434354271623306e-05
401,0.9849977666573216,0.0029940226373591826,0.14456710756444666,29203.443535644532,1.7330642647970452e-06,7.742925643920898,1.1906384315807372e-05
402,0.9985037047870097,-0.0003344426111857679,-0.01614864241242776,30295.51819140625,1.6835211155854248e-06,10.186771392822266,1.5018210433481727e-05
403,0.9770046384016222,0.004571677675924625,0.22074456287622485,51206.21721875,1.3057921605296167e-06,13.630125999450684,1.669222729105968e-05
404,0.871443990516431,-0.010541113186310045,-0.5089802010309498,49515.495458496094,1.347119379881473e-06,17.565298080444336,2.1685429601348005e-05
405,0.9056243055446838,0.023124315715764423,1.1165631801581093,38475.63474316406,1.5356334271333636e-06,39.7319450378418,4.5978995331097394e-05
406,0.9467127777141061,0.014241894774230417,0.6876733355509025,53939.4920234375,1.2770275572370582e-06,27.56402587890625,3.236150587326847e-05
407,0.7689702817474219,0.032183428539295886,1.5539846350449973,46203.14193066406,1.3742200661638999e-06,10.299217224121094,2.6606656319927424e-05
408,0.9685480120451618,0.007203108913509562,0.34780385695956106,36345.69137255859,1.5536346515727589e-06,10.38199234008789,1.5249415810103528e-05
409,0.7999205099601058,-0.00584209242491259,-0.28208684645708526,32416.01925341797,1.6469872780890887e-06,3.488720178604126,5.370718554331688e-06
410,0.5826101759891094,0.009966451751350565,0.48123253458237447,26203.18553955078,1.807702311116838e-06,3.8702406883239746,7.418466339004226e-06
411,0.4318240306663942,-0.03532282948254815,-1.7055713692893941,26932.844546875,1.784918655158639e-06,9.882062911987305,3.653468593256548e-05
412,0.962180237248307,0.006357096698803231,0.3069539524470946,37839.53472167969,1.5115411613503267e-06,11.557887077331543,1.692243131401483e-05
413,0.7632789551861733,-0.013261915318922714,-0.6403547904074441,51834.25233984375,1.2985339526123051e-06,12.208477973937988,1.5769694073242135e-05
414,0.837117936288141,0.0204346890718388,0.9866939067969841,71626.71877734375,1.1213552877625682e-06,27.603567123413086,3.483327600406483e-05
415,0.6583390806402384,-0.03753463159630377,-1.812368769583138,34832.61938037109,1.582513161551655e-06,34.73658752441406,5.2420346037251875e-05
416,0.8292279250604848,-0.04310380145499499,-2.081277483886056,60030.62899951172,1.2139712839538807e-06,31.0466251373291,4.2431813199073076e-05
417,0.8710217144822091,0.038013697671428016,1.8355005909490756,40974.0734165039,1.468948944520859e-06,42.076297760009766,6.305143324425444e-05
418,0.777607346650061,0.011157555220952907,0.538745253845669,42150.27427539063,1.4502206880678291e-06,7.703665733337402,1.1385061043256428e-05
419,0.18532919267927184,-0.026301406183665842,-1.269969762220629,30813.893307861326,1.6894038898368701e-06,8.717426300048828,1.470012739446247e-05
420,0.6766298034217919,-0.017308430804909788,-0.8357417698592339,31465.28203076172,1.656391874694167e-06,9.530136108398438,1.796694050426595e-05
421,0.22901466448988372,-0.030466093997332296,-1.471062721110782,32519.212260253906,1.6302683264743966e-06,13.114559173583984,3.455495243542828e-05
422,0.9493209149902576,0.004902213843516212,0.2367045817143925,36081.99882714844,1.5605113084060001e-06,9.500789642333984,1.5104678823263384e-05
423,0.8089590559435552,0.01842420923781002,0.8896174014975615,42638.06473144531,1.427385139376884e-06,12.101264953613281,2.558729102020152e-05
424,0.7966545698945852,-0.020548710526222386,-0.9921994603137957,43988.11477929688,1.4205429306409145e-06,17.251893997192383,3.182185901096091e-05
425,0.7856319360706591,0.02606734116046317,1.2586678759342043,36456.2204609375,1.5619177823732446e-06,19.35671043395996,3.520771861076355e-05
426,0.8798283094266626,0.030279596604271583,1.462057649356589,75771.51224658203,1.0857441210916823e-06,36.220489501953125,3.841791476588696e-05
427,0.2246868941492005,0.04027413456450059,1.9446463333312036,49382.74887207031,1.3371659431451619e-06,10.925293922424316,3.0357296054717153e-05
428,0.8160291237698393,0.02382252807137914,1.1502765327084463,49532.03570654297,1.3299998538183443e-06,15.642094612121582,2.598142236820422e-05
429,0.7842463568083978,0.012931521819977828,0.6244016603594066,33036.69190966797,1.6321237538601898e-06,7.508913516998291,1.0505266800464597e-05
430,0.9112209454181383,0.007829532276892473,0.37805086064786203,23481.02885546875,1.9018814259662135e-06,5.368906021118164,1.1903550330316648e-05
431,0.8751287507635366,0.00907433464928664,0.43815644442698604,25488.55006640625,1.830881424996921e-06,5.133008003234863,1.2641525245271623e-05
432,0.8959778309237038,-0.006192744613669522,-0.29901817224507077,35985.01044921875,1.5365476691805631e-06,6.4439544677734375,8.995372809295077e-06
433,0.751505388926602,-0.012838140130125358,-0.6198927028675691,46814.23489648438,1.3885924859397673e-06,7.175655841827393,1.4693139746668749e-05
434,0.7793838203664951,0.018402010202420327,0.8885455157018552,35185.812629882814,1.603392810819774e-06,20.741714477539062,3.279724842286669e-05
435,0.7605363880182346,0.021385374037305872,1.0325979604095528,39869.352760742186,1.494380838019357e-06,19.5362548828125,3.813032162724994e-05
436,0.9555759714089791,-0.08012307773599016,-3.8687621973593704,63781.29509716797,1.1822429878780255e-06,184.5022735595703,0.00019053816504310817
437,0.9981955124886306,-0.0011670318022041135,-0.05635041297790028,40547.46346484375,1.4761478315235057e-06,12.188567161560059,1.5096342394826934e-05
438,0.29755313701262354,0.12087266898598677,5.836366071804879,34518.61247607422,1.5937441946823677e-06,25.34475326538086,8.037327643251047e-05
439,0.7878007844576549,-0.018655359078595772,-0.9007785274955445,24495.651858398436,1.8682422273939022e-06,7.0511555671691895,1.72683758137282e-05
440,0.7492395299635827,-0.01604335534380226,-0.7746572950857277,22260.801166992187,1.969840287890233e-06,7.807913303375244,1.5423805962200277e-05
441,0.9780964110875366,-0.007363621360266322,-0.35555423929340496,22293.034537353516,1.9594854580136707e-06,11.009276390075684,1.912407788040582e-05
442,0.9612465988381216,0.00739046836747921,0.35685055353335077,31966.566876464844,1.6512625877132332e-06,9.840272903442383,1.620472176000476e-05
443,0.6551995331995478,-0.028348109153378674,-1.368795310392144,41240.95247363281,1.4526672109665e-06,10.838191986083984,2.2469959731097333e-05
444,0.9620550436511197,0.009430324351100042,0.45534549332452096,48242.03595996094,1.350401129356791e-06,19.447803497314453,2.4763754481682554e-05
445,0.832179552716758,0.020231998137901237,0.9769069260028991,42410.54622900391,1.4478804976234726e-06,27.71678352355957,3.2629806810291484e-05
446,0.8767514923860177,0.028008206678900208,1.352383037159404,49257.4066953125,1.3306198297709415e-06,60.754146575927734,7.866633677622303e-05
447,0.6157753223605048,0.037929637557708444,1.8314417280165303,55095.22112597656,1.2644559081852945e-06,16.861406326293945,3.303561970824376e-05
448,0.9924489377415524,-0.004421786645279834,-0.21350703818960984,43421.84315380859,1.4328737785838042e-06,15.17396354675293,1.868767685664352e-05
449,0.9009776216399055,0.003604928401096106,0.17406484019875773,36807.24111132813,1.5396040598809514e-06,4.266388893127441,5.523942490981426e-06
450,0.8565172805081143,0.015062142099972685,0.727279176164928,24941.092064453125,1.8562613668529435e-06,9.481138229370117,1.9187014913768508e-05
451,0.9971933743367212,-0.000930453657194541,-0.04492717999688219,24970.05280419922,1.8629811927000102e-06,6.012090682983398,9.78100342763355e-06
452,0.7580491493563523,0.010441323361410664,0.5041618251876759,48661.8630234375,1.3406101170080647e-06,9.879759788513184,1.2912968486489262e-05
453,0.5336353741971172,-0.016496491131366076,-0.7965370662419735,63756.72566455078,1.1812940632855134e-06,4.934412956237793,1.5368770618806593e-05
454,0.6733953602746799,-0.007705230889573732,-0.37204893808164924,30017.955829101564,1.7094527626333306e-06,5.212461948394775,8.05110357759986e-06
455,0.8901669145025858,-0.004451442649206559,-0.21493898551562876,36928.623251953126,1.5510493037922209e-06,5.8533172607421875,6.607222530874424e-06
456,0.7507938746878275,-0.0208992161463503,-1.0091237090000613,42310.187682128904,1.4578003800194624e-06,13.540867805480957,2.0880588635918684e-05
457,0.4017024446206828,-0.04600015989877671,-2.2211288522299855,80652.5736875,1.0295457273626699e-06,18.66530418395996,2.2553886083187535e-05
458,0.481126526226482,-0.031680653969294884,-1.529708043266749,61507.30854296875,1.2025285478502045e-06,18.713300704956055,2.3487442376790568e-05
459,0.9313906353982786,-0.009462822924046176,-0.45691469478351143,49100.67302441406,1.3240010358485538e-06,14.763659477233887,1.7881899111671373e-05
460,0.999176641049246,-0.00023647692663859176,-0.011418345627481568,32095.14092602539,1.6329736871903813e-06,6.519526481628418,9.37288405111758e-06
461,0.6895129010266134,0.022951228566513947,1.108205625271421,24777.126528076173,1.8447801582877626e-06,7.65187406539917,1.959916335181333e-05
462,0.9872682793614762,-0.002349337112464435,-0.11343831098831043,24320.428838134765,1.872754217245135e-06,7.527528285980225,1.2442024853953626e-05
463,-0.08910450657616832,0.033290775073603236,1.6074531304193436,34783.961376464846,1.5823148498946928e-06,6.66824197769165,2.1564095732173882e-05
464,0.919417926706841,0.005961379648792694,0.28784665892829286,36482.60478515625,1.5469342806470597e-06,7.281703948974609,1.16234332381282e-05
465,0.9971682071478383,0.0013955761205043102,0.06738573069216108,45219.704029785156,1.3902337281403146e-06,9.793379783630371,1.1557243851711974e-05
466,0.9879824581504952,-0.00289265709650665,-0.13967264789506958,59640.48197851562,1.2250370995444066e-06,10.890929222106934,1.1222369721508585e-05
467,0.8356165783115574,-0.011364402650910687,-0.5487329320559149,44310.83055664063,1.4202859986187114e-06,26.910037994384766,2.8681757612503134e-05
468,0.9460054895286989,0.03143211579686862,1.5177073174677254,50733.12168798828,1.3176684142910603e-06,57.71379470825195,7.424251089105383e-05
469,0.23437463432464692,0.0422506232338146,2.040081567016897,42198.13628271484,1.4371751643583423e-06,9.598538398742676,2.3986165615497157e-05
470,0.6560553950296256,0.028438382225013614,1.373154167501098,33496.26319726562,1.6096129076801136e-06,7.036201000213623,1.948996759892907e-05
471,0.8829151296476413,0.006782084426268371,0.3274745877099642,26659.99178442383,1.8027163530234502e-06,4.926507949829102,8.816934496280737e-06
472,0.4504329336541526,0.016347449043161356,0.7893405329465117,24648.37434814453,1.8683006382022496e-06,6.436608791351318,1.3454487088893075e-05
473,0.9855187385649845,-0.0035289830381567576,-0.17039779997131388,24661.098376953127,1.8622020103816445e-06,8.138337135314941,1.338666243100306e-05
474,0.8244156611124412,0.009406801488305288,0.4542096862022099,38062.83009326172,1.5157777053380895e-06,5.643624305725098,1.0199922144238371e-05
475,0.7011318107501738,-0.013145842261906453,-0.6347501747610492,53178.24213085938,1.3006985240843266e-06,12.277191162109375,1.2951753888046369e-05
476,0.9596946266605093,-0.009950338594188726,-0.48045450688961355,37485.042435058596,1.5258043246672308e-06,22.022811889648438,2.9962864573462866e-05
477,0.9885241253433794,-0.020682746034607652,-0.9986713972712528,34446.988708984376,1.597834335252945e-06,62.21586227416992,9.042736928677186e-05
478,0.7057583150343854,-0.049190181189680646,-2.375159802210294,71278.75815917969,1.1213058086542672e-06,39.35264205932617,4.367668952909298e-05
479,0.7176310944865546,0.0275126544764789,1.3284551791474721,62119.01944921875,1.195732310244948e-06,13.440513610839844,1.8116086721420288e-05
480,0.5669966021107051,0.03769520154281553,1.8201219283065666,34340.551356445314,1.6237065931161247e-06,9.29956340789795,2.9241313313832507e-05
481,0.9815560844508195,0.0006382183210004366,0.030816526071109285,28360.78435522461,1.7486639887414684e-06,1.7386659383773804,2.749344048424973e-06
482,0.9958695271093629,-0.0033582800720242303,-0.16215536594342092,29476.393786376953,1.7167416203747765e-06,24.795808792114258,3.7378038541646674e-05
483,0.7222596147288908,0.011918220040490474,0.5754741387293091,24369.353227783202,1.877299508678183e-06,4.72240686416626,1.3677572496817447e-05
484,0.5624843913124928,0.011092425446906532,0.5356004469451723,26227.056438232423,1.8210576756672605e-06,2.4824302196502686,8.95591529115336e-06
485,0.6706974231527132,-0.006788452705483806,-0.3277820816129329,42371.13596679687,1.4588041041640698e-06,3.9034323692321777,6.7435921664582565e-06
486,0.9470247873617829,0.004748879880321036,0.22930081419643145,35609.667608398435,1.5561319907286525e-06,5.7798004150390625,9.788297575141769e-06
487,0.8751483804658265,-0.009678552590788656,-0.4673312539463074,35933.94907617188,1.5819153679504e-06,13.854658126831055,1.8252756490255706e-05
488,0.9977007306968727,0.0031768805994152457,0.15339644851187884,41115.583184570314,1.473316621659959e-06,22.530418395996094,2.9774462745990604e-05
489,0.7183614182618226,0.029627306925271973,1.430561684359381,48880.72228955078,1.3534085138243825e-06,22.988998413085938,3.170742638758384e-05
490,0.5570835490572058,0.0229972788683286,1.110429175238193,44190.46945019531,1.4229483548261255e-06,10.030035972595215,2.1319461666280404e-05
491,0.9484292416585559,0.0054199666218742205,0.2617043999077156,33610.77066064453,1.6108608061463307e-06,4.827616214752197,8.64013418322429e-06
492,0.49625791802338187,-0.05639592006798744,-2.7230906476565115,34901.68044140625,1.5871446050080705e-06,19.282936096191406,4.2194005800411105e-05
493,0.5868126670024447,-0.021092565916226734,-1.0184596494269986,24438.285837402345,1.8875567029789914e-06,7.484611511230469,1.712076300464105e-05
494,0.8915187278154402,-0.01004283767206066,-0.4849208472483888,24838.48085571289,1.8718765399719783e-06,8.630887985229492,1.4782284779357724e-05
495,0.8644456989664805,-0.027211806128199456,-1.313928643848907,31881.047153808595,1.6401663062898428e-06,22.250587463378906,3.7818728742422536e-05
496,0.9135816598956409,0.004387704599177511,0.2118613783460901,60725.825884765625,1.1884786940347363e-06,6.472428321838379,8.247115147241857e-06
497,0.8908830340445856,0.006486080301076781,0.31318195689544337,43753.84924707031,1.4188189423323763e-06,6.457834720611572,8.955706107371952e-06
498,0.9388167091063497,0.007354560979811152,0.3551167566306176,45303.84289453125,1.4097578780884047e-06,9.944005966186523,1.2905786206829362e-05
499,0.9892851863180131,-0.0032518872968473663,-0.1570181650481598,40785.042159667966,1.4651545610431373e-06,9.848998069763184,1.336375771643361e-05
500,0.9255900902502344,0.011905285940069453,0.5748496125605742,46834.793364746096,1.3499156117076193e-06,12.155211448669434,1.7274312995141372e-05
501,0.6133395640574878,0.07036271431959296,3.397480687901261,46731.72502685547,1.3604501139545156e-06,38.406436920166016,5.603467798209749e-05
502,0.5370340999230137,-0.02752979691985068,-1.3292829061739553,42583.421662597655,1.4300134764799132e-06,9.92591381072998,1.886048266896978e-05
503,0.8834875606342149,-0.006471172592982634,-0.31246213460262107,30881.746682617188,1.6837984726263354e-06,4.9943695068359375,9.41584676183993e-06
504,0.9178921304791795,-0.004958509040991766,-0.23942280894729961,29767.581267089845,1.7195128460786445e-06,5.049448013305664,8.24340258986922e-06
505,0.7873718485717923,-0.023137395440626214,-1.1171947378382063,25159.250021484375,1.862921104855305e-06,15.15589427947998,3.188847767887637e-05
506,0.4971316886479231,-0.025587679904006323,-1.2355073160935954,31436.786983398437,1.639512321645481e-06,12.160120010375977,2.555877472332213e-05
507,0.41557755256975504,-0.04398588291859491,-2.1238690008096985,46659.95187158203,1.3615322875729072e-06,16.709501266479492,2.7999554731650278e-05
508,0.7286075979699935,-0.031416876901899184,-1.516971503736486,62632.470973632815,1.1876021032397867e-06,23.36697006225586,3.3903095754794776e-05
509,-0.11334917923644877,0.07651164823104699,3.6943834497881634,69464.93642089843,1.1207793531144133e-06,33.203521728515625,0.00010794813715619966
510,0.7763487965161878,0.021459634250974614,1.0361836327966785,59240.21141992188,1.2289261579051776e-06,17.912099838256836,2.795815817080438e-05
511,0.9934412402078525,0.0016377609642574988,0.07907968447877224,55270.700553710936,1.2480674358262388e-06,23.87305450439453,2.5336385078844614e-05
512,0.8447085498267342,0.009291206459684022,0.44862815227254466,57484.79035742187,1.240148004182137e-06,4.348291873931885,9.525685527478345e-06
513,0.5400681147658581,-0.051175190447914576,-2.4710064545938724,35694.36060791016,1.5835684722134076e-06,25.059120178222656,4.933866148348898e-05
514,0.723128686731404,-0.014065425666558537,-0.6791524819834408,29811.74986816406,1.7025119504355955e-06,5.6123480796813965,1.3532247066905256e-05
515,0.9860204309858118,-0.0013365452209584076,-0.06453540942277826,24544.72046435547,1.8817067196077303e-06,3.8240888118743896,6.162517365737585e-06
516,0.9228862652801475,0.006468804780835726,0.31234780422012387,24059.780341796875,1.898492963203126e-06,7.594559669494629,1.5066001651575789e-05
517,0.7775773720005674,-0.009947165009745103,-0.4803012695967817,39597.94823242188,1.4859672419249777e-06,7.625757217407227,1.1549063856364228e-05
518,0.5408485793463258,0.016183435724976093,0.7814211101885714,72049.73894921875,1.1086577023885903e-06,8.730224609375,1.3323640814633109e-05
519,0.7485221669394713,-0.02183219041752287,-1.0541725974528322,38337.93221533203,1.5286032333141436e-06,13.463129043579102,2.220006899733562e-05
520,0.7549114755194289,0.01299975825048575,0.6276964729189248,48059.00696875,1.3665036081135472e-06,9.393749237060547,1.2935191080032382e-05
521,0.7984520774695247,0.03018607818666095,1.4575420899318623,42061.41850048828,1.4468645862117065e-06,17.41919708251953,3.110374746029265e-05
522,0.9333406739975724,0.023431027416609858,1.1313728288541882,73366.17959960937,1.0772716435466477e-06,72.77361297607422,7.725536124780774e-05
523,0.9810606255605464,-0.0054966044850292784,-0.2654048776756522,36324.82340185547,1.544259552312148e-06,10.774802207946777,1.5107228136912454e-05
524,0.6912804706132436,-0.014656726142732984,-0.7077035685635403,38991.35323535156,1.5099425847149469e-06,8.006808280944824,1.3757988199358806e-05
525,0.9888527833586019,0.002887604249893717,0.13942866997363249,24583.04670361328,1.8895318863791632e-06,7.725471496582031,1.3607452274300158e-05
526,0.8862863743563644,0.012850183743023965,0.6204742316307962,24846.147357910155,1.8554237097375704e-06,8.767411231994629,1.835080183809623e-05
527,0.6807582750718112,-0.021198002909640735,-1.0235507001685518,26613.21611669922,1.7807898742755604e-06,9.733154296875,1.946091106219683e-05
528,0.9978421968326651,-0.0015703662826620968,-0.07582551596918881,37335.895828613284,1.5168092968467952e-06,16.59357261657715,2.1160698452149518e-05
529,0.7558058003232968,-0.02319790469600152,-1.120116441876557,44672.742777832034,1.410246384559806e-06,15.918038368225098,2.360745202167891e-05
530,0.9304027507428406,0.009307608603085125,0.4494201337357998,43792.71775634766,1.4285473177447238e-06,13.395874977111816,1.9261053239461035e-05
531,0.7290492919207252,0.024646197354741866,1.1900476033742502,48900.55796582031,1.3348244242619585e-06,25.873199462890625,4.631514457287267e-05
532,0.8351716398737158,-0.0432263350345049,-2.0871940474244295,37372.961434570316,1.5170900470655953e-06,40.65949630737305,7.228393951663747e-05
533,0.8680699827995827,-0.023170530669543922,-1.1187946803848476,51019.760352050784,1.315236146664974e-06,19.721071243286133,2.6309757231501862e-05
534,0.9602782892515694,0.004721495153433626,0.22797853603187918,36355.434895019534,1.5559101324045081e-06,8.621363639831543,1.1166109288751613e-05
535,0.9969292064117612,-0.001010824213186389,-0.04880789174171259,42857.64878369141,1.432463881336288e-06,9.487289428710938,1.1696637557179201e-05
536,0.990551486465216,0.002447226271062197,0.11816491269927076,34645.48873339844,1.5938288638990853e-06,11.588435173034668,1.7009215298458003e-05
537,0.8683467010116022,0.022495127424217404,1.0861826712443232,27305.258294433595,1.7699697462909695e-06,30.04048728942871,5.5473818065365776e-05
538,0.5446546591175065,0.03390742334302476,1.637228141330257,39085.46211425781,1.4895209864656443e-06,23.156597137451172,4.8308720579370856e-05
539,0.4182386310618741,-0.012560820551399805,-0.6065022599006095,51653.27056152344,1.2932003124922236e-06,12.914552688598633,1.7299918908975087e-05
540,0.6955444435949782,0.019869496248407757,0.959403434547356,48167.887318359375,1.3561302504817215e-06,8.354053497314453,2.1445603124448098e-05
541,0.7009157728141329,-0.006888377926667781,-0.33260699509857256,34954.37730419922,1.5835234546550365e-06,4.136909484863281,7.505869689339306e-06
542,0.7004232855292688,0.01908705324386526,0.9216229847306789,39968.93847998047,1.4989542087955466e-06,10.114581108093262,1.86740217031911e-05
543,0.7466663249268591,-0.018891774442041778,-0.9121939005293743,51900.51571289063,1.3075240856109024e-06,16.024333953857422,1.9509259800543077e-05
544,0.9840552741035453,0.008272889280619613,0.39945846086019904,40880.25418554687,1.4620815247782886e-06,23.972627639770508,2.7744285034714267e-05
545,0.9037065716479065,0.022261679628350742,1.0749105879291794,36394.90708569336,1.5538164498826199e-06,22.951173782348633,3.60281192115508e-05
546,0.250604432959734,0.023491066363503853,1.1342718239337097,31118.642899414062,1.6889868520117138e-06,5.565149784088135,1.6426491129095666e-05
547,0.6090702748476978,0.011644927054177101,0.5622781207513613,22680.60501196289,1.960647344941414e-06,3.4178011417388916,1.0539287359279115e-05
548,0.8611123000108842,-0.004163335432001728,-0.2010276588142109,24803.812532958986,1.8332345185800388e-06,2.5656561851501465,4.386952696222579e-06
549,0.7561045616525082,0.01858686773046067,0.8974714061767106,30030.839627197267,1.708358871725407e-06,4.839163303375244,1.4822910998191219e-05
550,0.8712381970513208,0.004289105519784833,0.20710049793775448,47732.585958984375,1.3496813908892461e-06,3.966024398803711,5.614286692434689e-06
551,0.9809465465799289,0.0036301728979927102,0.17528377684029256,48790.179164550784,1.3596640987423082e-06,9.374691009521484,1.1758717846532818e-05
552,0.998497865457653,-0.0011296653383177312,-0.05454616422688538,46480.056999023436,1.4139768170627175e-06,15.87859058380127,1.756754136295058e-05
553,0.647944194410116,-0.029950560427427598,-1.4461700579346504,63696.65632470703,1.171736371338318e-06,13.504131317138672,2.0225519619998522e-05
554,0.8880211389790632,0.050516436909157754,2.4391983805641058,59992.91177832031,1.2036950440872175e-06,62.84080505371094,7.215121149783954e-05
555,0.8048322057256063,-0.014181177100538126,-0.6847415679836811,38201.92585253906,1.5204125201842434e-06,11.540602684020996,1.651619459153153e-05
556,0.8396302347504712,0.009844642947740762,0.4753509670237245,38439.0833828125,1.526642636084279e-06,3.181767225265503,9.58483633439755e-06
557,0.5849164174559737,0.008818718271169028,0.4258139457533095,22307.916981689454,1.9607384670834264e-06,2.1581268310546875,7.0813925958645996e-06
558,0.974959120032263,0.001990500255098638,0.09611178649594879,22107.762228027343,1.977004638575399e-06,3.060983419418335,5.952879291726276e-06
559,0.6854406133129852,0.012910216142731447,0.6233729105778326,35383.62511474609,1.590885077620071e-06,7.286284923553467,1.3810755262966268e-05
560,0.6983997113642426,0.005748010822824577,0.2775440935335837,56190.72826269531,1.2619811137834472e-06,3.2554895877838135,4.981562142347684e-06
561,0.6858048360515367,-0.012400885792334794,-0.5987797713567556,53110.79588916016,1.2998644673334023e-06,6.895904064178467,1.1369733329047449e-05
562,0.7364967089123886,0.023519413948600496,1.1356405939398955,52754.95098535156,1.3147272858263373e-06,9.322062492370605,2.187819336540997e-05
563,0.9709342013490528,0.010339217240166518,0.49923160641487785,59839.79063769531,1.207287619809259e-06,23.18501853942871,2.5821735107456334e-05
564,0.5522922166609815,0.0332340618831881,1.604714720296199,49849.1447734375,1.3224975368954627e-06,11.190559387207031,2.3120786863728426e-05
565,0.9103993924631897,0.012189736511811617,0.5885843772509605,37997.06657519531,1.5237499530804397e-06,10.958812713623047,1.7058859157259576e-05
566,0.9816175167556278,-0.010475050363972244,-0.5057903416679145,35299.67878930664,1.5772598223775716e-06,21.872051239013672,3.063198892050423e-05
567,-0.022451589091588828,-0.021356953367290033,-1.0312256614803577,25355.545579345704,1.841210037031654e-06,3.050541877746582,1.1914941751456354e-05
568,0.9939163092489713,-0.0008171054185484454,-0.03945413286486586,23502.35921142578,1.8982823441076354e-06,2.4989449977874756,4.0511249608243816e-06
569,0.8472472103799346,-0.005015288128011592,-0.24216440090394775,23074.15211767578,1.924582717081728e-06,4.048614501953125,6.430395387724275e-06
570,0.6705483372685251,0.020453324419579637,0.9875937190721934,34078.93740673828,1.6054996033874497e-06,8.696550369262695,1.837144372984767e-05
571,0.925882647271048,0.008677702760122924,0.4190049776782923,58214.5480625,1.2387027193789362e-06,13.92590045928955,1.5535460988758132e-05
572,0.9008206864924241,0.006835125327900359,0.330035680480562,48617.70926269531,1.3580942215651515e-06,6.232776165008545,8.948155482357834e-06
573,0.998345181385512,-0.0013127999081903544,-0.06338886124967615,43681.63996679687,1.441322808773701e-06,18.337379455566406,2.1464038582053035e-05
574,0.9602408464704223,-0.01167310517733591,-0.5636387082468709,53358.91675488281,1.2727277095816767e-06,24.155384063720703,2.7267064069746993e-05
575,0.02135605125375811,-0.03383350254358053,-1.6336588576410964,46094.67336816406,1.378172926484202e-06,11.325637817382812,2.4589624445070513e-05
576,0.6546243541695409,0.04048570803093973,1.9548622093565993,39393.546916259766,1.508392374291349e-06,16.321002960205078,3.805474625551142e-05
577,0.6280537854479458,-0.06740423525901597,-3.254629810542886,30779.49737451172,1.6735025024743454e-06,20.079647064208984,5.668020821758546e-05
578,0.31258763487790864,0.025518168943121772,1.2321509625264193,27237.477582763673,1.7823674659813922e-06,6.498182773590088,2.1385341824498028e-05
579,0.8874315398887385,0.009299588044843534,0.4490328591402204,25008.699916992187,1.8408826905482596e-06,7.102202415466309,1.52731008711271e-05
580,0.6537136216245549,0.018033752682590585,0.8707641122427284,30138.21348828125,1.6886315664057383e-06,8.365387916564941,2.11718725040555e-05
581,0.8486223944502969,0.01504397186560004,0.7264018220012539,49902.34167871094,1.3298134389891875e-06,13.345403671264648,1.8840673874365166e-05
582,0.5457966263010554,0.01573117673550883,0.7595836754405931,55638.49095654297,1.272223053758083e-06,7.3684468269348145,1.1188167263753712e-05
583,0.8796977503091155,0.011920990504171405,0.5756079112385635,55357.63680859375,1.2805220796814715e-06,12.485519409179688,1.6115183825604618e-05
584,0.9878764072539993,0.009962756897362098,0.4810541276634284,52403.66470214844,1.2917894443655151e-06,53.81819152832031,5.640750168822706e-05
585,0.7775934121192292,0.0221843743096474,1.0711778819085775,54158.67845605469,1.2656222588388727e-06,10.92446231842041,3.123208080069162e-05
586,0.09375587774553679,-0.03353060503370098,-1.6190333780787964,45432.90780029297,1.385511334913248e-06,5.61325740814209,2.2440874090534635e-05
587,0.4425198852733874,-0.053415483578339494,-2.5791795505219963,37173.570483398435,1.525658926839884e-06,15.616527557373047,4.507484845817089e-05
588,0.9940719163213967,-0.0013204028092416533,-0.06375596916675402,26092.23560571289,1.8156503254131583e-06,5.1234869956970215,7.997889042599127e-06
589,0.9977862782230892,0.0005110874975568462,0.02467798349691654,23684.678498535155,1.8943867758531873e-06,3.634957790374756,6.140262485132553e-06
590,0.6427336835109206,-0.014249384892695074,-0.6880349977334922,25634.623793945313,1.8299566813790828e-06,5.829789638519287,1.2723098734568339e-05
591,0.45551067140182405,-0.07082982522455766,-3.42003525098303,27515.831415771485,1.7842700814319273e-06,16.190752029418945,5.6572596804471686e-05
592,0.666122495882852,-0.04054230818885082,-1.957595161677934,36335.38843115234,1.5257885363986465e-06,10.139533996582031,2.6506135327508673e-05
593,0.9720126071269921,0.008003937614531182,0.386472064579863,36645.17440576172,1.5440605052973604e-06,12.845648765563965,1.7349879271932878e-05
594,0.25122453516512844,0.1551081972295237,7.489436837654036,47196.02787158203,1.3575365207800803e-06,31.79135513305664,7.66595039749518e-05
595,0.414199216480056,0.03932568226749672,1.8988500846556613,30683.67068310547,1.676928543208115e-06,7.318133354187012,2.9037490094196983e-05
596,0.7395653256678314,0.010477636964538566,0.5059152363021873,33513.38650976562,1.599976215685638e-06,3.2116968631744385,9.070021405932494e-06
597,0.3049253853020042,-0.016732677831958448,-0.8079413982345818,46890.006552734376,1.3754235260563285e-06,5.964941501617432,1.1759469089156482e-05
598,0.36499475715014973,0.040809430934918234,1.9704932481124766,67976.90714453124,1.136185472068914e-06,11.6140718460083,3.164646841469221e-05
599,0.8526118731980533,-0.010192329036490118,-0.4921390739550817,66231.75386328125,1.1769607777244641e-06,9.332830429077148,1.0816859685292002e-05
600,0.7373905065228237,-0.03034230440979225,-1.4650855109207332,56580.458515625,1.242335663153732e-06,21.545825958251953,2.987592051795218e-05
601,0.24834445170317826,0.07202274462574243,3.477635652942216,51001.65193945313,1.2993380516316457e-06,19.22609519958496,6.407414912246168e-05
602,0.7434806745486,0.020462475059076654,0.988035559914658,39472.454942871096,1.4843497692683645e-06,13.445114135742188,2.2860105673316866e-05
603,0.4536773734627787,0.015206864274828497,0.7342671213989674,35482.00965771484,1.5793467384795003e-06,5.912229537963867,1.1778399311879184e-05
604,0.866808749992982,0.006045747159921418,0.2919203646191252,21947.90446875,1.983562229211968e-06,4.338414669036865,9.332949048257433e-06
605,0.7912512866891843,0.010430712682794845,0.503649486003047,27969.991610839843,1.7503233897746458e-06,6.976378917694092,1.4096065569901839e-05
606,0.7770739841105593,0.01682866925171386,0.8125763671663079,47355.019546875,1.35603084624677e-06,9.808042526245117,1.740691004670225e-05
607,0.6663855223875289,-0.011967689736111732,-0.5778627949534874,58523.89938183594,1.2262084134946178e-06,7.519162178039551,1.2184760635136627e-05
608,0.9859390358807061,0.0039908368703367725,0.19269852402152085,50455.684747070314,1.3217883740007335e-06,21.036008834838867,2.3322605557041243e-05
609,0.9505534255338441,0.015114241599781145,0.7297948131206682,56846.07205371094,1.2489641336107015e-06,33.87234115600586,3.487685899017379e-05
610,0.9075213183466605,0.0061403404947590985,0.29648782668227797,50914.37183837891,1.3175675609549102e-06,7.940948486328125,1.2161392078269273e-05
611,0.9793666367467216,-0.000881910510408137,-0.042583262407409124,41313.19032592773,1.483590217736698e-06,4.802420616149902,5.578771379077807e-06
612,0.9683948241531068,0.007866053697776619,0.37981430629302315,39232.74407763672,1.513832982783971e-06,21.8745059967041,3.051902967854403e-05
613,0.8785508953470049,-0.006837241395227008,-0.33013785530349354,26585.394861572266,1.8108427694600176e-06,5.10699462890625,8.99593396752607e-06
614,0.9713927722658969,0.003451436344342796,0.1666534390950854,24772.940345947267,1.865114330785727e-06,6.502470970153809,1.1277300473011564e-05
615,0.6368514175064792,0.022124889433288986,1.068305640258945,34127.845434570314,1.591479033077769e-06,7.882600784301758,1.975395753106568e-05
616,0.7289464906009566,0.009172964107009992,0.4429187916603694,53293.25619628906,1.2813219093289968e-06,4.918558120727539,9.88828014669707e-06
617,0.7191078612284193,-0.018655168210559504,-0.9007693113862252,50338.18703076172,1.329891474389408e-06,9.725131034851074,1.636830893403385e-05
618,0.9751492265893313,0.009997518592470072,0.4827326045236534,53536.70062402344,1.287162922304576e-06,29.334400177001953,3.0294839234557003e-05
619,0.9627123354868924,-0.009349803626130105,-0.4514575306342442,48269.166951660154,1.3458313784692687e-06,16.970876693725586,1.9948989574913867e-05
620,0.4704210940939191,0.035512154056228866,1.7147129521439697,71308.89655126953,1.118548416669088e-06,14.005499839782715,2.9678602004423738e-05
621,0.9821436522721159,-0.011327416268557391,-0.5469470356337006,36841.40226757812,1.5411452338864952e-06,25.167512893676758,3.439369174884632e-05
622,0.9582861428161713,0.003815301643036617,0.1842227630937965,37393.11348535156,1.5252449327044432e-06,5.516957759857178,8.072740456555039e-06
623,0.9979881350558362,0.00043176447080098024,0.02084785195473574,27189.486955078126,1.7924985837796094e-06,4.910136699676514,7.907461622380652e-06
624,0.8419442936890358,-0.007661975536441485,-0.3699603428883532,21561.752993164064,1.9937112751688446e-06,6.574023246765137,1.2083387446182314e-05
625,0.9857885845434405,-0.004419757068268662,-0.21340903957249077,25066.31428466797,1.8683719061528678e-06,9.714683532714844,1.6031846826081164e-05
626,0.9033515784831052,0.014637283909512525,0.7067647956276905,36843.24364648438,1.5291032397957507e-06,12.218024253845215,1.797252662072424e-05
627,0.9401123470134537,-0.005518444503423565,-0.2664594282488574,48711.07356054687,1.3609503464321374e-06,10.184767723083496,1.1605178769968916e-05
628,0.9275014744287735,-0.014161165585452854,-0.6837753071352288,42376.51278955078,1.428260902816739e-06,18.822566986083984,2.5393113901373e-05
629,0.9185672896117817,0.021738803312861692,1.0496633785056462,33809.938387695314,1.626192825950408e-06,35.36549377441406,4.7149587771855295e-05
630,0.8915020014848138,0.01986139113693578,0.9590120772785866,70845.54012597656,1.1080374422608191e-06,26.38947868347168,3.0113502361928113e-05
631,0.9980431061032097,0.0021724463582200233,0.10489709811406055,56161.13263964844,1.2584618587117148e-06,25.271852493286133,2.8613365429919213e-05
632,0.2086161220978673,-0.0508491072658713,-2.455261449240477,40767.94665039062,1.478746105906486e-06,20.6607723236084,5.256378062767908e-05
633,0.7205374322447629,0.008006558931890805,0.38659863552290147,38108.34870361328,1.4915942818897619e-06,4.379795074462891,7.598795491503552e-06
634,0.9087975355254054,0.004393702308426479,0.21215097918855425,28318.643594482422,1.7564496716105188e-06,5.797011852264404,8.596845873398706e-06
635,0.6772431298449766,-0.0081549256659868,-0.39376255918179537,28385.06498828125,1.75680982973335e-06,3.1326119899749756,8.366307156393304e-06
636,0.5726682045523148,0.040316074095721195,1.9466713937450821,63789.98451171875,1.1545225744890396e-06,19.485689163208008,3.96060204366222e-05
637,0.6969667728299932,-0.04051438289208316,-1.9562467819659013,42253.4191875,1.4292566671449244e-06,24.6837100982666,5.18351407663431e-05
638,0.8252578067405457,-0.02185296136650372,-1.0551755277507073,43208.57590820312,1.4280434753980383e-06,35.09501266479492,4.6605997340520844e-05
639,0.9963943557096983,-0.0008475772434342481,-0.04092547230331325,37504.16582080078,1.5290218913155198e-06,29.97455596923828,4.1343417251482606e-05
640,0.5689546385066357,0.04098742438904631,1.9790877051174505,43206.6656171875,1.4182579375621915e-06,29.68837547302246,5.809965296066366e-05
641,0.45301813775157995,-0.06625040712908489,-3.198916940075828,75566.98229003906,1.0824948504504034e-06,31.829374313354492,5.491187039297074e-05
642,0.8468618508977107,0.017195789201679253,0.8303028427892557,57412.59846875,1.234642608795811e-06,17.461719512939453,2.8797847335226834e-05
643,0.9819610619131725,-0.002831452363703601,-0.13671736256082243,54160.957696289064,1.2777479680479029e-06,10.496557235717773,1.1098979484813754e-05
644,0.9969259834766769,0.0007504663113945345,0.036236447450030296,27501.827739257813,1.7605470850159652e-06,22.08950424194336,3.38131794705987e-05
645,0.9853143011564278,0.0018252636659162938,0.0881332978018967,24408.772735351562,1.8673940090743863e-06,5.806248188018799,9.69597022049129e-06
646,0.9977303367968389,0.0027572791145172746,0.13313588927477468,30451.448634277345,1.6817739028002116e-06,19.698049545288086,2.8967600883333944e-05
647,0.9662644809757945,0.0056559207898520545,0.2730975040067608,43884.72359277344,1.4057804566940054e-06,12.541004180908203,1.697922380117234e-05
648,0.9357834210387601,-0.0056799090591831865,-0.2742557833963039,46728.54576513672,1.3768888241551532e-06,11.491888999938965,1.4693532648379914e-05
649,0.9954608847932759,0.001149552673521267,0.05550642901969792,27359.789388671874,1.809705312750313e-06,19.645244598388672,3.0610401154262945e-05
650,0.9237474212879591,0.027552251419096833,1.3303671271037902,29516.795446777345,1.7356920861458396e-06,29.783721923828125,6.549835234181955e-05
651,0.7985623703414063,0.011163899426586741,0.5390515853499245,52705.365392578125,1.292197895831741e-06,7.935523509979248,1.0737031516327988e-05
652,0.9805717685966554,-0.003019527357625873,-0.14579860915437712,33114.364341308596,1.629362216181404e-06,6.448059558868408,9.71445842878893e-06
653,0.8083964705676077,0.057984547766292964,2.7997979204990995,42762.64008007813,1.4392740728381883e-06,43.32504653930664,6.417372060241178e-05
654,0.9929749342819321,-0.001012228601722018,-0.048875702982001556,22846.36416821289,1.942474337238879e-06,3.7962470054626465,6.400805887096794e-06
655,0.9841670108254259,0.0026164511763725356,0.1263359782026904,24316.804289550782,1.8876338205682492e-06,6.012634754180908,1.0067126822832506e-05
656,0.9620943140684591,0.013516251895019581,0.6526354935308514,31524.770775146484,1.653783564907696e-06,17.40241813659668,2.4440802008030005e-05
657,0.7665544673514251,0.007854017383366805,0.3792331299390936,66008.352859375,1.1517636845257825e-06,4.142223834991455,6.999121069384273e-06
658,0.9764442842356953,-0.0069823378066031505,-0.33714387063847834,41458.332947265626,1.4575754636707616e-06,18.79119873046875,2.5338735213153996e-05
659,0.9980867909083266,0.0015636868963227718,0.07550300018345868,42425.450516601566,1.431616042398265e-06,13.230536460876465,1.6937561667873524e-05
660,0.9681940748218064,0.010129917333342627,0.48912550976568003,46504.70625683594,1.373519163385512e-06,20.423038482666016,2.954743104055524e-05
661,0.4065755039697791,0.08440508944135132,4.075520168751056,51677.97107324219,1.2915121918263212e-06,9.50611400604248,5.3157138609094545e-05
662,0.9799872069975581,-0.01953337873183073,-0.9431739189228033,35075.920455566404,1.5833636779698322e-06,34.9647331237793,4.8841069656191394e-05
663,0.9907323015459711,-0.006362854994788135,-0.3072319931621681,29698.772240478516,1.7134642830261226e-06,18.285581588745117,2.576301085355226e-05
664,0.6537401077474652,-0.0086587173498998,-0.41808826255141457,24225.388356201172,1.8933569181292718e-06,3.587153434753418,7.142491540435003e-06
665,0.8483466212198274,-0.003522187604188584,-0.1700696807977426,25009.494295166016,1.8660030268288437e-06,2.517883062362671,4.553210146696074e-06
666,0.9702629514469967,0.0019925588666845078,0.09621118705453319,31837.515978515625,1.6629961509260541e-06,2.9760124683380127,4.382523911772296e-06
667,0.7495626664589141,-0.019367466118653996,-0.9351627882465919,44260.009869140624,1.4000150778973834e-06,7.302760601043701,1.5936642739688978e-05
668,0.7462546369024212,-0.05096689948564987,-2.460949075076867,39544.95253515625,1.4899521200486687e-06,25.57598876953125,5.362173396861181e-05
669,0.8392735088021133,-0.032062804863031535,-1.54816029164701,50577.615091308595,1.3184824772180864e-06,27.92537498474121,3.5702163586393e-05
670,0.7927816924601061,0.06123462819472233,2.956728840468454,76039.50755371094,1.0731155824798883e-06,31.20009994506836,6.653284799540415e-05
671,0.8202823449650616,-0.0989687306560212,-4.778729109037569,54336.57400195312,1.2689584050291797e-06,66.11686706542969,9.910632797982544e-05
672,0.3933999125772554,0.06167348052671654,2.977918931516087,54863.720275390624,1.2592947084077346e-06,8.462204933166504,3.916899731848389e-05
673,0.940878389723341,0.0016244318378539008,0.07843608438487693,38659.64883007813,1.5057998444519316e-06,4.4339399337768555,6.1434393501258455e-06
674,0.9338087904178944,-0.005066083931431859,-0.24461708856410422,27747.53742993164,1.7674128226624468e-06,5.492103099822998,9.449123353988398e-06
675,0.7252252551801259,0.008613988858129975,0.4159285365025204,22544.55763647461,1.9636685351899487e-06,2.3466968536376953,8.765323400439229e-06
676,0.9274972608996499,0.003704623590246596,0.1788786465319955,33978.18625048828,1.5850968236576869e-06,4.372110366821289,6.85082932250225e-06
677,0.8150989396576213,-0.01284219208088632,-0.6200883522905885,52886.225053710936,1.2813707567396545e-06,9.588214874267578,1.2434592463250738e-05
678,0.9783930551701716,-0.007558773779985608,-0.36497722110422537,45543.668186523435,1.3879220471379964e-06,25.259963989257812,2.8736581953126006e-05
679,0.9544012137244103,0.008128842529620033,0.39250312863050246,38721.11552197266,1.5560113464196153e-06,25.090892791748047,3.1556170142721385e-05
680,0.8503145656894646,0.045925894901420454,2.217542948861351,47603.60027050781,1.3474930281731648e-06,52.18014144897461,8.65397450979799e-05
681,0.9989160576271043,3.648545603336073e-05,0.0017617090736378343,41184.92061083984,1.4590432094978354e-06,9.820812225341797,1.1967829777859151e-05
682,0.9992234448633257,-0.00034725527214959364,-0.01676730484758488,32582.47167480469,1.6406220975300876e-06,11.54217529296875,1.568865445733536e-05
683,0.9987014957812909,-0.001149598983971933,-0.05550866513101492,28663.91187939453,1.736107506848611e-06,9.284302711486816,1.4284198186942376e-05
684,0.9492052734108355,-0.005726011665896694,-0.27648185891777416,25593.402830810548,1.8402032244161397e-06,7.26255464553833,1.1655200069071725e-05
685,0.7894759496276603,-0.01929075854252055,-0.9314589443706239,21587.26639892578,1.9721542869542452e-06,10.017487525939941,2.0414167011040263e-05
686,0.9584021213526954,0.015975056034049733,0.7713594463866678,27120.762056640626,1.783680109687289e-06,19.877962112426758,3.244799154344946e-05
687,0.9743723743408005,-0.009131387675783382,-0.4409112636175672,36321.66577294922,1.5510683236699722e-06,17.271100997924805,2.433247573208064e-05
688,0.9820849956920643,0.007707685364459841,0.3721674529954801,48956.13590673828,1.3260872949989853e-06,20.666404724121094,2.437693729007151e-05
689,0.9979298256633998,4.451022534139737e-05,0.002149187001579638,60236.50155126953,1.22441217455026e-06,25.371212005615234,2.7524025426828302e-05
690,0.8957478242490456,-0.015576344364741448,-0.7521075569504103,47248.03762597656,1.3769864982420723e-06,24.176700592041016,3.0711562430951744e-05
691,0.9892179861489103,0.003116246278606057,0.15046870565878845,49611.40638623047,1.3348924385692616e-06,16.18659782409668,2.0344739823485725e-05
692,0.967335949963846,-0.01759045598630761,-0.8493594239899267,70130.00563964844,1.1104628954317894e-06,46.92265701293945,4.880041888100095e-05
693,0.6013999704646937,-0.016381250479356898,-0.7909726434727781,57593.773653808596,1.2325866764773761e-06,10.382501602172852,1.6287993275909685e-05
694,0.7117057057830783,0.016174001229255844,0.780965563279678,34778.12458911133,1.580161626141811e-06,8.071866035461426,1.729029645503033e-05
695,0.9380339336373674,0.005349358937565366,0.25829509078460283,29992.76109863281,1.6966196493548174e-06,9.01155948638916,1.43980432767421e-05
696,0.9977411590000226,0.0007676877913512881,0.0370679907771452,28277.75306640625,1.729555612314998e-06,37.70764923095703,5.679713285644539e-05
697,0.8524689420329202,0.031501468961925544,1.5210560518251786,48427.88252441406,1.3270108540609444e-06,27.766016006469727,5.680650065187365e-05
698,0.14103294452073373,-0.029522693277159662,-1.42551038904496,80510.83995019531,1.040823374759325e-06,23.392131805419922,2.9605935196741484e-05
699,0.9503286485654473,0.010600119330197695,0.5118293269673833,42868.271051269534,1.4521442876248188e-06,20.091476440429688,2.73405785264913e-05
700,0.5741516260405046,0.028984670334309865,1.399531821054001,43342.082092285156,1.4483933726019902e-06,17.913516998291016,2.9304692361620255e-05
701,0.7659388976773515,0.029567688462986505,1.4276829924809344,47331.60226074219,1.3671302222335852e-06,23.304691314697266,3.665635813376866e-05
702,0.7826242938266409,-0.04922198479755634,-2.3766954471126853,62557.12167578125,1.1860194028268353e-06,20.425485610961914,3.6627483495976776e-05
703,0.7271674346182405,0.025659288491449522,1.2389649540667569,45792.59981103516,1.3856247845102294e-06,13.007284164428711,2.7885987947229296e-05
704,0.9950158810892706,0.00034335387938170967,0.016578925153694756,39844.68615527344,1.479348326634057e-06,23.14350700378418,2.8125296012149192e-05
705,0.857319501794354,-0.0073054334706477864,-0.35274462296236386,30005.86509765625,1.7051902853887051e-06,9.010271072387695,1.3434941138257273e-05
706,0.7413028978446363,-0.010712560709486741,-0.5172585861758947,27408.46774658203,1.782012158761668e-06,5.843392372131348,1.135299498855602e-05
707,0.982631186970645,0.006122687134455748,0.2956354299081174,27642.696823242186,1.7676789691315775e-06,13.680912971496582,2.3094196876627393e-05
708,0.9447440084529224,0.004933440423016217,0.23821236466202872,48668.216900878906,1.3377233224557165e-06,9.07026481628418,1.2102995242457837e-05
709,0.8803019174633541,-0.006808024943353525,-0.32872713185473207,67437.09597070313,1.1341904119746759e-06,10.003700256347656,1.0299917448719498e-05
710,0.4651230147196915,-0.04003443665113324,-1.9330724615800814,41448.1833125,1.4696200636712225e-06,13.640645980834961,3.141966590192169e-05
711,0.4902393734273091,0.02198719279751635,1.0616569248796377,46344.67655859375,1.4005456878403094e-06,13.084628105163574,1.581427022756543e-05
712,0.88346742218159,-0.023355078134380584,-1.1277055993828815,58369.85035644531,1.2328980887394421e-06,27.405384063720703,3.2722909963922575e-05
713,0.8702651624658578,0.015013147450423574,0.724913457655299,50196.48315185547,1.3312418866454045e-06,12.942242622375488,1.9703888028743677e-05
714,0.9992243218830715,-0.00046332756459340494,-0.022371883576414082,31842.05596875,1.6742152243339274e-06,41.55805206298828,5.6412547564832494e-05
715,0.9951801208621203,-0.00048024582835351384,-0.023188786036099095,42630.887365234375,1.4398061563441589e-06,9.069119453430176,1.1764004739234224e-05
716,0.493181496940985,0.016917033414941315,0.8168430521708719,28624.826483398436,1.7288890067015953e-06,3.931546688079834,1.4356784959090874e-05
717,0.9873161243644728,0.0002505982047995019,0.012100194960670444,26048.34182470703,1.8218216763091388e-06,1.4668784141540527,2.4183532332244795e-06
718,0.9610206239182368,0.006576093583648729,0.31752827002662454,48804.04269580078,1.3633829915281845e-06,18.23257827758789,2.1357283912948333e-05
719,0.9996182917073417,-0.00019745590254637469,-0.00953420603654311,55235.4561015625,1.2596335997019466e-06,11.85175895690918,1.2481105841288809e-05
720,0.998753350248025,-0.00024934491169669923,-0.012039679399918889,32252.56722558594,1.634024929756452e-06,5.7032318115234375,8.278230779978912e-06
721,0.9855557044618972,0.003093713497339997,0.14938070486267896,38525.97683886719,1.5252353249022811e-06,11.515498161315918,1.510358379164245e-05
722,0.6137875051187556,0.07321930090873183,3.535411662619423,45116.95606054687,1.3980272383527713e-06,32.70063781738281,8.067895396379754e-05
723,0.7720490033085807,-0.04362185541110833,-2.1062918445201757,39597.00472265625,1.4925239447057374e-06,11.221808433532715,3.159191328450106e-05
724,0.8502121994448748,0.010854068988287389,0.5240913476611843,33382.83571142578,1.6245500815056994e-06,6.771458625793457,1.1592594091780484e-05
725,0.6923849336539417,0.01580241284030979,0.7630233279992376,26146.95927685547,1.8256419855896451e-06,5.344202518463135,1.448295824957313e-05
726,0.7377765242517069,0.010437601814876267,0.5039821294126906,26414.93877368164,1.805388752997457e-06,4.093753337860107,1.0721976650529541e-05
727,0.883258691138743,-0.003113546530360355,-0.15033834766143625,31273.471071289063,1.6455418183459639e-06,3.100252389907837,4.744772468256997e-06
728,0.9339416650768588,-0.005298144259760041,-0.25582217767340093,36943.45087402344,1.5209443757938237e-06,9.119357109069824,1.2257136404514313e-05
729,0.9875290557020291,0.004131241078312947,0.19947797517987814,46895.02590527344,1.363558679227221e-06,38.22480773925781,4.710099892690778e-05
730,0.8722309347210545,0.015223923065474668,0.735090809233352,37378.634392578126,1.5369004185869302e-06,17.323787689208984,3.325254874653183e-05
731,0.5578750426553115,0.04475874447809058,2.1611868082336887,60054.824583007816,1.2001958990557862e-06,14.656757354736328,4.3933257984463125e-05
732,0.9886656616353303,-0.005719192126202689,-0.27615257579339775,56396.05928222656,1.2445964854581806e-06,25.860177993774414,2.5867664589895867e-05
733,0.8916484887192898,0.0094865669391429,0.4580611802982394,35550.55460375977,1.5716717339579735e-06,7.218416213989258,1.1089638064731844e-05
734,0.6910221889917206,0.020432694941104047,0.9865976197118994,26879.085744628905,1.7948237641433463e-06,4.560849666595459,1.834813883760944e-05
735,0.8601695394851127,-0.003530392447518843,-0.17046585364342326,22322.87786230469,1.956706697694003e-06,2.767855405807495,5.219692411628785e-06
736,0.5059247182190124,0.01254211356201127,0.6055989883911046,25609.23410546875,1.8283470914854074e-06,2.775092124938965,1.1511169759614859e-05
737,0.9616301306020935,-0.004886453973774772,-0.23594361259021715,37677.37615917969,1.5120723983295798e-06,8.9071626663208,1.2430187780410051e-05
738,0.734539636634105,-0.00757201423281794,-0.36561653957327406,52313.804473632816,1.3096507422579378e-06,8.139060020446777,8.569290912419092e-06
739,0.6280864235257868,-0.019479267131443472,-0.9405611272037104,42747.107306640624,1.440738240118392e-06,9.241972923278809,2.2383910618373193e-05
740,0.9750309200860301,-0.003792293486162867,-0.1831118086714342,66997.69577929688,1.1409518652816448e-06,10.14515495300293,9.945811143552419e-06
741,0.9454406378049113,-0.0178784065841841,-0.8632631882891754,53044.077482421875,1.2841854641681715e-06,33.902828216552734,3.78147087758407e-05
742,0.4714115295348715,-0.031834228856347964,-1.5371234438514898,32545.467658203124,1.6497330793583315e-06,16.895145416259766,2.5570205252734013e-05
743,0.8139902101300319,0.02006987904702592,0.9690789664690012,37023.73165722656,1.5449207229857856e-06,9.837282180786133,2.267527270305436e-05
744,0.9746032522722134,-0.002562046091311354,-0.12370901550509701,21242.643611816406,2.018003556774581e-06,6.090976238250732,9.78863681666553e-06
745,0.3314384077655792,-0.007132656654040012,-0.34440205256242523,32594.953970703125,1.6033962582845577e-06,4.6394171714782715,1.016693113342626e-05
746,0.918302264526357,-0.002769558758590195,-0.1337288148603704,56106.583143554686,1.2483454369233064e-06,5.277963161468506,5.926731319050305e-06
747,0.8942445235395202,-0.013692547359413679,-0.6611479626906255,48376.638966796876,1.3229657106761237e-06,18.330772399902344,2.2557216652785428e-05
748,0.7742825475358738,-0.019318500733523196,-0.9327984827764826,31126.45329248047,1.6662971664601393e-06,22.84634780883789,3.864868631353602e-05
749,0.8907090961870225,0.011850059065121262,0.5721829695394228,69587.32854882813,1.1316140602656167e-06,18.5545711517334,2.1398051103460602e-05
750,0.9919882110396253,-0.0023892077623697697,-0.11536347496723512,53228.221841308594,1.2885659654683738e-06,16.186193466186523,1.7918138837558217e-05
751,0.9284740219833882,0.020698134541452022,0.9994144350480774,36069.40912744141,1.5539548270877302e-06,16.988929748535156,3.1700034014647827e-05
752,0.973609884910049,0.0023300290041717896,0.11250601430705662,36331.28477246094,1.5591317376235184e-06,7.323513507843018,9.136443622992374e-06
753,0.9971919454800664,-0.002815555612083651,-0.13594978406201935,28005.757982177733,1.7575539899578145e-06,31.44791030883789,4.9452009989181533e-05
754,0.9311667494603937,0.005737860265678216,0.2770539714254519,25775.485037109374,1.8073485103823768e-06,6.596904754638672,1.2160011465311982e-05
755,0.421598472835852,-0.02497337559146986,-1.205845483708088,44183.182614257814,1.3924239392576178e-06,14.061037063598633,2.2872103727422655e-05
756,0.9866597831251455,-0.010424018891608053,-0.5033262746757713,63419.34050341797,1.1889688900779605e-06,41.61621856689453,4.466591781238094e-05
757,0.9550832558141544,-0.007083829119692327,-0.34204440325073715,43475.540391601564,1.4249974987512978e-06,17.99199676513672,2.1907029804424383e-05
758,0.9187752565309935,0.015884668818176552,0.7669950777955489,36748.58036621094,1.551783997361667e-06,26.079496383666992,4.137265932513401e-05
759,0.6712019320568937,-0.039190940425256914,-1.892344042197113,51686.82054492187,1.29431689253506e-06,32.06671905517578,4.0345486922888085e-05
760,0.6537325315020082,0.05397466974817631,2.6061799900492852,53567.180749023435,1.2842863222500999e-06,11.389747619628906,4.108642315259203e-05
761,0.9434858947032418,-0.007465987699892428,-0.36049702277374596,36453.98309375,1.5462357978426153e-06,8.394447326660156,1.1888158041983843e-05
762,0.9825230142575139,0.0015956324159298384,0.07704549732813973,36018.18079882812,1.5541282356129953e-06,4.096844673156738,5.724401034967741e-06
763,0.9409518301287991,-0.014093204609491703,-0.6804937949651583,27443.85918310547,1.759635456750485e-06,14.449618339538574,2.554309685365297e-05
764,0.7025571611888751,-0.01750187222692378,-0.8450821357318121,23204.440204589842,1.9306830844628523e-06,12.940302848815918,2.4489299903507344e-05
765,0.6601876140266221,0.01966492119557416,0.9495254786164408,35424.36280566406,1.5585151703687867e-06,9.347009658813477,1.987088762689382e-05
766,0.8763732222557876,0.009319217291773202,0.4499806620782748,47529.878880859374,1.3578822648769484e-06,9.728226661682129,1.7829868738772348e-05
767,0.4342562826852183,0.022425738613727538,1.0828322157385142,82431.4206640625,1.0507127722912166e-06,18.70768165588379,2.3658431018702686e-05
768,0.9609003252535183,-0.005909840719590142,-0.2853580892599107,41810.92011279297,1.4446595105260066e-06,11.898710250854492,1.604779390618205e-05
769,0.6744312906003687,0.033184304361763464,1.6023121663334545,40601.49198535156,1.4709342420037402e-06,23.166486740112305,3.464921974227764e-05
770,0.47213381760819173,-0.05895135481906176,-2.8464804329983946,69202.71645410157,1.1179958417921511e-06,33.554412841796875,5.964601950836368e-05
771,0.9690178309296279,0.005786976723005438,0.27942557145312297,43415.46272460937,1.4288228766036405e-06,13.79645824432373,1.875139605544973e-05
772,0.8584113130215905,0.019431426702716807,0.9382511405258014,43544.896260742185,1.408653362840739e-06,18.850555419921875,3.7831927329534665e-05
773,0.49431264686730114,0.016380807012959048,0.790951230590444,30802.481482910156,1.673260287906794e-06,3.329754590988159,1.2769914064847399e-05
774,0.9957319419339238,0.0017580466871216398,0.08488770971504948,21853.325943847656,1.97614438253957e-06,8.468841552734375,1.5484865798498504e-05
775,0.9855732736251063,-0.0007792093161772611,-0.03762431039144578,28987.537157714843,1.7302758118440247e-06,3.2467312812805176,5.147140200278955e-06
776,0.9485996067355992,0.004215824401751019,0.20356210142029144,53513.33150976562,1.2752608901238768e-06,11.21818733215332,1.3076981304038782e-05
777,0.9878150825112788,-0.003956559692546274,-0.19104344219721794,52513.03053222656,1.2950813855201045e-06,21.866456985473633,2.199419031967409e-05
778,0.8889250304904813,0.008868730350997195,0.42822879113016926,46150.31150439453,1.396124139162905e-06,16.384450912475586,2.4898616175050847e-05
779,0.988594054096883,0.009702720761452828,0.4684982199152505,43420.57955859375,1.4201264969583396e-06,35.297889709472656,4.2127358028665185e-05
780,0.8619359231434477,0.013379723522353205,0.646043188018336,57474.18393457031,1.2436978436775503e-06,12.113597869873047,1.56971909746062e-05
781,0.8612715909559856,0.013070731946861314,0.6311234550232493,37661.88874511719,1.5281313956353673e-06,7.715609073638916,1.3786119779979344e-05
782,0.9732863490006064,0.007815992147034882,0.3773970722011303,38504.2814921875,1.5106186469962578e-06,12.747422218322754,1.8455008103046566e-05
783,0.39623942908580395,-0.044728298027979604,-2.1597166940223844,27571.280641601563,1.785347024769498e-06,6.081867694854736,3.5456705518299714e-05
784,0.9952286830283275,0.0010426178509424404,0.05034305523446369,24347.28947583008,1.8817254786313494e-06,6.333259105682373,1.0274016858602408e-05
785,0.923579111706664,0.0038122189553558305,0.18407391477315427,29714.769015625,1.7084703928345996e-06,5.697522163391113,8.40113170852419e-06
786,0.7560220366624569,0.02353875278859933,1.1365743745090193,55855.86399267578,1.258240474117576e-06,14.86510944366455,2.4116669010254554e-05
787,0.44349147475228473,-0.00881724174128281,-0.4257426511504499,40366.40382568359,1.4689253567983913e-06,3.6617865562438965,6.686814685963327e-06
788,0.6257123457866698,0.022561028468270947,1.0893647191037545,48923.77953662109,1.3573609925753809e-06,9.847761154174805,1.8891265426645987e-05
789,0.7444709456292486,0.029435754776883278,1.4213125425209827,50527.23118359375,1.3246094494522771e-06,13.497681617736816,2.232093902421184e-05
790,0.9203897032799608,-0.018480680085023345,-0.8923441100205622,45112.76975927734,1.4158588873709571e-06,20.23579978942871,2.681367732293438e-05
791,0.9973238662953424,0.005676976566548197,0.2741141872797934,48195.97816796875,1.34223717841806e-06,46.596622467041016,5.352597509045154e-05
792,0.517161617327668,-0.07075943464185787,-3.416636424663646,44471.33087939453,1.3976733561603477e-06,32.44236373901367,5.7815868785837665e-05
793,0.7170908396219418,0.07762746599627399,3.748260980597407,36582.26642871094,1.576592116511619e-06,48.682769775390625,8.458421507384628e-05
794,0.5717189335555816,-0.03696124807857493,-1.784682807677286,22188.18470678711,1.977979225894562e-06,10.797584533691406,3.0595667340094224e-05
795,0.9760980692965072,0.007546060006210718,0.36436333346091554,22091.71802392578,1.982117218741772e-06,11.33494758605957,2.0670016965596005e-05
796,0.8131804465594243,-0.004689625461161833,-0.2264397002284312,20388.686805664063,2.0586787299506074e-06,2.5359535217285156,5.224257165536983e-06
797,0.6084300880634037,-0.00680909776700837,-0.32877893340451747,21777.95285961914,2.025392851896664e-06,2.5267117023468018,5.687621523975395e-06
798,0.7545401784379152,0.012117246963266933,0.5850842018578307,27090.458373535155,1.8088133192185318e-06,4.37895393371582,9.746955583977979e-06
799,0.998420631640238,0.0013235716293655898,0.06390897641325687,36276.76604638672,1.5584296796157821e-06,8.131309509277344,1.0054412996396422e-05
800,0.7886738618287267,-0.007105891861761303,-0.34310970809047137,47613.916549804686,1.3684203799684143e-06,6.251556873321533,6.6121660893259104e-06
801,0.8360788449580554,-0.02133112206602545,-1.0299783908479152,45948.78664550781,1.3888255458884427e-06,17.43398666381836,3.670476144179702e-05
802,0.5745754209832825,0.03564476457668538,1.721116083214456,46437.52808789063,1.3855559686546017e-06,20.12084197998047,4.390258982311934e-05
803,0.9875381175359549,-0.005901350099395358,-0.2849481176091716,52469.4303828125,1.2787605055330424e-06,39.81145095825195,4.953292227583006e-05
804,0.3588759774332708,0.017279872600925148,0.8343628300690739,51446.95372314453,1.3085442863359068e-06,6.165536403656006,1.8408663891023025e-05
805,0.8215492888103947,-0.005216569529280468,-0.2518833220720342,40079.833319335936,1.4864586832625265e-06,4.343531608581543,5.116355168865994e-06
806,0.7408891231875604,0.005487150863426219,0.26494840726887914,32885.950191650394,1.640526588258735e-06,1.7572730779647827,5.236759079707554e-06
807,0.9624133070732054,0.0029590168249505294,0.1428768434412848,25696.25267163086,1.846481161723583e-06,4.799489498138428,7.814555829099845e-06
808,0.41392592323477767,0.007422282701252122,0.3583867163382843,29135.09600341797,1.7237779478580809e-06,2.7134039402008057,9.304083505412564e-06
809,0.8442336749209336,0.022067674612910294,1.0655430088116218,42376.60099804687,1.4403775737326908e-06,11.701431274414062,3.2531283068237826e-05
810,0.6724912362939852,-0.018392821948779045,-0.8881018586513328,40844.82368017578,1.4568985251352333e-06,10.215405464172363,2.495412263670005e-05
811,0.8691257712191501,0.018508494969960113,0.893687158470621,36567.17699902344,1.5206545010131245e-06,29.906368255615234,4.497920963331126e-05
812,0.7117174661673563,0.0209709056875836,1.0125852558465678,78509.27985644531,1.055012029762713e-06,17.77518653869629,2.399436925770715e-05
813,0.9955519262838772,-0.0031548853365806965,-0.15233440192330822,42871.45876904297,1.4309303308093765e-06,32.2082405090332,3.7376023101387545e-05
814,0.8268341786167663,0.02169829461793463,1.0477074063684482,43717.46446630859,1.4186650978068717e-06,12.895364761352539,2.889137431338895e-05
815,0.5715518975416658,0.013685199783593007,0.6607931832140943,32376.677548828124,1.629235572833703e-06,5.01405668258667,1.2101728316338267e-05
816,0.8434862857229455,0.004374249513941361,0.21121169629948447,25947.023318359374,1.7994089803592786e-06,2.7278430461883545,6.1638024817511905e-06
817,0.6594254247218028,0.012987690665314388,0.6271137866487068,29991.61273144531,1.68506726220624e-06,4.748404026031494,1.4030411875864957e-05
818,0.48450612061120524,-0.02000667129487528,-0.9660269648608478,46753.22249951172,1.361300610666226e-06,8.593693733215332,1.694206912361551e-05
819,0.8472004871428809,-0.0049991108344355235,-0.24138327636890547,48585.35125585937,1.33166515007848e-06,6.062735080718994,7.613316483912058e-06
820,0.38465522982894523,-0.017856974741282537,-0.8622283465684102,49569.949204589844,1.360463476370605e-06,8.411263465881348,1.35910067911027e-05
821,0.9874898877739774,-0.006439753442909558,-0.3109450533382643,46328.00203320313,1.3917668268658654e-06,28.74421501159668,3.319935058243573e-05
822,-0.025111993743638986,0.09271885832713739,4.476952511239117,57827.32983837891,1.2294696416189642e-06,22.90053939819336,6.941980245755985e-05
823,0.9641934702731045,0.002339133832255129,0.11294564313432591,41025.71450146484,1.482139520949024e-06,3.870107889175415,5.630997748085065e-06
824,0.8479322610316611,-0.03460741974384709,-1.6710276369351615,36706.451342773435,1.5596385470740318e-06,28.301162719726562,4.452206485439092e-05
825,0.8989719119995389,-0.003342719835235041,-0.1614040361446539,27574.919889404297,1.7855640494306583e-06,3.1488254070281982,5.221408173383679e-06
826,0.6282754931407941,0.01664289532813059,0.803606228310905,25672.025901855468,1.8345214854985493e-06,6.704441547393799,1.6364263501600362e-05
827,0.9682026150536931,0.004070240889648578,0.19653256630886448,28568.841861328125,1.7400966339247046e-06,7.233920097351074,1.1199989785382058e-05
828,0.4154092087591776,0.03164588274712704,1.5280291063901328,47573.51389257813,1.3504355044357538e-06,9.525762557983398,2.144474274246022e-05
829,0.7465131000328096,0.01636477065110396,0.7901769109776533,42388.497443359374,1.4487526861699907e-06,7.523990631103516,1.3605972526420373e-05
830,0.9884000849420246,-0.0030231345662698784,-0.14597278409665654,58943.42891992188,1.2432949469720172e-06,11.146883010864258,1.1787760740844533e-05
831,0.9931162369579909,-0.0028224511385095945,-0.1362827362241353,59368.650168945314,1.2181302423587568e-06,20.592721939086914,2.1559875676757656e-05
832,0.6671682527891263,0.06901860622935407,3.332580103505146,43110.63362939453,1.4138267324542662e-06,47.915096282958984,7.06021164660342e-05
833,0.2657659283960446,-0.006483125470231535,-0.3130392821730452,58087.710903320316,1.2289929675465914e-06,5.283148288726807,5.309971584210871e-06
834,0.9117288368537397,-0.004280846292264178,-0.2067016991382802,48874.85889648437,1.353622453441141e-06,7.1700968742370605,7.942003321659286e-06
835,0.9981035971042844,-0.01127966320191745,-0.5446412672552899,40521.38079370117,1.47809961545496e-06,90.47248077392578,0.00011579471902223304
836,0.7601054971788557,-0.011784583192007985,-0.5690214511617288,31446.88116333008,1.6608459831593418e-06,6.198972225189209,1.0850916623894591e-05
837,0.9866704879942143,-0.0010650827326782197,-0.051427777485322665,27522.440553710938,1.7625340900317913e-06,3.6208956241607666,5.375344244384905e-06
838,0.4779786686879174,0.007572845881688041,0.3656566959402165,38544.63742919922,1.4999125308859666e-06,2.4016926288604736,5.431380941445241e-06
839,0.9851554782243533,-0.0019055076390536603,-0.09200789746296684,60288.45012988281,1.2068272382324936e-06,6.990421772003174,7.266689408425009e-06
840,0.7621550138214283,-0.02481632059019707,-1.1982620449661006,38236.332971191405,1.5306656440607766e-06,15.717846870422363,3.050324448850006e-05
841,0.9131494166757079,-0.01257731983282828,-0.6072989316970226,44704.9707890625,1.4043434520472849e-06,24.226364135742188,2.753065200522542e-05
842,0.9295525524277992,0.028785645205576586,1.3899218445512882,76983.44489160157,1.0693530844352698e-06,37.78169631958008,6.160033808555454e-05
843,0.8758626363025016,0.0031793980441150644,0.15351800393840268,45352.105505371095,1.3864038706407974e-06,3.984031915664673,6.225694050954189e-06
844,0.734790044567314,-0.016459931380290924,-0.7947717698142641,38019.45911181641,1.5255346253415154e-06,11.20736312866211,1.7244345144717954e-05
845,0.8375335225142548,0.012403010453407842,0.5988823611308116,38673.713671875,1.4923991188446097e-06,11.126056671142578,1.8809711036738008e-05
846,0.8251295737892147,-0.026221993974597457,-1.2661353244889069,34249.82525878906,1.587140236488397e-06,26.845657348632812,4.144647755310871e-05
847,0.8570627515478392,-0.017048559573745438,-0.8231938245765696,38295.97390283203,1.4943762832407334e-06,25.611507415771484,3.335870860610157e-05
848,0.7829596079436086,-0.025010157643050347,-1.207621513969492,54984.350135742185,1.2540153708017303e-06,18.83903694152832,2.5936720703612082e-05
849,0.7525817213157652,-0.03633591053110839,-1.7544882328732618,58149.71051660156,1.2158349411704644e-06,40.70677185058594,6.881773879285902e-05
850,0.6127596923976846,-0.04065803851701533,-1.963183228578785,45802.14330175781,1.3644196253475992e-06,33.39519119262695,5.559200872085057e-05
851,0.9524424714766829,-0.010389446135613956,-0.5016569207863811,83376.01517578126,1.0078119876422262e-06,30.506568908691406,2.8310836569289677e-05
852,0.8241396007154435,-0.033877443366212776,-1.6357805508950756,48537.23097949219,1.3289839050394993e-06,30.621686935424805,5.023157791583799e-05
853,0.6950176587131178,0.05414641151702882,2.6144725829178905,46803.60181005859,1.3499114252387596e-06,38.731204986572266,5.785598841612227e-05
854,0.9933295028813801,0.0015973725567178065,0.07712952044718113,39028.50917285156,1.5005335808681884e-06,9.22419261932373,1.178675393020967e-05
855,0.8554078591821626,-0.005908631779117165,-0.285299715276623,27744.940143554686,1.7580150103757857e-06,4.833730697631836,1.0416652003186755e-05
856,0.8631126528343367,0.012637012024157672,0.6101811836001962,32735.185221191405,1.6379825691199246e-06,14.145870208740234,2.7440260964795016e-05
857,0.9971287545979145,-0.0020003026858026324,-0.09658509923456834,43948.466376953125,1.4035252758914178e-06,18.810747146606445,2.3243912437465042e-05
858,0.8676863395758185,-0.008463066787850769,-0.40864122781765766,69086.47845703125,1.1330890068573461e-06,17.21568489074707,1.594692366779782e-05
859,0.9346242660145161,0.0076049107140144165,0.36720495412842175,59974.481315429686,1.2049119064742187e-06,14.089262008666992,1.758926191541832e-05
860,0.8798230180431609,0.007573455715339435,0.36568614190564686,53717.71411181641,1.3019730121636274e-06,9.567098617553711,1.2642188266909216e-05
861,0.8498307067881712,0.01261547278204758,0.6091411560826582,47006.46851074219,1.3871509262235056e-06,11.660639762878418,1.8581717085908167e-05
862,0.9951805286759619,0.006984281475263618,0.33723772115009476,53120.84454882813,1.2824598519094868e-06,39.685611724853516,4.5908705942565575e-05
863,0.8106710876935002,-0.010867861731076347,-0.5247573335844367,33356.66969702148,1.6057889917262875e-06,5.965845584869385,9.731917089084163e-06
864,0.8728053266206524,0.009542726271869957,0.4607728472688876,32394.821918212892,1.6370975194528242e-06,7.592136383056641,1.1914886272279546e-05
865,0.9978236391334524,-0.0009690570840537096,-0.046791155804369114,25108.864366699217,1.8443447532627254e-06,5.288064956665039,8.553935003874358e-06
866,0.9804734079492222,0.0012331695899352138,0.0595438920630918,24099.837770996095,1.8893989086202555e-06,3.108830451965332,5.029118256061338e-06
867,0.9938990044978975,-0.00270881012722404,-0.13079555249437505,35236.05192578125,1.5742648650250326e-06,14.475912094116211,2.0782852516276762e-05
868,0.7210866345038117,-0.02167151118736006,-1.0464141619418679,51593.99350146484,1.307864085520909e-06,14.574169158935547,2.44272050622385e-05
869,0.9590419890700923,0.007608060445778368,0.3673570396888435,63625.71367431641,1.1849519611378972e-06,17.350439071655273,2.05177584575722e-05
870,0.8069638120674302,0.015125265601031296,0.7303271096887152,52718.92771777344,1.2981423249017414e-06,12.057827949523926,1.5145004908845294e-05
871,0.8942544998657744,0.045829787227853004,2.2129023665861793,49990.97642138672,1.3354501159406345e-06,49.924922943115234,6.16086763329804e-05
872,0.9111057743013288,0.01770137849546274,0.8547153441864725,51945.25172509766,1.308663597700056e-06,15.850325584411621,2.0391264115460217e-05
873,0.9244861081205498,-0.00964382005766898,-0.46565418517974433,39929.37711767578,1.4821708249220951e-06,11.199209213256836,1.3647133528138511e-05
874,0.9627630864160326,-0.0032618824831662833,-0.15750078503829054,36385.47464501953,1.5673489027326161e-06,4.844115257263184,6.516165285574971e-06
875,0.713112570991815,-0.006736622322679725,-0.32527943903687234,32970.73241845703,1.6236078900338687e-06,3.278231382369995,6.104362455516821e-06
876,0.7146296647127794,0.012129603808102681,0.5856808551009413,23758.08634375,1.8992272018989275e-06,4.693978786468506,1.1462056136224419e-05
877,0.8197827261040405,-0.015440760074746126,-0.7455608366981239,27993.71657055664,1.7550710093352303e-06,9.778053283691406,1.5235398677759804e-05
878,0.995798700918043,-0.0018535619042872318,-0.08949968508949052,41793.557244140626,1.442551707933625e-06,11.184926986694336,1.3536319784179796e-05
879,0.7317368757324787,-0.03056161927221736,-1.4756751821246419,41027.56813867187,1.4804702451818739e-06,8.116476058959961,2.7927289920626208e-05
880,0.3755840000220885,0.03552946375914356,1.7155487553379576,36510.47824560547,1.5580191502738751e-06,15.98388957977295,2.6960189643432386e-05
881,0.7970047480564132,-0.01850593534006804,-0.8935635661218811,56248.10679882813,1.2487084970631105e-06,18.58601188659668,2.2946498575038277e-05
882,0.549620554985705,0.07869487023632026,3.7998008526277745,64345.74839404297,1.167990437581836e-06,38.94834899902344,4.8879319365369156e-05
883,0.8578008452460143,0.009427189710668221,0.45519413645272294,38847.21418701172,1.4922639445064547e-06,5.916236877441406,9.603164471627679e-06
884,0.9411715937048507,-0.005262615733345578,-0.2541066741779777,32581.589052734376,1.6397917857171922e-06,5.68731164932251,7.934884706628509e-06
885,0.8961684862067629,0.014272438501752839,0.6891481468255586,29876.240872314454,1.7076865360987366e-06,10.89228630065918,2.0120327462791465e-05
886,0.6514372007222198,-0.02160260330146982,-1.0430869279967299,25745.02376953125,1.8307683660940579e-06,5.132261276245117,1.8551443645264953e-05
887,0.6132211655040003,-0.009792793906347247,-0.472847423513158,22801.84431640625,1.93980396073872e-06,3.851820230484009,9.735283128975425e-06
888,0.8487426582072629,0.006469184345544148,0.3123661315939204,25903.118172851562,1.822863861108927e-06,3.5762722492218018,8.485255420964677e-06
889,0.4193135443885963,0.019690881102845552,0.9507789590210434,41049.42864550781,1.4578267837840197e-06,6.511580944061279,1.538379910925869e-05
890,0.9768001339814348,-0.003341560140594131,-0.1613480400082846,63815.114283203126,1.1845026402953707e-06,8.981738090515137,9.318498086940963e-06
891,0.9257460410814888,-0.005474675667872363,-0.26434603943270524,43310.224947265626,1.4415970380509318e-06,11.474305152893066,1.4264610399550293e-05
892,0.9563950423924693,-0.011446616943959596,-0.5527026690907091,47937.76848583984,1.3704983810080826e-06,25.848472595214844,2.8773412850569002e-05
893,0.5496184852556075,0.0928852284753524,4.48498573410537,42303.478559570314,1.4380673235875095e-06,46.98664474487305,9.848367335507646e-05
894,0.9431986214982881,-0.007618031236200963,-0.36783848171721684,43908.92709960938,1.4048444910806136e-06,12.779932975769043,1.7804657545639202e-05
895,0.5821545887804281,-0.036645560144369184,-1.769439739381258,38682.62575976562,1.4972770006102648e-06,10.579941749572754,2.566437797213439e-05
896,0.9785822957739074,0.01960772727891942,0.9467638565104867,31356.196619628907,1.6574135926942578e-06,38.61296844482422,6.033063982613385e-05
897,0.6218418592095891,-0.01909938245656435,-0.9222183037493842,23103.684227783204,1.936816130309275e-06,8.42891788482666,1.8026148609351367e-05
898,0.9918735794038195,-0.0018876022821914793,-0.09114333297398292,29685.192892333984,1.6962346894723995e-06,7.307971000671387,1.0594862942525651e-05
899,0.9476152912503806,0.0029084906538114938,0.14043717504107547,23195.231708496092,1.934221482311901e-06,3.125185251235962,5.503320153366076e-06
900,0.9688228170456555,-0.003219690822787009,-0.1554635505069735,32771.918884765626,1.6223550868151375e-06,5.042783260345459,7.068063496262766e-06
901,0.8319640383131949,-0.008578369637707407,-0.4142086538249688,36176.231029296876,1.5684411026988182e-06,7.560507297515869,1.1093997272837441e-05
902,0.9837496650796774,-0.004308108032186521,-0.20801803884746278,45564.47670849609,1.406938934258341e-06,13.172215461730957,1.746862290019635e-05
903,0.9066608802496169,0.008625288909704432,0.4164741622272774,36366.355688476564,1.565230483629606e-06,9.702474594116211,1.5913998140604235e-05
904,0.7982621608632794,0.09600301660157078,4.63552888824923,51997.85618408203,1.30827556059898e-06,71.77200317382812,0.00011846882989630103
905,0.6804891924937485,-0.0629533158457216,-3.039716089599894,45672.24849169922,1.3821606485897607e-06,49.51768112182617,5.197736754780635e-05
906,0.9954698380833987,0.013008586927904037,0.6281227677445067,53452.2560336914,1.2747415857416515e-06,84.48912048339844,8.752373832976446e-05
907,0.8469663600164571,0.020270397484504585,0.9787610477458486,33664.27809350586,1.5972475082062003e-06,13.021504402160645,2.384626895945985e-05
908,0.963894702114418,0.0071042412904856215,0.34303000985700544,23054.129399658203,1.931094744289087e-06,8.836406707763672,1.6363048416678794e-05
909,0.8912071728512576,-0.018659905733037527,-0.9009980638055034,21324.170041015626,1.986690953417266e-06,12.783952713012695,2.519704503356479e-05
910,0.9895343393898618,-0.006324861451917721,-0.30539746575066323,19276.345283447266,2.0940407743565747e-06,15.405640602111816,2.7747086278395727e-05
911,0.9933355411769859,0.004678509670623387,0.22590297159238698,28117.718088867186,1.748895860692703e-06,15.773621559143066,2.4510436560376547e-05
912,0.7783652955487229,-0.0264023089922828,-1.2748418787520355,34283.891039550785,1.5885955601281191e-06,17.165674209594727,2.7775526177720167e-05
913,0.9985778833363375,-0.0012976685135846057,-0.06265823819951148,42521.514022460935,1.4447292551177766e-06,16.559371948242188,2.1380365069489926e-05
914,0.8281396196005214,-0.028069772294211134,-1.355355747792873,53125.09228125,1.2949921448113318e-06,22.247407913208008,3.412252408452332e-05
915,0.4878420766868767,0.06348194856713837,3.0652412484766325,46041.11888476562,1.3857366074706535e-06,37.54787826538086,6.374248187057674e-05
916,0.99820735072246,0.002562603822954196,0.12373594571243637,57076.86161230469,1.245273631917636e-06,61.554298400878906,6.40713406028226e-05
917,0.1825396350164447,0.09601274118932036,4.635998442321958,48446.13949316406,1.3445068833038539e-06,36.87815475463867,8.134738891385496e-05
918,0.41049652938228653,0.023550765764876587,1.1371544239755709,52975.06332714844,1.2789079515531628e-06,5.221369743347168,1.5025672837509774e-05
919,0.8744239941958917,0.01500730860276567,0.724631527483202,41098.666695800785,1.4706321879111895e-06,10.484272003173828,1.6374115148209967e-05
920,0.5681748204769141,0.01811122646740431,0.8745049526902373,26022.019134521484,1.8428934285025921e-06,2.9836041927337646,1.4686828762933146e-05
921,0.9967057041494197,0.0012210285633878345,0.05895765965826071,29058.881779296877,1.724056118608418e-06,8.623456954956055,1.2871190847363323e-05
922,0.9942826057343104,0.0035815074210991983,0.17293395251199525,37557.39747998047,1.5182680170501978e-06,16.944568634033203,2.3496791982324794e-05
923,0.9975521422122859,-0.0014278659812186846,-0.06894485443053514,50065.97882958985,1.334564160918861e-06,13.415013313293457,1.5805760995135643e-05
924,0.9982679557143257,0.0007607809424918761,0.03673449190858932,56999.5989375,1.2425518284570538e-06,19.861684799194336,2.1247218683129176e-05
925,0.5245746098869674,-0.06854477757968218,-3.309701172494574,29962.328789550782,1.7073250478122077e-06,28.520334243774414,7.437141903210431e-05
926,0.47475659062886016,-0.10938481816244092,-5.2816724148602185,77229.71292773438,1.0695536628671495e-06,47.595359802246094,6.93841211614199e-05
927,0.9929962719695922,-0.012037550002540406,-0.5812360148233888,53249.75567675781,1.290567904770208e-06,41.93122863769531,4.536524284048937e-05
928,0.9995362932942689,0.007897913283284534,0.38135265408893154,35964.53554931641,1.5678449426944686e-06,104.88692474365234,0.00013387315266299993
929,0.738237633489148,0.05346297641072248,2.5814727534263358,31138.944658447264,1.66824730517776e-06,14.681574821472168,4.752883251057938e-05
930,0.8165214086322146,0.010762630355485626,0.519676211149238,22461.43457763672,1.969068118757549e-06,6.207945823669434,1.4102454770181794e-05
931,0.9768987547337757,-0.013395634295110934,-0.6468114435311696,20987.720076660156,2.027257016268934e-06,28.43855857849121,5.206973946769722e-05
932,0.9199073955476016,0.024768282577598694,1.1959425179031329,28852.90416894531,1.7295686583253538e-06,28.85093116760254,4.620392792276107e-05
933,0.698369740603587,0.013608927866518008,0.657110375241188,48941.982288085936,1.3390549284668841e-06,9.572930335998535,1.3436942936095875e-05
934,0.7757494284994124,-0.025571499483771947,-1.2347260405871001,45877.19138916016,1.3759298275842894e-06,17.087703704833984,2.6878697099164128e-05
935,0.995291032730065,-0.003748992949523991,-0.18102103178158677,62023.2854609375,1.1947945132016325e-06,25.844154357910156,2.771758045128081e-05
936,0.9575071023656359,-0.010513053647134719,-0.5076253393917785,48114.59977197266,1.3541522007151784e-06,21.174341201782227,2.8504668080131523e-05
937,0.9965142420946301,-0.002434339298660962,-0.11754266211837583,44828.75505859375,1.4102719140052281e-06,22.665260314941406,2.7036205210606568e-05
938,0.9872297483831755,0.008378485806214975,0.40455721465173405,56148.08063671875,1.249913043497172e-06,37.44950485229492,4.3631567677948624e-05
939,0.8706493834398695,0.03390186127854051,1.6369595757006785,54203.61966894531,1.264996781085e-06,56.24620819091797,7.350419036811218e-05
940,0.577478708172795,-0.02640302572755264,-1.2748764864879814,46136.703741210935,1.3816523502869292e-06,25.51524543762207,4.254706436768174e-05
941,0.35690572984742974,0.03244065841079148,1.5664050416368769,44307.56961669922,1.4139266675356441e-06,6.655555725097656,2.8787602786906064e-05
942,0.9459443796840803,-0.023637765562225528,-1.1413552302435297,24456.531360839843,1.87824569092038e-06,31.693864822387695,5.9189122112002224e-05
943,0.9275568708607217,0.008335719638291012,0.4024922398845973,25538.44564453125,1.8304859230163297e-06,11.939058303833008,2.260099608974997e-05
944,0.9815513241010855,0.0047492166591483614,0.22931707564360557,39322.628434082035,1.4699736651248816e-06,13.556139945983887,1.9156543203280307e-05
945,0.8677184632694761,-0.019423897232739257,-0.9378875782458891,75025.25415136719,1.0867131429096636e-06,31.64163589477539,3.212324372725561e-05
946,0.9730105428874382,0.007416341905105427,0.3580998635587357,38888.273865234376,1.5005386734055827e-06,20.335952758789062,3.0318909921334125e-05
947,0.6527941785653504,-0.02469359242076549,-1.19233608560627,37452.381406738285,1.5273065895304496e-06,20.549713134765625,3.2566109439358115e-05
948,0.8989090855186697,0.014857485607394982,0.7173972878962609,55335.94371142578,1.2646926149310428e-06,16.955936431884766,2.1958083380013704e-05
949,0.9557121808682411,0.007835674514791295,0.37834744009115867,50644.59962744141,1.3200795312643042e-06,10.606650352478027,1.0118198588315863e-05
950,0.8043594604795077,0.013119541696878845,0.6334802456142522,34479.181403076174,1.5854114570229422e-06,7.350912094116211,1.2412038813636173e-05
951,0.728808737382145,0.019127115007432815,0.9235573766790312,27269.63686279297,1.7847541958418618e-06,7.108707904815674,1.814713323256001e-05
952,0.7915133803556027,-0.019286792484728168,-0.9312674423103777,31043.292233154298,1.6774436401843283e-06,12.948946952819824,2.018212035181932e-05
953,0.9911329499118029,0.002254338497074607,0.10885127985562394,43386.3281328125,1.407724865444975e-06,19.690692901611328,2.6129264369956218e-05
954,0.8898266459649928,-0.010080810553952112,-0.48675437703952473,47588.22827050781,1.350447932488565e-06,16.771419525146484,2.238761771877762e-05
955,0.784024729457357,-0.0241845703324009,-1.1677578308920071,58773.285944335934,1.212535285207437e-06,23.23170280456543,3.329093669890426e-05
956,0.9901613413613392,-0.010603275200918777,-0.5119817089488357,39582.117869140624,1.5104474175525509e-06,36.917903900146484,5.0094884500140324e-05
957,0.9756543877948747,0.014013881629911257,0.676663665700854,54669.51035351562,1.2869414029026597e-06,39.806007385253906,4.91659993713256e-05
958,0.7278449013074112,0.03078672197429106,1.486544320566574,46840.94658837891,1.3674826068128683e-06,8.825860023498535,2.096561911457684e-05
959,0.8610108224134684,0.02249221139472403,1.0860418700545895,35437.859173828125,1.556469316962295e-06,8.538804054260254,2.05091910174815e-05
960,0.7788251663177558,0.013103838578406496,0.6327220167388382,28942.281916015625,1.7361210228590121e-06,3.5846428871154785,1.1789627933467273e-05
961,0.8540717474718881,0.006102493374446501,0.2946603693194098,28618.45922558594,1.7272000093818184e-06,3.9614450931549072,7.189283678599168e-06
962,0.9982355860985879,-0.0005303569260533382,-0.02560841251485305,26240.853849121093,1.8047205629945036e-06,4.720223426818848,7.3920937211369164e-06
963,0.8523056560530206,-0.011226241923388463,-0.5420618078941736,42037.31519628906,1.452799865126052e-06,12.181992530822754,1.4131796888250392e-05
964,0.9980559634792567,-0.0005124160744684478,-0.024742134154593785,50095.025266601566,1.3480373337972146e-06,23.317319869995117,2.407741703791544e-05
965,0.9922124773754863,0.0032015722030915373,0.15458868857047692,27077.05903125,1.8119572627741252e-06,19.112564086914062,3.041278432647232e-05
966,0.9885792517646916,-0.017205518670676524,-0.8307726325542104,35218.79867285156,1.5610822587088317e-06,71.42672729492188,8.518654067302123e-05
967,0.9974135113279702,0.0014520081143195255,0.07011056316943194,51697.219764648435,1.3017484835553391e-06,16.46161651611328,1.8868304323405027e-05
968,0.840927738142506,0.024740427979206607,1.1945975518792742,34870.3357734375,1.5904716574892785e-06,7.759542942047119,2.2782729502068833e-05
969,0.7761798983661713,0.01665782935429403,0.804327321378072,33661.650085693356,1.5960498157397272e-06,8.043930053710938,1.2429199159669224e-05
970,0.5020509548342611,0.021282716170285924,1.0276411004584538,22948.029389160158,1.9359904519361454e-06,6.278426647186279,1.7492067854618654e-05
971,0.9359914108579716,-0.01315114704548263,-0.6350063175197224,19952.92841381836,2.0595504839815797e-06,10.242640495300293,2.4358096197829582e-05
972,0.9320478544564694,-0.005850631646276283,-0.282499164827026,22651.55201147461,1.9361504161731694e-06,5.092926025390625,8.868816621543374e-06
973,0.9662445025302522,0.00288232991588854,0.13917399747986342,34702.54224462891,1.586033227347167e-06,4.614887714385986,6.448691692639841e-06
974,0.6155814927417557,0.013542813287703322,0.6539180168041419,42659.560310546876,1.4376691140765063e-06,3.410306215286255,1.0883363756875042e-05
975,0.7702716242647325,0.023327462756653594,1.1263721841867254,53522.239526367186,1.2985135633254405e-06,9.6594877243042,1.9421582692302763e-05
976,0.8043782942541569,-0.03821216620923963,-1.8450836923244465,51579.76764306641,1.3070625441863337e-06,7.487331390380859,3.143971844110638e-05
977,0.8604278033685822,0.014789836114365521,0.7141308157549227,46211.39061669922,1.3903077512880087e-06,13.064111709594727,2.0009099898743443e-05
978,0.9706952109126059,0.03149534276745332,1.5207602470426176,50084.67374023437,1.3188083721151923e-06,107.91622924804688,0.00011501722474349663
979,0.887955519886137,-0.026095412124689334,-1.2600232892347194,44003.95700390625,1.4031653344968187e-06,23.720491409301758,3.2725311029935256e-05
980,0.8711593489036532,0.048112910949228926,2.3231435479628897,31938.077072509765,1.6723693998688342e-06,40.292293548583984,5.881848846911453e-05
981,0.6160603767163725,-0.025020081627267265,-1.2081006959488976,25158.866439208985,1.8515025494265135e-06,8.942747116088867,1.814054121496156e-05
982,0.8085072082632833,-0.00876963523091468,-0.4234439592770886,21675.841748046874,1.997051783773535e-06,5.047815322875977,9.255902114091441e-06
983,0.699879926617725,0.012339500004529552,0.5958157437379143,19545.55277294922,2.099866745558284e-06,3.1192290782928467,1.1692457519529853e-05
984,0.8265729604074604,0.009830776466623434,0.47468142062744295,18769.39233105469,2.1281464841508723e-06,4.491650581359863,1.17245435831137e-05
985,0.7163298498811127,-0.008790128012232584,-0.42443345818204453,21466.217584228514,2.0270666720234665e-06,3.9114327430725098,9.227637747244444e-06
986,0.9283339457753802,-0.004648980014115331,-0.22447712498205316,26934.21020703125,1.7986286901714644e-06,4.6662397384643555,7.191221357061295e-06
987,0.21062135774413743,-0.04553395891184741,-2.1986182247607475,36211.58611914062,1.5775502768191581e-06,7.3046112060546875,2.4570728783146478e-05
988,0.9312941020071606,0.0044248999950848855,0.2136573670383421,45796.70312304688,1.398207585484535e-06,5.279162406921387,6.6070347202185076e-06
989,-0.0740501456022968,-0.012229592298324167,-0.5905088235473678,49479.3003413086,1.334526629143925e-06,3.757596731185913,1.0592601029202342e-05
990,0.9830868348283581,-0.01591590229812744,-0.7685031939331259,40501.812055664064,1.45131386033823e-06,62.31785583496094,8.729233377380297e-05
991,0.728493200501962,0.02487222385954272,1.2009613478544132,43052.47410644531,1.4283781474077602e-06,31.574827194213867,5.7966502936324105e-05
992,0.5392948025968912,-0.010793623881485625,-0.5211727410522301,53813.573329101564,1.2634526939677378e-06,8.423114776611328,1.4954790458432399e-05
993,0.8138635612170507,0.010890310088522398,0.5258412579559674,39175.73936328125,1.4950053254698467e-06,6.816544532775879,1.6621292161289603e-05
994,0.5892631219643955,0.01252025901584356,0.6045437363408442,40113.24279394531,1.496512724712864e-06,6.072700500488281,1.3082014447718393e-05
995,0.8465713483768277,0.018924286855589174,0.9137637702851461,38296.731530273435,1.5090258797763966e-06,8.767724990844727,2.465215584379621e-05
996,0.7889176208293159,0.02090556189552001,1.0094301150343201,35838.33089746094,1.53959518472432e-06,9.829632759094238,3.5699053114512935e-05
997,0.9886461599245391,0.0033264770178652613,0.16061974777737628,45161.679970703124,1.3769910688776107e-06,17.087909698486328,2.431672692182474e-05
998,0.9530038554503418,0.01185210055637227,0.5722815434384955,72004.8693232422,1.1045911256891893e-06,39.078128814697266,4.5780900109093636e-05
999,0.605111754449152,-0.01736397266695878,-0.8384236221087711,64649.03532617188,1.1527913571806392e-06,17.496660232543945,2.8454438506742008e-05
