state_idx,cos_sim,mean_A,mean_g_norm_sq,v_unbiased_norm,v_intentional_norm
0,0.871214943766535,-0.019746541106204583,165073.21147851562,0.7043717503547668,4.428534793987637e-06
1,0.9831210982476223,-0.0066959686054557585,140358.38704101564,0.8267672061920166,5.989165401842911e-06
2,0.5233457894283035,0.11149699693343845,159303.23310742187,1.7137799263000488,1.7141785065177828e-05
3,0.9680653118015619,0.008683556109622532,184512.58532226563,1.0438158512115479,5.96325890001026e-06
4,0.6596987422502909,-0.055570198650241334,150862.688390625,1.0274176597595215,1.2209810847707558e-05
5,0.9870120697842101,0.005552743060646966,193457.53596289063,0.6881515979766846,3.7041049836261664e-06
6,0.9785720836957166,0.0066025566177780924,189966.72539453124,0.8791600465774536,4.961756985721877e-06
7,0.9955087590509761,0.001960971049343047,157732.3922626953,0.7699158787727356,5.190247975406237e-06
8,0.9584368895642238,0.006200892431503911,155264.79565527342,0.5417594313621521,3.5598773138190154e-06
9,0.7959160947186976,0.018017945003207296,200584.09312304689,0.5516497492790222,3.7307488582882797e-06
10,0.8894164932732175,0.017292424356925806,145568.45397460938,1.015531063079834,8.601334229751956e-06
11,0.972049082692489,0.00023857590526194406,172580.765984375,0.8355153799057007,4.9753762141335756e-06
12,0.9410497941917283,-0.02527702795042775,208067.04635546874,2.036733627319336,1.0044118425867055e-05
13,0.8640087803168995,-0.024910201844167416,180426.26459960936,0.8779943585395813,5.450009666674305e-06
14,0.920835844830815,0.01681122135640026,163921.57452734376,0.6308648586273193,3.978353561251424e-06
15,0.9923710282898154,0.002267350987518982,160127.2556455078,0.3466991186141968,2.1728540104959393e-06
16,0.9441799537821216,0.004830122060968295,154970.36450390625,0.2445269376039505,1.4580371043848572e-06
17,0.9868091408287955,-0.0020119461238975933,152502.01158007814,0.2592204809188843,1.6835524547786918e-06
18,0.9925372332907711,0.0002218070176526217,175957.31779296874,0.14437153935432434,7.957044090289855e-07
19,0.690097072442442,0.014403220717419283,171251.86126367186,0.23336166143417358,1.8032911839327426e-06
20,0.8484926074899624,-0.014679752503776303,188547.48443945314,0.3150833547115326,2.155835318262689e-06
21,0.9921476029311893,-2.3284953174584898e-05,202471.18656640625,0.5064809322357178,2.8413958261808148e-06
22,0.8573774725942716,0.02081780919785742,226548.11813867188,0.5177470445632935,3.0450798931269674e-06
23,0.9970493559911914,0.0025972602196447105,267143.8056660156,2.6822757720947266,8.999445526569616e-06
24,0.877555133596722,-0.030195444182093006,356972.99933984375,2.1139566898345947,6.3034440245246515e-06
25,0.8852534680139121,-0.05347629904726291,359722.42963671876,2.933345317840576,8.524784789187834e-06
26,0.9501378204332329,0.014910900628861913,274743.1342617188,3.4589338302612305,1.2191878340672702e-05
27,0.6719523194434277,-0.06865540614359258,135581.77216796874,1.0895971059799194,1.4767611901334021e-05
28,0.8033181599595349,-0.036369845121282225,158468.27817382812,0.760869562625885,6.4085757003340404e-06
29,0.8443793157589108,-0.024111978880444737,161741.9645654297,0.6474205255508423,4.926805559080094e-06
30,0.9358407836523859,-0.01846131450834225,151593.88308398437,0.6750538349151611,5.152840913069667e-06
31,0.9978054727411796,0.0021644445863787084,165523.17774804687,0.6085017919540405,3.7247129966999637e-06
32,0.9436737536180972,-0.03787659966192334,181931.54019335937,2.0582826137542725,1.1746394193323795e-05
33,0.8727760566372575,0.039212367637674744,189992.70560253906,1.7117339372634888,9.601219062460586e-06
34,0.9919522692483533,0.0029733283540172967,196591.15596875,0.7688379287719727,3.997781277575996e-06
35,0.9689224701186749,-0.011205311231971792,230578.69481640626,0.8840750455856323,4.1542743929312564e-06
36,0.7977455083972375,-0.02993699945256936,299389.47679492185,1.1356240510940552,4.152261226408882e-06
37,0.5923435583535744,0.05484458682996206,304625.96201953123,1.6650662422180176,6.787173788325163e-06
38,0.6951520961971241,-0.10174359918989918,326241.2650996094,3.6374802589416504,1.532978239993099e-05
39,0.7647445583944854,0.06749887490077208,295964.07312109374,2.1615045070648193,1.0715021744545083e-05
40,0.8148372862615536,-0.05108614052367102,202372.9955566406,1.0358449220657349,1.0338204447180033e-05
41,0.9744116608733716,-0.007176819496888786,176846.47208398438,0.6583400368690491,3.983438091381686e-06
42,0.9749782996754378,0.008714651923253722,187141.19478125,0.6536242961883545,3.451739303272916e-06
43,0.7885972730439023,0.03441212223350563,188249.90433398436,1.027949333190918,5.118508397572441e-06
44,0.8630563698873096,-0.03465172822130265,188029.14302539063,0.9344040751457214,5.690188118023798e-06
45,0.8883173049840325,0.020243360583821365,218449.0816074219,0.7744198441505432,4.075230208400171e-06
46,0.9927305986665317,-0.011745676819151942,221181.09333984376,1.7248456478118896,8.829510079522151e-06
47,0.6112960634956774,-0.0737741211314789,261761.87501757813,1.8565869331359863,1.0987030691467226e-05
48,0.9549638736641356,0.03052485694712337,238175.01629101564,2.13474702835083,1.2032821359753143e-05
49,0.8691733114393256,-0.04792148760861174,221950.34844140624,2.1171977519989014,1.1573860319913365e-05
50,0.3967715351939856,-0.09993240255142798,200320.69263964845,1.2574864625930786,1.5628920664312318e-05
51,0.9915874861191242,0.010004580929761595,200266.24983203126,2.9529547691345215,1.504423107689945e-05
52,0.9913808890070807,-0.046741377601435395,115972.80916503906,7.495023250579834,6.606905662920326e-05
53,0.8622155761758182,-0.07780499572924435,142649.04097265625,2.7752556800842285,2.458316885167733e-05
54,0.29065520489553365,0.1632090297787333,121557.68629492188,1.7722458839416504,2.4657387257320806e-05
55,0.5037460258665012,0.11460194942217186,162718.23353320314,1.7426302433013916,1.4353951883094851e-05
56,0.9246689353861854,0.018047259224652286,202202.45098046874,0.7354569435119629,4.312418695917586e-06
57,0.8374476268088354,-0.013006872160712103,225968.74179882812,0.37741219997406006,1.9631709164968925e-06
58,0.7909217267684537,-0.03770769428150386,264012.4141171875,0.9068522453308105,4.216057277517393e-06
59,0.9218720907234452,-0.019880580161750795,235104.24746484376,0.8961274027824402,4.219734364596661e-06
60,0.9695849603867831,0.010504474725028703,296596.97230664064,0.8205839991569519,3.1909798963170033e-06
61,0.9070433555062812,-0.022283906412238805,340891.18203515623,1.3163785934448242,4.957913915859535e-06
62,0.9795543453232995,0.01805371685712522,307085.04978125,2.5602922439575195,1.0207128070760518e-05
63,0.9681736813978468,-0.012865799562691717,200827.90810351563,1.1260887384414673,6.564503564732149e-06
64,0.8197346312812489,0.0688438073442964,154253.58941796876,2.637397289276123,1.6988311472232454e-05
65,0.9933422565900395,0.00013178885242244665,139767.21412402345,0.3804406523704529,2.8873714654764626e-06
66,0.8728599527105769,-0.009342621827660312,127240.76945703125,0.23082904517650604,2.5154727154586e-06
67,0.9713248348028091,-0.005165258447901021,184659.1812265625,0.4533097743988037,2.4372795905946987e-06
68,0.9761111943730808,0.0024695306120389926,275571.1890039063,0.32933518290519714,1.330885993411357e-06
69,0.4913043337335216,0.026404790781680936,254927.24924609374,0.5477128028869629,4.748045739688678e-06
70,0.8672513795195974,0.02342403604265927,183885.29251953124,1.6730097532272339,9.796565791475587e-06
71,0.7403891089634462,0.0237829462480582,235960.329453125,0.9178760051727295,4.537137101578992e-06
72,0.8787603813680813,0.012149914944881357,151329.75734960937,0.5520796179771423,3.6864119010715513e-06
73,0.8865029584471604,0.010134142688186524,146795.26916796874,0.33307549357414246,2.51554206442961e-06
74,0.9382957725278454,0.005503658744789718,147676.47144140626,0.26519715785980225,1.9166288893757155e-06
75,0.9895592823550207,0.0021761785035967975,171097.41904785155,0.23168006539344788,1.3501121429726481e-06
76,0.8683062314370752,0.010714042424897144,190100.99536523438,0.2347646802663803,1.603231112312642e-06
77,0.9649442393960462,-0.00246320820991347,242259.04437304687,0.15835478901863098,6.596957859983377e-07
78,0.9664223036015132,0.0030547767255187292,339636.83022265625,0.29213693737983704,8.994911127047089e-07
79,0.8901850850192495,-0.012716189408110413,201604.82134179687,0.8158872723579407,4.139849352213787e-06
80,0.9218035561129834,-0.02480024610564871,204941.06865625,1.6896615028381348,9.385576959175523e-06
81,0.9375768745706285,-0.02682368442018717,206119.34069921874,1.5870397090911865,9.372356544190552e-06
82,0.942258898276213,-0.008601493427054834,160527.90655078125,0.6072912812232971,3.830507921520621e-06
83,0.978583894521882,-0.004661391340176291,155536.80002734374,0.3920646607875824,2.4628745904919924e-06
84,0.9551259503375104,-0.006556178287295335,144896.43329785156,0.3423822820186615,2.295235390192829e-06
85,0.9965698398956178,0.0010894354921240836,170401.7018984375,0.2615360915660858,1.5405080375785474e-06
86,0.9957280396414608,-0.001790136460352704,185314.86852148437,0.3168705701828003,1.6681544821040006e-06
87,0.729715796527681,-0.056453424791088766,255729.9507470703,1.4131317138671875,6.208936156326672e-06
88,0.9924774433886453,-0.0012465873162134122,272914.9802734375,0.5190708637237549,1.7899009208122152e-06
89,0.6766415784323853,-0.035638859446900796,164716.67941210937,1.307511568069458,1.1226888091186993e-05
90,0.9813521493121097,0.012614568900660574,235018.11883496094,3.6892611980438232,1.6263134966720827e-05
91,0.8203026105734794,0.02577987694083375,267447.3621347656,0.9552314281463623,3.497528723528376e-06
92,0.9836290382282664,-0.005936003439050999,167162.5788339844,0.5605289340019226,3.616918093030108e-06
93,0.9878390478018775,-0.00541399616407356,155728.77242382814,0.5602395534515381,3.88957823815872e-06
94,0.9951949499381667,-0.0001379191504382744,153449.09362695314,1.2337150573730469,7.518560778407846e-06
95,0.4804927769837983,-0.06197924165908364,170425.75611914063,0.7214975953102112,7.674109838262666e-06
96,0.9834471792100361,-0.003105770343878753,211154.26674023436,0.44832390546798706,1.9786023131018737e-06
97,0.9312618898657734,-0.008041887038873622,217231.61053320311,0.530004620552063,2.544772769397241e-06
98,0.6633248976353469,-0.01156906395264862,190676.8356328125,0.4171009063720703,3.2098118936119135e-06
99,0.941037686476247,0.013027476055362103,254911.00516796875,0.9600085020065308,3.965243649872718e-06
100,0.8006499839281783,0.05237804736062718,245548.88228125,2.5830044746398926,1.5721820091130212e-05
101,0.6767770407296855,0.020440476328346294,169435.37127734374,0.38557299971580505,3.411813850107137e-06
102,0.9961174536794793,0.0014639694682972398,158537.81535546875,0.3220524489879608,2.0134989426878747e-06
103,0.9647044531862399,-0.006988761443470187,181871.03554296875,0.4049455225467682,2.3684417556069093e-06
104,0.9751228349883917,-0.006548105118959203,161666.30127734374,0.42352908849716187,2.583476316431188e-06
105,0.9950464517909773,0.002325802262865848,194689.47487890624,0.3611326217651367,1.9052632751481724e-06
106,0.67493893742353,0.015322242672204766,230852.54541210938,0.2689870297908783,1.569848336657742e-06
107,0.9853905021577903,0.0029614910630831825,279635.05304101564,0.28800350427627563,1.0042922440334223e-06
108,0.9095083055301124,-0.01778412468450596,259774.25368359376,1.0120867490768433,4.902594355371548e-06
109,0.9110374913119371,-0.06829255753648858,240039.1378613281,5.567213535308838,2.3037189748720266e-05
110,0.9696519846090244,-0.03307204325590905,237358.6416933594,3.5187721252441406,1.2978138329344802e-05
111,0.8197864099469261,-0.01824621331179447,222411.7648515625,0.44334274530410767,3.00145393339335e-06
112,0.9979062093376533,-0.000644481211773821,143068.64926171876,0.2917948067188263,2.0885602225462208e-06
113,0.9968086521546315,-0.0014105648316604,144296.852515625,0.2905845642089844,1.9624558262876235e-06
114,0.946783821365607,-0.00904778835719738,153147.44163476562,0.37733539938926697,2.658402536326321e-06
115,0.9181947908870335,0.019418709364711562,168326.99177539063,0.5986273884773254,3.4873651202360634e-06
116,0.9986971788101611,0.001168339726844326,172333.46482714845,0.47884297370910645,2.8348279101919616e-06
117,0.8921307821014614,0.008261019594507668,198788.17775195313,0.3283061683177948,2.0564730220939964e-06
118,0.9036627225948337,0.013501815784445962,288274.05252539064,0.7653655409812927,2.5243430172849912e-06
119,0.39441069739195345,0.03704037565415352,184021.2988828125,0.8158004283905029,8.13085262052482e-06
120,0.9898616438693747,-0.008299797065487745,261996.32060742186,1.2349941730499268,5.505027274921304e-06
121,0.972250173143188,-0.02384766118706211,265904.17515429686,2.646144151687622,1.2277434507268481e-05
122,0.9180979106164345,0.006312101172480601,174600.4129375,0.3249475359916687,2.1423538782983087e-06
123,0.9728451820161662,-0.005460719320545535,152951.76446289063,0.35409218072891235,2.3605023216077825e-06
124,0.894475102951681,-0.010311017777128917,146515.285765625,0.29984375834465027,2.3318984858633485e-06
125,0.9559716276649555,0.00294585240061498,150099.86921875,0.18863366544246674,1.2059039136147476e-06
126,0.9146553171510521,0.011706444345044517,158308.51338183595,0.4762210547924042,3.0988694561528973e-06
127,0.9723650343548581,-0.005958299717766694,168940.35949609376,0.36183875799179077,2.2203021217137575e-06
128,0.9957213036329036,0.0006270649595203905,200308.05825390626,0.3772096037864685,1.8276327864441555e-06
129,0.9356399656334989,0.009704724432544623,264207.6231210937,0.45746365189552307,1.7152785858343123e-06
130,0.9960131112758249,-0.005179327939558554,380385.33245703124,2.0974314212799072,5.806829449284123e-06
131,0.78224544713511,-0.07469041177321746,242825.11771484374,1.6316758394241333,1.461437568650581e-05
132,0.9902375660872421,-0.007111272152669296,326911.66515429685,2.022526264190674,5.774496457888745e-06
133,0.9931030397333884,-0.0012050799313225809,235910.0452734375,1.6497048139572144,7.7669274105574e-06
134,0.9851047639000858,-0.008861080912930532,169961.29403320313,1.1464524269104004,6.99081920174649e-06
135,0.9132763475712466,-0.056285780877716615,130669.39717578125,2.5323877334594727,2.535603016440291e-05
136,0.7117809848618285,0.06497339989452797,127688.88862011718,1.2898787260055542,1.293193236051593e-05
137,0.8894974105999174,0.006937674320353884,153532.4518671875,0.20924457907676697,1.721539206300804e-06
138,0.9848753629923556,-0.0012261198245972654,214880.13523828125,0.16026711463928223,6.983254934311844e-07
139,0.8530023070195496,0.018476197448230883,270789.36065820314,0.5001254677772522,2.795920408971142e-06
140,0.9089113968131081,0.008857062872328306,318349.0994785156,0.6167202591896057,2.016068719967734e-06
141,0.9916766092123099,-0.002759179921847653,260240.899453125,0.9185683131217957,3.3630631151027046e-06
142,0.979582123107527,0.0041367055005459615,265497.49437890627,1.719949722290039,6.655603101535235e-06
143,0.9803483908722672,-0.04370954405926793,251544.1438984375,6.900675296783447,2.6228817660012282e-05
144,0.9450830818546786,0.02418288913386177,127490.15614648437,1.1670565605163574,1.0280742571922019e-05
145,0.997868453457283,0.001233267847013734,137855.32211132813,0.8339836001396179,5.997776497679297e-06
146,0.6497907545905053,-0.07390711492811981,140403.4822294922,0.9931005239486694,1.0333689715480432e-05
147,0.9576681068412246,0.012284508243728742,178025.93363378907,0.6460242867469788,4.103573246538872e-06
148,0.7536941278957365,0.04828927092135939,190533.71800195312,0.920188844203949,6.315208338492084e-06
149,0.94840536398897,-0.004979189022528853,183333.50132421876,0.24628818035125732,1.3921280697104521e-06
150,0.5045983939996533,-0.006310495715689583,204257.3621269531,0.08565832674503326,5.853518132425961e-07
151,0.9401820876078187,0.003590039414424555,231881.9437734375,0.15147654712200165,7.138513069548935e-07
152,0.8678137970830111,-0.01131265312178589,246744.2337109375,0.396386981010437,1.4914255643816432e-06
153,0.8860177738178134,-0.02168020289819566,262775.4374550781,0.7091518044471741,3.1632098398404196e-06
154,0.8854591825764937,-0.008027358996298991,277207.6995234375,0.3989983797073364,1.4980477089920896e-06
155,0.9653014927492648,-0.06769924292719434,288949.88971875,8.207406997680664,2.5875810024444945e-05
156,0.9821093051272921,-0.0298963393257131,192529.1998125,4.070688247680664,2.161501834052615e-05
157,0.9082288256121338,0.04434060893629334,145268.724921875,2.0217700004577637,1.374476505588973e-05
158,0.8793560949269227,0.01960209307709081,152589.51886132814,0.7678455710411072,5.323332061379915e-06
159,0.6169385018370417,-0.06508672231617713,159376.41509570312,1.0840721130371094,7.573600214527687e-06
160,0.9956871729090966,-0.003929332196227342,153848.14076757812,0.627214252948761,4.032434844702948e-06
161,0.9931894051123714,0.003929390305300144,173498.04530859375,0.4968070685863495,2.752865611910238e-06
162,0.9261199759108713,-0.0036670823782485483,199210.82834570314,0.1809697151184082,9.81466314442514e-07
163,0.7879015533008538,-0.012492159639381587,227230.27349609375,0.24478909373283386,1.3005758319195593e-06
164,0.9968616194074094,-0.0009766568671592322,247647.75292773437,1.4498827457427979,5.6551548368588556e-06
165,0.8935236182530641,0.010510707270578462,255637.8315966797,0.5400442481040955,2.811956392179127e-06
166,0.9615170225172369,-0.011090784984695396,193845.01858398438,1.6770826578140259,8.603636160842143e-06
167,0.9265186775374916,-0.019114308729753938,241431.33775,1.1744425296783447,5.517690624401439e-06
168,0.9907526349912578,0.0034424732621606106,183288.63923242188,0.7401204109191895,3.8815683183202054e-06
169,0.9894146086140345,-0.0036940551370524405,181260.959140625,0.45317086577415466,2.5723406906763557e-06
170,0.9246577016892417,-0.014728173246925083,177942.05566308595,0.5514450669288635,3.3758390145521844e-06
171,0.9006567512443765,0.015485034378038873,157601.53643945314,0.6745672225952148,4.11816154155531e-06
172,0.7500222846604964,0.025405765614488755,169778.69198046875,0.48395371437072754,4.0171239561459515e-06
173,0.7850142522681411,-0.02684553904073276,224947.716984375,0.7686244249343872,4.334770892455708e-06
174,0.8003143360846737,-0.05286316597060078,223555.35592578124,1.6929900646209717,1.0881109119509347e-05
175,0.6328284724582659,0.0632584155033823,153927.22591015624,1.5730286836624146,1.785889980965294e-05
176,0.9918477679482801,-0.004251486431797844,264392.8527949219,1.598440408706665,6.164015303511405e-06
177,0.8358986891651131,0.02021692728024597,202707.27553125,0.6469056010246277,4.308184543333482e-06
178,0.7337441199147618,-0.01508481716785794,191799.607203125,0.25876718759536743,1.9268829873908544e-06
179,0.991366092166447,-0.0027345558688010234,182575.45772167968,0.33692339062690735,1.8411669771012384e-06
180,0.9528674072349432,-0.005086968599264285,179934.78136914063,0.22441259026527405,1.4034932291906443e-06
181,0.9597235348803007,-0.005576932007894461,168514.82205273438,0.24482709169387817,1.5710788829892408e-06
182,0.9913535094751982,-0.003997432757505213,173488.38648632812,0.45302313566207886,2.8075132831872907e-06
183,0.859517012119181,0.030779283554933954,187962.31400390624,0.8141540884971619,5.169286851014476e-06
184,0.8091535566898775,0.012788674590325325,244379.08687695314,0.26271384954452515,1.50930168274499e-06
185,0.6882823587550941,-0.05916180320790237,308221.488375,1.3419986963272095,8.611437806393951e-06
186,0.9736620334223105,0.00856980419653221,188040.71855273438,1.5060200691223145,7.14745556251728e-06
187,0.911809434224536,-0.03552284523501322,209274.819296875,3.2276909351348877,1.637538844079245e-05
188,0.9895030884365886,0.008391019501959869,239420.9526738281,1.6589661836624146,8.310177690873388e-06
189,0.85791880655667,0.015262734465012234,180650.69685742186,0.5793276429176331,3.203052528988337e-06
190,0.9610708467275053,0.007101543371575587,181000.65409375,0.4467224180698395,2.5223291686415905e-06
191,0.9285431275016927,0.009612105228065744,173931.28741796876,0.47400540113449097,2.678545115486486e-06
192,0.9898866255752486,-0.0025639784165410614,165651.24240820314,0.32032421231269836,1.9690014596562833e-06
193,0.8159324783991403,0.013070180263254476,200803.71959375,0.29380884766578674,1.6384414038839168e-06
194,0.7951222058448573,0.006071453872461913,259553.6125078125,0.13659611344337463,6.581272486982925e-07
195,0.859118953988429,0.019004720223274676,314997.08429296874,0.6987016797065735,2.638271325849928e-06
196,0.8811942836938115,-0.031101105096238067,195342.2145917969,1.9132483005523682,1.238991262653144e-05
197,0.9761983405603921,0.018746414043126422,165766.25511328125,1.8376444578170776,1.3760530237050261e-05
198,0.8567154094110245,-0.046460951608896794,214525.58907421876,1.659819483757019,8.984048690763302e-06
199,0.9933034126784969,0.000199665294116512,144421.40930664062,0.4567609429359436,2.857024810509756e-06
200,0.9965584058810679,0.0001114881907191072,147347.1636953125,0.2261282205581665,1.6022197542042704e-06
201,0.8834231200602906,-0.018350483136531637,146881.70292773438,0.36175858974456787,3.6210083180776564e-06
202,0.9954288282798067,0.0005708288244882547,147560.58799414063,0.19116900861263275,1.2490858125602244e-06
203,0.9077712165357359,-0.01300150108223846,157976.04074023437,0.43630537390708923,2.6825487111636903e-06
204,0.9056180091603909,-0.013780788981484953,165648.78907617187,0.4051530659198761,2.784162234092946e-06
205,0.9721744699687644,-0.010461877468845415,177970.3804580078,0.6604103446006775,4.059010279888753e-06
206,0.9577226884669217,-0.03204963662774216,215103.53520507814,1.674799919128418,9.162714377453085e-06
207,0.6602103812519468,-0.1016040573449941,260386.70810351562,1.9999773502349854,9.778131243365351e-06
208,0.9933038896212277,0.009009665441385553,283112.66765234375,1.7828843593597412,7.189229563664412e-06
209,0.8043246571624207,0.05572213486727913,288276.4721523438,2.1036012172698975,1.1034406270482577e-05
210,0.9594751265912873,-0.013051513126548578,275991.31673242187,2.6698079109191895,1.0445206498843618e-05
211,0.6958563429037745,-0.05337185219720162,251924.5646875,2.225322723388672,1.1259337043156847e-05
212,0.9348606999590411,-0.022039090730164784,229920.16604101562,1.4056675434112549,7.78651792643359e-06
213,0.9946940240759248,0.0019978590456264382,165883.327265625,1.1677578687667847,7.549632300651865e-06
214,0.9241523450520458,0.037472841406642574,174871.34358203126,2.5861332416534424,1.4760195881535765e-05
215,0.967239493029552,-0.07941620555036201,126766.13208984376,6.367217063903809,5.3146930440561846e-05
216,0.8919393442494649,0.04421005981768,157945.62467382813,1.866278052330017,1.3887914064980578e-05
217,0.44874319602817225,0.08022749481800477,193586.18595703124,1.2924597263336182,9.905215847538784e-06
218,0.9143677441167478,-0.008516463960053379,251517.10984179686,0.33500051498413086,1.4981682170400745e-06
219,0.8668895662681902,-0.025736265263780166,290796.77074609377,0.7118826508522034,3.35782056026801e-06
220,0.8168602182837378,-0.04139425252839361,278005.5409941406,1.3582651615142822,6.330229098239215e-06
221,0.658887411508196,-0.04843055789209106,230601.05147460938,1.4625576734542847,8.0208574217977e-06
222,0.8231020719934609,-0.03454356157958611,298355.2857265625,1.2553974390029907,4.8864662858250085e-06
223,0.48619105896653675,0.09333356489996601,254105.9797421875,1.8519232273101807,1.0323126844014041e-05
224,0.8902404552324897,-0.02551833946623552,191665.62323046874,1.3225010633468628,8.311388228321448e-06
225,0.6029239873874292,0.03796781915581531,140863.94545117186,0.9578700065612793,8.307643838634249e-06
226,0.9802518791938288,0.0020591543366894442,147790.859203125,0.3273698389530182,2.346881728954031e-06
227,0.9969922085441216,-0.0007609818422533303,144626.04293017578,0.5058408975601196,3.7043344036646886e-06
228,0.969508911884256,0.00936197123838906,224493.7255390625,0.6913531422615051,3.5855950955010485e-06
229,0.9182341714356261,0.016406015458589628,345580.44719921873,0.8436955809593201,2.7322903406457044e-06
230,0.6730583920860626,0.026190701442266793,200623.7148984375,1.1409105062484741,7.470051059499383e-06
231,0.8427398092995233,0.060293696512331255,201459.21934570314,2.9007809162139893,1.8614086002344266e-05
232,0.9151138702792487,0.006200804673164386,222692.936921875,0.2766733765602112,1.3981866686663125e-06
233,0.6646610025866501,-0.014899375634626448,133940.3963359375,0.25022512674331665,2.2698604880133644e-06
234,0.9183009272408307,0.004376232208369062,143578.4320644531,0.19537074863910675,1.3342696547624655e-06
235,0.9512762726038871,-0.005143152083287264,148861.59220996095,0.2697455585002899,1.8178092204834684e-06
236,0.9905571326816377,0.0022477915264546462,170620.7459863281,0.2277468591928482,1.4586986480935593e-06
237,0.9944428370746909,-0.0011213079819859227,176443.33309375,0.20338064432144165,1.1980127965216525e-06
238,0.7950462059541766,0.01146916749756965,187857.70833007814,0.25456321239471436,1.445423549739644e-06
239,0.9509368450999353,0.005895789868632434,225149.78663476562,0.2930178642272949,1.4612517134082736e-06
240,0.9926882902690405,0.0024750648756364036,284467.42817285156,0.4652821719646454,1.6188514564419165e-06
241,0.9334690506377333,0.004744774724584113,294722.586234375,0.3146034777164459,1.1886000947924913e-06
242,0.9741975548447372,0.0020559532747314326,222277.5901953125,1.1047393083572388,4.564400569506688e-06
243,0.82418404233314,0.023005578810182142,196017.22300585939,0.8835123777389526,5.737869742006296e-06
244,0.7564481759227089,0.010975364657902276,144199.68922851564,0.20316635072231293,2.575868620624533e-06
245,0.9423788529191619,0.005057094231558122,144563.56802929688,0.29566851258277893,2.1015350739617134e-06
246,0.997195774795904,-0.000978638829449839,155907.40362304688,0.21885736286640167,1.5020589216874214e-06
247,0.9710209646251631,0.004407722852275542,169510.49797265625,0.2141648232936859,1.4939975017114193e-06
248,0.8711232214784858,0.008074464763895083,190225.68231640625,0.2253337949514389,1.7816128092817962e-06
249,0.7280655466112294,0.006377218291116812,240151.42732617186,0.10096260905265808,6.169927928567631e-07
250,0.6827961278300778,0.0056674431133190845,313444.3634414062,0.09986841678619385,4.6328960934260977e-07
251,0.8629918810218941,-0.02564076552635468,209727.98428710937,1.1709983348846436,6.975052201596554e-06
252,0.8354761790425524,0.020786960333662164,180061.90347070314,0.6196581721305847,5.740242158935871e-06
253,0.912442340898738,-0.031435004234718296,267837.308328125,1.3751955032348633,6.544504685734864e-06
254,0.985852487410495,0.002759481618688224,146211.20983398438,0.4082244336605072,2.5430088044231525e-06
255,0.7967391407460443,0.007401867415113255,139300.52123535157,0.1911974400281906,1.678936428106681e-06
256,0.9866067167765445,-0.001803471748673362,142650.36277441407,0.27571192383766174,1.7079071312764427e-06
257,0.8328044581614488,-0.018574486583290757,170357.81613476563,0.4889436662197113,3.3248011277464684e-06
258,0.8137994448026876,0.032416905950777675,206284.67841015625,0.8349699974060059,5.019149739382556e-06
259,0.9699453140555442,0.004618226158833566,225151.10821875,0.24543653428554535,1.1848893564092577e-06
260,0.7646624409559933,0.01611298874107453,254152.25454101563,0.2786256968975067,1.56204339418764e-06
261,0.8435468863883037,-0.004084058239758445,299522.2286484375,0.13551953434944153,4.6694745492459333e-07
262,0.7383503406125844,-0.011587312137686457,309723.11350976565,0.4995983839035034,1.785126642062096e-06
263,0.9891044327066312,0.005318319632541614,224664.8184140625,1.4508490562438965,8.073962817434222e-06
264,0.7985091175185164,-0.031033135422183476,255508.4375917969,1.1907033920288086,5.558236352953827e-06
265,0.5653372061824198,0.025693576991397085,146976.00044140624,0.5413292050361633,5.108511686557904e-06
266,0.8086796254087786,-0.04353626458334673,158255.50058398437,1.014000415802002,8.661178981128614e-06
267,0.8737921006548617,-0.013746925554390216,158625.0195048828,0.3882964253425598,3.151033752146759e-06
268,0.9484538545026561,0.007840124863593523,154065.6181796875,0.38159406185150146,2.631397364893928e-06
269,0.9982345742891906,-0.00019639627553715488,210753.501171875,0.38476333022117615,1.7522773987366236e-06
270,0.9919629756947042,-0.002624300253701012,252948.13200390624,0.36122047901153564,1.350224920315668e-06
271,0.8270342937011678,0.009347527567811868,299950.74440625,0.29006510972976685,1.2191752603030181e-06
272,0.9889632852830423,0.0072298057213162695,192572.7393378906,1.150400161743164,6.592772933800006e-06
273,0.9532541467478289,0.026274653612669403,258471.04494921875,2.7910385131835938,8.193207577278372e-06
274,0.839203374097421,0.021247815047528987,243667.4898808594,1.1515870094299316,4.12945246353047e-06
275,0.8268889763399273,0.008648267435639737,154935.61568164063,0.21768176555633545,1.9486117253109114e-06
276,0.9723401085061716,-0.004172101727135569,162809.76835742188,0.2509429454803467,1.677731688687345e-06
277,0.9958912499095965,0.001455858300438381,160256.43899023437,0.27215835452079773,1.700661869108444e-06
278,0.8113565580323557,0.014018532940629665,156891.64820703125,0.26348620653152466,2.1132073015905917e-06
279,0.834483328709454,-0.011482686115603477,181918.0516455078,0.23926223814487457,1.6803105609142222e-06
280,0.9954079826722941,0.0011731326983179758,174217.84243066405,0.2746095061302185,1.607962985872291e-06
281,0.892534694900976,0.0028308694901603808,185524.64777539062,0.08123347908258438,4.956646648679452e-07
282,0.9801497013392694,-0.0005925851032098612,189606.07969921874,0.06688456237316132,2.8746811153723684e-07
283,0.8023457199946601,0.018736028604310454,237937.78873046875,0.3654952049255371,2.109791921611759e-06
284,0.8657893151324804,0.014687869429095723,330376.8834921875,0.6025158166885376,1.7402310277248034e-06
285,0.9084844787816517,-0.013022704189252823,187038.1296308594,0.8341406583786011,5.202240117796464e-06
286,0.4695238638324935,0.051941083288330414,189951.96760351563,0.9030234813690186,1.0617755833663978e-05
287,0.8048552180454329,0.01757749797316031,232283.00047851563,0.5666462779045105,3.1287866022466915e-06
288,0.9928420354575961,-0.00140902838644744,138689.2059111328,0.19032996892929077,1.345403575214732e-06
289,0.9879207919419648,-0.002036716799150115,145885.2355234375,0.1773906946182251,1.3759263310930692e-06
290,0.8871846342748486,0.010213855968609159,144479.649890625,0.27182990312576294,2.100765868817689e-06
291,0.9840722073846179,0.001853137695941958,185349.15896679688,0.15090984106063843,8.772714181759511e-07
292,0.994046960505258,-0.0014082923763182084,245737.671890625,0.24113893508911133,9.309053439210402e-07
293,0.9818111034522388,0.0019150699761320675,318056.21662109374,0.23285548388957977,7.707629947617534e-07
294,0.5383051406442004,-0.016081780931726374,242184.89718945313,0.41984838247299194,2.0621343992388574e-06
295,0.9379650435442252,-0.018467970428468095,284817.7265859375,1.5156852006912231,5.912598226132104e-06
296,0.7491584347871423,0.03734507116243515,228312.92984765625,0.9927987456321716,5.876693649042863e-06
297,0.9959380442802709,-0.003796199714509764,135952.2070732422,1.0255886316299438,8.512071872246452e-06
298,0.9935795426621251,0.0009474654107933209,141690.75825390624,0.5474006533622742,3.933842435799306e-06
299,0.9837725027270546,-0.0013482312717245182,142830.77399609375,0.22833380103111267,1.5791933947184589e-06
300,0.9230937416920004,-0.009404167272125398,169022.73804492186,0.37098172307014465,2.055656750599155e-06
301,0.9583345164573637,-0.005993851259629514,192694.8965078125,0.2579141855239868,1.3381197732087458e-06
302,0.9738922931713028,0.010964460114806993,193839.69702734376,0.800208568572998,4.198477199679473e-06
303,0.9868392326707515,0.003442360841315748,220724.4612050781,0.6317225694656372,3.0311907721625175e-06
304,0.9755487281493865,0.00500443244391175,282968.26498828124,0.3954111933708191,1.4220541970644263e-06
305,0.9850012689670753,0.005569766515316861,327259.4944082031,0.9978519678115845,3.052640749956481e-06
306,0.9802982305376775,-0.025345613571117927,294848.6863964844,6.08738899230957,2.0405914256116375e-05
307,0.9870955030451153,-0.0065754117596106675,329384.04833203123,3.4406933784484863,1.0777951501950156e-05
308,0.9516391096921673,-0.03167817127110557,215999.4153984375,3.2469358444213867,1.4501042642223183e-05
309,0.9650981721458832,-0.04516127604869271,133219.6570488281,4.135328769683838,3.104285497101955e-05
310,0.9751518800738873,-0.08456859984324679,149932.81334960938,10.897398948669434,7.346185157075524e-05
311,0.9012032958549266,-0.16275115595848325,146141.74891503906,5.429890155792236,4.138108852203004e-05
312,0.998257130565288,-0.012641645519194413,181379.96371289063,3.435840368270874,2.0031744497828186e-05
313,0.9687917060258864,0.06384336654378829,173511.85371484375,3.939915895462036,2.335171666345559e-05
314,0.9641636084664361,-0.16593154214882855,193173.12069726564,8.577528953552246,4.835141226067208e-05
315,0.9703539010568056,-0.04459291205165402,180636.73700585938,2.400392770767212,1.4099735381023493e-05
316,0.9604069592338893,0.08466596917106725,174431.61065917969,3.633645534515381,2.483160096744541e-05
317,0.935073811766971,0.057623108833057934,159289.87132910156,2.2510643005371094,1.577839248056989e-05
318,0.8062822155384303,0.060780725476837036,160541.33747265625,1.2829300165176392,8.572900696890429e-06
319,0.6633584048895635,0.029913047160354745,165093.30306347657,0.4694405496120453,3.951045528083341e-06
320,0.9946454283883027,0.013882377275878675,181378.7993515625,2.3517467975616455,1.3737729204876814e-05
321,0.874320270534129,0.012199567783123502,174863.23473144532,0.32401221990585327,2.1312851004040567e-06
322,0.9830593552599267,-0.004987214281209645,179417.50804492188,0.42843934893608093,2.317174448762671e-06
323,0.9244831656259033,-0.008582523513288157,189272.52077929687,0.345147967338562,1.802157726160658e-06
324,0.8861327913349626,0.01665582477839196,194136.65284960938,0.46569857001304626,2.6746806724986527e-06
325,0.8744155332386395,-0.022714084435887353,241592.029359375,0.9204675555229187,2.958608547487529e-06
326,0.9209349789908794,-0.03170197959479727,257413.21275,1.32891845703125,7.132584414648591e-06
327,0.9183891427940762,0.00787150397923885,171204.5325800781,0.715654194355011,4.4422768041840754e-06
328,0.7625259424882523,0.02136646394153887,179335.02140820312,0.8481147885322571,5.692980266758241e-06
329,0.8950314135493225,-0.02346570208062536,202680.42345507813,0.8899566531181335,5.301331839291379e-06
330,0.9589327891532021,0.015219371206874095,180655.372140625,1.1247563362121582,6.449110060202656e-06
331,0.9942717241129173,0.0017028574296991206,155093.03319921874,0.6445003747940063,4.083226485818159e-06
332,0.9977317148421777,0.00039676863717119426,158253.89448046876,0.5622036457061768,3.433236315686372e-06
333,0.987305914281512,-0.002604858889193382,158505.9444296875,0.31987836956977844,1.9426277049205964e-06
334,0.9319338480002872,0.011385544319412178,184409.9485859375,0.4518747627735138,2.9608545446535572e-06
335,0.832974560514049,0.011461065876774805,218506.94850390626,0.37333378195762634,1.940655465659802e-06
336,0.9322332885758504,-0.018791891818117086,306687.2600351563,0.9914549589157104,3.6997637380409287e-06
337,0.8529502784488425,0.017023942333851984,156963.3899609375,0.67584627866745,6.354893685056595e-06
338,0.8356459544868292,-0.029372146680241625,253422.74921484376,1.769195556640625,8.78025730344234e-06
339,0.8977247675230551,-0.017239393608560284,166691.48388867188,0.7420217990875244,5.123542905494105e-06
340,0.996597244748081,0.0014676981166333357,158497.751203125,0.5452163815498352,3.3450237424403895e-06
341,0.9768892385417475,-0.004835938678302213,166287.98673828124,0.3818625211715698,2.426198761895648e-06
342,0.8621160429439346,-0.012771717361946962,154133.78911132814,0.32312771677970886,2.7451962978375377e-06
343,0.9676651100711363,0.004697294597700363,198676.13839648437,0.28967714309692383,1.4070068345972686e-06
344,0.8961388676417605,-0.015362532372403436,228199.62090429687,0.4645873010158539,2.403862026767456e-06
345,0.3612157966497135,-0.05443532684907683,252457.6033046875,0.7596997022628784,4.6867894525348675e-06
346,0.9593030896105146,-0.02611123849097759,292538.0846796875,3.3015997409820557,1.2646777577174362e-05
347,0.9760606594255408,-0.014007707715591969,274909.177640625,2.2891547679901123,9.446664989809506e-06
348,0.6841497423915741,-0.07556926589586109,154973.9815625,3.665431022644043,2.804541691148188e-05
349,0.9880512422792216,-0.010207119784517408,218675.13224609374,1.9106773138046265,8.883428563422058e-06
350,0.5730516298747921,-0.030409498340310256,211064.89990625,0.7904443144798279,4.81725965073565e-06
351,0.9828603307438847,-0.009669336031392252,117994.67069628906,1.3262842893600464,1.1802078006439842e-05
352,0.8443666233374753,0.03533391974881921,137091.3395205078,1.1283364295959473,9.737325854075607e-06
353,0.48048057086890267,0.031342265635696226,154431.23912304686,0.3921152353286743,5.1048887144133914e-06
354,0.8320385440156102,0.012095634356488924,201086.16089257813,0.5355470180511475,2.5504093628114788e-06
355,0.9547422096816571,0.00514067592886137,248003.79382226564,0.40508079528808594,1.5077855550771346e-06
356,0.9838042775850935,0.0023289671532055376,309131.2744667969,0.5618005394935608,1.8198190900875488e-06
357,0.9555944913887846,-0.006269426776270643,202154.67377246093,0.8564533591270447,4.3463851397973485e-06
358,0.9932727211278523,0.01629841878925638,227107.62297851563,10.16450309753418,4.744619218399748e-05
359,0.9866999383053447,-0.028246578360208004,200547.92424609375,3.8490588665008545,1.840339791669976e-05
360,0.9086151217346577,0.0332774176231964,135091.66871484375,1.649308204650879,1.2679687642958015e-05
361,0.952076906630149,0.01713991467519041,147430.0135644531,0.9712544083595276,6.429256245610304e-06
362,0.9906031291419712,-0.009320938536928863,151054.95101953126,0.9727314114570618,6.6870775299321394e-06
363,0.99122747547865,0.009493229787830796,183820.11201953125,1.1773985624313354,6.426700565498322e-06
364,0.26527791243429893,0.013486712661037438,205901.64818164063,0.12396898120641708,1.0733663202699972e-06
365,0.9771523377338012,-0.0023663718963401648,204275.9881772461,0.1471763551235199,8.231469905695121e-07
366,0.9983634866412704,-0.0004963079399591325,224998.01289453125,0.24044854938983917,1.021469302031619e-06
367,0.9912710638937801,-0.0068858965146292184,251734.2873984375,1.2474150657653809,4.654484655475244e-06
368,0.6348097521252157,-0.011996277579120829,270695.34558984375,0.2674976885318756,1.1921873692699592e-06
369,0.7873079024471485,0.0352505344500771,218345.23563476562,1.6526966094970703,9.23162133403821e-06
370,0.9762717579130511,0.006926462903289954,159547.81592675782,1.754205346107483,1.2401769708958454e-05
371,0.7135176779665857,0.024286353369206138,142365.66991210938,0.49009934067726135,5.165132733964128e-06
372,0.9564117103216615,0.00624539879815204,153609.26407910156,0.3557707369327545,2.4854723505995935e-06
373,0.9796344104254587,-0.0030387859687914668,149153.55706640624,0.2623447775840759,1.701453356872662e-06
374,0.8593293777744473,0.015612165555808777,149877.88760546874,0.31379106640815735,2.849284101102967e-06
375,0.9898938042333462,0.0023365967715314067,150930.52896875,0.2656203508377075,1.8292100776307052e-06
376,0.863631886940446,-0.018970370434935355,190661.65529101563,0.4702114462852478,2.739641331572784e-06
377,0.9960214725428183,-0.002048985924818929,193679.829875,0.4227744936943054,2.220868736912962e-06
378,0.9813522618514411,-0.010218285351813974,227835.0723046875,0.659394383430481,3.1062807011039695e-06
379,0.9501721524058946,0.023133857937717273,215555.21638671876,1.027439832687378,4.5366418817138765e-06
380,0.8961806188051236,0.013030745745287717,254204.99030078124,0.6139216423034668,2.773573442027555e-06
381,0.8949545343263922,0.025159426946215313,252445.4135253906,1.2190508842468262,5.983007213217206e-06
382,0.8645026684781028,-0.04402358953486125,154962.22539453124,1.8316805362701416,1.5598781828884967e-05
383,0.8719292673336504,0.037214031766936106,239391.482796875,1.5655993223190308,8.44368423713604e-06
384,0.8881019836159497,0.013585020154850132,169179.59016015625,0.5313888788223267,3.491237976049888e-06
385,0.9711463466329197,0.00502005515702902,184104.61411328125,0.3592417240142822,1.9599815459514502e-06
386,0.9435762121535973,0.0064731972982137054,167524.43588085938,0.3014954626560211,1.8000537238549441e-06
387,0.9700242317672345,0.006095742419623206,155990.3879746094,0.36034154891967773,2.3305308332055574e-06
388,0.9663946556582793,-0.007570107326093449,173689.0458066406,0.33048415184020996,2.038437514784164e-06
389,0.6466373377310856,0.021563383217513825,187999.6532109375,0.24444817006587982,2.235425426988513e-06
390,0.9106294227070619,-0.012620741982816963,193976.74308203126,0.41093677282333374,2.3244745079864515e-06
391,0.9786735392263812,-0.004605361105672561,220482.41033984374,0.2675173878669739,1.2279007250981522e-06
392,0.9058217704147324,0.010598810262697218,235216.6093203125,0.37414008378982544,1.580651655785914e-06
393,0.744513161698975,0.024047976932742555,290606.0185214844,0.6325650215148926,2.5120914415310835e-06
394,0.9236213749320267,0.010388562902569207,283550.893265625,0.40357160568237305,1.7443420574636548e-06
395,0.9968967911835179,0.0005391430526493899,188852.80652929688,0.6004065275192261,3.676010919662076e-06
396,0.9745888551815127,0.00391208701314384,173284.76332617187,3.536809206008911,1.8112539692083374e-05
397,0.9332710525382203,0.010445797562711955,172418.84102636718,0.705400824546814,4.29348619945813e-06
398,0.9906776139795564,-0.0020548409627438625,119581.66784960938,0.23988933861255646,2.1105215637362562e-06
399,0.9805618243191172,0.002535924982598168,156294.2099609375,0.22631016373634338,1.596314746166172e-06
400,0.9944847950108002,-0.0011310875187621314,139338.7841953125,0.1466587632894516,1.0948805311272736e-06
401,0.9519188062307669,0.0028381346710848413,160712.27304101564,0.1350896656513214,8.425849955528975e-07
402,0.9491481433749064,0.003158115705917155,168796.95650976562,0.1372634768486023,8.913243618735578e-07
403,0.7163622383019185,0.005470720364620025,181921.43672460938,0.09533213824033737,6.104042427068634e-07
404,0.8525482925905057,0.005033488067625889,222469.1942890625,0.153334379196167,7.623967803738196e-07
405,0.9676101781693938,-0.001935582946471776,298532.57117382815,0.12737590074539185,4.346728417203849e-07
406,0.5730127004599613,0.032631011780645855,309165.4685830078,0.3929862082004547,3.5142479646310676e-06
407,0.9939673243271712,0.005169473525577437,270736.9696171875,2.3114242553710938,7.313588866963983e-06
408,0.6760628984879774,0.03791362121878676,174539.1588417969,1.0926752090454102,9.856775250227656e-06
409,0.9390016212635385,0.0075818554780273115,178552.4358847656,0.4851437211036682,2.9110351533745416e-06
410,0.8418534458317233,0.01655362359396811,141255.5453125,0.5353987216949463,4.863440153712872e-06
411,0.6672639572638783,0.011097590871475634,158590.96420703124,0.13818085193634033,1.6719664017728064e-06
412,0.9677865661232277,0.008237914526639314,157757.6598876953,0.5301133990287781,3.4642821447050665e-06
413,0.8443239817901939,0.010085505674468006,205512.7024921875,0.24044975638389587,1.5643877304682974e-06
414,0.8981089706280674,-0.008985886198079608,288378.04845703125,0.398605614900589,1.6726789908716455e-06
415,0.6296452525731394,-0.03755359233774763,323958.251890625,1.2490578889846802,4.455597718333593e-06
416,0.9975694432179655,-0.0005589510156956016,293063.967765625,1.7470353841781616,5.29070848642732e-06
417,0.9875469292023547,0.0033778815687190576,181857.95637304688,2.7912259101867676,1.516903648735024e-05
418,0.9079065449534096,0.031788470152523216,195320.93980566406,1.4158780574798584,9.087506441574078e-06
419,0.8213884523353118,-0.01625287861118804,153216.8693203125,0.43454092741012573,3.0126200272206916e-06
420,0.9242373315434121,0.00967270661450812,165678.48934765626,0.45018523931503296,3.108482133029611e-06
421,0.7054178752826054,-0.011853506412699237,154965.40108203125,0.18980389833450317,1.5919753195703379e-06
422,0.9881697616809989,0.0022179472351283543,200502.306875,0.2135055661201477,1.133045657297771e-06
423,0.9473438265523682,-0.005712431624288058,224012.6487167969,0.2515699863433838,1.1527284868861898e-06
424,0.9925210364140347,-0.004290160402421457,284423.44054296875,0.5548794865608215,2.0693266833404778e-06
425,0.8740240407011107,0.03270564704469861,275413.4529921875,1.1296278238296509,4.993957645638147e-06
426,0.561926167841332,-0.04381145339705628,339088.1865859375,1.327034592628479,4.563439688354265e-06
427,0.9964766205133362,-0.011383571151812497,239373.3739609375,8.848389625549316,3.217241828679107e-05
428,0.5842153949033022,0.10935956268928342,195249.0131455078,2.7337005138397217,1.729845826048404e-05
429,0.9886647365210395,0.016391249996317633,133423.16548632813,2.908237934112549,2.1346953872125596e-05
430,0.805782818471216,0.03109883807548307,152210.58650683594,0.854271411895752,6.771402695449069e-06
431,0.7176234964730437,0.015651590428356753,142547.71119238282,0.21474795043468475,2.219575890194392e-06
432,0.9738492928052181,0.002347001195204008,159603.4222285156,0.1545771360397339,9.2475642077261e-07
433,0.992408518464481,-0.00048060813400925805,205802.16065625,0.14179782569408417,6.686813094347599e-07
434,0.765127007026653,0.006334764163921169,212648.3043984375,0.15739895403385162,7.860749633437081e-07
435,0.9667811041050851,-0.009143311072263589,257948.21366210937,0.5042699575424194,2.178564500354696e-06
436,0.7933728539858786,0.01966758682965215,286661.0716953125,0.5615851879119873,2.0964801024092594e-06
437,0.901423201746616,0.025890273751866148,346487.85840234376,0.8936620354652405,3.2402533634012798e-06
438,0.9806705509403367,-0.005799235357334327,176418.59547851564,1.0172489881515503,6.769004812667845e-06
439,0.8360484600864361,0.05049840875240844,221007.31237109375,2.7268857955932617,1.3100770956953056e-05
440,0.9816188381107406,-0.005600336169360477,227397.48681347657,0.6816086173057556,3.008668727488839e-06
441,0.9439560810857404,0.006050704336370558,130167.20309863282,0.253467321395874,2.4692628812772455e-06
442,0.9712826174416185,0.002990760233542279,141929.3755205078,0.24794310331344604,1.751536387928354e-06
443,0.9770784559312649,-0.005176651779937007,140533.81466015626,0.34793782234191895,2.556678282417124e-06
444,0.9193496706107904,-0.007317647986449973,175508.5204897461,0.29987579584121704,1.6252218983936473e-06
445,0.9949898170213348,0.0017191469653405908,184771.0086953125,0.3858652710914612,2.011230208154302e-06
446,0.9663434646883868,0.006528749232807708,204053.4112734375,0.34641706943511963,1.8044962644125917e-06
447,0.9921418399633706,0.001622334271646337,294621.1618417969,0.23105069994926453,7.617049391228647e-07
448,0.8538508457258055,-0.010179307916242384,289265.60329296876,0.4798588156700134,1.5636052239642595e-06
449,0.9817420835470175,-0.0004195345915055277,292835.9719453125,0.4456081688404083,1.3924729955760995e-06
450,0.9424402580747353,-0.012811916205188144,268517.6868125,1.1835108995437622,5.111664904688951e-06
451,0.9574551217975965,-0.0036270238092713787,208855.45236328125,0.4081171751022339,1.7847838762463653e-06
452,0.9917303705047891,0.0019087203463098103,128116.60646191407,0.4187527298927307,3.4237748423038283e-06
453,0.9257992236662042,0.024525806690325204,148224.77518945312,0.9347186088562012,7.516021014453145e-06
454,0.8986340122076992,-0.010569191580591532,150263.48896875,0.3073382079601288,2.3416293970512925e-06
455,0.9946955978912928,-0.0019162228128290697,154578.48184179686,0.29819393157958984,2.037874310190091e-06
456,0.9854612750986136,0.003716072070718584,169981.66509765625,0.28569334745407104,1.7500884723631316e-06
457,0.9952430758534773,-0.0033414507607227024,191661.88026367186,0.5590641498565674,2.943549134215573e-06
458,0.9965107616931776,-0.0013433743181852117,223646.7803232422,0.5362312197685242,2.65569860857795e-06
459,0.9903812040535594,-0.008757069449618871,287223.9725,1.4979504346847534,5.168378265807405e-06
460,0.8089337572024334,0.018014697255720108,284650.3845195313,0.6135305166244507,3.023470526386518e-06
461,0.8621324958169042,0.024287372963094314,264797.10363183595,1.8589844703674316,6.726199444528902e-06
462,0.9403083857924134,-0.027143765995824624,260617.62866015625,2.460644006729126,1.1930969776585698e-05
463,0.9858262634035929,0.0033971524185740574,199244.12213085938,0.5402488708496094,2.737743216130184e-06
464,0.9416430766307781,-0.005064101442712023,134804.53935351563,0.21894116699695587,1.6303820302709937e-06
465,0.9947416599924614,-0.000781321688835225,139653.86737890626,0.27835550904273987,2.005749820455094e-06
466,0.9952016272859747,-0.0030339225771524626,154214.08570703125,0.5481492877006531,3.814154524661717e-06
467,0.9849960013528534,-0.0063728932415280555,161589.51962890624,0.5698668956756592,3.18892875839083e-06
468,0.9865934998799026,0.007014467506146617,168802.69231835936,0.653952956199646,3.836316409433493e-06
469,0.9875347114678713,-0.006449268100097895,162264.44946875,0.5842174887657166,3.883067620336078e-06
470,0.9891449145055081,0.004329577376949319,183358.4797265625,0.5374236702919006,2.9114260087226285e-06
471,0.9964639037444442,-0.00025028065387462027,281476.7764765625,1.4017903804779053,5.252316896076081e-06
472,0.7911343236016946,0.040366572060794054,313311.9397519531,1.0690350532531738,4.9634104470897e-06
473,0.9469096461545781,0.013236886727560557,243831.2534824219,1.5660631656646729,5.766452886746265e-06
474,0.9846010866538435,0.001572399559591083,173199.7037363281,3.091566801071167,1.9754103050217964e-05
475,0.9953771500631527,0.0014193256895424842,230580.1818183594,0.7342230081558228,3.5397692954575177e-06
476,0.9879167139380209,0.0004816414645608655,171758.12756640624,0.4942273795604706,2.7665626021189382e-06
477,0.985550131901943,0.003475830213576609,152102.14405859375,0.35661256313323975,2.11544829653576e-06
478,0.997868024303716,-0.0009687981248218658,159716.22310351563,0.23871161043643951,1.5966755881891004e-06
479,0.99601945314831,0.0024072671769154123,160842.03086914064,0.40153172612190247,2.4530097562092124e-06
480,0.995045501328838,0.00032141953576505643,173755.84328320314,0.1592157483100891,9.575063586453325e-07
481,0.9904950584944036,0.0005406213271304737,181181.68963476561,0.12952715158462524,7.03537864410464e-07
482,0.7592565361222402,-0.023878697765590935,252610.29381835938,0.3322170376777649,2.3567863536300138e-06
483,0.7135996086959998,0.03426722451575796,328605.5227519531,0.9719322323799133,4.2282722461095545e-06
484,0.30957047858069475,0.05713425560568833,325525.565375,0.9709290266036987,5.443339887278853e-06
485,0.7864021392090246,-0.07461132844864199,142195.75339160155,2.743459939956665,2.900404251704458e-05
486,0.9517851539815241,0.011105562907152878,221797.2133515625,1.120282769203186,5.0637295316846576e-06
487,0.9561815560194697,-0.010154710132630996,194500.6297050781,0.7252708077430725,3.8224893614824396e-06
488,0.9653574548476679,0.0062573611323490175,146559.5865703125,0.440491259098053,2.9502402867365163e-06
489,0.9928471209554589,0.002027224851915028,166128.54908203124,0.535720944404602,3.1813101486477535e-06
490,0.8814243296611763,0.010400019330082002,166817.82102832032,0.3169950246810913,2.3274174054677133e-06
491,0.9852199293944142,-0.0027215230954523366,212968.90803320313,0.3266081213951111,1.5252647926899954e-06
492,0.9945615001934359,0.00048826949359382385,310590.53469140624,0.7837993502616882,2.3020302251097746e-06
493,0.9926415137296758,-0.0014020929339528725,237041.98938476562,0.9870880842208862,4.185420493740821e-06
494,0.9213079464298064,0.01581025438409257,198797.3180078125,1.6123636960983276,8.347244147444144e-06
495,0.7843094174561265,0.0374953038679343,265682.72354101564,1.247672200202942,5.598504230874823e-06
496,0.8865922096550208,-0.017246921813330957,198855.45274804687,0.7664562463760376,4.501917828747537e-06
497,0.9773177434895532,-0.006058331788998597,147623.51005859376,0.5324238538742065,3.705054950842168e-06
498,0.9504018872964387,0.006717206989590076,155844.76631835938,0.411381334066391,2.989509994222317e-06
499,0.8227842629623449,0.008747203877636008,149305.59172460937,0.21210215985774994,1.9111475921818055e-06
500,0.8528488097207442,0.007921765248373727,205507.1912988281,0.2640393376350403,1.479779825785954e-06
501,0.9155507638621098,0.014841387295276367,255860.3270625,0.6170441508293152,2.6192099085164955e-06
502,0.9231134110036238,-0.020158476753322618,319037.1479375,1.3311010599136353,3.959202331316192e-06
503,0.957726704667348,-0.006276432853869671,177796.10654296874,0.6020942330360413,3.830439254670637e-06
504,0.969356729371259,0.033870863299820565,224840.2909921875,4.726382255554199,2.4199787731049582e-05
505,0.6559921950338555,0.016332850090881715,198032.921375,0.43124452233314514,2.79235928246635e-06
506,0.8255350470673473,0.005342161395110439,144520.79554882811,0.1640314906835556,1.511964796918619e-06
507,0.943089440734329,-0.005460314389611673,150444.1896357422,0.22035902738571167,1.8194438098362298e-06
508,0.9854745068804653,-0.0024223353934079758,149764.58657421876,0.23353692889213562,1.4792112779105082e-06
509,0.8395642289397419,0.009507169510400789,178629.82313671874,0.26156899333000183,1.296274035667011e-06
510,0.9963817884766553,0.0014030245620651422,207407.54275585938,0.26142001152038574,1.3044100342085585e-06
511,0.9813220263723579,0.0033186207960334163,224315.90115625,0.3189604580402374,1.4257251450544572e-06
512,0.8743386219834812,-0.014017100744129983,302716.90881054685,0.6038563251495361,2.1313660454325145e-06
513,0.9308556184421871,0.010965313128784626,197430.27083203124,0.9520152807235718,5.436523679236416e-06
514,0.9878679422994219,-0.0013746615191888556,247085.38152539064,3.2606945037841797,1.1148525118187536e-05
515,0.8717206918764518,-0.036028188582788306,287518.7444960938,1.4357905387878418,6.043988832971081e-06
516,0.9509875676024583,-0.008506473774803612,166536.56815917967,0.4986884593963623,3.43207580044691e-06
517,0.8492293640595209,0.012982141850484182,145272.98755273438,0.3840263783931732,3.073386551477597e-06
518,0.8016884788412005,0.01971575357701616,147297.3360830078,0.3368527889251709,4.028798230137909e-06
519,0.9921332465268842,-0.002458694444248006,162546.200734375,0.37898242473602295,2.2125225314084673e-06
520,0.9812899889736388,0.003382261655125546,217559.73474804687,0.26406732201576233,1.3725265262110042e-06
521,0.7989664128241636,0.005756579402126272,281729.0178125,0.18793396651744843,8.5337381960926e-07
522,0.731802365784707,-0.010801301331026913,313927.5841328125,0.5022925138473511,1.5050467254695832e-06
523,0.7317824758743122,0.022286494978402793,269722.8690976562,0.7497052550315857,3.928700152755482e-06
524,0.9926683470149845,0.0029270608748538335,192897.74323828125,5.410276412963867,2.38540924328845e-05
525,0.7191366536179384,0.014687621720694396,173827.58388476563,0.38170331716537476,2.6931702450383455e-06
526,0.9827249869222521,0.0033130062496947166,154772.28701953124,0.2758997678756714,1.9233987131883623e-06
527,0.9863480922636094,-0.003002564375395465,151278.086203125,0.25949519872665405,1.8467492282070452e-06
528,0.985167858017783,0.002818841476094136,138970.57072753907,0.23878437280654907,1.8074724721373059e-06
529,0.9542680343590338,-0.004115545162254499,155153.481484375,0.1909692883491516,1.2820959227610729e-06
530,0.987748382394742,0.004256198920824253,173686.56046875,0.32354021072387695,2.0468128241191152e-06
531,0.9437761609520025,0.00763551508468667,177513.6030761719,0.2593728303909302,1.702987674434553e-06
532,0.8181850731299524,0.006094658746380811,190995.449265625,0.12269796431064606,9.522777304482588e-07
533,0.9921259998676981,0.00025039325788710974,242005.05479296876,0.19491146504878998,7.954366765261511e-07
534,0.9930159807944425,-0.0028392176788867274,264193.1922558594,0.39608559012413025,1.4394438494491624e-06
535,0.9916248462653674,0.005060726000050721,346217.1909550781,1.9082911014556885,4.852955044043483e-06
536,0.5184022784764706,0.050347010599648065,169681.29105078126,1.1454631090164185,1.2206432984385174e-05
537,0.9261707056560535,-0.012960795614995507,283595.190859375,0.8431336879730225,3.32774402522773e-06
538,0.48615100876791945,0.027793744335450805,160425.91790625,0.4997951090335846,4.694109520642087e-06
539,0.9271858601063456,0.005482535645717384,153223.89638085937,0.26783955097198486,1.6992295286399894e-06
540,0.9499933901505669,-0.00468672286630469,142400.28515234374,0.22586524486541748,1.7034537904692115e-06
541,0.7945383041658675,0.0156361923997302,149589.54970898438,0.23393531143665314,2.587770495665609e-06
542,0.9337835036475941,0.004872510860645802,179602.10559765625,0.22939816117286682,1.3102494449412916e-06
543,0.8742191897275715,0.009120671170329206,231535.895203125,0.2760332226753235,1.3384784551817575e-06
544,0.9231869766772731,0.00564094100112764,301430.7620546875,0.3102432191371918,1.1105147450507502e-06
545,0.8074152134824445,-0.01864920546506171,183990.9549609375,1.0646231174468994,6.247478722798405e-06
546,0.8310078540979491,0.04554094702256569,179939.32268554688,2.637732744216919,1.6195259377127513e-05
547,0.7640768247967362,-0.03351678264139517,216895.3349921875,1.5271047353744507,5.14109478899627e-06
548,0.9604944238801553,-0.0037173664022919226,131439.05387304688,0.2563740909099579,2.0904381017317064e-06
549,0.9097258060895603,-0.007453417658073521,144415.7863466797,0.2592211067676544,2.05291212296288e-06
550,0.8817505550752434,0.008969161379960455,150643.558671875,0.27002787590026855,1.8676548734219978e-06
551,0.9817752162548423,0.0010766935222058169,173949.03110302734,0.10990282148122787,6.239143885977683e-07
552,0.9438561479509238,-0.0010250260711904934,176845.08586132812,0.060163721442222595,2.9148085900487786e-07
553,0.959340974611672,-0.002852727728589038,189473.08430273438,0.10903912037611008,6.193743615767744e-07
554,0.9186713633096893,0.004738158231388567,222111.11297265624,0.14647276699543,7.556749892501102e-07
555,0.9406660071426518,-0.0097139471179703,302814.1861269531,0.4170256555080414,1.6005186580514419e-06
556,0.9596540294551221,0.014551056323704896,287996.9228203125,1.6750997304916382,5.493845947057707e-06
557,0.9788259908266863,-0.022463734292284255,264809.15622265625,3.1243083477020264,1.2722291103273164e-05
558,0.9316900302976165,-0.08716134843239096,281783.99160351563,4.753567218780518,2.2144027752801776e-05
559,0.785815941966407,0.03347051640715343,174891.89306835938,0.8999097943305969,5.529581358132418e-06
560,0.9780032055076255,-0.015157129495444326,133431.3991298828,1.223408579826355,8.85769259184599e-06
561,0.6790670196618609,0.05291827374534823,146182.63441992187,0.6812735795974731,7.869906767155044e-06
562,0.8590614474192149,0.013373876045902875,176148.52,0.2440013736486435,1.909478669404052e-06
563,0.968035957075765,0.017478599942591218,220786.94131933595,0.8947822451591492,5.282525307848118e-06
564,0.9942762000703108,0.0013645295860382656,236126.53647851563,0.222928985953331,9.58079908741638e-07
565,0.9962299046031919,0.0019963084170109154,285767.02391796873,0.4226919710636139,1.5889196447460563e-06
566,0.9118132373717911,0.009415397901430651,323734.486515625,0.4479891359806061,1.650432636779442e-06
567,0.9121654689244514,0.004493527133869143,183359.88365039064,0.39595454931259155,3.004239033543854e-06
568,0.9796085906648017,0.020634841060122682,219756.857453125,2.489976644515991,1.2723758118227124e-05
569,0.768225077110561,-0.03449109941350345,204563.72591796875,0.6364434957504272,5.460039119498106e-06
570,0.9122168641483162,-0.010935156272302167,147883.73319726562,0.46932095289230347,3.6600931707653217e-06
571,0.8637053807523649,-0.017346401909295924,151000.30134472655,0.4352853298187256,2.9339907996472903e-06
572,0.7375041984090479,-0.009706918772580633,147768.80981640625,0.18777745962142944,1.3221059589341166e-06
573,0.9534011151941939,-0.006307843936448287,171258.12379101562,0.2996015250682831,1.6796741419966565e-06
574,0.9228963248245651,-0.008208192215345014,178736.3727421875,0.2156687080860138,1.3799956377624767e-06
575,0.8385857297294522,-0.010972076117736516,197652.48882226562,0.2925623953342438,1.7040464399542543e-06
576,0.8851816396669774,0.01598321996043413,227024.56711328126,0.4096372723579407,2.1339012619137065e-06
577,0.8095401108500827,-0.10389847538571617,262649.23655664065,2.10569429397583,1.1719066606019624e-05
578,0.9629142053890603,-0.014054140166327026,283909.97853515623,1.187569260597229,4.329679541115183e-06
579,0.7941797640651747,0.05795269989712452,303350.4302734375,1.809843897819519,8.081358828349039e-06
580,0.5882482626606216,-0.06671988616284767,295575.18703125,1.3421366214752197,7.509683655371191e-06
581,0.7909392265630153,-0.0684642477465259,334927.8021445313,1.772241473197937,8.195357622753363e-06
582,0.9912233627361018,0.004012725260661916,278424.3265585938,1.237377643585205,4.680166512116557e-06
583,0.9410812962370714,0.022858467591815652,197153.06571679687,1.8512046337127686,8.909752978070173e-06
584,0.628329240754958,-0.03634655357909669,134517.483375,0.6030681729316711,6.915046469657682e-06
585,0.7151442659329381,0.01671180222541635,130988.81855371094,0.3395596146583557,2.8418105557648232e-06
586,0.9978764993305149,0.0008825794671993515,167429.0323066406,0.3983125388622284,2.9925481612735894e-06
587,0.8587726217900555,-0.010162806885936326,226237.768640625,0.28479185700416565,1.4786534165978082e-06
588,0.8765329276539343,0.016657600044825627,233088.21849609376,0.6170140504837036,2.6888174033956602e-06
589,0.8291416112808988,-0.039580053172828915,250579.1457753906,1.3392856121063232,5.868147582077654e-06
590,0.9435987406835291,-0.03196371765752694,288055.90830859373,2.5668482780456543,8.546170647605322e-06
591,0.8618979885871211,-0.04088122273898723,331067.0734023437,1.9698879718780518,7.028297204669798e-06
592,0.6367951698888372,-0.08924945248122651,310817.40743359376,2.085355043411255,1.1496305887703784e-05
593,0.5983894035472408,0.07745999942919408,245698.5708984375,1.8152040243148804,9.866967047855724e-06
594,0.6496373260108165,-0.04266188368323678,101624.01733789062,0.5323089361190796,1.0905366252700333e-05
595,0.9961623948576217,0.003119753921080805,140658.1170625,1.8455414772033691,1.2667111150221899e-05
596,0.9930009575847187,-0.002726600939682733,144295.73006054686,0.5094852447509766,3.6059479953109985e-06
597,0.9974832902468592,-0.0018106493718161327,157822.50271484375,0.7904304265975952,5.1006609282922e-06
598,0.9741678153646676,-0.015009879879705628,174207.24491992188,1.0268605947494507,5.963302101008594e-06
599,0.9861502810345545,-0.0063977116773240306,221309.16340429688,0.7765793800354004,3.7130912460270338e-06
600,0.4107669561078319,0.030959420127990418,247793.616078125,0.5957956910133362,2.9001616894674953e-06
601,0.6794123082856399,-0.040271447580214455,284665.9221425781,1.2123000621795654,5.374849934014492e-06
602,0.9794316264318293,-0.006249154852169564,282859.1467949219,1.1887911558151245,4.644705768441781e-06
603,0.837671236051419,-0.06757077149530032,223003.75887695313,2.837752342224121,1.6568403225392103e-05
604,0.9387791831551535,-0.015345849365864304,203268.91311328125,0.8383440971374512,5.114143732498633e-06
605,0.7987420947286107,-0.030073015899280995,125630.57737207031,0.6068980693817139,7.765175723761786e-06
606,0.9596250563164958,0.010985329626899968,151961.21448046874,0.6497904062271118,4.257380169292446e-06
607,0.9673120399475265,0.012480995691961826,149865.5101171875,0.8461971282958984,5.21924903296167e-06
608,0.8693391694352939,0.025209598616565052,161574.13757617187,0.7749294638633728,5.260852049104869e-06
609,0.894481666864805,0.01767996119099981,190828.7077080078,0.6818091869354248,4.194031589577207e-06
610,0.35544204705241644,-0.03668346171921498,172233.60639257813,0.33592489361763,5.174037596589187e-06
611,0.5924311686098108,0.03682752755132979,180640.3229921875,0.7523106336593628,6.480499905592296e-06
612,0.8957256483069995,-0.0754812512180484,164364.2000654297,6.86185884475708,4.664776861318387e-05
613,0.704535702476851,0.036224752081404535,234612.30835546876,1.1018431186676025,6.615402526222169e-06
614,0.9503007477842987,-0.021869622439484055,274480.0709794922,3.2104475498199463,1.1867445209645666e-05
615,0.9811665987937108,-0.007819486259880807,188249.25334765625,1.2404166460037231,7.4565591603459325e-06
616,0.5840672989308228,0.03894647377745778,161550.30616210937,0.6734177470207214,7.378850568784401e-06
617,0.9896534459868352,0.013329126426306345,147398.17418945313,2.3625831604003906,1.781488572305534e-05
618,0.7326358259809097,-0.01109402327434182,140020.8782080078,0.21549092233181,1.8790760805131868e-06
619,0.6468922378462448,0.023450554399241767,155214.04102929687,0.2916092872619629,3.174320454490953e-06
620,0.6506274909989189,0.010875120676437216,182474.24247851563,0.18646669387817383,1.5741169363536756e-06
621,0.8259725197368899,-0.02686602590907744,231378.2528828125,0.6731287837028503,4.147667823417578e-06
622,0.9936441681812408,0.003212700592403657,268745.2590732422,0.8019484281539917,3.0888411401974736e-06
623,0.8277335805918514,0.018014586703498408,326695.2415625,0.6570192575454712,2.5818512767727952e-06
624,0.7861159878286689,0.010759986139885153,345499.3978515625,0.5543254017829895,1.6096403214760358e-06
625,0.9661038695314826,0.009023676373086797,203140.4337597656,1.324493646621704,6.3556371969752945e-06
626,0.9326408773434607,-0.02407593038628712,239094.72471484376,1.2661080360412598,6.854316779936198e-06
627,0.8326532286727029,-0.013658400009219203,139806.5803125,0.3999764323234558,3.633055257523665e-06
628,0.8491496428952937,0.020722844360190288,148417.6983125,0.4652464687824249,4.007537427241914e-06
629,0.9228039869487701,-0.006942434968577118,162695.67220117187,0.23614424467086792,1.6395028978877235e-06
630,0.9860271405839088,-0.002850231399365472,164579.10904882813,0.30413973331451416,2.075794100164785e-06
631,0.9720576714336433,0.006656658660918572,178085.5854003906,0.4216035008430481,2.232999349871534e-06
632,0.8048989441912193,-0.0075361390680083904,198734.85627148437,0.15642885863780975,8.933827757573454e-07
633,0.9954148655961494,0.0006827700399525543,241320.3079824219,0.5169417858123779,2.234884732388309e-06
634,0.8910317590303514,0.010936000268726577,330204.50695703126,0.42524269223213196,1.5596971252307412e-06
635,0.6380624068621084,0.027872312589856507,322938.0100546875,0.664411187171936,3.7333916225179564e-06
636,0.9862021255594242,0.0031385024867622863,293265.85787890624,1.5977225303649902,4.848657681577606e-06
637,0.5955767437664411,0.07862117539712901,275104.68649804685,1.432105541229248,9.766178663994651e-06
638,0.858476261638177,0.010980478178967136,193846.4467265625,0.3537856936454773,2.4964476779132383e-06
639,0.9869900608956643,0.002907638710280908,144308.6788984375,0.27019739151000977,2.13611156141269e-06
640,0.6783564884074584,-0.01593193459585402,159806.95783203124,0.26986458897590637,2.2480908228317276e-06
641,0.7608199070630848,0.005972416090804599,153833.78672265625,0.09952236711978912,9.725819154482451e-07
642,0.9966328832999397,-0.0018685699893914456,205597.52769140626,0.3088000416755676,1.516383463240345e-06
643,0.9054289721343125,0.006726109385781698,252185.62070703125,0.2300478219985962,1.1276079021627083e-06
644,0.9854500372493821,0.0004824498780619488,365483.45683203125,0.39117172360420227,1.1627441836026264e-06
645,0.9643513724948788,0.0066815307708011085,223267.87378515626,1.596638798713684,7.40957329981029e-06
646,0.9363065940604699,-0.07381136732967221,186058.22176757813,6.465333938598633,4.0738719690125436e-05
647,0.9984207758428963,0.0030369804629684135,196520.85241210938,2.121407985687256,1.0632256817189045e-05
648,0.9936719635025459,0.0062139986717957355,147331.68035058593,1.300764560699463,8.760509444982745e-06
649,0.9314220611649023,0.02597733430604928,166137.5812578125,1.0723903179168701,7.594519502163166e-06
650,0.8554680808018492,-0.03197291053447361,146607.17977636718,0.9838168621063232,7.464438567694742e-06
651,0.7525130467952249,0.04892988695268667,223299.43106835938,0.8500409722328186,6.022938578098547e-06
652,0.7984560726651123,0.01476460683040347,225286.11593359374,0.35721808671951294,1.5722013131380663e-06
653,0.8603300939755205,-0.002603742453479613,228892.0608515625,0.06980198621749878,3.483748969301814e-07
654,0.8755217329044429,-0.007526159598855961,258479.96765625,0.28816235065460205,1.1551678653631825e-06
655,0.9979499520843567,-0.000325194002155603,284489.52018359373,1.0496846437454224,3.7226095628284384e-06
656,0.994618066387738,0.0013676353469364263,293086.6571875,0.29763370752334595,1.10853579826653e-06
657,0.9856200156103899,0.0038359366662465994,200401.23875,1.7234309911727905,8.792417247605044e-06
658,0.9797799680350069,0.0057045517769171,216426.23625195312,0.8228671550750732,3.9751403164700605e-06
659,0.9945632055720826,-9.200537299371359e-05,161310.06397949217,0.4196225702762604,2.5698993795231218e-06
660,0.9098189643506798,-0.012137300783133208,174121.5310625,0.4086324870586395,3.030761718036956e-06
661,0.9516405417857534,-0.011842756931735832,167864.75393359375,0.5516771078109741,3.474405730230501e-06
662,0.7035321754780636,0.028871737065169215,156378.08287304686,0.42528924345970154,4.0708273445488885e-06
663,0.673107804913343,0.03841328010107872,166208.97713378907,0.6053297519683838,5.3358353397925384e-06
664,0.8645516552935946,-0.008132633564605885,198771.42571679686,0.2428143322467804,1.4138504411675967e-06
665,0.9977461214378187,-0.0006569912694570062,261558.31644335936,0.8043138384819031,3.0381550004676683e-06
666,0.9266504918202658,0.015485207436560433,210256.94051171874,1.0369449853897095,5.387990313465707e-06
667,0.9471316293803275,0.025120187831940654,275784.0242011719,2.2784016132354736,8.407870154769626e-06
668,0.741318121828517,0.020767029175268657,252202.15611328126,0.5086103081703186,3.1606796255800873e-06
669,0.9948406451973958,0.0009581493000584782,199665.5868984375,0.24801136553287506,1.2322547036092146e-06
670,0.993874593707609,0.001751094521530692,189928.57000488281,0.33104395866394043,1.736930244078394e-06
671,0.9981865966925187,0.00038310425887973974,178315.3172167969,0.3904748260974884,2.1412261048681103e-06
672,0.9703079785427255,0.004525123713990128,173220.52840917968,0.3284562826156616,1.9119725038763136e-06
673,0.900328600073596,0.010465836093721549,174149.94710546875,0.31573957204818726,2.048338274107664e-06
674,0.661740302196059,-0.014761700676710182,219233.5279550781,0.2991454601287842,1.8149677316614543e-06
675,0.6502805012431029,0.01892254392960217,218153.05451171874,0.44133874773979187,3.6094743336434476e-06
676,0.890580691207726,-0.021120377771739335,212336.73350195313,1.215672254562378,6.9292791522457264e-06
677,0.7761914199029155,0.037852352907831746,228692.03459765625,1.9358444213867188,1.018482907966245e-05
678,0.8101045340578887,0.01788094145238476,232632.6028769531,0.5618354082107544,2.894639692385681e-06
679,0.939163294751439,-0.006242966048862341,163482.98115625,0.2548133432865143,1.970961420738604e-06
680,0.8722453742583256,-0.008972661553429483,184584.24211914063,0.27603626251220703,1.8743462533166166e-06
681,0.6974274517037857,0.017421124661019548,184723.85763964843,0.2626960277557373,2.1378584733611206e-06
682,0.8863450196539303,0.015364715353979323,163446.31566503906,0.36159852147102356,2.9700470349780517e-06
683,0.7335458066504783,0.0076108596715290045,156536.74614257814,0.14715951681137085,1.1110037121397909e-06
684,0.9169329271076003,0.004228524888961404,165593.00233105468,0.14851920306682587,9.610805591364624e-07
685,0.9918905791968066,0.00021312047515120768,203076.41358496094,0.2530231773853302,1.2191150062790257e-06
686,0.9981161707656832,-0.0005738061689133258,257337.79608398437,0.6138380765914917,2.3740221877233125e-06
687,0.9225238435610568,-0.01054727323973873,313605.10325390624,0.4892083406448364,1.6769947706052335e-06
688,0.7112262963902967,0.030203872979609643,159602.544484375,1.106561303138733,8.521069503331091e-06
689,0.9525557385367956,-0.07872398483101221,180211.53459765625,11.108749389648438,4.837776577915065e-05
690,0.9672485286254119,-0.03959914221620849,161996.42537890625,3.430253267288208,2.1302168534020893e-05
691,0.9968767375259469,0.02025447570483479,166478.33942578125,5.433868885040283,3.218949132133275e-05
692,0.8018761383653547,0.07727849578329253,160539.34841210936,1.474205732345581,1.017038357531419e-05
693,0.7216755408061527,0.024942038273135732,156835.57172265626,0.3872319161891937,3.3000087569234893e-06
694,0.9627233122968184,-0.013354449946737734,179902.84971875,0.5596160888671875,3.0813391731498996e-06
695,0.9905064278082832,0.004883145862041841,188224.12157421876,0.44029635190963745,2.284414904352161e-06
696,0.8390034615622255,0.016541504755417734,188427.501125,0.3084230422973633,2.478089072610601e-06
697,0.999745903935356,-0.0001348021999823805,195720.33165234374,0.48697221279144287,2.2699548480886733e-06
698,0.9576211634300626,0.00160634324797921,195721.36998242186,0.15371206402778625,9.741145277075702e-07
699,0.8654096530392014,0.008499169746910661,196989.955515625,0.19439631700515747,1.3214057617005892e-06
700,0.7445194119404441,-0.04482523939083514,206683.36130273438,0.5232905149459839,4.8890619837038685e-06
701,0.5316652958954802,0.05056996373008185,245781.5812480469,0.8900973200798035,4.1958651308959816e-06
702,0.9450176779725593,-0.011621705294992865,281358.94284765626,0.8235039710998535,2.894065573855187e-06
703,0.9183462875998517,-0.02953093354411589,287557.2657578125,1.8629558086395264,6.5846570578287356e-06
704,0.6751170368124174,0.02838062075414364,199435.8542890625,1.0463594198226929,5.649615104630357e-06
705,0.900010026422917,-0.1592429692684713,191588.31132421875,11.0258150100708,5.9303238231223077e-05
706,0.9373363906133871,0.045723440517447915,175743.82860839844,3.722390651702881,1.957051244971808e-05
707,0.838844227645082,0.02206502400564495,133587.36236816406,0.5700186491012573,5.858431904925965e-06
708,0.7124318245445173,0.021170527978017106,165913.35874804689,0.33268505334854126,3.0921498819225235e-06
709,0.9204077340720165,0.011855534412340428,150281.47688671874,0.40426135063171387,3.4123393106710864e-06
710,0.9821116250882141,0.003896902998796412,168295.11023632812,0.3912838101387024,2.3837874323362485e-06
711,0.9979643655311282,0.0005044357057044975,208658.47522265624,0.3145969808101654,1.4533727608068148e-06
712,0.7524537137207938,0.02102728951001405,213234.40441210938,0.3831532299518585,2.6476147922949167e-06
713,0.8793775532814216,0.01596758933212857,256227.95915234374,0.48671650886535645,2.4076778117887443e-06
714,0.8309549107207925,0.015409210995713477,285494.51382421877,0.412041038274765,1.782403955985501e-06
715,0.9739742522931153,-0.010335992311919971,271884.3871035156,1.0755163431167603,4.279618678992847e-06
716,0.8663885790357579,0.019992827272889306,154695.21703320314,1.1799001693725586,8.82305084815016e-06
717,0.6240304888058511,0.03152416761065329,255374.508984375,0.7842567563056946,4.651799372368259e-06
718,0.855607662663911,-0.007393408320981901,137905.1062890625,0.2879502773284912,2.19566186387965e-06
719,0.9953002037718439,0.00033249041799452605,167823.09124023438,0.17035077512264252,1.0401928420833428e-06
720,0.9785879920486308,0.0022341918270983832,165089.0254345703,0.27795782685279846,1.7504564766568365e-06
721,0.98002703509223,-0.002655477856108005,164396.35762695313,0.22136496007442474,1.3667474831891013e-06
722,0.9988417499383072,0.0002495274694305358,246691.04567382814,0.3229217529296875,1.2773241451213835e-06
723,0.87699719709722,-0.013236814381837178,313656.47960742185,0.41754239797592163,1.5597114497722941e-06
724,0.9356666214382405,-0.013644244680715267,245142.38783398436,1.009663462638855,5.923889602854615e-06
725,0.9716853435956672,0.01180905276080566,284823.92897265626,1.6034767627716064,5.081722065369831e-06
726,0.465530044457162,0.03326253609376511,232310.53575195314,0.6182841062545776,4.35708670920576e-06
727,0.9312554649396086,0.003215487448342057,143890.41298632813,0.22093941271305084,1.5857822290854529e-06
728,0.9493864565789485,0.004497947027332477,155663.97808789063,0.18701212108135223,1.3372764442465268e-06
729,0.7746842206821948,-0.004847811417884673,150388.18454003907,0.11211454123258591,7.933485903777182e-07
730,0.9956810005816841,-0.00036124741015056204,173414.78198828126,0.11793958395719528,6.648905923611892e-07
731,0.9549710222675307,0.0029768110361963846,213343.29355664062,0.18199469149112701,9.4466622613254e-07
732,0.9891418631086518,0.0019392782235858102,276578.936875,0.33709782361984253,1.2005527878500288e-06
733,0.9976433154457247,-0.001131828054306801,308360.117296875,0.6880524754524231,2.2785548026149627e-06
734,0.7631133219746717,-0.051009512652578866,222733.18666601562,2.0092170238494873,1.2264253200555686e-05
735,0.8698513976987532,-0.036989547012950263,225062.06313183595,1.5973738431930542,8.599467946623918e-06
736,0.8246577200649642,0.07904373604272537,237156.21004785155,2.027914524078369,1.3520669199351687e-05
737,0.9957482880748704,-0.0009397629960243737,121711.96578320312,0.36505991220474243,2.751039346549078e-06
738,0.9943254182605555,-0.0004442535912388892,141779.38161328126,1.1604021787643433,8.240563147410285e-06
739,0.9355202975328808,0.004288143611922211,145552.6475517578,0.1618414968252182,1.3016184539083042e-06
740,0.988323112460537,-0.003304176231790532,164734.3482265625,0.2606334984302521,1.626540665711218e-06
741,0.9983014715241256,-0.0003666605812982699,172808.62990820312,0.2109449952840805,1.283341475755151e-06
742,0.949384441991193,0.0023173715675164847,176129.82403125,0.102406807243824,6.539161176988273e-07
743,0.7895922385498141,0.004962235857062385,194958.73448828125,0.08716307580471039,5.946886290075781e-07
744,0.7785102573905075,0.008177998265012594,245974.33798828124,0.20261140167713165,1.0184766097154352e-06
745,0.8836911348810601,0.0069122287876569,280618.086703125,0.15359701216220856,7.258880714289262e-07
746,0.8900176882846095,-0.01952661508668799,348266.3919140625,0.9492096304893494,3.13890450343024e-06
747,0.9091437983714213,0.013520473193943141,136356.18710742187,1.1221556663513184,9.176228559226729e-06
748,0.9102027681541516,0.035144876971780536,257391.01945703125,2.3314638137817383,8.431614332948811e-06
749,0.7400839377922687,0.02288695133898155,211678.2659902344,0.47139790654182434,3.4489289646444377e-06
750,0.989595679374046,-0.0020862243249602547,141221.82401171874,0.2790547311306,1.9657195480249356e-06
751,0.9875706622566233,-0.0030740183192171726,159328.4705727539,0.25595971941947937,1.6893073961909977e-06
752,0.9934545329189317,-0.0020645880979107147,159336.0460703125,0.21379579603672028,1.4404913599719293e-06
753,0.997843258084164,-0.00044406920117648775,169989.81332421876,0.3299849331378937,1.969752247532597e-06
754,0.8963597443546598,0.010165974011450899,197094.89701171874,0.34515655040740967,2.0212623894622084e-06
755,0.939544414435472,-0.009384227699275379,265955.3325390625,0.5208516120910645,2.1488513084477745e-06
756,0.9760468168466085,-0.0013455712284884186,309560.43734375,0.2571316063404083,8.403157494285551e-07
757,0.9428583915140093,0.009885815940312449,238600.66064257812,1.7443432807922363,6.439149274228839e-06
758,0.750683066656799,0.04271497735180419,265744.1034628906,1.6459211111068726,5.948862508375896e-06
759,0.9623030114269878,0.0028130903159870385,126536.67123046875,0.23614557087421417,2.060680799331749e-06
760,0.9786700476211784,-0.0031046962692459147,151391.7419375,0.23324264585971832,1.6424227169409278e-06
761,0.9561872003715938,-0.004797267270680155,144276.34810351563,0.28504088521003723,1.894097067633993e-06
762,0.9810404144301131,0.0027849030375217943,183656.96379492187,0.25871115922927856,1.440238293071161e-06
763,0.7860569166869361,0.010180804652153807,236938.3994921875,0.2167714387178421,1.2098214483557967e-06
764,0.99125987768458,-0.004246024230779453,277179.02683203126,0.7048851251602173,2.73372711490083e-06
765,0.8721608320805171,0.014017926642023936,293220.7193671875,0.41991373896598816,2.025132744165603e-06
766,0.9365203412120295,-0.019580155355282684,255096.33683203126,1.555720567703247,6.7469409259501845e-06
767,0.9628247445221356,0.029646227065840948,233020.41555859376,3.567561149597168,1.7147867765743285e-05
768,0.9858883370546545,-0.009258496060984474,234600.49980273438,1.8682559728622437,7.628359526279382e-06
769,0.5516492346240353,-0.0068928819436214536,138597.25931152343,0.13652952015399933,1.160689407697646e-06
770,0.9802905386508497,-0.003955025787867382,146877.27392382812,0.5562920570373535,3.8887014852662105e-06
771,0.9973652585239582,0.0007100642961149055,173779.5720546875,0.4312480688095093,2.474482243997045e-06
772,0.9591868209900369,0.00866586135130123,235072.82405859375,0.5696137547492981,2.7989256068394752e-06
773,0.8521660578112847,-0.01240190633913613,320189.6981875,0.41979044675827026,1.5278963019227376e-06
774,0.8766084620547295,-0.00929296957336484,378135.1160009766,0.4492703378200531,1.126639745052671e-06
775,0.8739844184473259,0.0162747098440985,202906.90039453126,1.3773058652877808,5.917855105508352e-06
776,0.8591518836089055,0.032858323532170726,205327.33737695313,1.4381505250930786,8.717512173461728e-06
777,0.8359215384831423,-0.008358878313487732,152093.99910742187,0.3821098804473877,2.4811981802486116e-06
778,0.9517176529509493,0.002865079137720331,131758.64709960937,0.16795164346694946,1.4159801366986358e-06
779,0.8863630163420886,-0.005413130015726158,152808.74438378908,0.17369824647903442,1.2389956509650801e-06
780,0.9834524498462954,-0.009053447578119421,166007.46690039063,0.8427042365074158,4.9967529776040465e-06
781,0.9955750574821692,-0.0003927500058051026,173837.7657910156,0.28109708428382874,1.5657507219657418e-06
782,0.996935980612148,-0.0012269459168404557,214272.87476953125,0.27923262119293213,1.2554949080367805e-06
783,0.9792364419901819,-0.004234513783873261,216663.217734375,0.3175746500492096,1.6674770222380175e-06
784,0.9511466707024406,0.022886553322584532,252755.0950390625,1.1061385869979858,4.347800768300658e-06
785,0.9683352967435873,0.005875334549638628,306092.6323300781,0.4331001937389374,1.8143133502235287e-06
786,0.9435878480917972,0.010554624485394473,212246.12949023437,1.0899440050125122,5.474785211845301e-06
787,0.9754364349502768,0.0024649183201721687,273292.3786621094,2.287404775619507,1.044547479978064e-05
788,0.8999149382948162,0.00865098615638795,201607.39584765624,0.47207021713256836,2.451890850352356e-06
789,0.8403106369338706,0.005239692671370217,121281.24824609375,0.18612602353096008,1.8118500975106144e-06
790,0.9731440659449789,0.008001112898818791,155901.7810732422,0.5404035449028015,3.938300778827397e-06
791,0.9152411291219826,0.0048538222384030515,150077.61775097655,0.15173868834972382,1.2397323416735162e-06
792,0.998614145862954,-0.00015708236612332628,182559.503046875,0.11345925182104111,6.225079687283142e-07
793,0.9606482480320696,0.0031524110034562625,223111.6368203125,0.15388046205043793,7.691273822274525e-07
794,0.9974282711529252,-0.0002295596306942982,257860.70264257814,0.22697710990905762,9.06449088233785e-07
795,0.8229369921391796,0.02756130791951002,350263.81704296876,0.7365658283233643,3.1046013191371458e-06
796,0.9342784038733574,-0.004905991983785468,204933.31278320312,0.3389492928981781,1.981572722797864e-06
797,0.7082169036554455,0.04471137694182283,221659.83225585936,1.7030597925186157,9.004448656924069e-06
798,0.8087835454851706,-0.02626755381066917,208678.1784472656,0.8602961897850037,4.591560809785733e-06
799,0.9905482228764962,0.004044980703207971,132182.90748046874,0.5569843053817749,4.13776297136792e-06
800,0.9550430143589101,0.0036554141179421322,149454.58929882813,0.2008162885904312,1.3800691931464826e-06
801,0.9427185421665568,0.0074914275789611535,154275.63162890624,0.29612067341804504,2.0733452856802614e-06
802,0.887791893112105,0.009752748706673569,206678.02576464842,0.23400916159152985,1.3948564401289332e-06
803,0.7568297292688222,0.01342109537694528,204639.91712109375,0.2237735390663147,1.557580162625527e-06
804,0.8136683831058258,-0.007335349143504761,247836.68475,0.17716433107852936,8.712308954272885e-07
805,0.9270958673100451,-0.013575435385555706,290892.8927519531,0.5529664754867554,2.176961970690172e-06
806,0.9076131982273065,0.03673160400865484,349838.70903125,1.2599493265151978,3.995097358711064e-06
807,0.9138155896281104,-0.014251934644857326,368081.09080078127,0.7821508049964905,2.0467734884732636e-06
808,0.9922504889045141,-0.007905922564455306,333447.21946875,1.943037509918213,5.374675765779102e-06
809,0.9742027180688662,0.006237657620985163,162511.19598632812,1.1181578636169434,6.626320100622252e-06
810,0.7534384296241635,0.008326265995180167,158235.7334199219,0.1629762053489685,2.075687916658353e-06
811,0.6130635845025865,-0.058842543453490014,154393.15749707032,1.01713228225708,1.116112161980709e-05
812,0.9665786107376573,-0.0039213807218632145,160899.38055078124,0.2836782932281494,1.830215182963002e-06
813,0.9181523463872427,0.010212370597443515,165307.52896679688,0.4379796087741852,2.4337346076208632e-06
814,0.9964403189771802,-0.00135845463149776,212949.7670205078,0.3646901249885559,1.692525756880059e-06
815,0.9913734786447852,-0.0010336955114578826,240445.090890625,0.2448185533285141,1.0542413519942784e-06
816,0.8034899345153594,0.021858391969147035,204131.04621875,1.0796353816986084,5.420783509180183e-06
817,0.9861509281564318,-0.007821213116920155,241497.13025,1.1780498027801514,4.658866600948386e-06
818,0.9909298924245885,0.00227154360624544,235208.30112890626,1.3862032890319824,6.149124601506628e-06
819,0.9736527326357097,0.009154506822866662,176353.46165820313,0.6029724478721619,4.003357389592566e-06
820,0.9692650685207765,-0.009249196303713549,194692.8141171875,0.5497270226478577,3.00781243822712e-06
821,0.9522562935017377,-0.0175747681921278,177335.3149765625,0.8565762639045715,5.552520633500535e-06
822,0.9608399401204494,-0.028169142351916435,166493.26267773437,1.5991497039794922,9.40738209465053e-06
823,0.8748572841980469,0.03838759637280692,201544.55598828124,0.964926540851593,6.1611067394551355e-06
824,0.9837523149101152,0.005848745240245516,235628.39094726564,0.4447823762893677,1.8605522882353398e-06
825,0.9042928025984227,-0.05913675381546228,264330.65044726565,2.020219564437866,8.169472494046204e-06
826,0.9967165225725243,-0.0008437954148841107,238464.14640039063,0.4480161964893341,1.893014882625721e-06
827,0.8438168981294811,0.022718075516068564,224811.88029589845,0.6601960062980652,4.185875695839059e-06
828,0.9797222504654766,-0.007545100403053053,266633.16168359376,1.4504181146621704,5.3910603128315415e-06
829,0.9925907335705237,-0.014819055204668953,206324.945234375,2.569876194000244,1.1663693840091582e-05
830,0.8639377701140024,-0.08578898205872616,212976.3987890625,2.9085159301757812,1.8653843653737567e-05
831,0.9973536379442286,-0.006895641792056951,193734.73286523437,2.1490166187286377,1.0589780686132144e-05
832,0.9751307048201113,-0.03203848864046759,189167.73597851561,2.242913007736206,1.3809404663334135e-05
833,0.964587964141003,-0.03838395399356993,160923.07194921875,2.146170139312744,1.5056082702358253e-05
834,0.9421422128437812,0.008577174969504416,153036.56424414064,0.6323055624961853,4.5154174586059526e-06
835,0.8911450635397543,0.03184700162878386,165051.43490234375,0.8287075161933899,5.674077783623943e-06
836,0.8893610851951286,-0.06917692964715529,183799.64531152343,2.0348548889160156,1.2386097296257503e-05
837,0.6316398795512772,-0.03227414467013677,191290.19573242188,0.6266772150993347,3.329632363602286e-06
838,0.7722133753625207,0.11127852880430729,205680.340234375,1.394476294517517,1.2602722563315183e-05
839,0.7270568479684338,0.032568064018516266,197762.2751972656,0.4931325912475586,3.4659935863601277e-06
840,0.9832969377339029,0.003460038820659935,177876.8132939453,0.3833899199962616,2.4016580937313847e-06
841,0.8991722535407362,0.017379137140095643,185332.63987109374,0.6881636381149292,4.012652425444685e-06
842,0.9940101590748063,0.003232218949305743,201810.0467841797,1.002774953842163,4.948099558532704e-06
843,0.8802363414124962,0.0291383899964848,242989.58182226564,1.7270801067352295,8.675076060171705e-06
844,0.6709034436048222,-0.03879265032658668,183774.0202109375,1.9236596822738647,1.0338115316699259e-05
845,0.8093440514316369,0.036022424751686884,293827.01869140624,1.7089735269546509,5.25766654391191e-06
846,0.9562535754553801,0.012090547776623887,195503.18931445314,0.9173403978347778,5.100393536849879e-06
847,0.9667750442329931,0.012367101131061858,192115.15151660156,0.8882964253425598,5.184725523577072e-06
848,0.9937201561123501,-0.003597515603115067,178145.6312890625,0.7001522779464722,4.3098248170281295e-06
849,0.964653814898305,0.013802553408463116,158441.30027832033,0.694180965423584,4.871571491094073e-06
850,0.9757436932811498,0.013653730685422371,176183.5458486328,0.9320836067199707,5.2743334890692495e-06
851,0.970534121599166,0.005718485818957301,174978.14825390626,0.4000512361526489,2.2101448848843575e-06
852,0.9690284673892423,-0.008076405120452067,258418.61179296876,0.6285397410392761,2.7818127819045912e-06
853,0.9444469120322176,0.008698222486533581,191943.79697070312,1.0579564571380615,5.3062799452163745e-06
854,0.7966125524782587,0.04689117596991312,191390.85441601562,1.4665721654891968,1.4154411474009976e-05
855,0.938726008386796,-0.007511895250128664,242169.05730078125,0.5095052123069763,2.1493278836715035e-06
856,0.7091344498719041,-0.012358037285684166,142117.23177050782,0.2356421798467636,2.568342551967362e-06
857,0.9923635262409783,-0.00032291101909899875,136904.66355664062,0.33378538489341736,2.3738841719023185e-06
858,0.6460292524467521,-0.04182281895602003,150199.62609960936,0.6577370762825012,5.59514228370972e-06
859,0.9302779007834759,0.007686956719439877,159682.24678515625,0.3141283392906189,2.2440540305979084e-06
860,0.8610066880392482,-0.009013118644374369,185125.2039609375,0.16644403338432312,1.32955756271258e-06
861,0.9438876172022744,0.00443181464252418,200078.3963984375,0.21894749999046326,1.122531898545276e-06
862,0.9788837025381497,0.01037546294557076,245861.38463671875,0.729261040687561,2.910198190875235e-06
863,0.8887988437878395,0.022778542300068913,290359.7033945313,0.7841156721115112,2.7562316518014995e-06
864,0.9365992671712807,-0.023698846606039378,288484.4901171875,1.3220055103302002,5.756916834798176e-06
865,0.8563508678029695,-0.03264110433913826,281664.9484453125,1.2649753093719482,5.2699115258292295e-06
866,0.814748154967565,0.04931655761974568,212016.39622851563,2.1332032680511475,1.2151227565482259e-05
867,0.9670197194168342,0.0016314451538476126,138251.02373242186,0.30491718649864197,2.122805426552077e-06
868,0.9954483699253897,-0.0005658558358709915,141729.59881445311,0.2477383315563202,1.7556515103933634e-06
869,0.8499353992878329,-0.01643962548667444,147474.56683886718,0.3589816093444824,2.828481910910341e-06
870,0.9251922693049667,-0.008162756849368647,157556.06517480468,0.25987136363983154,2.0384336494316813e-06
871,0.9388576375593631,-0.007686458010321157,194942.74196679686,0.3109634518623352,1.544665110486676e-06
872,0.9397721816477953,-0.0054591815026156535,210194.33332421875,0.2412245273590088,1.2538108649096102e-06
873,0.9948510614005129,-0.0016960287740373278,198463.49472851562,0.31510376930236816,1.6646197309455601e-06
874,0.9704825852612022,0.006123988253513629,262746.713859375,0.5017805695533752,1.922618366734241e-06
875,0.9819330232096274,0.005796580764478093,250801.56838867188,1.3426871299743652,5.1368187996558845e-06
876,0.9707596445173807,-0.004100990679977315,311390.35555859376,2.4436793327331543,8.436292773694731e-06
877,0.9135136864400725,-0.02096588842896105,252595.81382617189,1.6909760236740112,6.259867859625956e-06
878,0.4385920216026797,0.052394668985267644,191400.8951640625,0.8038861751556396,7.893519978097174e-06
879,0.993861960077185,0.00656279878857506,136597.41619042968,1.257105827331543,9.844291525951121e-06
880,0.9606160252591243,0.00606417670633911,150995.82296484374,0.401060551404953,2.5599740638426738e-06
881,0.9408527864698801,-0.005033112253152039,150551.60962402343,0.21542757749557495,1.5318855730583891e-06
882,0.9911739366480096,0.0006806121610260836,184983.65536914062,0.0945003405213356,5.24215920449933e-07
883,0.7503522971958607,0.003076525303254696,196273.97354003906,0.07518897205591202,3.616887909174693e-07
884,0.9968692082099164,0.0008361708761659341,217173.31086328125,0.2158723622560501,9.508844414085615e-07
885,0.9959830076863253,0.0017401508792235414,246295.20437109374,0.37110674381256104,1.5580422996208654e-06
886,0.8255743700594366,0.014857518196778148,283335.3675234375,0.3286563456058502,1.4226474149836577e-06
887,0.8850820905816523,-0.03909283372041217,209698.73349804687,1.4205387830734253,9.02030024008127e-06
888,0.7896088025645231,0.048165104872737625,160043.79010644532,1.8317509889602661,1.5036959666758776e-05
889,0.9855994134595832,0.00016532467030420993,232474.43265234376,0.6413726806640625,2.632266841828823e-06
890,0.6558764107643316,-0.02565908374505451,131301.20814453124,0.4389127194881439,4.840446308662649e-06
891,0.9744762532514812,-0.004848131955041859,149633.11912890626,0.2855299711227417,2.0208331079629716e-06
892,0.8092935494875746,-0.014195772616328097,154011.52445117186,0.22619406878948212,1.997449771806714e-06
893,0.992082546104748,0.0016834585279226983,153744.7161796875,0.24670779705047607,1.606423779776378e-06
894,0.9822654447760077,0.0012988288216860102,191395.34573242188,0.12844263017177582,6.866127364446584e-07
895,0.9902105745948151,0.002349287003258903,196737.1022871094,0.267969012260437,1.3523701909434749e-06
896,0.9741314563407506,-0.004106603330629838,212101.89877929687,0.23608270287513733,1.1376213251423906e-06
897,0.7933019951088626,0.017312461876863503,253895.64105664063,0.26772403717041016,1.6523473505003494e-06
898,0.65047973696758,-0.053331320347354834,271047.9973710938,0.9797372221946716,4.647307832783554e-06
899,0.9571908666671463,0.012182390901375828,263619.2592070312,1.3328847885131836,4.72852252642042e-06
900,0.5288724756845993,-0.07775257013916188,257505.80504882813,1.424557089805603,1.0377644684922416e-05
901,0.3937629587270231,-0.12796104234678135,305625.52349609375,1.4187281131744385,1.0774595466500614e-05
902,0.8750078524246699,0.020781979455618337,205166.06500195313,0.9575416445732117,4.988744876754936e-06
903,0.9619522080368879,-0.009948667044141738,145879.80288085938,1.253594994544983,8.706950211490039e-06
904,0.3195223102667201,0.07245439572822854,172133.4036875,0.8452852964401245,8.052040357142687e-06
905,0.9928318492720805,-0.0015604657712366108,148601.0439667969,0.3215239346027374,2.010376647376688e-06
906,0.9982894251666509,-0.0006139542631701565,193178.6278203125,0.3740943372249603,2.011484639297123e-06
907,0.7843468784611075,0.01627415327872236,209627.2444892578,0.3830881416797638,2.002713472393225e-06
908,0.8852378223283117,-0.008407885733685151,244705.50990429686,0.1942097395658493,1.0984837217620225e-06
909,0.9982079828438666,0.0018726597430855617,256398.0393359375,0.6879250407218933,2.579507736300002e-06
910,0.9649844446993009,-0.016833551313168396,291047.01662109373,1.6720302104949951,5.457584393298021e-06
911,0.7820350390805189,-0.05193883175241604,185351.06401171876,2.103578567504883,1.4738536265213042e-05
912,0.9428768032534643,0.047302688607271846,222546.45568554688,2.996983528137207,1.3900779777031858e-05
913,0.7519706149082094,0.027526911069326435,184654.49781640625,0.6584032773971558,5.039536517870147e-06
914,0.9845047372773272,0.004636979173738965,143740.18423828125,0.46400004625320435,3.035445161003736e-06
915,0.9632017026630387,0.0040845872481759925,152630.00362304688,0.25355854630470276,1.5020580121927196e-06
916,0.6596393500396315,0.009155817415216325,155675.36920996095,0.1152738481760025,1.1872315326399985e-06
917,0.8052239910371618,-0.012852188327049785,179005.57847265626,0.23982201516628265,1.6792404267107486e-06
918,0.8308216933423392,0.016164310948644636,185522.35880957032,0.3478397727012634,2.3431653062289115e-06
919,0.8609939452686003,-0.00805922282763338,249945.31811328125,0.2841252088546753,1.3962212506157812e-06
920,0.8906048167635167,-0.01136346972748781,301977.01831640623,0.4724154770374298,1.4386907878360944e-06
921,0.9941200850453425,-0.002983524895509595,340612.09541992185,1.047448992729187,3.3023634387063794e-06
922,0.813400571694755,-0.06701222794575967,220015.6233515625,2.2574973106384277,1.3192378901294433e-05
923,0.43448844937304626,-0.15895987590023863,248682.88051171874,3.0296597480773926,1.6808606233098544e-05
924,0.9951436679040081,-0.005545827736303251,129744.72207910156,1.2998863458633423,9.96505877992604e-06
925,0.9754008414224277,-0.016928100822242435,140681.8151953125,1.271250605583191,9.151158337772358e-06
926,0.7659975702345468,-0.031025935612683832,143962.3392578125,0.5243900418281555,4.581744178722147e-06
927,0.5414755204740007,-0.3743956712240256,150210.99473046875,5.2377142906188965,4.2438983655301854e-05
928,0.9905229832241682,-0.007959099076107324,155209.30323632812,1.3089579343795776,8.994021300168242e-06
929,0.9092263841568891,-0.0738308667760675,158490.5086230469,1.5953718423843384,1.4577523870684672e-05
930,0.9658264794572884,-0.018401418506958207,152994.96775976563,1.1717275381088257,8.57541544974083e-06
931,0.3681103416472276,0.11096621952066038,174670.52358984374,1.1490966081619263,1.112304744310677e-05
932,0.9974618533005258,0.0011829723503654504,146771.77179882812,0.5634520649909973,4.17158980781096e-06
933,0.9970023483603326,0.0034783653374624666,150658.66315820313,0.9732000827789307,6.673289135505911e-06
934,0.9907248491209537,-0.004947893284566714,143870.73515234375,0.8388034701347351,6.000058419886045e-06
935,0.9519646425412848,0.01637106803888272,148911.84960546874,0.8167301416397095,6.132475391495973e-06
936,0.9982346146288982,0.0013100593046294765,148172.1045234375,0.9584879875183105,6.790994575567311e-06
937,0.9070465329872499,0.02724134716176574,174123.95853710937,0.9506787657737732,6.641944310104009e-06
938,0.8051134092742765,0.03288873865328885,184558.1353359375,1.0615016222000122,6.386379027389921e-06
939,0.5479478749605436,-0.02130286610204934,217042.26801171876,0.5472072958946228,3.6097928841627436e-06
940,0.6611700177806672,-0.0976620439784877,148635.12183203126,3.7170417308807373,4.044373781653121e-05
941,0.8787862156009576,0.034524492093957644,94621.91091308594,1.779697299003601,2.6454246835783124e-05
942,0.893434083107925,-0.036665335455702164,234730.30269921874,1.7686123847961426,1.0363763976783957e-05
943,0.8013784102211412,-0.05528720938891298,193426.69797070313,2.07635235786438,1.2878229426860344e-05
944,0.9794376243885302,0.018001504733023567,180116.44933984376,2.0575673580169678,1.3040579688095022e-05
945,0.47112880440260035,0.058964715449367815,160779.915609375,1.046283483505249,9.153111022897065e-06
946,0.9379403126292375,0.018861517213990573,165950.50098046876,1.1978182792663574,7.444080893037608e-06
947,0.8571271763598802,0.026117479184062722,168627.81353515625,1.104028344154358,7.350647592829773e-06
948,0.6886943851077926,0.02070830473281724,184879.54412109376,0.42648303508758545,3.8371572372852825e-06
949,0.6044149405849645,-0.024579144162484745,195271.3927734375,0.7822345495223999,6.946234861970879e-06
950,0.3039971642396025,-0.05589565979432715,114645.56377734375,0.9998993277549744,2.1813944840687327e-05
951,0.9156675249665168,-0.026472225930184043,190723.07275585938,2.062913417816162,1.2152537237852812e-05
952,0.9760691935065552,0.019504814074197935,215561.50603125,7.53692626953125,4.267929762136191e-05
953,0.9468857417397586,0.027423154187005253,192070.00351171874,1.6742550134658813,9.765448339749128e-06
954,0.978391161912947,-0.01564638659961741,175452.31092578126,1.8698424100875854,1.1350149179634172e-05
955,0.9328189552489171,0.023168719724591474,134417.677765625,1.1276769638061523,8.406858796661254e-06
956,0.9037259861966777,-0.013509234833636604,135729.65645019533,0.4393344819545746,3.846752406388987e-06
957,0.9808554569813045,0.003314652700606262,196959.88291210937,0.3534645438194275,1.8417078990751179e-06
958,0.9401396763506696,0.006438659753137023,293832.7811328125,0.3936387598514557,1.5728056723673944e-06
959,0.9937824585358135,0.003359539005111682,305566.91997070314,1.2062102556228638,4.037263806822011e-06
960,0.5939469352117058,0.05501522418300999,124055.55389648437,0.7524495124816895,1.9166613128618337e-05
961,0.7833997004410987,0.058642373017663015,147578.1096982422,2.2883338928222656,2.4918410417740233e-05
962,0.8223563981523399,0.017454130379811368,200688.1234453125,0.559858500957489,3.4840327316487674e-06
963,0.9137404786955914,0.006117448803682415,179108.23917578126,0.2504238784313202,1.6636543023196282e-06
964,0.8743621679726075,0.01472787733917334,163053.67912695312,0.3938983082771301,2.762342546702712e-06
965,0.998630690910883,-0.00022856745121134026,162306.1133046875,0.22290614247322083,1.5284118717318051e-06
966,0.7735626788940309,0.011765785239038418,152367.51593945312,0.22419117391109467,1.7444014019929455e-06
967,0.9348398366883943,-0.009275753381334396,163965.8045546875,0.347875714302063,2.1466403268277645e-06
968,0.9956472809608438,-0.0010574006633592235,155351.3523730469,0.26927465200424194,1.8565732489150832e-06
969,0.987250887589611,-0.001715951324317373,195967.83852734376,0.21324793994426727,1.0829184020622051e-06
970,0.96519807319706,0.001045896502107882,265957.8856679688,0.08823094516992569,4.206126789085829e-07
971,0.9903119545031817,0.0017663712678530512,275098.5518457031,2.168599843978882,7.196582373580895e-06
972,0.9966949235269562,-0.005326119227027678,221015.08455078126,1.7154827117919922,9.459554348723032e-06
973,0.9922634152256696,0.011871818047980194,212540.37106445312,2.7508981227874756,1.492897717980668e-05
974,0.9630870785465113,0.005234010979635709,211494.49999609374,0.40072450041770935,2.1229811864031944e-06
975,0.9533677485501584,0.005153729389658281,142779.96026757814,0.2741508483886719,2.120117869708338e-06
976,0.8283802493771535,-0.005621698324074378,154938.20016796875,0.17240387201309204,1.1335158660585876e-06
977,0.997503680184505,0.0005877942326770209,149521.95159375,0.20586912333965302,1.3845871080775396e-06
978,0.9621112603423441,0.007799616319450727,167267.14549804688,0.40561166405677795,2.5912736418831628e-06
979,0.9441550422416366,-0.008449523181979715,180626.90669433595,0.3708288371562958,2.133208909071982e-06
980,0.9645002399798465,-0.005025276770720911,180256.92826953126,0.24718783795833588,1.6632087636025972e-06
981,0.9984484269055822,5.9320580120803434e-05,213374.60606835937,0.23806138336658478,1.2122768566769082e-06
982,0.7119645009392344,-0.01358969505506468,298481.5596640625,0.23534561693668365,1.4136726349534001e-06
983,0.9903996237424579,-0.0015249518379616119,340551.8165,1.0674831867218018,2.9810669275320834e-06
984,0.7497228195033954,0.05694767023099614,367563.27229296876,2.848214626312256,9.448212949791923e-06
985,0.9756315836073978,-0.010590948970278746,221137.947234375,2.4109766483306885,1.0621489309414756e-05
986,0.9413644606085902,-0.008899660447298022,215231.17038867186,0.5696329474449158,3.1922902508085826e-06
987,0.8575848093915625,-0.013549705880036893,143598.49191015624,0.358913779258728,3.5657644730235916e-06
988,0.7199409349291174,0.019262875680519456,161499.76848828126,0.5364452600479126,4.1096391214523464e-06
989,0.9890643673003082,-0.0027802251230699417,150257.08136914062,0.3157539367675781,2.0679506178566953e-06
990,0.7956497510077085,0.014908758070068003,206486.18254492187,0.4289599657058716,2.223776846221881e-06
991,0.7746901612299024,-0.014211079891181914,242510.4246875,0.45653775334358215,2.0191391740809195e-06
992,0.9143206080158924,0.005342495081321831,295421.41297265625,0.24899430572986603,1.1194764510946698e-06
993,0.8091945359842326,0.011217109868542345,330776.2317128906,0.9538576602935791,2.9501773042284185e-06
994,0.8114908672903147,0.03782663241354079,248598.92216601563,2.529916524887085,9.180200322589371e-06
995,0.9244888345589453,-0.019695868497376232,254470.23702148438,1.0761792659759521,4.263778009772068e-06
996,0.8199454362696216,0.019481789634898293,204610.1587421875,0.5188839435577393,3.874185495078564e-06
997,0.7882157954108683,-0.008578202130781002,141871.03065039063,0.19160497188568115,1.779695139703108e-06
998,0.8688723654613131,0.0126190848834249,146984.59340234374,0.4128541648387909,3.1978493097994942e-06
999,0.8399868121081548,0.009419530150418336,167041.32339257814,0.25910019874572754,1.6373453490814427e-06
