state_idx,cos_sim,mean_A,mean_g_norm_sq,v_unbiased_norm,v_intentional_norm
0,0.7802978454762394,0.017949543234194915,76425.3279921875,0.5861544609069824,1.0021312846220098e-05
1,0.9912991855351734,0.0037002735126325675,139217.71293847656,1.0765380859375,8.659878403705079e-06
2,0.9550256247268119,-0.014726252625849482,170622.78829492186,1.05186927318573,7.523385647800751e-06
3,0.9898336487733106,0.003036052381140223,196856.746359375,0.9549762010574341,5.490276635100599e-06
4,0.9772071910511698,-0.014028735938251134,231306.23206445313,1.2440944910049438,6.4791533986863215e-06
5,0.6362877893027504,0.061234900596385686,244748.90114453126,0.7595663070678711,6.872466201457428e-06
6,0.9800898270428603,-0.004286959047414607,230024.80867773437,0.6420282125473022,2.6599109332892112e-06
7,0.9304309857161708,0.01850119733500096,214473.18445117187,0.7729025483131409,4.756929683935596e-06
8,0.7534489874471934,-0.019756769026132208,150550.8201015625,0.5290352702140808,5.299491476762341e-06
9,0.5805465396563517,-0.04365008819252284,143973.34273046875,0.6978796124458313,1.2221450560900848e-05
10,0.9504173598633171,-0.011221189588588221,124160.88371875,1.1282484531402588,9.402609066455625e-06
11,0.6973985639193465,0.04362698268514328,115576.22079882813,1.8067610263824463,1.8881188225350343e-05
12,0.7580439130806801,-0.05810963899623993,66702.51512109375,2.4088680744171143,5.172170858713798e-05
13,0.9209474977079883,0.02568180875366675,182197.50389257813,2.229822874069214,1.3933579793956596e-05
14,0.9447756383798448,0.014322010589978848,236457.05905078124,1.1240344047546387,5.139976110513089e-06
15,0.9353400908132816,-0.01732045420859108,230259.8580810547,0.9544787406921387,5.724075435864506e-06
16,0.889756135703435,0.013992966003594313,236986.20998046876,0.9648560285568237,4.385053216537926e-06
17,0.9917902554569176,-0.0007696467199845407,193141.23332226562,1.3086944818496704,6.5790818553068675e-06
18,0.8847847687387758,0.013989612250245441,233203.56140039064,0.5888266563415527,2.884588184315362e-06
19,0.883574254586873,0.01622583814996725,142713.80099316407,0.7209828495979309,6.256253982428461e-06
20,0.9357252503971534,-0.005615378074695227,103384.64302148437,0.3472563624382019,3.6708454445033567e-06
21,0.7264327300002382,-0.031792338024914255,132274.52978320312,0.7277176380157471,6.580145509360591e-06
22,0.9964201327728052,0.0004844457100146315,133332.49336132812,0.11662523448467255,9.230704449691984e-07
23,0.9222039179506792,0.008254133819196815,135065.05409960938,0.262054979801178,2.2025938051228877e-06
24,0.42424346447897426,-0.012351864847917423,128550.29513476562,0.14147625863552094,1.4122356333245989e-06
25,0.5449236127946108,-0.01482999384490229,122520.12612988282,0.14176256954669952,1.937383785843849e-06
26,0.9299924097997143,-0.0023002707269145204,145727.79516210937,0.1261284053325653,7.840866942387947e-07
27,0.7406515559168149,0.01499308566902256,203168.82667578125,0.2874625623226166,1.8555288079369348e-06
28,0.6368479232511278,0.017626288049389323,303168.21610546875,0.49885231256484985,2.4518903956050053e-06
29,0.2597317031900263,-0.06054227009207595,209335.01435742187,0.9469178915023804,9.532092917652335e-06
30,0.9786160824877786,-0.025056305390430553,163216.39952734375,5.041346073150635,2.508503894205205e-05
31,0.6104614480391908,-0.037622602810033254,173002.1091074219,0.6822282671928406,6.7035671236226335e-06
32,0.9751967722270913,-0.004027119315928809,115115.83193554687,0.365995854139328,3.2806722174427705e-06
33,0.9861310026902477,-0.004246167821363844,127513.27478515625,0.4871450364589691,3.739324711204972e-06
34,0.6360917071281533,0.028932923318177046,135148.1777890625,0.2785000801086426,4.318965238780947e-06
35,0.9986044695565437,-0.0003875399158908315,140795.81074804688,0.34524810314178467,2.5513356831652345e-06
36,0.9658975253487541,0.006724987204587485,132076.5866464844,0.35739389061927795,2.8145529995526886e-06
37,0.975110780255344,-0.017400281628943817,127356.02774707031,1.2828177213668823,1.0717933037085459e-05
38,0.5747826886189628,-0.009848592978905836,138595.52645507813,0.1594090610742569,1.4920642570359632e-06
39,0.5958988471014087,-0.03581039474692785,157390.92148632812,0.319713830947876,4.337049631431e-06
40,0.9797958824485916,-0.013145908074661247,204958.49008203126,1.219422698020935,5.967579454591032e-06
41,0.9880624952582036,-0.010619832421972458,333477.117125,2.0284652709960938,6.112216851761332e-06
42,0.9881970137571524,0.004554369060008165,335650.94934375,1.7423732280731201,5.1537372200982645e-06
43,0.9507284513026829,-0.04359232850962904,352257.1205546875,4.485754013061523,1.2837985195801593e-05
44,0.981904788595349,-0.010185748708612951,236138.62159765625,2.907529592514038,1.1827863090729807e-05
45,0.6963222342786641,-0.021287822240556628,145538.21152539062,0.5219971537590027,6.482678600150393e-06
46,0.9683988329350031,-0.01446773974101056,146566.70043945312,1.229740858078003,8.97573227121029e-06
47,0.9951751207693016,0.0003182116839339737,125929.79412890624,0.9392091631889343,7.1460508479503915e-06
48,0.7990796705239331,0.019820027818427725,146600.03890234375,0.6742807030677795,5.9320068430679385e-06
49,0.9906270112980378,0.004267929470515994,215681.31361132814,0.7844317555427551,3.9816968637751415e-06
50,0.7836232151656038,0.027887580439211388,218585.43861328124,0.9034388661384583,5.339902600098867e-06
51,0.9910041856461286,-0.0008856315744840981,198429.82392382814,1.1934236288070679,5.826145297760377e-06
52,0.9306821965777714,-0.030533362228760404,218650.9489394531,1.5104386806488037,7.060611096676439e-06
53,0.6631379428173728,0.05308441333515429,269755.3097021484,0.9588953852653503,5.8774944591277745e-06
54,0.7442948784677386,-0.03592015696187716,236075.13828515625,1.1879498958587646,8.027966032386757e-06
55,0.991873791102887,-0.036194010255981734,235284.82501171876,9.905402183532715,3.947328877984546e-05
56,0.9692194527088843,0.012256977068486833,131954.14326464845,1.1913572549819946,9.894846698443871e-06
57,0.9893744943717733,0.003073453094617574,111329.65601757812,0.5942140817642212,5.4043021009420045e-06
58,0.9541158529126574,-0.032233857213869226,117648.601359375,1.2534468173980713,1.2441618309821934e-05
59,0.9726729180058571,-0.015708142326131914,112307.35629003907,0.8888984322547913,7.994322913873475e-06
60,0.9626342060287643,0.010112634868024134,118129.14791210937,0.7144363522529602,6.7291771301825065e-06
61,0.7188019763604533,0.03279402591235086,110209.67887207032,0.46935251355171204,6.1629129959328566e-06
62,0.6750162959721616,0.015448282262522088,106531.77599609375,0.20074890553951263,3.1176953143585706e-06
63,0.9569770585219338,0.006467088348098873,113092.40935253906,0.3002265989780426,2.9992052077432163e-06
64,0.9910193814174955,0.0036997091171295914,127882.63484960937,0.3436878025531769,3.0305373002192937e-06
65,0.7685285506007171,-0.0204905870660071,158735.40271875,0.37178775668144226,3.1756214866618393e-06
66,0.6828827143847435,-0.04915191081952456,268672.74193359376,1.1920491456985474,4.859158707404276e-06
67,0.9764056967117828,-0.01113424987765462,260216.51505859374,1.4902616739273071,5.952696938038571e-06
68,0.9830319274662612,-0.014797790894603643,276292.0924921875,2.0841944217681885,7.634891517227516e-06
69,0.9878181549446241,0.006126998614760792,223939.22112304688,1.5257530212402344,6.970041340537136e-06
70,0.9903371398882481,0.00908987737426558,268598.8937148437,3.557865858078003,1.160080500994809e-05
71,0.9807082656864439,-0.010706844206741164,222899.39867578124,2.6728224754333496,1.2817063179682009e-05
72,0.9598606294292903,0.007003766768735377,260779.73349609374,0.6952611207962036,2.7122723622596823e-06
73,0.9022088631423831,-0.02056542526435221,159055.97459277345,1.0762182474136353,9.131933438766282e-06
74,0.9936924371466609,0.0025171776693115352,125083.94746972657,0.9469614028930664,7.468032436008798e-06
75,0.9237455867982391,0.009412267733961614,115068.39634375,0.7726364135742188,6.932854375918396e-06
76,0.8142765961451622,-0.010143811459129048,124031.13467382813,0.4537287652492523,4.0635254663357046e-06
77,0.22700155112452597,-0.023433475392182813,204675.98263671875,0.5105714201927185,4.990066827303963e-06
78,0.9118657374280987,-0.035066483059707394,244321.2940234375,2.5783934593200684,1.0155765266972594e-05
79,0.9242511046841994,-0.035946999461090944,206601.2129609375,3.328559637069702,1.5100150449143257e-05
80,0.9715650263209027,-0.005924784594926436,258440.09598828125,1.1807870864868164,4.395375526655698e-06
81,0.7604391776832717,0.01100285456547658,198682.63792578125,0.6065233945846558,3.143141384498449e-06
82,0.9171251918785805,-0.03896634650663869,133903.13305664062,1.8043737411499023,1.4878487490932457e-05
83,0.9936967156768607,-0.0055157314415522464,118399.2362578125,1.2862359285354614,1.064097523340024e-05
84,0.9958671458144592,-0.001299449597136117,114916.22601757813,0.8202216029167175,6.810743798268959e-06
85,0.7617795316294801,-0.020417386751563796,192897.64370507814,0.7191498279571533,4.567958967527375e-06
86,0.645243504859883,-0.03353207481567248,234027.6970546875,0.7808210253715515,6.307504008873366e-06
87,0.9090195213932714,-0.04378338339503714,186510.08800683593,2.5389299392700195,1.8291631931788288e-05
88,0.7578761270318315,0.05960018693154214,251527.70482226563,1.9429802894592285,7.93477283878019e-06
89,0.8050391834339592,0.015096453405179542,189397.45825585938,0.43799927830696106,3.7953993796691066e-06
90,0.9127829375229477,0.008503657741777042,137575.9968203125,0.5326711535453796,4.1828639041341376e-06
91,0.9922883585240947,-0.0021252990722085132,120953.16315820313,0.4378613531589508,3.3680123578960774e-06
92,0.9728544267868726,-0.005844849173064505,144082.4123046875,0.3977603614330292,2.7626717837847536e-06
93,0.9650096559662529,-0.0071527218799546845,163450.51653320313,0.40685364603996277,2.458707285768469e-06
94,0.8791784134367726,0.01672964262559414,218724.70569140624,0.4830232858657837,2.7422429411672056e-06
95,0.9276987381955143,0.005792967914350394,251060.04124414062,0.5045570731163025,2.0018908344354713e-06
96,0.973411522804768,0.008059784798946534,157624.26231640624,1.9573942422866821,1.2050352779624518e-05
97,0.934260464916633,0.023343471244449198,150245.95556835938,2.4313039779663086,1.8148204617318697e-05
98,0.8498739990774004,0.01847189828533407,205576.080328125,0.6504648923873901,4.622802407538984e-06
99,0.8604587997827343,-0.008823389461871625,108732.06778515625,0.4265632629394531,3.454240186329116e-06
100,0.8444593574478724,0.010042638495255581,131343.13705859374,0.21601839363574982,2.317062580914353e-06
101,0.8152404667289695,0.00914834021558435,144773.06033398438,0.17861215770244598,2.137220462827827e-06
102,0.894346057732809,0.0032014380334879273,176381.82860742186,0.11217308044433594,7.448459200531943e-07
103,0.9802163692529576,-0.0045186253944393346,217224.9894375,0.4070289433002472,2.133907173629268e-06
104,0.9434898285219404,-0.011026590564915754,228155.44755273437,0.5536502003669739,2.835042096194229e-06
105,0.7354047023591426,0.02189105317648997,367451.56371484377,0.5558103322982788,2.3203599539556308e-06
106,0.9729999914306475,-0.009222421706692423,379709.33467773435,1.439333200454712,3.7677523323509376e-06
107,0.9915743913787651,0.006277696849585418,135284.82803125,2.997911214828491,1.9933715520892292e-05
108,0.9249295688654692,0.020810516189232235,272199.6066503906,1.010106086730957,3.970796115027042e-06
109,0.8066076615941834,0.011328017560632238,143838.47935253906,0.4048483073711395,3.1581378152623074e-06
110,0.9704553361597579,0.0013767599295727675,111342.16954296875,0.18749938905239105,1.5826910839678021e-06
111,0.9973747627025823,-0.0011670557766779764,114884.55004101562,0.6708200573921204,5.553415121539729e-06
112,0.9777800874683967,-0.0033125390768645293,174860.69518164062,0.40398970246315,2.590194526419509e-06
113,0.8290166006659357,0.014866460767659951,348063.184765625,0.6102900505065918,2.2782787709729746e-06
114,0.9144334335445689,-0.014836465794750243,241361.5015859375,1.4567780494689941,6.175443559186533e-06
115,0.8887827287410535,-0.02788629777435682,288404.7628671875,2.199758529663086,8.120348866214044e-06
116,0.8053018851481518,-0.010468791252681605,185851.01664453125,0.429569810628891,2.917455503848032e-06
117,0.9681064026662436,-0.004209609286738994,120787.0442421875,0.3647341728210449,3.2135469609784195e-06
118,0.9903925841417459,-0.0014658804764939553,133859.39596484374,0.2300773411989212,1.565320644658641e-06
119,0.9944471283149049,-0.00162903099802304,170440.4353359375,0.31618747115135193,1.8265041035192553e-06
120,0.9981489125811838,-0.0014492152700563761,220260.13901171874,2.5660316944122314,1.2568449164973572e-05
121,0.8089661606070315,-0.02315400604447702,317455.36355859373,0.5185918807983398,2.520861244192929e-06
122,0.9845607603985324,0.0076010994428752955,242442.56659570313,1.0750908851623535,4.086734406882897e-06
123,0.8084207161018172,0.03854479837191837,292790.23173828126,0.9040127992630005,4.430842182046035e-06
124,0.9230038054444867,0.019190191043833463,305844.5056357422,0.8032323122024536,3.7740026073151967e-06
125,0.831502729724438,-0.04587487101547147,189396.85993945313,1.379787564277649,1.2666692782659084e-05
126,0.9682595315554348,0.024358194467046502,211714.47802148436,2.061352014541626,1.0181843208556529e-05
127,0.9335881077034944,-0.012802727845442098,115871.0838955078,0.498403936624527,5.893442903470714e-06
128,0.930815109791843,-0.014650046431922959,126607.1103984375,0.5227635502815247,5.189609510125592e-06
129,0.9961525086129345,-0.0021198254831544206,149669.27174902344,0.4294208586215973,2.950094540210557e-06
130,0.474972085204625,-0.03544839872813301,176140.713671875,0.2251257300376892,3.5233392736699898e-06
131,0.9923271869912476,-0.0032551328816700616,188626.46554296874,0.5116198658943176,2.4911716991482535e-06
132,0.9733127617530919,0.02824289235736669,224810.8794921875,2.115532159805298,9.68739823292708e-06
133,0.990541805334977,0.01653688100995574,266851.6226503906,2.646013021469116,9.729092198540457e-06
134,0.9918050949259922,0.01299255041662509,298552.539421875,2.795417070388794,9.030663932207972e-06
135,0.48199957501643365,-0.0800615279522254,254633.96239453126,1.423588514328003,1.059482656273758e-05
136,0.4639112569968213,0.03181341890468668,166701.70842578125,0.519730806350708,7.2625211942067835e-06
137,0.7724345780658677,-0.032780040637730865,133229.79083105468,0.9878919124603271,8.304590664920397e-06
138,0.5750675831095232,0.04047294737331792,139572.8756611328,0.5841701030731201,6.323027719190577e-06
139,0.9100458789815624,-0.008467666035013675,145204.9390234375,0.28927281498908997,2.2413962597056525e-06
140,0.9968001340281083,0.0006758512835470495,151495.33579296875,0.280230849981308,1.916047949634958e-06
141,0.9995022212186904,-0.0006737320438757743,157295.04448632812,0.4389749765396118,3.028372702829074e-06
142,0.9439792404634058,-0.01419362426092108,145332.85896289063,0.632942259311676,5.254642019281164e-06
143,0.9495432872973294,0.00699987904717231,158064.2764609375,0.30519506335258484,2.3394691197609063e-06
144,0.7950630923559483,0.01373162002930517,225589.70731835937,0.37256598472595215,1.733610929477436e-06
145,0.9907403799944501,-0.007344819523379494,358007.6830039063,1.7115318775177002,4.360320417617913e-06
146,0.11969324716432286,0.0567335595440532,204286.938171875,0.8847839832305908,1.2196265743114054e-05
147,0.8258414093139375,0.03990439656771747,147722.034390625,1.9586379528045654,1.7172604202642106e-05
148,0.773860368552825,0.010988098259072444,159402.06966015624,0.3540615141391754,2.718410087254597e-06
149,0.9915817168829764,-2.1929633550351378e-05,108381.16284570312,0.10259954631328583,9.308016046816192e-07
150,0.9917218615557809,0.0001072431401901568,119718.48202636719,0.09974286705255508,8.68511676799244e-07
151,0.956913102390596,0.006595479485742476,120613.00110742188,0.34550124406814575,3.0721380426257383e-06
152,0.9921599193529456,0.0014793801594804128,140311.8747890625,0.1707226037979126,1.4065136610952322e-06
153,0.647452097451893,-0.0048288046894872155,163202.32778808594,0.08632669597864151,6.548395390382211e-07
154,0.97269739105485,-0.013383904330316306,141024.24014550782,0.752978503704071,5.815699751110515e-06
155,0.9327535691988852,-0.008392055901440652,187601.35873046875,0.3081655204296112,2.1558346361416625e-06
156,0.9786968450403802,-0.0030517911314519855,257898.01539453125,0.36770525574684143,1.5640273431927199e-06
157,0.5837484371745126,0.01049096758312002,422452.08547265624,0.2792043685913086,1.0064285334010492e-06
158,0.9952683305211788,-0.00019191743355151126,212064.3704296875,3.0899980068206787,1.1913562957488466e-05
159,0.9104471026322934,0.031996173743098336,258734.42607421876,1.6304423809051514,8.626538146927487e-06
160,0.4851256465961562,0.010515365768743738,169760.7154296875,0.18220140039920807,2.1642247247655177e-06
161,0.9960383104483874,0.0008904662280155304,116639.28117578125,0.225463405251503,1.9823546608677134e-06
162,0.9973273321582024,-0.00026460334173564795,124742.277953125,0.13126608729362488,1.0066494269267423e-06
163,0.9937821768620975,-0.0014935943385541886,127283.01831835938,0.21375998854637146,1.6018268524931045e-06
164,0.922892598290366,0.004325064214405841,146866.92261914062,0.19297745823860168,1.4378396144820726e-06
165,0.5050858664280565,-0.01505959263829337,142283.01344628906,0.1671750694513321,1.865020749391988e-06
166,0.8297711395243454,-0.008139741852553534,155398.66008789063,0.19649580121040344,1.5916930351522751e-06
167,0.7436873457177392,0.018727709150730625,190499.51082421874,0.3680998384952545,2.711610932237818e-06
168,0.8969098224887588,0.01253941461127219,301827.5479638672,0.5063452124595642,2.2106798951426754e-06
169,0.8154464267266067,0.02018257883991391,281769.3107519531,1.0259311199188232,4.600575721269706e-06
170,0.6660540467906696,0.01610652978274028,149946.79745507814,0.6497096419334412,7.089999144227477e-06
171,0.9197774715968376,0.010870105535255076,232647.25624609375,0.8372728824615479,3.2956470477074618e-06
172,0.988962357958707,0.0008802916445747044,127258.61606640625,0.27160853147506714,1.9221513412048807e-06
173,0.9879025462260657,-0.0026426117966632944,131240.67085742188,0.316891610622406,2.2337385416904e-06
174,0.8674186652638223,-0.00580689826252318,138373.74191601563,0.14829829335212708,1.3001417755731381e-06
175,0.9920704937861259,-0.0011322278134411694,158989.3028828125,0.15207834541797638,9.956272606359562e-07
176,0.9294022680594285,0.010864253132878397,181766.28165234375,0.4396836459636688,3.175920937792398e-06
177,0.9909721816553376,-0.004732659910623711,184172.2384472656,0.7917740345001221,4.1512980715197045e-06
178,0.9643764160968125,-0.004195568248550572,260046.4571484375,0.5573684573173523,2.0031409349030582e-06
179,0.9704610462546162,0.008717598575048257,376860.24246289063,1.2225788831710815,2.9541806725319475e-06
180,0.9955129621913823,-0.001425395668667869,169690.47689257812,2.594958782196045,1.2876268556283321e-05
181,0.9369218911347378,-0.036225983506952164,343754.244484375,2.7928390502929688,8.523391443304718e-06
182,0.9435943998074813,0.004494631113100353,180152.28239453124,0.46707966923713684,2.8522474622150185e-06
183,0.9386541805595363,0.010841835985051897,100023.6945126953,0.7717730402946472,8.394444193982054e-06
184,0.9958657682833609,-0.0012355904574954492,114638.22345117187,0.41421154141426086,3.5202212984586367e-06
185,0.8824886621303739,0.006092094822092206,137136.5012578125,0.31935781240463257,2.638863861648133e-06
186,0.9539331869683298,0.002377398733507229,238874.2170644531,0.42921075224876404,1.5087301790117635e-06
187,0.3762499392321955,0.046740923666392445,174927.8538808594,0.7379772663116455,1.1214656296942849e-05
188,0.7201771700933577,0.03324016013172246,271642.85841796873,1.4909559488296509,7.536070825153729e-06
189,0.5197027398486948,0.025385814929179466,232120.92650195313,0.4206206500530243,3.2567377274972387e-06
190,0.9841404726219255,-0.002017893390146841,111216.87055273437,0.29642200469970703,2.4176956685550977e-06
191,0.8778647947495734,-0.01326377133335241,119892.44181347656,0.4274660348892212,3.80714868697396e-06
192,0.890591121058652,0.010654809694373572,128251.66699804687,0.30145135521888733,2.7932612738368334e-06
193,0.8452234663120496,-0.009154618120093619,128190.61268359375,0.26357847452163696,2.180373257942847e-06
194,0.6699093914974578,-0.012598220006679756,156080.42488769532,0.221568763256073,1.802264364414441e-06
195,0.7259678906524821,-0.008204271633531431,142853.7091796875,0.20308616757392883,1.2489758773881476e-06
196,0.8999900155961836,-0.009200678663528233,165077.10193554687,0.33593854308128357,2.522331442378345e-06
197,0.6911293192646023,-0.015346703676805686,237384.3444453125,0.35665732622146606,1.8309419829165563e-06
198,0.9890029162183166,-0.0009728465089625024,384161.11663476564,0.5598933696746826,1.3917357364334748e-06
199,0.9412407746083884,0.03499747954590277,359297.15553710936,2.4815967082977295,6.440911420213524e-06
200,0.9861609528484995,-0.012974225615997847,231481.04725390626,3.1252694129943848,1.30895077745663e-05
201,0.9912538745656949,0.0009612811952682848,240402.289171875,0.4403068423271179,2.0099469111301005e-06
202,0.9771904181654502,-0.0024827785197829677,107772.38787890624,0.26322975754737854,2.470466597515042e-06
203,0.9785332550699355,-0.005246577889694752,123031.64691796876,0.5894711017608643,4.788499609276187e-06
204,0.8234825697390588,0.008187257448014832,121792.4265546875,0.22986185550689697,3.4185679851361783e-06
205,0.7373652444375045,0.010955435744236141,172361.84271679688,0.2904059886932373,2.5135323085123673e-06
206,0.9224960475243257,-0.008490669049409878,254217.41514257813,0.6123904585838318,2.8925894639542094e-06
207,0.9611146542692292,0.014199140797514385,174816.93993554686,1.8411318063735962,1.0520167961658444e-05
208,0.9762274393367039,0.016465664970359995,229105.84457910157,2.50337290763855,9.995605068979785e-06
209,0.7552391827795818,0.037516624319120125,204310.8635625,1.0402435064315796,6.130703241069568e-06
210,0.9936534244324128,0.0007241244555770052,109134.30661230469,0.20661520957946777,1.99387977772858e-06
211,0.8932158030551978,-0.00635759206883784,125718.75656835937,0.21211473643779755,1.5432490272360155e-06
212,0.970962486949101,0.00489848956959613,133512.71355273438,0.28155073523521423,2.292033286721562e-06
213,0.7543278678685198,0.01019182705435013,142012.08546875,0.19394145905971527,1.7643611727180541e-06
214,0.9918574752276039,-0.007875731069132776,144062.62636816406,0.8568510413169861,6.468678748206003e-06
215,0.6389417015458875,-0.018205948222688513,161245.1222001953,0.24910107254981995,2.3618504201294854e-06
216,0.8772276407251636,-0.0049526523087005895,156136.98352929688,0.1271599680185318,8.737358712096466e-07
217,0.6643001563633718,-0.011069688437288918,205221.6666328125,0.22185947000980377,1.4583223446607008e-06
218,0.741052889032002,0.02514550924503588,346978.9550683594,0.6523064970970154,2.2390022422769107e-06
219,0.9043994336233563,-0.030634050047790618,293882.88627148437,1.730970859527588,8.555385647923686e-06
220,0.7238021376378228,0.0691353071507084,233706.7855859375,1.8034981489181519,1.2297616194700822e-05
221,0.7405988714000858,0.013496882059186519,197653.18027441407,0.22383269667625427,2.038631009781966e-06
222,0.9975474351191471,-0.0007624741438955382,117864.15352929688,0.17223908007144928,1.502495251770597e-06
223,0.9814107092106037,0.001814772798389323,126484.17953125,0.1890096813440323,1.4634018725701026e-06
224,0.9978009915023734,-0.0003321585706553845,129064.56426171876,0.3028619885444641,2.3401967155223247e-06
225,0.9638870093474153,0.002811454711913285,177267.40593554688,0.17553240060806274,1.0805473493746831e-06
226,0.7958195652489699,-0.002942197740004997,161229.2189765625,0.061956919729709625,5.074603564025892e-07
227,0.9505050529156137,-0.007307164230151219,193834.67238085938,0.39792537689208984,2.0643935840780614e-06
228,0.9969724919939773,-0.0015215659937591556,264769.9479414062,0.744311511516571,2.9693590022361604e-06
229,0.8525870870700003,0.010366761671894101,397232.5839082031,0.5395978689193726,1.3902151749789482e-06
230,0.9919885413234755,0.0034772513611140473,249432.07337109375,2.7070019245147705,9.424920790479518e-06
231,0.9959637887847493,0.008525936482196987,395432.00282421877,3.9517135620117188,8.797562259132974e-06
232,0.78547824870561,0.009820271089443043,201310.09303515626,0.3468204140663147,2.291964619871578e-06
233,0.9849136762996669,0.0023148488293410806,110334.17537792969,0.41601741313934326,3.902799562638393e-06
234,0.9545402627845428,-0.0038228079452897407,129655.37040234375,0.27874821424484253,2.1076843950140756e-06
235,0.8642331397845916,0.006310708250666505,162808.29628125,0.16759997606277466,1.5807687532287673e-06
236,0.7042552102550622,0.023180893905342906,309639.98448828125,0.6083074808120728,2.881267619159189e-06
237,0.9966092840531234,0.0017574935089414011,329312.90290625,1.2511143684387207,3.831608864857117e-06
238,0.9935124179836243,-0.0029170703159528627,290228.2425410156,2.432086706161499,7.285061656148173e-06
239,0.7527973540975325,0.033366167685616545,270431.70278515626,1.8533625602722168,7.965189070091583e-06
240,0.9450716053791073,0.0035729249952997874,156364.99532226563,0.21167193353176117,1.923158379213419e-06
241,0.8918726778477615,0.009454307046434572,115597.79052246094,0.3942798674106598,3.4632835195225198e-06
242,0.6904196213481822,0.009219872749404612,143002.60341796876,0.18038810789585114,1.7280175370615325e-06
243,0.5829549613556939,-0.0038457709512803905,160340.28590234375,0.08665163069963455,4.475862738217984e-07
244,0.9404419550428297,0.006361817745472539,205408.28394726562,0.29621458053588867,1.657298298596288e-06
245,0.8573218531421051,0.017457168893778765,271178.9090625,0.5515106320381165,2.589818905107677e-06
246,0.9809481031709278,-0.021560447178907496,243515.787734375,3.123401641845703,1.2282870557100978e-05
247,0.9527248020735435,0.0013444668436351202,194242.55818554686,2.9988510608673096,1.5787345546414144e-05
248,0.9382113839364697,-0.010633702352246924,344305.1367578125,1.4711904525756836,3.878254119626945e-06
249,0.9466471503418757,-0.003208736595218229,179095.0823203125,0.33367249369621277,1.625957111173193e-06
250,0.7098014037208673,-0.01329079582012557,123130.79431054687,0.23225636780261993,3.0149346912367037e-06
251,0.8015157792018628,0.0116531898493349,155149.3248359375,0.3359525501728058,2.5114256914093858e-06
252,0.47294942180462374,0.015078153330979522,201465.8283769531,0.2007792890071869,2.2038932456780458e-06
253,0.620829673549193,0.03463583802469049,330220.6713164062,0.6983283758163452,2.9379168609011685e-06
254,0.9844990773363634,-0.007869064374545926,327921.2878515625,1.0754197835922241,2.9490415727195796e-06
255,0.6336058325080359,0.016348697409758806,242766.37982421875,0.5313124060630798,3.2352577363781165e-06
256,0.8923832962265924,-0.03246289208593823,150162.09326757814,2.077993869781494,1.832491579989437e-05
257,0.9941955205032188,-0.0017606573579450554,241207.61918164062,0.4753304421901703,2.2403332877729554e-06
258,0.9764812755473333,-0.004991629791335477,113119.15415234375,0.4396877884864807,4.460852778720437e-06
259,0.9580508183040805,-0.007486924551487151,128514.64767578125,0.40762850642204285,3.50506661561667e-06
260,0.928424734621806,-0.006569932310331151,137449.0909482422,0.35450711846351624,3.0908950066077523e-06
261,0.7366244782381962,-0.017789637486306218,239546.3618671875,0.35281723737716675,2.256336756545352e-06
262,0.9713921194748216,0.004809877094233551,296725.1366796875,0.5288309454917908,1.9027646658287267e-06
263,0.9387973244692982,-0.0023717723611190213,327611.627328125,0.34280481934547424,9.979042943086824e-07
264,0.9571599923266714,0.006064950902830228,370848.2327539062,0.5035797357559204,1.3112831993566942e-06
265,0.9785349249171744,-0.02583387441023747,337772.8926738281,3.386920213699341,1.0634046702762134e-05
266,0.9841606398381092,0.00967359002764475,243956.06189453125,1.857037901878357,8.442754733550828e-06
267,0.9967477564135596,-0.0012253119715474443,167607.46640234374,0.6997011303901672,4.27640907219029e-06
268,0.9572854629532852,-0.014241764126449596,124998.2280078125,0.8455990552902222,7.791003554302733e-06
269,0.842425826592564,0.01658386392438891,128633.97996875,0.4395657181739807,4.122451173316222e-06
270,0.5025090609065137,0.018279711423568556,161046.89960351563,0.3229447901248932,2.5907008875947213e-06
271,0.8505098162673582,-0.00664562040861361,207251.4235605469,0.1690162569284439,1.087545797417988e-06
272,0.9455308268109271,0.011230484964812054,232525.28779882813,0.7576496005058289,2.8459510303946445e-06
273,0.9662942730604566,0.005638760669173988,247366.94160742188,0.4742763936519623,1.7368331555189798e-06
274,0.4330884580818392,0.041535913554470935,235254.79765234375,0.7639577984809875,6.7097153078066185e-06
275,0.9517614194935878,-0.014681622013138294,198486.23321679689,1.8213586807250977,1.0319211469322909e-05
276,0.9876147878418278,-0.0004055893459977757,219117.28355859374,0.8635278344154358,4.346456535131438e-06
277,0.9426955571623937,-0.005213710542361348,138793.09650585937,0.29556387662887573,2.7680662242346443e-06
278,0.9269110657934706,0.005370242552835256,140860.44900976564,0.24134033918380737,1.897897845992702e-06
279,0.9969621512312774,0.00023012332471063955,144213.58312304688,0.5290169715881348,3.800173999479739e-06
280,0.9919151964090933,0.002477320870597286,173110.8012109375,0.4384864568710327,2.591136308183195e-06
281,0.9665060526377429,0.006470943106148269,320877.73102148436,0.6393364667892456,2.171277856177767e-06
282,0.9072815643218564,-0.0452975312560529,313408.2695703125,3.0356764793395996,9.949751984095201e-06
283,0.9744385959741866,0.006946373875571274,293520.4590859375,1.456185221672058,4.208885002299212e-06
284,0.983636784505388,0.010369485833461988,211935.5665546875,2.7172985076904297,1.2564428288897034e-05
285,0.9896225206324829,0.0024623884584412934,251772.23614453126,1.0470987558364868,4.984667157259537e-06
286,0.9766271276405045,0.0031676469917541533,125648.36839453125,0.39089274406433105,3.2097907478600973e-06
287,0.9611280189587933,0.008906719137871161,129983.09752441406,0.7409423589706421,5.4188053582038265e-06
288,0.6755077031020262,0.013778062148008146,138298.8301796875,0.2420937418937683,2.8029321583744604e-06
289,0.9433826488397233,0.0056609247845391154,235381.19550390626,0.4037072956562042,2.0787419998669066e-06
290,0.9845843372247041,0.0033794550776269842,253856.81148046875,0.45908868312835693,1.7863544599094894e-06
291,0.9639183264117746,0.006456102454963598,312613.13471875,0.6240713596343994,1.8028688373306068e-06
292,0.9804557588105812,-0.015564015509724048,274500.67904882814,2.2223165035247803,1.0014319741458166e-05
293,0.8821673320530351,0.020156053437627993,263777.69183007814,1.5288432836532593,5.765696641901741e-06
294,0.9867979017689626,-0.004690781901711407,288552.1897890625,1.1511287689208984,5.161813987797359e-06
295,0.8984682003534937,-0.008229584013340136,108466.52514160157,0.35262027382850647,3.909873157681432e-06
296,0.9817896745075451,-0.005014555279290568,136111.1019140625,0.5661107897758484,4.5687124838877935e-06
297,0.8294804788761418,-0.018526502075601522,151711.367328125,0.6696842312812805,4.848607659369009e-06
298,0.9868782899169374,-0.005812376142658751,307671.9694394531,0.8886990547180176,3.1683500765211647e-06
299,0.9641841666997193,-0.022458496852245578,382727.63843359373,1.9145593643188477,6.037392267899122e-06
300,0.9891311261896623,-0.0016499098841574855,268501.96311914065,0.7177976965904236,2.773778305709129e-06
301,0.9081598270894554,0.07003880951368971,287871.25926953123,3.662869453430176,1.9251448975410312e-05
302,0.3583587631614747,0.02212619290099056,164072.69093164062,0.24237830936908722,4.166664439253509e-06
303,0.8749812689084125,-0.009170379675230862,122084.42945898438,0.3755916953086853,3.376133690835559e-06
304,0.9074678147573585,-0.00683742838606954,135833.8761279297,0.30280569195747375,2.2746637569071027e-06
305,0.9695547778771063,-0.00639910781718593,147165.26471875,0.44428572058677673,3.0662201879749773e-06
306,0.9969518245118282,-0.00038563895224636455,175815.45501953125,0.5151638984680176,3.048520284210099e-06
307,0.9058447497027842,-0.02406936418874983,196409.93844140624,0.7914687991142273,4.8434330892632715e-06
308,0.9554037903986095,-0.015272104447848217,238873.97051171874,0.8661878705024719,4.3277123040752485e-06
309,0.9927028963146945,-0.0013629800510922508,377144.00508984376,1.8099664449691772,3.916413788829232e-06
310,0.8609037490537607,-0.049591969839406315,260062.75816796874,2.558901786804199,1.334037551714573e-05
311,0.7580501685890602,0.08855107175201224,290229.67089160153,2.9418866634368896,1.1506532246130519e-05
312,0.48774947178623185,-0.011147330791645118,143197.5683046875,0.1727108210325241,2.546960104155005e-06
313,0.9842551216683496,-0.0019353897974319692,107519.163921875,0.3112754821777344,2.986289473483339e-06
314,0.9369909659723856,-0.00913413666037215,125799.60212988281,0.3031907379627228,3.124907152596279e-06
315,0.9780059636617934,-0.004542357509846506,135277.21613085936,0.387593150138855,3.005731286975788e-06
316,0.9681691317857605,0.006790769069335534,152190.4408154297,0.4496743381023407,3.0981811960373307e-06
317,0.4550747066213636,-0.010943480556252546,231314.53068359374,0.1315409243106842,1.049105321726529e-06
318,0.9614567205593498,-0.03550748925214969,299913.2263144531,3.329073190689087,1.1194629223609809e-05
319,0.9745172066796735,0.017820527471324135,331548.2302851562,2.1821374893188477,7.236666533572134e-06
320,0.9589567067983406,0.004855445033034256,188133.43214648438,1.3174340724945068,6.336978913168423e-06
321,0.892502462153558,0.03041670915270513,298263.3805058594,1.7221815586090088,6.746198323526187e-06
322,0.9521106690664524,-0.0016803719653414114,106423.75872851562,0.16279709339141846,1.5390014596050605e-06
323,0.9723384561631401,0.004311415771597318,122677.26364257812,0.28369230031967163,2.2596268536290154e-06
324,0.9973560132002157,-0.0011409289382600502,130694.16170605469,0.33119145035743713,2.432563860566006e-06
325,0.9183873128062453,-0.0065098563308456005,141024.0253154297,0.2309236377477646,1.8410594293527538e-06
326,0.9760897025144001,0.0035529280858692257,159013.51011230468,0.24084210395812988,1.6284847106362577e-06
327,0.8828970287583043,0.016015325546923052,167759.6096484375,0.49039170145988464,3.1425297493115067e-06
328,0.8321240373881444,-0.022520642229885486,197362.97076953124,0.6305702328681946,3.7525103380176006e-06
329,0.8761235201082923,-0.09100280180011429,328989.7211113281,3.3780956268310547,1.1660379641398322e-05
330,0.9979832057474189,-0.0027592064015337044,290670.7438232422,2.058762550354004,6.684439540549647e-06
331,0.7837362636660937,-0.05293222426788576,328491.39131640625,2.0564937591552734,6.766672413505148e-06
332,0.5799803155081228,-0.07613527519098162,256570.46419140624,0.9418297410011292,8.676629477122333e-06
333,0.9790058293267011,0.006275312410141396,86895.616265625,1.2572085857391357,1.4865255252516363e-05
334,0.5525543056264597,0.021935253465369273,112472.47972851562,0.4283551573753357,5.614093879557913e-06
335,0.9967284424052425,0.0001445285817987867,128196.45385351563,0.8151258230209351,6.2598819567938335e-06
336,0.7241093296125504,0.022378133440519414,151674.66289941405,0.48336198925971985,4.339992301538587e-06
337,0.5127900783419183,0.014567644142742843,220312.8975234375,0.34136664867401123,1.9825415620289277e-06
338,0.9018744983298915,0.008052243914732053,217170.9984296875,0.6327884793281555,2.8009392281092005e-06
339,0.8298341321548517,0.038935195039892546,157171.0946875,2.847902774810791,1.5975207134033553e-05
340,0.42139198159299246,0.0393352989211815,280409.6098691406,0.5242507457733154,4.5274778130988125e-06
341,0.9492040060220059,-0.005055889144371137,93870.436875,0.4596691429615021,4.34900721302256e-06
342,0.9449994425073672,-0.007910087355243855,114362.47750585938,0.3868565857410431,3.94523794966517e-06
343,0.8951885981301521,0.007220717766838427,128175.38645117187,0.2993040978908539,2.4639268758619437e-06
344,0.992084397039868,0.0016891135001309903,151212.19521484376,0.2844661772251129,1.9171827716490952e-06
345,0.9207280447507167,-0.00495471760999602,215534.54468359376,0.19431066513061523,1.1164606803504284e-06
346,0.8448317086708692,0.0120078393875491,261223.95230273437,0.47014400362968445,1.7985958038480021e-06
347,0.9888540817809703,-0.0034846814783031153,292029.02257421875,0.714913010597229,2.1124983504705597e-06
348,0.9728761221283931,-0.008844575439959531,159846.4758828125,1.66734778881073,1.2858038644480985e-05
349,0.446565398574705,0.0771041054148682,217158.97847753906,0.8306705355644226,9.302114449383225e-06
350,0.6608716434535098,0.008809297753012818,116294.45704296874,0.16302314400672913,2.232896804343909e-06
351,0.9861877535239382,0.0009464607364800299,123445.35497167968,0.1517966091632843,1.5481832633668091e-06
352,0.9275372805748578,0.0024184549813404516,142812.0651796875,0.1636965274810791,1.1797019396908581e-06
353,0.9392050857275602,0.003230836908897074,200003.50686914063,0.1906563639640808,1.128563212660083e-06
354,0.9874408545836596,0.0012530414758849546,308839.3115644531,0.41867461800575256,1.295996753469808e-06
355,0.8338017627710036,0.0073842001203191536,326027.0833925781,0.2876451313495636,8.932029231800698e-07
356,0.9181110524682621,0.009322272559406543,175421.38397070311,1.2085652351379395,6.163006219139788e-06
357,0.6991317792213824,0.039992392903030256,313694.09975195315,0.869633138179779,4.547152911982266e-06
358,0.9655479206826267,0.0013483753954068058,115371.91715039063,0.24046143889427185,2.16390776586195e-06
359,0.7295965290024458,0.013864249527795568,126120.70535839844,0.3594219386577606,3.4367665193713037e-06
360,0.9868039738447116,-0.0021064729853812786,139122.65515820312,0.23106947541236877,1.928898882397334e-06
361,0.8235498274383456,0.0031648611403051995,147207.09274414062,0.09919317811727524,8.459701916763152e-07
362,0.99805306526268,-0.00019457433025797855,199871.30799023437,0.154272198677063,8.102186370706477e-07
363,0.984601740693928,0.0010676873142551262,281185.7804472656,0.4290006458759308,1.5555840491288109e-06
364,0.9884792093199427,0.00019132207391153866,383182.96167871094,0.9517483115196228,2.416286179141025e-06
365,0.9885378773353956,-0.008278589492881384,320466.7995019531,2.3373425006866455,6.777034741389798e-06
366,0.8606694632482098,-0.04322623949914025,300725.9907109375,1.4339359998703003,7.54839857108891e-06
367,0.7859295368688409,0.003343833975083184,176383.58111523438,0.185316801071167,1.0994029935318395e-06
368,0.994854570636956,0.0005902866669246655,105572.93413671874,0.47738659381866455,4.149522283114493e-06
369,0.9723960975545335,-0.0030864433720123492,128865.61784570312,0.30858927965164185,2.1372932224039687e-06
370,0.7635455491865104,-0.025457247683256364,136515.91943164062,0.9639413356781006,8.035345672396943e-06
371,0.7874263530692861,-0.015852314335823032,170356.73643945312,0.42765551805496216,2.978707470902009e-06
372,0.7065612776486904,-0.062047673170930406,197306.8960449219,0.7971144318580627,8.392469680984505e-06
373,0.9924621988672395,-0.009167649448957312,260596.1986875,1.6298482418060303,5.9342937674955465e-06
374,0.9520847198816279,-0.06625385732150428,294250.7686191406,4.889594554901123,1.6298683476634324e-05
375,0.9190567962471674,-0.06387319085801826,336338.54036523437,3.5177104473114014,1.0294176718161907e-05
376,0.9844511044603302,-0.003415861031011715,313718.9087910156,1.2934503555297852,3.8627149478998035e-06
377,0.9229374758697848,0.011784208007908224,208967.4443359375,0.893127977848053,4.136858024139656e-06
378,0.9896890241254759,-1.2031853846807827e-06,85521.01871679687,1.3735746145248413,1.4729517715750262e-05
379,0.9925604013007139,-0.00709852600563717,98842.20440332031,1.4113868474960327,1.4441823623201344e-05
380,0.9838982913561277,0.004131735867855112,127602.56452148437,0.6670454144477844,5.267316737445071e-06
381,0.8390725221337686,0.015328775429185534,167541.5871640625,0.515006422996521,4.060329047206324e-06
382,0.8970205763954935,-0.012043333225945894,245969.8257734375,0.47340402007102966,2.4723597107367823e-06
383,0.9758166195229169,-0.009980201335854201,213863.65863720703,1.407646894454956,6.73432441544719e-06
384,0.9726025159496458,-0.0034472878500652615,152445.63876757812,0.9210464954376221,5.911086191190407e-06
385,0.8470146142039935,0.017869145403606592,301722.1035917969,1.1189522743225098,3.676003643704462e-06
386,0.8798298522682864,0.011615191957499391,154101.56127734375,0.3974047005176544,3.235284566471819e-06
387,0.8239498911034664,-0.01448116515837146,110348.87904199219,0.40966466069221497,4.413237093103817e-06
388,0.9920105596334274,-0.0018183416792853446,124534.19121679687,0.3419977128505707,2.7946884983975906e-06
389,0.9849229593903378,-0.006907129048001709,129783.58476367187,0.64336758852005,4.9524583118909504e-06
390,0.9149813010736431,0.018085565172076705,130479.11654101562,0.6661437153816223,5.7217275752918795e-06
391,0.9893267909253712,-0.0024004621712789206,137681.9302236328,0.33592158555984497,2.684156243049074e-06
392,0.9900812651898933,-0.0012395118073432162,133919.92527832033,0.27084773778915405,2.109156412188895e-06
393,0.9101669290923193,-0.005790645192466055,148592.09597851563,0.20565912127494812,1.5196167169051478e-06
394,0.9121809430688903,-0.01267217191476703,247601.21645117187,0.60654217004776,2.113729124175734e-06
395,0.9795748986226213,0.012634505066186161,298190.5787734375,1.546008586883545,5.441072062239982e-06
396,0.9346613933086264,0.00828846104987396,112321.13225976563,0.7988191843032837,8.727264685148839e-06
397,0.7657563501634598,0.03371696828102519,242984.52806054687,0.8592655658721924,5.3691355788032524e-06
398,0.9330560812189231,-0.005067144640750478,138491.26240332032,0.339362770318985,2.6475552203919506e-06
399,0.8219873465602499,-0.01161103381028977,121518.56893066406,0.2908296585083008,2.5810381885094102e-06
400,0.9805167369121299,0.0025031321864092946,123842.94119726562,0.22811225056648254,1.8032861817118828e-06
401,0.9985239509067211,0.00040125478549901585,129942.475609375,0.30866795778274536,2.2906426693225512e-06
402,0.8521921555833892,0.0044026927000607955,136585.65438476563,0.09479190409183502,9.307835284744215e-07
403,0.8058936006666039,-0.016534034948352223,133775.30464453125,0.25807222723960876,3.0420799248531694e-06
404,0.6927341067836428,-0.011605605321826537,152097.92569726563,0.1864965409040451,1.4619520243286388e-06
405,0.9136069168781297,-0.009512796570337852,196200.49561132814,0.3936614394187927,1.9284307199995965e-06
406,0.9738804779282343,0.011491551651747766,316922.24184375,1.3511426448822021,3.9660280890529975e-06
407,0.9959082669823901,-0.004269120543237978,346558.4136445313,2.7567975521087646,7.121330327208852e-06
408,0.8461444910120773,-0.02448815860690209,193532.76619921875,1.9638304710388184,1.0241264135402162e-05
409,0.9938850985570848,-0.006367601904751309,323502.47480078123,3.7343461513519287,1.0452582500874996e-05
410,0.8197195844422266,0.006433275043318942,113530.88776171875,0.25956571102142334,3.1432939522346715e-06
411,0.595569979252196,-0.010765561989957028,113404.60148925781,0.1943587064743042,2.706809937080834e-06
412,0.8502836908193884,-0.010606246668384226,128087.63446582032,0.4490324854850769,3.70467114407802e-06
413,0.9772416552343675,0.01320721015061584,168480.9186953125,1.819385290145874,1.2087562026863452e-05
414,0.8991980188665416,0.008336176870441407,215654.4908828125,0.3611472249031067,1.980968818315887e-06
415,0.9574838971337524,-0.01069247445525069,262076.30385742188,0.8153819441795349,3.069016429435578e-06
416,0.8761277833913366,0.015253189063205486,339052.07015625,0.7296478748321533,2.387120503044571e-06
417,0.9924812472828337,0.008542584341792376,225491.0203984375,2.971449851989746,1.1758635992009658e-05
418,0.9708054500624131,0.018977578492555987,291502.11546875,2.8171873092651367,1.0273121006321162e-05
419,0.8724046035147164,-0.004886610779055927,103562.50444140624,0.21480195224285126,2.5363472104800167e-06
420,0.9914776262778693,0.0013756217449554908,127727.082484375,0.2353556603193283,1.8768971585814143e-06
421,0.9955284570398684,-0.0010623605568922212,128785.25340332031,0.2239334136247635,1.6504131963301916e-06
422,0.700170441186264,0.008527027445074581,155116.73063085938,0.14652441442012787,1.298977167607518e-06
423,0.9192931793421071,-0.005129965331527915,184960.9271816406,0.1889939159154892,1.19818207622302e-06
424,0.8155011587492691,0.006688916071465595,199764.75301953126,0.18576951324939728,1.1704510143317748e-06
425,0.821123924010947,0.007322839198542973,243197.7773984375,0.22633343935012817,9.234464073415438e-07
426,0.9402132210489847,0.0060360612282722844,315927.2825371094,0.3611733913421631,1.3504214848580887e-06
427,0.9185086509081587,0.0030453279279879443,230762.64855078125,0.4788146913051605,2.0914960714435438e-06
428,0.7561992143681827,0.052080580516721584,329848.77332421875,1.6055669784545898,7.118378562154248e-06
429,0.4572850739932358,-0.014930234285206515,218733.10286914062,0.23018254339694977,1.977545252884738e-06
430,0.8539692473770956,-0.010671901987160962,108898.24228710937,0.3368496000766754,4.007331881439313e-06
431,0.9719988823883249,-0.0032500827561431273,125747.44197070312,0.2875711917877197,2.284526090079453e-06
432,0.9189975565628002,0.003299042137530103,137533.2246533203,0.11037304997444153,1.0672282542145695e-06
433,0.9935842715059842,8.581818476988801e-05,211751.00181835936,0.3118208050727844,1.5209723187581403e-06
434,0.9082957724182535,-0.006227912377427871,252367.9010859375,0.22692428529262543,1.0142512110178359e-06
435,0.8871059301700296,0.011243987421026102,299134.8087558594,0.508268415927887,1.7528503803987405e-06
436,0.9939294535252341,-0.005617895617033591,323240.44982421875,1.1102054119110107,3.2400891996076098e-06
437,0.9894758196400103,-0.005516879356132947,360679.87841015623,3.233144998550415,7.60910052122199e-06
438,0.8670979916310662,0.023386388936866224,297324.393515625,1.230045199394226,4.489714683586499e-06
439,0.7445037117017917,-0.009833615094613574,115395.65226757813,0.24575628340244293,3.410839099160512e-06
440,0.7193072273506574,0.015143011101690284,128331.28258789063,0.3424910008907318,3.854153874272015e-06
441,0.7427300373148198,-0.010926280478074502,146837.940796875,0.2492767721414566,2.2256988359004026e-06
442,0.9518004295431928,0.0039621441564733914,165878.16159570313,0.1970319002866745,1.4067994698052644e-06
443,0.9971479617972853,-0.0004757670870884869,176431.8836015625,0.39497610926628113,2.3882012101239525e-06
444,0.9811246156020896,-0.0053285298225189594,156572.8807158203,0.41656985878944397,3.371738557689241e-06
445,0.7769909923422058,0.03528010176770072,188150.76175195313,0.5575628876686096,5.325799065758474e-06
446,0.9199833221719493,0.006374013104922469,180746.2229140625,0.25014156103134155,1.7825205986810033e-06
447,0.9512226036711989,0.00931080544788697,269350.0690566406,0.5288118124008179,2.1932685285719344e-06
448,0.7165668684636296,-0.024896128625824458,359486.1621191406,1.0809962749481201,2.6723234896053327e-06
449,0.9732530629326644,0.006460018656922845,277199.58047265623,1.256868839263916,4.259334673406556e-06
450,0.6468918577900702,0.06471461868820723,246281.68093359374,1.3189566135406494,9.892350135487504e-06
451,0.8909983021455955,0.007248075756687007,173247.50997460936,0.3087620139122009,2.317154894626583e-06
452,0.9874951708953343,-0.002998968726434279,126212.08817089844,0.33456823229789734,2.676308440641151e-06
453,0.857163913856437,-0.007391475874342804,131536.65590039061,0.1719619482755661,1.6906611790545867e-06
454,0.9017264644419574,-0.003135717089797088,135825.9991328125,0.10455917567014694,7.142822369132773e-07
455,0.9501556597917281,0.0020060107146141304,147795.07342578124,0.11895934492349625,9.789091564016417e-07
456,0.9754724455251148,-0.002091632068760902,167313.18489648437,0.1354634165763855,9.084436669581919e-07
457,0.9776511511988407,0.004350697321915226,183158.56334570312,0.3918347656726837,1.9045235148951178e-06
458,0.9873721698929788,-0.0011417884895351014,276838.48302734375,0.3833608329296112,1.2931296851093066e-06
459,0.7433664456358688,0.01067427222586245,333788.98553125,0.4675813317298889,1.6579726889176527e-06
460,0.9690553394088276,-0.00864733843078488,167600.68332226563,2.314833164215088,1.2118302038288675e-05
461,0.6973664854341862,0.04471160436195078,330092.4088408203,1.2785353660583496,6.1263526731636375e-06
462,0.6815659033176423,-0.008217977094487704,93498.27622265625,0.25700438022613525,3.322206111988635e-06
463,0.6636466082225128,-0.005603030704144841,126897.7380126953,0.1225363239645958,1.1474915027065435e-06
464,0.9476138724754364,-0.0015086955733926671,135950.8337216797,0.09613028168678284,7.048907377793512e-07
465,0.985153188005896,0.007708132483615014,164528.00676757813,1.0447338819503784,6.614715857722331e-06
466,0.7499459840042532,0.01327201969295892,184883.64413671874,0.17596669495105743,1.7342649698548485e-06
467,0.83674294744943,-0.009969362713115725,227085.7039375,0.26958343386650085,1.4818427871432505e-06
468,0.9573570578600259,-0.023460715693561174,252615.00340332033,1.8478944301605225,7.092862233548658e-06
469,0.9051307800506296,0.02297442457897783,356462.71573828126,1.7167624235153198,4.462909600988496e-06
470,0.9212740363592662,-0.051042750653876354,261373.65554394532,5.0850629806518555,1.8967932192026637e-05
471,0.986531671523549,0.009031122961770065,302178.16326171876,3.2005410194396973,1.1564871783775743e-05
472,0.7559214506524845,-0.019652637699907317,170339.2785,0.696395218372345,5.751150183641585e-06
473,0.9896324292138251,0.003301190894983353,107824.83282128906,0.791750967502594,6.926035894139204e-06
474,0.9840474201643865,-0.005015943710036817,123116.00277539062,0.5042495727539062,4.331504896981642e-06
475,0.47976021639344635,-0.059975289459357796,159225.5803417969,0.7545892596244812,1.1411069863243029e-05
476,0.6813924896591405,-0.057304470369333026,239157.1412363281,1.9027321338653564,9.322634468844626e-06
477,0.9933726686476232,-0.0015294411026224996,264599.2006328125,1.5254181623458862,5.103208877699217e-06
478,0.595005589132642,0.038519673326401174,293272.4395546875,0.8076556921005249,4.551415258902125e-06
479,0.7934733677995861,0.023213510863603824,297508.81957324216,0.9618459343910217,3.563575774023775e-06
480,0.8929191663250373,-0.04421885695281161,210567.33429003906,2.4639434814453125,1.1863670806633309e-05
481,0.7994268719903586,0.03524268341357892,203386.5796328125,0.9913991093635559,7.497285423596622e-06
482,0.9858328749597285,0.0020481639245169127,114928.118796875,0.3005010783672333,2.605637519081938e-06
483,0.8216566989065773,-0.010109474013120439,118540.31179589844,0.23248234391212463,2.7027938358514803e-06
484,0.7171268786586297,0.0321958680450028,137842.7536796875,0.44013285636901855,5.4183765314519405e-06
485,0.9948495271090058,-0.0017762138203608533,128338.4785546875,0.44218456745147705,3.6812671169172972e-06
486,0.859381516307276,0.027710718253058573,142082.0932080078,0.44492024183273315,4.714509032055503e-06
487,0.9933295241118318,-0.0011067789399868161,142703.85463867188,0.3533645570278168,2.570630613263347e-06
488,0.8881987092165767,-0.012369055693524745,161142.8745966797,0.3238196074962616,2.4910659703891724e-06
489,0.881964992535303,0.011090113000175894,243287.32022460937,0.4342844486236572,1.8244920738652581e-06
490,0.9684757151374368,0.00555471871051473,373229.8301210938,1.0123661756515503,2.3930833776830696e-06
491,0.969647634819243,0.0136875576129155,179028.95398242187,2.8047831058502197,1.374584280711133e-05
492,0.9594353478744375,-0.032138074409132564,267013.4144394531,3.620575428009033,1.4484105122392066e-05
493,0.749938100219039,0.019962087315804386,141365.9616015625,0.5371134281158447,5.777455953648314e-06
494,0.9541156122064551,0.00591686806460041,121571.01281835938,0.39157646894454956,3.0288572361314436e-06
495,0.9948958374466422,-0.0020912543560255123,119085.6721430664,0.4014807641506195,3.087625600528554e-06
496,0.9967160299090768,-0.0012501887753559125,129858.3444921875,0.426605761051178,3.1731485705677187e-06
497,0.925907508767443,-0.008713744566073815,141579.5012451172,0.34015318751335144,2.5463011752435705e-06
498,0.8996958387990402,0.0033383953032542057,151070.04024511718,0.1086035966873169,8.959563047028496e-07
499,0.30746769106315025,-0.013875389484376126,163859.80668554688,0.15139271318912506,1.3169094472686993e-06
500,0.9970373079000114,-0.00039301490607886126,222729.9736269531,0.4543250799179077,2.069402171400725e-06
501,0.9690802327162227,0.004226499635875062,248907.81084375,0.4713268578052521,1.8770839460557909e-06
502,0.8659074386285327,-0.02012038219839638,224000.29320898437,0.5176278948783875,3.288899279141333e-06
503,0.9760877178004955,0.002510903116789403,293951.33351953124,0.6980149149894714,2.4711762307561003e-06
504,0.8590564614852306,0.030798266241411264,321534.1370527344,0.9820987582206726,5.16133741257363e-06
505,0.5902150478457328,-0.03112929029425369,182429.59153125,0.9865533709526062,8.141736543620937e-06
506,0.9828645768069864,-0.022536242841324387,205370.1571464844,12.439992904663086,6.450016371672973e-05
507,0.8309526896580295,0.007175108278402037,176496.20959375,0.2608117461204529,1.87932141670899e-06
508,0.8947244246149392,0.00792624930697569,111422.77993359375,0.3050929605960846,3.105060613961541e-06
509,0.9978814699098643,-0.0008805049329838907,130863.85716210937,0.25983577966690063,1.975238319573691e-06
510,0.9972486441542604,-0.001491720660350563,127469.59299609375,0.30555155873298645,2.3844158931751736e-06
511,0.97125035405877,0.004383466179153972,130807.12960253906,0.2672469913959503,2.138046966138063e-06
512,0.8169994622920147,0.009530860251488069,143149.15875,0.14683209359645844,1.4880015442031436e-06
513,0.7341769355092237,-0.008034494378751547,125164.70240234376,0.1399695724248886,1.4571565998267033e-06
514,0.9443692924319869,-0.0026263696371000866,140040.10032910155,0.17810404300689697,1.2806741551685263e-06
515,0.9058391259816422,-0.007113198014458403,163908.81447265626,0.27375492453575134,1.5331104350480018e-06
516,0.9729140840140986,0.004873252637465654,284808.84299609374,0.7986384034156799,2.5572744561941363e-06
517,0.6375089733873108,0.02509864585633096,285151.8991972656,0.4941880702972412,3.739753537956858e-06
518,0.7307348653389439,0.06092248711813933,263032.1634296875,2.0105576515197754,1.2265406439837534e-05
519,0.928844612285941,0.010408303396495035,202211.96387011718,0.7182902693748474,3.333525910420576e-06
520,0.9917260445328704,-0.0010640671555162409,111872.34810546874,0.22056905925273895,1.939812136697583e-06
521,0.901935833578898,0.005438677586238315,119745.20832617188,0.1999320238828659,1.9028665292353253e-06
522,0.9644315371361195,-0.003959984122816178,136924.52175585937,0.23956824839115143,1.7617032881389605e-06
523,0.9466300566791495,0.0007425483325719089,137558.90466796875,0.12023510783910751,8.278073551082343e-07
524,0.9518162448385802,0.005540177756737646,141836.953046875,0.1953066885471344,1.796915398699639e-06
525,0.9820269440853208,-0.000484488012508844,151474.27588964844,0.06028928607702255,3.537166151090787e-07
526,0.6539809952711628,-0.0074613464939838215,159422.31683203124,0.13346068561077118,1.0696707022361807e-06
527,0.7453831533035803,0.01566950427316628,216207.309515625,0.23799845576286316,1.5376211877082824e-06
528,0.9248944402529418,-0.034802886042927486,354411.98696875,2.242295265197754,6.7474134084477555e-06
529,0.9972507191071308,-0.008373643712542334,375436.79205859377,5.999228000640869,1.4376975741470233e-05
530,0.9899869444885323,-0.023045083845145916,223060.56827734376,5.166685104370117,2.2199998056748882e-05
531,0.6948475992167936,-0.06541692574891908,286057.238453125,1.8188543319702148,9.13922212930629e-06
532,0.990357197483026,0.0021482303701305674,92915.21361132813,0.9437984228134155,1.0664645742508583e-05
533,0.9318998336030572,-0.007191279747691112,76470.20976660156,0.5148462057113647,6.441852747229859e-06
534,0.7897177131414422,-0.01846103458897553,84002.17259570313,0.9252448081970215,1.5754305422888137e-05
535,0.7883352518450805,0.02320076764817945,191857.83249902344,0.626420259475708,4.439677468326408e-06
536,0.9156749672843297,0.005082240041071877,322332.43046679685,0.28565651178359985,1.0522785487410147e-06
537,0.6582933626151402,0.023497838972307124,248505.40221875,0.7112941741943359,4.009047643194208e-06
538,0.957720134624367,0.01017277554431464,154730.15113085936,2.1337087154388428,1.171370877273148e-05
539,0.9920653389891952,-0.004405104537229283,288497.8770390625,1.441770315170288,6.620680778723909e-06
540,0.9210884737497537,0.003875428637962535,111921.43738671875,0.24615800380706787,2.585586798886652e-06
541,0.9591799965519137,0.0036645151603790964,124692.04034765625,0.28223904967308044,2.1282921807141975e-06
542,0.9174754380297998,-0.005123090858013112,130937.65549707031,0.18503400683403015,1.5426837762788637e-06
543,0.9722454832603156,-0.004987194321276839,152752.86356738282,0.31379953026771545,1.9988626718259184e-06
544,0.9921156034900205,-0.0007253277831406106,173120.57111328124,0.11882122606039047,7.242703077281476e-07
545,0.9941528924649613,-0.0023499952343255,176456.97260351563,0.3479122817516327,1.8551548919276684e-06
546,0.9761565737547592,-0.014175751769932276,272568.0732402344,1.0344676971435547,4.522634299064521e-06
547,0.7804675585143733,0.03352469208829544,301619.2035,1.286206603050232,6.277776719798567e-06
548,0.9334974831145209,0.0250219557631676,245614.3817109375,2.661170482635498,1.1347583495080471e-05
549,0.7073996206755397,-0.025819859467864567,212451.87506445314,0.42829909920692444,3.8771504478063434e-06
550,0.9807690385672339,-0.0024093810013631122,100658.968078125,0.34780415892601013,3.2982384254864883e-06
551,0.900119500888373,-0.014397569268684603,124079.08712988281,0.46884477138519287,4.876906132267322e-06
552,0.9544453321449671,-0.005984517237610681,147133.1093671875,0.3137381970882416,2.2981046186032472e-06
553,0.7400127471619777,-0.02170747238596839,173388.46302148438,0.40680283308029175,3.308865871076705e-06
554,0.8540795903124083,-0.018518451560768825,171306.3306381836,0.37206119298934937,3.0853948373987805e-06
555,0.5950263767311517,0.10660832999812461,209958.4151171875,1.7067365646362305,1.091046942747198e-05
556,0.7649821288360029,0.013777620315857048,230377.59641015626,0.277095764875412,1.825538788580161e-06
557,0.978137139539088,0.005423496606596817,310236.095234375,0.8156182765960693,2.512328592274571e-06
558,0.9353954523819671,0.011485186206229205,435615.1936484375,0.6026865243911743,1.8403361536911689e-06
559,0.8474750421161162,-0.05658399256988314,281884.2720390625,3.3766984939575195,1.3731425497098826e-05
560,0.9393953718993697,-0.030270648064655112,314987.3051171875,3.066852569580078,1.0777682291518431e-05
561,0.6168796202540265,-0.017140763090948304,176059.53608984375,0.3617200553417206,3.380799398655654e-06
562,0.854423616784972,-0.013636236466423386,115847.38023828124,0.4968760907649994,5.04187755723251e-06
563,0.9941034346582529,-0.0013754085288834048,117303.26301660156,0.3234378695487976,2.534929535613628e-06
564,0.9748310488305977,0.003345010314579621,157485.7273671875,0.7290658950805664,6.011727691657143e-06
565,0.6815601655708787,0.017821399840754468,165173.35723828126,0.36928853392601013,3.081464001297718e-06
566,0.9784525073563898,0.0032586993230569743,212657.61746484376,0.2691374719142914,1.4543102224706672e-06
567,0.9204239218304606,0.011780772322478374,200412.5369296875,0.5982697606086731,2.6732579954114044e-06
568,0.9934035942882535,0.001935349757707225,271625.1313847656,0.5596109628677368,2.5576332518539857e-06
569,0.9835508395040616,-0.008188627016210434,331539.76921484375,1.3849928379058838,3.6191404433338903e-06
570,0.8178298436277829,0.04119825664447447,243147.09021875,1.6073453426361084,9.304209015681408e-06
571,0.8817771190485941,0.009373585890980255,214972.39598242188,0.344033420085907,1.9464755496301223e-06
572,0.8225016591964206,0.009989968516609932,116839.34471875,0.3229222893714905,3.577519919417682e-06
573,0.9200748168235426,-0.008681768352277713,120453.71761328125,0.3537920415401459,3.0490557492157677e-06
574,0.9932735901126266,-0.001465518582010377,131465.7669033203,0.23099690675735474,1.7859678109743982e-06
575,0.896171684675082,-0.004995581697129072,131231.5019316406,0.1243228018283844,1.1703363043125137e-06
576,0.8608879104712636,-0.015533697837088327,159659.78527441405,0.35443127155303955,2.8965453111595707e-06
577,0.4158606438514084,-0.017132674104953314,163738.28395898436,0.19290877878665924,1.6714341199985938e-06
578,0.8697396690938511,-0.009326668268662429,182121.52309667968,0.28985393047332764,1.808764977795363e-06
579,0.9954765300960023,-0.0051717095781893116,248760.166203125,1.1597778797149658,4.591321612679167e-06
580,0.8992099627506651,-0.049104492022088664,294320.11152734375,3.155768632888794,1.010614141705446e-05
581,0.7590337704926643,-0.05645537543851728,249529.412734375,2.193535089492798,1.0861409464268945e-05
582,0.7720730174706647,0.07429587040071488,267809.24441796873,2.194622039794922,1.205195985676255e-05
583,0.9350061707046029,-0.00963441887171727,98547.72123632813,0.584518313407898,7.028361778793624e-06
584,0.9697019462389007,0.004335593196096714,125805.3226220703,0.39217668771743774,3.260405719629489e-06
585,0.9397193448054695,-0.005457285006353847,128729.63209667969,0.2650562822818756,2.282412197018857e-06
586,0.9987719521783887,0.00016231068554837825,159263.697703125,0.2622200846672058,1.6216217773035169e-06
587,0.8955477911322562,0.011837733366948947,190423.17216210937,0.4528277814388275,2.5808049031184055e-06
588,0.9223213179424041,0.018827639386785174,213236.65635546876,0.6563391089439392,3.4153567867178936e-06
589,0.9778270941601616,-0.011084941307285092,199783.72131835937,0.937230110168457,4.398173132358352e-06
590,0.9666552706252108,0.008044827629887443,258141.1396484375,0.9042667746543884,2.944670541182859e-06
591,0.8416856788869351,0.032756638884092054,223403.66478320313,2.084097385406494,1.0089285751746502e-05
592,0.8001284219160437,0.023448876853529966,255130.21965234375,0.817179799079895,4.204245669825468e-06
593,0.9660404717233675,-0.0038664002176810276,113523.22279492188,0.3746833801269531,3.50413051819487e-06
594,0.8729131208831341,-0.011709643649443432,125091.57666308594,0.3541622757911682,3.3099747724918416e-06
595,0.96020407197964,0.00392190090496164,123444.03320703124,0.1999795138835907,1.7957144109459477e-06
596,0.9491360547344361,-0.004089692824698614,160331.48322851563,0.24193552136421204,1.6473263713123742e-06
597,0.9264915261527622,0.006562095544772136,211973.6873515625,0.2261156141757965,1.3519036201614654e-06
598,0.8873800074448364,-0.00689549014426076,215200.14843945313,0.20941044390201569,1.2443933883332647e-06
599,0.7700338578954767,0.03278751120622677,304183.678515625,0.6812769174575806,3.2656739676895086e-06
600,0.8221551306963344,-0.016567742551598364,380005.7167578125,0.5312267541885376,1.5514369806624018e-06
601,0.946057745836725,-0.03184430606082583,318982.76646679686,3.860119581222534,1.2334133316471707e-05
602,0.9717981958381973,-0.0116461105252689,298942.56275390624,2.1857717037200928,7.37840400688583e-06
603,0.9813152183748484,0.0013556620386151223,156438.71048046876,0.3922516405582428,2.6570312456897227e-06
604,0.9913984246841298,-0.0017869041254113811,121792.191609375,0.46633708477020264,3.857186584355077e-06
605,0.6986854052024597,-0.009780838177177882,131098.95816015624,0.27466365694999695,2.3604570742463693e-06
606,0.7757632219167075,0.024232758684561654,181993.84240234375,1.0124882459640503,6.208855211298214e-06
607,0.874299215015257,0.022877531724164624,288941.59528125,0.9788054823875427,4.051496489410056e-06
608,0.9749048929995918,-0.003123927206243386,293518.8421933594,0.7729908227920532,2.745608981058467e-06
609,0.9965546980816438,-0.007491077794238068,318243.15788671875,3.146336793899536,9.654980203777086e-06
610,0.9835833240541734,-0.00696908961795434,248522.224546875,1.8167911767959595,5.9142889767827e-06
611,0.815007846256852,-0.049833978301509374,254755.87234375,1.5372333526611328,9.44678049563663e-06
612,0.8124725581802517,-0.010817720739257505,99438.50586425781,0.46380624175071716,5.621424406854203e-06
613,0.981642873995145,0.0024352773759838717,119405.47977441407,0.45092663168907166,3.775836148633971e-06
614,0.9935037927425341,0.001989758339675892,142753.9001953125,0.463021844625473,3.041800709979725e-06
615,0.7627147875172317,-0.04551323317937696,207418.0804160156,0.7218764424324036,7.418902441713726e-06
616,0.9671899044878405,-0.019738392492404177,314299.6871640625,2.0087711811065674,6.530742211907636e-06
617,0.7070247347906622,0.0270968473116026,306898.1206171875,0.8096816539764404,3.0968931241659448e-06
618,0.904473654877845,-0.042501949672773535,275928.2642910156,2.0609960556030273,9.699064321466722e-06
619,0.9203444861103143,0.007229744986590774,241366.66559570312,0.6511861085891724,2.5422659746254794e-06
620,0.9951408556998166,-0.003156872405624622,140158.11325390625,0.6434077620506287,5.00044325235649e-06
621,0.9675855312408871,-0.011791730692397629,112421.09052734375,0.7663661241531372,7.821767212590203e-06
622,0.7585939526636059,0.03041176928311981,122780.72252880859,0.6749114394187927,7.49518585507758e-06
623,0.9356231774538416,0.005608830574167566,154513.9477060547,0.36612075567245483,2.528584218453034e-06
624,0.8887292741099286,-0.015966494499208825,187985.84871679687,0.64427649974823,3.8986545405350626e-06
625,0.9837932581724308,-0.009636616748761465,203366.53037109374,1.333372712135315,6.04781007496058e-06
626,0.764631623306062,0.03483071013685117,241589.1909296875,0.9503071308135986,5.098725978314178e-06
627,0.9833797297757864,0.0015070419057231286,252702.429171875,1.2528347969055176,5.220296316110762e-06
628,0.995082407378543,0.0005482946805177162,176724.00264453125,2.1561238765716553,1.4575033674191218e-05
629,0.9454955238447106,-0.01245174128492228,250390.8500234375,0.9752010703086853,5.294983566273004e-06
630,0.9829560376233498,0.005359751826719933,106873.95283496093,0.8702670335769653,8.04787669039797e-06
631,0.9874181954127018,-0.004840688550793206,127369.50361132812,0.6391357183456421,5.347802016331116e-06
632,0.8855810366124623,0.01224815270328989,150177.2260371094,0.5806676745414734,4.2230453800584655e-06
633,0.7631341023024583,-0.018032054992550974,249613.14983398438,0.33059069514274597,2.073274345093523e-06
634,0.901252253686775,-0.008880074181681763,278781.65509765624,0.408508837223053,1.9272240479040192e-06
635,0.7615713357129335,0.01472049075502254,275536.67556054686,0.6322276592254639,2.8307895263424143e-06
636,0.9864823675499702,-0.014814999468514225,328714.33035546873,2.399282455444336,8.123550287564285e-06
637,0.5685341943251739,-0.05004033951446969,230813.4479628906,1.6334573030471802,9.965991011995357e-06
638,0.9750885276212429,0.005173157524897785,217425.6197734375,0.9733574390411377,5.261148999124998e-06
639,0.9696692224635639,0.010094761151804443,127049.6054921875,1.163819670677185,9.29766429180745e-06
640,0.661290778406969,0.049074191292121684,128286.281984375,1.0296378135681152,1.3858260899723973e-05
641,0.9843956611464801,-0.004805325057275514,135401.95733007812,0.6818475127220154,4.832675585930701e-06
642,0.9822521607507958,0.0009518964973683941,169408.925078125,0.37081944942474365,2.33409491556813e-06
643,0.9250480171126904,0.012834218171367538,256395.28585546874,1.3194639682769775,5.373146450438071e-06
644,0.9029008119901203,0.01340395243829546,253540.89833203124,1.26439368724823,4.84782367493608e-06
645,0.9380971989578952,0.0185294613014792,199524.114421875,1.6790292263031006,1.0978063073707744e-05
646,0.7054204754681669,0.02056542015527894,220475.15502929688,0.500619113445282,3.61405136573012e-06
647,0.8768902116430815,-0.01221971818509948,113766.83917773438,0.4182496964931488,4.739996256830636e-06
648,0.9522978205882545,0.006617878777895175,122944.41734765624,0.4153853952884674,3.4554957437649136e-06
649,0.9357151654357729,0.006635769243546162,136023.45724804688,0.30361148715019226,2.5926524358510505e-06
650,0.8248423409344637,-0.016550990871611805,162157.86101171875,0.3890132009983063,3.113245384156471e-06
651,0.7164239371672733,0.01325929573654785,180134.51024414063,0.19395047426223755,1.5759343341414933e-06
652,0.9931775276151119,-0.0008875472672966604,173220.36206835936,0.4466775357723236,2.4828059395076707e-06
653,0.9818529006047596,0.0060865025956968275,192445.45598046875,0.7569987177848816,3.6947137687093345e-06
654,0.9467837508656628,0.008105860649047588,285116.94775390625,0.5449398756027222,2.2282099507719977e-06
655,0.8166962999069365,0.012649945513775554,295071.85664453125,0.660396933555603,2.7186463285033824e-06
656,0.7757749715042297,0.035321879043924156,245968.611765625,1.9409675598144531,9.216490980179515e-06
657,0.9490496465226876,-0.005789560709085644,212096.36935546875,0.4190715253353119,2.0463378405111143e-06
658,0.9931056300708645,0.0028273095810257376,118780.07647363281,0.5757257342338562,5.171608336240752e-06
659,0.9939446424353784,-0.0021832600428956404,130371.03706347656,0.3184244930744171,2.5174497295665788e-06
660,0.9885270656881087,-9.938567930955422e-05,133909.74165527345,0.06123365834355354,4.1478611478851235e-07
661,0.6475440524729589,-0.00998209570825997,191991.1648310547,0.21886900067329407,1.4424927030631807e-06
662,0.9841533732096581,-0.0009614203554569589,250481.58367773436,0.3833763897418976,1.7276760218010168e-06
663,0.9431567405438583,-0.01481023098271487,303740.130046875,0.8746996521949768,2.8288418434385676e-06
664,0.9939794541385385,0.008080150723990267,367605.18444921874,2.885521650314331,7.615213235112606e-06
665,0.9832499864219666,0.011480752331541695,418790.1112734375,3.410128593444824,7.0381715886469465e-06
666,0.8160656996152597,-0.06666589392108445,211809.071546875,3.873304605484009,2.4505023247911595e-05
667,0.806984481136061,-0.01585719305573529,195989.63466796876,0.6774314045906067,5.594200501946034e-06
668,0.6537579604178038,0.011874247018596878,107551.41993457031,0.25300177931785583,3.1309423320635688e-06
669,0.9856174433297525,0.0033105940962140415,119066.19800585938,0.5161483287811279,4.261642516212305e-06
670,0.7301606126538948,0.010971836047419848,140517.616171875,0.2643440365791321,2.989367885675165e-06
671,0.7915917960706367,0.012925000164422468,256697.20170703126,0.2622945010662079,1.6560983340241364e-06
672,0.991818020822705,-0.001333800831005325,278286.1280566406,0.32528743147850037,1.3700417866857606e-06
673,0.9851926329921078,0.006847499952612774,247354.5163515625,1.797292947769165,7.532759809691925e-06
674,0.897472446111255,0.017391669480886912,165620.96526171875,1.7428644895553589,1.1173729944857769e-05
675,0.7295358953930736,0.03169661447356266,242879.20784570312,0.7065780162811279,4.5618512558576185e-06
676,0.9861261437416802,0.0024180871950918665,103620.95774902344,0.37101033329963684,3.718240805028472e-06
677,0.9381088643523189,0.0072497137423747715,124955.42986621094,0.33045920729637146,3.0791127301199595e-06
678,0.9985655448040387,0.0012708788666457517,141469.53380664063,0.4439793527126312,3.737013685167767e-06
679,0.44519942674930574,0.012250396960773596,178454.92086914062,0.1554899364709854,1.2971424894203665e-06
680,0.6724285820024737,-0.015511427288498542,186553.6840546875,0.2588513195514679,1.9082272046944126e-06
681,0.9809645916388762,-0.010647968506163993,197924.0122558594,0.9782757759094238,5.146208422956988e-06
682,0.9703412011039756,-0.028620981439356603,278261.1584765625,3.0532684326171875,1.0682827451091725e-05
683,0.9120286428255003,0.023013774057213096,301136.9023701172,1.312288522720337,4.979726782039506e-06
684,0.9298493626228473,0.03789393373708704,324775.6848261719,2.933877944946289,8.413384421146475e-06
685,0.803305683268332,-0.05229334972091135,176012.99720507814,2.9478306770324707,2.184020195272751e-05
686,0.9325808950002025,-0.006569174498048419,226273.92499023437,0.6692256331443787,3.7312083804863505e-06
687,0.9899548813476364,0.0026013527213215528,133786.1375390625,0.6398661732673645,4.816429736820282e-06
688,0.9947106621920017,-0.0013029265638875268,136280.41690820313,0.5510063767433167,3.880105396092404e-06
689,0.8879411020924517,0.009751303539352385,154321.601984375,0.42153045535087585,3.207929466952919e-06
690,0.9255589501599929,-0.006441350230064651,166015.17253125,0.2759796380996704,1.6566341400903184e-06
691,0.8446688567300082,0.01144011852918424,187297.5674033203,0.31072449684143066,1.705707859400718e-06
692,0.7751506420295832,0.025243039248474992,202273.8621171875,0.45831167697906494,3.2094080779643264e-06
693,0.8364003721797424,0.0051722540428879886,216344.92111523438,0.24441958963871002,1.0556740335232462e-06
694,0.9164425630217536,0.009491082826903838,234854.44319726562,0.3264696002006531,1.8535429262556136e-06
695,0.9931804457794915,-0.007106726378720292,310762.70875195315,1.7434470653533936,4.721472123492276e-06
696,0.8707433274231857,-0.005458924579722705,240967.289640625,0.6506742238998413,2.565938757470576e-06
697,0.9423238680681775,0.02975447701297168,276374.83481445315,3.177631378173828,1.13868418338825e-05
698,0.6643109335976018,-0.015315289043574655,111268.27791308594,0.3579418361186981,3.990306595369475e-06
699,0.9127250958781146,-0.0136280171110817,123045.62391601563,0.5420254468917847,4.356331828603288e-06
700,0.9885854850042632,0.0066930857596526035,126343.7998984375,0.6593056321144104,5.781545041827485e-06
701,0.9933171497493567,-0.0032965093755676082,117253.71880761719,0.4764435589313507,3.964526968047721e-06
702,0.9879836268254094,0.013831840802694294,132748.24615625,1.3121051788330078,1.121418972616084e-05
703,0.41121554788334014,0.07491806857416501,125979.00934179687,0.5873185992240906,8.59123065310996e-06
704,0.9986772198530095,-0.0008320733158811823,121227.49931445312,0.2592046856880188,2.39713358496374e-06
705,0.8731665067403082,-0.012820829034075817,129178.07434570312,0.389934241771698,3.463793518676539e-06
706,0.9444950262141096,-0.003872713798002271,148618.84974414064,0.16013693809509277,1.2284940567042213e-06
707,0.8878744773979101,-0.024157172802767125,174253.52957226563,0.6739429235458374,4.8241158765449654e-06
708,0.7904082974956709,0.02851642255921683,278720.95166015625,0.8588165640830994,4.045059085910907e-06
709,0.718273944385102,0.08032357284785713,343615.166328125,1.943610429763794,8.100549166556448e-06
710,0.9707968389126176,0.013294840231820239,226802.30321679686,2.941070079803467,1.269917902391171e-05
711,0.7223360222176785,0.014844309011628557,232819.0190703125,0.30070576071739197,2.551418447183096e-06
712,0.9864400560378522,-0.0017531902901198899,121753.30446289062,0.24097943305969238,2.1331973130145343e-06
713,0.7383832897814256,-0.005315179594943237,116719.14164746094,0.13116468489170074,1.3512135410564952e-06
714,0.7429874711177205,0.02931940478193279,146837.17876757812,0.6074377298355103,6.017142368364148e-06
715,0.9781052431905506,-0.0046134449103406696,153498.00423242187,0.40193772315979004,2.360824737479561e-06
716,0.964354363944044,0.004711553354356642,217701.05162890625,0.29268863797187805,1.5359904637080035e-06
717,0.9920588431712241,0.0015415352795560867,264071.0931054687,0.6494253277778625,2.796700755425263e-06
718,0.8653123742714623,0.013216058328963446,303226.66320703126,0.48425281047821045,2.3598463485541288e-06
719,0.9663155675115475,-0.011547131365767732,265431.84450585936,1.9456157684326172,7.1849744927021675e-06
720,0.695017368320716,0.05848703363105836,284717.13750390627,1.2559705972671509,7.307065516215516e-06
721,0.8077869367835128,0.010761894778602893,106255.27924902344,0.23191770911216736,4.036701739096316e-06
722,0.9971429569490823,0.00046702345326239404,115794.97205859375,0.31210827827453613,2.7860805857926607e-06
723,0.9954761833443972,-0.0018559510737522404,112385.73307324218,0.45047712326049805,3.78135291612125e-06
724,0.9958410042104585,-0.002362384051638705,119057.21536523437,0.38186541199684143,3.246452479288564e-06
725,0.9655646368512911,0.0022124220066473818,131853.03230078125,0.1552858054637909,1.149340050687897e-06
726,0.6618019050425196,0.0068677907021107674,122746.70226171875,0.07095486670732498,9.708314792078454e-07
727,0.4306953640535926,-0.0075824229888713365,132771.83922265624,0.07366683334112167,1.034104229802324e-06
728,0.7383328162669553,-0.013254584038087209,146741.82843554686,0.19254015386104584,1.5811365301487967e-06
729,0.8054201187334512,0.008482948168540002,179865.44299121093,0.16129139065742493,1.3693972960027168e-06
730,0.9514138190264556,-0.009397631252096797,289762.4325644531,0.740753173828125,2.354532853132696e-06
731,0.8102267983684168,-0.026022985727702674,304584.6397578125,1.4572902917861938,5.5897680795169435e-06
732,0.5105498444141792,-0.02807149345845241,257202.33837109376,0.7226545810699463,4.883655037701828e-06
733,0.6660859936659763,0.056643963662242905,278426.77283984376,1.2285265922546387,8.297298336401582e-06
734,0.7760187473513925,-0.005338331649447991,117254.28077636719,0.15948407351970673,1.8261761169924284e-06
735,0.2874381751817842,0.013595064737801914,130518.13986914062,0.12403867393732071,2.138055151590379e-06
736,0.8511056882980575,0.007742222193469866,144510.19927929688,0.280958354473114,2.099805669786292e-06
737,0.9006603547627512,-0.00551256288816991,162679.63808984376,0.200021430850029,1.2607644066520152e-06
738,0.7016611563955639,-0.011070989108714414,213567.65348046875,0.23314660787582397,1.3634222568725818e-06
739,0.9918347160899775,-0.003109440765265409,251747.858703125,0.5125198364257812,2.4005000796023523e-06
740,0.7958287357445537,-0.03546274194130593,240043.64088085937,0.8919231295585632,5.203552518651122e-06
741,0.991854111193328,0.006476263820661203,228628.793765625,0.9792145490646362,5.0344547162239905e-06
742,0.8607450574276297,0.018509530204185914,257116.16615234374,0.6558989882469177,2.9500201890186872e-06
743,0.9118974071261301,-0.0729379433588897,393752.09621875,3.277509927749634,9.620810487831477e-06
744,0.9601911678032997,-0.0428703073389886,286692.38803125,6.195432186126709,1.9638906451291405e-05
745,0.5988218727272704,-0.09134422896968866,224544.61708398437,2.35343861579895,2.106734064000193e-05
746,0.17522653799765409,0.11769263233868524,180922.97719921876,1.5631012916564941,2.5626683054724708e-05
747,0.9869928898049968,-0.002552508297400774,79927.30130859376,0.3773011267185211,4.92056051371037e-06
748,0.9479323851095718,0.003687806079699088,123182.97790722657,0.24854300916194916,1.92750394489849e-06
749,0.8896754414980764,0.006676925678313616,150000.519703125,0.3252693712711334,2.6392253857920878e-06
750,0.7537848514769043,0.010908237301626815,199496.618984375,0.3149295151233673,2.1148250652913703e-06
751,0.9894170427987214,-0.0034670301319482577,284227.1236503906,0.9010419845581055,3.1138295071286848e-06
752,0.6849295272089925,0.018850528815987293,153568.99839453126,0.7155292630195618,4.943195108353393e-06
753,0.6632418113732931,0.024810591582893102,189926.46800585938,0.5399070978164673,6.307292551355204e-06
754,0.2914202779868505,-0.025964317157278295,242347.815109375,0.40544593334198,3.201288336640573e-06
755,0.9599940715614557,-0.00366244370371124,100365.24928808594,0.32381924986839294,3.2469542929902673e-06
756,0.8865351601189542,-0.010824181120107346,120619.2131171875,0.3842751681804657,3.838311386061832e-06
757,0.8959332934763274,0.005223438863867511,137895.15598535156,0.24804864823818207,1.849682348620263e-06
758,0.9920270174815226,-0.003048762762868822,190771.94095898437,0.48384907841682434,2.8215738439030247e-06
759,0.8881529464978579,-0.012096625825329162,271696.92814453127,0.7136855125427246,2.97178257824271e-06
760,0.9308322393521983,-0.044096452820634215,329354.7331835937,3.5574183464050293,1.0382081200077664e-05
761,0.9982165300205743,0.00020397755571457398,313530.18018359377,3.5293753147125244,9.98792802420212e-06
762,0.9940010459681052,-0.004359126558560038,233963.42212109375,3.227294921875,1.332125066255685e-05
763,0.6374216076024741,-0.021356002826407018,107477.00285546875,0.4115560054779053,8.052326847973745e-06
764,0.7826637291689543,0.013628876020395588,139269.8522265625,0.37771499156951904,3.220031885575736e-06
765,0.965904711822154,-0.0066376564488349835,171597.7371386719,0.422214150428772,2.5113233732554363e-06
766,0.9933314728677474,0.0018115752895724161,199510.4006582031,0.25439453125,1.420930402673548e-06
767,0.9194425489878731,-0.022735310019287965,244475.70663671874,0.9041570425033569,4.725397957372479e-06
768,0.8848700700869051,0.020646636660759856,235670.80902539063,1.0351978540420532,5.262799277261365e-06
769,0.7918127839936914,0.017567673990712015,225334.71852539064,1.0092366933822632,3.5909815778722987e-06
770,0.9732219098211525,-0.007963321505530798,147768.83956054688,1.2823855876922607,9.644812962505966e-06
771,0.7229372220184459,-0.021821307348710902,206817.82261328126,0.4423457384109497,3.6043868476554053e-06
772,0.9898554676210441,-0.0008860712042356491,132561.64757519533,0.2396993339061737,1.9574081306927837e-06
773,0.9735769813407116,0.003994535745117941,133858.60070214843,0.2768937051296234,2.0745994788740063e-06
774,0.9690634998815325,-0.0039932042233552815,136148.31015820312,0.23014390468597412,1.7850549056674936e-06
775,0.9902865324600743,-0.0020927391527007467,157107.33569921876,0.2724078297615051,1.7385680166626116e-06
776,0.8716829575910034,0.012253844080871332,188951.01554101563,0.33027663826942444,2.064819227598491e-06
777,0.6296664606116557,-0.02230655148421744,186612.23810546874,0.24133017659187317,2.8304798433964606e-06
778,0.6182054167329871,-0.05053540364738245,206516.84305859375,0.9924114346504211,6.03847365709953e-06
779,0.41224499930661834,0.023732993318187276,284289.46816601563,0.48603758215904236,2.8415915949153714e-06
780,0.610988507412764,0.02693902709503735,207390.7739375,0.7751550078392029,5.470885298564099e-06
781,0.8272484769513493,0.024334189196980036,247957.0511796875,1.6346503496170044,6.521207069454249e-06
782,0.7948861923419478,0.00966354374115128,128529.64299023438,0.39275670051574707,4.1593411879148334e-06
783,0.9955223002175403,0.0009346121537590939,118986.96665722656,0.20480871200561523,1.854175366133859e-06
784,0.8910963985305161,0.0077785057201235856,136088.10340625,0.34181028604507446,2.8378308343235403e-06
785,0.735168885467577,0.007422955680730436,158595.71884375,0.1841588169336319,1.3938819165559835e-06
786,0.9720858915652594,0.0008761562456491445,200441.34071484374,0.14136958122253418,6.830240977251378e-07
787,0.6798574919728251,-0.022803288559725653,250493.01525390625,0.5642732977867126,2.669260538823437e-06
788,0.8668052469898209,0.015069160046677858,317855.25084375,0.6228448152542114,2.4812195533741033e-06
789,0.8888805424625811,0.029624259026125158,314519.43661621097,1.339359164237976,5.629566658171825e-06
790,0.8894771530198196,-0.04212782625059613,179866.79427734375,2.2528765201568604,1.908859849208966e-05
791,0.680367028291313,-0.03257292678412003,210120.675390625,0.7503878474235535,5.384315045375843e-06
792,0.7312788256538314,-0.035011267409660284,134310.41338671875,0.6635980606079102,7.21971537132049e-06
793,0.8534364575219378,-0.026854784695529908,134586.58582421875,0.7035616636276245,6.262439001147868e-06
794,0.9232001209676456,0.013627350811108857,139935.75428808594,0.5321839451789856,4.107698714506114e-06
795,0.9422596582774126,0.011440311296597509,153821.5813203125,0.6099629402160645,3.884468696924159e-06
796,0.8592005539404943,-0.01758307246829172,170727.3436484375,0.3707852363586426,3.834682502201758e-06
797,0.7542758107861346,-0.048602809802863696,175618.16623242188,0.8892489671707153,7.499021194234956e-06
798,0.8921938864487265,0.016876082456372715,193113.58318359376,0.6684566736221313,4.3666200326697435e-06
799,0.957817493127144,-0.012521998212300243,211165.53152734376,0.738341212272644,3.650113058029092e-06
800,0.637756211172967,-0.017320086758886858,257416.38331640625,0.3839365839958191,2.0497886907833163e-06
801,0.9817384628281094,0.0036775643949101744,277539.4639101563,0.4697176218032837,1.7504958123026881e-06
802,0.8840650508265667,-0.032773836165128585,273199.6114980469,1.9550573825836182,7.0943019636615645e-06
803,0.9671319615123258,0.03666469505187912,230549.87745703125,6.400676250457764,2.689654502319172e-05
804,0.9480509397067627,-0.010568946939727635,172819.414375,0.8688294887542725,6.208109880390111e-06
805,0.9985768305995842,-0.0005816926690148639,118703.67651367188,1.4940179586410522,1.1873944458784536e-05
806,0.5050218234877285,0.06780525220087243,131952.18900976563,1.5682698488235474,1.7092874259105884e-05
807,0.9499193452749101,-0.01296453821215855,173934.51171875,0.9581162929534912,5.519135356735205e-06
808,0.9754166445055938,0.012463135718312706,256366.13110351562,1.5041671991348267,5.387532382883364e-06
809,0.9940017653409453,-0.009421101387968053,207401.291625,4.62179708480835,1.9991470253444277e-05
810,0.9283268260430222,-0.04373955196284652,214660.7217421875,4.465021133422852,1.851981141953729e-05
811,0.7152742115796242,0.04038584107464898,199457.33059765626,2.9588382244110107,1.4874864064040594e-05
812,0.39620463205898093,-0.05703850145428905,77489.03046679687,0.6947844624519348,2.5216895664925687e-05
813,0.7712834010411802,0.020195734639205435,109441.0253076172,0.7043263912200928,7.5518696576182265e-06
814,0.9859992122403134,-0.0015498593946723328,101646.10477832031,0.5751330852508545,5.267067081149435e-06
815,0.9130122047501634,0.004388378893067795,185716.427765625,0.2751321494579315,1.8478455103831948e-06
816,0.982196497325116,-0.003217358920111007,214315.89069921875,0.8038659691810608,4.494813765631989e-06
817,0.9746251165783959,0.01018036906264548,187926.6350078125,1.9046047925949097,1.0317644409951754e-05
818,0.8589528087843795,0.02499860006795132,218871.62366015624,1.090378999710083,6.478561317635467e-06
819,0.7534501556397575,0.009262189100912775,165023.52153320314,0.2725609242916107,2.560411758167902e-06
820,0.7930305634335151,-0.013378713560650419,119772.5708984375,0.33215606212615967,4.0004897527978756e-06
821,0.8891354406742035,-0.01122809856065018,138954.34305859375,0.39891278743743896,3.491033339741989e-06
822,0.8605609303499319,0.011004255759156586,141537.6715576172,0.35815122723579407,2.9001689654251095e-06
823,0.9931966909188455,0.00841283440418218,245531.42811523436,1.7417075634002686,8.068578608799726e-06
824,0.8245598516250213,-0.022466911698532915,304362.9284082031,0.7571565508842468,3.6444380384637043e-06
825,0.7992939127271304,0.018901744485177382,177858.99162207032,1.3957910537719727,6.90363140165573e-06
826,0.9310008160480867,-0.03849332173439957,125595.54662792968,4.379393577575684,2.9008382625761442e-05
827,0.44860840189187834,0.09434863620897826,261047.33351953124,1.1818513870239258,1.2488745596783701e-05
828,0.9883542047870109,0.000971262491383333,94503.3362421875,0.28343674540519714,2.8742294944095192e-06
829,0.9930955195799863,-0.00154019412529468,99948.56678320313,0.3543264865875244,3.292549763500574e-06
830,0.9129462371297467,0.008335353903589877,113530.8925390625,0.45857974886894226,4.552291557047283e-06
831,0.7939972694940615,0.016257092227599215,187775.13456054687,0.3476587235927582,3.0883413728588494e-06
832,0.9954505343079285,-0.000238580075657032,323326.211875,0.3731171786785126,1.1019975545423222e-06
833,0.8835352048725928,-0.014467227907179567,219263.65116210937,1.053544521331787,4.501008334045764e-06
834,0.9912662637041187,-0.0014195741086109295,282603.65733007813,0.7683030366897583,2.541117737564491e-06
835,0.9259444790346637,0.022382625007793755,270661.610078125,1.7323646545410156,7.138131877582055e-06
836,0.1828275541923772,-0.015600244049932151,128184.84828710937,0.27101391553878784,3.321782514831284e-06
837,0.9809076713224989,-0.002254140610863969,113325.91224902344,0.3127424120903015,2.487590336386347e-06
838,0.9617606051512182,-0.0029129135714415643,128809.49924023438,0.15803207457065582,1.2491714187490288e-06
839,0.9978925232790229,-0.00026046116913885963,149108.88391210936,0.13828426599502563,8.815364367364964e-07
840,0.9359965834874736,-0.0024206606746113935,180895.15331054688,0.09140878915786743,5.887484917366237e-07
841,0.8276986265269093,-0.004625139777372812,157576.53599023438,0.08980219811201096,7.819122629371122e-07
842,0.9235737881047356,-0.01636610284663608,215393.20506640626,0.9165962338447571,5.103147032059496e-06
843,0.9889999542716157,-0.019260490763939004,390275.28130078124,4.984963893890381,1.2144344509579241e-05
844,0.9563786726126162,0.0342017459248089,313408.983671875,4.735876083374023,1.3488837794284336e-05
845,0.772819668987513,-0.037264710056494794,212251.08617773437,1.564437747001648,1.2247923223185353e-05
846,0.8371886714102045,0.036694329865135454,254166.16748046875,1.7340437173843384,8.388161404582206e-06
847,0.8195144869787429,-0.02018193871588265,109483.95706152344,0.768109917640686,9.460002729611006e-06
848,0.6129114467098071,0.01943008693943583,129194.5155859375,0.39295586943626404,3.7303757380868774e-06
849,0.7519063427283714,0.014711535544209063,162053.94958789062,0.32112470269203186,2.494024101906689e-06
850,0.9519741805955455,-0.007605342514100245,193477.7150234375,0.38261938095092773,2.0916015728289494e-06
851,0.9660483027912593,0.0030370183442201245,222745.39062207032,0.22842198610305786,1.1236967338845716e-06
852,0.9926059987406075,-0.006448124523649447,247498.98453710938,1.6279360055923462,6.606829174415907e-06
853,0.918684513722051,0.014735222707311863,283748.6488144531,0.6041611433029175,2.739832098086481e-06
854,0.772015330602974,0.016375989894143104,225694.42845507813,0.3991365134716034,3.8003061035851715e-06
855,0.9653128683162484,0.034375060080189444,219951.87880273437,3.8592019081115723,1.8222614016849548e-05
856,0.7844962282062413,0.01219571783210894,179033.0489609375,0.3564525246620178,2.7831363240693463e-06
857,0.9970494271078325,0.0004369920270517236,114952.33292871094,0.4999508857727051,4.42260079580592e-06
858,0.9771786835304564,-0.004372743350551257,121558.49038476562,0.31983646750450134,2.6278758014086634e-06
859,0.8259631946226068,0.015888653306533163,124623.62194140625,0.446783185005188,3.6074411582376342e-06
860,0.6682663346191807,0.03037286792694895,132317.84792089844,0.37313026189804077,4.4805674406234175e-06
861,0.9702928741936879,0.0024912156976024816,144610.66631054686,0.11316221207380295,9.744854878590559e-07
862,0.808399486275459,-0.002280743753192891,133210.89728515624,0.06252627819776535,4.420078596467647e-07
863,0.7809837281177783,-0.0033726752470584613,139483.71922460938,0.0711451917886734,4.859576279159228e-07
864,0.932101768773331,-0.0026442090360595167,154331.88726757813,0.1169494092464447,7.863503128646698e-07
865,0.8125859860697485,0.008471186483002486,215274.6466015625,0.2656724750995636,1.3692961147171445e-06
866,0.9120270746162359,-0.02638530871452204,354686.1664023438,1.3979647159576416,4.466920472623315e-06
867,0.6286306539267913,-0.0775148604283047,169472.08388476563,1.3416600227355957,2.555603532528039e-05
868,0.3664349798153876,0.09685626703941186,328950.74104003905,1.3418048620224,8.848632205626927e-06
869,0.8595930583962604,0.008095945003037628,185233.80797558595,0.27584996819496155,2.224443733211956e-06
870,0.842633398460995,-0.008492117611732566,120978.20455761718,0.27153539657592773,2.7570251859287964e-06
871,0.9800953919435182,-0.0034940444088300336,127043.78105957032,0.2986375689506531,2.098400955219404e-06
872,0.9895668929041518,0.0022603223031650113,128947.29119921874,0.28313708305358887,2.117050371452933e-06
873,0.8306698457848055,-0.010766523153896937,147934.80998828125,0.3692501187324524,2.4837950149958488e-06
874,0.9868896061766003,-0.001245398894376767,179218.84296289063,0.1294131875038147,8.443452088613412e-07
875,0.9925624965123415,-0.002185774506035335,177573.43844921875,0.34357473254203796,1.89665149719076e-06
876,0.9379768904153988,-0.015460263844383365,271519.4952460938,0.7323644757270813,2.9152965907996986e-06
877,0.9770478164098775,0.017476699214910518,370781.72182421875,2.557899236679077,6.74203965900233e-06
878,0.9837817960206806,0.001112738441040523,288785.8237695313,0.7247069478034973,2.4370640403503785e-06
879,0.5198682277127327,0.06385116849124226,151935.00112304688,1.6045113801956177,2.315983692824375e-05
880,0.9437511840372962,0.0038845740352624796,174641.228828125,0.24997973442077637,1.6005240013328148e-06
881,0.6467561350561891,0.006543765534468555,123597.69744335937,0.1284659206867218,1.5745065411465475e-06
882,0.9273097026357419,0.004111049719384194,123092.086046875,0.171843022108078,1.495391870776075e-06
883,0.9969845078861235,0.00032584489540347315,138343.4527861328,0.22936323285102844,1.6038168269005837e-06
884,0.9640515986197329,-0.004624026378605425,172371.03160058593,0.3695465624332428,2.1539274257520447e-06
885,0.9882217930731249,-0.0031363798942421793,244037.71404882811,0.37627822160720825,1.7521018662591814e-06
886,0.9774977856981281,-0.005899159630433218,281329.6323085938,0.9937199354171753,3.5252530778961955e-06
887,0.8300947267415913,0.012518308685500308,380066.1108671875,0.6408568620681763,1.9046070747208432e-06
888,0.9928790831017342,0.004029848184046785,216549.86040625,2.240281105041504,8.565761163481511e-06
889,0.6972778669380337,-0.10462174056622622,302057.9017207031,2.6154444217681885,1.2461365258786827e-05
890,0.7792244178468075,-0.01820381114318966,109604.04641015625,0.5306836366653442,6.271150141401449e-06
891,0.9704313989261524,-0.004144015940984136,126729.18008789062,0.3200303912162781,2.7407702418713598e-06
892,0.8994710690410653,0.009931768995608764,145812.41261523438,0.37243902683258057,2.5498331979179056e-06
893,0.8272704528115548,0.048200264073219874,169524.56939648438,1.0414005517959595,9.40029258345021e-06
894,0.9985568523194626,0.0004392855199232164,184847.3114814453,0.42683708667755127,2.2363371954270406e-06
895,0.9921232762048895,0.0012071283064845936,167020.6444238281,0.4278469979763031,2.7764485821535345e-06
896,0.49110527809073146,0.05091730864685626,226221.34838671875,0.9322047233581543,4.710184839495923e-06
897,0.8557675943887423,0.017701031385140873,209389.51697265625,0.5711526870727539,3.04926970784436e-06
898,0.8483682897374926,0.014704989140532372,282083.01881835936,0.5511966347694397,2.038374077528715e-06
899,0.8936567726281438,0.029760490259106678,347712.72518359375,1.9983831644058228,5.781220352218952e-06
900,0.9842346031488969,-0.007048472758068609,162133.7659921875,4.170873165130615,2.157010203518439e-05
901,0.8692820425867738,0.013654194127902315,241818.9978808594,0.48488661646842957,2.7516807676875032e-06
902,0.9299472760811311,-0.007400121612749086,109800.42531445312,0.4737014174461365,4.443813850230072e-06
903,0.9954274201603571,-7.650704597680669e-05,121393.84568164063,0.4120127856731415,2.980027375087957e-06
904,0.9741706280571614,0.0016935793833546327,143438.03395898436,0.22935029864311218,1.5451431636392954e-06
905,0.8406134082914352,0.010590413047644914,194642.45027929687,0.21684573590755463,1.8497397604733123e-06
906,0.9803984506178189,-0.003094612594045433,291291.2063515625,0.28009068965911865,1.1151514627272263e-06
907,0.8849534470217736,0.006391456055794347,273593.6836679687,0.4528815746307373,1.7454800627092482e-06
908,0.9945085602904744,0.003669126450124697,256318.0097441406,2.764561891555786,9.23795687413076e-06
909,0.9879223081809279,-0.009558987239463483,338051.3670390625,2.3955140113830566,7.424278010148555e-06
910,0.9010322330286644,0.008164379989942261,136959.82953515626,0.4724724292755127,3.7294344110705424e-06
911,0.8799027427022417,0.008368612928953629,124266.92954296875,0.2874319851398468,2.876024836950819e-06
912,0.9953606677503177,-1.1979656888931878e-06,131468.63600878906,0.16956928372383118,1.245976591235376e-06
913,0.8014765852279699,0.003345714820882844,156076.24172851563,0.09896759688854218,7.070476613080245e-07
914,0.9660087709557666,0.004400891582714557,207070.26660546876,0.2810969054698944,1.5291635691028205e-06
915,0.7557508892092603,0.03322512671174995,205553.63043359376,1.0296821594238281,4.67974223283818e-06
916,0.8622900142932252,0.021463722267051438,229581.6220546875,0.6666744947433472,3.2613195344310952e-06
917,0.9919755170018849,0.002154726519407148,319920.4543710938,0.6854813694953918,1.8197825966126402e-06
918,0.9583482127178417,0.0032699732555154406,378073.6259375,1.2577563524246216,4.209165126667358e-06
919,0.992758346170726,-0.010778000563837204,158903.73318359375,2.5642056465148926,1.8468579582986422e-05
920,0.42487400253054586,-0.017303904135195686,239515.728671875,0.2912336587905884,1.8793738263411797e-06
921,0.8701063152535632,0.004545552113513778,107521.83561328125,0.14705181121826172,1.7690330196273862e-06
922,0.824032967140212,-0.005160489413177613,128112.34886621093,0.1630474030971527,1.303745762015751e-06
923,0.7560621751996518,-0.010525440999652488,146173.059828125,0.3127831220626831,2.241306219730177e-06
924,0.9747581848682497,-0.0004958502692089004,182546.936015625,0.5441084504127502,3.3971009543165565e-06
925,0.8320282125793595,-0.014757794860301477,215685.1617109375,0.5943305492401123,2.6892084861174226e-06
926,0.9812861989700856,0.01444114588036994,266279.2980664063,1.8937772512435913,6.626558388234116e-06
927,0.878201314732414,-0.01234686349148335,330724.45195703127,0.6617653965950012,2.11727956411778e-06
928,0.9947924226768635,-0.0027557236573092707,372542.880875,2.3801493644714355,5.884621259610867e-06
929,0.9923439323949064,-0.011499722273316254,262727.35615625,7.092855453491211,2.451115688018035e-05
930,0.9200739611309925,0.007548796424135926,103880.19652148438,0.5595356225967407,5.517444606084609e-06
931,0.9594234515051168,-0.006191581974885116,126807.1935625,0.5424951910972595,4.20798642153386e-06
932,0.7948849755624441,-0.016055992821139016,138728.89119433594,0.38355666399002075,3.4254139791300986e-06
933,0.9849632534230245,-0.005889578343858636,159540.14230859376,0.5469983816146851,3.5932914670411265e-06
934,0.9951904307635564,0.0026056584399345344,173250.5796953125,0.3868013620376587,2.5358613129355945e-06
935,0.760859898587205,-0.020178867805237085,176293.88227148438,0.33560705184936523,2.5875697247101925e-06
936,0.7154512752125829,0.022918740209011985,217392.7297109375,0.6537028551101685,3.6477026696957182e-06
937,0.7862937297753875,-0.028718521635845436,250834.02639648438,1.0975356101989746,5.2348409553815145e-06
938,0.8681641600570644,-0.020828203228369858,234184.15011523437,1.5920684337615967,6.625340120081091e-06
939,0.7649890130434672,0.05824339299686912,217287.127984375,2.7082347869873047,1.4580102288164198e-05
940,0.9460891916721237,-0.00363592247311394,136281.45708398437,0.20422974228858948,1.4726133485964965e-06
941,0.9200317461594868,-0.0052243127007451165,109554.50755859374,0.19034799933433533,1.97376539290417e-06
942,0.9910623948300823,0.0018749945053909008,129219.17985449219,0.284850150346756,2.2482804524770472e-06
943,0.9920767097113959,-0.0019422836703429204,163151.13358984375,0.24176272749900818,1.4498591554001905e-06
944,0.9481966838492442,-0.007664975078792005,163265.51902148436,0.32744595408439636,2.3573802536702715e-06
945,0.9917078517845308,-0.003194836255904044,182956.53755078124,0.4022025465965271,2.3995787614694564e-06
946,0.9386823221327676,-0.013820838070414062,217297.4669296875,0.7085006237030029,3.4970294109371025e-06
947,0.865617177060987,-0.011380256105697893,277127.3980644531,0.5581857562065125,1.86248382760823e-06
948,0.654326547860796,0.07699361091147378,278656.54466796876,1.8897793292999268,1.3203721209720243e-05
949,0.957142019530686,-0.020219873695518798,224774.00129785156,2.1076643466949463,9.001705620903522e-06
950,0.9712397696897443,-0.006773460840654689,225727.04408398436,0.8276107907295227,4.356531917437678e-06
951,0.9606871873186392,0.005687475806758666,126130.3602890625,0.7100191116333008,5.214984867052408e-06
952,0.7655953263093395,0.020375952925941906,138313.18847949218,0.3962371051311493,3.9383953662763815e-06
953,0.6589536664301284,-0.014734577083391532,157006.90130859375,0.31186580657958984,1.9718579551408766e-06
954,0.883206385915197,0.01305764019362729,177852.41526171874,0.41055822372436523,2.417000814602943e-06
955,0.915121103470101,-0.009641656305380542,196164.15905859374,0.29050251841545105,1.8086950603901641e-06
956,0.8020120133157409,0.027359128066923567,215496.4347265625,1.0140244960784912,4.2183269215456676e-06
957,0.9733778760678283,-0.004297385735940638,229141.7757392578,0.4043174684047699,1.6209072555284365e-06
958,0.8747492095457041,0.014903558239667884,303355.245265625,0.6179896593093872,2.2057690785004525e-06
959,0.9278776328400324,0.010852478862588067,210063.71777734376,1.2363059520721436,5.511857580131618e-06
960,0.9048956714145626,0.03813411837664599,311310.5863125,2.2570230960845947,6.997242508077761e-06
961,0.8493181442126974,0.010016621338964438,131382.78461523438,0.29343393445014954,3.4784823128575226e-06
962,0.9839855134133134,0.0018825363106328248,122785.30685839844,0.2695036828517914,2.2820127014711034e-06
963,0.9276794002325375,-0.006372697462541596,117382.50454492187,0.2744143307209015,2.3156817405833863e-06
964,0.9924018907218529,-0.0018693497310106734,124207.467015625,0.2759997546672821,2.2762405933463015e-06
965,0.8568117092498561,0.018707383380362215,145719.1683828125,0.325116902589798,3.5732268770516384e-06
966,0.783525833055698,-0.006804551719804549,129480.449828125,0.1223999559879303,1.1817047607109998e-06
967,0.5608492604708207,-0.011479955843402596,136273.3403984375,0.11005234718322754,1.420523290107667e-06
968,0.7543295042109344,-0.011354663391912536,152260.65010351563,0.1749889850616455,1.8601044757815544e-06
969,0.8769932783261593,-0.0041564775139002474,214594.90849414063,0.12010499089956284,7.190011501734261e-07
970,0.9205544298220122,-0.029076735454864007,338558.21729296877,1.9151368141174316,5.861722456756979e-06
971,0.7419820436627492,0.028732408398617588,302735.4301875,1.2923732995986938,5.434623744804412e-06
972,0.9808586271648086,0.005825048554619166,279239.2270546875,2.0971055030822754,8.118582627503201e-06
973,0.8968580689043746,-0.00771091609560092,215620.8781875,0.5009725689888,2.717709321586881e-06
974,0.8048047329980869,-0.006017334332885678,109431.38346972656,0.18461553752422333,2.1402991023933282e-06
975,0.9662019779428335,0.002763334955293076,131774.67401953126,0.24319785833358765,1.754054892444401e-06
976,0.9773248004339204,-0.0032372478558962167,147313.70464941405,0.28911444544792175,1.9210672235203674e-06
977,0.9319785792728706,-0.008264756139251908,197730.39505078126,0.480426549911499,2.702256097109057e-06
978,0.9835401593225469,-0.004456699494170044,309626.34569726564,0.5069186687469482,1.8973177020598087e-06
979,0.9726442436770882,0.01119608102296297,341202.8957734375,1.0846154689788818,3.0012336083018454e-06
980,0.7031653706889345,0.029308608063062135,306016.1042480469,0.46622034907341003,3.000247033924097e-06
981,0.648764055890589,-0.058738406677962554,257096.595828125,2.4364216327667236,8.911940312827937e-06
982,0.7402377752328547,0.0277515412415638,207489.88320507813,1.1014007329940796,5.418250111688394e-06
983,0.6266452318885328,0.017689758318359984,79099.75367089844,0.3220413029193878,7.931024811114185e-06
984,0.7004252962441851,0.028709146985265107,119691.57494140624,0.4654730260372162,6.598414074687753e-06
985,0.8273340277168013,0.004080135210195461,139061.30391210938,0.11225052177906036,1.1380431033103378e-06
986,0.9243285230041532,0.0044343567709455535,183525.266453125,0.21808452904224396,1.3378996754909167e-06
987,0.511318180993947,0.01658612369895176,276314.09774609376,0.421962171792984,2.1189157450862695e-06
988,0.8964081911001295,-0.01076766575177091,197958.83658984376,1.1811022758483887,5.165425136510748e-06
989,0.9269388448959928,0.025804568512872432,127291.47494433593,2.1447017192840576,1.9034321667277254e-05
990,0.9960695462497348,-0.002029977582454381,177381.17041796874,0.808408796787262,4.324546807765728e-06
991,0.9141968723874209,0.009845724632852642,117146.83039550782,0.4378621578216553,4.245332547725411e-06
992,0.9665205442513852,0.005086895322040095,124708.78929101562,0.3358961343765259,2.570454626038554e-06
993,0.9886892088985103,0.002387610315006878,117102.82604394532,0.2830803394317627,2.4229486825788626e-06
994,0.36546223814509554,-0.014755463977367295,124110.64021289062,0.11115407198667526,2.0764261989825172e-06
995,0.715707061660367,-0.006074175984056128,128973.78894433593,0.0906871035695076,1.0419607860967517e-06
996,0.7210634329140193,-0.016060673885990424,129170.725578125,0.20812208950519562,2.4182234028558014e-06
997,0.5121678648594806,-0.015986644181001666,135648.61800195312,0.17796173691749573,1.8587268186820438e-06
998,0.8844380308828351,0.009771428662258018,154900.15280078124,0.15593911707401276,1.6807416614028625e-06
999,0.7045817554568956,-0.003007464199325839,183768.69246679687,0.05562196671962738,3.7502974237213493e-07
