state_idx,cos_sim,mean_A,mean_g_norm_sq,v_unbiased_norm,v_intentional_norm
0,0.981374805779036,-0.008798193536502645,150466.69427832033,0.6396494507789612,5.1070151130261365e-06
1,0.9265950375970843,0.027032476957368195,192550.51832226562,1.340659260749817,8.965145752881654e-06
2,0.9939980738384201,-0.001400538066335184,198823.53908203126,1.024033546447754,5.762538421549834e-06
3,0.949221653024542,0.0367994207777416,185252.33972265624,2.0850532054901123,1.3816207683703396e-05
4,0.8631919195862382,0.02589115482416281,153988.93431347655,0.9343894720077515,7.026146249700105e-06
5,0.9590323584357966,0.010546597768344275,134507.92521875,0.690254807472229,5.895462891203351e-06
6,0.5312753652708773,-0.03312156687842283,135361.6111064453,0.37151384353637695,4.6993659452709835e-06
7,0.8809126525028423,0.01129034598497368,117262.60536230469,0.46934929490089417,3.9770907278580125e-06
8,0.8786956633333153,0.029505488080669225,125195.99767382813,0.9293350577354431,8.135204552672803e-06
9,0.7409867142108835,-0.0455963179313506,149338.96408789064,0.5767334699630737,5.944918939349009e-06
10,0.7733258276843632,-0.04358324182752712,217335.41740039064,1.0194607973098755,4.613105829776032e-06
11,0.9478386803312338,-0.016357021881548087,225044.69292871092,0.9155792593955994,4.156639988650568e-06
12,0.9885428731371064,-0.010163304388034576,260619.81561132811,1.6918880939483643,5.894426521990681e-06
13,0.5771464081276715,-0.053966087956204674,261457.1057109375,1.276889443397522,5.414443876361474e-06
14,0.8184211119499487,-0.049098449590962844,264070.73020703124,1.3381505012512207,7.364766133832745e-06
15,0.980604855051906,-0.011247462784535782,211972.38049609374,1.5515069961547852,7.639098839717917e-06
16,0.5573208976155489,0.05091753726943265,152965.89838867186,1.0229766368865967,8.882695510692429e-06
17,0.6617277811503361,0.009648632189847134,107684.8488359375,0.30040520429611206,3.0743665320187574e-06
18,0.9921080978402105,0.0029533723003943896,125230.93462792969,0.568159282207489,4.592642653733492e-06
19,0.8858490668058137,0.014375181203826215,137472.52540332032,0.5253207683563232,4.503916898102034e-06
20,0.6005651429295691,0.03529046917032259,170284.02369140624,0.466124027967453,4.4749322114512324e-06
21,0.9739284146973204,-0.014215990929798849,223564.31209960938,1.174635410308838,5.9242124734737445e-06
22,0.6276726845246879,-0.0744024193941253,273403.07014453126,1.7214900255203247,8.344788511749357e-06
23,0.8623248854684964,0.04266821613420835,193415.2650722656,2.546633005142212,1.3711889550904743e-05
24,0.9420731663760901,0.01931112776775411,259867.96321875,1.5482451915740967,6.135082458058605e-06
25,0.6076035199380417,-0.04493325804254556,177068.76440429688,0.7240290641784668,7.088439815561287e-06
26,0.4562824969765724,-0.03785602270606444,117004.15070507812,0.4717780649662018,7.473982805095147e-06
27,0.4413578935688309,0.01945421086622835,122847.28136230468,0.2743208706378937,3.1966835649654968e-06
28,0.9603675654470116,0.009291577794444866,128708.46165429687,0.4751910865306854,3.7771646930195857e-06
29,0.9959094230494231,-0.0038240867607971375,153379.3244404297,1.1444945335388184,7.087819994922029e-06
30,0.8428618336904224,-0.03350343668077691,188612.75953515625,0.620929479598999,4.826089480047813e-06
31,0.9500832671905456,0.007121140839031971,216036.0353359375,0.5930708646774292,2.773859250737587e-06
32,0.986222263709535,0.0009678635739038107,250535.3599453125,0.8022063374519348,2.9138375339243794e-06
33,0.9017232082641193,0.027833760724026956,300376.2935126953,0.9649039506912231,4.223305040795822e-06
34,0.8579300994253573,0.03170912494273516,336384.78302734374,1.4475253820419312,4.7796606850170065e-06
35,0.9056047583293076,-0.02765119812452866,245031.5607988281,2.821887254714966,1.133445039158687e-05
36,0.6902273684298489,-0.08645916814847336,217035.19506445312,1.9704409837722778,1.6286941900034435e-05
37,0.5588095831518176,-0.08381144533770896,94558.16462011718,1.3080874681472778,2.885375579353422e-05
38,0.8292870859009837,-0.03322831659557133,112690.63903515624,1.067972183227539,1.2137287740188185e-05
39,0.9954262391123269,-2.1458855631020233e-06,128432.34577148437,0.43713515996932983,3.302962340967497e-06
40,0.8944891271926054,-0.018768909821416147,160849.14170117187,0.9637284874916077,4.612973498296924e-06
41,0.975212120679378,-0.008061282167110653,173072.1783076172,0.6969170570373535,4.34676030636183e-06
42,0.9530898592250957,0.013152099149118572,211180.79713671876,0.6399157643318176,3.1024369491206016e-06
43,0.9785875223387552,0.0024819452562206785,172713.6573183594,0.6879620552062988,4.080366579728434e-06
44,0.9800666636564729,-0.0017342624182542887,203067.08962304686,0.7366079688072205,3.537723159752204e-06
45,0.9488869472834238,0.007255459007821756,243704.27856054687,0.7781943678855896,2.7337600840837695e-06
46,0.9708105706915092,0.01705677132464549,311212.72061328124,1.2336586713790894,5.044321369496174e-06
47,0.7247791751839827,0.05094893092673563,330141.6631220703,1.0218547582626343,5.1660217650351115e-06
48,0.8785704008937595,0.06424306424423111,223366.79166015625,1.5944125652313232,1.6427533410023898e-05
49,0.5324025248951695,-0.08237796813521453,129320.1283671875,1.308675765991211,2.453034176141955e-05
50,0.7990783191520557,-0.016158854682326935,107079.7235,0.47485747933387756,6.0031734392396174e-06
51,0.7800639188515106,0.020531466449638137,95944.48203320312,0.51856529712677,6.46322450847947e-06
52,0.4813953249894714,0.02390286209227278,124605.523453125,0.26369521021842957,3.4999411582248285e-06
53,0.7276020584924083,0.02915762241687899,147570.3899921875,0.6522043943405151,4.38326969742775e-06
54,0.9875364982887834,0.0021371031915558445,188100.76258203125,0.24911700189113617,1.379774175802595e-06
55,0.919865662142551,-0.0012638174495883691,248509.2848408203,0.07262004166841507,2.8210470759404416e-07
56,0.784606529331831,-0.020954217213552773,328095.15695117187,0.7738908529281616,3.0164351301209535e-06
57,0.8590222362686838,0.03267560076735133,261911.94832421874,1.5366467237472534,6.735774604749167e-06
58,0.9923432838574849,0.006443218907258787,268852.558703125,4.608752727508545,1.578139745106455e-05
59,0.6275263905660294,-0.01516303385226263,92085.25962792968,0.27555763721466064,5.143124326423276e-06
60,0.9327065796891798,0.00758129795585535,131079.41713671875,0.5241526365280151,4.277355401427485e-06
61,0.937876876810559,0.011025797556820885,130235.14034082032,0.5335297584533691,4.364811957202619e-06
62,0.9803453265797677,0.0028804734606311154,165263.48321875,0.2990034520626068,1.8103668253388605e-06
63,0.9181293707550103,-0.027019132685968856,157690.83033300782,0.9094775319099426,7.293850558198756e-06
64,0.8375714876786461,0.04941661564861182,169634.06990722657,1.0535328388214111,7.501744221372064e-06
65,0.8157062045867429,0.013441881001013432,172499.03682421875,0.2746051251888275,2.264649765493232e-06
66,0.650951962493512,0.01802525108420586,226646.57407421875,0.4396630823612213,2.0980273802706506e-06
67,0.9784395658399859,0.0033262275974754577,287922.0055546875,0.8007646799087524,2.8589367957465583e-06
68,0.6161353759869155,0.04960828191731661,309054.3704160156,0.9834264516830444,5.489592240337515e-06
69,0.9250710185928864,-0.0028460614297924807,274891.3999736328,0.34392574429512024,1.1720376278390177e-06
70,0.7725183933450038,0.038747128905287795,228927.70891015625,1.794263482093811,9.61157275014557e-06
71,0.9785680665866555,0.0008997051883903055,122825.15897070312,0.09686081856489182,8.538323754692101e-07
72,0.9915174744676695,-0.0015282243429530005,100499.25854589844,0.20002883672714233,2.1749399365944555e-06
73,0.6765714793134615,-0.005455194064644561,120436.48840527344,0.10146027058362961,1.0241539030175772e-06
74,0.9383669410180419,-0.0038608861846376502,141007.71064648437,0.1499573290348053,9.38428229346755e-07
75,0.9957773949063754,0.0021018993955141782,158998.69241992186,0.38105207681655884,2.511544380467967e-06
76,0.9955850627405224,-0.0009804877435501589,159571.88938867187,0.2590867578983307,1.5952271041896893e-06
77,0.6384134166130196,0.013653165378727483,198543.56582617186,0.17671725153923035,1.6865093357409933e-06
78,0.9915929783674452,-0.001410459583177741,358468.7777578125,1.0015487670898438,2.8154358915344346e-06
79,0.9739726738346532,0.0046704156137224425,303661.6724101562,1.2416818141937256,4.565715244098101e-06
80,0.9723174241746363,-0.014946815430147083,231257.43029101563,2.6576108932495117,1.1092542081314605e-05
81,0.9614279602031444,-0.007474335814394875,214096.2734160156,0.9914566874504089,5.215336386754643e-06
82,0.9935287882766805,-0.0018011178385283736,117646.41698828126,0.7439699769020081,6.696681339235511e-06
83,0.6657440363319406,-0.027344800481963787,125214.10634960937,0.5045188069343567,6.86064277033438e-06
84,0.5588412203361648,0.03489841978989739,130230.25915234374,0.3305053114891052,5.0239686970598996e-06
85,0.9070188638436848,0.008336806021031616,145361.22426660155,0.30366048216819763,2.6316940875403816e-06
86,0.9520663230609148,-0.007800809173129733,216734.843671875,0.5115926861763,2.6072607397509273e-06
87,0.9529650226747917,0.01081113212723876,324375.7219804688,0.8729448318481445,2.8730871690640924e-06
88,0.9565559889082393,0.009121466334076924,295614.59675976564,0.7279124855995178,3.123698434137623e-06
89,0.6225312747766828,0.057287596463721585,288857.7247109375,1.9453867673873901,8.379241080547217e-06
90,0.9613187816404275,-0.008169537924371313,263662.6671640625,0.9299065470695496,3.43499982591311e-06
91,0.8682256610538113,-0.00932566111698067,125693.01707128907,0.3232954144477844,2.9357777293625986e-06
92,0.9819023676670499,-0.005008235280157229,134121.38931738283,0.424262136220932,3.377896973688621e-06
93,0.8505673732482535,0.012563956146206394,143130.2827636719,0.34170469641685486,2.8546894554892788e-06
94,0.9834898085092401,-0.003289846404775706,162930.4102216797,0.51274174451828,3.7000036172685213e-06
95,0.7392283291287194,-0.01395912573117776,183691.44816796875,0.273373007774353,1.8561613615020178e-06
96,0.98057793507957,0.003939609228205516,265789.0795507812,0.561933696269989,2.076384589599911e-06
97,0.9276998255652656,0.012924196643991361,388425.31086328125,0.8133646845817566,2.282989271407132e-06
98,0.7480184266866294,-0.05822822663705829,293352.6927910156,2.8684542179107666,1.18575617307215e-05
99,0.23349659852453952,0.06090637582430223,188389.3781435547,1.0296992063522339,1.1311158232274465e-05
100,0.899771589433348,0.006647873589338419,111844.94969726562,0.28803637623786926,2.8253825803403743e-06
101,0.9357065506044797,0.016568584448356554,116858.14229394532,0.8226479887962341,7.643726348760538e-06
102,0.9395373956809612,0.00335233214343783,131795.71878222656,0.15140150487422943,1.140351969297626e-06
103,0.8996743766600899,-0.00670320233903641,156383.43173632812,0.2049899846315384,1.633320607652422e-06
104,0.8283706086203009,0.019379828020806577,168893.5361269531,0.42854228615760803,3.1603051411366323e-06
105,0.8330960619034169,0.014588311619135385,231727.67243164062,0.3166007995605469,1.8297738506589667e-06
106,0.8405633417205981,-0.026186594148992222,267672.02579101565,0.7669314742088318,3.6186943361826707e-06
107,0.7977293677032484,-0.03588659030102673,300123.8572109375,0.9444774985313416,3.619639528551488e-06
108,0.979713847421815,-0.004918178757441311,298271.5984580078,3.0234766006469727,9.153659448202234e-06
109,0.879090316583112,-0.05249950203916126,206480.84512109376,3.721715211868286,1.668641016294714e-05
110,0.990564926264955,-0.003327046363862263,112454.64401269531,0.9264906048774719,9.079632036446128e-06
111,0.9590310002795464,0.004804248564053267,113742.14663085938,0.43042242527008057,3.7742420317954384e-06
112,0.729310019858522,-0.04679966274785406,132732.07053320314,0.9138146638870239,7.639191608177498e-06
113,0.8652289136199364,0.01717719502623614,140835.1954785156,0.5416111350059509,4.0666218410478905e-06
114,0.9018421993415741,-0.01840221119719471,150142.13262304687,0.535492479801178,3.7324891764001222e-06
115,0.9975826401375731,-0.0010695832786013141,184135.38162695314,0.5793895125389099,3.1568877147947205e-06
116,0.981720406270282,-0.011545333483594104,255730.98284960937,0.9303409457206726,3.851323526760098e-06
117,0.9805114825155672,0.00514277215021429,253179.24438671875,0.9755387306213379,3.490982635412365e-06
118,0.9274300932526568,0.05688764516261134,300070.3865449219,4.420370101928711,1.5181501112238038e-05
119,0.9359797821632919,-0.016356264113217115,229604.16638867187,1.2310328483581543,5.808900823467411e-06
120,0.979046902890265,0.0022765918961886802,132274.94496484374,0.28061842918395996,2.2186015939951176e-06
121,0.9038988417723345,-0.009284112481648833,107070.70550390625,0.3226916193962097,3.3887029076140607e-06
122,0.9960572610299114,-0.00013493748489396573,116873.74943554688,0.249334916472435,2.221215027020662e-06
123,0.9940641371290053,-0.0016129229769283652,125522.52851171874,0.22039678692817688,1.8280310314366943e-06
124,0.5290271756956837,0.03402348629976343,136200.025859375,0.47882720828056335,4.034458470414393e-06
125,0.9070255394833503,0.011052495022256857,139211.8766328125,0.3109361231327057,2.769791763057583e-06
126,0.9792943241701342,0.0030242380744210148,139941.78251269532,0.2534152865409851,2.133263251380413e-06
127,0.6686639378163182,-0.023463400100109954,149873.17786523438,0.28800997138023376,2.7689245598594425e-06
128,0.9769426765380227,0.0048361562762049655,182032.02061914062,0.2981704771518707,1.9605122361099347e-06
129,0.9865223105592378,-0.002556622391734548,333872.32726953126,1.592349648475647,4.544323473965051e-06
130,0.9288360291325705,0.029104644185909214,253068.69094335937,2.6328508853912354,1.0184442544414196e-05
131,0.5993729897305814,0.08245305657866282,271763.6356132812,1.640486478805542,1.1200555491086561e-05
132,0.9493916162519832,-0.004773430668986774,153338.0344453125,0.3755553066730499,2.654034915394732e-06
133,0.9937958636193068,-0.004042818027234336,126859.06970996094,0.7107776999473572,4.917196292808512e-06
134,0.26963044868511366,-0.025939399957233975,131072.42951953126,0.24333104491233826,2.626979494380066e-06
135,0.9334895978762465,-0.004006117794086447,142133.14295507813,0.16606301069259644,1.2185171271994477e-06
136,0.5100268025920053,-0.026321662662573644,164180.26215625,0.24803991615772247,2.4874659629858797e-06
137,0.8906281541044666,0.02209916092816413,168333.8966777344,0.5566595792770386,4.081823135493323e-06
138,0.9893829493502285,-0.0009245676326159043,163045.23573632812,0.20930269360542297,1.3874073374608997e-06
139,0.979726204945141,0.008667719042188165,273545.78153515625,0.5584845542907715,2.0914185370202176e-06
140,0.9825098743657673,0.006775120489677308,264792.81641699217,0.8348578214645386,3.0988135222287383e-06
141,0.98444924070671,0.005772839999843322,280831.6408203125,1.629315972328186,4.714026999863563e-06
142,0.7769527166578424,0.01940893996789282,174299.00672265625,0.5799866318702698,5.463311481435085e-06
143,0.9941736849568803,-0.0014077302034043759,118564.96979882813,0.44090691208839417,3.816253865807084e-06
144,0.9927413130668871,0.002345319248693695,120258.78857226562,0.4168357253074646,3.607199914767989e-06
145,0.9868617170053409,0.0017847085522564772,130338.06393554687,0.2594747543334961,2.064793989120517e-06
146,0.8034821743509322,0.01444126928238541,166747.94904003906,0.3004540205001831,2.2413730675907573e-06
147,0.9926185058545414,-0.002372042440022218,176505.19709765626,0.4556853771209717,2.5128163088083966e-06
148,0.9943766397052574,0.0031615717744660184,265339.088921875,0.9372960329055786,3.367448925928329e-06
149,0.8342282617785732,0.021361718691708317,277665.6506015625,1.1989325284957886,4.3119352994835936e-06
150,0.9517451283942764,-0.0504481304967814,245616.5772558594,10.031759262084961,4.085194450453855e-05
151,0.7595999478355666,0.007785885541640507,235506.3192265625,0.35774311423301697,1.9150149910274195e-06
152,0.968115427514721,-0.00492595762687602,98311.65748828126,0.3106483221054077,3.6245735373086063e-06
153,0.7888412222748096,-0.008271770944176183,107939.90566992188,0.17360171675682068,2.1965747691865545e-06
154,0.8272510306751575,-0.011431865434349446,132837.62250683593,0.2996987998485565,2.5133681447186973e-06
155,0.8129546060315885,0.031048879583149645,162534.74193261718,0.6028879284858704,5.001608769816812e-06
156,0.9128074992990944,-0.007901599541133087,163842.36991601562,0.3123844861984253,1.987214091059286e-06
157,0.8616292287467285,-0.008720152756041941,201322.41553320314,0.2165856808423996,1.4683422477901331e-06
158,0.9972149714695662,-0.0004039162394439986,224782.897984375,0.9844444394111633,4.1458029045315925e-06
159,0.9746836180992569,-0.013234666652949943,280637.47503515624,1.0207247734069824,4.042990894959075e-06
160,0.9584684510457195,0.006262920193466436,307381.35531445313,0.8612239956855774,2.518289193176315e-06
161,0.8539599875275309,-0.03505261974808398,296852.90033203125,1.5442910194396973,5.318152943800669e-06
162,0.6942652955789934,0.0673006929778985,309478.01125195314,1.9502323865890503,1.0271699466102291e-05
163,0.9900164567316997,-0.0015705502768724124,114989.82863574219,0.3200099766254425,2.8688837119261734e-06
164,0.9630572432148657,0.0041345495515895895,101023.75132128906,0.28630661964416504,2.7217638489673845e-06
165,0.9913668229263674,0.0008462242561414448,128374.05395019532,0.2891881763935089,2.4150792796717724e-06
166,0.9357354355998677,0.007269854359833257,133963.31850341798,0.2932675778865814,2.065770786430221e-06
167,0.883393547525449,-0.00888360646895404,146930.82837109375,0.2312791794538498,1.7550160009704996e-06
168,0.9165967087033405,-0.010947513275053137,169374.78312695312,0.3091496229171753,2.393200475125923e-06
169,0.9871582699521664,0.0024394703975880367,222104.56603710938,0.3574606776237488,1.8810271740221651e-06
170,0.9824154213483749,0.002184780578443391,344135.0855410156,1.128178358078003,3.015319180121878e-06
171,0.6403813799718764,0.05342378169763167,187163.27898046875,1.1752101182937622,1.1298265235382132e-05
172,0.9086916341157664,-0.010679987101819433,210807.20714257812,0.7958932518959045,4.841665031563025e-06
173,0.4778390852939462,-0.02676640806891688,89991.04366308593,0.4029395282268524,8.7598709797021e-06
174,0.7831315443614398,0.012769009523583102,115629.7609140625,0.28143399953842163,3.201907475158805e-06
175,0.9068128117958107,-0.009100109753989416,123914.59954003907,0.329643189907074,3.0515648177242838e-06
176,0.9727055567282779,-0.009895214471808132,141057.33875585938,0.5360893607139587,4.063227152073523e-06
177,0.880222617732854,-0.015216798216191482,142733.13204492186,0.32801681756973267,2.8947799819434294e-06
178,0.8544799680463319,-0.01344149830683755,142951.98983789064,0.31794503331184387,2.6088987397088204e-06
179,0.748165548361739,0.07312943134752109,191400.82134179687,1.1790109872817993,9.232739103026688e-06
180,0.9459125795835562,0.012141928361465064,205866.82296679687,0.8294360041618347,3.984819159086328e-06
181,0.7154639301269,0.031917752969108246,245008.75256640624,0.5612021088600159,3.4769238936860347e-06
182,0.7164486051045883,0.02017930741643872,345960.8872109375,0.6069523096084595,1.7997091390498099e-06
183,0.9870735228363435,0.00022618688800204724,334803.66583984374,2.488130807876587,5.729799340770114e-06
184,0.9355119239514667,0.014957750827438653,192110.39100976562,1.8175171613693237,9.867150765785482e-06
185,0.9748036723965287,-0.002681908966733904,147151.507484375,0.21347691118717194,1.4379205595105304e-06
186,0.3066790014700969,-0.01999271774676093,105112.16821972656,0.21647857129573822,3.942374405596638e-06
187,0.777817774826884,-0.007576897382360521,119077.18153515625,0.19672299921512604,1.763229988682724e-06
188,0.9312592686019614,-0.004121020798673401,139828.08427929686,0.1603386104106903,1.00496049526555e-06
189,0.998438459428913,0.0005799618144549074,138101.62050390625,0.3166951537132263,2.5963940970541444e-06
190,0.8828822496507214,0.0071904549576183256,146571.8187548828,0.20765718817710876,1.7603806554689072e-06
191,0.991115386101911,0.0048025354365848275,134073.22162402343,0.5558196306228638,4.171567525190767e-06
192,0.9925566126665278,-0.0009742706239176946,153775.21863671875,0.1754017174243927,1.160532974608941e-06
193,0.9836547572857661,-0.0013442153797342553,228704.5406621094,0.13446255028247833,6.089310886636667e-07
194,0.8740049395387562,0.03203811827837555,294315.2719667969,1.0830774307250977,4.10299253417179e-06
195,0.9930797343759515,-0.002364580119600746,350100.98473632813,2.3477015495300293,7.764466317894403e-06
196,0.9564010110325131,-0.0181318299852294,278747.274046875,3.4737205505371094,1.4248041225073393e-05
197,0.9847157124303662,0.011797698983992744,160228.48804492186,3.4179720878601074,1.8915850887424313e-05
198,0.8214344649717791,-0.06941205707856644,87702.52565234376,1.7289849519729614,2.5719764380482957e-05
199,0.9833087313303738,-0.01923267076075688,93605.36777832032,1.7696257829666138,2.0019586372654885e-05
200,0.6129119606445905,-0.015601120851003146,111372.03111132812,0.1896907091140747,2.7856074211740633e-06
201,0.8267115127180731,-0.015061030049935581,109628.53719628906,0.3498210906982422,3.839393230009591e-06
202,0.812692836337448,0.010042127799290085,103943.95391796876,0.18667931854724884,2.265095645270776e-06
203,0.5505617925961191,-0.011899822836083282,99151.66655664063,0.11171227693557739,1.6787630556791555e-06
204,0.9385274129372171,-0.008386374329207634,101457.05049121093,0.27946892380714417,3.2650707453285577e-06
205,0.7049010257816536,-0.0037652503437334323,110864.78088964843,0.04251162335276604,6.445985150094202e-07
206,0.9358032275580161,-0.017320372793943186,131102.60636132813,0.6818131804466248,5.569279892370105e-06
207,0.5523062844950196,0.059608919638679675,131808.28630859376,0.6996659636497498,7.512412594223861e-06
208,0.6139266287737839,0.027139377958453326,140944.60308984376,0.3560604155063629,3.689719960675575e-06
209,0.9984505365154559,0.0014466750715686541,171382.22873632814,0.4779316484928131,3.0030537345737685e-06
210,0.9949759254966799,-0.0006066659600184501,214610.32643164063,0.6761360764503479,3.2892592116695596e-06
211,0.9915848151830743,-0.003236065559554323,279413.96602734376,1.37508225440979,4.94651749249897e-06
212,0.9861590538250137,-0.001543987342111042,287366.39545703126,2.7470011711120605,1.1362430086592212e-05
213,0.9430051037556018,0.010858867325975421,294250.48494921875,1.1626410484313965,4.448898380360333e-06
214,0.6171350821746763,-0.018162610593546312,272551.21792773437,0.757486879825592,2.9233608529466437e-06
215,0.9968244973189763,0.00026617608693215453,116159.9296171875,0.37416204810142517,3.3878866361192195e-06
216,0.3142327269111887,-0.014911210539996873,105121.12024609375,0.15705439448356628,3.2888374335016124e-06
217,0.7447398993913159,0.03284833999060338,130187.13619628907,0.3541145622730255,6.281908554228721e-06
218,0.9956377471970403,-0.0010622925563680394,191511.40429492187,0.4142920970916748,2.132129566234653e-06
219,0.9770816596784068,0.004178750500326858,234186.93858789062,0.4861604571342468,2.187691052313312e-06
220,0.8541767460783545,-0.030191254246624274,358970.7580605469,1.8711106777191162,4.517040451901266e-06
221,0.6724012976611217,-0.08004761568911614,171970.3287685547,2.06013822555542,2.3026155758998357e-05
222,0.3613530739947111,0.04202577187149685,252783.22674414061,0.8437641263008118,5.698038876289502e-06
223,0.7412704820350882,-0.015353827961475731,179220.6076894531,0.45021146535873413,3.4295660498173675e-06
224,0.8693826189147594,-0.008926437695019529,110663.9969375,0.3125077784061432,3.348721747897798e-06
225,0.98819942732655,0.004072695537279609,132727.78341992188,0.46032053232192993,3.4107099509128602e-06
226,0.9956799229524654,0.0026008176158586038,158003.46957421876,0.37965628504753113,2.60040860666777e-06
227,0.9719966319792779,0.005450660547434907,168657.9603144531,0.30758699774742126,2.180538558604894e-06
228,0.9874960216390699,0.00024053084353534927,295973.7754140625,1.0175650119781494,3.6145709145785077e-06
229,0.6595490884739398,0.031082346788296605,229412.09416601562,1.046558141708374,6.168782874738099e-06
230,0.9352981540200589,-0.018817729415562617,226370.30909960938,3.830763816833496,1.6494528608745895e-05
231,0.540992579584633,0.08881365873114097,176079.05641796876,1.4457695484161377,1.8419061234453693e-05
232,0.997039625743246,0.00010029897395565835,102076.8122421875,0.4790019989013672,4.7937792260199785e-06
233,0.9917365271741181,0.0021322740228978646,102422.08285351562,0.40479159355163574,3.9809315239836e-06
234,0.9985739448388387,-0.0015795545301611545,113482.24473828125,0.38565999269485474,3.564634653230314e-06
235,0.9917187124140012,0.0030039588116892594,107024.72147949219,0.3283044695854187,3.4883989883383038e-06
236,0.9084697217500539,0.013293340642356608,112000.44430371093,0.4191863238811493,4.316481863497756e-06
237,0.9755684376229666,0.007891648322382323,107173.46793896484,0.4123936891555786,4.427057774591958e-06
238,0.9296830519458085,-0.009474505681468827,108664.34860546875,0.3517395555973053,3.3778865144995507e-06
239,0.9923452098829891,-0.002760712821878409,110038.48233496094,0.2838691771030426,2.615796120153391e-06
240,0.9648519144060153,-0.0010684112650364672,115030.61936914062,0.0714697614312172,5.410028052210691e-07
241,0.9835871593898801,0.002019207260870912,138704.53588476562,0.15388688445091248,1.2844881212004111e-06
242,0.8681097570362144,-0.007783252694996637,187510.87812402344,0.17864935100078583,1.2499536978793913e-06
243,0.6795645770747024,0.028122989418952523,257945.9181640625,0.6883527636528015,2.509121486582444e-06
244,0.9871623475779258,-0.002790767708097671,359355.7183007813,1.3342267274856567,4.151944722252665e-06
245,0.5542933458221562,0.012850340262549447,288936.98300390627,0.46767544746398926,2.37203039432643e-06
246,0.7192746034555453,0.057372222730163375,224710.806796875,1.8016903400421143,1.1000809536199085e-05
247,0.9907858979313806,-0.0019433306403226483,131664.6092138672,0.32296890020370483,2.4387775283685187e-06
248,0.9581633063804805,-0.0077103648451718985,100170.46516601562,0.3871265947818756,4.136821644351585e-06
249,0.5897626651566246,-0.01486148447486376,113175.60668652343,0.19589701294898987,2.5020306111400714e-06
250,0.8675919653529408,-0.007726852372233614,121981.81950878906,0.19954103231430054,1.73156490745896e-06
251,0.8303797225242241,0.026601645918761064,136336.08632421875,0.5230238437652588,4.64635695607285e-06
252,0.9368372174799775,0.0160868626362858,124357.60314453125,0.5450986623764038,5.275726380205015e-06
253,0.7559078473279153,-0.02694520364892477,122934.62922558594,0.3940902352333069,4.9124892029794864e-06
254,0.6191324813671405,-0.014356635596349566,129711.84921484375,0.2025427669286728,2.348585894651478e-06
255,0.9836496555773703,0.003532121595707144,204609.70274414064,0.41161367297172546,2.348731413803762e-06
256,0.9844891280795406,0.0019487355571874763,235882.87465429687,0.46100807189941406,2.0104475879634265e-06
257,0.9340656615117209,0.009942106233763752,254314.13921875,0.6545486450195312,3.329148057673592e-06
258,0.9571691950952785,0.012871822258568488,302639.33896875,2.974046230316162,9.832624527916778e-06
259,0.4965973043991513,0.03194327890759262,170126.94144140626,0.6323245763778687,7.0049795795057435e-06
260,0.5706383916404174,-0.025328833110383413,96351.92213964844,0.19152626395225525,6.0457377912825905e-06
261,0.97886558070548,-0.0011003025630092317,91319.95218847656,0.2282312661409378,2.428231709927786e-06
262,0.6347205971280695,0.047349595485591194,115891.46368164063,0.35819509625434875,6.870343895570841e-06
263,0.997409356509823,-0.0021645378391682898,128965.48542578125,0.42770424485206604,3.072420440730639e-06
264,0.9924012010233604,0.0022761963583910957,129861.39021875,0.39635953307151794,2.9441819151543314e-06
265,0.9957177486122621,0.0015811064035869693,147181.15451171875,0.3832559287548065,2.531985501263989e-06
266,0.5581863570630338,-0.01685732589321727,159501.26876367186,0.18057559430599213,1.8085722786054248e-06
267,0.9783262696636646,0.006701471748489352,207382.23212695314,0.5208879113197327,2.583308514658711e-06
268,0.8382225508868091,0.0339857315026163,261725.61946289064,1.1374170780181885,4.896087830275064e-06
269,0.8128363981749827,0.02003168894004149,260686.93413671874,1.5041909217834473,4.914156761515187e-06
270,0.9769706642854147,0.0005232857276028913,222560.9895859375,0.9786788821220398,4.805069238500437e-06
271,0.6980581295835505,-0.026861830714660667,228042.715515625,0.5155981183052063,3.999413820565678e-06
272,0.9968906402638193,0.000740356337139243,121387.05355175781,0.3562675714492798,2.9985185392433777e-06
273,0.7161632785182676,0.024357210915861394,127827.27427246094,0.35719865560531616,4.499428996496135e-06
274,0.9304080613762682,0.006796583966732739,148307.19270898437,0.29349109530448914,2.1155040030862438e-06
275,0.9910543097216612,-0.0016094871311368671,170566.79839550782,0.5727762579917908,3.347397523612017e-06
276,0.9964242536856748,-0.00010667367178847797,195138.79140429688,0.6081486940383911,3.301296146673849e-06
277,0.9151518335578106,0.006296215420848352,275552.01826171874,0.3298649489879608,1.4107127981333178e-06
278,0.9622620046544375,0.010064551707265475,319971.5214863281,1.0136195421218872,3.333645281600184e-06
279,0.8911671542809987,0.004241862277046405,222971.82616210938,0.8929870128631592,4.555958184937481e-06
280,0.5690656621458489,0.02725125385286578,206478.57096875,0.6457469463348389,4.576048468152294e-06
281,0.8651221605135004,0.006750738613983348,102821.66353320313,0.2155274599790573,3.076629127463093e-06
282,0.9866388945727905,0.0005045395298567961,131100.08551953125,0.15769973397254944,1.3237126950116362e-06
283,0.7865599375605186,-0.018934233755024066,122837.25290625,0.30296701192855835,3.6258052205084823e-06
284,0.9945480047253934,0.0036424161343775402,153520.8696796875,0.6939823627471924,5.006462288292823e-06
285,0.9508731515637199,0.008339035552634197,130805.65355664062,0.3758869469165802,3.2211567031481536e-06
286,0.9596240275240031,0.00494549542709758,126319.43280664063,0.2797504961490631,2.2815172542323126e-06
287,0.9826671012409868,0.0007748118943450621,131582.6961972656,0.2191891074180603,1.8734086779659265e-06
288,0.9569585184920386,0.0076889051678783555,164919.10350195313,0.49313583970069885,3.283892965555424e-06
289,0.943201784415269,-0.014841940407266673,226560.32409179688,0.7531859874725342,3.608565521062701e-06
290,0.9133963761008289,-0.02225720888841827,298713.47353125,1.37449049949646,3.837490567093482e-06
291,0.9066421782888622,0.06226793621733695,299036.2704765625,1.9061576128005981,9.278242941945791e-06
292,0.981427681751774,-0.0014972932562691969,200543.68192773437,2.337390661239624,1.0277448382112198e-05
293,0.7827343183352387,-0.021055403984605682,190074.67027734374,0.3235376179218292,3.9369538171740714e-06
294,0.9419506044705859,-0.00830041754727766,134574.40905615233,0.516647219657898,3.9712831494398415e-06
295,0.9676135237552507,0.005717803479451129,136886.19488574218,0.31326648592948914,2.410713477729587e-06
296,0.9911108944368181,0.005476950526438969,173015.93195703125,0.9128817915916443,5.237996447249316e-06
297,0.7052438189695629,0.019823417015013875,195791.58342578125,0.2890205681324005,2.2138403892313363e-06
298,0.9757304925775944,-0.014400611419166666,282760.3456308594,1.3483855724334717,5.037785285821883e-06
299,0.7274020229634192,0.01993400593246715,198188.4813378906,1.0159639120101929,5.354484983399743e-06
300,0.9620653980704514,-0.01084131598281082,203033.23344335938,1.2455124855041504,7.0277296799758915e-06
301,0.5824867700664441,-0.05265226186011952,162408.75074609375,0.752665638923645,9.707412573334295e-06
302,0.8981673598582443,-0.011137688235914859,99659.45537890625,0.44265028834342957,4.907811216980917e-06
303,0.9837208940430766,-0.002747864656234436,114387.5825390625,0.31657180190086365,2.843750053216354e-06
304,0.8065392793618427,-0.02562901852162083,135564.19243725587,0.5876548290252686,4.556120529741747e-06
305,0.9850305337956521,0.00369603050770084,126665.97880078125,0.3306226134300232,2.6749530661618337e-06
306,0.7566876856708774,-0.02212618069135704,148866.18950097656,0.41012537479400635,3.847334028250771e-06
307,0.9844355078799975,0.002227838142816597,160345.07560839845,0.23524563014507294,1.619360887161747e-06
308,0.4229466954449701,0.048949082636795906,226033.94455273438,0.6291983127593994,4.204904598736903e-06
309,0.9979403078534355,-0.000598860609777033,221462.85171484374,1.1511081457138062,4.920633273286512e-06
310,0.982016844079812,-0.003720455070422139,273785.45091992186,1.0710499286651611,3.8058356039982755e-06
311,0.9665169966465686,0.02930500123161218,322372.68955859373,3.316013813018799,1.2137128578615375e-05
312,0.5814064844269715,0.10172766038308012,232328.59136328124,2.0396196842193604,1.3661189768754411e-05
313,0.6180445222460986,-0.03669910705771764,138162.21854785157,0.4881158173084259,8.541828719899058e-06
314,0.9248485815053981,-0.00576728911214621,120570.88111425782,0.2411896139383316,2.2950484890316147e-06
315,0.9413116967358859,-0.03632855914976812,132693.6291328125,1.7066028118133545,1.4648123396909796e-05
316,0.9399511092241877,-0.00387012740529992,137395.80925585938,0.16942019760608673,1.1375371968824766e-06
317,0.9611313274881501,-0.0034173835479581623,130315.81936816407,0.18080368638038635,1.3102783213980729e-06
318,0.9701145838867973,0.0036601327521485157,134620.23679785157,0.1617133468389511,1.4811403161729686e-06
319,0.9651395569560194,-0.0052667139804338054,176574.94039648437,0.24121631681919098,1.5737484773126198e-06
320,0.9681946198966569,-0.013992676683656181,209437.87597265624,0.6512392163276672,3.377455186637235e-06
321,0.8895270116724878,0.02757645319641371,271494.41354101565,0.894225537776947,3.625455747169326e-06
322,0.8997626031137668,0.014062736148283184,260637.01408398437,0.8340209126472473,3.325015313748736e-06
323,0.8528560049510454,0.03284785792757957,291940.4605917969,1.8717401027679443,6.808811576775042e-06
324,0.9460149381832949,-0.0022791081744459258,129708.29483789063,0.19061638414859772,1.5425249557665666e-06
325,0.9804610939811662,-0.0030115340499786807,106339.2579013672,0.2663267254829407,2.612805928947637e-06
326,0.9132870697912772,0.008238560412937477,106825.0064794922,0.2962343394756317,2.879196244975901e-06
327,0.9372846054418481,0.008152189833942856,138122.9847451172,0.2839709222316742,2.2771450858272146e-06
328,0.9223956913136394,0.006571841201852527,146094.92417773439,0.20384567975997925,1.5151806564972503e-06
329,0.9753124977922661,-0.004307866346044646,145311.873296875,0.2871783673763275,2.053346634056652e-06
330,0.8062189272632965,0.01118707713114879,203318.2722734375,0.34126171469688416,1.8347647028349456e-06
331,0.9545007768060851,0.009750294653512803,358101.4279453125,0.7071175575256348,2.494430873412057e-06
332,0.6182859574605887,0.039092250084766224,285621.64525390626,0.9994695782661438,5.122361017129151e-06
333,0.7889775956955161,0.019033576904181438,221155.23065039061,1.0600721836090088,5.802017767564394e-06
334,0.7785784595721171,-0.014604731965247314,183908.49939648437,0.4164970815181732,3.4149816201534122e-06
335,0.9942642516225345,-0.00024147291704270968,118290.3240078125,0.3075965642929077,2.6511831947573228e-06
336,0.8834115109500088,0.011367462337745028,117231.79239648438,0.2336580604314804,3.028005949090584e-06
337,0.8139831289705618,0.011217401123440244,139409.80501953125,0.27715742588043213,2.506731334506185e-06
338,0.5744896675243004,0.014465188773389492,175834.38530859374,0.2247888296842575,2.1385467334766872e-06
339,0.9450229245798341,0.004783255128569755,251287.92608984376,0.3179306387901306,1.33117225686874e-06
340,0.8740779419147457,0.008133596841539664,298010.31220507814,0.45338645577430725,1.6657459127600305e-06
341,0.9727732309833368,0.012101549279424762,251460.91015234374,1.9117084741592407,7.690097845625132e-06
342,0.9625072469768606,-0.00982437377368807,233933.94446289062,1.2945196628570557,3.756319529202301e-06
343,0.7447432712624242,-0.009468795120711276,167401.93526367188,0.2733730971813202,2.284842139488319e-06
344,0.9745264311331783,-0.0020142688257165945,111327.26163476563,0.24743525683879852,2.239878085674718e-06
345,0.911699475380977,0.004600706238992724,133948.28180078126,0.1581888645887375,1.4863971955492161e-06
346,0.7428014169884005,0.027395657636230808,143736.74683496094,0.4391428828239441,4.25292955696932e-06
347,0.9873550218569026,0.0015921706625039026,177596.63455078125,0.24163144826889038,1.4256089571063058e-06
348,0.8882215478422759,0.005160979693626528,227174.25468164062,0.16701681911945343,1.0307194315828383e-06
349,0.9523527187962025,0.007195030971940864,324108.3637441406,0.6076067686080933,2.0787158518942306e-06
350,0.862453396158021,0.03362418081046283,329751.69805273437,1.9477710723876953,7.297609045053832e-06
351,0.5594297673227985,0.051107764462477674,236915.33199804687,2.289790153503418,1.061307830241276e-05
352,0.5339458801399612,0.015758429088914547,229020.7310703125,0.1586395651102066,2.2900194380781613e-06
353,0.740225108388103,0.01840059957259251,100226.50773828125,0.29408857226371765,5.069704002380604e-06
354,0.9678905542130586,0.003187886125949015,116425.7243046875,0.20738188922405243,2.057780875475146e-06
355,0.9906258270797187,0.0018260494236932137,138182.30205273436,0.257371187210083,1.8505496655052411e-06
356,0.995935149263586,0.00027485863155553633,140817.69361914063,0.19635923206806183,1.3232213404990034e-06
357,0.44446709384981953,0.015576773002076627,139116.97431298828,0.14426244795322418,1.8896167830462218e-06
358,0.8048060190905606,-0.009701912783568608,147486.90748339845,0.20548054575920105,1.5162206636887277e-06
359,0.7680931041954324,-0.007602113670762808,178059.8763828125,0.16481834650039673,1.0419607860967517e-06
360,0.8189582180219227,0.0183552852187507,256248.60702148438,0.37624335289001465,1.8506958667785511e-06
361,0.8878802231042668,0.013624230111667452,297784.06272070314,0.4615410268306732,1.970845460164128e-06
362,0.9101879582149054,0.015680470001429733,281742.3498769531,1.327445149421692,5.210409199207788e-06
363,0.9813060513720986,-0.011477817979573252,298310.672875,2.1773581504821777,7.032989287836244e-06
364,0.6058882718504379,-0.028710072152604765,152177.971703125,0.4007566571235657,4.020971118734451e-06
365,0.8152125510193855,-0.011033356907009979,117752.77813574219,0.2700464427471161,2.637450052134227e-06
366,0.8991194305841814,-0.010878623760980926,133991.24655078124,0.3229845464229584,2.6450773020769702e-06
367,0.9544094787286352,-0.009107746533353065,131544.55482617186,0.4940212666988373,3.609899749790202e-06
368,0.9387925645522723,-0.012770944065987559,145880.9657783203,0.4875192940235138,3.351281975483289e-06
369,0.8902130340828501,-0.013271773948872112,184048.3101484375,0.37141889333724976,2.4300125005538575e-06
370,0.7515655954155709,0.05122162399197691,280616.9610664063,0.6944345831871033,5.223937023401959e-06
371,0.9859687151306255,-0.009370786183748174,258331.32167089844,1.2020840644836426,4.294670816307189e-06
372,0.8824168141923765,0.03596825067064162,275189.87540039065,1.4543124437332153,6.381534149113577e-06
373,0.991047056337522,-0.0022681552837042693,226097.05710742186,3.516136884689331,1.6006106307031587e-05
374,0.8591951018749512,-0.0742331699939364,224331.6206796875,5.372252941131592,2.2943720978219062e-05
375,0.814180601977744,-0.0079360557827575,175061.4576220703,0.3434997498989105,2.3810880520613864e-06
376,0.9572597588205778,-0.005428126636993133,125579.54465429687,0.37539830803871155,3.007924760822789e-06
377,0.9415556033558327,-0.0077731975451255375,130454.27187890625,0.32718798518180847,2.756463800324127e-06
378,0.807996630195689,-0.022211995957578275,149811.54563867187,0.5116049647331238,4.109816472919192e-06
379,0.9947784873010057,0.0024505410710712223,163911.7733359375,0.464695006608963,3.077029305131873e-06
380,0.9766900432582016,-0.004528814455702054,200882.89248242188,0.3834998905658722,1.939122739713639e-06
381,0.9044059384620292,0.013115814991998804,295354.7307578125,0.7935330867767334,3.0839119062875398e-06
382,0.8624089258108434,0.04088276681323198,277948.54956640623,1.5667544603347778,6.369101356540341e-06
383,0.9388392175608465,0.006896021601648074,237540.39686132813,0.9365662932395935,3.6291028209234355e-06
384,0.4727988052339874,0.051356112766488764,200186.0478125,0.4522192180156708,7.75362059357576e-06
385,0.9680261334286857,-0.006100784829191482,94738.43072851562,0.39219433069229126,4.599159638019046e-06
386,0.9492460567406703,0.006504090662711953,109700.39012011718,0.27818819880485535,2.6808268103195587e-06
387,0.9769261077591497,0.0023609744178149715,122641.52848242187,0.18507131934165955,1.5522795138167567e-06
388,0.9462268365574483,-0.004742765427232192,129733.98265039062,0.1965608447790146,1.6311245190081536e-06
389,0.9252656190574601,0.006476545564726389,139764.53507226563,0.1540713608264923,1.4470132327915053e-06
390,0.7671981216445296,-0.006629288410437143,142135.73913671874,0.09300193935632706,1.01231296412152e-06
391,0.9809499205705356,0.002866920193312531,219740.66022070314,0.4325556457042694,2.017188535319292e-06
392,0.9403335693007056,0.015828558365638155,308565.80458203127,1.1776573657989502,3.7986910683684982e-06
393,0.985463498723366,-0.02220972630848405,287443.7061269531,2.6237401962280273,1.021181742544286e-05
394,0.8122030569934563,0.03903756309992013,190400.09281640625,2.5662319660186768,1.5824245565454476e-05
395,0.8197056759028561,0.0066803963521008675,183696.69783398436,0.2283930629491806,1.6393286159654963e-06
396,0.9892839230824432,0.0024106167047076594,111228.80856738282,0.3066881000995636,2.756452431640355e-06
397,0.8563279428107324,-0.011473451367283796,118555.90572460937,0.2489675134420395,2.9090197131154127e-06
398,0.995236460865733,0.0004475011705331964,136210.56555078126,0.15150268375873566,1.127257633015688e-06
399,0.9628742092101565,-0.004029901472197293,136000.21556347655,0.23104065656661987,1.7007357655529631e-06
400,0.8167324309211906,-0.020199548705274465,135297.41459570313,0.3712692856788635,3.52658662450267e-06
401,0.8814294696046955,-0.005016222018859767,151932.34144433594,0.12407950311899185,1.0476029501660378e-06
402,0.8159127090377277,0.031186520888103877,226678.85199609376,0.4188002943992615,3.1785707506060135e-06
403,0.8606900718111866,0.03627880496646664,307940.95526953123,1.0446186065673828,4.042030468554003e-06
404,0.9778869140822111,0.0073416937031018075,312286.0112109375,1.2216999530792236,3.884119905706029e-06
405,0.9699318885120278,0.0009059356335213757,222648.59201953124,2.121502637863159,9.103195225179661e-06
406,0.6883209623069731,-0.018918140968464517,240362.920265625,0.5119048953056335,2.50625953412964e-06
407,0.9215310136639411,-0.009011886194885662,131765.66177441407,0.3273734748363495,2.86692488771223e-06
408,0.8885219767588877,0.00457118395327206,133742.32948339844,0.17177744209766388,1.6372065374525846e-06
409,0.9843486182103692,0.0037437597007559786,145668.23123828124,0.32963240146636963,2.2011456621839898e-06
410,0.9466120235318852,0.004551425633751053,163883.09418261718,0.2024870663881302,1.5283955008271732e-06
411,0.9125470667652104,-0.009372638350439829,196443.33229296876,0.2515183985233307,1.5499457504120073e-06
412,0.9917833436607851,0.009389813718876025,331214.62209375,1.208784818649292,4.288934178475756e-06
413,0.9902908856556899,0.0013787081592085979,315033.0809248047,0.9577516317367554,3.5371986086829565e-06
414,0.9170050982644248,-0.022067622302375783,310064.2088535156,2.047523021697998,6.340082109090872e-06
415,0.6358271181721828,-0.12596603733652825,218189.25378710937,3.0274243354797363,2.31275444093626e-05
416,0.9297607455201573,-0.030910572248456045,129101.67359765625,1.6828612089157104,1.6038840840337798e-05
417,0.9917233767143545,-1.6825864849169038e-05,123127.80100976562,0.4311745762825012,3.7369886740634684e-06
418,0.9532724716235488,0.0178124619183984,142592.58916601562,0.8084849119186401,6.332477369141998e-06
419,0.7620031029477179,0.018741491177047116,141192.53155761719,0.3439987003803253,3.2859861676115543e-06
420,0.9957637396404196,-0.00222528850463496,173269.3148183594,0.5886664986610413,3.482950205579982e-06
421,0.926715112331185,-0.01668345701168131,257953.827828125,0.5799713134765625,2.4642386051709764e-06
422,0.9716863116752757,-0.005658489751249254,330814.82348242187,0.8879273533821106,2.7521559786691796e-06
423,0.6666055147925631,0.03273910746343866,233639.8380234375,0.8067767024040222,6.748454325133935e-06
424,0.9763338316636002,-0.00844972135221082,291897.40438671876,1.9790829420089722,8.193273970391601e-06
425,0.3747765382556526,-0.04764423014065097,214655.00011523438,0.7365244626998901,7.436387477355311e-06
426,0.9296152815782738,0.007403977032883423,111680.79736328125,0.47143980860710144,4.701499165093992e-06
427,0.8836090950210176,0.025134891016242285,125741.95516992187,0.6835257411003113,7.441794423357351e-06
428,0.899563309243966,0.013349272388157715,145595.63801367188,0.45757225155830383,4.124388397030998e-06
429,0.7859570569433305,-0.02457701101913024,161130.50965234375,0.4143475294113159,3.8108505577838514e-06
430,0.6678470714965168,0.016267912564674036,185424.68759570312,0.2150004357099533,1.9460267139947973e-06
431,0.9892600076889482,-0.0017963896237323449,306121.4255761719,0.6833453178405762,2.1430687411339022e-06
432,0.9749362066738815,-0.004630836677671203,300603.8698378906,1.957026481628418,7.074525456118863e-06
433,0.9527105548278706,-0.01751537436441717,281492.05640039063,1.7572922706604004,6.645412213401869e-06
434,0.9929931136404447,0.004938129695558321,249886.79465625,1.7064851522445679,5.748420335294213e-06
435,0.8353959423208958,-0.007986095166308422,135344.18410546874,0.31269270181655884,1.9876379155903123e-06
436,0.8739429599546257,-0.010015547141555175,125894.33144042968,0.28892916440963745,2.519090912755928e-06
437,0.61025563900461,0.030325930342585204,149153.6305058594,0.3641435205936432,3.832492438959889e-06
438,0.870458745598989,-0.022209415678006494,183658.480796875,0.6200643181800842,3.944520813092822e-06
439,0.8746240425092504,-0.01802390548761518,221229.28462304687,0.5606225728988647,2.970812602143269e-06
440,0.9765847676260475,0.006503211564191335,365029.3135625,1.7342636585235596,4.397293196234386e-06
441,0.8883405822560044,-0.020272177889413417,263526.72352734377,1.0166678428649902,4.573649675876368e-06
442,0.9105471873719331,-0.026187071641813595,263168.68491796876,2.064462423324585,7.513562195526902e-06
443,0.6385122594064783,-0.04824545440088995,133749.25194042968,0.7092515826225281,1.3156019122106954e-05
444,0.8637863216789854,-0.014888004542198317,99987.05696289062,0.5362188816070557,6.134312570793554e-06
445,0.6335463006234772,-0.07859909996961664,128380.22065087891,1.0361855030059814,1.1794206329795998e-05
446,0.9943165671573261,-0.006996258314228249,128119.27489257812,0.9640725255012512,7.2578754952701274e-06
447,0.8655580227622871,-0.033597204371779654,163052.96755273436,0.7631358504295349,5.446279828902334e-06
448,0.9940954436952782,-0.0013619237032248411,212171.26259179687,0.5700029134750366,2.7753781068895478e-06
449,0.9811079439516293,-0.008564799851449069,325508.36317578127,1.2003087997436523,3.4449872146069538e-06
450,0.9877333403023693,0.005368792595365354,312828.7005507813,2.0356290340423584,5.890782176720677e-06
451,0.9811712845014934,0.007412539080798388,329382.48403710936,1.0189415216445923,3.0566595796699403e-06
452,0.9767253588580154,0.013470425902685672,313776.9659179688,2.037540912628174,6.360494808177464e-06
453,0.6052446423645763,0.08474183973107995,209575.79311132812,2.139101982116699,1.729042924125679e-05
454,0.9060351426841587,0.009992436862903976,105656.93678515626,0.4693653881549835,4.7201938286889344e-06
455,0.719057900755515,0.04110275345581535,109615.3053046875,0.6429270505905151,8.445273124380037e-06
456,0.9909285996125005,0.0006713787442904593,130116.24904296875,0.28096631169319153,2.2182223347044783e-06
457,0.8452871888247685,0.01106793361976047,155455.81255078124,0.27732762694358826,1.9053452433581697e-06
458,0.993085055780185,0.0015525765841622819,189739.387140625,0.23479773104190826,1.3996328789289691e-06
459,0.9261386270952308,0.004485577325144201,250259.31354882813,0.19463352859020233,1.0823262073245132e-06
460,0.9902540300172371,0.002279711437617255,296329.84056640626,0.8432869911193848,2.831149458870641e-06
461,0.7081385801648991,0.06573251939618595,245632.86070703124,1.0726370811462402,9.529430826660246e-06
462,0.9921600368085083,-0.009944468830806436,217992.09309960937,4.4358649253845215,2.4288245185744017e-05
463,0.8912520496373225,-0.009590952027801596,102481.21257519531,0.502970814704895,5.2830450840701815e-06
464,0.7242784476114813,-0.019907800444578547,107578.92832617188,0.39520666003227234,4.815563443116844e-06
465,0.716365905716074,0.06825248257318921,106585.67347851563,0.9565274715423584,1.4014656699146144e-05
466,0.9637931466503399,0.007003163463986649,123281.7301796875,0.3725198805332184,3.518013045322732e-06
467,0.9898450697313482,-0.0004176065501187165,126799.55437109375,0.2770451307296753,2.18248828787182e-06
468,0.8899338489804923,0.01347539203054286,125115.11056054688,0.4076417088508606,3.540172656357754e-06
469,0.9898771824992535,-0.0015177641593299728,126100.35912695313,0.22677761316299438,1.826507514124387e-06
470,0.9737120453033753,-0.002678805235854454,143188.27191308595,0.19265398383140564,1.3925916846346809e-06
471,0.9934054035707365,0.001480797482379709,161668.31685351563,0.32213494181632996,2.1157670744287316e-06
472,0.9420614819112495,0.004028298085731254,194537.51385742187,0.2323669195175171,1.0904099099207087e-06
473,0.9818213423429907,-0.01672466159482346,242621.74713085938,1.5986225605010986,6.8077974901825655e-06
474,0.9895924168950191,0.004220700998055807,315769.12370507815,1.2667100429534912,3.916311925422633e-06
475,0.46197689518842294,0.04198013865881431,253048.78312890625,1.00114905834198,6.510802450065967e-06
476,0.9679438250200435,-0.017882085673045105,237334.60865917968,3.5784354209899902,1.628226164029911e-05
477,0.8207881674603946,-0.006555210055713975,116595.87883300781,0.2180524468421936,2.257148935314035e-06
478,0.9301171309060999,-0.005709027607773281,95682.73479101562,0.27721917629241943,3.1553101962344954e-06
479,0.9707587692008343,-0.004290517279006721,101616.50760058594,0.298004150390625,3.25060568684421e-06
480,0.9943564481602941,0.001167527188903697,130246.53691796876,0.28746575117111206,2.0844904611294623e-06
481,0.792361189045984,-0.01488576978621776,160131.96279199218,0.3080362379550934,2.4007929368963232e-06
482,0.7671433781950522,0.013629902031357085,213629.10541601563,0.38046079874038696,1.9767990124819335e-06
483,0.9901802204128146,0.0004418337145413767,318528.574890625,0.2720022201538086,8.969402642833302e-07
484,0.9782114326204332,-0.0007598344583157962,320658.766625,0.6074942946434021,2.163495310014696e-06
485,0.3587257100393945,0.06686648946648006,295726.3797441406,0.8742890954017639,8.022684596653562e-06
486,0.9957801818437626,-0.0018362622688851919,233122.67448046876,3.4066152572631836,1.3377239156397991e-05
487,0.9781602690861405,-0.0037183627384958446,98633.47654882813,0.45174747705459595,4.689701654569944e-06
488,0.8298816885238665,-0.01193323043935824,114693.84992382812,0.3054659366607666,3.1862373361946084e-06
489,0.9342131565897427,-0.006995878157194596,128162.17049121094,0.27830201387405396,2.0665529518737458e-06
490,0.8289204005617891,-0.013518014367731982,133383.77164941406,0.37186527252197266,3.4168649563071085e-06
491,0.7268388976965403,-0.01639271699790276,147914.82223730467,0.23912413418293,2.36199639402912e-06
492,0.9908473992472221,-0.0029799538259851154,161782.31078515624,0.34695613384246826,2.272454594276496e-06
493,0.6485581552419986,-0.04691314447997105,201336.75014257812,0.9241102337837219,6.440788183681434e-06
494,0.746098217568193,-0.025011202150302017,236938.6384785156,0.6569387316703796,3.4376973871985683e-06
495,0.9927838090820272,-0.003255274138441604,236672.20548046875,1.1764580011367798,4.259784873283934e-06
496,0.7046668414948467,0.04133187771675436,246048.97451367188,1.2320749759674072,6.171260793053079e-06
497,0.9713917736624703,-0.02325987762060403,238942.83470117187,1.745492935180664,7.3200094448111486e-06
498,0.8094462858823778,-0.04933890569246144,255330.42088671876,1.3017655611038208,7.425534477079054e-06
499,0.98565582916717,-0.008380705548790722,159316.35539648437,2.094841957092285,1.2883420822618064e-05
500,0.5605195564660693,-0.07414126494580768,170213.77921484376,1.7461798191070557,1.8996612197952345e-05
501,0.5857725152343128,0.04962532222879293,102651.34556542968,0.6675448417663574,1.3956871953269001e-05
502,0.9965343423266388,0.00012340032435373337,113741.41970117188,0.44317495822906494,3.719040932992357e-06
503,0.9946963761083764,-0.004585576909097749,133692.8926904297,0.6894487738609314,5.096560016681906e-06
504,0.9901450201888398,0.006859722917046577,152520.56362890624,0.8868027925491333,6.166684670461109e-06
505,0.9931465386238267,0.006262273552452245,162202.77777734376,0.8256436586380005,5.1221595640527084e-06
506,0.9984074169070206,0.003881465485389214,186396.72801367188,1.0842634439468384,5.8497175814409275e-06
507,0.9571988864109361,-0.014786123341965456,255352.82237890625,0.7490960359573364,3.3367973628628533e-06
508,0.9513942367540341,0.01692195696057565,285024.8236933594,1.4829740524291992,4.430203716765391e-06
509,0.9773095258267819,0.010002450994914156,246550.05215429686,1.7704105377197266,7.787474714859854e-06
510,0.4511633810717691,0.06582802039798503,206909.07401171874,1.1381679773330688,1.0372502401878592e-05
511,0.9825500008442323,0.0017421528034819666,113194.00918261718,0.29597461223602295,2.7925093490921427e-06
512,0.9942672944556867,-0.002278412028741134,103612.16379492187,0.3889729380607605,4.034953235532157e-06
513,0.8271711474926173,-0.007910155369565639,121963.7295703125,0.17004810273647308,1.3658085435963585e-06
514,0.9805405854430254,0.007652468031896505,122712.85836914062,0.5553427338600159,4.425823590281652e-06
515,0.9323456087446128,0.008965480585645273,129829.65505859375,0.40540173649787903,3.6053322673978982e-06
516,0.8999473021109697,-0.009286511734739985,123316.67839746094,0.3201398253440857,2.775570010271622e-06
517,0.7269818338336146,-0.008753349814330692,157872.25871875,0.173396036028862,1.3159771015125443e-06
518,0.9965772035421621,-0.0001751591682274385,220178.4876640625,0.8197652101516724,3.4252293517056387e-06
519,0.9648245489152928,-0.013860207888036099,289781.13666992186,1.550882339477539,5.477873401105171e-06
520,0.9435408622219004,0.028141288750062894,267074.76506054687,2.096766233444214,9.085025340027642e-06
521,0.9924710282514999,-0.002741604547022326,293231.5828203125,3.1235454082489014,1.0747683518275153e-05
522,0.9382861412723942,-0.005799898645952496,112698.98501953125,0.3141801357269287,3.158161234750878e-06
523,0.5989191952571467,-0.02981265267857292,110923.8414375,0.36127379536628723,5.171065367903793e-06
524,0.9191923020893017,-0.010842562829380824,114888.24378808594,0.3528445065021515,3.3046226235455833e-06
525,0.9743316499889577,-0.007543501175463474,108762.30374023438,0.4753081798553467,4.258876288076863e-06
526,0.9938252472368426,-0.0010411906694786101,122487.7934765625,0.27713319659233093,2.310161789864651e-06
527,0.6516957326753401,0.021067488170508915,137286.00659179688,0.32237276434898376,2.8067038329027127e-06
528,0.7949788822702837,-0.012914141932142204,140319.89538769532,0.16112513840198517,2.090029511236935e-06
529,0.736336905135092,-0.019304735461754128,216887.375265625,0.5652249455451965,2.6681457256927388e-06
530,0.989903524005819,0.007321589374203215,238405.5326171875,1.2154920101165771,4.539643214229727e-06
531,0.6374690183618057,0.015307335840695623,264188.3329238281,0.3415398895740509,1.7531534695081064e-06
532,0.7530741122478328,0.09293829225578219,266105.52986914065,3.541321039199829,1.572480505274143e-05
533,0.6371158246216846,-0.03592960575209344,140789.97453125,0.6922120451927185,9.419287380296737e-06
534,0.9440731322935308,-0.01639114269370531,122704.66109472656,0.8125432729721069,7.356258720392361e-06
535,0.9898441152140305,-0.0021364173205911893,122763.90422753907,0.23465345799922943,2.0026152469654335e-06
536,0.8971906449287899,-0.009579140872629035,138208.96813183595,0.28994500637054443,2.5840840862656478e-06
537,0.8498797445993205,0.028444419969740318,149565.4227578125,0.6689457893371582,5.017174316890305e-06
538,0.9745904938115744,-0.01592489891460037,186505.42259375,0.8325080275535583,4.974982402927708e-06
539,0.9899912887179362,-0.003529567829641713,323230.5938984375,0.6350159645080566,1.9606643490988063e-06
540,0.9374428059367182,0.013152362146137062,331522.3857734375,0.9466264843940735,2.910915782194934e-06
541,0.9635547005961338,-0.008591330346402148,305837.59022460936,0.7031019330024719,2.8455503979785135e-06
542,0.8321436716571488,0.035323897541868876,227925.2427402344,1.324988603591919,8.006986718100961e-06
543,0.7810666863856848,0.01803241704614127,112136.538640625,0.3790048360824585,4.4207922655914444e-06
544,0.9984180910481434,-0.0012366079004034968,110176.58243359375,0.40503841638565063,3.922091309505049e-06
545,0.928633391767804,0.005486822854212047,124702.083078125,0.2213735282421112,2.084752395603573e-06
546,0.9916145315608053,-0.001709149670204129,145966.63483789063,0.4053761959075928,2.910192051785998e-06
547,0.9733222416475662,0.005463417193864575,136004.74025195313,0.2581908702850342,2.047497446255875e-06
548,0.9448301276932427,0.005826486948733634,138741.75844335937,0.23432663083076477,1.7766139990271768e-06
549,0.8377517301384833,0.006973093291340044,163788.92955273436,0.14965581893920898,1.155021891463548e-06
550,0.98040926979135,-0.0022369747343683097,276135.8576914063,0.2731167674064636,8.934047173170256e-07
551,0.9895887615093089,-0.006220137188486198,259547.9121796875,2.1891393661499023,9.006477739603724e-06
552,0.8181262940978326,0.023153883407326048,298394.7812109375,0.8719737529754639,3.667479859359446e-06
553,0.6520957195484239,0.03798026101822292,279657.9962011719,1.5905492305755615,6.947910151211545e-06
554,0.9754547329697147,-0.0035035742408090144,112373.45804492188,0.31342267990112305,2.7260539354756474e-06
555,0.9822371342190728,-0.0056594228929096905,93871.92794140625,0.4481255114078522,5.12464839630411e-06
556,0.7432967890327208,0.0171501776328577,113592.33137207032,0.2779759466648102,2.961245400001644e-06
557,0.9780518437417345,-0.004464004599825993,124158.2575546875,0.3315483331680298,2.523298462620005e-06
558,0.9446387801219939,0.011954960991032196,122862.86820800781,0.45418110489845276,4.199298473395174e-06
559,0.9862877038262532,0.006130581418917119,131760.57908984376,0.5435024499893188,4.4181083467265125e-06
560,0.9825173784161049,-0.00857589652304074,123123.164390625,0.5937325358390808,5.111624886922073e-06
561,0.9922816315281442,-0.0046554910271015245,147028.5064140625,0.471942275762558,3.437027316977037e-06
562,0.9858514633483726,-0.0025291808856971903,197871.35639355468,0.5442346334457397,2.89977674583497e-06
563,0.9807376021371262,0.007397378154630498,229282.85090820314,0.727342426776886,3.2226269013335695e-06
564,0.981924397839514,-0.005581604990923731,248889.3146191406,2.394624948501587,9.771911209099926e-06
565,0.8466052389719244,0.027733586157610957,238992.36855566406,1.6568371057510376,7.139619810914155e-06
566,0.7545364057082061,-0.010574019903086339,200588.84343164062,0.2725721299648285,2.0340883111202857e-06
567,0.8376301543030547,-0.011577238712838299,124787.37105273438,0.3305274248123169,2.9668469778698636e-06
568,0.9789995873288478,-0.001659117862927531,133916.55605664063,0.1328907161951065,1.0448690090925083e-06
569,0.90582664653251,0.0050919514212916595,138737.38669433593,0.16808584332466125,1.312490098825947e-06
570,0.9926106010199511,0.002239928659209831,161636.54337597656,0.4010043144226074,2.4071448478935054e-06
571,0.6609226623469004,0.020201780736938794,193751.08918554688,0.435508131980896,2.8479357752075884e-06
572,0.9834924408050527,-0.0019440997760263473,288774.53736328124,0.32017409801483154,9.97280039882753e-07
573,0.8037034982300947,0.018576211427159442,271066.7645410156,0.8579396605491638,4.390916728880256e-06
574,0.959307849103473,0.016694962789714836,216523.15682421875,2.6757118701934814,1.4102221030043438e-05
575,0.9471646847233044,-0.00871669263297532,195192.27400976562,1.119531273841858,5.799586233479204e-06
576,0.7393713801489019,-0.01927365619126396,112229.58075195312,0.347321093082428,4.363748757896246e-06
577,0.6694860258553023,0.024899327381162708,134146.13103125,0.29787179827690125,4.355295004643267e-06
578,0.8033865120464969,0.02557233473651929,127159.4461328125,0.5008060336112976,4.636453468265245e-06
579,0.6404970879183849,0.035801346502086724,134031.4866767578,0.45905566215515137,5.236235210759332e-06
580,0.9464457258075285,0.0030431304728738965,140353.03014941406,0.13176916539669037,1.0676052397684543e-06
581,0.982941627169786,0.0013497086197469445,155095.61738867188,0.13598743081092834,8.792509902377788e-07
582,0.48093400450479373,-0.010972800046419411,142304.99644335939,0.10816580802202225,1.3023039855397656e-06
583,0.9546232287768817,0.0027022590722002968,147497.13761816407,0.11843262612819672,8.705044933776662e-07
584,0.9647534397447541,-0.0019388103796648944,182994.9011152344,0.16509287059307098,8.292090001305041e-07
585,0.74912289818891,0.031392456010852235,222805.18737304688,0.4507429897785187,3.0974681521911407e-06
586,0.7833101784360467,0.019902815136468233,296418.0607402344,0.563539445400238,2.299408606631914e-06
587,0.47450668350206504,-0.07644269551746935,244540.84903320312,0.9385549426078796,1.3148540347174276e-05
588,0.7298799161938614,0.054620232624005595,313352.0202832031,1.2741713523864746,7.533089956268668e-06
589,0.9000070223418396,-0.005000882101573786,210317.67272070312,0.2069137692451477,1.0728451798058813e-06
590,0.7541442636919393,-0.02031216556111422,129813.78287207031,0.45643365383148193,4.315751993999584e-06
591,0.7319698925919971,-0.01799998816506725,132751.6145097656,0.38572558760643005,2.9050866032775957e-06
592,0.9962458829676905,-0.0015127322474549963,135171.7234550781,0.2476726919412613,1.911010940602864e-06
593,0.8494605760699296,-0.012854410666237435,150282.90737304688,0.2876567840576172,2.4232706437032903e-06
594,0.987960350285544,-0.001146111515846131,155270.62229882812,0.2471313774585724,1.6984117792162579e-06
595,0.9773435535115192,-0.005973273448020506,161353.46789648436,0.5854204297065735,4.089190952072386e-06
596,0.9625399144541537,-0.006058399968116846,191385.81534179687,0.46904391050338745,2.287546749357716e-06
597,0.9926490244866143,0.009471359647997453,292166.1352675781,2.010531425476074,5.762781256635208e-06
598,0.9785737953857835,-0.01690827187989649,330326.44201953127,1.7315155267715454,5.752665401814738e-06
599,0.9305370160401102,0.029185839998700353,388134.01694140624,3.1211185455322266,8.24570633994881e-06
600,0.8962841094731302,-0.052313255447581045,291080.7425078125,5.089892864227295,1.649027763050981e-05
601,0.6463477632648176,-0.08127746755839711,185624.26299804688,1.5225332975387573,1.4819314856140409e-05
602,0.9915310683253672,0.004912222109913978,170669.73473828126,1.5543687343597412,1.1019129487976898e-05
603,0.869852305495496,-0.00767598402650422,138793.82013085939,0.24642619490623474,2.0131110431975685e-06
604,0.9326366229315425,-0.024232015558502573,151652.0126640625,0.8454845547676086,6.34163006907329e-06
605,0.822118187248564,-0.029509403167222316,171868.05435742188,0.5748746395111084,4.397606971906498e-06
606,0.9207715557429729,-0.010824153318840232,184728.19490039063,0.33518221974372864,2.2619851733907126e-06
607,0.9855527246204726,0.0024420304742126036,254812.98193945314,0.4497586190700531,1.8123498648492387e-06
608,0.9014054379984773,0.02184662784476844,256569.02491601562,1.434058666229248,5.281913672661176e-06
609,0.9636109026393249,-0.014841550908406276,230171.4378046875,1.5834802389144897,7.0589112510788254e-06
610,0.8460668637707062,0.06355254711453014,264497.8586855469,2.0535435676574707,1.0851558727154043e-05
611,0.7470521910601878,-0.011619782506765137,158371.86221484374,0.28057029843330383,2.166212652809918e-06
612,0.9770023276788696,-0.002922265068570078,142383.76590820312,0.24926415085792542,1.8910195649368688e-06
613,0.9975436402883852,-0.0003112817169569344,148233.15799023438,0.514232873916626,3.2353818824049085e-06
614,0.9353278596686688,-0.034291311576889784,145768.18676855467,1.1659718751907349,1.013177097775042e-05
615,0.8034185227401032,0.02451066463444882,155553.45101757813,0.4887561798095703,3.826828560704598e-06
616,0.8643286953775305,0.007006134483481633,181632.39032421875,0.22247883677482605,1.3880400047128205e-06
617,0.9679006586223889,0.007010454739439451,231607.9385683594,0.4792616069316864,2.091165242745774e-06
618,0.9176159591398347,-0.04483378338254549,327106.5545859375,2.055440902709961,6.217364443728002e-06
619,0.6078617473578252,0.06625944997904187,255946.33163085938,1.8789936304092407,7.769735020701773e-06
620,0.7997784565477362,0.03325672111900092,308230.18960546877,1.2823677062988281,5.0684402594924904e-06
621,0.7389632522273504,-0.04176331797107083,243313.89105859376,0.7057497501373291,5.2340842557896394e-06
622,0.994972131462148,-0.0010675408759985511,151746.5408701172,0.3630768358707428,2.4548980945837684e-06
623,0.9934406919361548,-0.0027017987466706043,142672.58676953125,0.44705891609191895,3.2799305245134747e-06
624,0.9828426092995739,0.0026938342510797607,145736.41404296874,0.18993307650089264,1.4692171816932387e-06
625,0.8597759323280074,-0.019469974076259035,156237.5392265625,0.5192941427230835,4.050922143505886e-06
626,0.9792128827204529,-0.026095429364005305,178348.66055078126,1.866706132888794,1.2356310435279738e-05
627,0.8922826312728693,0.011260942475394308,210712.1141171875,0.41083353757858276,1.7460761227994226e-06
628,0.788588750329195,0.04183724085072912,290452.665125,1.2859290838241577,4.890602667728672e-06
629,0.7804191026435298,0.01512978495864564,225984.0633359375,0.43306800723075867,3.473613787718932e-06
630,0.9023244822564288,0.01754668454145579,238255.87758007811,1.2983064651489258,7.116179403965361e-06
631,0.6891564984070001,0.010259187073709108,167233.01407617188,0.27276554703712463,1.9872638858942082e-06
632,0.9785661838172498,-0.003564883259052892,115606.08553710938,0.3034125864505768,2.681354317246587e-06
633,0.883660579486,0.012375012777239156,133463.02161328125,0.3315182030200958,2.9505922611861024e-06
634,0.8957774321759063,0.007260894476772968,125331.03112011719,0.19758819043636322,2.0538250282697845e-06
635,0.9893140223140438,-0.0013081795965814603,151493.76747363282,0.1689254492521286,1.0332664714951534e-06
636,0.929324224100635,0.004801927386628018,180650.88905664062,0.1383020132780075,9.570642305334331e-07
637,0.873657618300357,0.015139921010468288,298443.1529433594,0.5358511209487915,2.112871470671962e-06
638,0.98524768808746,-0.0068034409932963376,265996.50387890625,1.1411349773406982,4.526411885308335e-06
639,0.9562621865452475,0.01539882706306186,253304.46060351562,4.59974479675293,1.6326570403180085e-05
640,0.9147406725771394,-0.01006094035890674,191293.36562109375,0.4474707245826721,2.8588563054654514e-06
641,0.9188182517757624,-0.009003671591924913,111076.74667382812,0.4411243200302124,4.108865141461138e-06
642,0.912527856464011,-0.008412394617998234,118185.5350390625,0.2216111570596695,2.485776349203661e-06
643,0.9937487000498707,-0.001203998384470697,125615.21393261719,0.28205403685569763,2.4042003587965155e-06
644,0.8993594020599461,-0.013834405935011432,131882.17671777343,0.4449532628059387,3.467145006652572e-06
645,0.9874718625523994,-0.0032659226986372545,124308.60544433593,0.33457377552986145,2.7406911158323055e-06
646,0.8745184089583367,-0.008411040842827023,126885.513609375,0.28037405014038086,2.2998749500402482e-06
647,0.8939277193038848,-0.006229281780057374,150485.97458007812,0.19949819147586823,1.5515894347117865e-06
648,0.9865533137809038,-0.0014041164755598397,178912.02747753906,0.1574995219707489,9.893390142678982e-07
649,0.6915568555453194,0.044289614733922955,220969.37495507812,0.6335487365722656,4.413928763824515e-06
650,0.9878795034633759,0.004288333160477471,325323.38852734375,2.370572328567505,7.250776434375439e-06
651,0.9917188247680027,-0.002274976692712741,423114.7423613281,2.443105459213257,6.391730494215153e-06
652,0.8500090409558291,-0.04264175831961361,314041.067359375,3.5415213108062744,1.2028870514768641e-05
653,0.7948881188618027,-0.07014012074117593,215883.0894902344,3.100921392440796,1.8843773432308808e-05
654,0.9923324663540327,-0.0004550480851674772,101953.7254609375,0.3701598644256592,3.7108375181560405e-06
655,0.8143946921719669,0.01648529096501245,101940.6634140625,0.3095610737800598,4.882241682935273e-06
656,0.9187871741145724,-0.01982835085369659,128219.1188203125,0.7016515731811523,6.421240868803579e-06
657,0.7566927910537316,-0.06613663562175065,160088.5018408203,0.8479638695716858,8.706000699021388e-06
658,0.8675820211525379,-0.02077410650873186,146030.94863964844,0.4592280387878418,3.993401151092257e-06
659,0.8897100775876089,0.023026329719626436,176144.09074121094,0.672393262386322,4.476132744457573e-06
660,0.9361322876213367,0.02112343517929417,243980.13505859376,0.9708297848701477,4.518515652307542e-06
661,0.9462156295143916,-0.00952551417798938,269980.10234765627,0.9394181370735168,3.7172551401454257e-06
662,0.983719468528637,-0.004322146514951125,265823.70067578123,3.3906705379486084,1.1658145012916066e-05
663,0.9940014338182165,0.019311929753828186,196536.22793847657,4.949180603027344,2.4249446141766384e-05
664,0.9003178213190025,0.011474696393442542,91123.58395117188,0.45810118317604065,5.554680683417246e-06
665,0.49158648265245,-0.02425892700631654,102806.69284375,0.24753457307815552,4.107450877199881e-06
666,0.9620495948832578,-0.005091591453367952,109012.15604980469,0.28635597229003906,2.8595786716323346e-06
667,0.8499013446520371,0.017800024559219307,97571.14315332031,0.4172295331954956,4.977413482265547e-06
668,0.9452247772556123,0.006184129385276758,106862.47301660157,0.2919948995113373,2.7792741548182676e-06
669,0.961289372443347,-0.0035424864517089884,113028.01693066406,0.1810634285211563,1.7213723140230286e-06
670,0.9582562981196675,0.005917978192267279,105569.219296875,0.26211681962013245,2.9919517601229018e-06
671,0.8485923439576497,-0.011296895970434843,132975.78836816407,0.3162972033023834,2.549086957515101e-06
672,0.7327346595472288,-0.02501412971803898,160203.9218798828,0.39826324582099915,3.5713751458388288e-06
673,0.672176690933011,-0.031134084610066674,170408.150765625,0.5760254263877869,3.813447165157413e-06
674,0.9659591753659823,-0.009915944053991384,229596.45082421874,0.7959661483764648,3.239030093027395e-06
675,0.8171439994422713,-0.04941459359638075,304524.3667109375,1.607674479484558,6.8367758103704546e-06
676,0.8708744871377193,0.03645318608136421,258113.20234570312,2.5471019744873047,1.13649884951883e-05
677,0.9024886065449023,0.011603893321221727,130769.43013769531,0.72803795337677,6.444426617235877e-06
678,0.7158973333214949,-0.028814015724651185,104810.88957617187,0.5756278038024902,8.821431038086303e-06
679,0.895254141313958,0.03297876735760709,117638.20446679687,1.1594629287719727,1.1523387911438476e-05
680,0.8575340022445913,-0.0301373358988612,133370.95304199218,0.7308946847915649,6.231066436157562e-06
681,0.9587412173879883,0.013671585410666084,135538.91193359374,0.6596405506134033,5.3459843911696225e-06
682,0.9921011115147189,-0.00236097986673895,160891.00383984376,0.32794997096061707,2.1889250092499424e-06
683,0.7404709010140144,-0.01580231814018902,222859.09070507812,0.3120194673538208,1.7004321080094087e-06
684,0.9841123416327209,0.005243273160586884,272761.08786132815,2.2014362812042236,7.844212632335257e-06
685,0.6853693045533527,0.03398728186024489,236389.2914296875,0.9899230003356934,4.30798354500439e-06
686,0.8758336935533892,0.039600869923954625,324488.39477148437,1.4982792139053345,5.508502454176778e-06
687,0.9559919361445004,-0.0137934700425036,250712.50186621095,1.7769973278045654,6.764951649529394e-06
688,0.6671541084038051,0.0872280088645312,206033.32712304688,2.4701709747314453,1.8005983292823657e-05
689,0.8535497658295906,-0.014431419180243264,109311.21205957032,0.46499550342559814,4.814652584173018e-06
690,0.9009122833222741,0.013551021343295378,102314.70081640626,0.37483182549476624,4.68703183287289e-06
691,0.9929224844786206,0.0032754489564470737,129079.77888867188,0.3899247348308563,2.9113532491464866e-06
692,0.9599078117020435,-0.009685311639081625,122951.2521953125,0.47234824299812317,3.627253136073705e-06
693,0.9797875392925016,0.008050628551030751,130819.57573046874,0.5703877210617065,4.403008915687678e-06
694,0.9904837323378485,-0.004276982683354221,129014.78201757812,0.41634950041770935,3.3900967082445277e-06
695,0.9597488735315984,0.007204210296211602,161078.1633515625,0.38364097476005554,2.9467696549545508e-06
696,0.9960049481999861,-0.003063025320033622,232948.42965820312,0.6320397853851318,2.642582558110007e-06
697,0.9287504393678093,0.013868149372688326,281089.02871484373,0.6143103241920471,2.4846690394042525e-06
698,0.7621192694010026,0.042683869905412626,222688.64841308593,1.8419349193572998,1.0643615496519487e-05
699,0.8988612336274376,-0.012603487149265251,201287.97537695314,0.8827455639839172,4.662712854042184e-06
700,0.7129317781881713,-0.011342830588051427,109448.48326660156,0.27034422755241394,2.9913046546425903e-06
701,0.786859086695402,0.039989019760134574,116283.18651171876,0.6832720637321472,8.124849955493119e-06
702,0.9945753039287625,-0.000984396984439769,136627.031015625,0.23245541751384735,1.6765402506280225e-06
703,0.870303538431382,0.006745596115623238,152980.69678515624,0.17822790145874023,1.3958376712253084e-06
704,0.9969164512603756,0.00010533252440302209,152958.8871015625,0.14421677589416504,8.955152566159086e-07
705,0.864467023129652,-0.006782361274934862,190142.6790859375,0.1922541707754135,1.0405070725028054e-06
706,0.9963364550057261,0.00012335799563620807,287548.027703125,0.6181451678276062,1.8325393966733827e-06
707,0.9959044162233693,-0.006735803654856993,330144.294046875,1.338062047958374,4.654202712117694e-06
708,0.9683037508001474,0.021728961530283107,268573.01642382814,2.345128059387207,1.0933122212009039e-05
709,0.7959668770088704,0.027474711764375645,236184.85850195313,1.212340235710144,6.625818514294224e-06
710,0.5913549592685872,0.03326178925617651,95392.2463828125,0.47834858298301697,8.752845133130904e-06
711,0.9791445057871913,0.004381782448684243,106696.49679785156,0.34529826045036316,3.2701261716283625e-06
712,0.9828256862978187,0.0041006328479967725,125653.09266308593,0.4130007326602936,3.319277084301575e-06
713,0.9347687508989608,0.008457788376226748,142488.1695576172,0.4154422879219055,2.908828491854365e-06
714,0.9937514536457188,0.001708399965429462,142890.94087646485,0.417928546667099,2.88941691906075e-06
715,0.8843584410788204,0.009969928289585388,150894.14598339843,0.27698996663093567,2.1020830445195315e-06
716,0.9881631516705429,-0.0010368801263567126,183016.3670546875,0.2803730070590973,1.693125227575365e-06
717,0.992459347642137,-0.0024658025871547055,332870.27142578125,0.6284009218215942,2.246805479444447e-06
718,0.9403959576270794,0.014317085172657219,325607.34895117185,1.236013650894165,4.056061243318254e-06
719,0.6546450832900407,0.03415738430413849,222517.24407421876,0.9326132535934448,6.601312634302303e-06
720,0.7374907519548192,-0.00878109751926186,254362.62873046874,0.2544199824333191,1.4038655535841826e-06
721,0.8840562844065418,-0.013194970370863365,128105.48461328125,0.384549617767334,3.426142711759894e-06
722,0.9426892583859267,-0.007983276575965072,138429.254359375,0.34303024411201477,2.618140570120886e-06
723,0.9371710900226846,-0.0050568716492405555,155500.3070205078,0.24950967729091644,1.6950820054262294e-06
724,0.9699793053373298,-0.0055284248909237485,168584.26577734374,0.33690759539604187,2.072764800686855e-06
725,0.7920378808309994,0.004020122113300243,180340.34088964845,0.0947910025715828,7.471890626220556e-07
726,0.8619497402066618,0.010945536528938796,223010.99009765626,0.26093152165412903,1.6051762941060588e-06
727,0.9369194721811002,0.014136326944044895,385077.528421875,0.7242937088012695,2.0850595774390968e-06
728,0.7118295081774176,0.048235465582742595,267995.33346875,1.3772004842758179,9.147405762632843e-06
729,0.9849907610062868,0.005480889209928316,285552.60489160154,1.3986210823059082,6.002493137202691e-06
730,0.9760080804510236,-0.00598211911198253,268224.590203125,0.5151386857032776,2.2841504687676206e-06
731,0.9857806835473933,-0.0021992478925936727,152592.6926455078,0.2954337000846863,1.9059971236856654e-06
732,0.9913246928155772,0.0019016443962178817,158921.4931591797,0.27802911400794983,1.8793828076013597e-06
733,0.9409886833580424,-0.010979958909128578,158581.94648828125,0.34202030301094055,2.4289342945849057e-06
734,0.9728338667911962,-0.012007449604356166,171113.33412695312,1.516523003578186,9.590712579665706e-06
735,0.9780516477369678,-0.006113964679892928,183822.04309765625,0.4630401134490967,2.710868784561171e-06
736,0.9833293780856385,-0.007976546994140743,299524.45684179687,1.1614229679107666,3.502975232549943e-06
737,0.8861286405669249,0.015890315516133437,220607.67363671874,0.6196836233139038,3.94805920223007e-06
738,0.9971943736552967,-0.010839408044334196,237309.71075585939,4.509181976318359,2.0791912902495824e-05
739,0.6830939814850886,0.01235969459361942,209076.77091992187,0.21846836805343628,1.987021732929861e-06
740,0.8951868877420667,-0.009450762327056477,132385.86031835937,0.3733539581298828,3.0233825327741215e-06
741,0.49719223186413486,-0.020327691136462548,128360.8145,0.21368083357810974,2.8139122605352895e-06
742,0.8488894015310109,0.005997166533738465,129369.6975,0.15165092051029205,1.3031864227741607e-06
743,0.8972164965406255,-0.011055529686064785,133422.73456054687,0.27535101771354675,2.405686700512888e-06
744,0.9301163548150262,-0.00493506179193388,139705.39160546876,0.22583842277526855,1.71462204434647e-06
745,0.8462627580478767,0.01311323269065302,136885.53732226562,0.25894129276275635,2.2123917915450875e-06
746,0.9861766149134028,-0.001870322367211643,141285.45947070312,0.1606248915195465,1.1693962278513936e-06
747,0.8412205211789361,-0.011138801314177077,212445.48274804687,0.5077394247055054,1.9901060568372486e-06
748,0.9931516955379336,-0.006735376408400111,245704.81504101562,0.9777648448944092,3.619588596848189e-06
749,0.8459855545483885,-0.04076941024676661,293643.8589921875,1.1584609746932983,4.918756076222053e-06
750,0.9929908062840475,0.006623390955721863,320445.76036328124,3.25235652923584,8.940871339291334e-06
751,0.7977624830578556,-0.03877494918507143,252830.48323535157,1.9193267822265625,8.54938571137609e-06
752,0.811371048749638,-0.019070163080920646,142294.2188046875,0.5429987907409668,4.645969511329895e-06
753,0.6228481762834356,-0.042716924182345156,138251.76658789063,0.7177423238754272,7.658197318960447e-06
754,0.980718998664945,-0.009950800893641422,148460.39295214842,0.721723198890686,6.120077614468755e-06
755,0.9986380287014128,0.0038051840761602887,138925.02343652345,1.4006993770599365,1.1041875040973537e-05
756,0.9259016105540239,-0.05908750818292155,165891.89151269532,2.2628941535949707,1.4423964785237331e-05
757,0.9670869540360144,-0.013598739238840057,187927.03326171875,0.7659227848052979,4.352964879217325e-06
758,0.9934790511621818,0.0003920838456973255,334899.0580078125,1.0172322988510132,2.9819068458891707e-06
759,0.2528761973769588,0.0727482969921274,262905.4813359375,1.023934245109558,8.169267857738305e-06
760,0.9717636305065273,-0.006674023749146408,232741.886859375,3.0079545974731445,1.4837846720183734e-05
761,0.5958673371563077,0.05698518320103807,173978.64408789063,1.1795743703842163,9.86641589406645e-06
762,0.7837432206384011,0.015075307909689646,101304.42351367188,0.3789219260215759,4.474677552934736e-06
763,0.9036920706052606,-0.011410646656268208,120420.88308984374,0.27924659848213196,2.8063477657269686e-06
764,0.9124675984262206,0.008458650384240634,110692.554609375,0.24292051792144775,2.444516439936706e-06
765,0.9937583305436902,0.0007084751529654895,127580.332078125,0.26847824454307556,2.18818763642048e-06
766,0.9653347352441668,0.004977352364812301,132037.729,0.20779693126678467,1.8885158397097257e-06
767,0.9133840667075643,-0.004617998742815276,110533.80939160156,0.17801879346370697,1.656022959650727e-06
768,0.9625369725784513,-0.005245207326828218,122958.52961816406,0.2613838016986847,2.403814278295613e-06
769,0.9640831419101774,0.004745662178279496,150427.6069375,0.2803053855895996,2.3670900191063993e-06
770,0.984424061913008,0.00831115924755146,222660.17028515626,0.9318456649780273,4.061947038280778e-06
771,0.9117432761909146,-0.0424525937901759,280840.4436894531,1.6919993162155151,6.812987976445584e-06
772,0.968420420769514,0.011155459316622898,236887.16130664063,2.7378368377685547,1.4694775927637238e-05
773,0.5249255459806181,0.06769957342858182,201243.85902734374,1.5095372200012207,9.914362635754514e-06
774,0.946324063064054,0.004189895875739735,111576.23113330078,0.2857379913330078,2.8753622700605774e-06
775,0.8773183851875922,-0.008003581246385299,107697.41388867187,0.2590031921863556,2.4667062916705618e-06
776,0.9603122146115399,0.00783131558993682,117121.17244335938,0.3000495433807373,2.836300382114132e-06
777,0.9460664978267107,-0.006897826566230613,112255.20726953125,0.3191879391670227,2.732824214035645e-06
778,0.8920201324818574,0.01271489447327602,117727.43724609374,0.36573994159698486,3.5511302485247143e-06
779,0.992822696725853,-0.002764837726245585,121663.31527734375,0.3402116596698761,3.0487331059703138e-06
780,0.9563801127623954,-0.005943804744529076,121344.85090625,0.2798166871070862,2.4005350951483706e-06
781,0.9976493098323085,-0.0008507098143034732,161184.3461484375,0.28217068314552307,2.0451886939554242e-06
782,0.9133947716327843,0.0148814178515636,229265.21965820313,0.5037071108818054,2.5638478291512e-06
783,0.9677250983431288,-0.009821444621929775,261849.81675390626,2.9111838340759277,1.2077287465217523e-05
784,0.8924073558418808,0.017552384259523428,276358.2692089844,0.9055386185646057,5.072442490927642e-06
785,0.838561522120419,-0.015236478595533799,318539.3969296875,0.7893422245979309,3.06251013171277e-06
786,0.923004972438962,-0.00806849674083698,119966.42447851562,0.35894250869750977,3.5506257063389057e-06
787,0.9150281723141601,0.009910723651516407,100956.23806640625,0.3517122268676758,4.208396148897009e-06
788,0.9655986922275704,-0.005097563876229408,137067.3044609375,0.2748326361179352,1.8692509229367715e-06
789,0.9723097804399639,-0.014741432272706734,168592.48132714845,0.7302996516227722,5.484037501446437e-06
790,0.9546005727385622,0.00677590484947662,171739.25881835938,0.3318624198436737,2.1369723981479183e-06
791,0.7832876579019026,0.01721643967007089,174472.36795703124,0.4369141459465027,2.625580464155064e-06
792,0.9539460376005562,-0.004449553718271833,280917.18861132814,0.4419899582862854,1.5713657148808124e-06
793,0.9226473963965838,0.015172103706927292,272270.42104492185,0.8690419793128967,3.2018688216339797e-06
794,0.9628609821814894,0.012890894661660298,220550.39088085937,1.418030023574829,7.304750397452153e-06
795,0.9860438293973138,-0.005098889783939608,188771.69322460936,1.2304091453552246,6.006768217048375e-06
796,0.9390031925422551,-0.004940734421926477,108398.820671875,0.2571973502635956,2.4654068511154037e-06
797,0.9817415514558816,-0.0027336372328708837,118712.50134863281,0.2516101598739624,2.230072368547553e-06
798,0.9939904640260515,0.0012473464774346095,110322.0147133789,0.2747285068035126,2.6358652576163877e-06
799,0.9964185892046568,-0.002872562188568679,124995.84176953125,0.45927584171295166,3.3729043025232386e-06
800,0.837343851767657,-0.03001962958498086,131040.22500195312,0.7657376527786255,5.856878487975337e-06
801,0.962105635149937,-0.008483369501719079,142120.1533046875,0.5457083582878113,4.059817456436576e-06
802,0.8843002600932854,0.014731532861817782,188090.70703125,0.45333006978034973,2.4685548396519152e-06
803,0.8745601162073553,-0.05168050211364748,221805.34884179686,1.3311781883239746,8.55083271744661e-06
804,0.9534952154536037,-0.0077831049148825516,303753.7198828125,0.817236065864563,2.5288939013989875e-06
805,0.9507660657633596,0.012881139813440313,325107.2185878906,1.4412014484405518,5.1511860874597915e-06
806,0.8031873574024451,0.07294850089149461,227406.65691015625,1.9779130220413208,1.2936304301547352e-05
807,0.3648649987375129,-0.0292200996006043,121087.61391699218,0.3028814196586609,5.895278263778891e-06
808,0.8419170655415824,-0.013450437597382467,90453.15818457032,0.2883380949497223,4.673799594456796e-06
809,0.9945226444675073,-0.001676824651906583,121829.692796875,0.32426291704177856,2.515531832614215e-06
810,0.8253885185402342,-0.0218108608299223,121619.53456347657,0.4748574495315552,4.7269668357330374e-06
811,0.49389611996248617,0.034154455142669134,117753.06545605468,0.22123828530311584,4.3806949179270305e-06
812,0.9599177936064548,-0.0037659002155089197,116586.11430273438,0.18685448169708252,1.6842799368532724e-06
813,0.9071485982127021,-0.00911574731122423,138902.9202753906,0.34489232301712036,2.388669827269041e-06
814,0.8611269338813377,-0.01959726089554259,178937.29743457033,0.5714335441589355,3.882222699758131e-06
815,0.9378234318835852,0.017397549320483076,216709.05658007812,1.1419023275375366,4.7568505578965414e-06
816,0.9615027352347982,-0.02113121736714234,203009.14915234374,1.5033432245254517,7.240603281388758e-06
817,0.9798202719308902,-0.025927108576435157,270219.3675625,3.1461875438690186,1.3906706954003312e-05
818,0.5549743783980424,-0.06661660693113718,171933.01577148438,1.7123336791992188,1.8485741748008877e-05
819,0.7809736840538337,-0.06366837900669461,235767.2407871094,2.2444963455200195,1.551993773318827e-05
820,0.7595930575931631,0.014985307726869575,129075.11036523437,0.36499258875846863,4.168383838987211e-06
821,0.8618255583893054,0.0230369288417574,130154.41456640625,0.7234476804733276,6.611304343095981e-06
822,0.6114075423722035,-0.04652590296560457,139159.1321953125,0.7435945272445679,6.064462922950042e-06
823,0.9669629809177586,-0.013502167633143483,169666.43559375,0.9411516785621643,6.067436061130138e-06
824,0.8556216489622817,-0.0205659227843854,168905.58954492188,0.6641631126403809,3.6906892546539893e-06
825,0.96145439347344,-0.013414821833366258,163534.28651757812,0.7827655673027039,4.472829914448084e-06
826,0.968535861951322,0.015148698562476927,265541.418625,1.2053883075714111,5.082380994281266e-06
827,0.9179721281835327,0.014053724451283618,319323.73425976565,0.9311187267303467,3.4521115139796166e-06
828,0.9242161018275475,0.05619667727883816,327441.792359375,3.0295326709747314,1.0654520337993745e-05
829,0.9738453308145597,-0.008910216724380799,205672.2098828125,3.256704092025757,1.610051913303323e-05
830,0.5927689760088645,-0.036211913699293934,121819.37727734375,0.593021035194397,9.300642886955757e-06
831,0.9893634167973088,9.43384813554431e-05,131299.28282910158,0.3345218896865845,2.5320796339656226e-06
832,0.9938534768920888,0.002324864105739657,133690.97030078125,0.28935346007347107,2.286446260768571e-06
833,0.9699828765710833,-0.006909009685954105,152933.67077148438,0.3880370259284973,2.668747129064286e-06
834,0.9960728755462085,-0.0025375790843849546,142187.96849023437,0.3527016043663025,2.6109692043974064e-06
835,0.9264862188029603,-0.013297752644526116,151072.5874404297,0.37544113397598267,2.898694901887211e-06
836,0.5208190699004633,0.03449512895381846,214525.98850195314,0.685665488243103,3.292929250164889e-06
837,0.9085808577676676,-0.09039471811030116,281799.298640625,2.5541951656341553,1.146431350207422e-05
838,0.9949139717668668,0.002667217244973103,336959.6509785156,2.538886070251465,8.100676495814696e-06
839,0.861977465113652,-0.02526854646948344,315590.7146328125,1.2839360237121582,3.849952008749824e-06
840,0.9859252782857043,0.009754686576325892,218363.89284960937,3.1588985919952393,1.4996485333540477e-05
841,0.8802865335585437,-0.016209061054925655,109388.31030859375,0.4281730055809021,4.882031589659164e-06
842,0.6335199596821197,-0.019023335690290192,104595.54059863281,0.2322959303855896,3.486711420919164e-06
843,0.7549271157223193,-0.0256648332115143,132240.02174609376,0.485953688621521,4.291133791411994e-06
844,0.8010152983280495,-0.012646296735202105,160804.49584375,0.2297397255897522,1.9267085917817894e-06
845,0.9155746334297566,0.02402718051156174,156074.9799423828,0.6337466835975647,4.842558155360166e-06
846,0.8804409190410305,0.017506067843201984,150550.95576757813,0.38483330607414246,3.4276483802386792e-06
847,0.8622970759610044,0.014102157742912923,188439.8548125,0.49618202447891235,2.3411025722452905e-06
848,0.9906172234018865,0.005164929821938104,266086.9031152344,0.7235260009765625,2.6758086733025266e-06
849,0.7274330054972414,0.05637933527664554,258871.06706054686,1.221676230430603,6.5986996560241096e-06
850,0.8200884544587633,-0.03329718157824125,204771.11414453125,1.1403874158859253,8.049704774748534e-06
851,0.895455880954395,0.022082216707041434,272849.70373828127,0.8053204417228699,3.7582733511953847e-06
852,0.9892121043038742,-0.0028813852394836536,117899.27516894531,0.4095611274242401,3.532295067998348e-06
853,0.9964441254800623,0.0022287143293542324,118209.98667578126,0.4597935974597931,4.017445462523028e-06
854,0.9894819727428019,0.002847397796615817,134306.5859609375,0.3489941656589508,2.9128614187357016e-06
855,0.9879720874663294,0.0029871580350849494,154457.700546875,0.37259209156036377,2.6465256723895436e-06
856,0.9964398141379706,0.0018304692772700415,165909.47625195314,0.30178555846214294,2.029701363426284e-06
857,0.9825409403489446,0.004393231572454801,236901.15244921876,0.36607030034065247,1.5948745613059145e-06
858,0.9838024323402048,0.0011227908463721907,332185.10265625,0.6574450135231018,1.9882479591615265e-06
859,0.9420583515289718,-0.03227090183133099,269645.57295898435,2.1190919876098633,8.996659744298086e-06
860,0.9830921026606746,-0.0011020324583341124,224607.17378320312,2.7539620399475098,1.2475265066314023e-05
861,0.45502805265821894,0.0336605002132791,199598.85745898436,0.5636852979660034,4.509372502070619e-06
862,0.9057102969810126,-0.01353967804821504,112399.44183398437,0.5327358245849609,5.431687441159738e-06
863,0.9215583220243916,-0.015275294399876982,120499.39110742188,0.5017598271369934,5.140177108842181e-06
864,0.9031456620987731,-0.01290423079750736,144945.6077109375,0.4259488582611084,3.2629777706461027e-06
865,0.904597631319267,-0.014202598372779755,144058.4449375,0.3825940191745758,2.820547024384723e-06
866,0.7648850342270129,0.013863746478227355,150402.81193164064,0.31510382890701294,2.0403970211191336e-06
867,0.899577165996949,-0.004668462800228718,155170.8033730469,0.13814212381839752,1.0406512274130364e-06
868,0.9645806168791204,0.024408502381486948,245188.6261171875,1.408959150314331,6.7990699790243525e-06
869,0.8208770804717068,-0.06199515028925088,273809.72969140625,2.4510385990142822,8.242540388891939e-06
870,0.9838203366883337,-0.0026760241707947047,422138.03033984377,2.6968698501586914,7.166478553699562e-06
871,0.9637651034052055,-0.032885355878333085,280201.24400585936,4.24063777923584,1.4572458894690499e-05
872,0.322155773800624,0.11020716991881871,247543.27738867188,1.2866172790527344,1.5829857147764415e-05
873,0.9142757819855509,0.0166545481618269,119035.750328125,0.604600727558136,6.410227797459811e-06
874,0.9082123341072668,0.007678078770295534,109959.96752246094,0.31522485613822937,3.2427237783849705e-06
875,0.9432287619152865,0.0055885049426328505,136594.48775,0.18360856175422668,1.623492494218226e-06
876,0.9910209864543225,0.0037451835784754954,144635.32775878906,0.4675223231315613,3.4582428725116188e-06
877,0.8780262562725621,-0.015292115601690212,160215.61031103515,0.3967011272907257,3.104793904640246e-06
878,0.9890171448351193,-0.0002526370776598017,198809.36216699218,0.19707290828227997,9.829947202888434e-07
879,0.9897011307785254,-0.009560463771141588,357698.830265625,1.5082730054855347,3.955966349167284e-06
880,0.9577721776538204,-0.0033090176396319802,207004.6148828125,0.45658135414123535,3.193624252162408e-06
881,0.9753920882707657,0.009445449336021518,252344.5712421875,1.441475510597229,5.484470420924481e-06
882,0.7624537877216778,0.014730551891951167,138226.14520898438,0.3410036563873291,3.3727185382304015e-06
883,0.9816612058931518,-0.005726330529697402,107927.63132421875,0.47258874773979187,4.364384494692786e-06
884,0.9075419155115572,-0.005812045463443459,133001.9874013672,0.190147265791893,1.5809259821253363e-06
885,0.9925882751566576,-0.0022981925351501773,145566.90093164062,0.29513633251190186,2.1901680611335905e-06
886,0.9910865429297098,-0.00027305989312668635,166577.67056445312,0.2686527967453003,1.6820009705043049e-06
887,0.676734520116968,0.012440481149663387,223858.15758398437,0.24852143228054047,1.4706375850437325e-06
888,0.8172301412130131,0.011883677764419431,306865.41995703126,0.31526467204093933,1.334350713477761e-06
889,0.9783895046432682,-0.006666162317888404,299859.1907734375,1.6789472103118896,5.211238203628454e-06
890,0.6776985764226873,0.02367156747167016,215660.82634667968,1.0275636911392212,6.7305709308129735e-06
891,0.9694646602198684,-0.009261788352303442,178374.14070117188,0.910592257976532,5.623057404591236e-06
892,0.9161993975576326,-0.006184905101403285,95006.87695996094,0.343932181596756,3.7146542126720306e-06
893,0.8066589785730032,-0.01779053738958433,126492.0193215332,0.333767831325531,3.7128054373170016e-06
894,0.9937905084445475,-0.00237224424140154,122416.87546875,0.3010425269603729,2.279555701534264e-06
895,0.9165261916795373,-0.018737586978493547,133782.9863232422,0.6437675952911377,4.89689091409673e-06
896,0.6930472291170624,-0.01956918309563638,136833.7258701172,0.3285144567489624,2.6306061045033857e-06
897,0.8673304829613477,0.01750551080876184,124047.7239453125,0.4606401026248932,4.153055670030881e-06
898,0.9667907285902645,-0.007619819070276741,169088.20903320314,0.5054803490638733,3.1353488338936586e-06
899,0.9196097291626921,0.02993443675533718,211236.33641210938,1.1774544715881348,6.101544840930728e-06
900,0.9883813534845539,0.007084218881347283,227971.23019921876,0.9179472923278809,3.6634921798395226e-06
901,0.8364485211762042,0.08665709487358945,320614.73605078127,2.4081428050994873,1.0166742868022993e-05
902,0.7721684480765132,-0.043498045605325164,213739.04699609376,1.6602555513381958,1.0947315786324907e-05
903,0.4347948046764251,-0.03367736249647841,239995.5248535156,0.5263018608093262,4.573139449348673e-06
904,0.9905487189101464,0.0012683440843281582,125944.92987109374,0.4740177392959595,3.932942036044551e-06
905,0.9201932375756484,0.007220865911578302,125270.24824511718,0.2803848087787628,2.737698650889797e-06
906,0.9292540559256892,0.024524562319478863,130185.06176464843,0.8663235902786255,6.568483513547108e-06
907,0.9192376674216509,-0.025491496644768914,155229.44709375,0.8734008073806763,6.539965397678316e-06
908,0.7998344155117507,-0.019426113656036123,184060.46028515624,0.3953261971473694,3.140275794066838e-06
909,0.9804139175684392,-0.002547743115139179,265477.204640625,0.3393059968948364,1.4183299299475038e-06
910,0.9839967607114456,-0.0013959047552689952,358133.49420703127,0.6846519708633423,1.9304904981254367e-06
911,0.702698474256758,0.039898047762509534,319586.21666210936,1.1023435592651367,4.954141331836581e-06
912,0.5656921747656132,0.13116105418989366,281485.4423515625,2.141742706298828,2.091543319693301e-05
913,0.863063435095059,-0.005663264585133094,100299.10279492187,0.25979000329971313,3.2634063700243132e-06
914,0.9453792026160496,0.007168737277467465,120953.61241455078,0.36135250329971313,3.5216098694945686e-06
915,0.9830380776393304,0.0033220636213059543,131297.1230390625,0.34788331389427185,2.786000095511554e-06
916,0.9965909869774296,-1.488265072074757e-05,147409.83427441405,0.29714590311050415,2.1357709556468762e-06
917,0.9764726629530585,0.006189376457336051,147825.79253320312,0.3490714430809021,2.390744839431136e-06
918,0.9572516849088926,-0.003199247653895086,140434.83857910158,0.20800617337226868,1.6098467767733382e-06
919,0.9058001588614848,-0.0075710973563336715,147557.04513378907,0.19795264303684235,1.6155537423401256e-06
920,0.7942028205958533,0.012536768645290089,216296.10028320312,0.18931449949741364,1.4109102721704403e-06
921,0.7822451023661183,0.024769339994109664,297592.9625800781,0.5696612000465393,2.543495384088601e-06
922,0.9733189154127393,-0.013602020918252735,270419.7162929688,2.1156911849975586,8.829132639220916e-06
923,0.9937616890351454,-0.0027060547043813742,263300.7470371094,6.0706963539123535,1.832285306591075e-05
924,0.2605795272683173,-0.05290276172574157,116526.23483984375,0.7277315258979797,1.2995344150112942e-05
925,0.9320494346575011,-0.006828092907191952,111460.94383886718,0.4390859603881836,4.103055744053563e-06
926,0.9967383619147451,0.000731246142669133,111225.48424414062,0.5534364581108093,4.908298251393717e-06
927,0.5615181047801564,-0.10235972079332749,141459.8398388672,1.1383635997772217,1.3958027921034954e-05
928,0.8871107812600624,-0.008409322215230606,147427.21888085938,0.2242722362279892,1.8812643247656524e-06
929,0.810411900975396,0.009665191605294965,145664.72615722657,0.17511563003063202,1.5901316601230064e-06
930,0.9686837267637975,0.00397957398814468,147674.2753105469,0.18794360756874084,1.604558292456204e-06
931,0.40675939692232305,-0.06658148934305524,198296.8036455078,0.8720006346702576,6.238568403205136e-06
932,0.8744965165210102,0.010402708411055435,247318.824515625,0.6101819276809692,2.918210611824179e-06
933,0.9683052003815428,-0.00885576545132613,244120.73189453126,0.6608729362487793,2.7145608783030184e-06
934,0.9314566793090876,-0.08608518319294986,279139.6478476563,4.980465412139893,1.677107866271399e-05
935,0.49656541289406797,-0.13059133361053082,198604.42308984374,2.1641173362731934,1.8747048670775257e-05
936,0.9754803923699006,0.05723350067835325,186857.660546875,6.126115798950195,3.626359102781862e-05
937,0.9351458396922115,-0.06102957990304108,139269.14960546876,3.15714430809021,2.8803407985833474e-05
938,0.9688488482160793,-0.025316356339469253,119525.69031835938,1.5908262729644775,1.3908413166063838e-05
939,0.9890876583318534,-0.005897941375667861,134771.78911914062,0.8330846428871155,5.769520612375345e-06
940,0.9000109707761293,0.07293026257877061,160126.8215566406,2.481654405593872,1.8244203602080233e-05
941,0.9746210437188274,-0.013816525186285677,181013.86821289064,0.9826921224594116,5.745160706283059e-06
942,0.992752078572249,0.004868843260063413,197393.70359765625,0.8458443284034729,4.2559809116937686e-06
943,0.9726166492630792,0.007237124046508031,222682.92038085937,1.1589707136154175,5.187118404137436e-06
944,0.6804417520973367,0.03591782327338756,173469.94111816408,0.5554097294807434,7.71939357946394e-06
945,0.7885362168552805,0.036952994730132915,250483.53495507812,0.8716669082641602,6.230221515579615e-06
946,0.551401241889923,0.06373153798789156,156032.23854296876,0.8327414393424988,1.0940368156298064e-05
947,0.8106637198862144,-0.016340448366705885,123223.22338867188,0.4334149956703186,3.867466148221865e-06
948,0.8672073834297728,-0.01682071991363192,135729.01115332032,0.367830365896225,3.6770786664419575e-06
949,0.7498116350445149,0.036505980067280744,139932.05184667968,0.6342867016792297,5.7380511861993e-06
950,0.9950482288578907,-0.0018857245131410178,146379.49716796874,0.3478454351425171,2.591635848148144e-06
951,0.8823495560965615,0.010588911030363071,197088.8268154297,0.28113988041877747,1.7954388340513106e-06
952,0.884452360191596,0.035448387784367395,214677.456359375,0.8597592711448669,5.2699197112815455e-06
953,0.9921033966943643,-0.002999965775808917,324626.2617519531,1.0724780559539795,2.9778793759760447e-06
954,0.930854924599082,0.017697225392691827,280347.0454609375,1.2439978122711182,5.2087625590502284e-06
955,0.9797969294583119,-0.0006035584474356632,205087.17696679686,1.6297444105148315,7.438321972585982e-06
956,0.3775023880294585,0.03134345494770789,209686.4940703125,0.563408374786377,4.987614829587983e-06
957,0.9469817636664297,-0.008615097321871712,113061.71298144531,0.4479072093963623,4.142749730817741e-06
958,0.9801250417227262,-0.005574655317747231,125968.04381347656,0.3957044184207916,3.4079994293279015e-06
959,0.7967966513047137,-0.033580560676280805,130294.80468554687,0.5805140733718872,5.276336651149904e-06
960,0.7987650547582449,-0.032943373826067074,132747.60711523436,0.5222311019897461,5.201829935685964e-06
961,0.8566310051274619,0.02918916018567065,135442.00430566407,0.5701972246170044,5.983367373119108e-06
962,0.9954423239705522,7.863083331458042e-05,123626.34450390625,0.1330171674489975,1.1169728395543643e-06
963,0.938895560283562,-0.00272069469016395,129126.23374511719,0.143431156873703,1.1334620921843452e-06
964,0.9564306912697509,0.005615998475790304,169466.904890625,0.23873956501483917,1.5596509683746262e-06
965,0.9773661289026128,-0.009073117189145904,198650.71990234376,0.5632271766662598,3.1828922146814875e-06
966,0.9517743936652611,-0.05011676959852045,268193.0128984375,2.205146551132202,1.1189188626303803e-05
967,0.9772740254844183,0.017152590838141225,366152.59526953124,1.9996755123138428,6.300004315562546e-06
968,0.970168295484393,0.03783927557551851,395592.798765625,4.31219482421875,1.1330898814776447e-05
969,0.964362066650971,0.014683070182155557,194707.39483886719,3.324857234954834,1.7434449546271935e-05
970,0.7360617289549254,-0.034483362626025804,115600.3831669922,0.551199197769165,8.902688023226801e-06
971,0.8151831834992131,-0.011331623697698561,101958.32031054687,0.2823188006877899,3.166360784234712e-06
972,0.9498982105806602,0.004654410311187717,126907.10369921874,0.29329249262809753,2.2967985842115013e-06
973,0.9814327001813907,-0.002756851813277356,138860.70727539062,0.18623028695583344,1.2685308092841296e-06
974,0.8487385217628116,-0.014264442933887534,150092.15218359375,0.3198612332344055,2.3080726805346785e-06
975,0.6339306321387169,0.009314309321640514,179235.75714453126,0.06288674473762512,9.591823300070246e-07
976,0.9025837383785242,0.009084871955939575,235359.78390234374,0.42290136218070984,1.8287802276972798e-06
977,0.9766170240109288,0.010560346647893624,296471.14205664065,1.1312304735183716,3.265149871367612e-06
978,0.9823519639560622,0.001648161063270463,266105.3381464844,0.7756401300430298,4.056733814650215e-06
979,0.9537423736564233,0.05233585036950719,283291.81758984376,6.840303421020508,2.453602610330563e-05
980,0.8551531188393581,0.024677857129565488,111006.97296679688,1.0484538078308105,1.089416127797449e-05
981,0.9286854995851814,-0.009590964636488746,116368.40064746093,0.4667159914970398,4.3375457607908174e-06
982,0.9429561735897308,-0.01053739736819836,119561.52214257812,0.46673348546028137,4.1270177462138236e-06
983,0.9977181801342989,0.00106934556789674,108013.56763964843,0.38238823413848877,3.6449680465011625e-06
984,0.992951618389547,-0.0025050020848499913,120469.33951757812,0.4858528673648834,4.193799668428255e-06
985,0.8737261251799249,-0.03105373182520148,118474.99828320312,0.5958686470985413,6.828429377492284e-06
986,0.8981450199444029,-0.01431786454674846,128701.34577978516,0.4059675633907318,3.928510977857513e-06
987,0.7857808783014197,0.02626366848195613,153533.79133984374,0.45006948709487915,4.7907910811773036e-06
988,0.6641451416678077,-0.054834487859439916,187230.52234375,1.042695164680481,7.787717549945228e-06
989,0.9950281585940567,-0.0009309631809618053,225839.60867382813,0.2504042685031891,1.1061690656788414e-06
990,0.8559768565039204,-0.04681386633636717,231354.3159453125,1.1297060251235962,6.262194347073091e-06
991,0.918023204425566,0.01648445521838042,305204.6296796875,0.7280070185661316,3.2289565297105582e-06
992,0.9900910436784156,-0.0012284695507746672,279222.5352304687,0.898075520992279,3.0398243779927725e-06
993,0.6017826964867763,-0.05658591741731159,255949.0127734375,1.4437705278396606,8.829402759147342e-06
994,0.9723005139987894,-0.00928167225203447,117919.66322265625,1.0682991743087769,8.850317499309313e-06
995,0.518046119090009,-0.02299221997493738,108723.41485351563,0.4516478478908539,6.736569957865868e-06
996,0.6965793311538934,0.07827594245309581,117418.65190234374,1.68429434299469,2.395123192400206e-05
997,0.8898821327417566,0.010039208777260797,127009.19872265625,0.3580680787563324,3.1429435694008134e-06
998,0.9787028683446317,-0.0071695011192401325,140791.32575976563,0.3584745228290558,3.0645669539808296e-06
999,0.9533758536050412,-0.008441425115967035,165756.76067773436,0.3862802982330322,2.5871531761367805e-06
